cod_ine,pct_agua_caneria,pct_agua_pileta,pct_agua_pozo,pct_agua_pozo_bomba,pct_agua_carro,pct_alcantarillado,pct_camara_septica,pct_pozo_ciego,pct_desague_superficie,pct_sin_desague,pct_electricidad,pct_elec_red,pct_panel_solar,pct_sin_energia,pct_gas_garrafa,pct_gas_red,pct_lena_guano,pct_basura_formal,pct_basura_carro,pct_basura_quema,pct_basura_entierra,pct_basura_informal,pct_viv_propia,pct_viv_alquilada,pct_viv_anticretico,pct_viv_prestada,pct_pared_ladrillo,pct_pared_adobe,pct_pared_madera,pct_revoque,pct_techo_calamina,pct_techo_teja,pct_techo_losa,pct_techo_paja,pct_piso_tierra,pct_piso_cemento,pct_piso_ceramica,pct_hogar_unipersonal,pct_hogar_extendido,pct_hogar_monoparental,pct_radio,pct_televisor,pct_internet,pct_celular,pct_menor20,pct_60_mas,pct_edu_superior,pct_edu_ninguno,pct_salud_publica,pct_salud_privada,pct_salud_tradic,pct_sin_seguro,pct_sus,pct_nacido_otro_municipio,pct_nacido_extranjero,pct_catocu_asalariado,pct_catocu_cuenta_propia,pct_rama_agricultura,pct_rama_comercio,pct_rama_manufactura,pct_rama_construccion,pct_rama_transporte,pct_rama_alojamiento
010101,91.95593536514659,3.930020923138975,1.2327005974438479,1.0738864100431067,1.0688446898081625,91.78325644709975,0.7676019057702488,1.3562227431999798,1.728049610527112,4.146814893241574,99.3042426075777,98.71058004991303,0.054198492525649754,0.6957573924222945,49.25760669540447,47.96944717537624,0.8583528699992438,92.07819708084398,48.91855100960448,5.237086894048249,0.20040837933903047,2.252388514961305,58.10204441755527,22.920920618114902,8.011293453326275,9.637248229095768,87.61879553303586,11.798885779828078,0.0403337618795533,86.47684589982101,29.70581562429101,33.382490105624036,34.925256497516955,0.2634298822758325,2.625475812347173,37.96037207895334,53.05276160225869,22.147016562050972,26.608938969976556,17.917013284932818,69.3186115102473,84.77904661070357,89.63044190677859,94.16042753787592,34.40340998458586,10.322359935826858,57.1714644774086,4.013835547255793,24.604813110042898,11.089134928943936,7.175075934310008,19.269273654029945,58.32231602421153,34.87468904611807,1.6041067664355688,46.33943863819078,42.982103533852985,5.720681613128373,23.10998757298742,8.69124831894864,9.017244607868172,6.561632875406431,7.549835725107672
010102,68.06981519507187,10.369609856262834,14.8870636550308,13.039014373716633,1.4373716632443532,56.57084188911704,4.825462012320329,26.386036960985628,0.8213552361396304,10.574948665297741,97.74127310061601,96.81724845995893,0.3080082135523614,2.2587268993839835,49.48665297741273,37.885010266940455,10.369609856262834,51.950718685831625,41.37577002053388,36.550308008213555,3.7987679671457903,5.852156057494867,80.28747433264887,8.213552361396303,0.3080082135523614,9.958932238193018,68.17248459958932,30.80082135523614,0.0,88.50102669404518,36.85831622176591,46.303901437371664,14.06570841889117,0.8213552361396304,5.646817248459959,64.98973305954826,27.310061601642712,24.94866529774127,25.256673511293634,13.24435318275154,72.07392197125257,69.91786447638604,80.08213552361396,88.50102669404518,33.38577721837634,16.614222781623663,31.867103416003744,9.639681796911558,29.759414225941423,8.410041841004183,11.380753138075313,9.624639076034649,79.91658646134103,32.82732447817837,3.1625553447185326,29.66706302021403,55.053507728894175,32.76255707762557,16.72374429223744,9.018264840182649,11.015981735159817,6.050228310502283,5.422374429223744
010103,81.44796380090497,13.800904977375566,0.22624434389140272,0.22624434389140272,0.22624434389140272,42.081447963800905,2.7149321266968327,13.574660633484163,0.45248868778280543,39.14027149321267,93.89140271493213,92.08144796380091,1.1312217194570136,6.108597285067873,59.04977375565611,0.22624434389140272,38.68778280542986,47.737556561085974,16.289592760180994,44.57013574660633,0.9049773755656109,6.108597285067873,80.09049773755656,13.122171945701357,0.22624434389140272,5.656108597285068,37.55656108597285,61.53846153846154,0.0,82.8054298642534,53.16742081447964,41.1764705882353,5.203619909502263,0.45248868778280543,16.968325791855204,63.34841628959276,15.610859728506787,41.8552036199095,18.32579185520362,22.398190045248867,36.425339366515836,43.89140271493213,65.38461538461539,81.90045248868778,46.2780269058296,10.582959641255606,21.88006482982172,10.372771474878444,34.421265141318976,4.27321668909825,15.37685060565276,4.036697247706422,86.5137614678899,22.854561878952122,0.09033423667570009,29.321663019693656,54.48577680525164,48.82226980728051,7.28051391862955,4.282655246252677,5.995717344753747,1.9271948608137044,5.353319057815845
010201,92.51497005988024,4.491017964071856,0.0,0.0,0.0,87.42514970059881,2.9940119760479043,3.2934131736526946,0.8982035928143712,5.089820359281437,98.80239520958084,98.50299401197604,0.2994011976047904,1.1976047904191616,90.41916167664671,0.8982035928143712,6.287425149700598,94.61077844311377,76.94610778443113,4.790419161676646,0.0,0.5988023952095808,70.35928143712574,18.862275449101798,2.095808383233533,6.586826347305389,44.31137724550898,54.790419161676645,0.0,91.91616766467065,37.4251497005988,49.40119760479042,11.676646706586826,0.2994011976047904,3.2934131736526946,65.26946107784431,29.04191616766467,28.74251497005988,23.353293413173652,12.275449101796408,55.38922155688623,72.75449101796407,76.64670658682634,89.52095808383234,37.585199610516064,14.021421616358325,37.674418604651166,9.922480620155039,28.98683807774717,7.2237526782981325,9.856137128864402,6.096361848574238,71.09144542772862,24.951076320939336,0.29354207436399216,29.78723404255319,54.35203094777563,29.37956204379562,16.970802919708028,2.18978102189781,7.846715328467154,5.656934306569343,5.474452554744525
010202,82.17898832684826,12.373540856031129,0.23346303501945526,0.0,0.0,55.4863813229572,2.178988326848249,6.070038910505836,2.568093385214008,30.505836575875488,95.7976653696498,94.86381322957199,0.311284046692607,4.202334630350195,63.42412451361868,6.303501945525292,28.326848249027236,37.66536964980545,28.09338521400778,46.22568093385214,4.046692607003891,11.673151750972762,75.09727626459144,15.019455252918288,0.23346303501945526,8.638132295719844,33.0739299610895,65.99221789883268,0.07782101167315175,74.70817120622569,47.00389105058366,46.9260700389105,2.3346303501945527,2.9571984435797667,33.0739299610895,56.49805447470817,8.638132295719844,17.7431906614786,34.007782101167315,9.961089494163424,50.73929961089494,46.536964980544745,64.04669260700389,80.23346303501945,41.77050399851218,10.693695369164962,21.45361810647115,19.859738603761556,35.300629627067046,3.584030997024839,12.461080744482114,6.367833782223932,85.97537514428626,15.192743764172336,0.35903250188964475,27.19683655536028,42.48681898066784,59.05797101449275,5.797101449275362,6.159420289855072,9.541062801932368,1.8115942028985508,2.13365539452496
010301,94.40820130475304,4.846225535880708,0.0,0.0,0.0,84.62255358807083,1.3979496738117427,4.100652376514446,1.30475302889096,8.387698042870456,98.97483690587138,98.69524697110904,0.27958993476234856,1.0251630941286114,89.93476234855545,0.65237651444548,6.989748369058714,88.0708294501398,72.22739981360671,9.692451071761417,0.4659832246039143,1.7707362534948743,69.15191053122088,21.808014911463186,0.9319664492078286,6.244175209692451,49.02143522833178,50.60577819198509,0.0,89.37558247903075,50.04659832246039,36.81267474370922,11.74277726001864,0.7455731593662628,8.387698042870456,63.00093196644921,26.001863932898416,16.02982292637465,31.780055917986953,15.65703634669152,58.80708294501398,73.81174277726002,78.37837837837837,90.40074557315937,35.834535834535835,11.327561327561327,33.95383469843634,8.749069247952345,28.045607591062137,5.869299051117233,13.7894092439547,8.98159509202454,75.36196319018404,29.37046004842615,0.6779661016949152,37.09428129829985,50.23183925811438,27.32919254658385,17.821309125656953,8.504538939321549,12.6134734830387,3.440038222646918,4.586717630195891
010302,85.41996830427892,9.508716323296355,0.0,0.0,0.0,70.68145800316957,2.218700475435816,11.09350237717908,0.15847860538827258,15.530903328050712,94.61172741679873,93.34389857369256,0.6339144215530903,5.3882725832012675,41.20443740095087,32.17115689381934,25.198098256735342,59.746434231378764,45.95879556259905,28.050713153724246,3.3280507131537242,8.874801901743265,78.92234548335975,13.153724247226624,0.6339144215530903,6.497622820919176,28.84310618066561,70.5229793977813,0.0,80.03169572107765,26.782884310618066,61.014263074484944,4.120443740095087,6.022187004754358,25.515055467511885,51.82250396196513,20.126782884310618,15.37242472266244,30.903328050713153,15.847860538827259,53.09033280507131,52.456418383518226,62.282091917591124,81.29952456418384,38.687872763419485,10.894632206759443,20.615183246073297,15.31413612565445,33.304485792586185,4.0530794749747585,15.736333477571037,8.278418451400329,85.37891268533772,15.201612903225806,0.8467741935483871,29.16274694261524,53.998118532455315,41.364785172704295,10.867733782645324,7.0766638584667225,16.680707666385846,2.443133951137321,5.054759898904802
010303,82.77777777777777,14.88888888888889,1.1111111111111112,0.8888888888888888,0.0,75.22222222222223,2.2222222222222223,15.666666666666666,0.4444444444444444,5.666666666666667,98.77777777777777,98.33333333333333,0.0,1.2222222222222223,94.11111111111111,0.3333333333333333,4.333333333333333,85.11111111111111,74.33333333333333,12.666666666666666,0.5555555555555556,1.3333333333333333,70.11111111111111,17.555555555555557,0.6666666666666666,10.777777777777779,38.0,61.55555555555556,0.0,88.11111111111111,16.444444444444443,71.11111111111111,9.666666666666666,1.3333333333333333,16.444444444444443,62.44444444444444,13.222222222222221,24.333333333333332,21.0,15.333333333333334,71.33333333333333,74.33333333333333,76.44444444444444,89.11111111111111,39.12737508796622,11.505981703026038,26.345609065155806,9.51841359773371,27.48146622734761,6.342668863261944,13.82825370675453,8.413205537806176,81.29215477458288,20.480225988700564,0.3531073446327684,23.613086770981507,61.948790896159316,53.172413793103445,11.448275862068966,5.655172413793103,6.0,2.896551724137931,3.5172413793103448
010304,90.42145593869732,7.662835249042145,0.0,0.0,0.0,77.39463601532567,0.0,10.344827586206897,0.0,10.727969348659004,98.08429118773947,97.70114942528735,0.3831417624521073,1.9157088122605364,47.509578544061306,36.015325670498086,12.64367816091954,76.24521072796935,60.53639846743295,16.47509578544061,0.0,7.2796934865900385,68.5823754789272,21.0727969348659,2.2988505747126435,6.896551724137931,34.86590038314176,65.13409961685824,0.0,92.33716475095785,9.96168582375479,83.52490421455938,5.363984674329502,1.1494252873563218,6.130268199233717,65.13409961685824,27.203065134099617,32.95019157088122,21.455938697318008,18.39080459770115,48.65900383141762,62.452107279693486,81.22605363984674,90.03831417624521,31.636863823933975,12.65474552957359,31.504065040650406,8.94308943089431,30.691708657810352,6.8254695373339445,13.925790196976637,10.656934306569344,76.4963503649635,33.70473537604457,1.8105849582172702,35.01483679525222,52.52225519287834,32.76836158192091,10.451977401129943,7.062146892655368,11.864406779661017,5.084745762711864,4.519774011299435
010401,93.83921863260706,4.658151765589782,0.3756574004507889,0.3005259203606311,0.07513148009015777,88.50488354620586,1.2021036814425243,5.033809166040571,0.0,5.033809166040571,99.39894815927873,99.17355371900827,0.07513148009015777,0.6010518407212622,94.1397445529677,0.15026296018031554,2.8549962434259957,97.145003756574,82.49436513899323,1.7280240420736288,0.3005259203606311,0.8264462809917356,62.2839969947408,25.469571750563485,3.1555221637866264,7.212622088655147,62.2839969947408,37.265214124718256,0.0,91.73553719008264,16.829451540195343,66.41622839969948,15.627347858752817,0.3005259203606311,4.658151765589782,34.710743801652896,49.88730277986476,31.40495867768595,21.036814425244177,16.22839969947408,64.08715251690458,74.68069120961682,82.87002253944402,91.20961682945153,33.60896238997066,14.21712456655108,42.71536323938071,6.192933703850734,27.29958152129318,6.7038647739394435,13.046689094937229,7.106048277732574,75.42717656631407,30.550335570469798,0.697986577181208,34.48275862068966,52.28942905596382,27.062706270627064,16.611661166116612,6.16061606160616,8.690869086908691,4.785478547854786,6.82068206820682
010402,83.18840579710145,9.420289855072463,0.0,0.0,0.0,72.17391304347827,3.7681159420289854,12.898550724637682,1.0144927536231885,10.0,98.55072463768116,98.55072463768116,0.0,1.4492753623188406,79.71014492753623,0.43478260869565216,18.405797101449274,79.42028985507247,64.6376811594203,15.797101449275363,0.8695652173913043,3.6231884057971016,66.08695652173913,19.855072463768117,0.8695652173913043,11.73913043478261,45.79710144927536,53.91304347826087,0.0,87.82608695652173,51.44927536231884,38.26086956521739,9.27536231884058,0.43478260869565216,11.44927536231884,59.27536231884058,27.536231884057973,23.18840579710145,27.681159420289855,15.36231884057971,57.391304347826086,73.91304347826087,80.57971014492753,88.84057971014492,36.412593206296606,10.149130074565038,30.739795918367346,9.311224489795919,27.559443144018726,6.48022668473574,14.956264629789331,7.824267782426778,79.1213389121339,35.42880932556203,2.0815986677768525,40.11774600504626,44.659377628259044,31.69129720853859,15.517241379310345,9.35960591133005,10.50903119868637,1.9704433497536946,5.829228243021347
010403,90.02932551319648,5.131964809384164,0.5865102639296188,0.1466275659824047,0.0,84.75073313782991,0.8797653958944281,3.372434017595308,0.1466275659824047,10.703812316715542,97.80058651026393,97.21407624633432,0.0,2.19941348973607,38.41642228739003,47.800586510263926,11.143695014662757,87.09677419354838,75.366568914956,9.67741935483871,0.4398826979472141,2.346041055718475,72.58064516129032,19.501466275659823,1.466275659824047,5.131964809384164,43.25513196480939,56.3049853372434,0.1466275659824047,84.1642228739003,36.510263929618766,42.22873900293255,19.501466275659823,0.7331378299120235,8.357771260997067,57.77126099706745,26.099706744868037,28.73900293255132,30.058651026392962,19.501466275659823,39.73607038123167,66.56891495601172,79.17888563049853,89.29618768328446,37.34206832007487,14.131960692559662,30.547337278106507,16.420118343195266,27.038155366456216,6.231128191051331,15.673895141367005,11.899095668729176,78.0580675868634,37.26972130373169,0.42512990080302315,36.063708759954494,47.32650739476678,31.556503198294244,14.072494669509595,5.756929637526652,9.701492537313433,3.091684434968017,7.036247334754798
010404,94.24603174603175,4.563492063492063,0.0,0.0,0.0,90.27777777777777,0.0,0.7936507936507936,0.0,8.928571428571429,99.60317460317461,99.60317460317461,0.0,0.3968253968253968,85.71428571428571,0.1984126984126984,12.896825396825397,94.44444444444444,79.16666666666667,4.761904761904762,0.1984126984126984,0.5952380952380952,68.05555555555556,23.61111111111111,0.1984126984126984,8.134920634920634,46.03174603174603,53.76984126984127,0.0,93.65079365079364,25.0,65.27777777777777,8.928571428571429,0.3968253968253968,9.722222222222221,53.76984126984127,32.73809523809524,28.373015873015873,25.396825396825395,20.238095238095237,56.94444444444444,71.62698412698413,78.76984126984127,92.85714285714286,33.88853299167201,12.812299807815503,47.0703125,7.12890625,25.825278132409267,7.222323545504286,17.80047419296006,8.666666666666666,76.4,42.159383033419026,0.8354755784061697,42.50720461095101,46.54178674351585,27.29766803840878,14.40329218106996,3.017832647462277,9.739368998628258,3.5665294924554183,5.761316872427984
010405,84.02777777777777,4.861111111111111,0.6944444444444444,0.3472222222222222,0.0,73.26388888888889,1.0416666666666667,14.23611111111111,0.0,11.11111111111111,97.22222222222223,96.875,0.3472222222222222,2.7777777777777777,37.84722222222222,45.833333333333336,13.541666666666666,76.38888888888889,65.27777777777777,18.75,1.0416666666666667,1.7361111111111112,64.23611111111111,25.34722222222222,1.0416666666666667,7.291666666666667,46.18055555555556,52.77777777777778,0.3472222222222222,90.97222222222223,34.375,54.166666666666664,6.597222222222222,4.513888888888889,7.986111111111111,59.02777777777778,23.61111111111111,25.0,33.333333333333336,13.194444444444445,41.666666666666664,62.15277777777778,71.52777777777777,89.23611111111111,30.383480825958703,10.521140609636184,43.27323162274619,6.51872399445215,27.698388567953785,7.874733961690484,14.53329279416236,12.784935579781962,67.69078295341923,43.645320197044335,1.6748768472906403,35.437881873727086,49.69450101832994,34.78260869565217,12.450592885375494,6.324110671936759,10.079051383399209,4.545454545454546,2.964426877470356
010501,92.6917510853835,5.547515677761698,0.2894356005788712,0.0964785335262904,0.0,81.50024119633382,1.4230583695127834,13.796430294259528,0.1929570670525808,2.725518572117704,98.84225759768451,98.2392667631452,0.0723589001447178,1.1577424023154848,48.69753979739508,46.02026049204052,2.5566811384466956,88.95320791123974,75.06029908345393,9.286058851905452,0.5065123010130246,0.964785335262904,58.49011095031356,26.386878919440424,5.330438977327544,8.562469850458273,78.14761215629522,20.815243608297155,0.4100337674867342,92.37819585142306,47.03328509406657,35.02170767004341,16.208393632416787,0.0723589001447178,4.968644476603956,52.00192957067053,41.22045344910757,21.70767004341534,23.83019778099373,15.67776169802219,59.430776652194886,73.46840328027014,82.77858176555716,90.5692233478051,36.26591446214836,10.825646108103987,39.71588874298675,6.601408618837293,28.995261141359144,9.812966323855616,11.496773543053035,8.832758079698776,76.21587700031378,38.154651879235985,0.8317929759704251,36.25060552236396,53.07605360891329,20.85577959058027,21.394489764506694,8.326920116977066,9.17346467600431,6.710789595197784,5.910420193935662
010502,95.11754068716094,3.2549728752260396,0.18083182640144665,0.18083182640144665,0.0,85.53345388788426,1.9891500904159132,7.594936708860759,0.18083182640144665,4.701627486437613,98.91500904159132,98.37251356238698,0.0,1.0849909584086799,87.34177215189874,0.18083182640144665,8.318264014466546,88.96925858951175,77.9385171790235,8.1374321880651,0.7233273056057866,1.6274864376130198,63.833634719710666,24.412296564195298,1.9891500904159132,9.041591320072333,44.84629294755877,54.06871609403255,0.18083182640144665,92.2242314647378,31.103074141048825,61.844484629294755,5.967450271247739,0.7233273056057866,11.030741410488245,61.482820976491865,24.050632911392405,23.508137432188065,23.688969258589513,13.381555153707053,42.857142857142854,66.72694394213381,76.85352622061482,86.98010849909583,35.73127229488704,14.684898929845422,32.93023255813954,8.55813953488372,31.9000819000819,7.4324324324324325,14.086814086814087,4.007285974499089,82.7565270188221,40.99639855942377,0.24009603841536614,31.73076923076923,55.16826923076923,33.1447963800905,19.11764705882353,5.542986425339366,5.203619909502263,3.167420814479638,4.97737556561086
010601,74.13479052823315,18.48816029143898,1.0018214936247722,0.546448087431694,0.6375227686703097,74.77231329690346,0.9107468123861566,7.832422586520948,1.2750455373406193,14.754098360655737,97.72313296903461,96.81238615664846,0.0,2.276867030965392,47.17668488160292,44.080145719489984,8.014571948998178,72.95081967213115,59.47176684881603,17.85063752276867,1.9125683060109289,6.557377049180328,76.86703096539162,15.846994535519126,0.18214936247723132,5.46448087431694,30.87431693989071,68.39708561020036,0.0,80.7832422586521,22.49544626593807,68.0327868852459,5.555555555555555,2.73224043715847,17.941712204007285,60.837887067395265,8.83424408014572,29.23497267759563,24.863387978142075,13.934426229508198,62.021857923497265,67.85063752276866,72.95081967213115,85.88342440801458,35.74851987595151,17.62052438680575,22.449869224062773,19.442022667829118,27.770665691294806,4.901243599122165,14.584857351865399,11.97429906542056,81.33761682242991,25.113895216400913,0.5979498861047836,22.531214528944382,61.69125993189557,41.14832535885167,15.523657628920787,10.473152578415736,9.250398724082935,2.126528442317916,4.784688995215311
010602,72.04030226700252,9.94962216624685,12.846347607052897,11.838790931989925,0.3778337531486146,75.44080604534005,1.385390428211587,8.312342569269521,0.5037783375314862,13.602015113350125,95.088161209068,93.82871536523929,0.12594458438287154,4.91183879093199,50.8816120906801,38.16120906801007,8.312342569269521,44.7103274559194,36.523929471032744,45.96977329974811,2.8967254408060454,5.289672544080605,82.87153652392946,7.430730478589421,0.2518891687657431,7.934508816120907,48.11083123425693,51.00755667506297,0.0,83.87909319899245,31.360201511335013,53.40050377833753,9.319899244332493,0.6297229219143576,19.395465994962215,61.9647355163728,11.083123425692696,28.589420654911837,19.64735516372796,13.224181360201511,63.727959697733,56.80100755667506,67.88413098236776,87.90931989924434,31.10720562390158,18.54130052724077,16.423589093214964,13.06277742549144,31.688070555469597,5.94151322915055,10.645211202228067,10.554561717352415,81.97674418604652,26.931567328918323,1.0596026490066226,24.8068669527897,60.08583690987125,47.295081967213115,10.573770491803279,5.409836065573771,12.131147540983607,6.147540983606557,2.540983606557377
010701,94.42275515895147,3.4021193530395983,0.8923591745677635,0.44617958728388174,0.0,73.89849414389292,0.8923591745677635,20.52426101505856,0.5577244841048522,3.84829894032348,98.1037367540435,97.43446737311768,0.16731734523145567,1.8962632459564974,46.56999442275516,47.74121583937535,3.4578918014500837,89.29168990518684,69.65978806469604,9.202453987730062,0.39040713887339656,1.1154489682097044,60.45733407696598,25.599553820412716,4.182933630786391,8.923591745677635,72.72727272727273,26.770775237032908,0.0,92.52649191299498,41.55047406581149,25.488008923591746,28.276631344116005,3.84829894032348,4.5175683212493025,49.35861684327942,44.50641383156721,25.20914668153932,20.580033463469046,21.02621305075293,74.90239821528165,80.59118795315115,83.88176240936977,91.96876742889013,35.92673195502358,12.767500906782734,42.772612003381234,5.156382079459003,26.578652385103997,13.034001743679163,8.064516129032258,10.447761194029852,71.36539524599226,28.331814038286236,1.2215132178669097,38.42943854324734,51.89681335356601,14.203108059269967,22.732200939645825,8.312251535959524,7.553306830502349,7.51716660643296,6.938923021322732
010702,87.43002544529261,9.720101781170483,0.8142493638676844,0.4071246819338422,0.0,61.98473282442748,1.5776081424936388,15.216284987277353,0.2544529262086514,20.25445292620865,97.70992366412214,97.09923664122137,0.3053435114503817,2.2900763358778624,93.23155216284987,0.2544529262086514,5.139949109414759,77.1501272264631,63.8676844783715,21.119592875318066,0.3053435114503817,1.1195928753180662,79.18575063613231,12.315521628498727,0.3053435114503817,7.480916030534351,43.409669211195926,56.28498727735369,0.0,86.46310432569975,29.923664122137403,28.346055979643765,17.862595419847327,22.34096692111959,20.10178117048346,57.8117048346056,20.966921119592875,26.005089058524174,21.017811704834607,19.083969465648856,52.1119592875318,74.30025445292621,81.11959287531806,91.70483460559797,42.92604501607717,9.421221864951768,28.207282913165265,8.235294117647058,29.101063829787233,6.069148936170213,11.97872340425532,7.141679036780472,79.02028698664027,18.612191958495462,3.04798962386511,32.22018348623853,50.20183486238532,32.64230498945889,15.144061841180605,5.0245959241040055,8.116654954321856,3.5137034434293746,5.411103302881237
010703,87.4820143884892,4.028776978417266,0.14388489208633093,0.14388489208633093,0.0,77.12230215827338,0.5755395683453237,3.3093525179856114,0.4316546762589928,18.27338129496403,93.23741007194245,88.48920863309353,4.172661870503597,6.762589928057554,86.33093525179856,0.14388489208633093,11.223021582733812,84.60431654676259,66.18705035971223,12.086330935251798,0.28776978417266186,1.870503597122302,73.9568345323741,14.244604316546763,2.014388489208633,8.489208633093526,47.33812949640288,49.92805755395683,0.0,86.4748201438849,57.84172661870504,21.43884892086331,10.503597122302159,7.338129496402877,18.56115107913669,45.89928057553957,31.942446043165468,14.388489208633093,37.410071942446045,14.244604316546763,65.75539568345324,67.76978417266187,70.2158273381295,83.02158273381295,31.132075471698112,10.276280323450134,26.87224669603524,9.789525208027412,30.564263322884013,4.444693237796686,11.96820420958352,9.744128987031194,78.61899754644234,27.362674854998293,1.3647219379051518,30.63186813186813,59.82142857142857,49.0170380078637,12.057667103538662,3.9318479685452163,7.404980340760157,4.062909567496724,2.8178243774574048
010704,89.57446808510639,7.340425531914893,0.851063829787234,0.425531914893617,0.0,79.57446808510639,2.872340425531915,8.404255319148936,0.3191489361702128,8.191489361702128,98.08510638297872,97.55319148936171,0.3191489361702128,1.9148936170212767,92.65957446808511,0.3191489361702128,4.042553191489362,91.38297872340425,77.76595744680851,6.382978723404255,0.10638297872340426,1.702127659574468,71.80851063829788,21.06382978723404,0.6382978723404256,5.957446808510638,65.1063829787234,34.361702127659576,0.0,84.04255319148936,33.829787234042556,17.340425531914892,38.191489361702125,8.617021276595745,14.574468085106384,50.1063829787234,34.680851063829785,23.404255319148938,22.97872340425532,21.27659574468085,54.04255319148936,69.68085106382979,79.04255319148936,89.36170212765957,39.32916803682999,7.727721144360408,24.530327428878152,9.232420826623725,29.301423027166884,5.950840879689522,11.858559724018974,17.93220338983051,74.23728813559322,34.368803701255786,4.593522802379379,22.80821917808219,63.97260273972603,45.22875816993464,19.084967320261438,4.640522875816994,5.359477124183006,4.183006535947713,4.379084967320262
010801,95.2998379254457,1.4586709886547813,2.106969205834684,1.7828200972447326,0.0,92.13938411669368,0.4862236628849271,2.2690437601296596,0.0,4.943273905996758,99.27066450567261,99.27066450567261,0.0,0.7293354943273906,84.76499189627229,0.4862236628849271,11.831442463533225,82.17179902755268,68.96272285251216,13.290113452188006,0.6482982171799028,3.8087520259319287,69.28687196110211,22.123176661264182,1.7017828200972447,6.645056726094003,50.6482982171799,49.10858995137763,0.08103727714748785,93.03079416531604,52.6742301458671,35.413290113452184,11.102106969205835,0.3241491085899514,9.076175040518638,38.41166936790924,42.54457050243112,28.687196110210696,24.959481361426256,12.641815235008103,64.0194489465154,77.63371150729336,80.95623987034035,91.3290113452188,32.25096312603192,17.583929554210236,48.36261980830671,8.186900958466454,25.877297684411555,7.225272539189942,12.660141640805284,8.979020979020978,70.54545454545455,34.12742382271468,0.6094182825484764,35.62753036437247,47.4840948525159,30.583058305830583,15.731573157315731,4.070407040704071,8.140814081408141,2.585258525852585,5.83058305830583
010901,96.14512471655328,1.5873015873015872,0.0,0.0,0.45351473922902497,65.07936507936508,4.308390022675737,24.94331065759637,0.0,5.215419501133787,98.63945578231292,98.1859410430839,0.0,1.3605442176870748,51.47392290249433,42.40362811791383,3.854875283446712,93.65079365079364,82.99319727891157,4.988662131519274,0.45351473922902497,0.22675736961451248,65.53287981859411,19.501133786848072,1.1337868480725624,12.01814058956916,73.69614512471655,25.62358276643991,0.0,83.21995464852608,52.60770975056689,15.419501133786849,26.303854875283445,4.988662131519274,8.16326530612245,57.59637188208617,32.87981859410431,15.192743764172336,34.01360544217687,16.55328798185941,59.63718820861678,74.37641723356009,84.12698412698413,91.83673469387755,31.98247535596933,11.829134720700985,40.572792362768496,3.420843277645187,29.424460431654676,8.417266187050359,10.359712230215827,18.826135105204873,67.49723145071982,44.89571899012075,4.11635565312843,36.87089715536105,51.75054704595186,22.280334728033473,17.468619246861923,7.949790794979079,10.878661087866108,5.2301255230125525,5.543933054393306
010902,92.8311057108141,3.5236938031591736,0.6075334143377886,0.3645200486026732,0.0,78.97934386391252,1.701093560145808,8.50546780072904,0.24301336573511542,10.206561360874849,96.96233292831106,94.53219927095991,2.4301336573511545,3.0376670716889427,92.8311057108141,0.0,5.467800729040097,88.69987849331713,76.54921020656136,8.869987849331713,0.48602673147023084,1.5795868772782502,73.51154313487241,13.608748481166463,1.0935601458080195,10.449574726609963,43.256379100850545,55.40704738760632,0.0,89.6719319562576,53.58444714459295,13.365735115431349,14.580801944106925,17.375455650060754,14.9453219927096,49.453219927095994,32.44228432563791,22.84325637910085,18.712029161603887,17.496962332928312,61.11786148238153,79.22235722964763,82.26002430133657,91.00850546780073,38.54770181537273,11.317110853611434,34.72308649657747,7.280647168637212,28.8681592039801,7.126865671641791,9.092039800995025,10.0942655145326,73.09505106048704,33.45029239766082,2.0662768031189085,32.436708860759495,55.221518987341774,37.05357142857143,18.303571428571427,3.869047619047619,6.622023809523809,3.125,4.836309523809524
010903,83.66533864541833,2.7888446215139444,0.0,0.0,0.796812749003984,74.10358565737052,0.398406374501992,22.310756972111555,0.0,2.7888446215139444,96.41434262948208,96.01593625498008,0.0,3.585657370517928,31.872509960159363,50.99601593625498,13.944223107569721,72.11155378486056,67.72908366533865,25.099601593625497,1.1952191235059761,0.398406374501992,63.745019920318725,27.49003984063745,0.398406374501992,7.968127490039841,45.418326693227094,54.581673306772906,0.0,94.42231075697211,58.56573705179283,21.51394422310757,12.350597609561753,7.569721115537849,5.9760956175298805,73.30677290836654,20.717131474103585,20.717131474103585,31.07569721115538,21.115537848605577,55.37848605577689,64.9402390438247,75.69721115537848,89.24302788844622,30.16949152542373,14.01129943502825,38.81789137380192,3.9936102236421727,29.394166043380704,8.93792071802543,11.144353029169784,16.38029782359679,64.14662084765177,48.467650397275825,4.767309875141884,32.35908141962422,51.774530271398746,33.40040241448692,14.285714285714286,5.231388329979879,8.048289738430583,4.0241448692152915,4.627766599597585
011001,90.26028547439127,8.732157850545759,0.0,0.0,0.0,73.97145256087322,2.434928631402183,17.632241813602015,0.41981528127623846,5.289672544080605,98.90848026868179,98.57262804366079,0.08396305625524769,1.0915197313182199,54.743912678421495,35.43240973971452,4.282115869017632,90.17632241813602,76.0705289672544,7.472712006717044,1.5113350125944585,0.33585222502099077,46.68345927791771,41.22586062132662,4.617968094038623,6.54911838790932,70.36104114189756,28.631402183039462,0.0,91.60369437447523,48.27875734676742,37.36356003358522,13.602015113350125,0.41981528127623846,7.136859781696054,49.03442485306465,39.126784214945424,33.165407220822836,20.65491183879093,11.25104953820319,51.80520570948782,65.57514693534844,83.1234256926952,91.26784214945424,31.78129829984544,7.515455950540958,51.55006858710563,3.7037037037037037,32.634171829514074,7.113532880495633,10.554601776517131,7.73678963110668,69.01296111665005,42.14439444335746,0.3130502837018196,45.80118020880617,43.16840671811167,23.607540702656383,13.624678663239074,5.484147386461011,12.596401028277635,5.312767780634105,5.741216795201371
011002,94.52054794520548,0.684931506849315,0.0,0.0,0.0,76.02739726027397,1.36986301369863,16.438356164383563,0.0,5.47945205479452,96.57534246575342,95.20547945205479,0.0,3.4246575342465753,70.54794520547945,0.0,27.397260273972602,7.534246575342466,0.684931506849315,47.26027397260274,7.534246575342466,34.93150684931507,73.28767123287672,8.904109589041095,1.36986301369863,13.698630136986301,39.726027397260275,60.273972602739725,0.0,93.15068493150685,69.86301369863014,28.767123287671232,0.0,0.684931506849315,15.068493150684931,59.58904109589041,18.493150684931507,15.068493150684931,12.32876712328767,32.19178082191781,54.794520547945204,63.013698630136986,82.87671232876713,91.0958904109589,43.544857768052516,7.439824945295404,35.13513513513514,3.474903474903475,30.818505338078293,5.338078291814947,11.814946619217082,4.697986577181208,78.74720357941834,45.23281596452328,0.6651884700665188,37.37373737373738,46.464646464646464,33.027522935779814,10.55045871559633,7.339449541284404,12.844036697247706,3.2110091743119265,5.045871559633028
011003,82.49299719887955,4.061624649859944,9.103641456582633,8.403361344537815,0.42016806722689076,49.299719887955185,4.341736694677871,41.1764705882353,0.0,4.621848739495798,96.21848739495799,94.95798319327731,0.7002801120448179,3.7815126050420167,54.48179271708683,29.971988795518207,11.624649859943977,56.1624649859944,47.47899159663866,36.69467787114846,4.061624649859944,1.9607843137254901,75.07002801120449,11.204481792717086,1.1204481792717087,11.204481792717086,68.20728291316527,24.089635854341736,1.2605042016806722,88.0952380952381,89.2156862745098,8.823529411764707,1.4005602240896358,0.0,17.086834733893557,48.03921568627451,28.431372549019606,25.07002801120448,19.747899159663866,19.467787114845937,48.87955182072829,67.22689075630252,78.57142857142857,87.11484593837535,37.48837209302326,11.069767441860465,29.185185185185187,3.4814814814814814,36.830145805718615,7.51751562204128,9.638326074607082,8.345187292555714,73.96870554765292,53.29901731399158,0.7019185774450164,40.497737556561084,46.26696832579186,28.361344537815125,15.336134453781513,5.987394957983193,8.61344537815126,4.0966386554621845,5.987394957983193
020101,94.71592816381336,2.360271903323263,0.30463242698892246,0.14770057066129574,0.24546827794561935,95.78843571668345,0.9755790533736153,0.49555219872440415,0.6470292044310171,1.995636119503189,99.54053373615307,99.04162470627728,0.050352467270896276,0.4594662638469285,46.00579053373615,50.8031218529708,0.18126888217522658,99.27408526351124,9.595921450151057,0.16448472641826117,0.03314870762000671,0.3188989593823431,58.54817052702249,19.45115810674723,10.35414568647197,9.857334676065793,86.51309164149043,12.919603893924135,0.05832494125545485,93.77517623363545,67.51468613628734,8.656847935548841,22.798757972473986,0.07594830480026854,1.6377139979859012,33.48355152735817,9.30303793219201,23.021987244041625,22.48363544813696,19.471718697549512,81.44847264182611,94.23548170527023,90.66507217186975,96.02341389728096,27.536133334258494,14.531602356386042,61.089516967577275,1.4929577464788732,19.99151697964176,13.528956618720475,8.009905588617842,22.27224721134062,46.87907183541685,18.05877194327756,2.0046092908021924,52.221127513645406,38.98772931204351,2.7608269684488342,21.46732248303808,8.925234267738366,5.3974220551578895,5.640553978219432,7.182788819130644
020102,66.96230598669624,15.594974131559498,0.7390983000739099,0.29563932002956395,0.0,32.963784183296376,1.9955654101995566,20.029563932002958,3.104212860310421,41.537324464153734,91.50036954915004,89.94826311899483,1.0347376201034737,8.499630450849963,78.41832963784184,0.6651884700665188,18.8470066518847,30.376940133037692,4.50849963045085,38.72875092387287,3.252032520325203,26.755358462675535,87.28750923872875,2.8085735402808574,0.36954915003695493,8.203991130820398,45.602365114560236,51.81079083518108,0.5173688100517368,85.73540280857354,93.4959349593496,1.5521064301552105,3.3998521803399853,0.5912786400591279,29.859571322985957,46.93274205469327,5.395417590539542,28.45528455284553,17.812269031781227,19.216555801921654,58.462675535846266,67.70140428677014,54.619364375461934,84.99630450849963,34.850489547499336,13.866102143424186,11.379451494064675,5.198526401964798,29.675544794188863,4.871670702179177,14.953995157384988,18.442622950819672,72.02185792349727,18.37228041901692,0.6446414182111201,12.815533980582524,77.13592233009709,65.62216167120799,8.219800181653042,3.6330608537693005,5.5858310626703,3.7693006357856493,2.5885558583106265
020103,82.33571893298634,4.326610279765777,0.5204944697462589,0.29277813923227064,0.32530904359141183,29.765777488614184,18.184775536759922,23.68249837345478,3.4808067664281066,23.12947299934938,96.97462589459987,96.09629147690306,0.357839947950553,3.02537410540013,93.3636955107352,1.1385816525699415,2.5699414443721533,79.44046844502277,39.42745608327912,8.165256994144437,0.715679895901106,10.507482108002602,86.07677293428758,4.066363044892648,1.0084580351333767,6.506180871828237,84.8405985686402,13.760572543916721,0.3903708523096942,88.64671437865972,77.55367599219258,10.800260247234872,9.206245933636955,0.32530904359141183,7.124268054651919,52.27716330513988,24.43070917371503,24.1704619388419,21.177618737800913,14.769030579050098,79.89590110605074,87.24788549121665,77.94404684450228,93.13597918022121,30.093804537521816,16.208551483420592,35.82805010051028,3.2627184165764653,25.894266682068462,9.687728620384275,11.851680720803973,17.654225274116737,66.84018163694762,45.18502251015702,1.1639398265070824,27.620128641695043,64.09383276579645,39.45652173913044,12.46376811594203,4.782608695652174,8.605072463768115,5.398550724637682,5.307971014492754
020104,48.05911330049261,17.300492610837438,7.231527093596059,4.088669950738916,3.87192118226601,14.83743842364532,11.852216748768473,42.118226600985224,2.12807881773399,26.985221674876847,88.6896551724138,86.27586206896552,0.31527093596059114,11.310344827586206,83.66502463054188,8.354679802955665,3.8916256157635467,83.01477832512315,39.13300492610838,8.45320197044335,0.7487684729064039,6.0,84.22660098522168,6.098522167487685,1.0246305418719213,6.945812807881773,84.41379310344827,11.47783251231527,0.12807881773399016,74.76847290640394,85.64532019704434,3.0738916256157633,7.3399014778325125,0.16748768472906403,13.35960591133005,67.80295566502463,7.891625615763547,31.201970443349754,19.41871921182266,18.886699507389164,71.36945812807882,76.84729064039409,72.43349753694581,89.47783251231527,35.82656582203479,9.968282736746715,27.83926077146234,3.658536585365854,25.18389136264115,7.364264803562203,14.45177003124308,19.007590267432786,70.63914308008796,51.8288402134232,1.0636057287278855,35.34547954623582,54.26607081471296,14.352770064789105,24.533915113050377,12.032262329763322,11.457093745868042,9.771254793071533,6.987967737670236
020105,93.66774492170038,3.561761486232009,0.6441371202494888,0.31854868515070345,0.25202304814133003,87.07959493278798,1.8447664738948473,5.705717332920335,0.05279812461061383,5.0232135754538,97.88561110309362,97.20416330811929,0.10348432423680311,2.114388896906382,41.15015434651761,57.4922298759948,0.2917976353479924,94.66492550184617,78.14756019866175,0.7536052319421614,0.09116476182765988,4.093966582306996,68.76850134283231,14.08653964611177,2.7430385672700908,12.866550980109187,83.2953773481966,16.008039394440708,0.022879187331265993,84.0616541300453,86.69768849810455,3.149584126771817,9.030239245901985,0.11615587414335043,6.5078968395042605,62.917061185986675,8.06649747800958,24.763024417372694,22.823925294173552,21.33501818015424,75.90047201523402,89.40412036564462,84.7663330998483,94.33968905424479,36.17203045882398,7.483263768190981,39.07254403240626,2.837533643700798,20.83139951479461,9.900179016344728,12.935308877085827,24.45377381279623,59.32692891235511,38.07146719421277,1.0774151029791603,41.37112427572572,48.97260685826713,4.218047089981874,29.55567869117274,17.002263399607425,7.340317627281009,7.480253951557613,7.858974238567954
020201,78.06783144912642,12.846865364850977,3.2065775950668036,1.5210688591983557,0.041109969167523124,60.41109969167523,2.6927029804727645,20.822199383350462,0.328879753340185,14.306269270298047,92.84686536485097,92.14799588900308,0.10277492291880781,7.153134635149024,58.931140801644396,33.052415210688594,5.632065775950668,67.5436793422405,56.17677286742035,26.659815005138746,2.1788283658787257,3.001027749229188,89.6813977389517,3.473792394655704,0.3494347379239466,4.830421377183967,62.569373072970194,36.27954779033916,0.06166495375128469,82.32271325796506,91.46968139773895,1.7677286742034943,4.7687564234326825,0.7194244604316546,25.817060637204523,37.718396711202466,3.144912641315519,36.44398766700925,16.526207605344297,17.841726618705035,72.49743062692703,72.74409044193217,61.027749229188075,87.25590955806783,34.26181646019096,12.972461137852127,32.418952618453865,6.923168269801686,25.38778547306966,5.594985976761491,14.907561101253506,14.6193631808631,67.95700662679812,19.602997448979593,0.7573341836734694,27.092916283348664,59.03097209444955,28.409421343413783,21.430648444315207,9.668508287292818,7.269555103227683,5.0305321314335565,5.2631578947368425
020202,47.57281553398058,19.525350593311757,20.28047464940669,5.825242718446602,0.0,20.71197411003236,1.8338727076591155,30.097087378640776,0.21574973031283712,45.30744336569579,74.9730312837109,73.57065803667746,0.6472491909385113,25.026968716289105,70.22653721682848,0.21574973031283712,23.73247033441208,18.12297734627832,3.9913700107874863,56.310679611650485,6.903991370010788,16.828478964401295,92.77238403451996,1.2944983818770226,0.0,2.8047464940668823,41.53182308522114,56.09492988133765,0.43149946062567424,78.85652642934197,93.95900755124056,0.6472491909385113,1.6181229773462784,1.6181229773462784,47.46494066882416,37.32470334412082,0.5393743257820928,47.57281553398058,12.837108953613807,15.64185544768069,68.06903991370011,41.963322545846815,38.51132686084142,77.56202804746493,32.59187620889749,21.179883945841393,17.15721464465183,14.57286432160804,30.17241379310345,4.291187739463601,17.586206896551722,16.359102244389028,75.21197007481297,17.897310513447433,0.0488997555012225,14.338919925512105,69.08752327746741,53.44234079173838,14.457831325301205,7.228915662650603,7.401032702237521,2.7538726333907055,2.9259896729776247
020203,81.21212121212122,10.454545454545455,2.272727272727273,0.6060606060606061,0.0,4.696969696969697,15.909090909090908,44.09090909090909,3.0303030303030303,26.21212121212121,86.81818181818181,86.66666666666667,0.0,13.181818181818182,94.0909090909091,0.0,3.6363636363636362,72.12121212121212,2.878787878787879,22.87878787878788,2.272727272727273,2.121212121212121,89.84848484848484,3.0303030303030303,0.0,6.212121212121212,61.96969696969697,37.27272727272727,0.30303030303030304,86.96969696969697,92.12121212121212,0.9090909090909091,6.212121212121212,0.30303030303030304,20.0,48.333333333333336,5.0,46.96969696969697,15.909090909090908,15.757575757575758,80.0,64.39393939393939,63.333333333333336,88.33333333333333,28.44413982179575,20.287868403015764,37.3320537428023,5.950095969289827,24.81588931042178,6.226288774827047,16.000892657888866,14.544189283228949,65.34446764091858,28.522099447513813,2.0027624309392267,28.388746803069054,58.43989769820972,29.001203369434418,17.56919374247894,10.830324909747292,7.581227436823105,3.9711191335740073,6.979542719614922
020204,80.19323671497584,8.454106280193237,2.1739130434782608,0.966183574879227,0.0,43.23671497584541,3.864734299516908,24.63768115942029,0.0,28.019323671497585,88.16425120772946,87.43961352657004,0.0,11.83574879227053,88.40579710144928,0.0,9.178743961352657,70.04830917874396,2.898550724637681,21.980676328502415,4.106280193236715,2.1739130434782608,93.96135265700484,2.4154589371980677,0.0,2.898550724637681,47.34299516908212,51.207729468599034,0.0,78.98550724637681,91.30434782608695,2.4154589371980677,3.3816425120772946,0.4830917874396135,22.705314009661837,52.17391304347826,2.1739130434782608,58.21256038647343,14.97584541062802,10.38647342995169,73.67149758454106,55.072463768115945,57.48792270531401,85.99033816425121,23.11756935270806,29.590488771466315,48.88507718696398,8.061749571183533,24.025385312783317,7.751586582048957,15.14052583862194,15.10204081632653,53.87755102040816,37.6,1.0666666666666667,36.11738148984199,50.56433408577878,32.900432900432904,12.337662337662337,6.926406926406926,4.329004329004329,2.5974025974025974,3.2467532467532467
020205,79.81651376146789,9.319169483341382,2.4625784645098987,1.2071463061323033,0.0,8.112023177209078,18.928054080154514,48.4789956542733,0.3380009657170449,22.356349589570257,88.41139546112989,86.76967648478995,0.14485755673587639,11.588604538870111,82.42394978271366,0.24142926122646063,13.568324480927089,65.81361661033317,17.044905842588122,25.83293095123129,3.0902945436986964,4.200869145340415,89.23225494929986,2.6557218734910673,0.0,5.504587155963303,62.09560598744568,33.510381458232736,0.19314340898116852,86.5282472235635,89.85997102848866,1.4002897151134717,4.297440849830999,0.724287783679382,16.417189763399325,31.627233220666344,3.428295509415741,49.348140994688556,14.775470787059392,15.64461612747465,77.20907774022211,57.94302269435055,53.54901014002897,81.5548044422984,26.83550185873606,22.026022304832715,43.684377982818965,5.917912822144448,24.714068623530352,7.534191793969447,12.58897864512517,13.916786226685796,54.0650406504065,33.528997417234095,0.5165531814980042,36.323268206039074,52.44227353463588,31.325805102467587,17.23128398159766,5.980761187787537,4.9769970723546635,3.053115851108323,2.593057298201589
020206,71.00591715976331,18.73767258382643,0.7889546351084813,0.19723865877712032,0.0,5.128205128205129,11.834319526627219,33.53057199211045,0.19723865877712032,48.12623274161736,86.19329388560158,84.02366863905326,0.19723865877712032,13.806706114398422,88.95463510848126,0.0,6.11439842209073,61.1439842209073,44.57593688362919,32.14990138067061,3.9447731755424065,1.7751479289940828,92.70216962524655,4.930966469428008,0.0,1.5779092702169626,75.34516765285996,20.71005917159763,0.0,75.93688362919133,86.98224852071006,1.5779092702169626,5.522682445759369,1.5779092702169626,21.499013806706113,46.548323471400394,5.128205128205129,43.98422090729783,16.962524654832347,20.118343195266274,71.7948717948718,60.552268244575934,60.552268244575934,86.3905325443787,39.92537313432836,11.044776119402986,28.487690504103167,4.6893317702227435,26.76236862342989,6.639323250448603,14.252755703665727,15.303030303030303,62.72727272727273,46.42049736247174,0.8289374529012811,30.88023088023088,53.102453102453104,27.58169934640523,20.522875816993466,10.457516339869281,9.542483660130719,3.5294117647058822,7.712418300653595
020301,76.13219094247246,10.893512851897185,3.3047735618115057,1.346389228886169,0.0,50.79559363525092,3.0599755201958385,10.40391676866585,3.0599755201958385,32.43574051407589,89.35128518971848,86.53610771113831,0.24479804161566707,10.648714810281518,93.02325581395348,0.3671970624235006,2.8151774785801713,59.608323133414935,0.9791921664626683,20.8078335373317,1.7135862913096696,16.401468788249694,81.0281517747858,8.200734394124847,0.12239902080783353,7.099143206854345,37.5764993880049,58.506731946144434,0.0,84.82252141982865,96.94002447980417,0.48959608323133413,0.0,0.6119951040391677,19.094247246022032,35.74051407588739,8.078335373317014,42.22766217870257,19.583843329253366,13.953488372093023,78.58017135862913,70.50183598531211,67.07466340269278,88.49449204406365,35.88850174216028,17.023394723743156,29.61854899027674,2.9169783096484667,25.18850987432675,7.001795332136445,12.836624775583482,9.888438133874239,61.156186612576064,34.437751004016064,0.6024096385542169,37.2210953346856,51.825557809330626,15.098039215686274,26.176470588235293,10.0,6.470588235294118,7.254901960784314,4.215686274509804
020302,53.951367781155014,23.556231003039514,8.206686930091186,4.407294832826747,0.7598784194528876,4.86322188449848,4.86322188449848,38.90577507598784,0.45592705167173253,49.24012158054711,79.63525835866261,74.62006079027356,2.8875379939209727,20.364741641337385,75.98784194528875,0.0,20.972644376899694,20.060790273556233,1.21580547112462,49.69604863221885,10.182370820668693,18.085106382978722,91.79331306990882,2.2796352583586628,0.0,4.103343465045593,46.35258358662614,48.93617021276596,0.0,80.24316109422493,93.16109422492401,1.6717325227963526,1.0638297872340425,2.43161094224924,42.5531914893617,47.72036474164134,1.21580547112462,44.224924012158056,30.54711246200608,13.221884498480243,75.22796352583586,34.954407294832826,51.06382978723404,79.48328267477204,34.6865671641791,17.313432835820894,20.78544061302682,3.5440613026819925,30.498399634202105,5.098308184727938,13.991769547325102,20.465994962216623,70.65491183879094,26.422018348623855,0.5504587155963303,18.52760736196319,68.34355828220859,39.757709251101325,17.400881057268723,8.920704845814978,6.497797356828194,6.057268722466961,2.973568281938326
020303,68.75,21.52777777777778,3.4722222222222223,2.4305555555555554,0.0,6.597222222222222,7.291666666666667,39.583333333333336,0.0,43.05555555555556,86.80555555555556,86.11111111111111,0.0,13.194444444444445,78.125,0.3472222222222222,20.833333333333332,11.805555555555555,0.6944444444444444,54.166666666666664,23.61111111111111,5.555555555555555,92.36111111111111,1.0416666666666667,0.0,4.861111111111111,57.638888888888886,42.013888888888886,0.0,82.98611111111111,98.95833333333333,0.0,0.3472222222222222,0.6944444444444444,33.68055555555556,56.94444444444444,2.0833333333333335,31.59722222222222,25.0,19.791666666666668,73.26388888888889,38.541666666666664,55.90277777777778,79.51388888888889,35.483870967741936,12.40694789081886,26.550387596899224,2.3255813953488373,27.36056214317084,5.62143170838823,14.888010540184453,23.177083333333332,64.97395833333333,34.21383647798742,2.138364779874214,20.20460358056266,64.19437340153452,36.36363636363637,21.13022113022113,8.5995085995086,5.896805896805897,7.862407862407863,2.9484029484029484
020304,82.84313725490196,7.8431372549019605,0.0,0.0,0.49019607843137253,56.372549019607845,2.450980392156863,10.784313725490197,0.49019607843137253,28.92156862745098,80.3921568627451,78.43137254901961,1.4705882352941178,19.607843137254903,86.27450980392157,0.0,4.411764705882353,6.862745098039215,1.9607843137254901,71.07843137254902,3.4313725490196076,15.686274509803921,87.74509803921569,3.4313725490196076,0.0,4.901960784313726,47.05882352941177,44.6078431372549,0.0,75.49019607843137,87.25490196078431,0.49019607843137253,2.9411764705882355,2.450980392156863,38.72549019607843,47.05882352941177,2.9411764705882355,40.68627450980392,17.15686274509804,24.019607843137255,73.52941176470588,52.450980392156865,64.70588235294117,86.76470588235294,40.43956043956044,13.186813186813186,13.768115942028986,4.3478260869565215,30.08994276369583,5.396565821749795,16.680294358135733,14.350797266514807,81.32118451025057,25.49889135254989,0.4434589800443459,16.143497757847534,73.54260089686099,34.93449781659389,20.087336244541486,15.283842794759826,8.296943231441048,3.930131004366812,3.493449781659389
020305,75.40453074433657,6.148867313915858,10.679611650485437,7.119741100323624,0.0,42.07119741100323,3.236245954692557,11.003236245954692,0.0,43.36569579288026,76.69902912621359,72.49190938511327,2.912621359223301,23.300970873786408,85.11326860841424,0.32362459546925565,12.297734627831716,17.475728155339805,0.6472491909385113,68.28478964401295,6.796116504854369,5.825242718446602,81.55339805825243,4.854368932038835,0.0,12.297734627831716,35.59870550161812,62.13592233009709,0.0,74.4336569579288,97.41100323624596,0.6472491909385113,0.32362459546925565,0.6472491909385113,35.922330097087375,33.00970873786408,4.207119741100324,32.03883495145631,29.12621359223301,18.446601941747574,62.7831715210356,47.249190938511326,66.01941747572816,87.05501618122977,33.333333333333336,12.937062937062937,19.86183074265976,1.7271157167530224,28.200905722519554,5.6813503499382465,18.11445039110745,24.253285543608126,71.56511350059738,25.647058823529413,1.1764705882352942,19.464720194647203,64.47688564476886,37.995337995338,21.445221445221446,8.391608391608392,7.925407925407925,7.6923076923076925,4.662004662004662
020306,57.3134328358209,21.492537313432837,9.253731343283581,4.776119402985074,0.0,25.37313432835821,2.6865671641791047,14.925373134328359,0.8955223880597015,55.52238805970149,70.44776119402985,66.86567164179104,2.08955223880597,29.55223880597015,86.26865671641791,0.0,8.955223880597014,22.98507462686567,0.29850746268656714,54.32835820895522,11.64179104477612,8.656716417910447,91.64179104477611,3.283582089552239,0.5970149253731343,3.8805970149253732,29.850746268656717,65.07462686567165,0.0,65.67164179104478,87.46268656716418,2.6865671641791047,1.791044776119403,4.776119402985074,55.223880597014926,32.83582089552239,3.582089552238806,24.776119402985074,40.298507462686565,13.432835820895523,65.67164179104478,32.23880597014925,51.04477611940298,73.13432835820896,31.665475339528236,7.934238741958541,16.22222222222222,3.4444444444444446,41.6822429906542,2.9906542056074765,12.85981308411215,8.194112967382656,83.53221957040573,38.317054845980465,1.051840721262209,23.115577889447238,63.14907872696818,39.02077151335312,14.243323442136498,12.611275964391691,10.089020771513352,9.643916913946587,2.2255192878338277
020307,60.84507042253521,16.901408450704224,6.197183098591549,1.6901408450704225,0.0,23.943661971830984,2.2535211267605635,11.830985915492958,0.28169014084507044,61.40845070422535,66.19718309859155,63.943661971830984,0.5633802816901409,33.80281690140845,72.95774647887323,0.0,21.971830985915492,12.95774647887324,0.5633802816901409,61.971830985915496,10.422535211267606,11.267605633802816,95.77464788732394,0.28169014084507044,0.0,3.6619718309859155,42.53521126760563,54.929577464788736,0.0,74.64788732394366,88.45070422535211,0.28169014084507044,1.408450704225352,6.76056338028169,58.028169014084504,32.394366197183096,5.915492957746479,28.169014084507044,45.352112676056336,14.647887323943662,67.88732394366197,25.35211267605634,54.08450704225352,79.43661971830986,34.32122370936902,14.818355640535373,18.777292576419214,5.967976710334789,27.575175943698017,5.406269993602048,16.666666666666668,14.200595829195631,75.9682224428997,32.19844357976654,0.48638132295719844,18.45018450184502,71.03321033210332,36.52173913043478,17.217391304347824,8.347826086956522,12.347826086956522,8.173913043478262,4.521739130434782
020308,8.910891089108912,12.871287128712872,56.43564356435643,10.891089108910892,0.0,0.9900990099009901,2.9702970297029703,35.64356435643565,0.0,60.396039603960396,79.20792079207921,77.22772277227723,0.9900990099009901,20.792079207920793,76.23762376237623,0.0,22.77227722772277,3.9603960396039604,0.9900990099009901,62.37623762376238,1.9801980198019802,31.683168316831683,99.00990099009901,0.9900990099009901,0.0,0.0,55.445544554455445,42.57425742574257,0.0,76.23762376237623,96.03960396039604,1.9801980198019802,0.0,0.9900990099009901,24.752475247524753,63.366336633663366,2.9702970297029703,58.415841584158414,10.891089108910892,16.831683168316832,70.29702970297029,27.722772277227723,44.554455445544555,71.2871287128713,19.07514450867052,32.947976878612714,18.705035971223023,2.158273381294964,31.162790697674417,5.348837209302325,16.976744186046513,17.5,66.875,25.294117647058822,1.1764705882352942,20.535714285714285,67.85714285714286,36.75213675213675,18.803418803418804,8.547008547008547,8.547008547008547,7.6923076923076925,1.7094017094017093
020401,75.04187604690117,16.41541038525963,1.340033500837521,0.33500837520938026,0.0,49.413735343383586,0.6700167504187605,7.5376884422110555,3.1825795644891124,38.860971524288104,87.26968174204355,86.93467336683418,0.16750418760469013,12.73031825795645,87.43718592964824,0.16750418760469013,9.045226130653266,63.651591289782246,3.5175879396984926,24.79061976549414,4.187604690117253,6.700167504187605,90.95477386934674,3.852596314907873,0.5025125628140703,3.6850921273031827,44.38860971524288,54.60636515912898,0.0,78.05695142378559,90.61976549413735,1.0050251256281406,4.857621440536013,1.6750418760469012,30.485762144053602,41.54103852596315,2.512562814070352,51.59128978224456,17.252931323283082,16.08040201005025,74.37185929648241,58.45896147403685,53.768844221105525,83.75209380234506,30.097879282218596,18.107667210440457,20.046620046620045,5.944055944055944,27.84421956455075,6.0410916896657465,15.854032505366453,25.735912531539107,67.03111858704794,26.49712879409352,1.3125512715340444,15.892053973013493,71.66416791604198,33.61581920903955,26.271186440677965,5.2259887005649714,6.214689265536723,12.570621468926554,3.672316384180791
020402,68.94736842105263,19.605263157894736,2.6315789473684212,0.9210526315789473,0.0,25.526315789473685,3.026315789473684,17.36842105263158,0.5263157894736842,51.973684210526315,78.02631578947368,76.84210526315789,0.13157894736842105,21.973684210526315,61.973684210526315,0.5263157894736842,34.60526315789474,21.842105263157894,1.0526315789473684,54.73684210526316,4.473684210526316,16.18421052631579,95.78947368421052,0.9210526315789473,0.0,2.3684210526315788,30.92105263157895,68.55263157894737,0.0,72.76315789473684,95.65789473684211,1.0526315789473684,1.0526315789473684,1.5789473684210527,53.421052631578945,28.157894736842106,1.7105263157894737,54.21052631578947,17.763157894736842,15.526315789473685,58.94736842105263,36.8421052631579,48.28947368421053,79.86842105263158,29.26992632283992,20.830542531815137,21.913875598086126,11.578947368421053,31.010158013544018,4.260722347629796,17.353273137697517,19.06750173973556,70.28531663187195,21.904761904761905,0.40816326530612246,20.595533498759306,70.84367245657569,47.651775486827034,16.036655211912944,7.101947308132875,7.445589919816724,3.3218785796105386,3.207331042382589
020403,82.34349919743178,6.741573033707865,1.926163723916533,0.9630818619582665,0.0,24.719101123595507,6.420545746388443,38.84430176565008,0.32102728731942215,29.052969502407706,87.64044943820225,87.31942215088283,0.0,12.359550561797754,69.02086677367576,0.32102728731942215,26.96629213483146,21.990369181380416,3.3707865168539324,51.04333868378812,4.815409309791332,20.70626003210273,86.8378812199037,7.704654895666132,0.0,4.012841091492777,38.04173354735153,60.35313001605137,0.16051364365971107,86.35634028892456,93.09791332263242,1.4446227929373996,2.247191011235955,1.7656500802568218,34.18940609951846,33.547351524879616,4.173354735152488,42.857142857142854,19.74317817014446,17.97752808988764,67.25521669341894,53.77207062600321,58.74799357945425,89.24558587479936,37.00834326579261,16.746126340882004,32.75388838060384,8.142726440988106,26.41858552631579,6.352796052631579,15.09046052631579,16.349108789182544,64.35156730178242,42.04476709013914,0.42347247428917123,27.13270142180095,56.39810426540284,31.625835189309576,16.481069042316257,10.801781737193764,7.906458797327394,5.456570155902004,3.2293986636971046
020404,44.5859872611465,8.280254777070065,5.732484076433121,0.0,10.828025477707007,10.828025477707007,1.910828025477707,4.45859872611465,0.0,82.1656050955414,64.96815286624204,63.69426751592356,0.0,35.031847133757964,79.61783439490446,0.0,2.5477707006369426,33.75796178343949,1.910828025477707,50.318471337579616,1.2738853503184713,14.64968152866242,92.99363057324841,4.45859872611465,0.0,2.5477707006369426,32.48407643312102,64.96815286624204,0.0,69.4267515923567,91.0828025477707,1.910828025477707,3.821656050955414,0.0,47.13375796178344,44.5859872611465,1.2738853503184713,82.80254777070064,3.1847133757961785,8.9171974522293,49.681528662420384,16.56050955414013,40.76433121019108,78.98089171974522,24.154589371980677,26.570048309178745,19.745222929936304,14.012738853503185,30.0,5.178571428571429,15.714285714285714,19.306930693069308,73.26732673267327,24.878048780487806,0.0,16.541353383458645,75.18796992481202,53.42465753424658,18.493150684931507,4.794520547945205,4.109589041095891,2.73972602739726,2.0547945205479454
020405,66.95278969957081,13.447782546494993,6.580829756795422,3.57653791130186,0.0,51.216022889842634,2.2889842632331905,6.294706723891273,0.0,35.050071530758224,84.4062947067239,82.97567954220315,1.0014306151645207,15.593705293276109,88.69814020028612,0.7153075822603719,5.007153075822604,84.69241773962804,67.6680972818312,13.304721030042918,0.2861230329041488,1.2875536480686696,93.99141630901288,3.1473533619456364,0.2861230329041488,2.0028612303290414,65.52217453505007,32.474964234620884,0.0,73.96280400572246,89.84263233190272,1.1444921316165952,6.008583690987124,0.5722460658082976,42.77539341917024,41.63090128755365,2.0028612303290414,56.08011444921316,9.298998569384835,21.745350500715308,72.96137339055794,52.21745350500715,54.64949928469242,84.26323319027182,34.83394833948339,12.177121771217712,35.28748590755355,6.313416009019166,25.11003011350475,6.50914987259671,17.211026175584898,22.037735849056602,58.716981132075475,23.71747211895911,0.966542750929368,26.726726726726728,60.06006006006006,30.362116991643454,25.348189415041784,7.66016713091922,7.66016713091922,2.367688022284123,5.013927576601671
020501,77.65108323831242,7.753705815279361,2.280501710376283,0.45610034207525657,0.11402508551881414,31.698973774230332,3.6488027366020526,32.839224629418474,0.9122006841505131,30.444697833523374,85.97491448118586,84.49258836944128,0.5701254275940707,14.025085518814139,42.30330672748005,0.6841505131128849,53.81984036488027,25.31356898517674,6.043329532497149,49.37286202964652,3.990877993158495,19.27023945267959,95.09692132269099,0.798175598631699,0.0,3.192702394526796,23.261117445838085,74.11630558722919,0.45610034207525657,74.68643101482326,96.46522234891677,0.798175598631699,0.45610034207525657,1.1402508551881414,55.41619156214367,19.384264538198405,6.043329532497149,30.444697833523374,26.111744583808438,20.068415051311288,66.81870011402509,45.83808437856328,47.776510832383124,77.76510832383124,24.771404821280132,20.241064006650042,26.21035058430718,9.794101279910963,31.78786399869855,5.9866601594273625,13.242231983081178,13.234653896386591,75.01088376142795,18.212621770436257,0.4235493434985176,14.772727272727273,71.74242424242425,57.32966276668961,12.18169304886442,7.019958706125258,5.161734342739161,1.9958706125258088,2.1335168616655196
020502,86.77685950413223,4.545454545454546,2.0661157024793386,1.6528925619834711,0.0,11.983471074380166,10.330578512396695,66.94214876033058,0.4132231404958678,9.090909090909092,98.7603305785124,97.93388429752066,0.0,1.2396694214876034,52.892561983471076,0.8264462809917356,45.86776859504132,11.983471074380166,0.4132231404958678,49.586776859504134,9.090909090909092,25.206611570247933,82.23140495867769,13.223140495867769,0.0,4.132231404958677,11.570247933884298,79.75206611570248,5.785123966942149,78.09917355371901,97.52066115702479,1.2396694214876034,0.0,0.8264462809917356,56.611570247933884,25.206611570247933,3.3057851239669422,21.487603305785125,27.272727272727273,16.115702479338843,67.76859504132231,61.570247933884296,35.950413223140494,73.96694214876032,35.44776119402985,11.81592039800995,18.64406779661017,6.0263653483992465,32.789775231379465,5.773468488320846,15.557514323490524,6.613756613756614,86.37566137566138,24.80916030534351,0.1272264631043257,10.054347826086957,74.18478260869566,59.71223021582734,13.66906474820144,7.194244604316546,2.6378896882494005,1.1990407673860912,1.6786570743405276
020503,73.94366197183099,11.502347417840376,0.704225352112676,0.0,0.2347417840375587,30.985915492957748,1.8779342723004695,18.544600938967136,3.2863849765258215,44.13145539906103,86.61971830985915,84.97652582159624,0.2347417840375587,13.380281690140846,67.84037558685446,0.0,26.995305164319248,33.80281690140845,0.0,30.516431924882628,3.2863849765258215,30.046948356807512,89.2018779342723,4.694835680751174,0.0,5.633802816901408,29.812206572769952,65.25821596244131,0.2347417840375587,68.77934272300469,94.13145539906104,0.704225352112676,2.816901408450704,1.8779342723004695,48.12206572769953,28.63849765258216,3.755868544600939,40.375586854460096,20.422535211267604,15.258215962441314,47.652582159624416,52.347417840375584,55.63380281690141,86.61971830985915,34.06392694063927,11.780821917808218,18.732782369146005,11.570247933884298,31.34715025906736,6.703367875647668,15.932642487046632,21.274601686972822,71.41518275538894,33.67158671586716,0.36900369003690037,18.608695652173914,65.56521739130434,45.42536115569823,13.162118780096309,4.333868378812199,4.815409309791332,2.568218298555377,6.581059390048154
020601,75.01048218029351,7.589098532494759,1.3417190775681342,0.5450733752620545,0.041928721174004195,61.341719077568136,2.893081761006289,12.49475890985325,3.060796645702306,19.62264150943396,92.36897274633124,91.78197064989517,0.29350104821802936,7.631027253668763,78.70020964360587,0.12578616352201258,18.155136268343817,66.62473794549267,42.725366876310275,18.82599580712788,5.031446540880503,8.259958071278826,85.9538784067086,8.0083857442348,0.9643605870020965,4.150943396226415,55.76519916142558,36.56184486373166,1.3417190775681342,69.895178197065,91.32075471698113,1.970649895178197,3.7316561844863734,0.5031446540880503,22.80922431865828,40.0,8.721174004192871,39.538784067085956,20.0,21.551362683438157,68.88888888888889,63.56394129979036,65.19916142557652,87.08595387840671,34.54978910691363,14.285714285714286,25.925925925925927,6.209969367864105,30.313401785115094,6.268035702301859,13.623246761962285,18.849658314350798,73.0637813211845,29.32093023255814,0.8558139534883721,20.817417876241407,67.9144385026738,39.7001071046055,17.52945376651196,6.783291681542306,5.3909318100678325,3.641556586933238,6.426276329882185
020602,87.8969957081545,5.965665236051502,0.7296137339055794,0.4291845493562232,0.08583690987124463,43.99141630901288,5.622317596566524,39.227467811158796,0.9012875536480687,9.656652360515022,98.02575107296137,93.43347639484979,0.08583690987124463,1.9742489270386265,89.57081545064378,5.364806866952789,1.1158798283261802,52.48927038626609,39.18454935622318,21.84549356223176,3.390557939914163,21.158798283261802,66.7381974248927,20.042918454935624,2.832618025751073,8.71244635193133,73.47639484978541,21.07296137339056,3.51931330472103,73.77682403433477,90.0,3.9914163090128754,4.07725321888412,0.8583690987124464,8.454935622317597,70.1716738197425,17.93991416309013,28.583690987124463,20.94420600858369,16.13733905579399,55.15021459227468,73.2618025751073,77.33905579399142,89.48497854077253,36.878314461803065,9.158664182313315,19.348314606741575,3.842696629213483,30.22814662906947,8.649064342476288,11.545757498077416,15.840422411264301,79.43678498093283,48.289855072463766,0.927536231884058,25.172932330827066,63.81954887218045,20.99109131403118,23.85857461024499,5.317371937639198,7.266146993318485,7.544543429844098,9.493318485523385
020603,64.80793060718712,8.0545229244114,0.49566294919454773,0.0,0.0,27.385377942998762,2.1065675340768277,53.15985130111524,3.345724907063197,12.88723667905824,91.57372986369269,90.45848822800495,0.7434944237918215,8.426270136307311,76.08426270136307,0.24783147459727387,22.304832713754646,20.94175960346964,6.815365551425031,37.79429987608426,4.4609665427509295,34.94423791821561,83.02354399008674,5.452292441140025,0.24783147459727387,10.656753407682777,46.34448574969021,47.08798017348203,2.1065675340768277,76.45600991325898,94.54770755885997,0.9913258983890955,2.4783147459727384,1.1152416356877324,32.2180916976456,40.644361833952914,5.700123915737299,32.58983890954151,22.304832713754646,24.53531598513011,49.69021065675341,67.41016109045849,63.69268897149938,87.85625774473358,40.139790314528206,7.63854218671992,14.817880794701987,6.7052980132450335,31.406384814495254,4.676445211389129,15.996548748921484,14.767501277465508,79.76494634644864,36.49671882887431,0.3028773346794548,15.11111111111111,67.66666666666667,56.597938144329895,13.29896907216495,3.917525773195876,4.43298969072165,2.1649484536082473,2.783505154639175
020604,78.28947368421052,16.44736842105263,0.6578947368421053,0.6578947368421053,0.0,59.21052631578947,4.605263157894737,16.44736842105263,0.0,19.736842105263158,92.76315789473684,92.10526315789474,0.0,7.2368421052631575,74.34210526315789,0.0,21.710526315789473,40.13157894736842,21.05263157894737,35.526315789473685,2.6315789473684212,17.763157894736842,85.52631578947368,7.2368421052631575,0.0,6.578947368421052,38.1578947368421,58.55263157894737,0.0,84.21052631578948,96.05263157894737,1.9736842105263157,1.3157894736842106,0.6578947368421053,25.657894736842106,33.55263157894737,9.868421052631579,11.18421052631579,55.26315789473684,17.105263157894736,55.921052631578945,61.8421052631579,54.60526315789474,80.92105263157895,34.29844097995546,17.59465478841871,30.847457627118644,5.762711864406779,38.56410256410256,8.0,9.948717948717949,17.209302325581394,74.65116279069767,40.85778781038375,0.0,19.81132075471698,61.79245283018868,32.126696832579185,27.601809954751133,8.144796380090497,4.072398190045249,2.7149321266968327,3.6199095022624435
020605,87.79220779220779,8.311688311688311,1.0389610389610389,0.2597402597402597,0.0,85.71428571428571,0.0,0.2597402597402597,0.0,14.025974025974026,90.3896103896104,88.83116883116882,1.0389610389610389,9.61038961038961,62.5974025974026,0.0,32.72727272727273,76.88311688311688,3.3766233766233764,12.727272727272727,2.3376623376623376,7.792207792207792,95.84415584415585,0.2597402597402597,0.2597402597402597,3.6363636363636362,25.454545454545453,72.20779220779221,0.2597402597402597,86.49350649350649,98.18181818181819,0.5194805194805194,0.2597402597402597,0.7792207792207793,30.649350649350648,17.662337662337663,6.4935064935064934,54.02597402597402,17.142857142857142,15.324675324675324,75.84415584415585,46.23376623376623,57.142857142857146,82.59740259740259,21.335078534031414,27.74869109947644,29.18088737201365,10.409556313993175,29.58448753462604,5.152354570637119,14.293628808864266,12.211668928086839,64.9932157394844,21.91235059760956,0.2656042496679947,18.313253012048193,74.21686746987952,50.68493150684932,13.470319634703197,8.67579908675799,4.337899543378995,2.2831050228310503,2.73972602739726
020606,52.956989247311824,9.094982078853047,0.985663082437276,0.35842293906810035,0.0,36.24551971326165,5.376344086021505,26.478494623655912,13.261648745519713,17.741935483870968,97.58064516129032,96.4605734767025,0.0,2.4193548387096775,92.831541218638,0.044802867383512544,1.881720430107527,30.869175627240143,25.224014336917563,16.711469534050178,1.1200716845878136,50.67204301075269,63.70967741935484,18.682795698924732,3.360215053763441,12.5,56.630824372759854,24.82078853046595,15.412186379928315,65.45698924731182,95.3405017921147,2.6881720430107525,1.075268817204301,0.17921146953405018,6.586021505376344,80.60035842293907,10.663082437275985,37.58960573476703,13.844086021505376,15.994623655913978,57.168458781362006,77.73297491039426,75.62724014336918,89.15770609318996,37.51717032967033,10.336538461538462,17.386550027337343,4.565336249316567,32.319316688567675,11.084099868593956,9.342969776609724,18.911826452064382,74.84254723582926,55.45897079276773,0.799721835883171,28.59877488514548,58.996937212863706,6.211628746840015,22.21018418201517,3.791982665222102,4.9837486457204765,5.669916937522571,11.087035030697002
020607,83.27803583278036,9.15726609157266,1.15018801150188,0.5529750055297501,0.06635700066357,53.43950453439505,2.4994470249944705,26.36584826365848,6.0606060606060606,11.059500110595001,98.03140898031408,96.59367396593674,0.11059500110595001,1.9685910196859102,93.45277593452776,0.15483300154833002,2.01282902012829,64.98562264985623,53.26255253262553,22.008405220084054,1.4598540145985401,10.617120106171201,64.52112364521123,24.95023224950232,1.3271400132714002,8.560053085600531,70.47113470471135,13.072329130723292,13.86861313868613,54.656049546560496,91.61689891616899,2.12342402123424,4.092015040920151,0.90687900906879,11.39128511391285,71.37801371378013,15.350586153505862,28.533510285335105,17.18646317186463,15.549657155496572,49.67927449679274,74.49679274496793,74.69586374695864,89.53771289537713,40.054243094711296,5.881093426593391,13.93239901071723,3.462489694971146,29.06376658359137,9.035067844825416,10.80482340205926,31.35083602229393,64.24904664124377,54.0374466854623,1.0048434902045833,27.096876486443634,61.37624861265261,18.943864427296113,22.439098199425025,5.083976395823877,6.23392343773642,8.700257224996218,9.048267513996066
020608,74.75186104218362,16.501240694789082,0.8064516129032258,0.49627791563275436,0.5583126550868487,25.18610421836228,8.622828784119108,52.54342431761786,2.729528535980149,10.235732009925558,94.29280397022333,92.43176178660049,0.37220843672456577,5.707196029776675,94.5409429280397,0.12406947890818859,3.163771712158809,23.01488833746898,18.610421836228287,49.81389578163772,3.411910669975186,21.774193548387096,73.51116625310173,17.431761786600497,0.8684863523573201,7.816377171215881,57.754342431761785,13.523573200992557,25.682382133995038,46.02977667493796,93.42431761786601,0.9925558312655087,3.101736972704715,1.488833746898263,17.866004962779158,65.3225806451613,14.640198511166252,19.602977667493796,29.90074441687345,20.595533498759306,50.18610421836228,72.76674937965261,69.16873449131513,84.61538461538461,40.871483728626586,6.692406692406692,16.132017273288096,3.177051202961135,31.42837588118541,7.076859900075286,11.327082335226883,19.85708913125235,76.04362542309138,51.190919240788986,1.8794194268701154,26.91699604743083,61.383399209486164,28.059149722735675,21.66358595194085,4.103512014787431,5.767097966728281,7.208872458410351,7.8743068391866915
020701,81.81818181818181,12.146676852559205,0.30557677616501144,0.15278838808250572,0.22918258212375858,61.03896103896104,3.6669213139801373,17.87624140565317,1.9862490450725745,14.820473644003055,98.47211611917494,97.78456837280366,0.0,1.5278838808250572,89.83957219251337,0.15278838808250572,7.792207792207792,91.06187929717342,78.68601986249045,5.882352941176471,0.7639419404125286,1.680672268907563,69.21313980137509,20.55003819709702,0.3819709702062643,9.320091673032849,45.683728036669216,52.94117647058823,0.6111535523300229,85.4087089381207,95.56913674560734,1.5278838808250572,2.0626432391138274,0.07639419404125286,16.653934300993125,62.18487394957983,19.78609625668449,28.72421695951108,20.473644003055767,16.730328495034378,55.46218487394958,69.90068754774637,71.19938884644768,87.24216959511077,42.58841234010534,11.612741409581139,25.604927408710953,5.675318961724593,27.97554836389788,6.634304207119741,12.666307083782812,20.123520329387546,69.01698404529078,34.80466768138001,0.684931506849315,28.14769975786925,61.13801452784504,26.536473291211948,23.721998851234922,6.031016657093624,7.754164273406088,3.4462952326249283,7.466973004020677
020702,56.63507109004739,13.270142180094787,4.265402843601896,1.5402843601895735,0.0,43.720379146919434,3.4360189573459716,18.95734597156398,5.0947867298578196,27.606635071090047,91.58767772511848,90.16587677725119,0.35545023696682465,8.412322274881516,91.58767772511848,0.0,6.161137440758294,37.322274881516584,0.9478672985781991,29.14691943127962,11.848341232227488,19.43127962085308,84.47867298578198,5.450236966824645,0.23696682464454977,6.990521327014218,40.04739336492891,19.43127962085308,0.5924170616113744,51.30331753554503,96.44549763033176,0.5924170616113744,0.7109004739336493,1.6587677725118484,27.96208530805687,35.90047393364929,1.4218009478672986,33.76777251184834,18.127962085308056,23.459715639810426,50.4739336492891,69.7867298578199,63.15165876777251,88.74407582938389,37.42081447963801,8.28054298642534,16.063675832127352,6.150506512301013,31.145063801208867,5.1880456682337135,18.552719946272667,15.244755244755245,78.5081585081585,24.246575342465754,0.730593607305936,15.247524752475247,69.70297029702971,51.93014705882353,13.327205882352942,5.514705882352941,4.963235294117647,4.6875,3.2169117647058822
020801,88.95189873417722,4.7594936708860756,2.558649789029536,1.3063291139240507,0.14852320675105485,61.2253164556962,6.717299578059071,18.454008438818565,0.08438818565400844,12.985654008438818,94.07594936708861,93.00928270042193,0.25991561181434597,5.924050632911392,55.87848101265823,40.71223628691983,0.8540084388185654,91.37215189873417,74.50464135021097,3.1864978902953585,0.290295358649789,4.317299578059072,78.65316455696203,10.882700421940928,1.0936708860759494,8.421940928270041,87.20675105485232,10.987341772151899,0.020253164556962026,77.46835443037975,89.73164556962026,2.7645569620253165,5.245569620253165,0.1248945147679325,9.50886075949367,69.92742616033755,6.761181434599156,31.540928270042194,18.865822784810128,20.59746835443038,76.52658227848102,82.55189873417721,77.85991561181434,92.18902953586498,37.841994985890246,8.091610449695398,31.96848285490256,2.6104916904128976,23.15680166147456,9.173424815333325,12.633428767221192,17.752430998919557,65.94759846773401,57.99639077208214,0.9218163195629908,41.83455551267207,48.83314035764827,7.19415490499227,24.145927883896064,19.682310109221486,9.842401875218194,8.700314198793077,7.403620767044037
020802,80.73959938366718,8.474576271186441,4.314329738058552,3.0816640986132513,0.0,64.71494607087827,4.4684129429892145,14.48382126348228,0.15408320493066255,15.254237288135593,93.06625577812018,91.98767334360555,0.3081664098613251,6.933744221879815,95.22342064714947,0.0,2.157164869029276,31.89522342064715,3.0816640986132513,36.67180277349769,5.855161787365177,22.496147919876734,82.12634822804314,10.323574730354391,0.4622496147919877,4.314329738058552,61.17103235747304,36.67180277349769,0.0,81.81818181818181,94.60708782742681,1.2326656394453004,2.6194144838212634,0.15408320493066255,10.785824345146379,72.26502311248073,4.006163328197227,50.53929121725732,14.791987673343606,12.942989214175656,79.81510015408321,67.95069337442219,63.17411402157165,86.28659476117103,29.083665338645417,21.58034528552457,38.676607642124885,4.287045666356011,24.212962962962962,9.49074074074074,14.86111111111111,14.624238320920785,63.23628977657414,44.839142091152816,1.2734584450402144,34.161490683229815,56.024844720496894,18.607442977190875,23.289315726290518,7.6830732292917165,7.082833133253302,5.882352941176471,7.44297719087635
020803,52.80112044817927,23.389355742296917,12.324929971988796,4.481792717086835,0.2801120448179272,14.005602240896359,5.46218487394958,16.666666666666668,0.0,63.30532212885154,70.58823529411765,69.187675070028,0.42016806722689076,29.41176470588235,80.812324929972,0.1400560224089636,9.803921568627452,65.54621848739495,8.123249299719888,27.591036414565828,3.2212885154061626,2.661064425770308,90.33613445378151,3.2212885154061626,0.2801120448179272,3.2212885154061626,53.0812324929972,38.23529411764706,0.0,68.62745098039215,84.31372549019608,0.8403361344537815,5.182072829131653,1.2605042016806722,28.991596638655462,56.30252100840336,2.661064425770308,44.53781512605042,19.18767507002801,17.787114845938376,69.04761904761905,45.79831932773109,52.24089635854342,80.812324929972,32.483302975106255,15.482695810564662,26.975476839237057,4.813805631244323,30.989163015909615,5.464606871109061,16.209361309661055,12.13073538654934,77.81269641734758,23.627390499691547,0.6785934608266502,19.828510182207932,67.52411575562701,38.5395537525355,14.807302231237323,11.967545638945234,8.316430020283976,4.36105476673428,6.186612576064909
020804,90.12715033657442,5.7591623036649215,1.5706806282722514,0.5983545250560958,0.0,77.18773373223635,1.3462976813762153,7.928197456993269,0.07479431563201197,13.238593866866118,97.98055347793567,97.30740463724757,0.07479431563201197,2.019446522064323,70.75542258788332,26.62677636499626,0.4487658937920718,92.22139117427075,76.73896783844428,5.2356020942408374,0.07479431563201197,2.243829468960359,72.77486910994764,14.136125654450261,0.5983545250560958,11.293941660433807,89.97756170531039,8.302169035153328,0.0,79.80553477935676,74.943904263276,6.282722513089006,17.427075542258788,0.14958863126402394,6.3575168287210175,66.19296933433058,8.302169035153328,22.213911742707555,15.258040388930441,16.75392670157068,71.50336574420344,80.40388930441287,74.79431563201197,91.8474195961107,36.36991028295376,9.339774557165862,21.685878962536023,3.3861671469740635,26.069184770267203,7.2818106123684805,15.638483082279919,22.193518083607326,74.44809769844997,29.520722389442,3.959249826348692,14.407582938388625,75.54502369668246,9.867519415258108,34.49063499314756,4.111466423024212,3.6089538602101414,27.364093193238922,8.771128369118319
020805,39.15492957746479,39.71830985915493,14.647887323943662,7.887323943661972,0.0,2.816901408450704,7.042253521126761,24.507042253521128,0.28169014084507044,61.690140845070424,66.47887323943662,64.78873239436619,0.28169014084507044,33.521126760563384,81.69014084507042,0.0,13.52112676056338,18.87323943661972,1.1267605633802817,46.478873239436616,19.718309859154928,9.014084507042254,91.83098591549296,2.535211267605634,0.0,4.225352112676056,45.91549295774648,49.57746478873239,0.0,69.85915492957747,92.3943661971831,0.5633802816901409,2.2535211267605635,0.8450704225352113,47.32394366197183,43.098591549295776,2.2535211267605635,48.732394366197184,24.788732394366196,16.056338028169016,77.46478873239437,25.633802816901408,56.056338028169016,83.94366197183099,28.765264586160107,18.99592944369064,30.623818525519848,3.780718336483932,29.876160990712073,6.398348813209494,14.860681114551083,18.9873417721519,71.72995780590718,38.78954607977992,1.2379642365887207,25.742574257425744,63.118811881188115,36.63594470046083,20.506912442396313,7.373271889400922,7.142857142857143,5.0691244239631335,5.299539170506913
020806,71.6589861751152,19.00921658986175,2.1889400921658986,1.2672811059907834,0.1152073732718894,3.5714285714285716,5.529953917050691,39.74654377880184,0.1152073732718894,48.27188940092166,77.76497695852535,75.57603686635944,0.9216589861751152,22.235023041474655,86.52073732718894,0.0,8.870967741935484,34.33179723502304,0.8064516129032258,46.08294930875576,7.488479262672811,10.253456221198157,92.3963133640553,2.0737327188940093,0.1152073732718894,2.9953917050691246,41.935483870967744,55.29953917050691,0.0,79.60829493087557,93.66359447004608,0.3456221198156682,1.6129032258064515,2.4193548387096775,29.262672811059907,60.483870967741936,1.9585253456221199,45.276497695852534,21.543778801843317,16.589861751152075,72.58064516129032,39.055299539170505,56.91244239631337,84.56221198156682,34.18546365914787,14.285714285714286,25.419847328244273,4.580152671755725,31.561213028828153,4.904530138524897,16.379633096218644,13.545407901487943,74.19189327860441,26.00304723209751,0.4570848146267141,20.468890892696123,64.02164111812444,42.84490145672665,15.938303341902314,11.568123393316196,6.512425021422451,3.684661525278492,3.5989717223650386
020807,68.71794871794872,8.205128205128204,8.205128205128204,6.666666666666667,0.0,3.076923076923077,10.256410256410257,22.564102564102566,0.0,63.07692307692308,84.1025641025641,83.07692307692308,0.0,15.897435897435898,92.82051282051282,0.0,4.615384615384615,24.102564102564102,2.051282051282051,51.794871794871796,4.102564102564102,15.897435897435898,91.28205128205128,0.5128205128205128,0.0,3.076923076923077,57.43589743589744,40.0,0.0,74.35897435897436,92.82051282051282,0.5128205128205128,5.128205128205129,0.0,33.84615384615385,53.84615384615385,2.5641025641025643,52.30769230769231,18.974358974358974,11.282051282051283,72.82051282051282,36.92307692307692,55.8974358974359,89.74358974358974,27.053140096618357,27.536231884057973,18.15068493150685,4.794520547945205,25.83732057416268,6.778309409888357,15.869218500797448,18.0,74.0,43.065693430656935,0.9732360097323601,18.446601941747574,69.90291262135922,29.577464788732396,14.553990610328638,17.370892018779344,7.042253521126761,6.572769953051643,7.042253521126761
020901,64.17050691244239,19.5852534562212,2.4193548387096775,1.3824884792626728,0.0,5.184331797235023,2.7649769585253456,53.80184331797235,0.1152073732718894,36.9815668202765,85.71428571428571,82.48847926267281,0.3456221198156682,14.285714285714286,66.70506912442396,0.0,31.451612903225808,9.101382488479263,0.9216589861751152,72.92626728110599,6.221198156682028,10.253456221198157,89.51612903225806,1.8433179723502304,0.1152073732718894,4.377880184331797,38.133640552995395,54.26267281105991,0.3456221198156682,80.18433179723502,85.59907834101382,3.3410138248847927,1.728110599078341,5.529953917050691,29.723502304147466,56.68202764976959,6.336405529953917,39.516129032258064,17.857142857142858,16.359447004608295,49.76958525345622,57.6036866359447,49.53917050691244,84.21658986175115,28.571428571428573,18.354137771613498,10.90670170827858,7.424441524310118,33.889296187683286,4.435483870967742,12.20674486803519,14.223512336719883,81.90614417029511,19.400187441424556,0.9840674789128397,7.325383304940375,83.73083475298127,77.78614457831326,6.927710843373494,3.2379518072289155,2.86144578313253,1.430722891566265,1.6566265060240963
020902,50.24875621890547,12.562189054726367,1.3681592039800996,0.9950248756218906,0.12437810945273632,4.72636815920398,4.601990049751244,38.681592039801,0.8706467661691543,50.62189054726368,86.44278606965175,84.82587064676616,0.12437810945273632,13.557213930348258,71.8905472636816,0.373134328358209,25.497512437810947,5.597014925373134,0.12437810945273632,61.44278606965174,4.477611940298507,25.497512437810947,92.53731343283582,2.487562189054726,0.0,4.2288557213930345,43.90547263681592,53.98009950248756,0.4975124378109453,80.8457711442786,94.1542288557214,0.9950248756218906,1.6169154228855722,1.9900497512437811,38.681592039801,46.39303482587065,8.08457711442786,36.19402985074627,22.512437810945272,20.398009950248756,61.44278606965174,55.84577114427861,55.97014925373134,85.07462686567165,29.6239837398374,18.39430894308943,13.91492429704398,5.62364816149964,28.737300435413644,4.934687953555878,13.497822931785196,19.82124079915878,73.92218717139853,25.64234326824255,1.3360739979445015,9.74025974025974,80.14842300556586,73.17880794701986,8.857615894039736,4.2218543046357615,2.814569536423841,2.3178807947019866,1.6556291390728477
020903,64.91935483870968,22.292626728110598,3.513824884792627,0.8640552995391705,0.1152073732718894,15.380184331797235,2.5345622119815667,11.923963133640553,1.7857142857142858,67.74193548387096,79.03225806451613,77.41935483870968,0.3456221198156682,20.967741935483872,62.44239631336406,0.576036866359447,34.10138248847926,23.67511520737327,0.9216589861751152,44.642857142857146,4.550691244239632,25.172811059907833,94.52764976958525,1.4976958525345623,0.2880184331797235,2.3617511520737327,18.951612903225808,78.97465437788019,0.2304147465437788,77.3041474654378,82.54608294930875,0.9792626728110599,0.6912442396313364,14.170506912442397,58.17972350230415,30.702764976958527,2.304147465437788,33.69815668202765,29.089861751152075,16.474654377880185,56.163594470046085,39.97695852534562,41.58986175115207,76.78571428571429,32.480206223531574,14.269931872583317,14.324324324324325,7.135135135135135,30.827990724321374,6.41795116628018,16.566634838357658,17.129186602870814,75.86602870813397,20.290124604798216,0.3161614283057467,13.735177865612648,62.68115942028985,58.5232452142206,13.734427225767243,6.7760559100577336,4.527499240352476,3.767851716803403,1.8839258584017016
020904,47.61273209549071,30.76923076923077,0.7957559681697612,0.13262599469496023,0.0,11.936339522546419,7.161803713527852,12.46684350132626,3.4482758620689653,63.92572944297082,73.07692307692308,66.71087533156499,1.0610079575596818,26.923076923076923,77.05570291777188,0.0,19.628647214854112,65.64986737400531,41.11405835543766,17.108753315649867,9.814323607427056,5.039787798408488,81.6976127320955,1.3262599469496021,0.3978779840848806,11.405835543766578,35.94164456233422,57.55968169761273,0.0,73.20954907161804,94.96021220159152,0.7957559681697612,0.13262599469496023,3.183023872679045,56.36604774535809,9.018567639257295,3.9787798408488064,29.575596816976127,27.586206896551722,19.893899204244033,54.641909814323604,39.6551724137931,46.41909814323608,79.84084880636605,38.249063670411985,8.661048689138577,12.12797619047619,6.324404761904762,35.51364365971108,3.992776886035313,12.981540930979133,19.61630695443645,73.47721822541966,24.97639282341832,0.5193578847969783,17.073170731707318,60.16260162601626,48.741610738255034,12.248322147651006,6.459731543624161,3.7751677852348995,1.929530201342282,2.6006711409395975
020905,81.18609406952966,11.042944785276074,0.7157464212678937,0.3067484662576687,0.0,9.50920245398773,1.6359918200408998,18.20040899795501,3.2719836400817996,66.97341513292433,96.83026584867076,95.8077709611452,0.6134969325153374,3.1697341513292434,93.25153374233129,0.40899795501022496,5.725971370143149,71.77914110429448,56.441717791411044,18.813905930470348,1.329243353783231,5.828220858895706,67.48466257668711,6.032719836400818,1.329243353783231,21.676891615541923,33.43558282208589,56.441717791411044,7.259713701431493,78.62985685071574,95.50102249488752,0.9202453987730062,1.8404907975460123,1.1247443762781186,15.235173824130879,36.19631901840491,6.339468302658487,33.640081799591,13.394683026584866,18.098159509202453,62.67893660531697,79.95910020449898,65.439672801636,87.8323108384458,34.853051996985684,9.570459683496608,13.14878892733564,3.5755478662053055,27.499333511063718,6.2649960010663825,11.596907491335644,10.667183863460046,65.39953452288596,34.463061690784464,0.913937547600914,10.487444608567209,67.50369276218612,34.49931412894376,12.345679012345679,5.8984910836762685,1.3031550068587106,1.9204389574759946,2.7434842249657065
021001,63.611111111111114,19.166666666666668,1.5277777777777777,0.4166666666666667,0.0,40.416666666666664,2.7777777777777777,11.38888888888889,0.0,45.27777777777778,86.94444444444444,77.5,8.61111111111111,13.055555555555555,64.58333333333333,0.1388888888888889,32.916666666666664,38.611111111111114,6.25,35.27777777777778,4.305555555555555,21.11111111111111,87.36111111111111,5.555555555555555,0.9722222222222222,4.583333333333333,33.333333333333336,63.611111111111114,0.4166666666666667,78.19444444444444,94.30555555555556,1.25,1.6666666666666667,1.6666666666666667,36.25,41.94444444444444,12.5,45.416666666666664,16.944444444444443,16.38888888888889,52.77777777777778,54.861111111111114,58.75,84.02777777777777,31.407498463429626,20.036877688998157,21.14695340501792,5.10752688172043,35.13373149831213,6.621656712542197,11.321734614385873,13.931297709923664,75.82697201017811,25.29375386518244,0.5565862708719852,15.326633165829145,71.85929648241206,56.625141562853905,15.062287655719139,3.3975084937712343,5.322763306908267,3.737259343148358,3.057757644394111
021002,72.70663033605813,19.07356948228883,0.7720254314259763,0.22706630336058128,0.22706630336058128,60.990009082652136,1.8619436875567665,2.7702089009990916,2.861035422343324,31.15349682107175,95.00454132606721,93.09718437783833,1.0899182561307903,4.995458673932788,88.19255222524977,0.4087193460490463,8.401453224341507,82.92461398728429,43.91462306993642,5.767484105358765,4.041780199818347,6.448683015440508,71.57129881925522,12.761126248864668,0.5903723887375113,12.670299727520437,47.86557674841053,41.462306993642144,1.0899182561307903,73.02452316076294,92.14350590372389,1.2261580381471389,3.224341507720254,1.589464123524069,12.579473206176203,51.86194368755677,8.12897366030881,44.23251589464124,18.89191643960036,16.575840145322434,54.49591280653951,72.6158038147139,63.578564940962764,84.51407811080836,35.73787589083956,11.089866156787762,17.634173055859804,5.72289156626506,26.967274544091932,5.9392955283537345,12.927804146889832,13.467770975873245,65.07021966150522,29.753239836676727,0.7811113083614415,23.06813856109631,57.936810049486105,21.5,18.25,7.178571428571429,7.678571428571429,3.5,5.357142857142857
021003,85.18111964873765,9.769484083424809,0.3658982802780827,0.10976948408342481,0.07317965605561653,37.54116355653129,3.9882912550311014,36.04098060739115,0.5122575923893158,21.478229052323453,98.09732894255397,97.40212221002561,0.32930845225027444,1.90267105744603,93.41383095499451,0.21953896816684962,4.2444200512257595,74.42371020856201,60.1902671057446,18.477863154043177,0.7683863885839737,5.305525064032199,69.66703256494695,22.356384924990852,0.951335528723015,6.4032199048664475,62.897914379802415,34.32125869008416,0.6952067325283571,72.5576289791438,89.60848884010245,2.1953896816684964,7.061836809366996,0.7683863885839737,18.916941090376874,56.055616538602266,16.575192096597146,27.91803878521771,17.270398829125504,22.356384924990852,55.909257226491036,70.28905964141968,61.14160263446762,82.47347237467984,38.541399641117664,8.754165598564471,12.321981424148607,5.159958720330238,32.635396518375245,5.111218568665377,10.401353965183752,15.512028394899435,79.5845931378993,40.590597072918015,0.8289081725165134,16.235982447586544,76.86494392979034,71.11008963456676,10.595265456216962,2.505171225005746,3.378533670420593,1.516892668352103,2.7809698919788555
021004,44.70663265306123,49.87244897959184,0.31887755102040816,0.25510204081632654,0.0,51.08418367346939,2.8698979591836733,4.464285714285714,1.0204081632653061,40.24234693877551,96.5561224489796,95.47193877551021,0.3826530612244898,3.443877551020408,88.5204081632653,0.12755102040816327,10.650510204081632,75.0,65.56122448979592,14.221938775510203,2.104591836734694,8.545918367346939,76.84948979591837,2.614795918367347,0.0,14.349489795918368,42.857142857142854,55.420918367346935,0.3826530612244898,85.77806122448979,92.53826530612245,1.6581632653061225,0.9566326530612245,4.400510204081633,18.112244897959183,25.127551020408163,17.21938775510204,28.507653061224488,16.964285714285715,20.28061224489796,73.9795918367347,77.4234693877551,76.46683673469387,91.07142857142857,40.34664326458973,8.709960508995174,21.554900515843773,4.0899042004421515,23.306645316253004,10.872698158526822,10.936749399519616,11.391265195857722,50.720396217919856,31.70028818443804,0.2881844380403458,33.07649972482113,51.84369840396258,24.649714582252205,11.779968863518423,3.995848469122989,4.981837052413077,3.6325895173845355,5.085625324338349
021005,46.9364161849711,13.179190751445086,20.809248554913296,1.3872832369942196,0.0,18.497109826589597,3.468208092485549,14.566473988439306,1.5028901734104045,61.15606936416185,80.8092485549133,78.72832369942196,1.2716763005780347,19.190751445086704,53.29479768786127,0.23121387283236994,44.04624277456647,7.976878612716763,0.3468208092485549,48.90173410404624,5.317919075144508,34.68208092485549,88.78612716763006,2.5433526011560694,0.23121387283236994,5.780346820809249,25.08670520231214,70.86705202312139,0.11560693641618497,70.52023121387283,82.3121387283237,0.9248554913294798,0.4624277456647399,14.913294797687861,66.47398843930635,20.578034682080926,2.7745664739884393,25.895953757225435,26.936416184971097,22.77456647398844,53.98843930635838,41.040462427745666,40.809248554913296,73.29479768786128,34.93150684931507,11.575342465753424,12.57700205338809,5.184804928131417,37.084901030590544,2.3883526909864226,12.661540978243089,15.42816702052371,78.30856334041047,7.902946273830156,0.0,10.038363171355499,70.78005115089515,70.81422018348624,8.142201834862385,3.669724770642202,4.759174311926605,2.006880733944954,1.3761467889908257
021006,81.13612004287245,6.323687031082529,0.21436227224008575,0.10718113612004287,0.0,74.06216505894963,3.322615219721329,7.717041800643087,0.6430868167202572,12.968917470525188,97.42765273311898,96.89174705251875,0.3215434083601286,2.572347266881029,81.35048231511254,0.4287245444801715,16.613076098606644,75.7770632368703,15.219721329046088,13.183279742765274,1.0718113612004287,8.360128617363344,76.42015005359058,12.968917470525188,0.4287245444801715,7.609860664523044,58.735262593783496,38.58520900321543,0.4287245444801715,82.31511254019293,93.03322615219722,1.5005359056806002,3.429796355841372,0.6430868167202572,19.828510182207932,46.30225080385852,24.330117899249732,11.039657020364416,28.938906752411576,18.971061093247588,73.84780278670954,76.42015005359058,58.19935691318328,79.09967845659163,41.32080396763247,8.692247454972591,13.704686118479222,5.7913351016799295,35.184091356566256,3.987005316007088,11.941327032880489,9.294181034482758,87.33836206896552,21.265889830508474,0.7415254237288136,19.069500287191268,71.16599655370477,51.6466283324621,19.027705175117617,7.213800313643492,5.4887611082070045,2.9796131730266597,3.0841610036591742
021101,76.21642662514597,4.787855196574543,0.7785130400934216,0.1946282600233554,0.15570260801868432,60.33476060724017,4.126119112495134,19.81315687037758,1.5570260801868432,13.195796029583496,97.46983261969638,96.30206305955625,0.0,2.53016738030362,92.87660568314519,0.11677695601401324,4.476449980537174,38.49746983261969,26.00233553912028,30.32308291163877,3.7368625924484236,10.977033865317244,69.32658622031919,20.786298170494355,1.6738030362008565,6.8119891008174385,61.23005060334761,36.667964188400155,0.3503308680420397,82.87271311794473,88.24445309458933,4.437524328532503,6.033476060724017,0.11677695601401324,12.300506033476061,49.51342934994161,23.394316854807318,37.368625924484235,15.336706889840405,20.474892954456987,74.34799532892175,76.95601401323472,67.10782405605293,88.75048657065005,35.02404219016597,13.479137583372111,22.660680529300567,3.61531190926276,29.320838045995583,8.913664027575807,11.49350999084397,15.500316656111464,77.42241925269158,37.41794310722101,0.734604563926227,16.62503469331113,76.13100194282542,55.52099533437014,16.12234318299637,3.6547433903576985,3.758424053913945,3.0585795749092792,6.065318818040436
021102,65.90821442344775,20.24681835711531,1.2340917855765523,0.34708831469340534,0.0,47.08831469340532,6.209024296182029,20.51677593521018,1.5811801002699575,23.679136135750095,94.56228306980331,93.71384496721944,0.23139220979560354,5.437716930196683,86.9263401465484,0.11569610489780177,9.949865021210952,66.21673736984188,37.60123409178558,16.351716158889317,8.02159660624759,6.286155032780563,72.42576166602392,13.536444273042807,1.1569610489780178,10.759737755495564,50.94485152333205,36.63709988430389,0.6556112610875434,72.1943694562283,87.00347088314693,2.39105283455457,6.093328191284227,0.732741997686078,20.67103740840725,54.26147319706903,11.993829541072117,43.88738912456614,19.475510991129966,17.662938681064404,58.889317392981106,65.7153875819514,63.941380640185116,87.0420362514462,30.486397361912612,12.333058532563891,18.08360732738375,4.697040864255519,31.5858371774093,6.844533100610897,12.174292482234135,16.717171717171716,72.003367003367,43.40723453908985,1.1835305884314051,26.768103691180613,57.93181177796563,39.18453799311623,11.861265554673022,3.839025681758009,3.891977760127085,3.0447445062218694,4.077310034418851
021103,92.01520912547528,4.752851711026616,0.38022813688212925,0.19011406844106463,0.0,77.75665399239544,5.513307984790875,12.357414448669202,0.0,3.802281368821293,97.14828897338403,84.79087452471482,0.19011406844106463,2.8517110266159698,93.34600760456274,0.0,3.802281368821293,56.27376425855513,1.520912547528517,11.977186311787072,3.612167300380228,25.665399239543728,44.67680608365019,4.942965779467681,0.9505703422053232,45.05703422053232,76.99619771863118,8.935361216730039,0.7604562737642585,82.12927756653993,86.69201520912547,5.32319391634981,6.653992395437262,0.38022813688212925,3.802281368821293,46.7680608365019,16.159695817490494,39.543726235741445,19.20152091254753,18.250950570342205,76.99619771863118,75.09505703422053,73.57414448669202,91.06463878326996,31.029185867895546,16.052227342549923,30.491803278688526,4.699453551912568,31.392332084174114,8.648025367541079,9.887575670221967,10.54287962234461,66.01101494885917,47.578125,1.171875,32.972136222910216,56.96594427244582,29.018492176386914,13.37126600284495,4.267425320056899,4.125177809388336,3.1294452347083928,5.2631578947368425
021104,77.52259956022478,7.256291228927437,3.3960420229660397,2.907402882970926,0.17102369899828976,28.438797947715614,11.898363058881017,41.26557537258734,0.1221597849987784,16.68702663083313,88.98118739311019,87.56413388712436,0.1465917419985341,11.018812606889812,88.1505008551185,0.1221597849987784,7.867090153921329,37.4297581236257,28.658685560713412,54.629855851453705,3.1761544099682384,2.88297092597117,81.30955289518691,10.603469337893966,0.5863669679941363,6.645492303933545,65.08673344734913,4.959687270950403,25.62912289274371,47.153677009528465,93.62325922306377,1.4659174199853409,1.7102369899828975,1.6613730759833862,28.218910334717812,55.87588565844124,13.095528951869044,37.356462252626436,18.641583190813584,21.64671390178353,53.09064256046909,66.45492303933545,72.92939164427071,88.54141216711459,40.63016629388311,8.178547116600214,26.07782980784757,5.344744065880834,30.31776227717889,5.386458113154372,13.231874867892623,12.690355329949238,80.6111276998109,52.31481481481482,0.5614657210401891,24.125475285171103,66.12167300380229,41.18491921005386,22.531418312387792,4.631956912028725,4.524236983842011,4.865350089766607,7.360861759425494
021105,78.01467216872994,11.875286565795507,0.4814305364511692,0.2063273727647868,0.11462631820265932,62.012838147638696,2.8427326914259514,13.411279229711141,1.8340210912425492,19.325997248968363,94.58963778083448,92.70976616231087,0.343878954607978,5.4103622191655205,92.13663457129756,0.1375515818431912,5.181109582760202,69.66987620357634,58.61989912883998,17.698303530490602,1.2379642365887207,10.31636863823934,75.19486474094452,18.363136176066025,0.9857863365428703,4.814305364511692,64.78679504814305,27.808344795965155,4.653828519027969,67.30857404860156,86.4053186611646,3.645116918844567,8.138468592388813,0.6648326455754241,21.045392022008254,56.808803301237965,10.958276020174232,38.33104080696928,16.254011921137092,24.461256304447502,59.353507565337004,70.54103622191656,68.17973406694178,87.87253553415864,42.002335084646816,6.178244794707141,12.454394693200664,5.223880597014926,30.591321757741035,7.711691808484932,11.819531223031516,13.906688025630757,83.12975570684821,45.95874864304747,0.4342248100266456,11.866316184754037,81.03642508449117,69.61100730422966,13.861049770681161,2.174282316969594,2.581960251401393,2.106335994564294,3.0405979276371666
021201,63.91399616543413,15.666940564228979,5.902492467817036,2.6020268419611066,2.1227061079156395,19.939742536291426,4.546699534374144,33.70309504245412,0.17803341550260202,40.167077513010135,82.00493015612162,79.89591892632156,0.479320734045467,17.99506984387839,90.07121336620104,0.9312517118597644,4.738427827992331,51.90358805806628,25.554642563681185,35.81210627225418,3.4374144070117776,7.20350588879759,90.63270336894001,3.7934812380169816,0.26020268419611065,4.122158312791016,75.37660914817859,21.18597644480964,0.08216926869350863,72.41851547521227,91.59134483703095,1.1503697617091209,3.7387017255546424,0.5204053683922213,27.184333059435772,60.955902492467814,2.1364009860312243,42.01588605861408,13.735962749931526,20.788824979457683,68.81676253081348,61.96932347302109,59.887701999452204,84.9767187072035,38.564654920096004,9.184569455013756,18.415559772296014,5.94876660341556,25.718248880855803,5.5778567075093,16.130388180155943,19.704730340463996,72.32901476348297,33.327410566216535,0.8824923004027482,25.080080673864042,64.05267528769724,30.213336311850775,18.317882274098068,15.302133363118507,11.068915447336089,6.2325477493577575,4.747012174690048
021202,77.2149259954138,9.631019387116948,3.231186158015426,1.6260162601626016,0.22930998540754638,55.11778194705024,4.586199708150928,17.26078799249531,0.14592453616843862,20.908901396706273,87.11694809255785,85.13654367312904,0.45861997081509276,12.883051907442152,84.90723368772149,4.127579737335835,6.941838649155723,72.19095267875755,52.03252032520325,15.238690848446947,1.3550135501355014,9.339170314780072,82.32228476130915,8.213466750052117,0.7921617677715239,6.0037523452157595,83.55222013758599,12.21596831352929,0.06253908692933083,72.75380446112153,87.01271628100896,0.8963935793204086,4.961434229726913,3.210339795705649,21.054825932874714,65.77027308734625,4.315196998123827,34.85511778194705,17.219095267875755,19.678966020429435,74.21304982280591,73.10819262038774,71.62810089639358,89.74358974358974,37.77097268111854,8.735595132565074,25.275288092189502,4.071702944942381,24.64772791579424,7.1671099541621865,14.815233999207742,20.11659413744971,70.02216930782494,65.89656290531777,0.8106355382619974,33.1415420023015,56.53460463587046,14.205607476635514,25.186915887850468,17.741433021806852,9.922118380062305,8.909657320872274,6.464174454828661
021203,67.78032036613273,13.135011441647597,9.794050343249427,6.0411899313501145,0.09153318077803203,44.66819221967963,2.608695652173913,22.42562929061785,0.36613272311212813,27.002288329519452,84.39359267734554,82.51716247139588,1.1441647597254005,15.606407322654462,92.49427917620137,0.09153318077803203,3.7528604118993134,54.87414187643021,33.1350114416476,34.55377574370709,3.4324942791762014,5.62929061784897,92.12814645308924,1.7848970251716247,0.18306636155606407,3.5697940503432495,61.784897025171624,33.82151029748284,0.04576659038901602,76.88787185354691,83.02059496567506,2.196796338672769,7.917620137299771,2.517162471395881,22.379862700228834,55.78947368421053,6.864988558352403,38.35240274599543,14.59954233409611,18.07780320366133,72.72311212814645,63.24942791762014,58.62700228832952,85.49199084668192,33.08632826972953,14.00518710633568,28.44946295786285,6.031396309556596,25.562252900382397,6.5072266511115435,15.263464903752674,19.29059180576631,65.6866464339909,28.103351432316046,1.3855083317730763,21.029159519725557,69.02229845626071,29.577010009686795,26.73555053277365,9.525347110106555,6.716176945431062,3.7778495318049727,5.779786890539231
021204,36.18980169971671,5.878186968838527,31.728045325779036,6.586402266288951,0.0,16.076487252124647,2.3371104815864023,19.688385269121813,0.0708215297450425,60.8356940509915,82.64872521246458,80.24079320113314,1.274787535410765,17.35127478753541,78.54107648725213,0.35410764872521244,17.492917847025495,10.76487252124646,0.6373937677053825,75.56657223796034,4.1784702549575075,7.0113314447592066,95.04249291784703,0.8498583569405099,0.0708215297450425,1.9121813031161472,49.787535410764875,47.1671388101983,0.0708215297450425,78.47025495750708,91.78470254957507,2.1246458923512748,1.7705382436260624,1.6288951841359773,36.756373937677054,43.8385269121813,1.7705382436260624,36.61473087818697,17.492917847025495,12.960339943342776,69.97167138810198,52.195467422096314,35.623229461756374,74.43342776203966,26.575951124687588,21.021938350458207,13.0736598534516,9.487080601619745,32.35197187740305,4.086564868724596,15.247720531692849,20.862676056338028,74.35446009389672,23.764906303236796,0.3975014196479273,10.964681075382183,77.27991565629942,43.86973180076628,19.731800766283524,16.47509578544061,5.2203065134099615,2.921455938697318,2.203065134099617
021301,68.14658210007048,16.27906976744186,9.936575052854122,4.245947850599014,0.28188865398167723,28.24171952078929,3.893587033121917,17.970401691331922,0.49330514446793516,47.88583509513742,87.03312191684284,85.87033121916843,0.4404510218463707,12.966878083157154,73.76673713883017,15.081042988019732,8.474277660324171,44.802677942212824,35.04228329809725,37.0507399577167,4.157857646229739,12.755461592670896,92.24806201550388,2.7131782945736433,0.1937984496124031,3.5236081747709656,50.828047921071175,47.093023255813954,0.017618040873854827,77.83650458069063,90.97956307258633,1.02184637068358,2.219873150105708,4.3692741367159975,25.123326286116985,57.945736434108525,7.9985905567300914,33.985200845665965,17.95278365045807,19.256518675123328,63.3368569415081,62.174066243833686,57.45243128964059,83.06906272022552,35.99842973043706,12.31353048940068,19.918158567774935,5.278772378516624,29.050960542965605,4.948809386862993,16.489129184401243,17.940876656472987,76.04485219164118,22.73815859499734,0.7384246939861628,15.410171224124712,73.40914899054434,38.706205906971185,26.712902068635657,8.549563553748655,6.480927896687792,4.519909123520268,3.1806767906253737
021302,75.95419847328245,8.587786259541986,10.49618320610687,3.053435114503817,0.0,6.488549618320611,7.061068702290076,49.80916030534351,0.0,35.49618320610687,86.45038167938931,85.1145038167939,0.5725190839694656,13.549618320610687,89.8854961832061,0.0,8.396946564885496,10.877862595419847,0.7633587786259542,65.07633587786259,7.061068702290076,14.122137404580153,93.5114503816794,0.0,0.0,4.580152671755725,47.70992366412214,51.717557251908396,0.0,85.30534351145039,94.8473282442748,0.3816793893129771,0.3816793893129771,3.816793893129771,22.900763358778626,57.44274809160305,2.8625954198473282,41.79389312977099,15.648854961832061,11.259541984732824,67.93893129770993,44.847328244274806,50.57251908396947,74.42748091603053,32.44882486732373,21.910538286580742,22.68041237113402,4.925544100801833,34.481627296587924,5.150918635170604,11.778215223097114,14.262820512820513,79.40705128205128,34.63035019455253,1.1673151750972763,14.206896551724139,71.58620689655173,56.645161290322584,16.387096774193548,7.612903225806452,5.290322580645161,3.225806451612903,1.4193548387096775
021303,35.30054644808743,26.666666666666668,13.442622950819672,4.808743169398907,0.4371584699453552,2.622950819672131,3.169398907103825,31.693989071038253,0.0,60.87431693989071,64.80874316939891,59.89071038251366,1.7486338797814207,35.19125683060109,75.19125683060109,0.1092896174863388,6.994535519125683,19.23497267759563,1.2021857923497268,55.08196721311475,7.103825136612022,13.989071038251366,93.00546448087432,1.4207650273224044,0.1092896174863388,2.5136612021857925,51.03825136612022,37.486338797814206,0.32786885245901637,57.15846994535519,76.28415300546447,1.2021857923497268,3.169398907103825,6.885245901639344,35.95628415300546,48.743169398907106,4.262295081967213,46.22950819672131,19.12568306010929,17.92349726775956,59.23497267759563,46.775956284153004,53.005464480874316,78.68852459016394,34.97640272679602,14.210802307288935,19.60159362549801,4.143426294820717,31.115965051628276,4.984114376489277,14.138204924543288,15.016146393972013,78.6329386437029,25.726360274696248,0.8980454305335447,20.716360116166506,71.2487899322362,35.92142188961646,20.5799812909261,12.441534144059869,9.915809167446211,4.864359214218896,5.051449953227316
021304,66.53846153846153,17.384615384615383,7.3076923076923075,4.076923076923077,0.0,26.0,3.0,35.46153846153846,0.6923076923076923,34.23076923076923,84.84615384615384,83.07692307692308,0.15384615384615385,15.153846153846153,81.0,10.153846153846153,5.6923076923076925,15.384615384615385,2.769230769230769,70.38461538461539,4.384615384615385,8.538461538461538,95.38461538461539,1.1538461538461537,0.15384615384615385,2.769230769230769,53.07692307692308,44.15384615384615,0.0,72.76923076923077,89.84615384615384,1.4615384615384615,4.076923076923077,2.3846153846153846,31.0,57.61538461538461,2.769230769230769,29.153846153846153,21.615384615384617,15.23076923076923,69.76923076923077,60.07692307692308,56.07692307692308,85.07692307692308,35.64407656492499,12.752198654940507,13.036565977742448,3.8553259141494434,36.236374067699366,4.1652323580034425,13.987378083763627,11.897867859963148,80.83706238483812,26.852818371607516,1.2004175365344467,18.307692307692307,67.07692307692308,39.666357738646894,12.696941612604263,19.138090824837814,6.672845227062094,8.804448563484709,2.8266913809082483
021305,76.07180570221753,12.587117212249208,4.456177402323125,2.4287222808870115,0.14783526927138332,48.57444561774023,4.0126715945089755,26.948257655755015,0.21119324181626187,19.61985216473073,90.6441393875396,89.44033790918691,0.29567053854276665,9.3558606124604,64.45617740232312,30.095036958817317,2.4287222808870115,86.610348468849,72.56599788806759,8.130939809926083,0.7180570221752904,3.4002111932418164,83.99155227032735,7.1805702217529035,0.781414994720169,6.9482576557550155,61.964097148891234,36.26187961985217,0.042238648363252376,75.31151003167899,89.88384371700106,1.9640971488912355,5.279831045406547,0.5279831045406547,17.71911298838437,65.6388595564942,7.961985216473073,37.80359028511088,18.18373812038015,20.295670538542765,64.49841605068637,74.38225976768743,68.3843717001056,88.13093980992608,39.86370045433182,8.828137239542535,24.416677291852608,4.781333673339283,24.668081401675916,7.11992599847644,15.096854935248667,19.319455564451562,72.41793434747798,44.94115788642287,1.0425716768027802,24.23164024587512,65.15690714978972,18.641414931914227,30.95946157458131,8.921583972452654,6.824229143840976,9.500704335576772,9.51635623728283
021306,74.05405405405405,13.264033264033264,6.029106029106029,2.37006237006237,0.0,4.116424116424116,5.363825363825364,43.40956340956341,0.6237006237006237,41.99584199584199,89.02286902286902,86.6943866943867,0.9563409563409564,10.977130977130978,94.22037422037423,0.2079002079002079,3.9085239085239087,18.37837837837838,15.218295218295218,73.88773388773389,2.1621621621621623,4.656964656964657,94.38669438669439,0.7484407484407485,0.0,3.076923076923077,47.318087318087315,50.145530145530145,0.04158004158004158,80.70686070686071,91.51767151767152,1.1226611226611227,2.4116424116424118,3.2432432432432434,26.902286902286903,64.28274428274429,2.0374220374220373,25.571725571725572,17.04781704781705,18.794178794178794,75.63409563409563,70.14553014553015,60.58212058212058,86.44490644490645,38.05085874051391,10.398082811875915,11.575357066723512,3.027073118738009,34.37939110070258,3.8979963570127505,15.435857403070518,14.222954420647996,81.39758374519495,13.126684636118599,1.0242587601078168,22.9711512537072,56.64599622539768,42.41048915784165,12.405446293494705,14.548663640948059,6.984367120524458,10.53958648512355,2.546646495209279
021307,76.0577915376677,7.533539731682146,8.978328173374614,6.295149638802889,0.0,8.978328173374614,8.771929824561404,54.90196078431372,0.30959752321981426,25.593395252837976,89.2672858617131,86.37770897832817,1.7543859649122806,10.732714138286894,90.29927760577915,0.30959752321981426,6.398348813209494,10.42311661506708,1.5479876160990713,71.20743034055728,4.024767801857585,11.867905056759547,86.48090815273478,2.063983488132095,0.10319917440660474,8.6687306501548,50.87719298245614,46.43962848297214,0.41279669762641896,71.51702786377709,93.3952528379773,0.6191950464396285,1.9607843137254901,2.6831785345717236,26.212590299277604,59.02992776057791,2.579979360165119,21.05263157894737,31.57894736842105,16.408668730650156,69.86584107327141,64.18988648090816,59.02992776057791,80.5985552115583,31.711505437893532,13.16542644533486,21.169440887750746,2.6888604353393086,30.89010989010989,4.846153846153846,14.098901098901099,23.948317307692307,69.8016826923077,26.308054085831863,0.6760728982951205,30.05635566687539,56.54351909830933,29.614485981308412,16.997663551401867,15.654205607476635,4.088785046728972,14.836448598130842,2.5116822429906542
021401,89.81788079470199,3.3940397350993377,1.3245033112582782,0.5794701986754967,0.08278145695364239,69.28807947019868,6.870860927152318,10.844370860927153,1.903973509933775,10.43046357615894,97.01986754966887,96.35761589403974,0.4139072847682119,2.980132450331126,68.87417218543047,22.93046357615894,5.546357615894039,68.21192052980132,25.33112582781457,18.543046357615893,3.4768211920529803,6.291390728476821,68.70860927152317,19.205298013245034,4.552980132450331,6.374172185430464,73.92384105960265,23.427152317880793,0.6622516556291391,82.45033112582782,86.17549668874172,2.4834437086092715,9.7682119205298,0.24834437086092714,8.526490066225165,42.13576158940398,39.817880794701985,39.0728476821192,18.211920529801326,18.211920529801326,77.48344370860927,79.05629139072848,74.00662251655629,90.97682119205298,29.131746563861885,18.37076768354006,38.42155009451796,3.3553875236294894,28.913400610185402,7.873738559023703,11.910349683172964,13.584905660377359,70.36020583190394,42.18379111563242,1.6276703967446593,30.76002393776182,59.54518252543387,21.555174385363063,21.898227558604916,6.0606060606060606,7.718696397941681,6.003430531732419,12.978845054316752
021402,81.24606670862177,5.852737570799245,0.7866582756450597,0.15733165512901195,0.0,69.28886091881687,2.580239144115796,4.46821900566394,5.915670232850849,17.023285084959095,97.82882315921964,96.94776589049717,0.15733165512901195,2.171176840780365,91.09502831969792,0.15733165512901195,7.2687224669603525,42.542479546884834,31.30899937067338,27.407174323473882,3.1780994336060417,24.04027690371303,73.00188797986155,16.865953429830082,0.9439899307740718,7.992448080553808,67.43234738829453,31.088735053492762,0.22026431718061673,80.64820641913153,90.9062303335431,2.4543738200125866,5.097545626179987,0.3146633102580239,11.359345500314664,58.30711139081183,15.764631843926997,35.368156073001884,15.575833857772183,19.7293895531781,68.56513530522341,75.0157331655129,58.46444304594085,86.21774701069856,32.91139240506329,12.830281430502643,13.62971094035858,4.354189535309184,29.143193475153453,5.847977802068444,12.292945430084924,19.464781620802828,76.43271901035092,28.477068793619143,0.7103688933200398,9.810597999574378,84.25196850393701,75.8341369334619,9.296046287367407,1.9672131147540983,2.449373191899711,1.9672131147540983,2.700096432015429
021501,88.72651356993737,7.202505219206681,0.8350730688935282,0.20876826722338204,0.0,9.916492693110648,37.68267223382046,44.88517745302714,0.31315240083507306,4.592901878914405,96.34655532359082,91.02296450939457,4.697286012526096,3.653444676409186,83.08977035490605,0.31315240083507306,13.36116910229645,60.33402922755741,48.95615866388309,36.430062630480165,1.8789144050104385,0.8350730688935282,69.93736951983298,16.38830897703549,1.0438413361169103,11.795407098121085,63.25678496868476,0.10438413361169102,34.446764091858036,44.258872651356995,97.28601252609603,0.31315240083507306,0.6263048016701461,1.3569937369519833,22.338204592901878,51.774530271398746,17.849686847599166,23.173277661795407,22.65135699373695,17.014613778705638,43.0062630480167,66.70146137787056,63.67432150313152,83.92484342379959,38.26037521318931,9.948834565093803,23.800738007380073,2.5830258302583027,29.847044233154197,9.942124844977263,11.451012815212898,15.404775771694817,76.73267326732673,58.13953488372093,1.119724375538329,33.51158645276292,54.129530600118834,32.994923857868024,16.638465877044556,9.362662154540327,9.137055837563452,5.019740552735477,7.3886068809926675
021502,89.91910392034848,6.471686372121966,0.24891101431238333,0.12445550715619166,0.12445550715619166,48.91101431238332,18.855009334163036,24.082140634723086,0.5600497822028625,6.782825140012446,95.89296826384567,95.20846297448662,0.37336652146857496,4.107031736154325,81.45612943372744,0.06222775357809583,15.68139390168015,76.72682016179216,65.02800248911014,18.419415059116368,2.24019912881145,2.177971375233354,74.23771001866832,12.321095208462975,0.7467330429371499,10.889856876166771,62.53889234598631,3.1113876789047916,31.860609831985066,42.81269446172993,90.79029247044181,0.4355942750466708,1.6179215930304915,6.222775357809583,26.26011200995644,49.47106409458618,20.59738643434972,20.16179215930305,25.82451773490977,15.37025513378967,44.18170504044804,64.2190416925949,74.67330429371499,86.6210329807094,42.30637422892392,10.17820424948595,24.34578065274919,4.822111143781241,28.849153297682708,6.690062388591801,12.260472370766488,11.281872162067762,79.93363604610548,39.64384508990318,0.9681881051175657,33.98251192368839,52.42448330683625,35.504279866021584,14.998139188686267,7.889839970227019,7.182731671008559,5.359136583550428,7.815407517677707
021601,68.16588785046729,13.08411214953271,1.6939252336448598,0.5257009345794392,0.0,45.794392523364486,2.161214953271028,12.908878504672897,0.35046728971962615,37.441588785046726,86.21495327102804,84.92990654205607,0.8177570093457944,13.785046728971963,38.25934579439252,0.35046728971962615,59.521028037383175,48.83177570093458,11.682242990654206,26.810747663551403,6.308411214953271,12.032710280373832,78.38785046728972,1.8691588785046729,0.11682242990654206,3.0373831775700935,13.785046728971963,84.81308411214954,0.0,63.60981308411215,91.99766355140187,0.5841121495327103,0.4672897196261682,5.490654205607477,67.87383177570094,13.142523364485982,2.2196261682242993,25.58411214953271,26.927570093457945,19.85981308411215,41.41355140186916,46.320093457943926,39.66121495327103,74.70794392523365,33.62193362193362,14.917027417027416,14.859002169197398,18.872017353579174,32.57541982463962,3.588943379402586,21.437063456680043,18.84708965000936,76.4177428411005,13.271096467142595,0.18304960644334614,12.01235998455002,67.28466589416763,68.00250469630558,9.110832811521602,5.698184095178459,3.725735754539762,1.440200375704446,2.128991859737007
021602,73.8498789346247,14.76997578692494,3.6319612590799033,1.4527845036319613,0.24213075060532688,36.56174334140436,2.4213075060532687,15.738498789346247,1.694915254237288,40.67796610169491,76.75544794188862,74.57627118644068,1.2106537530266344,23.24455205811138,47.21549636803874,0.48426150121065376,50.60532687651332,31.234866828087167,1.2106537530266344,54.479418886198545,5.811138014527845,7.506053268765133,94.18886198547216,1.4527845036319613,0.48426150121065376,2.4213075060532687,12.34866828087167,70.46004842615012,0.24213075060532688,58.35351089588378,92.7360774818402,0.0,0.0,6.779661016949152,67.79661016949153,7.74818401937046,3.1476997578692494,11.864406779661017,35.59322033898305,20.581113801452783,50.60532687651332,39.46731234866828,42.130750605326874,76.27118644067797,41.741204531902206,9.063804412641622,11.68421052631579,13.157894736842104,33.054693097683305,1.60019106759016,26.60616192978266,21.844971172325433,76.10506085842408,11.15218730745533,0.24645717806531114,13.119533527696793,58.60058309037901,59.757738896366085,10.767160161507402,6.594885598923284,5.787348586810229,2.288021534320323,1.2113055181695829
021701,77.72220084647941,7.348980377068103,1.9622931896883418,0.6925740669488265,0.11542901115813775,53.75144286263948,3.616775682954983,23.50904193920739,0.4232397075798384,18.006925740669487,89.41900731050404,88.26471719892267,0.19238168526356292,10.58099268949596,68.37245094267026,20.39245863793767,7.272027702962678,66.64101577529819,31.512120046171603,29.549826856483264,1.115813774528665,0.923432089265102,86.49480569449788,5.001923816852636,0.6540977298961139,5.040400153905348,58.13774528664871,38.47633705271258,0.19238168526356292,80.30011542901116,82.45479030396307,4.3863024240092345,9.38822624086187,0.38476337052712584,12.81262023855329,53.59753751442862,6.002308580223163,39.284340130819544,15.736821854559446,16.621777606771836,76.83724509426703,72.72027702962679,67.21816083108888,87.95690650250096,32.20211161387632,15.475113122171946,23.93238434163701,6.183274021352313,25.212335692618808,6.531850353892821,15.95045500505561,22.93279653143388,70.253948590895,25.835866261398177,3.0091185410334345,20.24348810872027,66.1664779161948,21.044133476856835,20.721205597416578,13.21313240043057,6.996770721205597,8.530678148546825,13.105489773950485
021702,75.12562814070351,10.42713567839196,2.0100502512562812,1.3819095477386936,0.0,9.798994974874372,11.4321608040201,32.28643216080402,0.25125628140703515,43.34170854271357,89.57286432160804,88.69346733668341,0.628140703517588,10.42713567839196,87.43718592964824,0.25125628140703515,8.919597989949748,61.55778894472362,22.110552763819097,32.537688442211056,1.8844221105527639,2.8894472361809047,81.78391959798995,9.547738693467336,0.0,7.160804020100502,52.63819095477387,46.231155778894475,0.0,89.07035175879398,92.08542713567839,2.512562814070352,4.1457286432160805,0.12562814070351758,15.703517587939698,44.72361809045226,5.025125628140704,35.678391959798994,22.98994974874372,12.43718592964824,75.12562814070351,66.70854271356784,64.69849246231156,88.06532663316582,29.481420988158433,16.94569211923234,26.765375854214124,6.3211845102505695,28.461322869955158,8.029708520179373,13.551008968609866,11.31678586453513,70.42490534286917,36.27370156636439,1.2366034624896949,27.315175097276263,57.66536964980545,21.877309682187732,18.329637841832962,7.686622320768662,5.838876570583888,12.195121951219512,9.608277900960827
021703,72.1227621483376,11.253196930946292,8.184143222506394,4.3478260869565215,0.0,11.764705882352942,5.626598465473146,20.71611253196931,0.0,60.10230179028133,82.3529411764706,81.32992327365729,0.2557544757033248,17.647058823529413,66.75191815856778,1.5345268542199488,29.66751918158568,30.946291560102303,1.5345268542199488,57.80051150895141,4.092071611253197,6.649616368286445,89.25831202046035,2.813299232736573,0.0,7.161125319693094,47.31457800511509,49.61636828644501,0.2557544757033248,78.51662404092072,89.00255754475704,2.0460358056265986,5.115089514066496,0.7672634271099744,35.0383631713555,44.24552429667519,5.115089514066496,2.3017902813299234,60.869565217391305,2.813299232736573,71.09974424552429,54.987212276214834,50.38363171355499,80.81841432225065,20.945720945720947,13.81951381951382,13.950511945392492,5.9300341296928325,35.66305906897901,2.633980962315817,14.956317642456643,20.657112897588256,76.581614819993,14.66621712744437,1.0114632501685772,24.443069306930692,59.52970297029703,32.86410395235517,15.105576610720087,17.000541418516512,14.076881429344883,8.175419599350297,3.1402273957769355
021801,47.84110535405872,17.098445595854923,27.63385146804836,15.3713298791019,0.17271157167530224,3.7996545768566494,3.9723661485319517,35.233160621761655,1.0362694300518134,51.46804835924007,90.32815198618307,88.42832469775475,0.3454231433506045,9.671848013816925,78.41105354058722,0.0,21.070811744386873,1.381692573402418,0.0,72.53886010362694,5.526770293609672,18.65284974093264,97.23661485319516,0.690846286701209,0.17271157167530224,1.381692573402418,38.5146804835924,59.93091537132988,0.0,83.93782383419689,91.53713298791018,0.8635578583765112,0.5181347150259067,5.699481865284974,51.81347150259067,36.61485319516407,4.1450777202072535,36.96027633851468,15.716753022452504,17.443868739205527,63.38514680483593,44.04145077720207,50.086355785837654,78.41105354058722,30.733333333333334,17.866666666666667,15.717092337917485,3.732809430255403,35.5043227665706,3.8328530259365996,13.976945244956772,16.76096181046676,75.74257425742574,26.684819605173587,1.1572498298162015,8.616504854368932,77.66990291262135,70.97826086956522,12.173913043478262,2.608695652173913,2.608695652173913,1.6304347826086956,1.8478260869565217
021802,14.563106796116505,44.66019417475728,29.12621359223301,22.33009708737864,0.970873786407767,1.941747572815534,3.883495145631068,36.89320388349515,0.0,56.310679611650485,69.90291262135922,64.07766990291262,2.912621359223301,30.097087378640776,73.7864077669903,0.0,21.359223300970875,11.650485436893204,2.912621359223301,66.01941747572816,8.737864077669903,10.679611650485437,86.40776699029126,5.825242718446602,0.0,6.796116504854369,38.83495145631068,61.16504854368932,0.0,77.66990291262135,86.40776699029126,0.970873786407767,0.0,5.825242718446602,49.51456310679612,36.89320388349515,4.854368932038835,53.398058252427184,5.825242718446602,15.533980582524272,58.25242718446602,44.66019417475728,64.07766990291262,82.52427184466019,33.47826086956522,14.347826086956522,23.68421052631579,5.921052631578948,30.837004405286343,3.0837004405286343,17.76798825256975,10.714285714285714,81.25,14.847161572052402,1.3100436681222707,8.8,80.0,67.37588652482269,11.347517730496454,2.127659574468085,2.127659574468085,2.8368794326241136,4.964539007092198
021901,74.93403693931398,10.158311345646437,5.936675461741425,1.4511873350923483,0.13192612137203166,47.0976253298153,2.1108179419525066,17.41424802110818,0.0,32.849604221635886,85.75197889182058,84.5646437994723,0.7915567282321899,14.248021108179419,84.03693931398416,0.0,13.192612137203167,32.189973614775724,0.5277044854881267,32.321899736147756,15.699208443271768,16.622691292875988,87.99472295514512,4.485488126649076,0.6596306068601583,5.408970976253298,44.32717678100264,55.0131926121372,0.0,81.6622691292876,93.66754617414249,0.7915567282321899,3.825857519788918,0.6596306068601583,33.50923482849604,54.485488126649074,2.242744063324538,60.817941952506594,14.511873350923484,14.907651715039577,70.18469656992085,40.36939313984169,56.33245382585752,83.7730870712401,28.398576512455517,22.206405693950177,19.45837512537613,4.413239719157472,27.413320029932652,5.662259915190821,15.864305313045648,15.287099179716629,77.03206562266965,21.1287988422576,1.085383502170767,16.936488169364882,72.85180572851806,38.49710982658959,21.734104046242773,9.132947976878613,9.826589595375722,4.277456647398844,5.202312138728324
021902,88.38951310861424,6.367041198501872,1.1235955056179776,0.7490636704119851,0.0,12.359550561797754,7.865168539325842,44.943820224719104,0.37453183520599254,32.95880149812734,95.88014981273409,94.00749063670412,1.1235955056179776,4.119850187265918,91.01123595505618,0.37453183520599254,7.116104868913857,19.850187265917604,0.0,40.449438202247194,27.34082397003745,2.6217228464419478,85.76779026217228,2.247191011235955,0.0,10.861423220973784,38.20224719101124,60.29962546816479,0.0,85.3932584269663,92.88389513108615,0.7490636704119851,0.37453183520599254,4.49438202247191,26.217228464419474,56.92883895131086,1.4981273408239701,19.10112359550562,20.224719101123597,13.48314606741573,77.52808988764045,65.54307116104869,62.172284644194754,78.27715355805243,31.07769423558897,8.771929824561404,19.45945945945946,6.846846846846847,34.35873166114529,5.773781353525793,15.380974917179365,20.81151832460733,76.04712041884817,14.702154626109,1.6476552598225602,21.459227467811157,67.81115879828326,39.71774193548387,18.14516129032258,9.879032258064516,13.911290322580646,2.8225806451612905,3.225806451612903
022001,79.60128617363344,8.540192926045016,1.1061093247588425,0.6302250803858521,0.42443729903536975,62.57234726688103,4.012861736334405,18.585209003215436,0.5530546623794212,13.80064308681672,92.65594855305466,91.33118971061093,0.27009646302250806,7.344051446945338,79.45980707395498,10.688102893890676,5.491961414790997,72.09003215434083,46.31511254019293,17.363344051446944,2.418006430868167,4.720257234726688,71.13826366559485,20.205787781350484,2.392282958199357,5.131832797427653,74.7652733118971,14.996784565916398,5.067524115755627,68.54019292604502,78.91961414790997,3.7684887459807075,13.7491961414791,1.067524115755627,17.85209003215434,56.758842443729904,21.311897106109324,32.21864951768489,24.205787781350484,20.270096463022508,59.38263665594855,68.06430868167203,75.54983922829582,88.73311897106109,37.132928739232575,8.79992169146437,31.196384803921568,3.5309436274509802,28.669036677360616,8.039538714991762,11.622301222578686,16.24548736462094,75.20056157240273,45.58344037150479,0.6224681355597274,30.341113105924595,59.69006897855051,22.11572912934432,27.534933715514153,5.938731637405947,7.210677176639197,6.637405947689,10.399498387674669
022002,87.70491803278688,6.557377049180328,0.546448087431694,0.0,0.546448087431694,44.53551912568306,9.562841530054644,31.9672131147541,0.0,13.114754098360656,93.71584699453553,91.53005464480874,0.819672131147541,6.284153005464481,93.44262295081967,0.0,3.278688524590164,4.918032786885246,1.366120218579235,71.31147540983606,6.284153005464481,14.207650273224044,86.88524590163935,9.01639344262295,0.0,3.0054644808743167,58.46994535519126,3.8251366120218577,32.78688524590164,45.90163934426229,84.69945355191257,8.19672131147541,3.551912568306011,1.639344262295082,27.3224043715847,57.923497267759565,11.748633879781421,32.78688524590164,28.688524590163933,23.770491803278688,57.10382513661202,69.67213114754098,75.13661202185793,88.25136612021858,40.77555816686252,9.870740305522915,26.990291262135923,4.077669902912621,30.44338875692795,6.492478226444972,10.926365795724466,5.748502994011976,87.18562874251496,53.07328605200946,0.4728132387706856,19.904076738609113,67.38609112709833,60.63157894736842,14.105263157894736,2.9473684210526314,1.0526315789473684,2.3157894736842106,6.315789473684211
030101,70.86726816201897,4.284791112733515,4.565971280159039,4.3129091294760675,18.888401071444427,69.74304079085621,10.60641189441438,14.219823695102038,0.08780714000305845,4.476684244537952,98.5531553841069,97.81370087363172,0.3028853031566174,1.4468446158930923,46.14807835553999,51.28084965740416,0.6772988945179733,97.76141122846136,77.40495370393208,1.577075430279651,0.12776432168984347,0.21606476023224494,60.12519916928526,23.228934919123706,6.355658380895534,8.855202079746642,90.25636725089657,8.945969010985758,0.06906179550802351,89.97321388931367,48.05369061302209,27.561575990173495,23.328581224070994,0.16130862236516919,2.936606204709028,35.24026105358702,53.24812423230415,22.13874514717562,24.44294262444689,18.543585392443653,70.08391008154224,89.00338896096528,88.58852488937781,94.1997957744047,32.35644868323007,12.608286741874654,50.132019857986975,2.4662042915621893,23.589497818208713,13.097019451224021,7.113438355151247,19.81889149600346,58.25476099706979,36.12298033948985,2.3421885343781774,44.76708509531369,45.425076371009695,4.782019426248024,25.86337087353577,11.393720352383104,7.509116137984446,7.150279131304656,8.12223692277905
030201,84.90763332171488,11.293133495991635,0.6273963053328686,0.4531195538515162,0.8713837574067619,82.81631230393866,1.0456605088881143,8.191007319623562,0.10456605088881143,7.563611014290694,98.15266643429767,97.59498082955734,0.27884280237016384,1.8473335657023353,55.90798187521784,36.28441965841757,6.343673753921227,85.39560822586267,72.01115371209481,10.596026490066226,1.0108051585918438,2.7535726734053676,65.73719065876612,21.85430463576159,3.346113628441966,8.08644126873475,75.81038689438829,23.875914952945276,0.0,83.86197281282676,64.41268734750784,26.90833042872081,6.866504008365284,0.801673056814221,12.303938654583478,52.73614499825723,31.47438131753224,21.85430463576159,23.631927500871384,15.928895085395608,72.42941791565005,74.48588358313,79.95817357964448,89.9616591146741,37.634294224018724,13.498563982555048,36.012807549713514,6.252106504887092,25.91893804117112,9.244971530608806,10.986826589400627,10.335135135135134,74.17297297297297,24.919614147909968,1.564844587352626,36.58204895738894,52.26654578422484,20.026036016489478,23.12866131481883,8.244738555001085,8.982425688869602,4.664786287697982,7.962681709698416
030202,97.60479041916167,1.7964071856287425,0.0,0.0,0.0,82.83433133732535,2.7944111776447107,11.976047904191617,0.0,2.395209580838323,97.40518962075848,95.80838323353294,1.1976047904191616,2.594810379241517,86.22754491017965,0.5988023952095808,11.776447105788423,89.82035928143712,81.437125748503,6.786427145708583,1.596806387225549,1.3972055888223553,81.437125748503,10.978043912175648,0.5988023952095808,6.387225548902196,33.13373253493014,66.46706586826348,0.0,88.02395209580838,48.70259481037924,49.50099800399202,0.1996007984031936,1.1976047904191616,15.169660678642714,42.91417165668663,25.548902195608783,13.77245508982036,39.52095808383233,13.373253493013973,65.06986027944112,73.65269461077844,75.249500998004,88.02395209580838,28.90699904122723,15.244487056567593,34.59495351925631,4.714475431606906,31.770319183942085,6.284962158604804,9.378084896347483,13.011695906432749,75.38986354775828,24.891670678863747,0.8184882041405874,28.920570264765786,57.026476578411405,49.569377990430624,10.717703349282298,6.6028708133971294,5.837320574162679,2.9665071770334928,3.349282296650718
030203,78.59042553191489,6.914893617021277,5.98404255319149,5.452127659574468,0.6648936170212766,11.96808510638298,13.696808510638299,61.569148936170215,0.26595744680851063,9.97340425531915,96.94148936170212,96.01063829787235,0.26595744680851063,3.0585106382978724,82.84574468085107,0.26595744680851063,14.893617021276595,74.06914893617021,63.430851063829785,24.335106382978722,0.6648936170212766,0.7978723404255319,67.81914893617021,20.079787234042552,0.5319148936170213,10.372340425531915,58.244680851063826,41.090425531914896,0.13297872340425532,77.52659574468085,43.21808510638298,44.680851063829785,10.23936170212766,0.5319148936170213,17.68617021276596,55.71808510638298,24.867021276595743,17.68617021276596,27.659574468085108,13.430851063829786,49.734042553191486,70.61170212765957,78.45744680851064,89.8936170212766,33.87978142076503,10.018214936247723,22.26456178551987,6.586826347305389,32.28950103950104,7.328482328482329,8.380977130977131,15.467359050445104,78.30118694362018,40.403669724770644,0.9541284403669725,27.89927104042412,59.774685222001324,54.826254826254825,12.805662805662806,4.311454311454312,5.662805662805662,3.6036036036036037,3.1531531531531534
030301,79.72027972027972,14.195804195804195,1.048951048951049,0.27972027972027974,0.13986013986013987,36.15384615384615,2.3076923076923075,8.321678321678322,6.503496503496503,46.43356643356643,97.13286713286713,96.22377622377623,0.06993006993006994,2.867132867132867,88.88111888111888,0.27972027972027974,9.020979020979022,34.19580419580419,30.06993006993007,47.41258741258741,1.118881118881119,16.783216783216783,65.87412587412588,15.174825174825175,1.6783216783216783,16.153846153846153,31.04895104895105,62.23776223776224,0.6293706293706294,71.95804195804196,94.68531468531468,2.5174825174825175,2.237762237762238,0.34965034965034963,32.37762237762238,41.04895104895105,10.06993006993007,33.70629370629371,14.405594405594405,17.482517482517483,63.63636363636363,71.60839160839161,80.13986013986013,90.9090909090909,43.01355578727841,6.673618352450469,19.28796755295178,7.300585849481749,23.774132923287205,7.9958995386981035,8.423030924312318,6.701986754966887,55.17880794701987,36.01572739187418,0.3931847968545216,16.93349753694581,48.830049261083744,15.856481481481481,13.310185185185185,3.3564814814814814,2.488425925925926,1.5625,5.266203703703703
030302,82.90598290598291,12.393162393162394,0.8547008547008547,0.0,0.0,64.1025641025641,5.128205128205129,18.803418803418804,0.0,9.82905982905983,93.16239316239316,92.73504273504274,0.42735042735042733,6.837606837606837,76.92307692307692,0.0,20.94017094017094,66.66666666666667,42.73504273504273,30.76923076923077,0.42735042735042733,0.42735042735042733,85.47008547008546,6.837606837606837,0.0,7.264957264957265,32.9059829059829,66.66666666666667,0.0,70.08547008547009,91.88034188034187,5.128205128205129,2.1367521367521367,0.8547008547008547,32.9059829059829,37.60683760683761,19.65811965811966,48.717948717948715,17.94871794871795,13.247863247863247,68.37606837606837,50.0,66.66666666666667,88.46153846153847,31.372549019607842,22.54901960784314,30.681818181818183,10.227272727272727,31.088082901554404,9.104367135455218,10.436713545521835,6.680161943319838,83.40080971659918,28.174603174603174,1.1904761904761905,22.968197879858657,62.19081272084806,48.993288590604024,13.758389261744966,4.697986577181208,4.3624161073825505,4.3624161073825505,5.369127516778524
030303,36.44444444444444,19.77777777777778,3.7777777777777777,0.6666666666666666,0.0,16.22222222222222,4.666666666666667,36.22222222222222,0.6666666666666666,38.666666666666664,77.11111111111111,60.888888888888886,14.88888888888889,22.88888888888889,59.333333333333336,0.0,39.111111111111114,2.4444444444444446,0.2222222222222222,84.88888888888889,2.888888888888889,8.666666666666666,86.44444444444444,4.222222222222222,0.2222222222222222,8.222222222222221,23.11111111111111,54.666666666666664,19.333333333333332,48.44444444444444,74.44444444444444,4.0,1.3333333333333333,20.22222222222222,67.77777777777777,17.555555555555557,10.88888888888889,34.22222222222222,15.777777777777779,20.88888888888889,44.44444444444444,40.22222222222222,58.22222222222222,82.66666666666667,38.16013628620102,9.625212947189096,8.0,7.310344827586207,36.933797909407666,5.609756097560975,9.790940766550523,8.947368421052632,87.63157894736842,37.371134020618555,0.42955326460481097,12.66891891891892,72.80405405405405,69.44444444444444,8.487654320987655,2.4691358024691357,4.62962962962963,4.166666666666667,1.5432098765432098
030401,86.62456946039036,8.668197474167624,2.8702640642939152,2.640642939150402,0.1148105625717566,62.62916188289323,7.405281285878301,20.493685419058554,0.1148105625717566,8.840413318025258,95.69460390355913,94.89092996555684,0.574052812858783,4.305396096440872,61.079219288174514,28.932261768082665,8.668197474167624,71.98622273249138,62.1699196326062,19.747416762342134,0.9758897818599311,6.77382319173364,81.17106773823191,6.7164179104477615,0.1148105625717566,10.275545350172216,69.34557979334099,28.70264064293915,0.17221584385763491,76.63605051664753,56.027554535017224,25.31572904707233,14.466130884041332,1.894374282433984,18.65671641791045,54.19058553386912,24.68427095292767,30.826636050516647,23.134328358208954,17.106773823191734,74.79908151549942,80.13777267508611,74.45464982778415,89.03559127439725,32.45296671490593,15.358176555716353,41.158059467918626,4.460093896713615,27.136273044344794,12.730443447932236,8.352017937219731,12.236598890942698,65.00924214417745,41.910828025477706,2.0746132848043675,36.67566525260316,49.44080215966063,26.325829835940482,12.857687905379626,11.75123998473865,9.118657001144602,4.349484929416254,7.82144219763449
030402,68.3206106870229,15.267175572519085,0.9541984732824428,0.7633587786259542,0.19083969465648856,58.20610687022901,1.717557251908397,10.687022900763358,0.19083969465648856,25.954198473282442,91.98473282442748,90.07633587786259,1.3358778625954197,8.01526717557252,80.72519083969466,0.3816793893129771,17.938931297709924,76.14503816793894,61.06870229007634,18.702290076335878,1.5267175572519085,3.2442748091603053,87.40458015267176,4.580152671755725,0.0,6.106870229007634,52.29007633587786,45.038167938931295,0.3816793893129771,75.0,68.3206106870229,17.748091603053435,9.732824427480915,1.717557251908397,34.732824427480914,48.66412213740458,13.549618320610687,42.17557251908397,15.83969465648855,19.46564885496183,58.01526717557252,48.66412213740458,59.35114503816794,80.1526717557252,37.76553894571204,16.758457907159716,25.06234413965087,10.972568578553616,29.923830250272037,7.616974972796518,13.302502720348205,9.79757085020243,81.29554655870446,20.271348762968874,1.1971268954509178,27.918781725888326,55.83756345177665,47.239263803680984,9.202453987730062,3.067484662576687,8.588957055214724,5.9815950920245395,4.447852760736196
030403,25.55458260361938,6.085814360770578,8.917104495037945,8.450087565674256,55.6333917104495,6.100408639813193,16.272621132516054,38.353765323992995,0.14594279042615294,36.32516053706947,78.56100408639813,76.95563339171045,0.8756567425569177,21.438995913601868,66.08289550496205,15.922358435493287,15.484530064214828,47.5189725627554,35.828955049620546,45.25685931115003,3.166958552247519,2.0577933450087564,85.42031523642731,5.852305896088733,0.40863981319322823,7.078225335668418,88.25160537069469,8.493870402802102,0.39404553415061294,64.68184471687098,66.47694103911267,13.660245183887916,16.476941039112667,0.6713368359603036,20.271453590192646,52.32049036777583,24.72270869819031,31.260945709281962,20.271453590192646,21.395213076474022,57.88091068301226,63.54349095154699,78.28371278458845,88.96672504378283,41.05107100863964,9.656970502530546,19.61321239089509,6.734554167379771,29.039444850255663,8.256026296566837,9.733382030679328,12.673039753434676,80.78148670532309,64.4431853301741,1.5040692283918822,36.842713509765396,51.83173465849994,18.698562493141665,20.926149456819928,10.062548008339734,18.742455832327444,7.4070009876001315,7.45089432678591
030404,63.24786324786325,18.803418803418804,5.3418803418803416,2.5641025641025643,0.0,56.837606837606835,2.3504273504273505,9.188034188034187,0.21367521367521367,30.982905982905983,80.98290598290598,80.34188034188034,0.0,19.017094017094017,69.23076923076923,0.42735042735042733,27.77777777777778,33.76068376068376,25.213675213675213,47.64957264957265,4.05982905982906,13.247863247863247,92.73504273504274,1.2820512820512822,0.0,3.8461538461538463,36.324786324786324,62.39316239316239,0.0,56.1965811965812,84.4017094017094,3.6324786324786325,7.264957264957265,2.5641025641025643,56.623931623931625,31.837606837606838,8.547008547008547,37.82051282051282,19.871794871794872,19.65811965811966,61.111111111111114,44.44444444444444,63.034188034188034,80.98290598290598,34.23782920989625,12.68954509177973,11.85006045949214,9.794437726723096,33.136792452830186,5.955188679245283,10.112028301886792,9.582309582309582,85.83128583128583,12.228479485116653,0.6436041834271923,17.329545454545453,64.91477272727273,57.03022339027595,9.85545335085414,6.701708278580814,7.09592641261498,6.701708278580814,2.102496714848883
030501,75.20661157024793,17.355371900826448,4.427390791027155,4.368358913813459,0.2361275088547816,78.45336481700119,2.0661157024793386,10.448642266824084,0.1180637544273908,8.441558441558442,97.10743801652893,96.81227863046045,0.0590318772136954,2.8925619834710745,63.87249114521842,30.401416765053128,4.132231404958677,91.49940968122786,76.62337662337663,5.4899645808736715,0.5312868949232585,1.770956316410862,87.13105076741441,5.6080283353010625,0.5903187721369539,5.903187721369539,59.56316410861866,39.84651711924439,0.0,78.51239669421487,39.90554899645809,37.07201889020071,20.306965761511215,1.3577331759149942,15.64344746162928,61.570247933884296,20.070838252656433,28.571428571428573,21.428571428571427,16.29279811097993,80.46044864226683,82.0543093270366,72.96340023612751,88.4887839433294,33.60574048235998,15.606936416184972,38.0082498526812,5.951679434295817,26.13999608585035,12.029486594037445,9.315676169352209,11.440677966101696,73.10330912025827,37.85140562248996,1.3855421686746987,33.841830590124445,53.753512645523884,26.62857142857143,15.80952380952381,13.942857142857143,7.542857142857143,5.866666666666666,5.40952380952381
030502,85.71428571428571,6.593406593406593,2.197802197802198,0.27472527472527475,0.0,54.94505494505494,4.395604395604396,20.054945054945055,0.27472527472527475,20.054945054945055,89.83516483516483,89.01098901098901,0.5494505494505495,10.164835164835164,73.07692307692308,9.615384615384615,15.934065934065934,39.56043956043956,35.43956043956044,48.62637362637363,1.9230769230769231,9.340659340659341,91.48351648351648,5.4945054945054945,0.0,2.197802197802198,38.18681318681319,61.81318681318681,0.0,79.12087912087912,80.76923076923077,10.164835164835164,6.318681318681318,1.3736263736263736,38.73626373626374,51.0989010989011,8.516483516483516,38.73626373626374,20.87912087912088,13.461538461538462,78.57142857142857,61.81318681318681,72.25274725274726,87.91208791208791,33.503054989816704,16.59877800407332,29.62406015037594,10.827067669172932,25.90246991766941,7.979734008866371,13.236225459151362,7.924921793534932,75.70385818561002,19.7327852004111,0.30832476875642345,29.557522123893804,56.991150442477874,43.88609715242881,14.74036850921273,4.522613065326633,5.192629815745394,4.0201005025125625,6.030150753768845
030601,70.49608355091384,21.93211488250653,0.5221932114882507,0.0,0.0,31.33159268929504,1.566579634464752,10.966057441253264,0.0,53.52480417754569,90.86161879895562,88.77284595300262,1.3054830287206267,9.138381201044387,62.14099216710183,0.0,34.72584856396867,11.488250652741515,0.5221932114882507,72.32375979112271,4.960835509138382,10.704960835509139,82.50652741514361,7.049608355091384,0.26109660574412535,8.616187989556137,32.37597911227154,64.49086161879896,0.0,67.1018276762402,92.42819843342036,3.6553524804177546,2.088772845953003,0.26109660574412535,40.469973890339425,42.819843342036556,10.182767624020888,43.34203655352481,15.926892950391645,18.01566579634465,51.95822454308094,44.12532637075718,57.180156657963444,80.4177545691906,37.17217787913341,13.340935005701255,23.175182481751825,13.86861313868613,37.17881489250131,5.08652333508128,10.120608285264813,5.529411764705882,80.70588235294117,21.478060046189377,0.8083140877598153,26.36579572446556,58.43230403800475,45.81497797356828,8.370044052863436,4.405286343612334,6.387665198237886,3.9647577092511015,3.303964757709251
030602,64.07766990291262,20.06472491909385,0.32362459546925565,0.0,0.0,29.449838187702266,4.854368932038835,33.00970873786408,3.559870550161812,21.68284789644013,83.81877022653721,81.55339805825243,1.941747572815534,16.181229773462782,33.980582524271846,0.32362459546925565,65.37216828478964,1.941747572815534,0.32362459546925565,76.05177993527508,12.62135922330097,4.854368932038835,95.79288025889967,2.912621359223301,0.32362459546925565,0.6472491909385113,11.326860841423947,85.76051779935275,0.6472491909385113,71.5210355987055,85.11326860841424,10.032362459546926,0.6472491909385113,4.207119741100324,57.92880258899677,33.333333333333336,7.119741100323624,33.980582524271846,19.741100323624597,19.093851132686083,56.63430420711974,31.067961165048544,50.48543689320388,73.13915857605178,41.43947655398037,13.086150490730644,11.359404096834265,16.573556797020483,40.318566450970636,3.0363364858138375,12.742658038825287,5.835240274599542,88.21510297482837,20.35203520352035,0.11001100110011001,14.878048780487806,65.36585365853658,67.76315789473684,5.921052631578948,5.482456140350878,8.114035087719298,2.412280701754386,1.5350877192982457
030701,73.4009360374415,18.7467498699948,0.7280291211648466,0.5720228809152366,3.2241289651586063,50.80603224128965,5.746229849193968,28.705148205928236,0.31201248049922,13.000520020800833,94.48777951118045,93.6297451898076,0.2080083203328133,5.512220488819553,64.74258970358814,24.804992199687987,9.82839313572543,73.21892875715028,58.65834633385335,23.790951638065522,0.5720228809152366,2.0280811232449296,82.11128445137805,9.23036921476859,1.4560582423296933,6.110244409776391,74.49297971918877,24.128965158606345,0.26001040041601664,75.94903796151846,65.10660426417057,14.430577223088923,18.7727509100364,0.7280291211648466,15.860634425377015,53.61414456578263,28.26313052522101,25.14300572022881,25.195007800312013,18.27873114924597,73.2709308372335,75.35101404056162,73.6089443577743,88.50754030161207,39.146382127375794,13.037679226408804,25.36085255631998,8.012950222581951,24.862131116670703,8.678341807225674,9.07648024103516,10.79617564937812,74.32946949826551,35.12559858859111,1.6382424598840628,32.03510696653867,55.60431523130371,39.8789974070873,15.384615384615385,7.657735522904062,6.309420916162489,8.141745894554884,5.790838375108038
030702,71.10862262038074,7.726763717805151,14.221724524076148,13.773796192609183,4.143337066069429,51.06382978723404,8.3986562150056,23.852183650615903,0.0,16.237402015677493,93.95296752519597,92.94512877939529,0.5599104143337066,6.047032474804031,57.4468085106383,28.66741321388578,10.862262038073908,50.27995520716685,42.44120940649496,44.00895856662934,2.015677491601344,2.687569988801792,79.61926091825308,11.422172452407615,0.671892497200448,7.61478163493841,68.42105263157895,29.56326987681971,0.11198208286674133,78.38745800671893,47.92833146696528,32.81075027995521,16.90929451287794,1.4557670772676372,15.677491601343785,52.295632698768195,28.89137737961926,33.14669652855543,17.469204927211646,16.013437849944008,66.18141097424412,69.87681970884658,73.57222844344905,87.01007838745801,31.642917015926237,18.147527242246436,24.59115687462144,4.906117504542701,28.440366972477065,10.493119266055047,9.088302752293577,11.20067882901994,70.8103521425541,45.87542087542087,2.314814814814815,36.578947368421055,51.49122807017544,34.519867549668874,13.245033112582782,12.417218543046358,10.347682119205299,6.539735099337748,4.552980132450331
030703,73.83863080684597,18.09290953545232,2.93398533007335,2.93398533007335,0.0,42.54278728606357,2.2004889975550124,21.760391198044008,0.0,32.02933985330073,89.48655256723717,87.77506112469437,0.4889975550122249,10.513447432762836,82.64058679706602,0.0,16.625916870415647,0.4889975550122249,0.0,90.2200488997555,1.9559902200488997,7.090464547677262,90.46454767726162,5.623471882640587,0.4889975550122249,2.93398533007335,66.50366748166259,30.073349633251834,0.0,76.03911980440098,79.21760391198045,8.557457212713937,11.246943765281173,0.0,16.87041564792176,55.50122249388753,25.672371638141808,21.760391198044008,20.78239608801956,22.249388753056234,64.30317848410758,61.613691931540345,67.72616136919315,86.79706601466992,42.41971620612397,9.559372666168782,10.773130544993663,8.238276299112801,29.900990099009903,7.153465346534653,9.975247524752476,8.060836501901141,83.87832699619771,26.034612490594434,0.45146726862302483,17.391304347826086,71.01449275362319,65.40785498489426,7.854984894259819,3.7764350453172204,4.833836858006042,4.078549848942598,2.2658610271903323
030801,78.15239379635874,18.813216453135535,1.820633850303439,1.6857720836142953,0.06743088334457181,67.76803776129468,7.799505506855473,16.45313553607552,0.11238480557428636,7.237581478984041,97.70734996628455,97.39267251067656,0.08990784445942908,2.2926500337154416,51.269948302989434,45.493369296471116,1.6632951224994381,88.2670262980445,75.18543492919757,9.530231512699483,0.4720161834120027,1.1238480557428636,81.3216453135536,7.754551584625759,1.2587098224320072,8.766014834794335,86.6936390200045,13.01416048550236,0.0,76.37671386828501,29.040233760395594,22.16228365924927,46.25758597437626,1.7082490447291525,14.924702180265228,55.69790964261632,28.118678354686445,17.576983591818387,30.72600584400989,13.823331085637221,74.73589570690042,86.8509777478085,75.52258934592044,89.09867385929422,33.532462417120726,16.365784809295608,35.807512204842084,4.234332968018332,27.218519817607856,12.517537706068046,8.065152578042792,12.9818281938326,74.84168502202643,33.75778921701436,2.1945272283933894,31.888377133568138,55.74370089406665,24.620920071960935,20.58596761757903,6.8362888717553325,9.11076843998972,7.003341043433565,6.784888203546646
030802,64.15441176470588,32.35294117647059,1.838235294117647,1.838235294117647,0.18382352941176472,54.411764705882355,4.963235294117647,28.676470588235293,0.0,10.477941176470589,97.05882352941177,96.50735294117646,0.36764705882352944,2.9411764705882355,64.70588235294117,24.264705882352942,9.191176470588236,68.75,56.8014705882353,24.264705882352942,1.1029411764705883,4.779411764705882,84.92647058823529,3.676470588235294,0.18382352941176472,8.823529411764707,63.0514705882353,36.029411764705884,0.0,73.16176470588235,34.19117647058823,25.919117647058822,27.389705882352942,10.845588235294118,31.801470588235293,49.4485294117647,16.727941176470587,29.595588235294116,21.139705882352942,17.46323529411765,76.1029411764706,81.98529411764706,64.70588235294117,83.45588235294117,30.328396651641985,21.442369607211848,24.739336492890995,6.540284360189573,31.217877094972067,9.832402234636872,8.759776536312849,13.48314606741573,79.51090548578982,29.66321243523316,1.6839378238341969,24.03598971722365,61.311053984575835,52.23529411764706,13.058823529411764,3.8823529411764706,8.0,4.823529411764706,2.7058823529411766
030803,60.528144544822794,14.315496872828353,14.037526059763724,12.786657400972897,8.895066018068103,27.032661570535094,21.125781792911745,38.498957609451004,0.0,12.230715774843642,91.591382904795,90.6184850590688,0.41695621959694235,8.408617095205004,78.04030576789437,13.620569840166782,7.574704656011119,37.387074357192496,24.600416956219597,56.011118832522584,3.1271716469770676,2.2932592077831826,80.82001389854065,8.825573314801947,0.5559416261292565,9.312022237665046,86.93537178596247,11.396803335649757,0.13898540653231412,77.27588603196665,47.46351633078527,34.05142460041696,16.26129256428075,0.6254343293954134,11.049339819318972,50.382209867963866,37.03961084086171,20.361362056984017,26.268241834607366,15.77484364141765,69.63168867268936,79.9166087560806,84.50312717164698,92.56428075052119,34.27219952698344,13.953988389593636,27.714748784440843,5.218800648298217,29.58756724447101,10.034369396294082,8.652121936640764,11.978142076502733,77.98907103825137,61.75643521522821,3.201384382435648,34.54312553373185,49.06063193851409,31.728395061728396,13.004115226337449,6.584362139917696,14.897119341563785,5.925925925925926,10.329218106995885
030901,76.60331245772143,6.1644881838217644,13.413489864053942,12.828681781482532,1.9944574159338382,67.21801558033474,12.184956466711764,16.461911100442972,0.05673511248827111,3.174984179632095,98.84784079254588,98.16047308355337,0.3011325201300543,1.152159207454121,66.35171405503306,31.69528880354376,0.9644969123006089,92.31675649726144,76.07742160734938,6.11866366988893,0.4407881816396447,0.6262683570820695,63.621882296462786,20.005673511248826,5.520762869050996,9.714796953760883,89.65238833002378,9.634058524450651,0.10255962642110546,85.52381783664651,53.31791302070832,27.3245030222358,18.33853405197809,0.22475833024199707,3.015689440722718,41.85742029807755,52.676369825648635,17.09690793636939,26.5651253627774,19.030266000392782,70.15078447203614,89.81604730835534,86.23082462303881,93.57802169026994,35.53797427776424,11.14993524561786,42.51765464295133,3.188091540422539,24.315665158265222,11.930870780276189,8.019784614305259,15.759930354335312,64.38975585036577,53.54607182505873,1.5664936875532491,43.088681169747524,47.38651129647483,10.658904257618326,23.662740436567972,12.429760103738923,7.671007132051005,8.428787551329155,8.096498811324832
030902,72.7632675743262,11.739372047791052,10.412614615170881,9.863851069741594,1.5976660183384273,15.775215337593776,33.488469019171994,38.955265351486524,0.27785495971103086,8.953876076687969,97.69380383439844,96.92275632120034,0.4515143095304251,2.306196165601556,88.85106974159488,7.2103362045012505,3.181439288691303,76.95887746596277,64.46929702695193,20.53348152264518,0.7571547652125591,1.0558488469019172,75.93081411503195,12.35065295915532,1.3267574326201723,9.342873020283411,86.10030564045569,13.232842456237844,0.04167824395665463,74.81244790219506,56.189219227563214,21.672686857460405,20.9572103362045,0.25701583773270353,7.175604334537372,57.02278410669631,33.287024173381496,20.866907474298415,25.54181717143651,20.15143095304251,64.01778271742151,82.32147818838567,80.22367324256739,91.87274242845234,41.47815539145794,9.69334553425124,25.971662086441345,6.784681823048645,27.18415859082742,10.663053403634864,8.331615069663318,11.639344262295081,77.89689387402933,57.346549915433854,1.1111348990558565,37.4180387585604,51.3380931565399,29.095468053491828,18.963595839524515,10.99554234769688,8.557763744427934,9.63038632986627,6.287147102526003
030903,77.98921277498333,5.3875522695594205,9.229743651899884,8.757045027574087,4.072480455729956,68.00193927640748,15.071813829464881,13.799163687049269,0.060602387734076724,2.3695533604023997,98.92733773710684,97.96982001090844,0.5757226834737289,1.072662262893158,60.63874916671717,36.688685534210045,1.3029513362826495,97.15168777649839,79.84364583964609,1.7998909157020786,0.25453002848312223,0.18786740197563784,61.49930307254106,22.671353251318102,5.272407732864675,9.090358160111508,86.94018544330646,12.181079934549421,0.11514453669474577,91.03690685413005,45.28816435367553,36.62808314647597,16.441427792255016,0.6363250712078056,2.55136052360463,36.34931216289922,56.85716017211078,16.932307132901038,25.85297860735713,16.623234955457246,71.68050421186595,88.87946185079691,88.92188352221078,93.98824313677959,34.55232629350318,10.671729278577804,48.502098635886675,2.2796432318992657,25.478496201375982,12.10342691316965,7.427695718804004,15.47654880575081,63.38285026292959,59.183960604994724,3.7214210341188885,44.57756054536768,44.199037154092096,8.6911628569394,21.583707185074413,10.247098198390658,9.65605639820551,8.032471694082462,8.413444420707826
030904,73.44669295920346,9.019202172366974,13.72599728454128,13.079459494407448,1.3512639813797116,32.30749337298765,28.24077067304584,31.58337104803776,0.20689209284282667,6.1291782504687395,98.63580526281761,98.15090192021724,0.23275360444818,1.3641947371823884,81.99392254477274,15.419926294691924,1.6616021206439517,75.81302127109329,63.787418374603995,20.960755156138877,1.1896295338462533,1.3124717139716817,69.78728906704598,16.590159694834163,3.316738863386565,9.368332579039246,90.74157884528351,8.508437318161247,0.10991142432275167,81.54134609167906,58.94485032650159,20.0879291394582,19.997413848839464,0.213357470744165,3.5171655783280533,46.55718626753734,48.17353074287192,19.603025796857825,24.542574513480314,19.19570698907351,66.48348095946209,86.61666774422964,84.66412361802547,93.31479925001616,38.60673893016053,9.345904306407668,37.12784588441331,4.390793094821116,24.9514045973672,10.39422804214138,8.654478040412005,12.470252260828177,69.41932413136601,63.8069335225369,1.4150850430635211,43.75634069957214,46.33672974284328,16.25552909152773,21.703810820006805,11.083701939435182,8.217080639673359,9.123001020755359,7.328172847907451
030905,81.44109471883687,3.217874706008125,13.561043403891384,13.11738293778063,1.1225144323284157,83.25849903784477,8.365405174257003,5.633953388924525,0.08017960230917255,2.2236476373743854,99.60979260209535,99.07526192003421,0.25122942056874065,0.3902073979046397,54.639726320290784,43.51079751977763,0.6147102843703228,98.05965362411803,81.24331836647424,1.4913406029506093,0.13363267051528757,0.11225144323284157,58.44558477656617,23.781270044900577,8.1783194355356,8.509728458413512,92.10498182595681,7.285653196493478,0.10156082959161856,90.44259140474664,43.40923669018601,32.98588838999358,22.65875561257216,0.1977763523626256,2.3679709215308957,29.137267479153305,64.88667949540303,16.153517211887962,25.64143681847338,17.121017746418644,73.03292709001497,92.13705366688048,89.37353004062433,94.84712422493051,33.203088803088804,11.474903474903474,49.56569193687753,2.126063031515758,24.82150502794589,11.402270386613745,6.678084173252948,13.923122523478206,61.852984306261895,69.03191769981535,2.0621596040157026,47.98533588744303,42.06354448774688,6.570184426229508,22.614626024590162,12.445568647540984,7.671618852459017,7.8125,8.164702868852459
031001,66.571033710617,7.592323705893673,10.566275387925756,9.847278834210941,12.018263562094361,71.2576316848311,7.015027202910974,13.758899987754317,0.09096793380333433,7.2564421041582845,96.52047653202246,95.61954411070097,0.21867291779647674,3.479523467977538,64.03792663086261,32.31985725031926,2.118503227612267,92.88175917988909,78.39686510505047,5.743225513006665,0.34637790178961914,0.5318125360810314,67.23230061403355,17.313646939453843,4.487168273183703,9.8560257509228,88.88091947588475,9.768556583804209,0.150446967443976,84.04037576754195,43.438937774434514,35.04364711439218,19.815265119045538,0.3271346850235292,5.88317618039641,39.28415233630145,51.13272571418575,21.60138551160716,25.679198082675857,18.018648426429685,66.58153001067124,84.75237478788726,86.68369399786575,93.65148785053269,35.071870823445984,10.443771649892263,45.08605873210365,3.450572765474536,25.285671962889985,10.790615922073739,7.819070778248568,16.143666044879083,64.69166326339143,55.96893783179046,2.5632869740709867,43.69342472951348,45.601757863813326,9.373517123248035,22.985313009964933,10.592224807009016,9.255465666701388,9.17676469567029,8.133976829508235
031002,70.90986757795814,21.27296027338744,2.1785561725758225,0.8543357539513029,0.08543357539513029,54.463904314395556,7.859888936351986,28.278513455788126,0.12815036309269542,8.329773601025202,94.91670226398975,93.93421614694574,0.299017513882956,5.083297736010252,75.30969671080734,12.900469884664673,10.46561298590346,66.2964545066211,54.07945322511747,31.05510465612986,1.196070055531824,0.897052541648868,82.40068346860316,9.397693293464332,0.25630072618539085,7.347287483981205,57.06962836394703,29.688167449807775,12.345151644596326,63.56258009397693,74.58351131994874,17.043998291328492,7.219137120888509,0.42716787697565145,21.144809910294747,52.49893208030756,16.7876975651431,28.534814181973516,20.973942759504485,19.09440410081162,68.17599316531397,72.27680478428022,72.87483981204613,88.63733447244768,40.62068965517241,10.23448275862069,18.90119828170925,9.156680985756275,25.949084412684233,7.914247431889236,11.817775792764627,12.201628755967425,82.74361134512777,34.02777777777778,1.1666666666666667,22.489626556016596,64.73029045643153,49.51557999476303,17.51767478397486,4.634721131186175,5.13223356899712,6.938989264205289,5.0274941084053415
031003,54.79424690371554,30.19376747902517,11.076707950459449,7.261286456252497,0.21973631642029565,37.50499400719137,10.477427087495006,38.833399920095886,0.2696763883339992,10.607271274470635,95.59528565721135,94.34678385936876,0.519376747902517,4.404714342788654,86.88573711546145,7.331202556931682,2.317219336795845,45.7051538154215,36.925689172992406,50.18977227327208,1.2285257690771074,1.9676388333999202,73.77147423092289,17.568917299240912,1.2584898122253296,6.522173391929685,75.97882540950859,0.2696763883339992,21.91370355573312,58.56971634039153,63.46384338793448,30.17379145025969,4.814222932481023,0.3495805033959249,15.99081102676788,58.39992009588494,22.033559728326008,31.252497003595685,20.005992808629646,21.893727526967638,50.34958050339593,62.11546144626448,77.24730323611666,88.69356771873751,45.97329735104041,5.091967900007102,19.09836594975134,6.323064005683653,29.425351295136284,8.799912932014415,10.31876556944881,10.589563380794582,83.5912748989476,55.806927310002514,0.9567312879905047,22.267523914066174,67.312215775443,47.433615190624536,17.986945557039014,4.687731790535529,4.5022993621124465,4.761904761904762,7.914256045097167
031101,48.09010773751224,29.774730656219393,6.072477962781587,3.2321253672869736,0.1958863858961802,12.242899118511264,6.366307541625857,11.459353574926542,0.881488736532811,65.4260528893242,80.70519098922625,76.98334965719883,2.3506366307541624,19.29480901077375,56.611165523996085,0.2938295788442703,42.311459353574925,8.12928501469148,3.4280117531831538,80.01958863858962,4.701273261508325,6.366307541625857,93.24191968658178,1.2732615083251715,0.0,4.407443682664055,20.078354554358473,78.35455435847209,0.0979431929480901,58.86385896180215,75.80803134182175,4.701273261508325,1.860920666013712,16.846229187071497,64.05484818805093,24.877571008814886,7.443682664054848,29.480901077375123,16.944172380019587,19.09892262487757,58.4720861900098,32.419196865817824,63.17335945151812,83.74142997061705,40.13157894736842,12.742382271468143,11.56930126002291,11.855670103092784,31.75099488345651,3.8231949971574757,15.889710062535531,11.93019943019943,84.11680911680912,14.305701294158796,0.4197271773347324,17.052023121387283,65.39017341040463,69.52319587628865,7.152061855670103,5.219072164948454,4.703608247422681,3.7371134020618557,2.7061855670103094
031201,73.79576107899807,21.965317919075144,0.5780346820809249,0.3853564547206166,0.0,76.30057803468208,2.1194605009633913,6.358381502890174,1.9267822736030829,12.909441233140655,97.30250481695569,96.91714836223507,0.1926782273603083,2.697495183044316,74.95183044315992,17.341040462427745,5.394990366088632,84.20038535645472,66.08863198458575,13.102119460500964,0.0,1.5414258188824663,79.76878612716763,14.836223506743737,0.5780346820809249,4.431599229287091,33.71868978805395,65.89595375722543,0.0,84.58574181117534,32.369942196531795,60.308285163776496,3.8535645472061657,3.0828516377649327,29.865125240847785,42.38921001926782,21.001926782273603,34.48940269749518,18.689788053949904,19.845857418111752,64.73988439306359,68.97880539499036,71.67630057803468,85.35645472061657,38.30409356725146,13.742690058479532,20.38140643623361,9.29678188319428,28.564319482458323,7.987061458074148,10.251306295098283,8.636363636363637,85.68181818181819,26.27683197631384,0.7401924500370096,26.58610271903323,64.65256797583082,36.19186046511628,19.33139534883721,6.8313953488372094,5.523255813953488,4.3604651162790695,8.430232558139535
031202,51.74050632911393,29.588607594936708,0.6329113924050633,0.15822784810126583,0.15822784810126583,24.367088607594937,3.7974683544303796,51.107594936708864,0.47468354430379744,18.670886075949365,95.4113924050633,94.62025316455696,0.31645569620253167,4.5886075949367084,86.07594936708861,0.9493670886075949,12.025316455696203,49.20886075949367,41.139240506329116,45.72784810126582,1.4240506329113924,3.0063291139240507,83.70253164556962,7.120253164556962,0.6329113924050633,7.753164556962025,46.677215189873415,50.949367088607595,2.0569620253164556,78.95569620253164,75.31645569620254,17.088607594936708,4.430379746835443,2.0569620253164556,24.525316455696203,47.94303797468354,25.474683544303797,23.89240506329114,22.626582278481013,17.563291139240505,43.9873417721519,68.5126582278481,76.26582278481013,87.81645569620254,44.17633410672854,8.631090487238978,13.19672131147541,6.557377049180328,29.128440366972477,8.730886850152904,9.097859327217126,18.860698898994734,77.501196744854,26.11764705882353,1.8823529411764706,17.782026768642446,69.59847036328871,70.1923076923077,11.101398601398602,2.972027972027972,2.8846153846153846,2.1853146853146854,3.5839160839160837
031203,63.333333333333336,26.666666666666668,0.0,0.0,0.0,6.666666666666667,14.666666666666666,60.666666666666664,0.0,11.333333333333334,96.0,96.0,0.0,4.0,83.33333333333333,0.6666666666666666,12.666666666666666,2.6666666666666665,0.0,82.0,2.6666666666666665,10.666666666666666,84.66666666666667,7.333333333333333,0.6666666666666666,6.666666666666667,42.666666666666664,56.666666666666664,0.6666666666666666,76.66666666666667,61.333333333333336,19.333333333333332,16.666666666666668,2.0,20.0,52.666666666666664,25.333333333333332,34.0,20.666666666666668,20.0,58.0,70.66666666666667,78.0,88.0,44.00921658986175,11.059907834101383,18.072289156626507,4.819277108433735,28.29787234042553,9.290780141843971,12.411347517730496,7.7283372365339575,83.8407494145199,47.31934731934732,0.9324009324009324,24.137931034482758,64.5320197044335,59.61538461538461,14.423076923076923,0.9615384615384616,5.769230769230769,3.8461538461538463,4.8076923076923075
031204,69.44444444444444,18.67030965391621,8.492714025500911,5.806010928961749,0.04553734061930783,35.79234972677595,19.968123861566486,30.259562841530055,0.15938069216757741,10.92896174863388,95.62841530054645,94.60382513661202,0.18214936247723132,4.371584699453552,79.91803278688525,13.02367941712204,2.686703096539162,62.63661202185792,50.40983606557377,35.200364298724956,0.7969034608378871,0.569216757741348,66.80327868852459,21.26593806921676,1.889799635701275,8.19672131147541,87.18123861566484,0.273224043715847,11.33879781420765,74.08925318761385,43.9207650273224,49.59016393442623,5.2823315118397085,0.4326047358834244,9.676684881602915,59.5856102003643,28.18761384335155,29.00728597449909,21.63023679417122,20.81056466302368,51.32058287795993,62.88706739526412,80.8743169398907,89.91347905282332,43.20076735778056,5.179665018815022,27.672479150871872,4.826889057366692,28.643303693740815,9.243069565867145,10.266756332660838,10.05872609546755,82.14124378858605,70.01340682258305,0.7448234768359898,34.41667944197455,55.4959374520926,41.585454545454546,17.33818181818182,3.752727272727273,6.167272727272727,5.498181818181818,8.290909090909091
031205,67.36952580860604,22.06850491365328,6.440225169354069,4.484304932735426,0.1049518175746589,41.80898769201412,13.271634386031867,33.19339757656712,0.17173933784944184,9.760519034443279,94.50434118881786,93.41665871577139,0.20036256082434883,5.495658811182139,88.34080717488789,4.169449480011449,2.8146169258658524,74.21047609960881,59.994275355405016,24.158000190821486,0.7155805743726744,0.38164297299875966,68.3713386127278,22.88903730560061,1.8032630474191393,6.020417899055434,84.05686480297682,0.19082148649937983,14.00629710905448,70.65165537639538,38.851254651273734,48.592691537067076,10.838660433164774,0.5629233851731705,9.149890277645262,61.50176509875012,24.730464650319625,30.684095029100277,21.562827974429922,22.354737143402346,57.23690487548898,62.23642782177273,80.93693349871195,89.81967369525809,45.198902606310014,4.872950551962898,21.628232005590498,5.934078732820871,26.63030962798585,11.52155253626981,10.12205078820106,12.889819801848526,81.813950395638,54.01962075322623,0.8263102449302081,29.668279198341395,60.11748445058742,39.50568850529619,22.01516934745652,5.328887145285733,4.805806198509219,5.642735713351641,8.094677651366549
031206,75.09319664492078,20.305219012115565,1.8056849953401677,1.2232059645852749,0.13979496738117428,44.48974836905872,10.740913327120223,35.10018639328984,0.17474370922646784,8.04986020503262,96.2138863000932,95.39841565703635,0.1048462255358807,3.7861136999068035,75.19804287045666,20.03727865796831,1.46784715750233,76.72413793103448,64.78331780055917,21.78471575023299,0.19804287045666355,0.5941286113699907,73.20596458527493,18.65097856477167,1.2465051258154707,5.999534016775396,90.78518173345759,0.081547064305685,7.712022367194781,82.17614165890028,39.014445479962724,48.730195712954334,10.659366262814538,0.1863932898415657,6.477166821994408,59.72739981360671,31.651910531220874,25.827120223671947,23.287511649580615,24.708760484622555,55.393755824790304,66.8336439888164,82.50232991612302,90.51724137931035,47.11061980635816,4.173972707173896,19.37989921612542,5.72508398656215,26.70743760810477,12.596985421299728,9.598468000988387,11.94609499398035,82.42261835411084,67.33538698498268,1.0820177127454755,30.743422214374007,59.02348578491966,40.56674747137006,20.42129900526624,5.4083423890328515,5.416701496280197,5.600601855721809,8.166847780657026
031301,77.96257796257797,16.476091476091476,1.8711018711018712,1.4033264033264032,0.0,75.46777546777547,1.8711018711018712,4.002079002079002,0.4677754677754678,17.93139293139293,96.98544698544698,96.04989604989605,0.6237006237006237,3.0145530145530146,73.5966735966736,15.748440748440748,8.108108108108109,87.57796257796258,74.11642411642411,10.23908523908524,0.8316008316008316,1.1434511434511434,70.94594594594595,21.205821205821206,1.2474012474012475,6.133056133056133,66.63201663201663,32.224532224532226,0.10395010395010396,82.17255717255718,58.731808731808734,29.054054054054053,11.33056133056133,0.6237006237006237,11.694386694386694,62.05821205821206,25.103950103950105,25.415800415800415,20.47817047817048,18.97089397089397,55.92515592515593,71.72557172557173,77.07900207900208,89.24116424116424,41.8163160595177,9.9196168975543,24.483861587670834,9.421343413783076,27.334213130979876,8.11613328934345,9.732761464863081,10.27516544757924,74.38174851967955,32.75267333563298,0.8106243532252501,32.02738683910232,53.17611259033853,25.558759913482337,18.240807498197547,4.578226387887527,7.570295602018746,3.929343907714492,9.444844989185292
031302,52.57985257985258,10.073710073710073,1.9656019656019657,0.7371007371007371,0.0,35.38083538083538,2.211302211302211,14.496314496314497,1.4742014742014742,43.73464373464373,72.72727272727273,71.99017199017199,0.7371007371007371,27.272727272727273,50.122850122850124,0.4914004914004914,46.68304668304668,5.405405405405405,0.4914004914004914,83.53808353808354,4.914004914004914,5.405405405405405,86.73218673218673,8.5995085995086,0.0,1.9656019656019657,25.798525798525798,69.53316953316953,0.2457002457002457,60.93366093366093,83.78378378378379,10.073710073710073,0.9828009828009828,2.9484029484029484,48.157248157248155,34.88943488943489,15.233415233415233,34.3980343980344,23.587223587223587,24.815724815724817,39.55773955773956,31.44963144963145,61.42506142506142,77.88697788697789,42.234848484848484,11.174242424242424,18.670886075949365,10.60126582278481,32.92061179898033,5.717407137654771,9.541150764748725,10.587102983638113,82.09817131857555,18.01715919923737,0.47664442326024786,30.126582278481013,56.20253164556962,43.50961538461539,10.096153846153847,8.413461538461538,15.625,2.4038461538461537,5.528846153846154
031304,59.50155763239876,19.626168224299064,2.4922118380062304,1.2461059190031152,0.0,46.41744548286604,3.7383177570093458,5.919003115264798,0.3115264797507788,43.30218068535826,81.30841121495327,79.4392523364486,0.6230529595015576,18.69158878504673,43.925233644859816,0.3115264797507788,53.271028037383175,3.115264797507788,0.6230529595015576,80.99688473520249,2.1806853582554515,11.838006230529595,90.34267912772586,3.426791277258567,0.0,4.672897196261682,16.822429906542055,78.81619937694704,0.3115264797507788,67.28971962616822,35.82554517133956,50.77881619937695,2.1806853582554515,7.165109034267913,69.47040498442368,20.87227414330218,7.165109034267913,44.54828660436137,16.1993769470405,16.822429906542055,53.89408099688473,26.16822429906542,47.66355140186916,68.84735202492212,41.646191646191646,10.442260442260443,13.513513513513514,18.08731808731809,31.899313501144164,4.530892448512586,15.652173913043478,11.601513240857503,79.94955863808323,16.936488169364882,0.0,14.17910447761194,73.13432835820896,65.68848758465012,11.963882618510159,4.966139954853273,3.386004514672686,1.1286681715575622,2.708803611738149
031401,63.01404212637914,16.687562688064194,19.195085255767303,18.768806419257775,0.1629889669007021,66.98846539618856,5.140421263791374,22.755767301905717,0.18806419257773319,4.438314944834503,98.84653961885657,98.52056168505517,0.137913741223671,1.1534603811434303,69.73420260782348,27.632898696088265,1.7928786359077231,81.50702106318957,62.27432296890672,14.89468405215647,0.802407221664995,2.5325977933801402,74.9247743229689,14.142427281845537,1.3164493480441324,8.939317953861584,75.8901705115346,23.608324974924773,0.12537612838515547,82.38465396188566,37.11133400200602,29.613841524573722,31.21865596790371,1.078234704112337,11.09578736208626,58.951855566700104,28.335005015045134,20.837512537612838,24.66148445336008,17.615346038114343,78.82397191574724,86.98595787362086,78.5481444332999,90.93530591775325,33.36088154269972,14.832743014561196,38.153685067768016,4.641963818277006,26.125117199708303,11.985623502448172,8.116730909469737,14.037113730487416,71.84214718063077,32.682193839218634,2.42002451658824,32.11891806639855,56.80939988959861,20.067822155237376,22.63752825923135,10.165787490580255,7.7166541070082895,7.663903541823663,7.2494348153730215
031402,71.19089316987741,23.029772329246935,2.4518388791593697,2.276707530647986,0.6129597197898424,17.075306479859893,5.779334500875657,44.483362521891415,0.17513134851138354,29.859894921190893,92.03152364273205,91.59369527145358,0.08756567425569177,7.968476357267951,69.70227670753064,21.80385288966725,5.253940455341506,23.642732049036777,18.21366024518389,69.52714535901926,2.8896672504378285,2.626970227670753,89.66725043782837,3.765323992994746,0.08756567425569177,5.866900175131349,68.65148861646234,30.385288966725042,0.08756567425569177,59.719789842381786,66.81260945709282,17.42556917688266,11.208406304728546,2.626970227670753,30.297723292469353,54.903677758318736,13.134851138353765,35.63922942206655,19.527145359019265,20.2276707530648,59.19439579684764,64.01050788091068,71.3660245183888,85.20140105078809,41.02735156771181,7.738492328218813,27.61111111111111,4.555555555555555,28.622455054173116,8.21526372187165,9.620192880104774,11.758656153582448,76.99691463832704,65.8108108108108,1.8918918918918919,38.50791258477769,49.3594574227581,30.08356545961003,14.972144846796658,6.894150417827298,13.927576601671309,5.919220055710307,5.919220055710307
031403,78.50437034639042,10.650696018128844,8.093234056328908,7.769504694075753,0.38847523470378764,37.16413078666235,16.736808028488184,35.998705082550984,0.16186468112657817,8.125606992554225,97.96050501780512,97.53965684687601,0.12949174490126256,2.039494982194885,65.52282292003885,31.17513758497896,2.5250890255746197,84.9142117190029,74.16639689219812,12.46358044674652,0.7769504694075753,1.3920362576885723,85.7235351246358,5.179669796050502,0.5179669796050502,7.672385885399806,78.63386209129168,21.01003561022985,0.0,83.97539656846877,38.26481061832308,33.538361929427,26.48106183230819,0.8740692780835222,9.388151505341535,59.33959210100356,29.232761411460018,21.269019100032374,22.693428293946262,16.089349303981873,77.04758821625121,86.92133376497249,78.95759145354484,90.80608611201036,34.01228249744115,15.158648925281474,35.83524027459954,5.644546147978642,27.063114918680142,11.264306271333913,9.309952479753697,9.672063096720631,73.8480697384807,45.699588477366255,2.1090534979423867,34.33313337332533,50.96980603879224,32.91380625476735,15.198321891685737,7.570556826849733,9.496567505720824,6.712433257055682,4.290617848970252
031404,81.72043010752688,9.31899641577061,6.451612903225806,3.225806451612903,0.0,3.5842293906810037,20.07168458781362,32.97491039426523,0.35842293906810035,39.42652329749104,93.9068100358423,92.831541218638,0.7168458781362007,6.093189964157706,70.96774193548387,0.35842293906810035,25.806451612903224,3.225806451612903,0.7168458781362007,75.98566308243727,4.659498207885305,12.544802867383513,88.17204301075269,1.7921146953405018,0.0,9.67741935483871,44.80286738351254,54.121863799283155,0.0,79.56989247311827,45.878136200716845,40.86021505376344,6.810035842293907,4.659498207885305,30.46594982078853,50.53763440860215,17.204301075268816,29.74910394265233,17.204301075268816,20.07168458781362,65.94982078853046,67.02508960573476,64.15770609318996,79.56989247311827,30.697050938337803,16.621983914209114,38.46153846153846,3.6538461538461537,25.775022143489814,11.558901682905226,8.503100088573959,11.618257261410788,66.11341632088521,47.09066305818674,1.7591339648173208,29.427083333333332,60.15625,39.65936739659367,14.111922141119221,6.082725060827251,7.785888077858881,2.67639902676399,2.4330900243309004
031405,83.33333333333333,6.60377358490566,3.1446540880503147,2.20125786163522,0.0,6.289308176100629,20.440251572327043,36.477987421383645,0.31446540880503143,31.132075471698112,93.08176100628931,92.76729559748428,0.31446540880503143,6.918238993710692,76.1006289308176,0.6289308176100629,22.641509433962263,2.830188679245283,0.9433962264150944,82.70440251572327,3.459119496855346,10.69182389937107,92.45283018867924,0.9433962264150944,0.31446540880503143,5.660377358490566,50.0,48.42767295597484,0.0,75.78616352201257,50.314465408805034,38.0503144654088,8.80503144654088,1.2578616352201257,32.38993710691824,45.59748427672956,19.49685534591195,5.345911949685535,36.79245283018868,13.522012578616351,74.84276729559748,72.32704402515724,51.257861635220124,68.86792452830188,30.80168776371308,12.09563994374121,39.48979591836735,4.6938775510204085,31.778425655976676,6.758547574874106,9.93904055128545,8.493353028064993,77.69571639586411,24.194702934860416,0.7158196134574087,33.58662613981763,50.30395136778115,32.15739484396201,14.789687924016283,7.734056987788331,8.14111261872456,4.74898236092266,2.7137042062415198
031501,65.3061224489796,23.06122448979592,0.8163265306122449,0.6122448979591837,0.0,21.428571428571427,1.2244897959183674,7.755102040816326,1.0204081632653061,66.3265306122449,83.26530612244898,81.0204081632653,1.2244897959183674,16.73469387755102,46.93877551020408,0.0,52.6530612244898,25.714285714285715,2.857142857142857,56.93877551020408,7.142857142857143,10.0,92.44897959183673,2.2448979591836733,0.0,1.6326530612244898,14.693877551020408,83.26530612244898,0.20408163265306123,72.85714285714286,91.0204081632653,3.2653061224489797,0.20408163265306123,4.8979591836734695,64.89795918367346,20.612244897959183,7.551020408163265,34.69387755102041,15.510204081632653,18.775510204081634,50.61224489795919,41.224489795918366,50.40816326530612,76.53061224489795,37.62376237623762,14.08987052551409,11.265822784810126,11.772151898734178,41.29601226993865,3.374233128834356,11.196319018404909,14.054927302100161,81.82552504038772,16.184519155590305,0.39093041438623927,12.583892617449665,72.31543624161074,67.51117734724292,9.23994038748137,4.470938897168406,5.812220566318927,4.918032786885246,1.0432190760059612
031601,74.9009247027741,18.890356671070013,0.6605019815059445,0.0,0.0,79.92073976221928,1.7173051519154559,12.945838837516513,0.13210039630118892,4.623513870541611,97.88639365918098,97.35799207397622,0.13210039630118892,2.1136063408190227,63.14398943196829,31.43989431968296,4.227212681638045,87.97886393659181,70.93791281373844,10.171730515191545,0.3963011889035667,1.0568031704095113,78.73183619550859,12.681638044914134,1.0568031704095113,6.605019815059445,52.97225891677675,46.49933949801849,0.0,73.05151915455747,54.16116248348745,26.948480845442536,17.701453104359313,0.5284015852047557,21.003963011889034,55.48216644649934,21.003963011889034,23.645970937912814,20.60766182298547,16.248348745046236,62.61558784676354,76.35402906208719,75.95772787318361,90.3566710700132,38.237671786580435,12.045270816491511,28.309305373525557,5.7011795543905635,26.98002988724358,10.582801249830187,9.822035049585654,13.352506162695152,78.0608052588332,24.75609756097561,1.4227642276422765,23.801652892561982,62.31404958677686,39.11353032659409,16.018662519440124,5.52099533437014,6.4541213063763605,6.998444790046657,5.9875583203732505
031602,70.50869285254346,25.198540459326036,0.815625670744795,0.6009873363382701,0.17171066752522002,52.41468126207341,9.916291049581455,29.1908134792874,0.1073191672032625,6.78257136724619,97.3814123202404,96.1579738141232,0.6653788366602276,2.6185876797596053,82.828933247478,11.783644558918223,1.6956428418115475,62.93195964799313,50.761966087143165,34.53530800600987,0.8585533376261,1.03026400515132,67.16033483580168,22.92337411461687,2.2537025112685125,6.95428203477141,88.36660227516634,0.08585533376261001,10.238248551191242,76.84052371753596,56.879158617729125,36.68169135007513,5.344494526722473,0.15024683408456752,7.941618373041425,57.69478428847392,31.809401159047006,27.98883880661086,20.798454603992273,20.970165271517494,53.78836660227517,61.96608714316377,79.86692423266796,90.25541961794376,43.43057688089493,5.447100972435476,23.496645144955057,6.165337384479048,28.419369346859227,9.537254510019489,10.169406826245565,12.689295039164492,81.8798955613577,62.0,1.055350553505535,27.81189156806949,61.80919574659278,35.43995414158785,22.81456004585841,5.818286041845801,5.30237890513041,6.49183147033534,8.899398108340499
040101,93.07831787432876,4.508682613850338,0.750865936722691,0.41262756584606086,0.18829764976637142,81.31087709510193,3.69505079387219,5.362996024827394,0.08368784434060952,9.254480786665736,98.5935792826092,97.95545946951205,0.08020085082641747,1.406420717390799,44.43010902666388,54.4377804123951,0.19643396796615292,96.01901573796405,81.42711021224167,2.5489922588743985,0.16737568868121905,1.046098054257619,65.16493479322128,16.592277471697237,5.1468024269474855,11.457098356463723,78.43178278355069,20.982402306065044,0.060441220912662436,88.63007648139107,86.54950368458981,4.441267405909292,8.254875979264012,0.13947974056768253,3.248715624055606,33.380988911360625,42.686612269567846,22.180765743775716,24.382220982402306,21.84950135992747,78.8223260571402,90.68159099890741,88.16514401283213,94.90666480693679,35.68313817242401,10.124370554511948,52.75261363896324,2.2539061606387114,23.86133340434881,10.636209903995953,9.169518381912358,15.680213352729035,63.82208988695942,29.751508550020542,0.8141081934713046,43.40142357747547,46.7278776902666,4.007421150278293,26.6881055452484,8.612657184085755,8.353741496598639,7.498660070088642,8.779220779220779
040102,76.68785952164698,10.59642749016046,7.871631849833484,4.450499545867394,0.39358159249167424,44.868301544050865,4.359673024523161,10.44504995458674,0.09082652134423251,39.57008779897063,96.24583711777173,95.3375719043294,0.21192854980320922,3.7541628822282775,62.03451407811081,31.244323342415985,5.752346351801393,71.05661519830457,60.82349379352104,18.407508325764457,3.2394792612776264,6.721162579473206,76.8997880714502,9.234029669996973,0.3330305782621859,12.170753860127157,53.5270965788677,45.776566757493185,0.0,86.95125643354527,89.97880714501967,1.755979412655162,2.149561005146836,5.449591280653951,10.293672419013019,44.9591280653951,23.13048743566455,28.065395095367847,22.76718135028762,20.345140781108082,72.26763548289433,75.68876778686042,76.8997880714502,92.21919467151075,38.72654567825285,11.073515841279606,38.06324758315583,3.3426183844011144,24.924782799770124,7.291842736891924,13.677698522700382,12.641529032928222,71.35140749974032,37.42641743261386,0.3821129815139936,33.625027346313715,54.62699628090134,22.95810410495133,21.07490478205671,5.797714769360982,8.929327126534067,5.501481168006771,8.950486669487939
040103,8.9171974522293,4.883227176220807,3.1847133757961785,0.8492569002123143,8.067940552016985,0.21231422505307856,5.520169851380042,18.471337579617835,0.8492569002123143,72.82377919320595,77.2823779193206,72.61146496815287,2.1231422505307855,22.717622080679405,86.62420382165605,0.0,10.19108280254777,4.670912951167728,0.42462845010615713,66.24203821656052,15.074309978768577,9.978768577494693,87.26114649681529,1.910828025477707,0.21231422505307856,8.9171974522293,44.16135881104034,50.318471337579616,0.42462845010615713,78.98089171974522,61.995753715498935,2.5477707006369426,0.6369426751592356,30.78556263269639,33.12101910828026,16.348195329087048,21.656050955414013,54.35244161358811,19.957537154989385,14.437367303609342,85.56263269639066,42.038216560509554,59.87261146496815,75.79617834394904,34.025717111770525,10.385756676557863,20.034246575342465,3.9383561643835616,33.74403815580286,4.014308426073132,14.18918918918919,11.200923787528868,84.64203233256352,29.217199558985666,0.9922822491730982,17.659574468085108,70.42553191489361,36.60886319845857,23.121387283236995,10.982658959537572,6.358381502890174,9.05587668593449,3.275529865125241
040104,63.844621513944226,16.733067729083665,3.585657370517928,1.792828685258964,0.0,14.342629482071713,5.179282868525896,16.633466135458168,0.5976095617529881,62.74900398406375,79.88047808764941,78.18725099601593,0.5976095617529881,20.1195219123506,92.52988047808765,0.0,4.681274900398407,16.53386454183267,6.374501992031872,64.34262948207171,6.374501992031872,11.155378486055778,89.64143426294821,2.7888446215139444,0.29880478087649404,6.075697211155378,63.54581673306773,34.7609561752988,0.099601593625498,74.20318725099601,90.2390438247012,3.8844621513944224,2.191235059760956,1.1952191235059761,22.90836653386454,43.02788844621514,14.04382470119522,32.96812749003984,14.342629482071713,18.426294820717132,68.22709163346613,60.756972111553786,65.13944223107569,88.34661354581674,39.64692901802133,9.89334314086061,20.52980132450331,4.575556893437688,28.54820557709141,5.564586720020007,11.529323496311116,11.418944215649569,79.6330962186447,36.77947192264782,0.33469691335068796,20.229885057471265,66.51340996168582,45.40889526542324,15.064562410329986,6.384505021520804,9.110473457675754,6.169296987087518,5.380200860832137
040201,84.19516263552961,10.237698081734779,2.731442869057548,1.4804003336113427,0.08340283569641367,72.26855713094245,1.3344453711426187,4.128440366972477,0.08340283569641367,21.788990825688074,95.7256046705588,94.87072560467055,0.18765638031693077,4.274395329441201,59.549624687239366,35.48790658882402,3.982485404503753,77.10592160133444,66.97247706422019,18.369474562135114,1.0216847372810676,3.085904920767306,75.52126772310258,13.302752293577981,0.7089241034195163,9.278565471226022,52.418682235195995,47.143452877397834,0.020850708924103418,81.90158465387823,91.86822351959967,1.4178482068390326,4.170141784820684,1.9182652210175146,13.344453711426189,56.92243536280233,21.58048373644704,33.402835696413675,20.100083402835697,23.081734778982486,70.1209341117598,76.73060884070058,74.27022518765638,88.63636363636364,43.931118191473224,9.088150508268852,32.97376481555467,6.991610067918498,26.151786417452026,5.350064316278582,13.488042422492322,13.72170285096191,76.21880553194777,34.26734037666514,0.9340070433318022,26.82679296346414,60.131935047361296,23.980003225286243,29.833897758426062,5.515239477503629,7.127882599580713,5.2249637155297535,8.692146427995485
040202,81.02094240837697,12.696335078534032,2.486910994764398,1.0471204188481675,0.13089005235602094,61.38743455497382,1.7015706806282722,4.842931937172775,0.13089005235602094,31.80628272251309,92.80104712041884,90.31413612565446,0.7853403141361257,7.198952879581152,91.36125654450262,0.39267015706806285,7.460732984293194,44.24083769633508,36.78010471204188,38.481675392670155,7.853403141361256,8.115183246073299,82.59162303664921,4.712041884816754,0.13089005235602094,10.99476439790576,42.539267015706805,55.10471204188482,0.0,86.51832460732984,92.27748691099477,2.356020942408377,1.4397905759162304,2.6178010471204187,7.853403141361256,39.52879581151832,19.895287958115183,48.03664921465968,18.32460732984293,16.623036649214658,59.94764397905759,65.18324607329843,65.96858638743456,87.69633507853403,33.093525179856115,16.007194244604317,29.95475113122172,5.701357466063349,28.47165160230074,5.99835661462613,13.742810188989319,13.682219419924339,75.22068095838587,34.37118437118437,1.221001221001221,18.976279650436954,71.66042446941323,62.70627062706271,10.45104510451045,3.74037403740374,3.3003300330033003,3.9603960396039604,2.5302530253025304
040301,65.80259222333001,15.852442671984047,13.45962113659023,4.187437686939182,0.0,21.834496510468593,3.7886340977068795,11.166500498504487,0.7976071784646062,61.615154536390826,91.12662013958126,88.13559322033899,2.293120638085743,8.873379860418744,79.16251246261217,0.0,20.53838484546361,17.647058823529413,0.8973080757726819,57.527417746759724,13.958125623130607,9.571286141575275,71.88434695912264,15.453639082751744,0.4985044865403789,11.066799601196411,48.85343968095713,48.45463609172482,0.0,86.44067796610169,93.419740777667,0.7976071784646062,0.4985044865403789,4.885343968095713,19.441674975074775,34.99501495513459,16.949152542372882,30.508474576271187,25.623130608175472,16.849451645064807,65.60319042871386,45.06480558325025,68.19541375872383,87.93619142572282,37.8816199376947,9.532710280373832,34.414945919370695,2.999016715830875,29.784496622708268,4.985525892569958,15.921518173045996,18.38116736536601,71.23508545630442,40.626959247648905,2.7586206896551726,23.291492329149232,58.507670850767084,41.753246753246756,19.025974025974026,5.8441558441558445,7.077922077922078,5.12987012987013,3.831168831168831
040302,46.875,32.8125,9.375,6.25,0.0,57.8125,1.5625,12.5,0.0,25.0,96.875,96.875,0.0,3.125,89.0625,0.0,9.375,32.8125,14.0625,43.75,9.375,7.8125,90.625,3.125,0.0,6.25,71.875,28.125,0.0,95.3125,98.4375,0.0,0.0,0.0,4.6875,17.1875,35.9375,35.9375,31.25,15.625,51.5625,40.625,68.75,87.5,33.333333333333336,12.068965517241379,44.067796610169495,2.542372881355932,25.454545454545453,9.586776859504132,15.537190082644628,10.843373493975903,76.50602409638554,38.72832369942196,0.0,25.274725274725274,62.637362637362635,31.914893617021278,21.27659574468085,8.51063829787234,2.127659574468085,5.319148936170213,5.319148936170213
040401,85.52631578947368,9.649122807017545,1.3157894736842106,0.8771929824561403,0.0,80.26315789473684,1.7543859649122806,5.701754385964913,0.0,12.280701754385966,95.6140350877193,95.6140350877193,0.0,4.385964912280702,92.54385964912281,0.0,5.2631578947368425,92.54385964912281,64.47368421052632,5.2631578947368425,0.43859649122807015,1.7543859649122806,68.85964912280701,19.736842105263158,0.0,9.210526315789474,42.10526315789474,57.45614035087719,0.0,85.96491228070175,93.85964912280701,1.3157894736842106,3.9473684210526314,0.0,18.42105263157895,50.87719298245614,15.350877192982455,44.29824561403509,14.035087719298245,17.105263157894736,60.526315789473685,71.49122807017544,82.01754385964912,90.78947368421052,47.51243781094527,6.343283582089552,29.336188436830835,2.355460385438972,23.008507347254447,5.839133797370456,18.754833720030934,12.532637075718016,74.93472584856397,48.54614412136536,1.7699115044247788,32.58064516129032,51.29032258064516,31.288343558282207,13.190184049079754,5.521472392638037,10.736196319018404,5.521472392638037,7.361963190184049
040402,77.20588235294117,13.970588235294118,4.411764705882353,2.9411764705882355,0.0,64.70588235294117,2.9411764705882355,6.617647058823529,0.0,25.0,94.11764705882354,93.38235294117646,0.7352941176470589,5.882352941176471,80.1470588235294,0.0,19.852941176470587,42.64705882352941,8.823529411764707,47.794117647058826,5.882352941176471,3.676470588235294,83.08823529411765,8.823529411764707,1.4705882352941178,5.882352941176471,45.588235294117645,53.6764705882353,0.0,80.1470588235294,93.38235294117646,0.7352941176470589,0.0,5.882352941176471,12.5,41.911764705882355,16.176470588235293,32.35294117647059,22.794117647058822,16.91176470588235,60.294117647058826,68.38235294117646,64.70588235294117,88.23529411764706,33.74485596707819,11.316872427983538,32.92307692307692,2.1538461538461537,25.254582484725052,7.739307535641548,14.460285132382893,12.184873949579831,70.58823529411765,41.49377593360996,0.4149377593360996,34.23076923076923,56.15384615384615,36.19402985074627,10.82089552238806,4.850746268656716,3.7313432835820897,12.313432835820896,6.7164179104477615
040501,85.0790513833992,11.264822134387352,0.7905138339920948,0.3952569169960474,0.0,79.24901185770752,2.6679841897233203,4.545454545454546,0.0,13.339920948616601,97.43083003952569,96.73913043478261,0.09881422924901186,2.569169960474308,96.24505928853755,0.2964426877470356,2.569169960474308,32.905138339920946,10.770750988142293,44.56521739130435,1.5810276679841897,17.09486166007905,76.18577075098814,9.288537549407115,0.7905138339920948,12.944664031620553,55.92885375494071,43.08300395256917,0.0,90.81027667984189,92.29249011857708,1.8774703557312253,5.0395256916996045,0.2964426877470356,3.1620553359683794,54.54545454545455,29.24901185770751,22.33201581027668,26.778656126482215,12.450592885375494,56.81818181818182,66.00790513833992,72.43083003952569,87.4505928853755,36.45952109464082,10.233751425313569,26.23524267599475,2.361171840839528,29.889835792974434,5.6537102473498235,15.007274994803575,38.44574780058651,51.935483870967744,51.97008915731953,4.141501294219155,17.093508040500296,67.48064324002382,35.22267206477733,31.3475997686524,2.6026604973973395,7.5766338924233665,7.171775592828224,3.0653556969346445
040502,86.97123519458545,6.937394247038917,2.5380710659898478,1.6920473773265652,0.0,60.23688663282572,3.7225042301184432,8.121827411167512,0.338409475465313,27.072758037225043,96.44670050761421,94.07783417935703,0.676818950930626,3.553299492385787,86.46362098138748,0.1692047377326565,12.521150592216582,37.90186125211506,29.103214890016922,39.25549915397631,6.429780033840948,14.213197969543147,85.27918781725889,2.5380710659898478,0.0,9.813874788494077,58.88324873096447,39.424703891708965,0.0,90.86294416243655,97.29272419627749,1.1844331641285957,0.338409475465313,1.015228426395939,5.2453468697123515,25.042301184433164,29.272419627749578,11.844331641285956,29.780033840947546,15.566835871404399,71.91201353637902,51.776649746192895,75.97292724196278,87.98646362098138,35.20032706459526,10.915780866721178,35.68309419837804,1.372426699937617,29.408410548823948,5.26015680684248,15.737704918032787,33.78492802709568,61.346316680779,44.315352697095435,0.7883817427385892,18.863049095607234,65.89147286821705,43.932038834951456,24.75728155339806,4.692556634304207,7.3624595469255665,3.72168284789644,2.26537216828479
040503,80.50847457627118,3.389830508474576,1.694915254237288,0.0,0.0,54.23728813559322,3.389830508474576,27.966101694915253,0.0,14.40677966101695,99.15254237288136,97.45762711864407,0.0,0.847457627118644,86.44067796610169,0.847457627118644,12.711864406779661,0.0,0.0,79.66101694915254,7.627118644067797,12.711864406779661,72.03389830508475,5.084745762711864,1.694915254237288,21.1864406779661,69.49152542372882,29.661016949152543,0.0,89.83050847457628,94.0677966101695,0.847457627118644,2.542372881355932,2.542372881355932,11.016949152542374,44.067796610169495,31.35593220338983,5.932203389830509,44.91525423728814,15.254237288135593,57.6271186440678,30.508474576271187,60.16949152542373,78.8135593220339,37.78110944527736,6.296851574212893,22.82051282051282,0.2564102564102564,33.26599326599327,4.242424242424242,14.478114478114477,32.810047095761384,63.265306122448976,72.39263803680981,6.748466257668712,13.333333333333334,69.0909090909091,54.88505747126437,15.517241379310345,3.4482758620689653,13.793103448275861,2.586206896551724,2.2988505747126435
040504,63.888888888888886,30.555555555555557,4.166666666666667,4.166666666666667,0.0,38.888888888888886,26.38888888888889,30.555555555555557,0.0,2.7777777777777777,94.44444444444444,93.05555555555556,0.0,5.555555555555555,86.11111111111111,0.0,13.88888888888889,0.0,0.0,90.27777777777777,2.7777777777777777,6.944444444444445,77.77777777777777,6.944444444444445,0.0,12.5,65.27777777777777,31.944444444444443,0.0,90.27777777777777,95.83333333333333,1.3888888888888888,0.0,2.7777777777777777,8.333333333333334,45.833333333333336,26.38888888888889,5.555555555555555,50.0,13.88888888888889,58.333333333333336,33.333333333333336,68.05555555555556,83.33333333333333,37.637362637362635,9.89010989010989,15.418502202643172,2.202643171806167,35.65310492505353,4.817987152034261,12.633832976445396,39.83286908077994,57.66016713091922,66.39118457300276,7.7134986225895315,14.012738853503185,64.96815286624204,70.52023121387283,10.982658959537572,2.8901734104046244,5.202312138728324,4.046242774566474,2.3121387283236996
040505,75.06426735218508,13.881748071979434,9.768637532133676,8.226221079691516,0.0,17.737789203084834,9.511568123393316,36.760925449871465,0.0,35.732647814910024,97.17223650385604,95.62982005141389,1.5424164524421593,2.827763496143959,79.94858611825192,0.2570694087403599,19.28020565552699,1.5424164524421593,0.2570694087403599,67.60925449871465,13.367609254498715,17.480719794344473,84.06169665809769,2.827763496143959,0.0,12.339331619537274,77.37789203084833,21.079691516709513,0.0,87.66066838046272,96.40102827763496,0.7712082262210797,0.0,2.827763496143959,4.370179948586118,49.10025706940874,32.390745501285345,3.341902313624679,35.2185089974293,11.311053984575835,64.01028277634961,38.303341902313626,51.670951156812336,77.89203084832904,37.46330005871991,6.6940692894891365,16.989843028624193,2.21606648199446,37.708768267223384,3.183716075156576,10.41231732776618,44.10692588092345,53.58444714459295,41.785714285714285,5.357142857142857,13.5678391959799,69.84924623115577,63.8568129330254,15.704387990762125,2.886836027713626,7.505773672055427,3.464203233256351,0.4618937644341801
040601,88.12615955473099,7.111935683364255,0.24737167594310452,0.12368583797155226,0.06184291898577613,78.2312925170068,2.0408163265306123,5.813234384662956,0.24737167594310452,13.358070500927644,96.84601113172542,96.28942486085343,0.06184291898577613,3.1539888682745825,97.1552257266543,0.37105751391465674,1.6079158936301794,85.40507111935683,76.9325912183055,9.523809523809524,0.6184291898577613,4.390847247990105,65.5534941249227,21.39764996907854,1.4223871366728509,10.38961038961039,51.94805194805195,47.24799010513296,0.0,90.22881880024737,94.92888064316635,0.9894867037724181,1.7934446505875077,2.0408163265306123,6.555349412492269,32.28200371057514,31.416202844774272,29.25170068027211,15.33704390847248,15.584415584415584,79.65367965367966,80.51948051948052,79.46815089672232,92.64069264069263,39.468217698379725,8.16368923971749,31.30523453433039,3.2630863358259687,22.122683443889763,7.966901456609451,10.565547425288928,8.694736842105263,50.94736842105263,46.40618470539072,1.6088591725867112,26.438492063492063,41.91468253968254,11.126961483594865,14.503090822634332,5.896338563956253,4.70756062767475,4.041844983357109,6.038991916310033
040602,82.13689482470785,8.514190317195325,5.676126878130217,0.5008347245409015,0.0,40.90150250417362,1.335559265442404,8.848080133555927,0.0,48.580968280467445,97.32888146911519,97.16193656093489,0.0,2.671118530884808,93.48914858096828,0.0,1.001669449081803,65.44240400667779,58.09682804674458,20.534223706176963,1.1686143572621035,12.353923205342237,54.09015025041736,7.679465776293823,0.333889816360601,34.390651085141904,25.208681135225376,74.79131886477462,0.0,93.98998330550918,97.16193656093489,0.667779632721202,0.1669449081803005,2.003338898163606,8.681135225375627,20.36727879799666,10.684474123539232,40.40066777963272,17.195325542570952,15.692821368948247,59.76627712854758,70.2838063439065,61.93656093489149,77.79632721202003,37.92667509481669,14.917825537294563,28.600201409869083,5.236656596173212,25.885448289819873,8.216960129528436,11.576603926330701,8.440721649484535,69.90979381443299,41.93341869398208,0.12804097311139565,22.5609756097561,68.4451219512195,22.910662824207492,15.561959654178674,5.9077809798270895,6.051873198847262,4.178674351585014,2.881844380403458
040603,88.19047619047619,9.333333333333334,0.0,0.0,0.19047619047619047,38.095238095238095,1.9047619047619047,5.714285714285714,0.5714285714285714,53.714285714285715,99.23809523809524,98.47619047619048,0.0,0.7619047619047619,96.57142857142857,0.19047619047619047,0.7619047619047619,66.28571428571429,58.095238095238095,11.428571428571429,0.5714285714285714,21.333333333333332,46.095238095238095,13.333333333333334,1.9047619047619047,36.76190476190476,28.761904761904763,70.28571428571429,0.0,94.47619047619048,99.61904761904762,0.38095238095238093,0.0,0.0,2.0952380952380953,24.952380952380953,14.666666666666666,28.38095238095238,15.047619047619047,16.761904761904763,75.42857142857143,88.57142857142857,78.66666666666667,90.47619047619048,38.375900458415195,7.727570399476097,33.1578947368421,3.3684210526315788,24.15335463258786,11.927582534611288,8.966986155484559,5.029781601588352,55.06287227001985,46.179183135704875,0.32938076416337286,47.52791068580542,42.74322169059011,5.47945205479452,16.590563165905632,4.41400304414003,5.175038051750381,2.8919330289193304,3.5007610350076104
040701,89.42101501072194,7.672146771503455,1.0960209673576364,0.6909697402906838,0.0,77.93662139623541,2.5017869907076484,1.8108172504169644,5.908982606623779,11.627352871098404,99.35668334524661,99.02311174648558,0.19061234214915415,0.6433166547533953,46.533238027162255,52.39456754824875,0.3812246842983083,95.4253037884203,47.84369787943769,2.3588277340957826,0.11913271384322136,1.858470335954253,69.0493209435311,14.033833690731475,2.2635215630212056,13.152251608291637,55.658803907553015,43.24517512508935,0.33357159876101977,89.11126995472956,97.14081486776269,1.0245413390517035,1.238980223969502,0.11913271384322136,3.359542530378842,38.932570883964736,27.591136526090065,22.897307600667144,19.656897784131523,19.7522039552061,84.393614486538,91.35096497498213,84.36978794376935,93.66213962354063,38.20414766877482,7.258420355934696,34.32888264230499,2.7992504099320685,20.307606828972624,8.00080816244065,9.336801697141125,8.608876973488233,54.617217753946974,39.54626334519573,0.370699881376038,51.748750892219846,37.687366167023555,8.050336148939838,16.031718669194966,4.361317014307878,5.4473366660920535,6.188588174452681,6.912601275642131
040702,91.94756554307116,6.273408239700374,0.8426966292134831,0.5617977528089888,0.0,70.88014981273409,4.119850187265918,2.5280898876404496,0.0,22.284644194756556,97.09737827715355,96.34831460674157,0.18726591760299627,2.902621722846442,98.22097378277154,0.18726591760299627,0.8426966292134831,83.42696629213484,71.62921348314607,10.0187265917603,1.3108614232209739,4.962546816479401,68.16479400749064,12.827715355805243,0.7490636704119851,14.513108614232209,29.40074906367041,69.7565543071161,0.09363295880149813,88.38951310861424,90.91760299625469,3.932584269662921,0.5617977528089888,4.307116104868914,6.086142322097379,26.310861423220974,23.59550561797753,30.617977528089888,25.093632958801496,16.573033707865168,79.7752808988764,82.30337078651685,80.33707865168539,91.94756554307116,34.33734939759036,14.933417882054535,38.04347826086956,2.6937618147448017,23.318882951910474,8.448432301643312,11.059582619215647,10.061073609771778,64.93089038894246,42.00636942675159,1.4968152866242037,34.22575976845152,50.217076700434156,11.235170969993021,14.026517794836009,11.235170969993021,6.6294487090020935,6.140963014654571,6.978367062107467
040801,69.5800227014756,11.691259931895573,15.891032917139613,9.875141884222474,0.11350737797956867,36.322360953461974,5.561861520998865,24.6311010215664,0.0,33.37116912599319,95.68671963677639,93.98410896708286,0.5675368898978433,4.313280363223609,87.62769580022702,0.4540295119182747,11.350737797956867,47.4460839954597,36.322360953461974,26.787741203178207,16.572077185017026,6.583427922814983,82.40635641316686,5.448354143019296,0.340522133938706,11.010215664018162,46.424517593643586,53.00794551645857,0.0,86.03859250851305,94.32463110102157,0.11350737797956867,1.4755959137343928,3.4052213393870603,14.52894438138479,59.137343927355275,15.777525539160045,34.27922814982974,19.523269012485812,21.225879682179343,60.1589103291714,67.08286038592509,68.55845629965948,90.5788876276958,37.83068783068783,13.53615520282187,31.895332390381895,3.1824611032531824,26.22462019025983,5.551611529177907,15.916512849637938,12.612612612612613,72.65765765765765,37.27151136870263,0.8470798038341507,19.408502772643253,67.56007393715342,58.259325044404974,12.255772646536412,3.108348134991119,3.019538188277087,3.197158081705151,3.552397868561279
040802,75.36945812807882,17.24137931034483,2.4630541871921183,2.4630541871921183,0.0,52.70935960591133,3.4482758620689653,16.25615763546798,1.477832512315271,25.61576354679803,88.66995073891626,88.17733990147784,0.0,11.330049261083744,95.56650246305419,0.0,4.433497536945813,37.93103448275862,25.123152709359605,47.29064039408867,5.41871921182266,8.866995073891626,83.2512315270936,3.9408866995073892,0.0,10.83743842364532,41.87192118226601,56.65024630541872,0.0,86.69950738916256,93.10344827586206,1.9704433497536946,0.9852216748768473,3.4482758620689653,6.896551724137931,67.48768472906404,18.7192118226601,34.97536945812808,17.733990147783253,16.748768472906406,51.23152709359606,57.142857142857146,64.5320197044335,90.64039408866995,39.716312056737586,14.00709219858156,28.73900293255132,6.744868035190616,26.197183098591548,5.464788732394366,17.239436619718308,10.420475319926874,77.51371115173674,30.41144901610018,0.0,23.70689655172414,64.22413793103448,36.758893280632414,17.391304347826086,6.719367588932807,8.300395256916996,4.3478260869565215,4.743083003952569
040901,67.87603930461073,15.495086923658352,11.26228269085412,7.029478458049887,0.22675736961451248,28.798185941043084,5.291005291005291,21.693121693121693,0.22675736961451248,43.46182917611489,96.82539682539682,94.5578231292517,1.1337868480725624,3.1746031746031744,80.19652305366591,0.22675736961451248,18.442932728647015,27.966742252456537,12.54724111866969,51.398337112622826,4.00604686318972,12.471655328798185,61.678004535147394,20.105820105820104,0.982615268329554,15.721844293272865,58.276643990929706,39.682539682539684,0.0,85.78987150415722,89.49357520786093,1.6628873771730914,1.5117157974300832,6.424792139077853,11.413454270597128,33.030990173847314,28.94935752078609,15.26832955404384,30.23431594860166,10.959939531368104,54.72411186696901,44.14210128495843,69.16099773242631,85.86545729402873,35.359030152315825,6.341311781162574,24.799244213509684,2.550779404818139,30.440795159896282,5.231921636416018,13.892250072025353,34.42412576195059,63.0093038177735,57.85747994336951,3.0045619002674218,29.361022364217252,57.6038338658147,34.05608557386528,25.15177797051171,2.5729979762937267,9.366869037294016,11.361665221162186,5.98438855160451
040902,70.47619047619048,17.142857142857142,12.380952380952381,10.476190476190476,0.0,29.523809523809526,3.8095238095238093,14.285714285714286,0.0,52.38095238095238,98.0952380952381,97.14285714285714,0.9523809523809523,1.9047619047619047,99.04761904761905,0.0,0.9523809523809523,60.95238095238095,49.523809523809526,26.666666666666668,0.9523809523809523,10.476190476190476,75.23809523809524,3.8095238095238093,0.0,18.095238095238095,45.714285714285715,50.476190476190474,0.0,81.9047619047619,98.0952380952381,0.0,0.0,1.9047619047619047,2.857142857142857,58.095238095238095,24.761904761904763,14.285714285714286,18.095238095238095,24.761904761904763,40.95238095238095,58.095238095238095,72.38095238095238,80.0,39.010989010989015,8.791208791208792,19.26605504587156,2.293577981651376,29.013539651837526,8.897485493230175,6.673114119922631,23.099415204678362,75.14619883040936,34.806629834254146,11.049723756906078,18.30065359477124,69.93464052287581,21.25,42.5,4.375,0.625,16.875,5.625
040903,58.62068965517241,33.71647509578544,3.0651340996168583,0.7662835249042146,1.1494252873563218,3.8314176245210727,6.896551724137931,42.911877394636015,0.0,45.593869731800766,84.67432950191571,83.52490421455938,0.7662835249042146,15.32567049808429,86.97318007662835,0.0,12.64367816091954,26.81992337164751,7.2796934865900385,58.23754789272031,10.727969348659004,3.4482758620689653,86.97318007662835,1.5325670498084292,0.0,10.727969348659004,15.708812260536398,84.2911877394636,0.0,87.35632183908046,93.86973180076629,0.7662835249042146,0.0,5.363984674329502,35.632183908045974,52.87356321839081,3.0651340996168583,38.69731800766284,10.727969348659004,23.371647509578544,50.95785440613027,40.99616858237548,39.08045977011494,80.84291187739464,38.607594936708864,9.49367088607595,10.909090909090908,1.5584415584415585,32.80885780885781,2.8554778554778553,16.84149184149184,32.93515358361775,63.99317406143345,6.129032258064516,7.741935483870968,11.382113821138212,65.85365853658537,73.6842105263158,8.270676691729323,2.6315789473684212,4.135338345864661,0.37593984962406013,0.37593984962406013
041001,56.233183856502244,15.336322869955158,12.556053811659194,3.8565022421524664,0.8071748878923767,17.937219730941703,4.484304932735426,10.762331838565023,0.08968609865470852,65.82959641255606,84.48430493273543,81.61434977578476,1.883408071748879,15.515695067264573,74.88789237668162,0.08968609865470852,23.856502242152466,34.88789237668161,24.30493273542601,41.43497757847533,15.336322869955158,5.829596412556054,86.72645739910314,4.84304932735426,0.35874439461883406,7.085201793721973,47.53363228699551,51.65919282511211,0.0,81.97309417040358,77.66816143497758,3.2286995515695067,0.4484304932735426,17.48878923766816,36.591928251121075,19.46188340807175,20.717488789237667,32.73542600896861,27.3542600896861,17.48878923766816,75.87443946188341,35.69506726457399,62.33183856502242,79.91031390134529,34.6986346986347,12.654012654012654,20.16251904520061,3.3011681056373794,35.950413223140494,3.4710743801652892,12.90633608815427,14.709944751381215,81.62983425414365,30.857917938284164,0.5425567989148864,22.002724795640326,64.98637602179836,48.72591671845867,14.978247358607831,10.006215040397763,7.893101305158484,3.480422622747048,3.6047234307022995
041101,69.2247454972592,10.33672670321065,18.245888801879406,5.403288958496476,0.23492560689115113,32.184808144087704,4.463586530931871,12.45105716523101,0.31323414252153486,50.03915426781519,95.84964761158966,95.14487079091622,0.15661707126076743,4.150352388410337,56.85199686765858,35.787000783085354,6.891151135473766,27.799530148786218,18.950665622552858,33.35943617854346,8.927173061863742,27.64291307752545,85.66953797963978,5.090054815974941,0.23492560689115113,8.222396241190289,40.01566170712608,59.43617854346124,0.0,84.10336726703211,89.81989036805011,1.7227877838684416,0.39154267815191857,7.59592795614722,18.950665622552858,41.42521534847298,15.113547376664057,30.7752545027408,19.26389976507439,17.462803445575567,72.35708692247455,73.06186374314801,64.60454189506656,86.84416601409553,35.074409104172744,14.96936095710534,21.686746987951807,5.756358768406961,32.451284322409215,5.148361381753764,12.212134632418069,12.668060950104572,82.04362115327159,27.787610619469028,0.5014749262536873,18.87436043206367,67.197271176805,44.89465153970826,19.070772555375473,8.373851971907078,7.50945434900054,6.537007023230686,2.9173419773095626
041201,80.0,8.470588235294118,2.588235294117647,0.7058823529411765,0.47058823529411764,53.411764705882355,1.1764705882352942,5.176470588235294,0.0,39.529411764705884,88.47058823529412,87.52941176470588,0.23529411764705882,11.529411764705882,70.11764705882354,0.7058823529411765,28.235294117647058,44.705882352941174,19.529411764705884,39.294117647058826,8.470588235294118,7.0588235294117645,86.3529411764706,4.470588235294118,0.0,7.0588235294117645,36.470588235294116,62.35294117647059,0.0,83.52941176470588,85.6470588235294,0.9411764705882353,0.9411764705882353,12.0,25.41176470588235,23.058823529411764,18.823529411764707,30.352941176470587,18.823529411764707,20.470588235294116,48.94117647058823,36.23529411764706,55.05882352941177,79.76470588235294,34.28107229894395,18.92770105605199,28.094059405940595,3.8366336633663365,26.438251086678598,4.806954743032472,17.412426489388903,13.210702341137123,78.17725752508362,26.133553173948886,0.247320692497939,16.097560975609756,64.0650406504065,60.03086419753087,11.11111111111111,3.549382716049383,6.481481481481482,3.549382716049383,2.314814814814815
041202,78.96341463414635,15.853658536585366,3.3536585365853657,1.2195121951219512,0.0,53.65853658536585,2.7439024390243905,2.1341463414634148,0.0,41.15853658536585,85.67073170731707,84.45121951219512,0.6097560975609756,14.329268292682928,69.8170731707317,0.0,28.963414634146343,7.012195121951219,0.9146341463414634,67.6829268292683,10.365853658536585,11.28048780487805,91.46341463414635,0.6097560975609756,0.3048780487804878,4.878048780487805,38.109756097560975,61.58536585365854,0.0,76.82926829268293,80.1829268292683,2.4390243902439024,0.0,16.158536585365855,28.963414634146343,32.31707317073171,10.365853658536585,28.048780487804876,28.048780487804876,17.98780487804878,62.80487804878049,28.048780487804876,51.829268292682926,85.67073170731707,33.26359832635983,16.527196652719667,24.522292993630572,3.1847133757961785,32.86999182338512,4.333605887162714,11.856091578086673,14.379084967320262,77.5599128540305,44.70338983050848,1.0593220338983051,16.4969450101833,66.59877800407332,52.87569573283859,20.222634508348794,5.565862708719852,4.452690166975882,4.267161410018553,0.9276437847866419
041301,56.06060606060606,25.454545454545453,11.515151515151516,8.181818181818182,0.0,27.87878787878788,3.6363636363636362,15.757575757575758,0.0,49.39393939393939,87.57575757575758,84.24242424242425,1.8181818181818181,12.424242424242424,70.3030303030303,0.30303030303030304,25.454545454545453,33.333333333333336,7.575757575757576,50.60606060606061,7.878787878787879,6.363636363636363,75.15151515151516,8.787878787878787,0.30303030303030304,13.333333333333334,45.15151515151515,52.121212121212125,0.0,87.27272727272727,90.0,0.9090909090909091,0.30303030303030304,7.878787878787879,27.575757575757574,54.84848484848485,11.515151515151516,40.60606060606061,15.151515151515152,19.09090909090909,55.15151515151515,40.0,57.57575757575758,82.42424242424242,37.36780258519389,12.220916568742656,26.45985401459854,6.204379562043796,31.82011030971574,4.327535002121341,16.207042851081884,11.302211302211303,80.22113022113022,22.93144208037825,0.8274231678486997,16.585365853658537,69.51219512195122,60.94420600858369,13.733905579399142,3.004291845493562,3.218884120171674,2.1459227467811157,1.9313304721030042
041401,87.63683193818416,9.01481004507405,1.4166130070830651,0.51513200257566,0.1931745009658725,68.31938184159691,1.9961365099806825,5.9884095299420474,0.128783000643915,23.245331616226657,94.71989697359949,93.947198969736,0.1931745009658725,5.280103026400515,58.14552479072763,37.475853187379265,3.5415325177076626,64.19832582099163,53.444945267224725,22.987765614938827,4.764971023824855,7.46941403734707,81.45524790727625,7.46941403734707,0.4507405022537025,8.24211204121056,34.96458467482292,64.13393432066967,0.0643915003219575,85.70508692852543,93.43206696716034,1.674179008370895,0.9658725048293625,3.1551835157759176,11.07533805537669,52.60785576303928,13.972955569864778,23.69607211848036,25.305859626529298,16.677398583386992,68.89890534449452,72.50482936252415,67.99742433998712,87.25048293625241,37.03912716328066,14.258841234010534,34.87819370172311,5.882352941176471,28.89789410748688,6.490400584601076,13.758054872782834,12.951167728237792,72.09033005211349,26.670474014848658,0.2855511136493432,28.401060070671377,59.80565371024735,31.33169934640523,20.99673202614379,11.601307189542483,8.782679738562091,4.330065359477124,3.5130718954248366
041501,76.08695652173913,19.565217391304348,0.0,0.0,0.0,84.78260869565217,4.3478260869565215,2.1739130434782608,0.0,8.695652173913043,97.82608695652173,97.82608695652173,0.0,2.1739130434782608,95.65217391304348,0.0,4.3478260869565215,0.0,0.0,80.43478260869566,8.695652173913043,6.521739130434782,71.73913043478261,10.869565217391305,0.0,17.391304347826086,73.91304347826087,26.08695652173913,0.0,95.65217391304348,100.0,0.0,0.0,0.0,2.1739130434782608,50.0,26.08695652173913,28.26086956521739,32.608695652173914,21.73913043478261,45.65217391304348,56.52173913043478,58.69565217391305,93.47826086956522,41.21212121212121,6.0606060606060606,18.94736842105263,2.1052631578947367,27.892561983471076,3.71900826446281,13.223140495867769,36.774193548387096,58.70967741935484,56.96969696969697,7.878787878787879,17.46031746031746,61.904761904761905,44.11764705882353,27.941176470588236,0.0,1.4705882352941178,11.764705882352942,5.882352941176471
041502,87.93103448275862,9.770114942528735,0.0,0.0,0.0,92.52873563218391,0.5747126436781609,0.5747126436781609,0.0,6.32183908045977,98.27586206896552,97.70114942528735,0.0,1.7241379310344827,90.22988505747126,0.0,9.770114942528735,91.37931034482759,67.816091954023,6.32183908045977,0.0,2.2988505747126435,74.13793103448276,2.2988505747126435,0.0,18.39080459770115,52.298850574712645,37.93103448275862,0.0,79.3103448275862,90.80459770114942,1.7241379310344827,0.0,6.896551724137931,6.896551724137931,50.57471264367816,24.71264367816092,22.988505747126435,10.919540229885058,14.367816091954023,47.701149425287355,56.32183908045977,74.13793103448276,86.7816091954023,41.44,3.68,21.5633423180593,1.8867924528301887,27.343345416882443,6.162610046607975,16.05385810460901,38.056013179571664,58.4843492586491,51.30718954248366,1.7973856209150327,16.610169491525422,66.77966101694915,56.36942675159236,16.24203821656051,0.9554140127388535,4.45859872611465,13.05732484076433,0.6369426751592356
041503,97.5,2.5,0.0,0.0,0.0,70.0,0.0,10.0,0.0,20.0,100.0,100.0,0.0,0.0,97.5,0.0,2.5,20.0,2.5,65.0,7.5,7.5,87.5,7.5,0.0,2.5,80.0,20.0,0.0,92.5,97.5,0.0,0.0,2.5,10.0,32.5,55.0,10.0,22.5,22.5,50.0,42.5,85.0,90.0,39.333333333333336,4.0,13.793103448275861,2.2988505747126435,40.67796610169491,2.2598870056497176,7.909604519774011,36.69064748201439,63.30935251798561,61.333333333333336,11.333333333333334,21.73913043478261,73.91304347826087,58.0,20.0,0.0,8.0,8.0,0.0
041601,77.80172413793103,14.439655172413794,2.586206896551724,0.646551724137931,0.0,29.310344827586206,5.603448275862069,11.85344827586207,0.646551724137931,51.508620689655174,87.06896551724138,85.99137931034483,0.8620689655172413,12.931034482758621,72.41379310344827,0.21551724137931033,26.724137931034484,26.07758620689655,10.344827586206897,52.58620689655172,6.25,11.422413793103448,93.75,1.5086206896551724,0.0,3.2327586206896552,35.3448275862069,61.85344827586207,0.0,79.3103448275862,93.75,1.293103448275862,0.43103448275862066,4.525862068965517,33.62068965517241,33.62068965517241,11.422413793103448,43.53448275862069,17.67241379310345,17.45689655172414,62.28448275862069,32.327586206896555,53.01724137931034,78.66379310344827,29.263746505125816,23.76514445479963,26.12137203166227,5.804749340369393,32.16759002770083,4.120498614958449,14.300554016620499,10.144927536231885,78.93719806763285,27.238454288407162,0.6597549481621112,14.795008912655971,72.54901960784314,53.52348993288591,12.416107382550335,5.704697986577181,6.7114093959731544,5.033557046979865,1.8456375838926173
050101,89.27947373830816,7.688354404358105,0.8719635454140542,0.35118374618837156,0.4128550382019392,91.63326138349265,0.6920889437078152,0.6612532977010313,0.522492890670504,6.316168157056223,97.67876109226711,96.62007057936752,0.07537602357213828,2.3212389077328948,41.86624181998835,56.648507897351564,0.34433138040908623,95.94853873299756,81.72645355809092,2.370918559632713,0.1815876931510604,1.2745400349470655,62.49528899852674,20.272724158015556,4.933703361085414,10.484119642306506,74.12032754308424,25.173878781649364,0.030835646006783842,87.10898687771953,67.90351868982766,11.933395004625346,18.318086819474424,0.2792339055058759,4.275876246274026,48.316031109740635,36.21989241785727,20.466303491280364,25.367458114914175,22.564840511186485,75.67924075787165,87.69486415184842,89.26062973241511,94.31082331174838,38.85376914701312,7.896656342167299,52.070500236918704,3.342245989304813,22.22664917136366,13.348314129227958,8.226511050550448,17.68405989021551,56.0942138875243,20.122979377549882,1.44575237102325,46.886619467223554,41.911577446136604,4.800089234811492,21.88855563542622,6.273702996802419,6.793000024787448,6.122499566219666,8.086904791413629
050102,80.3030303030303,14.242424242424242,0.9090909090909091,0.0,0.0,45.75757575757576,1.2121212121212122,4.242424242424242,0.9090909090909091,46.96969696969697,91.81818181818181,90.9090909090909,0.30303030303030304,8.181818181818182,70.0,0.6060606060606061,28.78787878787879,49.696969696969695,32.72727272727273,33.333333333333336,2.727272727272727,14.242424242424242,89.0909090909091,5.454545454545454,0.0,3.9393939393939394,27.575757575757574,72.42424242424242,0.0,82.72727272727273,90.60606060606061,2.4242424242424243,4.545454545454546,2.4242424242424243,28.181818181818183,53.93939393939394,11.818181818181818,34.84848484848485,20.303030303030305,19.393939393939394,61.81818181818182,57.57575757575758,59.09090909090909,82.72727272727273,34.285714285714285,18.9010989010989,27.272727272727273,9.25925925925926,28.168511245983577,8.85398072117101,10.603355944305605,13.79703534777651,69.89737742303306,28.87402452619844,0.4459308807134894,24.444444444444443,53.58024691358025,41.95804195804196,12.121212121212121,5.128205128205129,9.324009324009324,2.797202797202797,3.7296037296037294
050103,88.83447600391773,7.345739471106758,0.6856023506366308,0.0979431929480901,0.0979431929480901,36.33692458374143,2.1547502448579823,31.145935357492654,3.3300685602350635,25.95494613124388,95.20078354554359,94.1234084231146,0.5876591576885406,4.799216454456415,50.146914789422134,41.72380019588638,6.953966699314398,18.21743388834476,9.990205680705191,59.45151811949069,3.9177277179236043,16.55239960822723,84.91674828599412,5.778648383937316,0.3917727717923604,7.443682664054848,39.960822722820765,59.64740450538687,0.0,86.1900097943193,79.13809990205681,13.222331047992165,5.484818805093046,0.881488736532811,8.521057786483839,74.82859941234084,13.614103819784525,28.207639569049952,21.645445641527914,17.92360430950049,76.78746327130264,62.781586679725756,66.40548481880509,85.89618021547503,32.90301224760013,15.160542866600464,25.41954590325765,6.614017769002961,26.32606573381061,9.79498861047836,10.326499620349278,14.759647935003386,64.31956668923493,34.738955823293175,2.5769745649263722,20.557717250324256,63.61867704280156,45.66544566544567,12.75946275946276,3.9682539682539684,6.532356532356532,7.203907203907204,2.808302808302808
050104,45.88235294117647,18.823529411764707,12.941176470588236,0.0,0.0,3.5294117647058822,2.3529411764705883,31.764705882352942,1.1764705882352942,55.294117647058826,88.23529411764706,85.88235294117646,1.1764705882352942,11.764705882352942,60.0,0.0,40.0,0.0,0.0,72.94117647058823,18.823529411764707,8.235294117647058,92.94117647058823,0.0,0.0,7.0588235294117645,32.94117647058823,62.35294117647059,0.0,74.11764705882354,80.0,0.0,0.0,20.0,31.764705882352942,48.23529411764706,16.470588235294116,37.64705882352941,20.0,20.0,70.58823529411765,29.41176470588235,76.47058823529412,88.23529411764706,31.527093596059114,13.793103448275861,10.714285714285714,5.714285714285714,26.729559748427672,3.6163522012578615,19.339622641509433,29.14572864321608,64.82412060301507,22.885572139303484,0.0,13.88888888888889,77.77777777777777,48.24561403508772,21.05263157894737,2.6315789473684212,8.771929824561404,1.7543859649122806,0.8771929824561403
050201,74.10071942446044,18.820143884892087,1.2949640287769784,0.8920863309352518,1.1223021582733812,64.89208633093526,0.5467625899280576,4.258992805755396,1.20863309352518,28.92086330935252,94.93525179856115,94.33093525179856,0.17266187050359713,5.0647482014388485,54.330935251798564,40.69064748201439,3.712230215827338,82.73381294964028,72.97841726618705,11.741007194244604,0.7769784172661871,4.460431654676259,83.05035971223022,7.568345323741007,1.3525179856115108,6.705035971223022,50.935251798561154,48.57553956834533,0.02877697841726619,82.96402877697842,94.79136690647482,0.8633093525179856,3.741007194244604,0.2014388489208633,15.194244604316546,59.13669064748201,18.014388489208635,33.15107913669065,21.52517985611511,24.057553956834532,73.35251798561151,79.42446043165468,74.33093525179856,88.14388489208633,39.60701009028146,10.653212958045671,40.70551616807885,9.303129863392703,24.562690234332024,6.39187355605266,12.398694488246727,9.072298243723736,68.47322486800991,29.853460263129747,0.5669055513958712,30.913642052565706,55.344180225281605,27.261989133002597,15.92251358374675,6.96905268131349,7.4887786439877155,5.031892274982282,6.354831089062131
050202,77.6890756302521,15.126050420168067,0.21008403361344538,0.08403361344537816,0.04201680672268908,47.857142857142854,1.3025210084033614,3.4873949579831933,0.8403361344537815,45.33613445378151,93.36134453781513,92.77310924369748,0.16806722689075632,6.638655462184874,83.0672268907563,0.16806722689075632,15.882352941176471,43.90756302521008,37.05882352941177,42.05882352941177,2.899159663865546,10.168067226890756,88.94957983193277,4.453781512605042,0.21008403361344538,5.336134453781512,32.563025210084035,66.59663865546219,0.0,82.85714285714286,96.21848739495799,0.6302521008403361,2.4789915966386555,0.33613445378151263,32.73109243697479,47.857142857142854,14.453781512605042,31.218487394957982,20.714285714285715,17.983193277310924,68.19327731092437,67.6470588235294,61.890756302521005,84.41176470588235,36.43144004589788,13.33907056798623,31.021409455842996,11.68599464763604,26.589595375722542,7.0653991305594035,14.909473080781542,7.237900277818395,71.34083930399181,25.112042793118405,0.21685701893884632,22.118959107806692,56.00991325898389,49.971461187214615,8.418949771689498,2.939497716894977,6.792237442922374,3.0251141552511416,2.8253424657534247
050203,83.84893862103011,11.25555372716801,1.0202402501234162,0.2797432943886786,0.3126542701991114,74.1895672206681,0.9132795787395096,1.8101036695738029,1.1683396412703637,21.581372387691296,95.94372223136416,95.05512588448248,0.1398716471943393,4.05627776863584,62.53908178377489,34.51538588119138,0.8145466513082112,90.2665789040645,73.96741813394767,6.960671383906533,0.2797432943886786,2.196807635346388,69.70544676649662,18.479512917558004,3.0113542866545995,6.6480171137074215,59.71696560803028,38.769129504689815,0.11518841533651472,84.78690143162744,93.17920026328781,1.1354286654599308,4.155010696067138,0.2797432943886786,9.593549448741156,47.8936975481323,25.868026987000164,35.00082277439526,22.46174099062037,20.857330919861774,71.4908672042126,76.28764192858318,83.24008556853711,91.40200756952444,39.16974800360439,8.221731970294876,52.323630981746426,5.777010360138135,22.580712221690955,9.349728707149243,10.521173315593622,13.006161971830986,65.51810865191148,40.66301798279906,0.5410476935105551,34.78780633592349,51.63628212791393,10.740182353363487,22.66494364275971,6.726972503410152,8.069495297580588,6.339292124344892,9.3186876301242
050204,57.1578947368421,37.78947368421053,1.6842105263157894,0.10526315789473684,0.0,19.157894736842106,0.9473684210526315,4.315789473684211,16.842105263157894,58.10526315789474,94.73684210526316,93.57894736842105,0.0,5.2631578947368425,84.0,0.42105263157894735,14.526315789473685,54.94736842105263,48.526315789473685,35.578947368421055,2.8421052631578947,6.315789473684211,86.63157894736842,7.578947368421052,0.631578947368421,4.526315789473684,49.89473684210526,48.94736842105263,0.0,82.52631578947368,91.47368421052632,1.368421052631579,5.2631578947368425,1.1578947368421053,24.842105263157894,44.31578947368421,23.263157894736842,25.57894736842105,14.842105263157896,18.42105263157895,58.31578947368421,71.6842105263158,70.52631578947368,84.63157894736842,43.143459915611814,7.243319268635724,17.15686274509804,11.397058823529411,24.599803985625613,6.882282478492868,13.94968964390722,9.008354522339266,65.27424627678896,28.891257995735607,0.0,24.20774647887324,48.32746478873239,28.6525974025974,7.548701298701299,1.7045454545454546,4.3019480519480515,2.5974025974025974,3.49025974025974
050301,74.21072651198175,14.111829593001142,7.189045264359072,6.085964244960061,0.07607455306200075,63.25599087105363,1.9399011030810194,14.302015975656143,0.608596424496006,19.437048307341193,91.93609737542792,90.1103081019399,0.798782807151008,8.06390262457208,46.59566375047547,47.50855838721947,4.944845949030049,57.55039939140357,48.04108025865348,34.23354887790034,1.711677443895017,6.047926968429061,79.9163179916318,11.791555724610118,0.304298212248003,6.542411563332066,62.49524534043363,36.89615823507037,0.0,79.3837961201978,49.8288322556105,22.556104982883227,25.90338531761126,0.5325218714340053,9.623430962343097,71.62419170787372,15.557246101179155,30.734119437048307,22.02358311144922,17.611259033853177,63.63636363636363,69.3419551160137,70.9014834537847,85.96424496006085,38.152031454783746,14.167758846657929,27.197452229299362,12.356687898089172,27.55594177710189,9.324353682381055,10.258527047577667,13.429418103448276,75.04040948275862,31.148407559138363,3.0659442315316507,23.17808219178082,63.205479452054796,33.2384157390629,23.401501423763914,4.581931141599793,10.095780481491069,3.805332643023557,5.9280352057986025
050302,82.3529411764706,10.899653979238755,0.5190311418685121,0.5190311418685121,0.0,56.055363321799305,1.7301038062283738,19.896193771626297,0.3460207612456747,20.93425605536332,92.90657439446366,92.38754325259515,0.0,7.093425605536332,56.22837370242215,33.73702422145329,7.439446366782007,41.69550173010381,30.968858131487888,46.53979238754325,2.422145328719723,8.477508650519031,81.4878892733564,7.612456747404845,0.17301038062283736,8.304498269896193,55.536332179930795,43.59861591695502,0.0,84.08304498269896,65.7439446366782,18.33910034602076,13.667820069204152,0.8650519031141869,9.515570934256056,66.78200692041523,19.20415224913495,36.15916955017301,20.93425605536332,16.43598615916955,66.43598615916954,68.33910034602076,70.24221453287197,87.37024221453287,35.20796719390744,15.875805506736965,21.58273381294964,8.81294964028777,26.68887655006478,9.254118082546734,10.383120488617434,13.7125748502994,72.51497005988024,36.05683836589698,3.552397868561279,26.071428571428573,60.714285714285715,29.01023890784983,18.88509670079636,3.6405005688282137,12.741751990898749,6.484641638225256,9.783845278725824
050303,59.72222222222222,33.333333333333336,0.46296296296296297,0.0,0.0,20.833333333333332,0.46296296296296297,2.7777777777777777,15.74074074074074,59.72222222222222,94.9074074074074,93.05555555555556,0.0,5.092592592592593,87.03703703703704,0.0,11.11111111111111,14.351851851851851,0.0,30.555555555555557,6.481481481481482,48.148148148148145,66.66666666666667,9.722222222222221,0.46296296296296297,12.037037037037036,16.666666666666668,78.24074074074075,1.8518518518518519,80.0925925925926,93.05555555555556,2.314814814814815,0.0,3.7037037037037037,17.59259259259259,56.48148148148148,6.481481481481482,42.129629629629626,23.61111111111111,18.98148148148148,50.0,47.68518518518518,77.77777777777777,87.96296296296296,35.06224066390042,11.825726141078839,22.78481012658228,12.658227848101266,30.08130081300813,8.425720620842572,8.130081300813009,12.97872340425532,67.23404255319149,34.74576271186441,2.1186440677966103,28.90995260663507,47.867298578199055,20.0,7.111111111111111,3.5555555555555554,4.0,2.2222222222222223,5.333333333333333
050401,74.76038338658147,12.034078807241746,4.792332268370607,1.0649627263045793,0.4792332268370607,74.01490947816826,0.6922257720979765,1.3312034078807242,0.4792332268370607,23.269435569755057,96.21938232161874,95.2076677316294,0.5857294994675186,3.780617678381257,96.80511182108626,0.21299254526091588,1.810436634717785,83.86581469648563,64.27050053248136,9.158679446219383,0.26624068157614483,6.123535676251331,55.91054313099041,32.74760383386582,2.07667731629393,7.880724174653887,56.336528221512246,41.160809371671995,0.3194888178913738,78.4877529286475,91.21405750798722,0.8519701810436635,6.5495207667731625,0.37273695420660274,14.43024494142705,52.60915867944622,16.87965921192758,37.22044728434505,12.35356762513312,24.33439829605964,49.094781682641106,74.86687965921193,77.84877529286474,90.78807241746539,43.81391618207339,4.571886905955484,19.625176803394623,7.248939179632249,20.922074668003006,8.707090954647958,11.168879979954898,12.317799219872716,50.646684459043314,33.86736970188603,0.5678361387142568,27.465723131357805,32.551968155683326,8.094645080946451,10.709838107098381,1.7434620174346203,2.4076380240763804,1.5774180157741802,3.8190120381901203
050402,85.1063829787234,13.47517730496454,0.0,0.0,0.0,70.92198581560284,0.8865248226950354,1.7730496453900708,0.0,26.24113475177305,93.08510638297872,92.55319148936171,0.1773049645390071,6.914893617021277,83.15602836879432,0.1773049645390071,15.24822695035461,90.95744680851064,77.30496453900709,4.25531914893617,0.0,4.787234042553192,76.77304964539007,14.71631205673759,0.0,6.205673758865248,42.198581560283685,57.4468085106383,0.0,64.8936170212766,43.97163120567376,36.170212765957444,17.02127659574468,1.5957446808510638,32.269503546099294,44.50354609929078,15.78014184397163,40.0709219858156,21.27659574468085,20.0354609929078,64.00709219858156,57.4468085106383,62.4113475177305,79.9645390070922,44.712562100780694,15.400993612491128,21.870882740447957,24.63768115942029,30.686641697877654,5.842696629213483,12.78401997503121,10.802919708029197,82.62773722627738,27.581227436823106,0.5776173285198556,30.360205831903944,54.716981132075475,46.09120521172638,13.680781758957655,3.420195439739414,8.143322475570033,4.071661237785016,4.234527687296417
050403,62.48693834900732,21.891327063740857,1.3584117032392895,0.5747126436781609,1.567398119122257,23.458725182863112,1.044932079414838,11.076280041797283,0.4702194357366771,62.74817136886102,73.45872518286312,71.78683385579937,0.522466039707419,26.541274817136888,75.75757575757575,0.0522466039707419,21.891327063740857,32.863113897596655,23.406478578892372,50.835945663531874,3.29153605015674,12.382445141065832,90.22988505747126,4.440961337513062,0.2089864158829676,3.709508881922675,37.565308254963426,60.658307210031346,0.0,66.98014629049112,92.2675026123302,1.3584117032392895,3.4482758620689653,1.8286311389759666,42.685475444096134,45.40229885057471,8.359456635318704,50.626959247648905,16.980146290491117,19.22675026123302,53.03030303030303,46.18599791013584,57.83699059561128,80.35527690700104,36.56420426375806,14.79920674268716,25.16660133281066,11.60329282634261,30.52077662856106,5.597895118853203,13.091997822536745,9.352701325178389,79.33231396534148,25.037707390648567,0.3770739064856712,17.01908200103146,65.60082516761217,49.75822050290135,15.232108317214701,4.352030947775629,7.446808510638298,2.4661508704061896,3.771760154738878
050404,77.37041719342605,17.699115044247787,0.7585335018963337,0.1264222503160556,0.0,53.72945638432364,0.7585335018963337,2.275600505689001,0.2528445006321112,42.604298356510746,90.51833122629583,89.63337547408344,0.0,9.481668773704172,79.89886219974716,0.37926675094816686,19.0897597977244,62.83185840707964,51.201011378002526,20.606826801517066,0.5056890012642224,15.676359039190897,82.17446270543616,9.860935524652339,0.1264222503160556,4.171934260429835,21.74462705436157,76.86472819216182,0.0,59.5448798988622,90.89759797724399,1.390644753476612,2.781289506953224,3.413400758533502,43.36283185840708,38.05309734513274,7.332490518331226,50.442477876106196,15.170670037926675,21.238938053097346,43.48925410872314,61.18836915297092,62.45259165613148,80.40455120101137,40.49636803874092,15.314769975786925,17.386831275720166,26.646090534979425,32.605600379686756,4.959658281917418,12.244897959183673,12.271869100062933,74.32347388294525,27.25030826140567,0.18495684340320592,21.349862258953166,61.84573002754821,48.06201550387597,10.981912144702843,1.937984496124031,4.909560723514212,3.488372093023256,4.263565891472868
050405,59.42915392456677,31.804281345565748,0.7135575942915392,0.3058103975535168,0.0,44.03669724770642,1.325178389398573,8.053007135575942,1.2232415902140672,44.750254841997965,84.09785932721712,82.77268093781855,0.6116207951070336,15.902140672782874,85.21916411824668,0.3058103975535168,11.213047910295616,49.1335372069317,38.430173292558614,37.20693170234455,0.6116207951070336,12.53822629969419,90.8256880733945,4.689092762487258,0.2038735983690112,3.873598369011213,36.493374108053004,62.89500509683996,0.1019367991845056,76.4525993883792,87.76758409785933,3.567787971457696,6.523955147808358,1.019367991845056,30.275229357798164,58.40978593272171,7.951070336391437,50.764525993883794,13.353720693170235,16.411824668705403,47.706422018348626,56.676860346585116,63.098878695208974,82.77268093781855,35.02660861151427,20.222544750846637,15.337423312883436,23.38957055214724,32.83281450283831,5.731550997985717,10.877128731001648,13.45088161209068,78.79093198992443,24.46078431372549,2.9901960784313726,17.77535441657579,65.32170119956379,46.726190476190474,18.650793650793652,2.7777777777777777,8.432539682539682,4.166666666666667,4.067460317460317
050501,82.4435318275154,13.347022587268993,0.9240246406570842,0.4106776180698152,0.0,43.94250513347023,2.97741273100616,6.673511293634497,4.0041067761806985,42.299794661190965,94.6611909650924,94.14784394250513,0.2053388090349076,5.338809034907597,90.65708418891171,0.1026694045174538,7.494866529774128,66.32443531827515,53.285420944558524,27.515400410677618,0.3080082135523614,5.030800821355236,77.92607802874743,13.552361396303901,1.0266940451745379,6.468172484599589,42.813141683778234,56.6735112936345,0.0,74.84599589322382,93.01848049281314,1.540041067761807,4.9281314168377826,0.3080082135523614,19.404517453798768,61.90965092402464,16.016427104722794,44.14784394250513,13.347022587268993,20.84188911704312,45.893223819301845,61.29363449691992,68.27515400410678,87.26899383983573,42.79891304347826,12.36413043478261,36.61417322834646,11.88976377952756,28.689200329760922,6.133553173948887,13.124484748557295,7.795823665893272,70.48723897911833,28.519195612431446,0.22851919561243145,38.120950323974085,50.53995680345572,30.73073073073073,14.814814814814815,3.803803803803804,7.607607607607608,3.803803803803804,5.105105105105105
050502,88.0859375,7.8125,0.1953125,0.0,0.1953125,53.3203125,2.1484375,16.6015625,0.5859375,26.953125,95.703125,95.3125,0.1953125,4.296875,89.6484375,0.1953125,6.4453125,78.90625,67.578125,18.359375,0.390625,2.1484375,70.5078125,17.3828125,1.953125,9.1796875,67.96875,29.6875,0.1953125,71.484375,53.3203125,27.734375,16.40625,0.78125,13.8671875,57.6171875,26.3671875,41.015625,16.796875,20.8984375,41.796875,60.546875,76.171875,87.109375,41.82389937106918,10.61320754716981,36.64850136239782,9.945504087193461,28.548387096774192,7.553763440860215,11.989247311827956,7.356507679870655,77.52627324171382,38.30806065442937,1.4365522745411015,32.77591973244147,54.51505016722408,20.907617504051863,15.883306320907618,5.996758508914101,11.831442463533225,7.293354943273906,10.372771474878444
050601,63.94624713208784,21.599475581776467,5.014749262536873,0.2949852507374631,0.13110455588331696,33.66109472304163,2.7204195345788267,23.697148475909536,0.9177318911832186,38.77417240249099,89.5771878072763,88.4627990822681,0.4916420845624385,10.422812192723697,84.5296624057686,0.13110455588331696,13.143231727302524,72.14028187479515,59.35758767617175,23.107177974434613,2.7204195345788267,1.114388725008194,68.14159292035399,10.881678138315307,0.7210750573582432,17.764667322189446,51.36020976728941,45.88659455916093,0.09832841691248771,82.33366109472304,68.2726974762373,4.850868567682727,16.912487708947886,8.19403474270731,16.28974106850213,47.39429695181907,18.87905604719764,37.29924614880367,19.534578826614226,19.37069813176008,60.5375286791216,72.8613569321534,77.15503113733202,89.5771878072763,38.099489795918366,10.255102040816327,27.293674067867617,6.221198156682028,25.00541617921054,7.400667273278739,11.235322154339443,9.370037056643726,62.387506617257806,33.89677419354839,2.8516129032258064,23.824817518248175,53.284671532846716,27.188183807439824,17.01312910284464,3.938730853391685,7.822757111597374,4.048140043763676,5.142231947483588
050602,85.6470588235294,8.941176470588236,0.0,0.0,0.0,58.35294117647059,0.9411764705882353,18.11764705882353,0.47058823529411764,20.470588235294116,93.41176470588235,93.17647058823529,0.23529411764705882,6.588235294117647,76.23529411764706,0.23529411764705882,21.88235294117647,58.588235294117645,48.470588235294116,36.470588235294116,0.7058823529411765,4.0,82.82352941176471,10.352941176470589,0.23529411764705882,5.647058823529412,34.35294117647059,65.6470588235294,0.0,86.11764705882354,54.8235294117647,13.647058823529411,7.529411764705882,22.58823529411765,24.941176470588236,54.35294117647059,19.058823529411764,39.294117647058826,17.647058823529413,16.470588235294116,60.0,66.11764705882354,72.70588235294117,89.17647058823529,32.22506393861892,15.77152600170503,27.916120576671034,8.91218872870249,32.82491261518907,5.084207181442644,9.69176993962504,13.440860215053764,73.11827956989248,25.471698113207548,4.545454545454546,29.530201342281877,59.395973154362416,37.66233766233766,14.935064935064934,7.62987012987013,11.688311688311689,2.1103896103896105,4.058441558441558
050701,88.23529411764706,6.372549019607843,0.29411764705882354,0.0,0.0,77.05882352941177,0.7843137254901961,2.2549019607843137,0.09803921568627451,19.215686274509803,90.98039215686275,89.70588235294117,0.29411764705882354,9.019607843137255,88.33333333333333,0.0,9.803921568627452,80.98039215686275,68.43137254901961,11.27450980392157,1.2745098039215685,5.980392156862745,81.37254901960785,12.156862745098039,0.5882352941176471,4.215686274509804,33.333333333333336,65.58823529411765,0.0,80.09803921568627,95.98039215686275,1.4705882352941178,1.3725490196078431,0.6862745098039216,25.88235294117647,47.05882352941177,14.803921568627452,44.80392156862745,16.96078431372549,19.901960784313726,59.11764705882353,65.19607843137256,66.07843137254902,86.27450980392157,36.387208297320655,16.76750216076059,38.16689466484268,9.165526675786595,25.14277555682467,6.53912050256996,14.348943460879497,9.043020193151888,68.78841088674275,33.76849434290688,0.26109660574412535,27.582938388625593,54.59715639810427,39.84028393966282,13.487133984028395,2.0408163265306123,7.09849157054126,4.081632653061225,5.412599822537711
050702,86.71209540034071,10.051107325383304,0.17035775127768313,0.0,0.0,24.531516183986373,1.362862010221465,7.325383304940375,0.0,66.26916524701873,93.015332197615,92.33390119250426,0.34071550255536626,6.984667802385008,46.33730834752981,0.17035775127768313,53.4923339011925,31.00511073253833,27.597955706984667,60.30664395229983,4.770017035775128,3.4071550255536627,93.18568994889267,2.5553662691652472,0.5110732538330494,3.4071550255536627,25.55366269165247,73.7649063032368,0.17035775127768313,84.15672913117547,93.52640545144804,0.0,0.8517887563884157,5.45144804088586,31.686541737649062,58.09199318568995,8.006814310051107,32.87904599659284,17.206132879045995,17.035775127768314,54.34412265758092,53.15161839863714,53.32197614991482,81.60136286201022,35.700325732899024,15.960912052117264,18.218623481781375,9.008097165991902,33.69678089304257,2.8296988577362407,16.121495327102803,8.176943699731904,81.56836461126005,20.07899934167215,0.2633311389071758,17.05237515225335,57.734470158343484,67.45495495495496,5.292792792792793,0.9009009009009009,9.234234234234235,1.6891891891891893,2.2522522522522523
050801,95.2803685807394,2.4721878862793574,0.7528935835487134,0.6180469715698393,0.10113495898415552,87.83009326890662,1.7080570850657377,6.326553545342173,0.022474435329812338,3.719519047083942,98.86504101584448,98.51668726823239,0.07866052365434319,1.134958984155523,51.15181481065288,46.05011799078548,1.595684908416676,93.66220923699292,85.31295651196764,4.89942690189909,0.865265760197775,0.28093044162265424,63.9285312956512,21.013597033374538,3.573435217440162,10.248342510394426,68.04135296100685,31.56534442072143,0.022474435329812338,92.30250589953927,60.80458478480728,7.180582087875042,29.677491853017195,1.6069221260815822,3.730756264748848,62.24294864591527,32.902573322845264,24.654455556804134,24.890437127767164,18.586358017754804,73.79480840543881,87.16709742667716,87.9986515338802,93.51612540734914,36.76696683505381,13.130536642506772,42.34023093632103,4.14999428375443,24.243833105298815,10.763672108500153,7.915675934166655,9.185300552527163,64.9386286943301,33.062350560971126,1.9532830605113114,39.53696181965881,51.04792851340374,8.250902810488302,23.944104254985085,6.492384989794316,8.714083843617523,8.078191238813,8.30585649238499
050802,67.43554952510176,27.137042062415198,0.7236544549977386,0.31659882406151063,0.18091361374943465,36.27317955676165,1.582994120307553,2.03527815468114,3.211216644052465,56.71641791044776,99.23111714156491,98.32654907281773,0.045228403437358664,0.7688828584350973,98.14563545906829,0.27137042062415195,0.18091361374943465,97.96472184531886,70.10402532790593,0.8593396653098145,0.5427408412483039,0.27137042062415195,29.39846223428313,11.307100859339664,0.9045680687471732,53.18860244233379,13.568521031207599,67.25463591135232,2.3971053821800092,78.06422433288105,96.11035730438715,0.3618272274988693,2.1709633649932156,0.9497964721845319,4.1610131162369965,30.34825870646766,6.784260515603799,34.50927182270466,13.297150610583447,15.19674355495251,69.56128448665763,86.92899140660334,87.06467661691542,95.61284486657621,39.69272328212055,6.955934492655749,30.799112097669255,3.1354051054384016,17.982532245936724,6.287234657874949,9.91960205911273,4.791238877481177,35.43805612594114,47.32006125574273,0.45941807044410415,27.587548638132297,31.750972762645915,4.688672168042011,15.04126031507877,3.675918979744936,3.525881470367592,2.550637659414854,7.576894223555889
050901,93.78654970760233,4.751461988304094,0.5116959064327485,0.29239766081871343,0.07309941520467836,81.94444444444444,2.412280701754386,10.014619883040936,0.0,5.482456140350878,98.83040935672514,98.17251461988305,0.3654970760233918,1.1695906432748537,94.66374269005848,0.14619883040935672,2.6315789473684212,90.42397660818713,76.82748538011695,3.874269005847953,5.116959064327485,0.29239766081871343,65.13157894736842,20.321637426900583,0.7309941520467836,11.549707602339181,66.73976608187135,32.748538011695906,0.0,92.9093567251462,94.29824561403508,1.0964912280701755,2.7777777777777777,1.608187134502924,7.309941520467836,54.89766081871345,31.871345029239766,31.944444444444443,17.616959064327485,21.198830409356724,62.353801169590646,77.99707602339181,84.94152046783626,93.64035087719299,43.224411340701586,7.9769341662662185,35.6560717196414,2.526487367563162,23.06430189858583,12.125947339635909,9.508555355887179,12.166100048567266,52.16124332200097,49.72242336471156,1.255129133478156,45.23386619301362,40.61574896388395,20.01143510577473,15.09433962264151,4.5168667810177245,7.089765580331618,11.092052601486564,6.689536878216123
050902,93.05555555555556,5.555555555555555,0.0,0.0,0.0,76.38888888888889,0.0,8.333333333333334,0.0,13.88888888888889,97.22222222222223,97.22222222222223,0.0,2.7777777777777777,93.05555555555556,0.0,4.166666666666667,23.61111111111111,0.0,45.833333333333336,25.0,1.3888888888888888,63.888888888888886,6.944444444444445,0.0,19.444444444444443,27.77777777777778,63.888888888888886,0.0,86.11111111111111,95.83333333333333,0.0,0.0,2.7777777777777777,8.333333333333334,65.27777777777777,19.444444444444443,31.944444444444443,27.77777777777778,12.5,59.72222222222222,77.77777777777777,83.33333333333333,87.5,29.032258064516128,18.433179723502302,37.34177215189873,3.1645569620253164,29.71768202080238,6.240713224368499,10.104011887072808,33.333333333333336,57.142857142857146,23.04147465437788,0.9216589861751152,38.775510204081634,43.87755102040816,32.35294117647059,17.647058823529413,4.901960784313726,7.8431372549019605,12.745098039215685,2.9411764705882355
051001,90.44117647058823,9.558823529411764,0.0,0.0,0.0,33.8235294117647,15.441176470588236,36.029411764705884,0.0,12.5,91.91176470588235,64.70588235294117,4.411764705882353,8.088235294117647,67.6470588235294,2.9411764705882355,29.41176470588235,47.794117647058826,34.55882352941177,27.941176470588236,21.323529411764707,0.7352941176470589,72.79411764705883,8.823529411764707,0.7352941176470589,16.91176470588235,10.294117647058824,88.97058823529412,0.0,91.17647058823529,91.91176470588235,1.4705882352941178,0.0,6.617647058823529,29.41176470588235,57.35294117647059,8.823529411764707,18.38235294117647,19.852941176470587,27.941176470588236,49.26470588235294,63.970588235294116,61.029411764705884,91.91176470588235,43.40044742729307,9.395973154362416,11.904761904761905,4.761904761904762,29.176114890400605,5.895691609977324,10.052910052910052,8.430913348946136,74.47306791569086,27.130044843049326,2.4663677130044843,18.781725888324875,59.898477157360404,36.76470588235294,11.764705882352942,2.450980392156863,6.372549019607843,4.411764705882353,8.823529411764707
051002,88.0,10.0,0.0,0.0,0.0,74.0,2.0,14.0,0.0,8.0,94.0,80.0,14.0,6.0,74.0,2.0,24.0,78.0,66.0,4.0,14.0,0.0,44.0,24.0,0.0,26.0,32.0,66.0,0.0,94.0,86.0,0.0,8.0,6.0,32.0,62.0,4.0,34.0,24.0,22.0,56.0,58.0,82.0,92.0,37.908496732026144,7.8431372549019605,33.333333333333336,3.4482758620689653,29.095354523227385,4.88997555012225,10.75794621026895,15.107913669064748,56.115107913669064,40.52287581699346,13.72549019607843,34.42622950819672,52.459016393442624,25.757575757575758,10.606060606060606,6.0606060606060606,16.666666666666668,3.0303030303030303,0.0
051003,90.82969432314411,7.423580786026201,0.8733624454148472,0.0,0.0,5.240174672489083,2.6200873362445414,66.8122270742358,0.4366812227074236,24.45414847161572,66.37554585152839,62.44541484716157,3.493449781659389,33.624454148471614,65.50218340611353,0.0,34.49781659388646,35.37117903930131,0.0,51.09170305676856,10.480349344978166,3.056768558951965,68.99563318777292,6.11353711790393,0.0,23.14410480349345,15.720524017467248,83.4061135371179,0.0,87.33624454148472,93.01310043668123,0.0,5.240174672489083,0.8733624454148472,35.37117903930131,58.51528384279476,5.240174672489083,26.200873362445414,18.34061135371179,31.441048034934497,39.737991266375545,40.17467248908297,33.18777292576419,85.1528384279476,43.172413793103445,6.344827586206897,15.513126491646778,4.77326968973747,34.13273842721696,2.9559397657557165,11.879531511433353,10.413694721825962,77.17546362339515,20.914127423822716,1.8005540166204985,32.42320819112628,45.051194539249146,40.25157232704402,10.062893081761006,4.088050314465409,13.836477987421384,4.716981132075472,1.5723270440251573
051101,82.3658269441402,7.776560788608982,2.738225629791895,1.642935377875137,0.0,67.79846659364732,1.3143483023001095,12.26725082146769,0.10952902519167579,17.96276013143483,91.78532311062432,90.9090909090909,0.21905805038335158,8.214676889375685,55.2026286966046,24.863088718510404,18.838992332968235,71.74151150054765,60.89813800657174,21.57721796276013,1.642935377875137,4.052573932092004,87.73274917853232,6.352683461117196,0.10952902519167579,4.928806133625411,38.22562979189485,61.00766703176342,0.21905805038335158,80.83242059145674,64.62212486308871,27.163198247535597,6.352683461117196,0.8762322015334063,17.96276013143483,65.82694414019716,13.143483023001096,39.64950711938664,20.92004381161008,13.362541073384447,67.25082146768894,66.15553121577219,67.907995618839,84.66593647316539,33.184945366248485,19.587211655200324,28.440366972477065,11.80428134556575,30.18867924528302,6.11379259909317,10.355419043440106,14.165615804960067,73.01387137452711,23.723968966925277,3.7566353613719885,25.309734513274336,59.91150442477876,42.53731343283582,13.18407960199005,4.560530679933665,10.862354892205639,2.985074626865672,3.7313432835820897
051102,78.70503597122303,10.575539568345324,3.884892086330935,2.014388489208633,0.2158273381294964,67.05035971223022,2.805755395683453,9.856115107913668,0.3597122302158273,19.496402877697843,91.43884892086331,90.35971223021583,0.28776978417266186,8.56115107913669,65.89928057553956,26.18705035971223,4.820143884892087,84.1726618705036,76.2589928057554,11.870503597122303,0.935251798561151,1.1510791366906474,85.46762589928058,7.841726618705036,0.07194244604316546,5.755395683453237,57.985611510791365,39.856115107913666,0.3597122302158273,79.35251798561151,75.39568345323741,8.70503597122302,12.733812949640289,1.4388489208633093,12.158273381294965,62.66187050359712,22.446043165467625,34.74820143884892,23.741007194244606,17.194244604316548,61.94244604316547,68.27338129496403,78.63309352517986,91.51079136690647,39.93157380254154,11.217008797653959,36.03896103896104,6.290584415584416,26.47351881658619,8.737640836974016,10.968038629570016,9.034190167207386,76.0419266284003,49.21375921375921,3.5626535626535625,31.0803324099723,56.121883656509695,24.78448275862069,20.851293103448278,5.064655172413793,9.59051724137931,4.849137931034483,6.4655172413793105
051103,80.82191780821918,12.32876712328767,2.2831050228310503,0.91324200913242,0.0,56.62100456621005,0.91324200913242,18.264840182648403,0.45662100456621,23.744292237442924,81.27853881278538,80.82191780821918,0.0,18.72146118721461,83.56164383561644,0.0,9.132420091324201,63.013698630136986,52.96803652968037,25.114155251141554,0.91324200913242,9.58904109589041,91.78082191780823,5.0228310502283104,0.0,2.2831050228310503,50.22831050228311,48.401826484018265,0.0,77.62557077625571,59.36073059360731,10.502283105022832,26.940639269406393,2.2831050228310503,17.80821917808219,66.66666666666667,15.068493150684931,36.529680365296805,21.461187214611872,20.54794520547945,63.470319634703195,59.36073059360731,75.34246575342466,91.78082191780823,35.83617747440273,11.604095563139932,24.146981627296586,8.136482939632545,32.701711491442545,5.745721271393643,8.863080684596577,7.2695035460992905,84.57446808510639,20.137693631669535,2.4096385542168677,27.272727272727273,59.79020979020979,47.72727272727273,12.662337662337663,4.545454545454546,6.1688311688311686,4.545454545454546,3.2467532467532467
051201,91.13249101657587,5.807349020516981,1.5880375565086358,0.6143502955836327,0.06954909006607164,21.374753680306014,7.859047177466095,54.65399327692129,0.06954909006607164,15.451489509678915,98.04103396313899,97.22962791236814,0.33615393531934623,1.9589660368610178,68.81882462037788,29.36130752289324,0.4520690854294656,88.03755650863567,61.73640894864959,7.812681117422047,1.0200533209690505,2.480584212356555,59.093543526138866,23.7857888025965,1.8314593717398864,11.47559986090182,65.83980526254781,33.37197171670337,0.03477454503303582,89.75310073026544,87.94482438854759,2.503767242378579,7.940187782543179,0.5911672655616089,3.3731308682044743,52.05749391445462,35.180248058421235,32.21282021560218,19.392604613422975,23.275762142111976,67.8567288744639,85.23240987597079,88.09551408369074,94.41288976469224,39.433505756716166,9.315034206574337,41.05067730179468,2.344770680052259,23.292640289027446,9.732824427480915,9.581318105005536,19.510319189847454,61.23146605136094,48.21969696969697,1.5909090909090908,37.976334668778534,53.16314171247554,8.361836183618362,25.86858685868587,5.2205220522052205,8.109810981098109,11.206120612061206,10.711071107110712
051202,85.71428571428571,10.54421768707483,1.0204081632653061,0.0,0.0,47.27891156462585,0.6802721088435374,13.945578231292517,0.3401360544217687,37.414965986394556,93.19727891156462,92.51700680272108,0.0,6.802721088435374,88.43537414965986,0.3401360544217687,9.863945578231293,61.224489795918366,31.632653061224488,25.170068027210885,7.142857142857143,6.462585034013605,92.51700680272108,3.401360544217687,0.0,3.401360544217687,21.768707482993197,77.89115646258503,0.0,86.73469387755102,94.21768707482993,0.3401360544217687,1.7006802721088434,3.401360544217687,19.727891156462587,67.34693877551021,9.523809523809524,31.292517006802722,27.891156462585034,22.108843537414966,58.843537414965986,63.945578231292515,71.7687074829932,89.1156462585034,36.48960739030023,14.896073903002309,28.390596745027125,4.520795660036167,31.914893617021278,6.20929222752931,11.376465479808944,8.014354066985646,80.14354066985646,25.291375291375292,0.6993006993006993,30.89005235602094,54.973821989528794,37.93969849246231,14.321608040201005,1.5075376884422111,8.542713567839195,5.025125628140704,4.773869346733668
051203,89.9813978208876,9.354238639383471,0.15944724953494552,0.0,0.0,93.64868456019134,0.3720435822482062,0.3720435822482062,0.6909380813180973,4.597395694924263,99.38878554344937,98.45867658782886,0.7440871644964124,0.6112144565506245,96.70475684294446,0.29231995748073347,0.6643635397289397,97.23624767472761,85.64974754185491,1.408450704225352,0.5580653733723093,0.6112144565506245,38.77225617858092,47.54185490300292,1.7539197448844008,10.204623970236513,75.3122508636726,23.25272389051289,0.0,91.9213393568961,92.00106298166357,2.179112410310922,5.102311985118257,0.07972362476747276,3.1357959075205954,75.89689077863407,17.1671538665958,31.889449906989103,12.436885463725751,16.423066702099387,51.66090884932235,72.44220037204359,85.51687483390911,92.95774647887323,40.297808578385464,3.202846975088968,22.798087305259912,2.2828937220422643,22.39107434836972,11.160270590875573,9.201372190696034,15.898069791765712,58.4672435105068,62.940954536879836,0.5376344086021505,46.58307210031348,33.542319749216304,8.461227786752827,10.6421647819063,1.8376413570274637,1.797253634894992,4.705169628432956,4.705169628432956
051204,79.5505617977528,14.157303370786517,0.449438202247191,0.2247191011235955,0.0,64.9438202247191,3.3707865168539324,5.393258426966292,0.6741573033707865,25.168539325842698,93.03370786516854,91.91011235955057,0.2247191011235955,6.966292134831461,94.8314606741573,0.449438202247191,2.4719101123595504,78.87640449438203,62.02247191011236,16.629213483146067,1.797752808988764,1.797752808988764,85.3932584269663,8.089887640449438,0.2247191011235955,5.617977528089888,43.37078651685393,54.60674157303371,0.0,87.64044943820225,90.11235955056179,2.0224719101123596,6.292134831460674,0.6741573033707865,12.584269662921349,65.1685393258427,12.359550561797754,44.49438202247191,23.370786516853933,17.97752808988764,52.359550561797754,65.3932584269663,70.11235955056179,90.56179775280899,38.226882745471876,13.34604385128694,25.669291338582678,10.551181102362206,28.91685988737993,6.889698575687314,9.638953295793309,8.910891089108912,73.56435643564356,29.010566762728146,2.0172910662824206,31.11587982832618,51.93133047210301,41.260162601626014,11.178861788617887,4.471544715447155,10.975609756097562,3.252032520325203,3.658536585365854
051301,93.33333333333333,1.1111111111111112,0.0,0.0,0.0,60.0,3.3333333333333335,13.333333333333334,0.0,22.22222222222222,94.44444444444444,94.44444444444444,0.0,5.555555555555555,64.44444444444444,0.0,35.55555555555556,1.1111111111111112,1.1111111111111112,74.44444444444444,10.0,10.0,81.11111111111111,15.555555555555555,0.0,2.2222222222222223,32.22222222222222,66.66666666666667,0.0,80.0,90.0,8.88888888888889,1.1111111111111112,0.0,23.333333333333332,64.44444444444444,12.222222222222221,40.0,7.777777777777778,18.88888888888889,55.55555555555556,63.333333333333336,42.22222222222222,75.55555555555556,37.674418604651166,23.72093023255814,26.515151515151516,9.090909090909092,36.86440677966102,5.508474576271187,7.415254237288136,11.057692307692308,70.67307692307692,23.11320754716981,0.0,27.906976744186046,59.30232558139535,46.07843137254902,2.9411764705882355,5.882352941176471,8.823529411764707,2.9411764705882355,3.9215686274509802
051302,87.43961352657004,8.695652173913043,0.0,0.0,0.0,81.64251207729468,0.4830917874396135,0.966183574879227,0.0,16.908212560386474,95.65217391304348,95.65217391304348,0.0,4.3478260869565215,85.02415458937197,0.4830917874396135,10.628019323671497,90.82125603864735,80.67632850241546,5.797101449275362,0.4830917874396135,1.932367149758454,72.46376811594203,18.840579710144926,1.932367149758454,5.797101449275362,27.053140096618357,72.46376811594203,0.4830917874396135,85.5072463768116,87.92270531400966,7.246376811594203,3.3816425120772946,0.966183574879227,15.942028985507246,60.869565217391305,14.492753623188406,32.367149758454104,19.32367149758454,17.391304347826086,51.207729468599034,74.39613526570048,81.64251207729468,95.65217391304348,39.75694444444444,14.756944444444445,37.110481586402265,6.798866855524079,30.113977204559088,8.938212357528494,10.497900419916016,5.457746478873239,76.23239436619718,40.940766550522646,0.17421602787456447,40.569395017793596,43.41637010676157,26.19047619047619,12.244897959183673,5.1020408163265305,11.564625850340136,5.782312925170068,8.503401360544217
051401,81.64665523156089,5.660377358490566,8.404802744425385,5.831903945111493,0.8576329331046312,50.60034305317324,2.5728987993138936,21.269296740994854,0.0,25.385934819897084,96.7409948542024,95.02572898799313,0.8576329331046312,3.2590051457975986,88.67924528301887,0.0,10.291595197255575,60.548885077186966,47.16981132075472,23.156089193825043,12.864493996569468,2.7444253859348198,54.716981132075475,24.69982847341338,1.2006861063464838,17.152658662092623,40.99485420240137,47.684391080617495,0.0,81.64665523156089,89.19382504288164,0.5145797598627787,1.0291595197255574,8.919382504288164,7.890222984562607,69.81132075471699,14.236706689536879,50.085763293310464,18.010291595197256,14.236706689536879,47.684391080617495,59.34819897084048,79.24528301886792,92.28130360205832,32.67871170463472,14.375490966221523,40.711009174311926,2.86697247706422,25.536532433084158,7.1135760790933205,13.021461297323366,18.23293172690763,67.46987951807229,35.83860759493671,2.2943037974683542,26.198630136986303,56.50684931506849,44.705882352941174,14.117647058823529,2.3529411764705883,4.53781512605042,2.689075630252101,8.067226890756302
051402,86.5079365079365,6.349206349206349,5.555555555555555,4.761904761904762,0.0,32.53968253968254,3.1746031746031744,10.317460317460318,0.0,53.96825396825397,93.65079365079364,92.06349206349206,0.0,6.349206349206349,84.12698412698413,0.0,15.079365079365079,42.857142857142854,35.714285714285715,32.53968253968254,13.492063492063492,11.11111111111111,89.68253968253968,2.380952380952381,0.0,7.936507936507937,40.476190476190474,57.93650793650794,0.0,88.0952380952381,92.06349206349206,0.0,1.5873015873015872,4.761904761904762,23.015873015873016,54.76190476190476,21.428571428571427,39.682539682539684,10.317460317460318,25.396825396825395,54.76190476190476,75.39682539682539,79.36507936507937,91.26984126984127,32.77591973244147,16.722408026755854,19.791666666666668,1.5625,30.450236966824644,4.1469194312796205,13.981042654028435,26.38888888888889,64.93055555555556,27.7027027027027,3.0405405405405403,21.323529411764707,69.11764705882354,55.24475524475525,15.384615384615385,0.6993006993006993,6.993006993006993,1.3986013986013985,3.4965034965034967
051501,92.91517098054034,3.1456640846400905,1.5870017003589647,0.8879652371056111,0.27394672208577364,89.42943510296618,1.1996977139618363,3.99584356697525,0.20782165123748347,4.97827319100699,97.90289061023994,97.38333648214623,0.0661250708482902,2.0971093897600603,51.945966370678256,46.35367466465143,0.8974116757982241,96.78821084451162,83.04364254675987,2.295484602304931,0.33062535424145095,0.40619686378235403,68.8361987530701,19.308520687700735,2.1065558284526733,8.360098242962403,62.044209333081426,37.00170035896467,0.09446438692612885,88.21084451161911,61.81749480445872,7.783865482713018,28.301530323068203,0.8596259210277726,6.074060079350085,58.51124126204421,33.374267901001325,18.20328736066503,30.00188928773852,17.608161723030417,74.97638390326847,84.98960891743812,83.26091063668997,91.27149064802569,36.164817749603806,12.696777601690439,29.585453332221203,6.218200016681958,32.46430139449311,7.887144320628881,8.24151700779829,15.145900880037054,75.57147917064,38.7236430690291,8.142922044950426,29.45736434108527,61.4093372967302,6.850298079046147,34.891808346213296,6.35349966880106,10.361006844778096,12.304040627069993,6.193420181055421
051601,93.33333333333333,5.555555555555555,0.0,0.0,0.0,47.77777777777778,3.3333333333333335,26.666666666666668,0.0,22.22222222222222,96.66666666666667,96.66666666666667,0.0,3.3333333333333335,70.0,0.0,26.666666666666668,67.77777777777777,28.88888888888889,21.11111111111111,7.777777777777778,2.2222222222222223,82.22222222222223,1.1111111111111112,0.0,15.555555555555555,13.333333333333334,86.66666666666667,0.0,96.66666666666667,100.0,0.0,0.0,0.0,32.22222222222222,63.333333333333336,1.1111111111111112,32.22222222222222,20.0,17.77777777777778,60.0,73.33333333333333,72.22222222222223,88.88888888888889,28.985507246376812,11.956521739130435,22.82608695652174,4.3478260869565215,28.824833702882483,5.5432372505543235,12.638580931263858,13.953488372093023,79.84496124031008,24.27536231884058,6.159420289855072,19.834710743801654,58.67768595041322,52.75590551181102,8.661417322834646,1.5748031496062993,6.299212598425197,2.3622047244094486,1.5748031496062993
060101,91.78282721491192,2.691888550934435,4.695759665587743,4.546119939493502,0.16590491371317967,81.42027618288577,3.396171174834502,12.69335241782014,0.29602641466469315,1.6997121061791447,99.4908996275272,98.94926887981653,0.048795562856817555,0.5091003724727965,48.35152323482051,48.87526227615036,0.41801532180673706,98.2856492249638,85.9582635285698,1.1239244644686976,0.12849498218961955,0.318797677331208,58.32208324523023,24.726338218311348,4.720157447016152,9.991704754314341,92.30006018119418,7.238008490427937,0.08132593809469592,91.12896667263057,38.74530342707503,16.042354548559718,44.27384069875246,0.2895203396171175,2.3226687919845155,32.388868105593595,63.66519737805176,19.6044306371074,24.88085750069127,16.901156454839708,68.5480067012573,86.16320489256843,89.30401262178559,93.2889835884257,32.112016344021725,11.548944863841344,49.369678044267104,3.056916916048633,24.870428053641955,12.861550505824505,8.836188193673824,27.35037126401389,51.97544761164421,35.3501779716248,2.252970371484434,44.72263945719169,46.367638680271405,5.452598715152,25.379750635419377,8.153381231612865,9.548301879240299,8.484599835891688,7.407889206876539
060201,92.20183486238533,1.529051987767584,0.1529051987767584,0.1529051987767584,0.0,82.7217125382263,3.058103975535168,10.244648318042813,0.45871559633027525,3.5168195718654434,98.31804281345566,98.01223241590215,0.0,1.6819571865443426,54.89296636085627,38.68501529051988,5.198776758409786,93.88379204892966,81.49847094801223,5.657492354740061,0.0,0.3058103975535168,75.68807339449542,13.608562691131498,0.1529051987767584,8.409785932721713,66.66666666666667,33.333333333333336,0.0,92.81345565749236,36.69724770642202,32.87461773700306,29.357798165137616,0.45871559633027525,2.599388379204893,48.318042813455655,46.330275229357795,18.960244648318042,23.700305810397552,19.1131498470948,63.91437308868502,83.02752293577981,85.62691131498471,92.96636085626912,32.28971962616822,13.598130841121495,40.88737201365188,4.914675767918089,25.666666666666668,9.944444444444445,14.791666666666666,10.09478672985782,71.04265402843602,37.07018370230806,2.0725388601036268,37.674418604651166,51.81395348837209,24.442462087421944,22.47992863514719,4.63871543264942,7.671721677074041,5.530776092774309,6.601248884924175
060202,90.95878430086367,4.09970482125287,3.553077511752487,3.334426587952334,0.36077402427025257,90.74013337706351,1.6836121132611785,5.466273095003826,0.3717065704602602,1.3775008199409642,99.47523778287963,98.95047556575926,0.3279763857002296,0.5247622171203673,40.88772275062862,55.63572756094894,0.7324805947305127,95.62698152399693,82.86870012025801,3.8810538974527167,0.1858532852301301,0.1639881928501148,68.45960424182792,19.077293101563352,2.295834699901607,8.450858204875916,94.1510877883459,3.301628949382311,1.8038701213512627,86.73882147152072,48.92314420028425,9.850224117196895,39.007324805947306,0.36077402427025257,4.001311905542801,48.977806931234284,45.206078495681645,16.07084289931125,27.965453154039576,14.824532633650378,67.65059582376736,84.41018913304909,85.64556685251995,91.56007434131409,32.880972575629066,12.958250871736876,30.45437650994239,5.189555844638543,30.25332842432808,10.760222805496502,10.204396726801981,19.632998244774214,69.59629806925163,38.92950970151616,3.1779191593074416,35.72120664039791,56.10102706543505,8.652297782732566,34.894091415830545,6.119162640901771,9.674222717700978,8.763780502910938,8.324043106651802
060301,89.83758918512956,5.139879834772812,3.867818250093879,3.6753661284265866,0.14081862561021405,81.41663537363875,2.295343597446489,13.452872699962448,0.44123169357867065,2.116973338340218,99.19733383402178,98.51671047690574,0.06571535861809989,0.80266616597822,50.417761922643635,45.188696958317685,2.0653398422831395,91.72455876830642,76.21573413443485,6.914194517461509,0.31918888471648516,0.8636875704093128,63.53736387532858,21.95362373263237,3.21066466391288,9.134434847915884,94.69583176868194,2.084115659031168,2.365752910251596,89.83758918512956,78.4876079609463,9.580360495681562,10.782012767555388,0.14081862561021405,6.134998122418325,49.13161847540368,42.81825009387909,17.010889973713855,26.126549004881714,15.701276755538865,68.13274502440856,81.55745399924896,85.3313931656027,91.3819001126549,34.66625529859956,10.869506894886516,31.20100983366248,4.507604291793066,30.518217462966184,9.675883744023915,8.233945188931317,17.21463427932717,71.34483792699217,40.0062211763433,2.067864919327572,36.58788139235067,53.9922647185217,10.885249499355334,29.064823196993387,6.731956217595259,8.630291059720737,11.28850849038488,7.42325734507448
060302,94.63788300835654,2.298050139275766,1.6016713091922006,1.4623955431754874,0.0,69.70752089136491,7.520891364902507,18.73259052924791,0.0,3.6908077994428967,99.58217270194986,99.09470752089136,0.0,0.4178272980501393,47.14484679665738,46.239554317548745,1.8105849582172702,90.5292479108635,76.04456824512535,8.704735376044567,0.2785515320334262,0.2785515320334262,66.57381615598885,24.44289693593315,1.7409470752089136,6.476323119777159,88.64902506963789,9.540389972144848,1.2534818941504178,93.03621169916434,73.3983286908078,18.941504178272982,7.172701949860724,0.0,3.6211699164345403,48.119777158774376,47.14484679665738,22.00557103064067,16.922005571030642,16.434540389972145,64.4150417827298,79.73537604456824,86.76880222841226,91.991643454039,40.00871649596862,7.626933972543037,44.73495702005731,3.2593123209169055,26.937703104473485,9.679872778814907,12.964115328769966,6.3078958976621085,76.59902955447728,58.30404217926186,1.0764499121265378,45.09143407122233,43.310875842155916,21.75925925925926,18.37962962962963,4.583333333333333,7.083333333333333,5.7407407407407405,5.37037037037037
060303,91.84280403611258,4.726500265533723,1.8799787573021773,1.699415825809878,0.6585236325013276,62.67657992565056,4.4609665427509295,28.571428571428573,0.021242697822623474,3.218268720127456,97.46149761019649,96.62241104620287,0.053106744556558685,2.538502389803505,59.93627190653213,32.9368029739777,4.673393520977164,93.00053106744556,78.15188528943176,5.905469994689326,0.6266595857673924,0.23366967604885822,72.46946362187998,14.614976101964949,2.538502389803505,7.33935209771641,91.37546468401487,4.492830589484864,1.8374933616569304,82.66595857673924,88.5077004779607,7.58364312267658,2.8465215082315454,0.0849707912904939,12.501327668613914,50.33457249070632,34.26447158789166,20.30801911842804,22.18799787573022,17.079129049389273,62.68720127456187,75.9214020180563,81.55071694105152,89.64418481147106,38.01846313873359,9.58262904693798,32.047879260994016,3.309914129586261,32.451421816684594,8.242685048677798,7.429838891766612,13.233441623019294,71.3319631373069,44.1146501002531,0.8743384939026394,45.10329601009305,46.12837091941334,10.061709813365443,22.418723660445515,6.8633353401565325,10.580975316074653,8.902769416014449,8.827513546056592
060401,88.39506172839506,1.8930041152263375,2.7983539094650207,2.3868312757201644,0.1646090534979424,65.02057613168725,3.2098765432098766,25.596707818930042,0.0,5.267489711934156,97.44855967078189,96.95473251028807,0.0,2.551440329218107,55.22633744855967,39.4238683127572,4.279835390946502,80.32921810699588,69.95884773662551,15.720164609053498,2.05761316872428,1.646090534979424,81.9753086419753,8.559670781893004,0.411522633744856,8.395061728395062,68.97119341563786,30.53497942386831,0.0,91.52263374485597,29.300411522633745,45.18518518518518,23.45679012345679,1.5637860082304527,3.2098765432098766,56.8724279835391,38.18930041152263,17.448559670781894,25.925925925925927,13.82716049382716,63.78600823045267,83.37448559670781,79.09465020576131,90.12345679012346,33.325307006982904,12.039489525644113,31.012203876525483,6.676238334529792,27.914278985791665,9.333542664259362,13.690242562210534,11.648351648351648,74.96947496947497,41.674733785091966,1.669893514036786,33.25301204819277,53.975903614457835,54.651162790697676,10.186046511627907,2.9302325581395348,4.790697674418604,3.86046511627907,4.232558139534884
060402,90.57971014492753,0.0,0.0,0.0,0.0,71.73913043478261,2.898550724637681,21.73913043478261,0.0,2.898550724637681,96.3768115942029,96.3768115942029,0.0,3.6231884057971016,84.78260869565217,0.7246376811594203,9.420289855072463,75.3623188405797,68.1159420289855,22.463768115942027,2.1739130434782608,0.0,65.21739130434783,23.18840579710145,0.7246376811594203,10.144927536231885,38.405797101449274,41.30434782608695,0.0,77.53623188405797,25.36231884057971,63.768115942028984,4.3478260869565215,5.072463768115942,7.246376811594203,73.91304347826087,14.492753623188406,34.05797101449275,18.840579710144926,18.115942028985508,60.14492753623188,63.04347826086956,86.95652173913044,93.47826086956522,34.81675392670157,11.518324607329843,34.93975903614458,5.220883534136546,27.226027397260275,6.8493150684931505,12.414383561643836,11.232876712328768,61.0958904109589,36.48293963254593,3.1496062992125986,39.39393939393939,45.95959595959596,37.073170731707314,9.268292682926829,3.902439024390244,6.341463414634147,2.926829268292683,7.804878048780488
060501,80.6062162856409,2.080657590547136,12.432571281787824,11.9958900590804,0.8990495761623427,35.294117647058826,7.603390701258669,48.779861289493965,0.20549704597996404,6.39609555612638,97.40559979450295,96.5065502183406,0.20549704597996404,2.594400205497046,49.49910095042384,45.723092730542,3.878756742871821,86.59131774980735,74.38993064474698,11.250963267403032,0.9247367069098382,0.9247367069098382,80.16953506293348,8.374004623683534,0.3853069612124326,9.761109684048291,76.90726945800154,22.39917801181608,0.07706139224248651,87.25918314924223,23.811970202928332,49.96146930387876,24.505522733110713,0.6421782686873876,4.032879527356794,47.855124582584125,46.031338299511944,15.643462625224762,25.301823786283073,14.872848702799898,68.71307474955047,81.83919856152067,82.19881839198561,90.77832006164911,33.74163973848351,13.406477793642443,34.60762331838565,7.208520179372197,26.231572709089562,11.726794577376102,11.860137787984295,17.89658061076841,65.31871144619602,51.00513905683192,2.8189238210399035,39.71437253114555,47.93375873594652,24.411979547114683,16.157779401022644,10.02191380569759,9.627465303140978,8.151935719503287,6.121256391526662
060502,94.17879417879418,2.286902286902287,0.0,0.0,2.286902286902287,62.57796257796258,3.5343035343035343,29.106029106029105,0.0,1.8711018711018712,99.58419958419958,99.58419958419958,0.0,0.4158004158004158,34.0956340956341,60.91476091476091,2.079002079002079,84.1995841995842,74.01247401247402,14.96881496881497,0.8316008316008316,0.0,69.02286902286902,16.424116424116423,0.8316008316008316,12.681912681912682,54.26195426195426,42.41164241164241,0.2079002079002079,92.0997920997921,30.977130977130976,37.00623700623701,28.066528066528065,3.7422037422037424,2.7027027027027026,61.33056133056133,35.343035343035346,22.86902286902287,12.474012474012474,14.345114345114345,51.767151767151766,80.04158004158005,81.91268191268192,91.47609147609148,34.17462482946794,11.118690313778991,32.785200411099694,5.549845837615622,25.703220546269872,11.82225845902976,12.494904198940073,6.9559228650137745,67.01101928374656,49.487354750512644,1.2987012987012987,36.65768194070081,52.2911051212938,34.27041499330656,16.198125836680052,8.96921017402945,6.693440428380187,4.149933065595716,5.4886211512717535
060601,93.95385839299921,4.77326968973747,0.15910898965791567,0.15910898965791567,0.0,74.30389817024663,5.409705648369133,16.706443914081145,0.8750994431185362,2.307080350039777,99.12490055688146,98.72712808273667,0.0,0.8750994431185362,54.097056483691325,41.20922832140016,2.2275258552108195,89.57836117740652,74.86077963404932,8.43277645186953,0.954653937947494,0.477326968973747,64.28003182179793,23.389021479713605,2.1479713603818618,8.83054892601432,72.87191726332537,26.173428798727127,0.39777247414478917,93.3969769291965,39.29992044550517,37.629276054097055,21.559268098647575,0.5568814638027049,3.6595067621320605,51.15354017501989,43.67541766109785,19.809069212410503,22.03659506762132,14.7175815433572,66.030230708035,80.90692124105011,82.10023866348449,90.05568814638028,35.709108480309254,11.476201981154869,37.704918032786885,4.694485842026825,29.28654581739564,10.227839680691835,11.766173291202394,7.192118226600985,76.84729064039409,37.792397660818715,0.7553606237816765,39.663951120162935,49.389002036659875,16.73095467695275,22.27579556412729,6.075216972034715,8.24493731918997,6.702025072324012,7.2806171648987466
070101,95.56826336970049,3.556926263387869,0.4812365439994186,0.41923674385225423,0.05132584188007013,71.69379820314133,12.667263197100317,14.099163343356256,0.050871630889981014,1.0206120947302442,99.73542209827309,99.10361461105913,0.024300287969767718,0.2645779017269102,61.3909303149499,34.796422634242056,0.4839618099399533,97.85158201687848,76.71033148318057,1.5168376014026035,0.1258164442546852,0.34951535687357493,54.791471734450084,28.56396653373425,5.398070511714101,9.517309980832296,97.2268148000109,0.7937337051807305,1.0960111190850375,91.90346199616646,17.78145184000872,65.9857286906914,13.832541492173945,0.1950836202432754,2.9680417147373297,23.61942569562413,67.38924065006677,17.44896939526349,26.4398488385825,14.335353058202596,58.331819296699706,85.38871376531827,87.50034065824256,91.69475204622051,34.43655699662406,9.215009129302834,41.16688236802894,1.7198675639321217,27.890129217407274,13.525485134028004,5.044632799364875,35.52276878544968,44.434984611859335,32.62766070567697,2.5839725854925693,49.99687536888006,40.61048348458863,4.419527787055729,24.78685479245705,9.792503622836445,8.39633098819268,7.8225322462384375,7.910624724711004
070102,87.40206087658483,7.004131250296785,4.1739873688209315,3.74661664846384,0.09971983474998813,18.239232632128783,25.485540623961253,49.32807825632746,0.14245690678569733,5.1569400256422435,98.21928866517878,96.84220523291704,0.7977586779999051,1.7807113348212167,82.71048007977586,12.208556911534261,3.3144973645472247,60.29251151526663,47.57585830286338,33.79552685312693,1.8709340424521583,1.6192601737974264,67.38686547319436,15.7509853269386,2.079870839071181,11.69571204710575,93.87435300821501,1.2583693432736598,2.5499786314639823,80.94876299919274,26.53497317061589,62.03048577805214,5.916710195165963,0.3181537584880574,6.344080915523055,26.914858255377748,49.06215869699416,14.364404767557813,25.89391709008025,13.742342941260269,55.27327983285056,80.3077069186571,80.58312360510945,88.41350491476328,41.499214779458136,6.313915097256056,23.271685554198086,2.993217340017694,33.47248854451312,8.578683650917222,5.599473334970454,20.391368652584475,66.36201600364063,54.88228144695461,1.3469658810409852,49.163449163449165,40.93861303163629,9.289294362786507,20.879089936363126,13.453849186236415,10.336768598299262,10.379005462634455,8.064425297065945
070103,94.46616541353383,1.593984962406015,3.5789473684210527,3.518796992481203,0.09022556390977443,50.285714285714285,22.646616541353385,24.090225563909776,0.09022556390977443,1.8345864661654134,99.2781954887218,98.46616541353383,0.48120300751879697,0.7218045112781954,64.57142857142857,28.902255639097746,2.857142857142857,79.84962406015038,61.29323308270677,8.75187969924812,1.6541353383458646,0.42105263157894735,73.47368421052632,15.428571428571429,2.6766917293233083,6.646616541353383,95.21804511278195,1.5338345864661653,1.112781954887218,91.90977443609023,14.646616541353383,62.67669172932331,20.51127819548872,1.0827067669172932,3.3684210526315788,11.548872180451127,79.93984962406014,12.0,22.887218045112782,10.075187969924812,71.30827067669173,89.0827067669173,88.4812030075188,92.87218045112782,33.53668590272053,10.956306677658697,61.04679802955665,1.6379310344827587,23.194632896125434,24.3441881501583,3.2639831147293834,18.559718969555036,41.97055871528939,71.86254980079681,7.6112217795484725,47.05778717406624,36.55743481324877,9.851551956815115,15.24966261808367,5.549932523616734,8.28272604588394,3.4919028340080973,6.3090418353576245
070104,92.06043255194308,6.116953428385158,1.2046826724113495,1.0827971314379659,0.0850364239349188,13.568978712548542,28.47019473341081,54.531024121998925,0.11054735111539443,2.128745145837467,99.57481788032541,98.82082825476913,0.0425182119674594,0.42518211967459396,68.45715581507412,28.62892939142266,0.9807534227160634,89.37328155559965,75.74194279883217,8.787097139941608,0.8163496697752204,0.6122622523314153,65.0330224779614,19.94671050766745,3.616882564698546,9.787692394909152,97.33552538337254,0.8617024292071771,0.6207658947249072,89.16635959069134,17.123501233028147,66.71390912440829,12.812154539527764,0.2891238413787239,3.0726494515150655,30.9957765242779,60.18027721874203,13.498115025936109,25.493919895688652,14.614926726948044,55.3955610986706,84.84084015986848,86.74282150854616,92.27018906431589,38.87492676308243,6.144962841900768,29.881074073150664,2.9556957291380987,30.427684483313204,10.662070388599936,6.26778984165903,27.003673008099454,58.73673635964086,67.82810504345659,1.4423226690757298,46.86466396153715,43.56224639410782,6.424313305069603,25.130354271234346,9.005409093124117,10.405600766694281,11.30061887822231,8.105517924727515
070105,91.30048465266559,7.1082390953150245,1.0581583198707594,0.9127625201938611,0.03231017770597738,30.27463651050081,10.201938610662358,54.80613893376414,0.12924071082390953,3.27140549273021,99.2891760904685,98.562197092084,0.13731825525040386,0.7108239095315024,74.80613893376413,20.290791599353796,3.231017770597738,80.45234248788368,65.95315024232633,17.269789983844912,0.8319870759289176,0.8804523424878837,67.52019386106623,17.940226171243943,2.641357027463651,10.662358642972537,96.08239095315024,2.027463651050081,0.8239095315024233,89.91922455573506,13.295638126009694,78.10177705977382,5.613893376413571,0.3877221324717286,4.022617124394184,40.96930533117932,50.78352180936995,16.534733441033925,24.248788368336026,15.880452342487883,51.67205169628433,79.19224555735056,80.11308562197092,89.90306946688207,38.73752742198005,8.810416814096667,24.999046856532846,5.56254527431469,30.765593431629625,12.648411640802992,7.622404676954821,27.72911051212938,61.744320369657295,47.82639765608251,1.243419642219099,40.7265378038037,48.64486707778411,16.833349836617487,22.888404792553718,7.594811367462125,8.901871472423013,10.941677393801367,7.06505594613328
070201,90.08993276870689,7.462382490759335,1.3853721004685817,1.1379842253849064,0.06985069414127303,25.111324543787653,25.620652521901103,43.415116854390405,0.1513431706394249,4.025146249890859,98.71940394074333,97.86955382869117,0.25029832067289504,1.2805960592566723,78.02322535580197,18.35326988561949,1.8655956226898338,67.65912861259059,52.222125207369245,28.615501033208183,1.4494019034314154,1.644401757909136,67.1294275153526,17.325882592624932,2.567013009691784,10.369917634389825,95.77403300445299,1.0739544224220727,1.3970138828254606,82.48202799848657,21.688640530865275,65.58107046188772,7.0549201082685755,0.5849995634331616,5.8383538519747376,32.36706539771239,49.36988852993393,15.471928752291976,25.65266742338252,14.997526121249162,54.0906312756483,80.01105969323903,80.91620827148637,89.10329171396141,41.42282656318458,6.3247167803717845,23.432312554779422,3.286765291758519,32.85311323993726,10.270090142248373,5.706428441596036,21.257873731788237,65.01097914763348,65.88570611959732,1.443361173743212,49.08885754583921,40.85002350728726,8.569243900704175,21.831211323707233,12.278611565545202,11.396614268440144,9.842449676363895,8.026886691798847
070202,90.18538713195201,5.507088331515813,3.76226826608506,3.707742639040349,0.0,25.027262813522356,35.278080697928026,32.38822246455834,0.10905125408942203,2.7262813522355507,98.80043620501635,97.81897491821157,0.21810250817884405,1.1995637949836424,84.78735005452563,11.068702290076336,2.0174482006543077,66.24863685932388,57.96074154852781,32.1701199563795,0.8178844056706652,0.5452562704471101,62.595419847328245,17.72082878953108,1.7448200654307524,16.957470010905126,91.49400218102508,3.162486368593239,1.6902944383860414,75.62704471101418,20.99236641221374,73.00981461286804,1.5812431842966195,1.8538713195201746,12.213740458015268,34.51472191930207,42.69356597600873,14.776444929116686,25.136314067611778,16.902944383860415,44.49291166848419,76.99018538713196,80.09814612868048,88.93129770992367,42.919836161497955,8.39672322995904,21.122112211221122,4.595074892104595,32.807106886210605,9.28535053471397,5.415039891359701,10.214733074858335,77.60214733074858,51.75425610658771,1.7320503330866026,54.95716034271726,34.27172582619339,30.26965438663122,15.98936574249905,6.912267375617167,7.823775161412837,6.266616027345234,7.064185339916445
070301,84.05706550036447,4.946370925752369,6.227220660210351,5.248359887535146,0.7914193481203791,25.03384359054462,10.736228262001458,53.52494012287827,0.15620118712902217,4.644381963969593,93.6269915651359,89.2117046756222,2.6033531188170365,6.373008434864105,61.82442986566698,14.20389461626575,21.836925960637302,60.00208268249505,49.2970946579194,35.947099864625635,2.145162969905238,1.3120899718837864,68.60356138706655,15.38061022597105,1.4162240966364679,11.62136832239925,50.13016765594085,26.824950536290743,11.00697698635843,69.08257836092888,29.563678017286264,54.10809122149328,0.999687597625742,8.112048318233885,28.605644069561595,22.0660210350932,26.647922524211182,17.265437883994586,26.877017598667084,15.04738102676247,56.56565656565657,67.32271165260856,71.1340206185567,83.067791315214,43.2047711480575,8.146960362337188,21.4947253726908,3.942350552226239,32.5181477112096,5.834900997991263,8.530221386134405,23.674798639178857,66.70931348317873,26.468984126072854,1.409421017883285,43.328611898016995,44.95042492917847,28.15745947734039,18.570956003969567,9.798213695004963,7.628183923255045,6.15944426066821,6.179292093946411
070302,89.98664886515354,2.1361815754339117,5.607476635514018,4.806408544726302,0.0,43.524699599465954,6.809078771695594,40.52069425901202,0.20026702269692923,2.202937249666222,97.9305740987984,96.26168224299066,0.6008010680907877,2.069425901201602,76.90253671562083,0.20026702269692923,20.89452603471295,48.66488651535381,40.654205607476634,45.8611481975968,2.870493991989319,1.7356475300400533,73.09746328437917,13.818424566088117,0.26702269692923897,11.214953271028037,31.77570093457944,51.93591455273698,2.67022696929239,82.24299065420561,12.082777036048064,84.51268357810414,0.20026702269692923,0.7343124165554072,19.692923898531376,11.682242990654206,19.559412550066757,16.622162883845128,32.44325767690254,13.21762349799733,58.87850467289719,76.6355140186916,72.76368491321762,83.97863818424567,42.683376336159235,11.09472908219683,21.768488745980708,3.8906752411575565,33.68820777107208,8.95097307927036,10.680138333220317,9.163498098859316,79.90494296577947,28.201762610163136,0.7500468779298706,44.8051948051948,42.45754245754246,28.26805096743747,15.478999528079283,10.901368570080226,8.919301557338366,5.285512033978292,4.577630957999056
070303,93.37442218798151,3.5439137134052388,1.5408320493066257,1.5408320493066257,0.0,68.25885978428352,5.238828967642527,20.184899845916796,0.0,2.773497688751926,95.83975346687211,91.37134052388289,0.4622496147919877,4.160246533127889,84.89984591679507,0.3081664098613251,12.788906009244993,72.11093990755008,62.09553158705701,25.88597842835131,0.7704160246533128,0.4622496147919877,71.95685670261942,14.791987673343606,0.4622496147919877,11.556240369799692,57.78120184899846,9.70724191063174,14.329738058551618,73.49768875192603,32.04930662557781,60.40061633281972,0.15408320493066255,3.0816640986132513,27.889060092449924,26.348228043143298,37.442218798151,14.637904468412943,29.892141756548536,13.097072419106317,51.15562403697997,77.04160246533128,64.71494607087827,80.73959938366718,41.60853508411982,9.232663110381617,20.757363253856944,3.015427769985975,44.23608369522306,3.5136202131859453,6.987761547572049,10.48421052631579,78.94736842105263,41.54103852596315,0.7956448911222781,45.98540145985402,42.33576642335766,26.65330661322645,18.537074148296593,9.118236472945892,9.519038076152304,6.312625250501002,5.61122244488978
070401,92.19201850780799,5.9572006940427995,0.7518796992481203,0.6940427993059572,0.0,41.41122035858878,19.491035280508964,30.364372469635626,0.0,4.973973395026027,98.09138230190862,97.10815500289185,0.1156737998843262,1.9086176980913823,80.04626951995373,10.989010989010989,7.2296124927703875,57.72122614227877,44.418739155581264,37.88316946211683,3.007518796992481,0.7518796992481203,71.9491035280509,15.326778484673222,0.8675534991324465,10.179294389820706,91.72932330827068,2.6604973973395025,1.5615962984384038,85.48293811451707,45.34412955465587,46.84788895315211,1.792943898207056,2.5448235974551765,7.923655292076345,34.58646616541353,47.19491035280509,15.326778484673222,29.959514170040485,14.459224985540775,50.37593984962406,73.45286292654714,79.4679005205321,89.1844997108155,40.42617046818727,10.309123649459783,26.27952755905512,4.84744094488189,33.65239586959044,8.220211161387631,6.305835943844993,11.827792247586947,75.68561360502528,52.85217128158572,1.482826448781964,45.30035335689046,43.03886925795053,22.22222222222222,16.363636363636363,9.562289562289562,10.033670033670033,5.454545454545454,10.875420875420875
070402,90.13391637059306,7.8710030062858705,0.8745558895873189,0.6285870456408855,0.027329871549603715,38.61710849959005,21.3446296802405,31.757310740639518,0.10931948619841486,4.919376878928669,97.56764143208527,96.58376605629954,0.1639792292976223,2.4323585679147306,82.83684066684887,12.13446296802405,3.6895326591965016,69.90981142388631,58.704564088548786,27.931128723695,1.0112052473353375,0.6012571740912818,72.94342716589232,13.801585132549876,1.1205247335337525,11.013938234490299,91.99234763596611,1.6944520360754305,4.700737906531839,85.07789013391637,71.52227384531292,22.492484285323858,2.678327411861164,1.4211533205793934,7.461054933041814,44.301721781907624,40.01093194861984,16.75321125990708,27.931128723695,16.042634599617383,50.0136649357748,75.67641432085269,76.93358841213447,87.23694998633506,41.362275449101794,9.67065868263473,23.63544686751544,5.8237741081558045,32.105584545353615,8.637726212945488,6.855778838681026,16.969604398961355,75.71406751183748,45.67071789839209,1.3361515814901488,40.73741007194245,47.67985611510792,30.032439815605258,20.98343862045416,6.8465084514256445,7.478231176370155,7.187980194638894,7.444084002048831
070403,82.83158603443302,14.667692603635665,1.317687794556122,0.7405982494950466,0.1250360680965663,43.810714629219966,17.024141579301723,31.50908916033471,0.18274502260267383,5.386169087236703,98.0090410695393,97.21073386553813,0.3462537270366452,1.9909589304607098,82.26411464845629,13.40771376358565,1.7408867942675772,68.70251033952101,55.98730403000866,29.72972972972973,0.827161681254208,0.46167163604886025,65.50928152351639,21.083004712897953,3.164374338751563,8.858324516687507,93.44041550447244,0.413580840627104,5.251514860055785,88.33317303068193,78.58997787823411,14.225257285755506,5.5592959507550255,0.4039626815427527,6.8385111089737425,45.06107531018563,45.48427430989709,19.54409925940175,25.34384918726556,17.581994806194093,49.29306530730018,75.75262094835048,80.54246417235741,89.72780609791286,42.082625919637806,7.065647990945105,29.788257940327238,5.861405197305101,27.665722819130366,12.981459214149956,9.134634032814864,19.48661807496183,72.63979718244937,49.44006399268655,1.0655925037138614,36.772959970394126,51.822611484611116,22.874743326488705,24.14197711938985,6.33616896450572,7.738339689058375,7.943678498093282,8.894103842769141
070404,88.98473788984738,7.431984074319841,1.7916390179163901,1.26078301260783,0.26542800265428,52.886529528865296,17.451891174518913,19.2435301924353,0.06635700066357,8.560053085600531,97.47843397478434,96.4830789648308,0.19907100199071,2.52156602521566,84.67153284671532,11.081619110816192,2.3224950232249504,77.50497677504977,64.8307896483079,20.305242203052423,0.7299270072992701,1.1280690112806901,69.34306569343066,17.120106171201062,1.19442601194426,11.479761114797611,89.64830789648308,0.79628400796284,7.564698075646981,83.67617783676178,70.67020570670206,24.286662242866623,1.8579960185799602,1.06171201061712,9.223623092236231,43.53019243530193,43.19840743198407,12.674187126741872,29.595222295952222,14.200398142003982,50.69674850696749,74.18712674187127,77.17319177173192,86.13138686131387,42.2432387589182,7.084785133565622,25.66875355719977,3.4718269778030733,33.699657804685444,8.212687549355094,6.804422216372729,11.683438512706806,73.52891011427597,47.21471978392978,1.4179608372721135,51.99641094661283,38.71691341408703,29.193811074918568,16.001628664495115,7.166123778501628,10.789902280130294,5.659609120521172,6.4332247557003255
070501,96.00352630032324,1.4105201292976786,1.4399059653247135,1.2048192771084338,0.05877167205406994,72.14222744637085,7.640317367029092,15.780193946517779,0.08815750808110491,3.0855127828386717,99.00088157508081,98.20746400235086,0.3820158683514546,0.9991184249191889,76.93211871877755,17.367029091977667,3.4087569791360566,80.13517484572436,62.3567440493682,18.248604172788717,0.910960916838084,0.5289450484866295,68.49838377901851,17.33764325595063,1.9688510138113429,10.490743461651483,80.39964736996768,4.37848956802821,2.821040258595357,81.72200999118425,23.861298853952395,67.35233617396415,1.939465177784308,0.44078754040552454,12.400822803408756,31.64854540111666,41.9335880105789,17.69027328827505,27.181898325007346,13.95827211284161,52.89450484866295,74.46370849250661,74.22862180429033,84.68997942991479,41.63855421686747,9.244979919678714,22.757292239955973,1.7886626307099616,40.87742133067912,5.497281984534109,6.469642446979558,13.22381930184805,75.75359342915812,33.62392048232035,0.7821411112921622,45.357220887043916,44.526982739785886,14.491857349000206,19.1713048855906,8.060193774479488,11.379097093382807,9.441352298495156,9.420737992166563
070502,88.57453754080522,6.1806311207834606,3.9608269858541894,3.8302502720348204,0.04352557127312296,9.510337323177367,25.44069640914037,55.908596300326444,0.1305767138193689,4.874863982589772,97.14907508161045,95.16866158868335,0.8922742110990207,2.8509249183895538,86.42002176278564,6.093579978237214,5.244831338411316,73.71055495103373,66.02829162132753,24.41784548422198,0.9357997823721437,0.6311207834602829,67.76931447225245,19.173014145810665,1.5669205658324266,10.032644178454841,90.620239390642,2.1545157780195865,3.5255712731229596,77.10554951033733,40.26115342763874,52.252448313384114,2.002176278563656,0.5875952121871599,10.42437431991295,31.425462459194776,44.047878128400434,15.560391730141458,26.572361262241568,16.387377584330796,48.574537540805224,69.42328618063112,77.7366702937976,87.13819368879217,44.29799751103066,6.262020590564544,22.125417890791205,3.8192685644818156,34.66866774416994,8.524590163934427,6.864465481413069,20.763500931098697,70.4201582867784,57.17900063251107,2.0700362256339484,50.09577132753794,39.08943568587004,22.867892976588628,18.408584169453736,8.263656633221851,8.30546265328874,7.636566332218506,9.127647714604237
070503,96.99398797595191,1.2596621815058688,0.5439450329229888,0.4866876610363584,0.0,47.49498997995992,16.862296020612654,30.575436587460636,0.143143429716576,2.977383338104781,98.94073862009733,98.36816490123104,0.0,1.0592613799026624,72.17291726309763,17.23446893787575,8.617234468937875,78.15631262525051,65.13026052104209,18.551388491268252,2.1471514457486403,0.7729745204695104,73.54709418837675,13.913541368451188,1.6318350987689665,9.934154022330375,84.28285141711996,9.30432293157744,1.9181219582021185,83.13770397938734,15.860292012596622,80.3893501288291,1.1737761236759232,0.3435442313197824,10.62124248496994,48.18207844259948,37.131405668479815,18.465502433438306,26.68193529916977,14.371600343544232,64.44317205840252,75.6942456341254,76.69624964214142,86.80217578013169,39.4348994381565,12.173275791873627,25.33315385650828,1.9114281868353749,36.4809140090039,5.4893504331706575,5.9244126659857,12.071846282372599,70.1921470342523,32.1833374700091,0.8852486142136179,44.24558223833258,45.53692795650204,15.016778523489933,18.414429530201343,6.564597315436242,12.248322147651006,8.871644295302014,8.095637583892618
070601,94.67881112176414,2.3729626078619366,2.588686481303931,2.3010546500479387,0.0,76.67785234899328,12.224352828379674,9.372003835091084,0.04793863854266539,1.2464046021093,99.49664429530202,98.7535953978907,0.19175455417066156,0.5033557046979866,79.33844678811121,17.233940556088207,1.8935762224352828,87.79961649089167,76.60594439117929,10.450623202301054,0.862895493767977,0.4314477468839885,73.22627037392138,13.806327900287632,1.1984659635666348,9.731543624161073,96.35666347075743,1.7976989453499521,0.7909875359539789,89.21380632790029,17.018216682646212,79.72195589645254,1.8696069031639502,0.4554170661553212,3.283796740172579,22.435282837967403,60.810162991371044,12.967401725790987,32.694151486097795,13.15915627996165,56.54362416107382,81.2320230105465,78.90699904122722,87.05656759348035,38.36093625863228,10.633746867933754,38.256227758007114,2.4515618821668643,32.968023185017415,12.062541097391685,6.755802342855751,12.419766934629525,68.54240668037639,29.720843672456574,1.4205955334987592,53.90802853240249,35.999392927606614,17.077011165187518,15.144574864013741,6.097910105926138,8.789006584597766,8.245061551674778,6.140853134841111
070602,87.78044871794872,10.376602564102564,0.7612179487179487,0.5608974358974359,0.0,9.054487179487179,29.126602564102566,46.8349358974359,0.28044871794871795,6.089743589743589,95.67307692307692,92.94871794871794,1.4022435897435896,4.326923076923077,74.79967948717949,11.899038461538462,11.618589743589743,30.16826923076923,24.39903846153846,65.625,2.043269230769231,1.3621794871794872,81.81089743589743,7.532051282051282,0.40064102564102566,9.014423076923077,71.59455128205128,3.0448717948717947,17.908653846153847,64.26282051282051,37.5400641025641,53.28525641025641,1.0416666666666667,3.7259615384615383,23.958333333333332,28.165064102564102,31.41025641025641,20.352564102564102,30.328525641025642,15.665064102564102,53.205128205128204,69.87179487179488,71.55448717948718,84.85576923076923,42.20183486238532,10.637556613633725,18.330670926517573,6.5894568690095845,34.370112945264985,7.771503040834057,6.5682015638575155,8.65373169860731,84.64468515652898,53.01800211789622,0.7765619484645252,40.05143040822887,45.61234329797493,40.27611044417767,14.705882352941176,6.422569027611044,7.863145258103241,4.6818727490996395,5.222088835534214
070603,88.45780795344326,9.602327837051407,1.5518913676042676,1.2609117361784674,0.09699321047526673,15.518913676042677,34.23860329776915,40.543161978661495,3.7827352085354025,4.461687681862269,98.25412221144519,97.090203685742,0.09699321047526673,1.7458777885548011,95.73229873908826,0.2909796314258002,2.133850630455868,79.9224054316198,67.89524733268671,15.324927255092144,0.3879728419010669,3.9767216294859358,75.94568380213386,11.54219204655674,0.8729388942774006,8.826382153249272,84.86905916585839,6.20756547041707,0.09699321047526673,84.19010669253153,76.04267701260912,21.823472356935014,0.3879728419010669,1.066925315227934,10.572259941804074,37.148399612027156,34.917555771096026,13.191076624636276,35.30552861299709,10.281280310378273,60.62075654704171,83.99612027158099,77.49757516973811,89.03976721629486,38.84395813510942,9.229305423406279,15.755258126195029,2.1032504780114722,37.271164154950945,6.655203802973602,4.217659552948316,10.624394966118103,77.95256534365924,56.45667390779628,0.48274197441467537,55.822784810126585,34.30379746835443,10.72289156626506,15.240963855421686,19.337349397590362,7.530120481927711,7.228915662650603,7.469879518072289
070701,75.17482517482517,6.643356643356643,16.783216783216783,16.783216783216783,1.3986013986013985,48.6013986013986,10.839160839160838,34.96503496503497,0.0,3.8461538461538463,99.3006993006993,98.95104895104895,0.34965034965034963,0.6993006993006993,82.51748251748252,1.048951048951049,13.986013986013987,53.84615384615385,46.15384615384615,37.06293706293706,5.594405594405594,2.097902097902098,75.17482517482517,13.986013986013987,1.7482517482517483,6.993006993006993,61.53846153846154,23.076923076923077,0.0,91.25874125874125,56.64335664335665,36.71328671328671,1.048951048951049,2.797202797202797,17.482517482517483,31.818181818181817,37.76223776223776,17.832167832167833,20.97902097902098,18.53146853146853,54.19580419580419,75.87412587412588,76.22377622377623,89.86013986013987,40.6813627254509,11.122244488977955,28.764805414551606,5.752961082910321,37.2402327514547,5.527847049044056,8.146300914380715,9.109311740890687,79.8582995951417,47.78225806451613,0.4032258064516129,40.758293838862556,47.39336492890995,34.30493273542601,15.022421524663677,2.4663677130044843,6.502242152466367,6.053811659192825,5.381165919282512
070702,82.13434969032873,6.383992377322534,10.338256312529776,10.147689375893282,0.0,30.967127203430206,7.241543592186756,47.73701762744164,0.38113387327298714,4.90709861838971,98.18961410195331,93.37779895188184,3.858980466888995,1.810385898046689,42.067651262505954,30.91948546927108,25.345402572653644,53.16817532158171,44.64030490709862,40.16198189614102,3.4778465936160075,2.6202953787517864,74.130538351596,11.815150071462602,0.7622677465459743,11.862791805621725,57.59885659838018,20.057170080990947,0.6669842782277274,85.89804668889947,79.60933777989518,17.81800857551215,1.0481181515007145,0.14292520247737017,34.15912339209147,33.34921391138637,26.10767031919962,16.15054787994283,22.34397332062887,18.38970938542163,50.92901381610291,67.07956169604573,74.22582181991424,85.32634587899,45.12781574284991,8.909136927360162,28.843537414965986,2.4489795918367347,34.917759937340904,6.50088114352849,8.356177795183083,9.71213692946058,76.80238589211618,27.434083601286172,0.5916398713826366,42.48575498575499,43.3048433048433,27.191235059760956,16.567065073041167,5.5444887118193895,9.063745019920319,6.673306772908367,5.179282868525896
070703,83.54522339266255,6.465673810388667,7.918634217217581,7.446422084998184,0.0726480203414457,8.826734471485652,18.85216127860516,63.458045768252816,0.25426807119505995,5.049037413730476,95.27787867780603,92.6988739556847,0.1452960406828914,4.722121322193971,78.13294587722484,11.187795132582638,8.4271703596077,63.2764257173992,53.83218307301126,34.253541590991645,1.7798764983654196,0.5811841627315656,72.24845622956775,15.655648383581548,1.0897203051216855,9.843806756265892,79.40428623320014,10.025426807119507,1.9614965492190337,79.18634217217581,58.445332364693066,37.9949146385761,1.5256084271703596,0.3995641118779513,18.053033054849255,35.70650199782056,35.161641845259716,15.147112241191428,25.572103160188885,15.510352342898656,46.67635306937886,71.81256810751907,72.57537232110425,83.98111151471123,44.19281491587085,6.60300136425648,18.971113274910742,5.030834144758195,40.26078882564289,6.1846514068870855,6.765976343304671,13.639338132186595,75.80630083200897,61.45900581020013,0.6271327123489809,45.193236714975846,41.932367149758456,30.76923076923077,16.51251973832619,6.31626438078051,9.023234829686443,6.609519512745319,8.098353259643583
070704,95.34412955465586,3.4412955465587043,0.20242914979757085,0.0,0.0,64.97975708502024,6.680161943319838,26.31578947368421,0.0,2.0242914979757085,98.17813765182186,98.17813765182186,0.0,1.8218623481781377,93.11740890688259,0.20242914979757085,5.668016194331984,92.51012145748987,74.2914979757085,6.0728744939271255,0.20242914979757085,0.4048582995951417,75.7085020242915,15.384615384615385,1.0121457489878543,7.287449392712551,46.963562753036435,52.42914979757085,0.20242914979757085,93.7246963562753,61.53846153846154,36.03238866396761,1.0121457489878543,0.0,9.919028340080972,40.283400809716596,37.449392712550605,3.0364372469635628,51.821862348178136,8.704453441295547,73.07692307692308,83.80566801619433,77.7327935222672,89.27125506072875,39.59881129271917,10.252600297176821,36.36363636363637,2.346041055718475,32.57816640169581,4.47800741918389,11.181770005299416,13.005671077504726,70.17013232514178,55.73831775700935,0.3364485981308411,41.843971631205676,45.39007092198582,16.927322907083717,16.007359705611776,9.015639374425023,12.143514259429622,6.347746090156393,6.531738730450782
070705,57.27699530516432,5.39906103286385,15.258215962441314,14.788732394366198,1.408450704225352,10.7981220657277,14.084507042253522,65.02347417840376,0.704225352112676,4.929577464788732,97.41784037558685,97.1830985915493,0.2347417840375587,2.5821596244131455,73.00469483568075,0.0,23.943661971830984,29.812206572769952,16.197183098591548,58.21596244131455,5.633802816901408,4.929577464788732,76.99530516431925,7.511737089201878,2.112676056338028,11.267605633802816,48.35680751173709,34.03755868544601,0.0,83.5680751173709,65.02347417840376,33.568075117370896,0.2347417840375587,0.704225352112676,27.934272300469484,37.79342723004695,18.309859154929576,20.657276995305164,20.422535211267604,20.422535211267604,45.539906103286384,68.30985915492958,69.71830985915493,83.80281690140845,40.537000654878845,9.1683038637852,21.62162162162162,4.391891891891892,45.96985583224115,3.7352555701179555,7.011795543905635,5.2090472926662095,82.4537354352296,39.878950907868195,0.4034969737726967,35.98615916955017,43.944636678200695,42.61275272161742,13.219284603421462,4.821150855365475,4.199066874027994,4.043545878693624,6.2208398133748055
070706,94.7219222462203,3.9686825053995682,0.25647948164146867,0.148488120950324,0.05399568034557235,72.67818574514038,5.170086393088553,18.642008639308855,1.1474082073434124,2.0518358531317493,99.00107991360692,98.042656587473,0.04049676025917927,0.9989200863930886,34.08477321814255,62.607991360691145,1.1339092872570193,96.51727861771059,83.05885529157668,2.40280777537797,0.3779697624190065,0.4724622030237581,65.17278617710583,18.66900647948164,5.521058315334773,8.639308855291576,70.22138228941685,28.077753779697623,0.2294816414686825,90.53725701943844,78.79319654427646,16.117710583153347,4.2386609071274295,0.18898488120950324,9.084773218142548,50.60745140388769,36.5280777537797,20.342872570194384,29.751619870410366,14.956803455723541,71.82775377969763,84.28725701943844,84.93520518358531,92.06263498920086,34.12951591035968,13.34237179998405,43.40267370061747,2.733649061806846,29.91808026479106,7.715349606950765,6.2606537029375255,15.619418736807923,62.43302484169508,33.23238441348678,0.646073087017969,43.212127026767725,46.20550705171256,7.339365688693904,24.303080157206836,7.650123389086921,8.774335069920483,8.436157572433965,7.485604606525912
070707,91.7222963951936,5.607476635514018,1.7356475300400533,1.7356475300400533,0.13351134846461948,73.69826435246996,4.2723631508678235,18.82510013351135,0.0,2.803738317757009,96.52870493991989,95.32710280373831,0.5340453938584779,3.4712950600801067,45.66088117489986,47.39652870493992,5.073431241655541,79.17222963951936,63.0173564753004,19.626168224299064,0.5340453938584779,0.5340453938584779,77.30307076101468,14.152202937249665,1.2016021361815754,7.209612817089453,61.415220293724964,37.38317757009346,0.0,93.05740987983978,63.684913217623496,33.64485981308411,1.335113484646195,0.40053404539385845,16.421895861148197,38.98531375166889,36.58210947930574,17.623497997329775,27.903871829105473,19.626168224299064,64.88651535380508,69.95994659546061,76.23497997329773,85.71428571428571,43.07128580946036,9.393737508327781,25.502232142857142,3.5714285714285716,34.70707583058585,5.490743089018514,6.670048186659904,7.9576502732240435,80.9084699453552,53.42327150084317,0.47217537942664417,45.03441494591937,44.54277286135693,16.073059360730593,19.54337899543379,7.671232876712328,9.954337899543379,9.771689497716896,7.031963470319635
070801,97.48148148148148,1.6296296296296295,0.11851851851851852,0.05925925925925926,0.02962962962962963,88.38518518518518,2.3703703703703702,6.281481481481482,0.562962962962963,2.162962962962963,99.34814814814816,99.11111111111111,0.11851851851851852,0.6518518518518519,95.88148148148149,0.23703703703703705,1.5407407407407407,96.56296296296296,81.3037037037037,1.9555555555555555,0.4444444444444444,0.4444444444444444,57.333333333333336,28.711111111111112,3.2888888888888888,9.62962962962963,60.65185185185185,38.577777777777776,0.14814814814814814,92.53333333333333,15.585185185185185,74.9037037037037,7.762962962962963,0.6518518518518519,5.925925925925926,27.14074074074074,53.955555555555556,25.896296296296295,24.562962962962963,14.548148148148147,66.01481481481481,82.72592592592592,79.37777777777778,90.28148148148148,34.30023923444976,14.852472089314194,38.51473241130487,4.043896572459411,27.38134506138904,12.516034451163643,7.758841854498809,14.700213046565892,66.82560616820534,27.44092508798391,0.5731523378582202,39.68989126057189,49.355618203785745,25.728721336960746,18.655266226195103,5.79090555771473,7.131752817722503,6.062961523513408,6.568208317139526
070802,95.35714285714286,1.7857142857142858,0.35714285714285715,0.0,0.0,45.714285714285715,6.071428571428571,43.92857142857143,0.0,3.5714285714285716,98.21428571428571,98.21428571428571,0.0,1.7857142857142858,91.78571428571429,0.35714285714285715,7.142857142857143,15.0,11.071428571428571,30.357142857142858,13.214285714285714,33.214285714285715,71.07142857142857,14.285714285714286,0.7142857142857143,12.857142857142858,50.0,49.642857142857146,0.35714285714285715,95.71428571428571,3.9285714285714284,93.92857142857143,1.0714285714285714,0.7142857142857143,11.428571428571429,29.285714285714285,46.42857142857143,22.5,30.357142857142858,12.857142857142858,81.42857142857143,82.14285714285714,79.28571428571429,88.57142857142857,30.224719101123597,16.40449438202247,26.751592356687897,3.0254777070063694,29.130434782608695,10.217391304347826,11.340579710144928,11.03448275862069,77.70114942528735,48.02705749718151,1.3528748590755355,30.158730158730158,62.358276643990926,47.4835886214442,14.660831509846828,5.689277899343545,4.157549234135668,3.719912472647702,2.62582056892779
070803,96.72131147540983,2.0491803278688523,0.0,0.0,0.0,75.81967213114754,1.639344262295082,14.344262295081966,2.0491803278688523,5.327868852459017,97.95081967213115,97.95081967213115,0.0,2.0491803278688523,86.06557377049181,0.819672131147541,12.295081967213115,76.63934426229508,60.65573770491803,11.065573770491802,2.8688524590163933,8.60655737704918,68.85245901639344,21.311475409836067,2.8688524590163933,6.967213114754099,36.47540983606557,62.704918032786885,0.0,92.21311475409836,45.49180327868852,44.67213114754098,3.6885245901639343,5.327868852459017,19.672131147540984,39.75409836065574,31.557377049180328,25.40983606557377,20.081967213114755,12.704918032786885,64.34426229508196,73.77049180327869,76.63934426229508,88.11475409836065,33.333333333333336,13.049095607235142,23.55212355212355,2.5096525096525095,32.21912720519963,8.07799442896936,8.867223769730733,10.90670170827858,73.06176084099869,34.081902245706736,0.3963011889035667,28.238341968911918,57.25388601036269,67.07920792079207,7.425742574257426,1.2376237623762376,1.4851485148514851,1.4851485148514851,2.227722772277228
070804,92.19330855018588,5.947955390334572,0.0,0.0,0.0,83.27137546468401,4.83271375464684,9.66542750929368,0.37174721189591076,1.858736059479554,99.62825278810409,99.25650557620818,0.37174721189591076,0.37174721189591076,93.3085501858736,0.0,4.4609665427509295,95.53903345724908,78.81040892193309,2.973977695167286,0.7434944237918215,0.0,78.81040892193309,17.100371747211895,0.0,3.345724907063197,64.31226765799256,34.20074349442379,1.1152416356877324,90.70631970260223,14.49814126394052,82.15613382899629,1.858736059479554,0.7434944237918215,6.691449814126394,24.53531598513011,56.87732342007435,26.765799256505577,26.022304832713754,11.524163568773234,68.40148698884758,71.37546468401487,77.69516728624535,92.56505576208178,31.904761904761905,18.333333333333332,28.620689655172413,6.379310344827586,33.79035824856258,6.54577620521893,9.243697478991596,9.27710843373494,77.2289156626506,34.21052631578947,1.4354066985645932,34.97757847533632,47.75784753363229,42.1978021978022,8.131868131868131,8.571428571428571,5.934065934065934,4.835164835164835,5.4945054945054945
070805,96.15384615384616,0.0,0.0,0.0,0.0,96.15384615384616,0.0,0.8547008547008547,0.42735042735042733,2.5641025641025643,98.71794871794872,98.71794871794872,0.0,1.2820512820512822,94.01709401709402,0.0,4.700854700854701,99.14529914529915,96.58119658119658,0.8547008547008547,0.0,0.0,74.78632478632478,15.811965811965813,1.7094017094017093,7.6923076923076925,46.15384615384615,53.84615384615385,0.0,96.15384615384616,5.128205128205129,92.3076923076923,1.7094017094017093,0.42735042735042733,11.11111111111111,17.094017094017094,59.401709401709404,24.358974358974358,24.786324786324787,17.94871794871795,67.94871794871794,70.51282051282051,67.52136752136752,85.8974358974359,29.37853107344633,15.254237288135593,41.4486921529175,2.6156941649899395,33.113673805601316,8.731466227347612,6.589785831960461,4.698972099853157,69.01615271659324,36.857142857142854,0.2857142857142857,41.24293785310734,44.632768361581924,40.691489361702125,10.372340425531915,2.127659574468085,4.787234042553192,3.723404255319149,5.053191489361702
070901,91.43835616438356,6.066536203522505,0.6360078277886497,0.4892367906066536,0.09784735812133072,42.22113502935421,13.013698630136986,40.31311154598826,0.684931506849315,2.690802348336595,99.16829745596868,98.77690802348337,0.04892367906066536,0.8317025440313112,76.51663405088063,17.367906066536204,2.3483365949119372,75.78277886497065,62.47553816046967,20.303326810176124,1.5166340508806262,1.6634050880626223,63.20939334637965,24.70645792563601,1.5166340508806262,8.365949119373777,63.551859099804304,35.1761252446184,0.19569471624266144,89.53033268101761,8.855185909980431,82.58317025440313,5.919765166340508,0.44031311154598823,4.6966731898238745,25.146771037181995,55.28375733855186,26.36986301369863,19.080234833659492,12.915851272015656,56.75146771037182,76.66340508806262,81.3600782778865,91.19373776908023,36.674509803921566,12.172549019607843,29.43085371942087,4.268597104343485,29.873138444567015,9.525648097076669,8.251516822945394,16.2447933354694,73.06952899711631,56.21142585852192,3.8138946035765153,37.76796973518285,52.1437578814628,31.807301017354877,13.824057450628366,4.877318970676241,11.340514661879114,4.937163375224417,9.186116098144824
070902,89.77035490605428,5.5845511482254695,2.139874739039666,1.8789144050104385,0.10438413361169102,39.45720250521921,4.175365344467641,50.052192066805844,0.15657620041753653,5.532359081419624,98.17327766179541,97.54697286012527,0.15657620041753653,1.826722338204593,88.93528183716076,4.175365344467641,4.592901878914405,90.44885177453027,76.51356993736952,7.620041753653445,0.4175365344467641,0.7828810020876826,69.57202505219206,20.92901878914405,2.4008350730688934,6.524008350730689,60.80375782881002,37.68267223382046,0.4175365344467641,86.43006263048017,17.69311064718163,75.5741127348643,4.488517745302714,0.7828810020876826,8.977035490605427,47.44258872651357,36.69102296450939,20.407098121085596,22.65135699373695,13.674321503131525,57.77661795407098,80.21920668058455,75.15657620041753,90.81419624217119,39.18238993710692,10.267295597484276,20.516096065406234,7.358201328564129,26.294760267044307,12.75035403601052,8.147885899251467,20.108695652173914,71.77109974424552,64.61538461538461,1.0943695479777955,28.16166883963494,62.385919165580184,50.49474335188621,15.18243661100804,3.896103896103896,5.442176870748299,4.236239950525665,5.90599876314162
070903,86.30231753718436,11.310965063991699,0.6572120373573158,0.588031822898651,0.0,31.40781736423383,7.090971982013144,58.318920788654445,0.17295053614666206,2.352127291594604,99.23901764095469,98.33967485299205,0.10377032168799723,0.7609823590453131,80.94085091663784,12.62538913870633,2.3867173988239365,93.25492909028019,81.94396402628848,5.1539259771705295,0.3459010722933241,1.0031131096506398,60.498097544102386,26.772742995503286,3.9086821169145622,8.024904877205119,80.80249048772052,18.50570736769284,0.13836042891732964,88.89657557938429,12.071947423037011,79.55724662746455,6.018678657903839,0.3459010722933241,7.021791767554479,35.59322033898305,41.57730888965756,24.904877205119337,18.09062608094085,15.21964718090626,55.37876167416119,78.83085437564857,75.26807333102732,89.9688689034936,39.21767557208883,9.717055574343366,26.42477551768371,5.845702767088143,29.915959692516033,10.072888039192257,8.595212490540487,18.116438356164384,73.08219178082192,58.87288808254904,0.7824016328381903,33.69920597851471,56.88930406352172,40.243362831858406,19.491150442477878,5.553097345132743,6.592920353982301,5.176991150442478,5.066371681415929
070904,98.36065573770492,1.639344262295082,0.0,0.0,0.0,4.262295081967213,17.37704918032787,72.78688524590164,0.6557377049180327,4.590163934426229,99.67213114754098,99.01639344262296,0.6557377049180327,0.32786885245901637,92.78688524590164,0.0,5.901639344262295,94.42622950819673,80.65573770491804,3.9344262295081966,0.6557377049180327,0.0,64.91803278688525,24.918032786885245,1.3114754098360655,8.524590163934427,56.721311475409834,42.950819672131146,0.0,92.45901639344262,11.80327868852459,84.59016393442623,2.9508196721311477,0.6557377049180327,10.163934426229508,29.18032786885246,45.57377049180328,8.19672131147541,40.65573770491803,7.868852459016393,72.45901639344262,78.68852459016394,74.09836065573771,87.54098360655738,22.248995983935743,11.80722891566265,27.272727272727273,3.4729315628192032,32.340801886792455,8.66745283018868,7.45872641509434,18.129614438063985,69.23707957342084,41.34304207119741,3.074433656957929,32.84789644012945,59.385113268608414,41.321044546851,13.978494623655914,6.605222734254992,4.915514592933948,2.9185867895545314,3.686635944700461
071001,88.10977590126664,8.671646638519,2.35790841182202,1.7473205586229295,0.16239038648911985,44.16368950958103,23.475154270867165,27.23611562195518,0.13965573238064308,3.1860993829165314,99.4641117245859,98.63592075349139,0.40597596622279963,0.5358882754140954,74.80025982461838,22.075349139330953,0.9970769730431959,93.32250730756739,76.81714842481325,5.846053913608315,0.2728158493017213,0.35401104254628124,63.16011692107827,20.925625202987984,3.3354985384865214,10.578109775901266,95.7940889899318,1.1172458590451446,1.9129587528418317,88.3403702500812,16.87236115621955,74.71256901591426,4.183176355959727,0.2695680415719389,4.89119844105229,29.330951607664826,55.41409548554726,14.816498863267295,28.798311139980513,15.657681065280935,54.71581682364404,80.96135108801559,82.3416693731731,89.53556349464112,38.74170745915679,8.559032457200491,31.93134135008026,3.510377650736433,32.7354359106466,10.303610201302764,5.812755308578368,18.482094471540382,68.20091859669697,36.244295254709165,1.4554809606879173,44.6138944418111,45.35581064649754,9.301373867290266,25.3434668225665,8.759621942901685,7.962584039754458,11.910747344830947,7.929455324953717
071002,88.35341365461848,7.19240598758671,2.628696604600219,2.227090178897408,0.14603870025556773,12.121212121212121,26.50602409638554,45.45454545454545,0.32858707557502737,7.922599488864549,96.27601314348303,95.07119386637459,0.40160642570281124,3.723986856516977,91.12814895947426,0.07301935012778386,7.0098576122672505,49.68966776195692,41.40197152245345,47.24351953267616,1.9715224534501643,0.5111354508944871,78.64184008762322,7.1558963125228185,0.4746257758305951,11.646586345381525,86.30887185104052,4.089083607155897,3.3588901058780576,70.79225994888645,19.970792259948887,66.30156991602774,0.9492515516611902,4.600219058050383,16.538882803943046,31.507849580138735,35.122307411464035,12.011683096020445,29.353778751369113,14.019715224534501,52.5009127418766,76.59729828404527,72.61774370208106,83.82621394669587,41.84085075174184,8.984231756508985,16.042026031049083,6.147091108671789,35.69306571987537,7.321933193246866,6.771248460256503,11.862967157417893,80.43601359003398,53.03186022610483,0.644679061945249,48.55072463768116,37.031484257871064,38.31229546517064,13.604488078541374,6.75549322113137,7.316503038803179,7.3866292660121555,4.37120149602618
071003,91.0374583251618,6.58952735830555,1.451264953912532,1.2747597568150617,0.0,45.89135124534222,23.12218081976858,22.90645224553834,0.13728181996469896,4.961757207295548,98.27417140615808,96.92096489507746,0.25495195136301235,1.7258285938419298,95.13630123553638,0.15689350853108452,3.020200039223377,75.19121396352226,58.61933712492645,23.455579525397138,0.6667974112571092,0.451068837026868,70.5236320847225,14.747989801921946,2.4710727593645814,10.492253383016278,93.09668562463229,1.5493233967444597,3.0986467934889195,83.25161796430673,12.374975485389292,81.32967248480094,1.5689350853108452,1.5885467738772308,9.472445577564228,31.61404196901353,47.32300451068837,13.590900176505198,27.55442243577172,15.042165130417729,51.40223573249657,79.74112571092371,76.05412826044322,85.74230241223769,42.27106227106227,8.59236002093145,20.93565155045707,5.126366732389317,31.941459640677383,12.400068769878793,5.4564600704891255,15.596919127086007,71.35216089002995,55.289072426937736,0.9318085556967387,48.366103572417614,38.90888950429244,25.117616309461578,18.596445373758495,13.068478829064297,6.2075274438055414,7.775744903293257,6.3251437532671195
071004,87.09794000722805,10.083122515359594,1.4456089627755693,1.264907842428623,0.10842067220816769,35.52584026020961,14.925912540657752,32.526201662450305,0.21684134441633537,10.083122515359594,95.44633176725695,94.2898445970365,0.5059631369714492,4.553668232743043,95.69931333574269,0.32526201662450305,2.6382363570654137,47.92193711601012,37.73039392844235,49.6566678713408,1.734730755330683,0.3614022406938923,77.12323816407661,10.84206722081677,0.5059631369714492,10.191543187567763,87.38706179978315,0.9035056017347307,7.191904589808456,80.37585833032165,13.552584026020961,75.71376942537044,2.3129743404409107,3.5056017347307553,12.323816407661727,27.285869172388868,52.47560534875316,14.600650524033249,28.912179255511383,15.576436573906758,51.02999638597759,74.08745934224793,79.29165160823997,88.65196964221178,41.19792666538683,8.562104050681512,22.89486395105458,7.631621317018194,31.03194514132798,9.526676701789597,7.496236828901154,12.749827705031013,77.55242689770601,56.291775646614354,0.9299622202848009,42.086085174219996,45.38829423821453,41.35452961672474,15.918989547038327,5.4660278745644595,5.923344947735192,5.248257839721254,5.07404181184669
071005,90.83063646170443,6.903991370010788,1.222581805106077,0.8989572096368212,0.03595828838547285,10.931319669183747,23.73247033441208,48.18410643653362,0.39554117224020136,4.243078029485797,97.80654440848616,96.44012944983818,0.7551240560949298,2.193455591513844,94.21071556993887,0.10787486515641856,2.5170801869830997,6.975907946781733,2.445163610212154,87.37864077669903,1.5821646889608054,3.0204962243797193,75.80007191657677,11.290902553038475,0.7191657677094571,11.218985976267529,78.4250269687163,1.186623516720604,17.871269327580006,72.81553398058253,25.134843581445523,65.1564185544768,1.725997842502697,1.1147069399496583,17.080186983099605,25.422509888529305,49.334771664868754,17.224020136641496,28.65875584322186,16.03739661992089,59.94246673858324,75.00898957209637,76.91477885652642,87.5584322186264,40.00385022620079,8.451246510732506,26.912762265341538,5.8684335068622815,31.54062173458725,11.099137931034482,8.049242424242424,8.956547443097842,83.65356192728348,51.466304136725576,0.9127986016702272,43.42830882352941,44.048713235294116,39.82627578718784,15.656894679695982,4.386536373507058,7.122692725298588,4.603691639522259,5.515743756786102
071101,69.78894949015888,4.932416409769979,22.741285273891393,9.556556793929333,0.04742708086317287,19.729665639079915,16.077780412615603,50.22527863410007,0.2608489447474508,3.7704529286222432,96.08726582878823,93.28906805786104,1.4465259663267727,3.912734171211762,73.0614180697178,0.3319895660422101,24.448660184965615,72.11287645245436,60.25610623666113,25.515769504387006,1.3990988854635997,0.5928385107896609,70.66635048612758,14.44154612283614,1.3042447237372539,10.789660896371828,46.834242352383214,26.914868389850604,23.73725397201802,62.74602798197771,44.98458619871947,45.956841356414515,0.4742708086317287,3.912734171211762,30.709034858904435,32.511263931705,29.499644296893525,17.97486364714252,24.828076831870998,15.342660659236424,55.13398150343846,67.67844439174769,71.73345980554897,84.58619871946881,44.133674742301885,6.723130457619329,22.112134281384776,5.198741112017718,34.73350085967465,6.128818939293744,8.430101838381166,57.46755430031605,32.83572052989039,39.3327130134255,1.0567592715671938,45.28708927978759,44.49054098904746,22.46661429693637,18.130400628436764,14.171249018067558,7.069913589945012,6.237234878240377,8.295365278868815
071102,89.15505226480836,7.012195121951219,1.3937282229965158,0.740418118466899,0.04355400696864112,7.883275261324042,37.325783972125436,46.29790940766551,0.08710801393728224,3.8763066202090593,97.64808362369338,96.47212543554006,0.6533101045296167,2.35191637630662,92.11672473867596,0.21777003484320556,6.2282229965156795,86.9773519163763,76.21951219512195,12.238675958188153,0.2613240418118467,0.47909407665505227,68.03135888501743,15.069686411149826,1.6550522648083623,13.67595818815331,60.93205574912892,23.78048780487805,10.365853658536585,71.86411149825784,56.44599303135889,35.45296167247387,0.17421602787456447,5.7926829268292686,27.134146341463413,17.50871080139373,34.886759581881535,12.412891986062718,28.571428571428573,17.770034843205575,54.70383275261324,67.29094076655052,74.4773519163763,86.19337979094077,45.12589512589513,7.9117579117579115,21.070446371906073,5.225301459699598,36.74274051396233,4.156229705909639,7.389368215975508,26.22596153846154,64.93990384615384,28.62344373972281,0.8221752407798919,45.10050251256281,43.027638190954775,27.11714370020655,17.084685748008262,10.740631454706403,7.199763942165831,4.632634995573915,7.406314547064031
071103,84.72987226063518,11.426227587015118,2.0157037384272822,1.8867924528301887,0.0,6.761982889956639,18.66869799601547,56.744404078284305,0.363295441228173,7.160435954529474,96.95300597679596,95.83968123754835,0.5390835579514824,3.0469940232040313,78.62416500644557,13.981014883393883,4.13688034688855,52.18563225125982,40.67737020977382,45.962732919254655,0.7734677135825618,0.6914332591116841,72.74112270010548,12.914566975272471,1.2305168170631666,11.625454119301535,88.97222547755771,1.2773936481893824,7.922184460330482,79.78436657681941,38.25149419899215,50.14649009726943,3.3868510488690964,0.9492558303058714,10.711355912340325,30.212117660846125,50.82620414859956,24.622055549044884,24.54002109457401,21.57506152584085,49.81835227938591,70.09258174147428,78.92886440876596,88.76127973748974,45.192705395751084,6.914833615341229,25.87814104296136,7.126452310186436,29.828711044108857,11.332622878382242,9.082993268006135,18.293849745493514,73.32465842550423,51.611923295993925,1.1049933548509587,39.39449880007384,48.71700203064427,23.163094293022844,26.179765370027344,6.615506747816883,7.021257828349651,6.4567345858692775,7.700449854458851
071104,67.00251889168766,6.54911838790932,24.181360201511335,23.67758186397985,0.0,5.793450881612091,23.173803526448363,44.33249370277078,0.5037783375314862,4.030226700251889,97.48110831234257,96.4735516372796,0.7556675062972292,2.5188916876574305,45.84382871536524,0.2518891687657431,51.88916876574307,0.5037783375314862,0.5037783375314862,94.45843828715365,3.022670025188917,1.5113350125944585,82.36775818639798,3.7783375314861463,0.2518891687657431,11.586901763224182,24.43324937027708,61.712846347607055,2.2670025188916876,79.5969773299748,21.410579345088163,69.77329974811083,0.0,6.54911838790932,23.425692695214106,11.838790931989925,19.143576826196472,9.82367758186398,23.929471032745592,11.335012594458439,43.8287153652393,57.178841309823675,64.48362720403023,79.84886649874055,42.279411764705884,10.60049019607843,27.914438502673796,7.593582887700535,32.405275277370734,2.616705045007327,14.569813690600796,5.7034220532319395,86.37515842839036,18.8125,0.125,30.460624071322435,48.736998514115896,42.23163841807909,11.864406779661017,11.581920903954803,6.9209039548022595,2.1186440677966103,4.943502824858757
071105,92.20779220779221,4.899645808736718,0.5903187721369539,0.4722550177095632,0.1770956316410862,10.50767414403778,35.47815820543093,43.91971664698937,0.1770956316410862,5.076741440377804,96.69421487603306,94.9822904368359,0.2361275088547816,3.3057851239669422,92.08972845336481,0.2361275088547816,5.430932703659977,55.489964580873675,43.09327036599764,42.56198347107438,0.6493506493506493,0.7674144037780402,70.01180637544275,16.115702479338843,1.1806375442739079,11.334120425029516,80.16528925619835,4.8406139315230226,9.445100354191263,69.3624557260921,45.80873671782763,44.09681227863046,0.7083825265643447,4.250295159386068,23.081463990554898,27.68595041322314,40.49586776859504,13.105076741440378,28.98465171192444,15.112160566706022,51.88902007083825,71.07438016528926,69.48051948051948,83.70720188902007,41.83897243107769,7.299498746867168,18.071290411715943,4.807957999447361,36.45931808155291,6.516669817860969,5.867523791516985,14.164074013427214,78.7948256099558,45.672221323410454,1.391360621258696,43.17420435510888,46.314907872696814,16.289945440374122,19.368667186282153,6.27435697583788,9.275136399064692,5.728760717069369,8.261886204208885
071106,84.14978199538344,11.951782508335471,2.2056937676327264,2.128750961785073,0.102590407796871,41.805591177224926,9.720441138753527,39.75378302128751,0.205180815593742,5.026929982046679,97.58912541677353,96.05026929982047,0.07694280584765324,2.410874583226468,81.53372659656323,13.490638625288536,1.6927417286483715,71.94152346755578,53.06488843293152,26.8786868427802,0.410361631187484,0.30777122339061297,67.40189792254424,20.671967171069504,1.6927417286483715,9.00230828417543,93.639394716594,1.5645037189022826,2.4878173890741215,86.04770453962554,47.576301615798926,42.95973326493973,3.693254680687356,0.4873044370351372,6.027186458066171,31.23877917414722,55.527058220056425,19.184406258014874,23.92921261862016,19.056168248268786,46.9607591690177,71.99281867145422,80.25134649910234,88.74070274429342,44.03072421360644,5.6912948061448425,21.351211964930375,6.059824651882414,30.23303933993741,10.48547707110157,8.209399167162402,13.946565453598273,77.16008037508372,60.520479077332546,1.2864113559071417,44.12224344504254,45.0772703594374,26.373262739907346,20.334215751158172,5.6750496360026474,7.842488418266049,9.099933818663137,7.776307081403044
071201,70.17643710870803,3.642572566875356,24.871940808195788,14.399544678429141,0.0,9.277177006260672,25.49800796812749,55.26465566306204,0.11383039271485487,4.780876494023905,97.38190096755834,96.92657939669891,0.1707455890722823,2.6180990324416618,71.82697780307342,15.708594194649972,10.301650540694366,45.304496300512234,37.05179282868526,49.23164484917473,2.21969265793967,2.3335230506545246,73.59134889015367,14.741035856573705,1.9920318725099602,8.252703471826978,83.2100170745589,13.488901536710301,1.3659647125782584,84.2344906089926,15.765509391007399,68.86738759248719,0.7398975526465567,10.529311326124075,16.505406943653956,40.63745019920319,41.32043255549232,17.07455890722823,29.140580535002847,12.692088787706318,45.93056346044394,73.2498577120091,75.01422879908935,82.35628912919749,40.504428764449784,9.92343491968173,18.87267237040765,2.4408656265727227,34.73564864542308,4.911087241914309,8.44969566774078,20.553546155055827,71.00172983173455,24.22198374980837,5.840870764985437,36.91275167785235,49.42755625740229,24.34259954921112,20.36063110443276,6.686701728024042,8.715251690458302,6.42374154770849,5.522163786626597
071301,87.64607679465776,5.308848080133556,1.6360601001669448,1.335559265442404,0.0667779632721202,54.29048414023372,4.741235392320534,33.42237061769616,0.0333889816360601,4.106844741235392,99.26544240400668,97.69616026711185,0.2671118530884808,0.7345575959933222,62.270450751252085,32.42070116861436,2.4707846410684473,93.92320534223707,81.03505843071787,5.075125208681135,0.333889816360601,0.4340567612687813,63.13856427378965,24.774624373956595,4.407345575959933,6.911519198664441,53.82303839732888,45.876460767946575,0.0667779632721202,89.04841402337229,51.919866444073456,35.926544240400666,10.25041736227045,0.7011686143572621,12.687813021702839,40.10016694490818,42.1702838063439,23.23873121869783,17.796327212020035,15.626043405676127,60.5008347245409,76.26043405676127,81.43572621035058,91.51919866444074,39.39652414969613,10.8113871414863,28.87189292543021,6.987658612897619,29.297202669681607,8.5050512418396,9.726831758999234,12.9958812052894,74.97290266637764,45.01666487474465,0.6773465218793678,34.77233676975945,56.55068728522337,43.94377842083506,16.45307978503514,3.927242662257131,5.725506407606449,4.9607275733774285,4.754030591153369
071302,90.22945965951148,6.88378978534419,0.5181347150259067,0.44411547002220575,0.07401924500370097,43.005181347150256,4.66321243523316,47.224278312361214,0.14803849000740193,4.293116210214656,99.18578830495929,98.14951887490747,0.14803849000740193,0.8142116950407106,40.56254626202813,54.996299037749814,1.5544041450777202,94.81865284974093,85.71428571428571,4.219096965210955,0.44411547002220575,0.3700962250185048,67.94966691339748,22.27979274611399,2.146558105107328,7.179866765358994,66.91339748334568,32.716506291635824,0.14803849000740193,83.93782383419689,53.21983715766099,40.41450777202073,4.811250925240563,0.6661732050333087,17.098445595854923,50.03700962250185,30.643967431532197,25.906735751295336,13.471502590673575,15.099925980754996,53.51591413767579,77.20207253886011,74.68541820873428,88.30495928941525,40.222114920328345,9.729599227426364,20.063948840927257,6.554756195043965,29.78933508887426,7.941079657669519,8.870967741935484,10.650887573964496,81.16370808678501,64.29094459360508,0.48816206980717597,33.893985728848115,57.64525993883792,52.83468318246784,12.291567413053835,3.144354454502144,5.002382086707956,4.764173415912339,5.3358742258218195
071401,91.63168205989365,5.4575986565911,1.1754827875734677,1.0915197313182199,0.6437167646235656,13.462076686258046,23.11782815561153,58.69017632241814,0.22390148334732718,3.6104114189756507,98.34872656031347,97.28519451441366,0.5877413937867338,1.6512734396865378,88.66498740554157,5.93338930870417,3.27455919395466,66.69465435208508,51.72124265323258,29.778897285194514,1.063532045899804,1.7912118667786174,68.59781696053736,18.191995521970334,2.0431010355443604,9.040022390148335,92.30338650993563,0.7556675062972292,4.170165127343969,85.22250209907641,9.767702211027148,85.61432969493423,1.6512734396865378,0.7276798208788133,8.872096277637839,42.849146375594735,45.47998880492583,19.50741673663588,27.06409179960817,12.00671704450042,64.34368877693815,79.96081724041422,74.67114469633361,84.91463755947383,37.7578125,10.078125,22.15181852743632,1.8248637688505893,40.61950146627566,8.45674486803519,5.6158357771261,11.329610746945052,77.91535162256211,34.03545028217153,2.1858357841189093,40.78212290502793,47.83985102420856,10.522598870056497,22.316384180790962,7.874293785310734,10.346045197740112,12.05861581920904,7.397598870056497
071402,88.859357696567,7.818383167220377,0.6423034330011074,0.33222591362126247,0.7751937984496124,13.466223698781839,20.132890365448507,62.74640088593577,0.0221483942414175,2.83499446290144,98.62679955703211,97.40863787375416,0.19933554817275748,1.3732004429678848,91.91583610188262,3.4994462901439647,1.7275747508305648,91.45071982281284,73.59911406423035,7.3754152823920265,0.11074197120708748,0.6866002214839424,58.82613510520487,25.20487264673311,4.208194905869324,9.966777408637874,93.82059800664452,0.53156146179402,4.008859357696567,86.95459579180509,10.011074197120708,82.17054263565892,5.802879291251385,0.22148394241417496,8.084163898117387,41.17386489479513,48.21705426356589,19.756367663344406,26.135105204872648,11.827242524916944,55.59246954595792,76.50055370985604,76.85492801771872,85.09413067552603,37.596065170611745,7.162619120811558,21.497259849033192,2.1300796194809224,36.6218453228008,10.17628437835797,5.564429471727703,19.765230506918485,68.8504164207489,54.00283614799536,5.549825963645739,37.773933102652826,53.14302191464821,5.037817396002161,30.03781739600216,6.982712047541869,9.859535386277688,13.573743922204214,9.589411129119394
071403,94.11042944785277,4.049079754601227,1.1042944785276074,0.9815950920245399,0.12269938650306748,72.76073619631902,4.539877300613497,17.914110429447852,0.49079754601226994,3.067484662576687,98.15950920245399,95.8282208588957,0.6134969325153374,1.8404907975460123,82.08588957055214,0.36809815950920244,16.687116564417177,27.975460122699385,19.631901840490798,61.59509202453988,5.276073619631902,3.067484662576687,74.11042944785277,15.460122699386503,1.8404907975460123,7.852760736196319,83.43558282208589,4.049079754601227,6.5030674846625764,80.3680981595092,11.28834355828221,82.45398773006134,0.8588957055214724,0.8588957055214724,15.214723926380367,51.77914110429448,30.30674846625767,17.177914110429448,29.570552147239265,14.233128834355828,69.93865030674847,64.29447852760737,71.41104294478528,85.03067484662577,42.82546721571112,10.04117833386126,14.806505888951206,2.4677509814918674,39.896300448430495,6.306053811659193,6.123878923766816,12.401832460732985,80.20287958115183,36.4951768488746,2.0257234726688105,46.44097222222222,42.1875,27.383863080684595,19.070904645476773,7.334963325183374,10.350448247758761,6.193969030154849,5.949470252648736
071501,70.64332872716106,8.091509289114079,17.227084292952558,5.435283279594657,0.1996007984031936,8.245048364808843,18.562874251497007,57.9149393520651,0.3377859665284815,5.680945800706279,92.06202978658068,88.69952402886534,1.2590204206970674,7.937970213419315,71.02717641639798,10.256410256410257,16.21372639336711,28.78857669276831,21.879318286503914,66.37494242284662,1.9653001688929832,1.6275142023645017,72.80822969445724,11.7918010133579,1.0287118071549208,12.743743282665438,52.909565484415786,9.672961768770152,34.791954552433594,51.328113004759714,63.79548595117458,30.37002917242438,1.0133578995854444,2.7176416397973284,35.66712728389375,24.78120681713496,22.20175034546292,17.564870259481037,26.439428834638417,15.87594042683863,47.25932749884846,65.00844464916321,70.21341931521572,81.82097343773991,45.36707801715122,7.370842919891236,16.568364611260055,3.9754883186518577,34.29190532981708,8.743050073068718,8.192095140510306,21.055596481345063,74.05641981193396,47.09592193292709,0.6434567690799846,39.95845632447797,48.72635836886411,28.262201347763938,18.511333469471104,12.027772105370635,6.381458035531958,6.2385133755360425,7.371860322646518
071502,83.23809523809524,3.238095238095238,10.380952380952381,5.0476190476190474,0.0,55.42857142857143,6.666666666666667,26.095238095238095,0.19047619047619047,4.666666666666667,93.80952380952381,91.9047619047619,0.47619047619047616,6.190476190476191,57.904761904761905,0.38095238095238093,40.0,7.428571428571429,2.1904761904761907,69.71428571428571,3.0476190476190474,15.80952380952381,83.33333333333333,3.8095238095238093,0.09523809523809523,11.333333333333334,38.76190476190476,51.904761904761905,6.857142857142857,71.61904761904762,40.0,41.04761904761905,0.19047619047619047,15.714285714285714,40.0,18.19047619047619,21.238095238095237,12.476190476190476,32.95238095238095,9.904761904761905,60.666666666666664,58.0,52.0,74.76190476190476,42.71479185119575,10.296722763507528,14.402810304449648,2.576112412177986,30.65279091769158,4.23549959973801,13.710792518739538,8.998144712430427,84.13729128014842,22.182064603569007,0.3614185678789248,30.40268456375839,53.624161073825505,43.31959976456739,8.59329017068864,18.540317834020012,5.002942907592701,2.5897586815773983,2.0600353148911124
071503,80.11363636363636,8.522727272727273,6.3210227272727275,3.125,0.14204545454545456,6.3210227272727275,17.1875,53.76420454545455,0.2840909090909091,8.664772727272727,92.82670454545455,89.41761363636364,0.8522727272727273,7.173295454545454,82.38636363636364,0.0,14.559659090909092,9.446022727272727,2.414772727272727,82.5284090909091,2.627840909090909,3.7642045454545454,79.90056818181819,10.085227272727273,0.2840909090909091,8.877840909090908,57.67045454545455,14.346590909090908,25.426136363636363,57.45738636363637,62.21590909090909,25.0,0.6392045454545454,8.664772727272727,36.64772727272727,29.97159090909091,25.568181818181817,22.798295454545453,27.556818181818183,16.335227272727273,41.47727272727273,61.86079545454545,74.78693181818181,87.07386363636364,44.66557242511284,9.13007796471071,15.888194189040089,6.80397204854726,32.508298455765626,6.9201905036801845,9.308702554481165,11.078595317725753,82.44147157190635,56.698465367067605,0.7051016175860638,39.326971371170266,48.51833249623305,42.51090644692196,14.008725157537567,6.107610276296655,6.543868153174988,3.7324285021812895,6.010664081434804
080101,50.127149836043635,6.792478083383524,7.357960248945995,6.852706953088402,31.23201499029646,30.92417854513819,46.65729773137924,14.973566218296192,0.7194003881416048,3.8111490329920366,98.54781503044904,97.23616409020946,0.2174931406009503,1.4521849695509603,88.29552298735194,6.096500033460483,1.7667135113431038,94.0975707689219,79.59914341163086,5.02576457204042,0.2844141069397042,0.35133507327845814,66.11122264605501,16.656628521715852,2.4928059961185838,11.138994847085591,79.79321421401325,0.48183095763902833,14.85980057552031,61.91862410493208,48.50097035401191,46.06504717928127,4.001873787057485,0.44502442615271365,28.719132704276248,19.77179950478485,47.82172254567356,15.773271766044301,34.00588904503781,12.965937228133575,49.41778759285284,71.73258381851034,82.20571505052533,88.09810613665262,39.3578234100368,8.329033811440167,41.12983151635282,1.774033696729435,34.370128893917695,7.059493761027986,6.307019140232468,16.102471878416022,63.71610423498713,31.39751932034262,0.8146817158906547,48.194339464180736,40.81422692533803,7.797274776982649,20.935202431134204,7.177727673757475,9.552004705421037,7.052249779433389,9.53828056072934
080102,17.894736842105264,8.947368421052632,36.31578947368421,1.5789473684210527,0.0,6.315789473684211,24.210526315789473,43.1578947368421,1.0526315789473684,6.315789473684211,94.73684210526316,92.10526315789474,1.5789473684210527,5.2631578947368425,64.73684210526316,0.5263157894736842,32.63157894736842,13.157894736842104,0.5263157894736842,81.57894736842105,2.6315789473684212,1.5789473684210527,71.05263157894737,3.6842105263157894,0.0,24.736842105263158,50.526315789473685,2.1052631578947367,12.631578947368421,65.78947368421052,67.89473684210526,30.526315789473685,0.0,0.5263157894736842,50.526315789473685,32.10526315789474,14.736842105263158,16.842105263157894,23.68421052631579,21.05263157894737,37.36842105263158,45.78947368421053,63.1578947368421,76.84210526315789,43.4850863422292,9.89010989010989,20.50561797752809,3.932584269662921,43.22678843226788,2.3592085235920854,7.9908675799086755,10.339256865912763,77.22132471728594,35.73717948717949,0.0,45.714285714285715,33.714285714285715,32.994923857868024,8.629441624365482,5.583756345177665,12.182741116751268,0.5076142131979695,6.091370558375634
080201,21.832693918948713,3.466066940071438,69.56387529214622,30.70952947920801,0.524760770825065,21.695991533271595,18.8076024165454,39.207126163072715,0.4718437183048904,3.2588084843674205,95.38739692199144,93.95863650394674,0.4012876482779909,4.612603078008555,83.11946024606429,6.892446090752745,7.677382369802002,82.57265070335582,67.0106275080478,15.698725580985139,0.7187899633990387,0.6923314371389514,69.51536799400273,9.141420822860166,1.1553556466904793,11.606473519424968,60.05203510164484,1.0362922785200865,36.73766371213124,41.592803280857254,91.12757419411739,6.275080478017374,1.0010142435066367,0.7276094721524011,38.73969219914451,24.690214755038145,31.79873881024827,13.299819200070557,35.17661066278608,13.930414075935971,53.0405256427217,66.79013978921374,76.13440931340125,83.92644529699696,45.38801613872435,7.0413769422268,30.467139238517877,2.4132581930999275,34.23017625935789,6.798575232829574,5.391690146971404,17.073845098928324,67.13743792786914,22.902591013447033,0.801355635727561,49.71730225581261,39.22575434142964,11.462251655629139,19.00132450331126,20.132450331125828,8.670198675496689,5.9390728476821195,8.164238410596026
080202,81.61001788908766,9.39773404889684,7.072152653548002,3.184257602862254,0.22659511031604054,38.04412641621944,30.900417412045318,22.57602862254025,0.19081693500298152,3.172331544424568,98.46153846153847,97.74597495527728,0.2981514609421586,1.5384615384615385,86.26118067978533,6.368515205724508,4.7465712581991655,92.4865831842576,72.85629099582587,6.738223017292785,0.19081693500298152,0.3697078115682767,66.18962432915922,15.026833631484795,1.3595706618962433,14.180083482409064,80.22659511031604,0.7513416815742398,17.78175313059034,67.10793082886106,58.24686940966011,37.960644007155636,0.8944543828264758,0.8467501490757304,20.930232558139537,29.087656529516995,46.85748360166965,16.899224806201552,34.87179487179487,13.070960047704233,45.16398330351819,69.36195587358378,74.43053070960048,82.38521168753726,40.1616507975385,10.075620732939411,28.217094913476664,2.5799685369690613,40.555235320693576,7.831559924597673,4.025611864961286,14.088150750558928,73.28329607154264,30.378439290074187,2.216170532444361,40.07126660187885,47.5137674117266,12.107955809297842,23.20011863275747,9.164380514569585,9.275598724697858,7.392303699859124,9.535107881663825
080301,8.981233243967829,4.624664879356568,84.58445040214477,80.36193029490616,0.06702412868632708,6.970509383378016,55.29490616621984,27.27882037533512,0.13404825737265416,3.2171581769436997,97.38605898123325,96.11260053619303,0.6032171581769437,2.613941018766756,87.33243967828419,0.6032171581769437,8.981233243967829,90.48257372654156,75.80428954423593,8.512064343163539,0.13404825737265416,0.20107238605898123,72.31903485254692,10.455764075067025,0.2680965147453083,14.544235924932975,79.35656836461126,2.613941018766756,15.013404825737265,50.938337801608576,90.3485254691689,4.35656836461126,0.13404825737265416,3.8203753351206435,28.68632707774799,35.120643431635386,29.08847184986595,17.292225201072387,29.55764075067024,15.281501340482574,46.179624664879356,68.2975871313673,79.62466487935657,86.99731903485255,41.12221368178324,10.895465026902382,24.714704923377894,2.8366481904140852,33.87881126978001,7.495175607873408,9.170204554226167,13.371406065380071,78.4166994879874,31.40576323987539,1.1876947040498442,42.34875444839858,45.195729537366546,20.606644198363025,16.225324987963408,8.040442946557535,11.458834857968224,4.814636494944632,8.136735676456427
080302,72.24826551659478,10.613163322707669,8.906806675417213,6.169135570973186,0.9938121132570785,16.144759047440466,45.26532908306769,26.457903618976186,0.2625164072754547,8.269266829176823,95.21845115319708,94.05587849240578,0.2062628914307144,4.7815488468029255,78.60491280705044,10.763172698293644,7.2192012000750045,63.397712357022314,52.69079317457341,33.69585599099944,1.2563285205325332,0.956309769360585,71.76073504594036,12.244515282205137,1.4625914119632477,13.050815675979749,72.97956122257641,1.518844927807988,23.082692668291767,52.034502156384775,93.94337146071629,2.4564035252203262,1.2938308644290268,1.4813425839114944,33.45209075567223,38.214888430526905,25.61410088130508,22.407650478154885,28.483030189386838,14.457153572098257,48.15300956309769,64.67279204950309,76.61728858053628,86.27414213388337,42.79574513806812,9.858171268937358,24.19948994049306,4.297723623311609,33.35865139143828,6.603793489039391,9.880372175454143,10.866071923311354,80.12966143957445,32.008082573316585,0.7099557642946862,40.328715023091554,48.22059223037218,19.30737029049854,20.71546365596854,8.600786502600533,9.691741722694406,7.154636559685399,8.118736521628822
080303,75.34482758620689,19.137931034482758,3.8793103448275863,3.0172413793103448,0.0,10.344827586206897,53.62068965517241,25.344827586206897,0.3448275862068966,2.9310344827586206,98.27586206896552,96.72413793103448,1.3793103448275863,1.7241379310344827,90.94827586206897,0.08620689655172414,5.689655172413793,62.41379310344828,52.327586206896555,35.258620689655174,0.8620689655172413,0.9482758620689655,75.43103448275862,11.379310344827585,0.3448275862068966,11.379310344827585,82.84482758620689,2.5,6.293103448275862,54.05172413793103,92.24137931034483,3.103448275862069,0.603448275862069,3.6206896551724137,33.87931034482759,32.06896551724138,30.344827586206897,14.482758620689655,33.189655172413794,14.827586206896552,38.189655172413794,63.62068965517241,79.22413793103448,87.24137931034483,45.12350936967632,8.837308347529813,19.69578783151326,2.847113884555382,36.24465578919815,4.624378326498561,8.193002355815374,14.370729556975975,76.65858496804056,35.79175704989154,0.5639913232104121,37.80068728522337,50.63001145475372,21.637744034707158,16.648590021691973,7.917570498915401,11.279826464208243,5.911062906724512,9.436008676789587
080304,74.8530197755211,23.249599144842332,0.3741314804917157,0.29396044895777657,0.0,48.95777659005879,19.13415285943346,22.982362373062532,0.6680919294494923,6.280064136825227,97.91555318011758,96.98022447888829,0.347407803313736,2.084446819882416,79.66328166755746,11.544628540887226,5.318011758417958,90.19241047568146,75.44094067343667,7.883484767504009,0.8284339925173704,0.6413682522715125,67.71779796900053,16.515232495991448,1.7103153393907002,10.048102618920364,64.24371993586317,1.042223409941208,32.121859967931584,44.84233030464992,93.88027792624266,1.6568679850347408,1.7637626937466595,1.977552111170497,31.239978621058256,40.753607696419024,25.81507215392838,22.28754676643506,24.23837520042758,16.007482629609836,50.2672367717798,69.21432389096739,78.05986103687867,87.17263495456974,42.19804653378861,8.37767013420154,26.176713459950456,2.4084778420038537,32.11662726556344,8.63987391646966,9.900709219858156,14.321751159573603,75.26242981528196,48.08124598587026,1.4450867052023122,40.54661175589667,49.04530138524897,15.181229206793907,22.640518298021362,7.651899842409385,9.507967081071616,7.651899842409385,11.171423568551917
080401,65.17016654598117,16.871832005792903,15.966690803765387,14.156408399710354,0.07241129616220131,64.91672700941346,12.454742939898624,16.473569876900797,0.28964518464880523,3.294713975380159,98.55177407675598,97.79145546705286,0.10861694424330195,1.448225923244026,88.88486603910209,2.896451846488052,4.779145546705286,94.7501810282404,80.99203475742216,4.525706010137582,0.18102824040550325,0.3258508327299059,71.18030412744388,10.753077480086894,1.12237509051412,15.387400434467777,68.42867487328023,11.0789283128168,11.549601737871107,56.444605358435915,38.848660391021,58.61694424330196,0.832729905865315,1.0137581462708183,39.0658942795076,20.818247646632873,31.06444605358436,15.351194786386676,37.14699493120927,12.128892107168719,42.288196958725564,70.67342505430847,78.49384503982621,85.37291817523534,45.79782790309106,9.532163742690058,25.829347322943992,4.829501620120352,36.810392867093896,5.5029256060183895,5.955697966007245,24.30083469580931,65.96678426985629,20.61575097805749,0.5102908657935022,42.11652794292509,44.73246135552913,17.775812513818263,17.930577050630113,9.086889232810082,8.887906256909131,5.88105239885032,9.617510501879284
080402,89.80891719745223,3.1847133757961785,1.910828025477707,1.910828025477707,0.0,6.369426751592357,28.02547770700637,54.140127388535035,0.0,2.5477707006369426,98.08917197452229,98.08917197452229,0.0,1.910828025477707,84.71337579617834,1.2738853503184713,12.738853503184714,1.910828025477707,0.0,85.35031847133757,1.2738853503184713,8.280254777070065,68.78980891719745,17.8343949044586,3.1847133757961785,10.19108280254777,73.88535031847134,5.732484076433121,14.64968152866242,63.05732484076433,68.78980891719745,22.929936305732483,0.6369426751592356,7.643312101910828,34.394904458598724,37.5796178343949,11.464968152866241,0.0,35.031847133757964,0.0,43.94904458598726,45.22292993630573,67.51592356687898,78.34394904458598,42.55469301340861,6.916019760056457,17.102137767220903,4.98812351543943,51.37362637362637,2.119309262166405,3.728414442700157,10.906411201179072,82.68238761974945,52.52669039145908,0.5693950177935944,33.40292275574113,56.9937369519833,32.74021352313167,10.676156583629894,8.362989323843417,20.99644128113879,1.9572953736654803,6.93950177935943
080501,85.71428571428571,9.2630712227254,2.4289831206257717,1.5232606010703993,0.5763688760806917,9.921778509674763,50.020584602717165,31.78262659530671,0.2881844380403458,2.3466447097571015,98.76492383696994,97.15932482503088,0.5351996706463565,1.2350761630300535,76.3277068752573,10.333470564018114,10.951008645533141,52.90242898312063,45.73898723754632,43.47468093865788,2.140798682585426,0.7822149032523672,69.94648003293537,11.280362289007822,1.1527377521613833,15.973651708522025,66.8176204199259,1.8937834499794155,28.283244133388227,48.167970358172084,52.82009057225196,42.363112391930834,1.2350761630300535,3.087690407575134,45.78015644298065,18.608480856319474,31.494442157266366,14.820913956360643,33.26471799094278,13.215314944421573,54.343351173322354,65.2943598188555,75.21613832853026,84.39687114038699,45.348837209302324,9.504550050556118,27.394495412844037,4.73394495412844,35.79465541490858,5.15429800612228,10.792587077024903,7.9677152317880795,81.66390728476821,29.09165302782324,0.4500818330605565,41.60624651422197,44.67373117679866,23.093164423330695,17.603589337556084,8.762206386909474,8.867775138558986,5.647928213248878,7.152282924254421
080601,73.25102880658436,3.7037037037037037,12.345679012345679,11.522633744855968,0.0,8.23045267489712,45.67901234567901,32.510288065843625,0.411522633744856,6.172839506172839,91.76954732510288,83.1275720164609,2.880658436213992,8.23045267489712,75.30864197530865,0.0,21.810699588477366,9.053497942386832,8.23045267489712,80.65843621399176,4.938271604938271,4.938271604938271,76.95473251028807,2.05761316872428,0.0,20.16460905349794,63.37448559670782,0.823045267489712,28.80658436213992,49.794238683127574,66.66666666666667,25.102880658436213,0.0,4.526748971193416,41.1522633744856,26.74897119341564,25.925925925925927,13.580246913580247,34.97942386831276,8.23045267489712,34.5679012345679,44.8559670781893,69.54732510288066,82.3045267489712,42.28052472250252,9.788092835519677,19.444444444444443,3.4722222222222223,37.239689669252755,2.1233156390363415,10.330747243772969,12.783505154639176,78.76288659793815,53.66598778004073,0.20366598778004075,38.08139534883721,48.25581395348837,42.11886304909561,10.335917312661499,7.751937984496124,6.459948320413437,2.5839793281653747,5.684754521963824
080602,71.10266159695817,15.462610899873257,5.9569074778200255,2.661596958174905,0.2534854245880862,11.787072243346008,23.827629911280102,48.28897338403042,0.2534854245880862,9.505703422053232,92.6489226869455,90.74778200253485,0.6337135614702155,7.3510773130545,83.90367553865653,0.38022813688212925,13.05449936628644,11.533586818757922,7.858048162230672,82.12927756653993,2.788339670468948,2.4081115335868186,80.22813688212928,7.858048162230672,0.6337135614702155,10.012674271229404,43.346007604562736,0.2534854245880862,50.950570342205324,30.2915082382763,77.31305449936629,16.476552598225602,1.520912547528517,2.915082382762991,55.893536121673,22.9404309252218,19.39163498098859,18.88466413181242,30.79847908745247,18.250950570342205,37.38910012674271,62.48415716096324,61.343472750316856,78.32699619771863,45.70259208731242,7.435197817189632,17.041800643086816,3.8585209003215435,41.828298887122415,6.470588235294118,6.5500794912559615,13.743218806509946,80.39783001808318,64.14961185603387,0.8468595624558928,35.648148148148145,53.148148148148145,36.65814151747656,19.948849104859335,6.308610400682012,6.90537084398977,4.94458653026428,8.610400682011935
080701,69.43056943056943,14.385614385614385,15.584415584415584,8.191808191808192,0.0,15.484515484515484,45.654345654345654,32.76723276723277,0.0,1.6983016983016983,98.6013986013986,97.7022977022977,0.1998001998001998,1.3986013986013985,88.51148851148851,0.0999000999000999,7.892107892107892,90.30969030969031,68.73126873126873,8.791208791208792,0.5994005994005994,0.0999000999000999,72.52747252747253,14.685314685314685,0.3996003996003996,10.68931068931069,73.62637362637362,15.784215784215784,8.591408591408591,69.33066933066934,50.34965034965035,46.25374625374625,0.7992007992007992,2.4975024975024973,24.675324675324674,30.369630369630368,41.158841158841156,12.687312687312687,38.26173826173826,10.589410589410589,37.76223776223776,60.43956043956044,64.73526473526474,79.22077922077922,43.770105082564875,8.47094145399957,23.378119001919387,3.224568138195777,45.71363687975474,3.5653457477006927,4.507777903940048,11.325522628072594,74.56926257753274,38.09629959875167,1.15916183682568,39.769277474195505,43.533697632058285,23.73068432671082,14.955849889624725,6.677704194260485,12.472406181015453,3.4216335540838854,5.739514348785872
080702,79.70027247956403,15.53133514986376,3.9509536784741144,1.6348773841961852,0.0,13.487738419618529,42.915531335149865,36.10354223433242,0.1362397820163488,1.9073569482288828,99.31880108991825,98.91008174386921,0.0,0.6811989100817438,86.37602179836512,0.4087193460490463,11.1716621253406,52.997275204359674,40.87193460490463,43.32425068119891,0.5449591280653951,2.316076294277929,74.79564032697547,9.128065395095367,0.2724795640326976,13.487738419618529,63.48773841961853,26.294277929155314,5.040871934604905,70.84468664850137,47.68392370572207,42.23433242506812,0.1362397820163488,8.719346049046322,33.10626702997275,24.38692098092643,35.14986376021798,12.125340599455042,37.32970027247956,12.670299727520437,34.059945504087196,67.3024523160763,73.70572207084469,82.97002724795641,43.407960199004975,10.696517412935323,22.787610619469028,3.484513274336283,34.71529110684581,5.2463211772232885,6.142034548944338,13.67047308319739,71.74551386623165,34.779854292049414,1.1719987329743426,41.84873949579832,46.80672268907563,19.92217898832685,17.976653696498055,7.159533073929961,12.762645914396888,3.8910505836575875,8.793774319066149
080703,67.9245283018868,9.433962264150944,11.320754716981131,5.660377358490566,0.0,16.9811320754717,7.547169811320755,49.056603773584904,0.0,9.433962264150944,92.45283018867924,71.69811320754717,18.867924528301888,7.547169811320755,50.943396226415096,0.0,47.16981132075472,0.0,0.0,86.79245283018868,9.433962264150944,3.7735849056603774,86.79245283018868,0.0,0.0,11.320754716981131,13.20754716981132,0.0,77.35849056603773,11.320754716981131,41.509433962264154,26.41509433962264,0.0,32.075471698113205,77.35849056603773,11.320754716981131,5.660377358490566,16.9811320754717,18.867924528301888,13.20754716981132,16.9811320754717,50.943396226415096,33.9622641509434,69.81132075471699,52.216748768472904,6.896551724137931,15.909090909090908,3.409090909090909,56.57492354740061,2.140672782874618,5.81039755351682,17.36842105263158,75.78947368421052,51.54639175257732,1.0309278350515463,37.5,43.75,63.265306122448976,10.204081632653061,4.081632653061225,8.16326530612245,0.0,0.0
080801,50.25799793601651,12.074303405572756,36.37770897832817,11.197110423116616,0.0,9.907120743034056,39.1640866873065,39.1124871001032,0.46439628482972134,3.4055727554179565,98.34881320949432,97.781217750258,0.46439628482972134,1.6511867905056758,76.2641898864809,0.20639834881320948,21.05263157894737,57.12074303405573,46.07843137254902,38.54489164086687,0.7739938080495357,2.3735810113519094,79.30856553147575,8.204334365325078,0.5675954592363261,11.248710010319918,60.68111455108359,27.141382868937047,10.165118679050568,64.44788441692467,62.487100103199175,30.134158926728585,0.2579979360165119,6.656346749226006,38.64809081527348,21.620227038183696,28.431372549019606,13.0546955624355,37.15170278637771,11.71310629514964,37.512899896800825,66.87306501547988,70.12383900928792,81.63054695562435,44.37175727498308,9.733814572524249,21.425602660016626,2.826267664172901,40.23597900098758,4.282966890171007,5.665575133842715,12.762443972635056,75.1238499646143,24.965181058495823,0.9633240482822656,33.333333333333336,51.08583247156153,29.349517584811704,16.370992841581078,9.181450357920946,9.056956115779645,2.676626206037971,6.847183317771553
080802,52.89367429340511,7.537012113055182,37.95423956931359,8.748317631224765,0.0,7.402422611036339,18.304172274562585,63.39165545087483,0.0,5.787348586810229,93.94347240915208,83.84925975773889,5.787348586810229,6.056527590847914,69.71736204576042,0.5383580080753702,27.18707940780619,62.58411843876178,54.37415881561238,32.70524899057874,3.3647375504710633,0.6729475100942126,79.54239569313593,7.133243606998654,0.4037685060565276,11.978465679676985,21.668909825033648,50.60565275908479,25.57200538358008,62.04576043068641,79.27321668909825,17.227456258411845,0.2691790040376851,2.557200538358008,36.60834454912517,37.01211305518169,19.784656796769852,20.726783310901748,29.475100942126513,13.86271870794078,37.01211305518169,58.681022880215345,68.50605652759084,81.42664872139973,38.62882417987468,12.126796903796535,18.242830994508846,4.270896888346552,47.9593829330209,3.51493848857645,5.838703378246437,10.807692307692308,77.73076923076923,33.685800604229605,2.3036253776435047,34.20542635658915,51.93798449612403,37.46630727762803,12.309074573225516,6.918238993710692,9.793351302785265,2.6954177897574123,6.379155435759209
080803,55.42168674698795,13.080895008605852,13.080895008605852,7.573149741824441,0.0,6.024096385542169,31.669535283993117,51.290877796901896,0.1721170395869191,1.8932874354561102,99.31153184165233,98.96729776247848,0.1721170395869191,0.6884681583476764,74.01032702237522,0.3442340791738382,23.23580034423408,46.47160068846816,35.45611015490534,47.16006884681583,1.721170395869191,2.9259896729776247,81.75559380378658,8.089500860585199,0.6884681583476764,8.433734939759036,52.32358003442341,34.07917383820998,4.475043029259897,80.89500860585198,69.53528399311531,23.407917383820998,0.1721170395869191,6.712564543889845,36.31669535283993,26.333907056798623,23.924268502581757,12.736660929432015,38.03786574870912,10.843373493975903,52.83993115318417,69.53528399311531,78.48537005163512,88.81239242685025,35.717031910803534,12.648981161091887,16.676737160120847,3.5649546827794563,43.16824727783632,2.8275377590446085,5.760449596066034,8.622754491017965,83.35329341317366,36.288740682620634,1.2161632012553942,32.29061553985873,52.0686175580222,39.175257731958766,15.463917525773196,6.185567010309279,9.746954076850985,3.1865042174320526,6.185567010309279
080901,75.0,2.8846153846153846,6.730769230769231,5.769230769230769,0.0,12.5,3.8461538461538463,55.76923076923077,0.0,7.6923076923076925,94.23076923076923,93.26923076923077,0.0,5.769230769230769,15.384615384615385,0.0,84.61538461538461,0.9615384615384616,0.9615384615384616,89.42307692307692,8.653846153846153,0.9615384615384616,82.6923076923077,0.0,0.0,16.346153846153847,4.8076923076923075,0.0,80.76923076923077,5.769230769230769,50.96153846153846,0.9615384615384616,0.0,48.07692307692308,95.1923076923077,0.0,3.8461538461538463,9.615384615384615,35.57692307692308,5.769230769230769,35.57692307692308,34.61538461538461,60.57692307692308,79.8076923076923,49.37388193202147,8.586762075134168,23.636363636363637,4.7272727272727275,30.434782608695652,2.7009222661396572,17.58893280632411,10.416666666666666,71.96969696969697,32.5187969924812,0.18796992481203006,32.16374269005848,40.35087719298246,54.94505494505494,3.8461538461538463,1.6483516483516483,10.43956043956044,1.6483516483516483,2.197802197802198
090101,73.6212823195337,7.719324465700194,9.968614556867434,7.599760872814228,5.641907039306531,43.87236586459423,29.09878941862203,18.793902256762816,1.756090270512629,2.8471080555970705,98.43820056792707,97.41443730384098,0.5529816170975937,1.5617994320729338,88.10342250784636,6.949633836496787,1.0461814377522045,91.54834852787326,58.47406964579286,7.435360932596025,0.23912718577193245,0.5529816170975937,63.18935884023315,20.33328351516963,2.1895082947242566,10.76072335973696,74.5852637871768,0.10461814377522044,24.16679121207592,64.2504857270961,90.81602152144671,5.7614706321924976,2.6677626662681213,0.16439994021820356,6.351815872066956,19.272156628306682,57.86877895680765,19.018083993424003,27.148408309669705,16.60439396203856,54.93947093110148,73.33731878642953,86.87042295620984,91.17471230010462,40.07792871438913,6.261976749137674,45.84901714763697,1.3906315349226266,30.78436281698201,7.220394148574699,6.978969204907186,11.097608610737382,67.00881038149386,47.8822036268204,2.007012713231656,50.40566455229385,39.45518021340414,7.527789503306599,21.359223300970875,6.955583696824727,8.88795084658318,6.936822850710567,8.94423338492566
090102,69.90144048521607,16.527672479150873,6.595905989385899,4.927975739196361,0.3032600454890068,17.81652767247915,37.45261561789234,34.116755117513264,0.3032600454890068,4.852160727824109,94.31387414708112,91.43290371493556,1.061410159211524,5.686125852918878,93.17664897649735,0.45489006823351025,4.169825625473844,43.745261561789235,25.85291887793783,50.26535253980288,1.6679302501895374,2.6535253980288096,76.26990144048521,10.689916603487491,0.530705079605762,11.144806671721001,56.40636846095527,0.6065200909780136,40.56103108415466,44.655041698256255,90.14404852160727,4.927975739196361,0.8339651250947687,2.805155420773313,9.628506444275967,23.047763457164518,39.19636087945413,10.159211523881728,38.05913570887036,12.585291887793783,52.615617892342684,71.4177407126611,66.565579984837,79.83320697498105,42.292142731587276,5.660045702232378,28.767123287671232,3.704856787048568,45.38026944806606,5.710560625814863,4.302477183833116,5.367023238657322,87.31095536702324,46.82207248224367,1.0380622837370241,40.09779951100244,44.69437652811736,22.84219703574542,15.170008718395815,9.85178727114211,11.987794245858762,5.100261551874455,7.410636442894507
090103,7.142857142857143,7.142857142857143,78.57142857142857,71.42857142857143,0.0,7.142857142857143,14.285714285714286,50.0,0.0,14.285714285714286,100.0,100.0,0.0,0.0,92.85714285714286,0.0,0.0,0.0,0.0,85.71428571428571,7.142857142857143,7.142857142857143,100.0,0.0,0.0,0.0,21.428571428571427,0.0,78.57142857142857,0.0,92.85714285714286,0.0,0.0,7.142857142857143,0.0,21.428571428571427,0.0,42.857142857142854,7.142857142857143,7.142857142857143,57.142857142857146,78.57142857142857,78.57142857142857,85.71428571428571,40.42553191489362,2.127659574468085,14.285714285714286,3.5714285714285716,56.41025641025641,0.0,0.0,4.3478260869565215,91.30434782608695,46.808510638297875,2.127659574468085,34.61538461538461,46.15384615384615,65.38461538461539,0.0,0.0,3.8461538461538463,0.0,11.538461538461538
090104,85.5072463768116,5.797101449275362,6.763285024154589,5.797101449275362,0.0,8.21256038647343,34.29951690821256,52.17391304347826,0.966183574879227,0.966183574879227,96.61835748792271,67.14975845410628,1.932367149758454,3.3816425120772946,95.16908212560386,0.0,1.932367149758454,78.26086956521739,69.08212560386474,19.806763285024154,0.0,1.4492753623188406,64.73429951690821,15.942028985507246,2.4154589371980677,15.458937198067632,38.64734299516908,0.0,60.869565217391305,28.985507246376812,56.03864734299517,39.130434782608695,0.966183574879227,0.0,0.966183574879227,24.154589371980677,19.32367149758454,25.603864734299517,23.18840579710145,12.077294685990339,55.072463768115945,73.42995169082126,80.19323671497584,91.78743961352657,37.595129375951295,7.4581430745814306,29.23832923832924,1.2285012285012284,41.416893732970024,7.76566757493188,6.67574931880109,8.962264150943396,82.54716981132076,73.10664605873261,16.228748068006183,28.289473684210527,65.46052631578948,17.575757575757574,48.78787878787879,3.3333333333333335,2.727272727272727,2.121212121212121,6.666666666666667
090201,72.70471464019852,15.75682382133995,10.297766749379653,5.459057071960298,0.0,9.181141439205955,29.032258064516128,49.75186104218362,0.24813895781637718,2.8535980148883375,97.14640198511167,96.02977667493796,0.12406947890818859,2.8535980148883375,91.1910669975186,0.24813895781637718,4.3424317617866,70.22332506203475,56.69975186104218,26.30272952853598,1.8610421836228288,0.8684863523573201,60.049627791563275,27.29528535980149,0.6203473945409429,10.049627791563275,57.5682382133995,0.24813895781637718,40.69478908188586,44.168734491315135,95.16129032258064,1.2406947890818858,0.7444168734491315,2.2332506203473947,24.56575682382134,31.141439205955336,35.98014888337469,25.18610421836228,25.43424317617866,12.655086848635236,42.55583126550869,50.24813895781638,79.03225806451613,88.21339950372209,40.55032585083273,7.385952208544533,37.78184034125533,3.595368677635588,34.92260917634052,4.864566058595909,9.466556108347152,7.014925373134329,80.11194029850746,59.867207672445595,0.9590556990040575,36.88007213706042,50.225428313796215,31.08894430590191,16.29260182876143,6.400665004156276,7.14879467996675,2.57689110556941,8.645054031587698
090203,17.689530685920577,5.415162454873646,48.014440433213,40.07220216606498,6.859205776173285,5.415162454873646,19.855595667870038,58.84476534296029,1.0830324909747293,5.776173285198556,94.22382671480145,93.14079422382672,0.36101083032490977,5.776173285198556,93.50180505415162,0.0,3.6101083032490973,3.6101083032490973,0.36101083032490977,80.14440433212997,9.747292418772563,4.693140794223827,63.898916967509024,13.71841155234657,0.0,20.216606498194945,45.848375451263536,0.36101083032490977,50.541516245487365,30.32490974729242,97.11191335740072,1.8050541516245486,0.0,1.0830324909747293,22.743682310469314,28.15884476534296,25.63176895306859,18.050541516245488,22.743682310469314,11.552346570397113,42.96028880866426,54.151624548736464,74.72924187725631,85.92057761732852,43.25396825396825,5.158730158730159,22.75862068965517,2.9310344827586206,35.03233168505135,6.884747052111069,7.7596044123240775,10.623084780388151,81.92032686414709,69.34673366834171,5.9296482412060305,38.18615751789976,52.98329355608592,38.44492440604752,12.095032397408207,5.399568034557236,3.4557235421166306,4.319654427645788,9.935205183585314
090301,8.472803347280335,5.125523012552302,37.76150627615063,11.610878661087867,0.9414225941422594,2.405857740585774,5.96234309623431,50.73221757322176,0.3138075313807531,16.317991631799163,89.9581589958159,79.4979079497908,1.0460251046025104,10.0418410041841,53.24267782426778,0.10460251046025104,43.41004184100419,1.4644351464435146,0.8368200836820083,81.06694560669456,5.648535564853557,7.635983263598327,67.99163179916317,3.2426778242677825,0.10460251046025104,16.317991631799163,44.35146443514645,0.41841004184100417,36.50627615062761,10.355648535564853,73.74476987447699,1.6736401673640167,0.0,14.539748953974895,49.58158995815899,34.72803347280335,8.891213389121338,5.857740585774058,33.68200836820084,7.635983263598327,47.69874476987448,46.86192468619247,56.38075313807531,71.44351464435147,38.59196461481754,6.57943236269812,18.966547192353644,5.197132616487456,39.497594869053984,2.80980377185615,9.773230510804002,3.748326639892905,91.4132721361637,44.70830216903515,0.2056843679880329,29.129263913824058,55.56552962298025,56.816326530612244,8.571428571428571,5.183673469387755,9.755102040816327,2.816326530612245,3.4285714285714284
090302,5.4989816700611,10.590631364562118,78.20773930753565,22.403258655804482,0.20366598778004075,2.443991853360489,6.720977596741344,69.04276985743381,0.0,3.4623217922606924,93.89002036659878,86.9653767820774,0.4073319755600815,6.109979633401222,74.13441955193483,0.0,24.236252545824847,6.109979633401222,0.814663951120163,81.67006109979633,4.684317718940937,6.313645621181263,64.5621181262729,6.924643584521385,0.6109979633401222,25.661914460285132,22.60692464358452,0.0,75.96741344195519,10.590631364562118,76.37474541751527,0.814663951120163,0.0,20.977596741344197,53.360488798370675,23.828920570264767,13.84928716904277,6.720977596741344,35.437881873727086,4.684317718940937,39.91853360488798,50.509164969450104,67.41344195519348,85.94704684317719,46.19673436877738,3.8630027877339703,17.865085248332097,2.8910303928836174,35.6875654646117,3.3368247792907377,9.771060900793056,6.0344827586206895,86.7816091954023,60.265700483091784,0.5233494363929146,33.1958762886598,50.92783505154639,57.82608695652174,10.434782608695652,4.434782608695652,5.043478260869565,1.2173913043478262,2.782608695652174
090303,34.25925925925926,23.353909465020575,33.23045267489712,15.432098765432098,0.30864197530864196,5.349794238683128,17.901234567901234,56.99588477366255,0.205761316872428,5.555555555555555,93.93004115226337,89.60905349794238,1.02880658436214,6.0699588477366255,89.91769547325103,0.205761316872428,5.4526748971193415,25.0,15.74074074074074,65.63786008230453,2.983539094650206,4.526748971193416,68.00411522633745,15.843621399176955,0.30864197530864196,14.300411522633745,36.934156378600825,0.30864197530864196,60.699588477366255,28.189300411522634,93.72427983539094,0.720164609053498,1.337448559670782,3.0864197530864197,47.11934156378601,28.909465020576132,21.19341563786008,17.695473251028808,26.646090534979425,12.345679012345679,44.547325102880656,52.57201646090535,77.46913580246914,88.58024691358025,48.00104520512151,4.625032662660047,22.101090188305253,2.3785926660059467,36.41797417013555,5.091258405379443,8.058490767424486,9.836504958456178,82.95363173411954,75.40333245173234,1.0314731552499339,41.51065203357005,47.83731439638476,20.35452322738386,20.415647921760392,14.60880195599022,8.007334963325183,5.5623471882640585,9.04645476772616
090401,24.873096446700508,7.106598984771574,49.23857868020305,31.472081218274113,0.0,4.060913705583756,16.243654822335024,67.00507614213198,0.5076142131979695,2.030456852791878,95.93908629441624,94.9238578680203,1.015228426395939,4.060913705583756,90.35532994923858,0.0,9.137055837563452,0.5076142131979695,0.0,92.89340101522842,3.045685279187817,3.553299492385787,80.20304568527919,3.553299492385787,0.0,14.720812182741117,43.65482233502538,0.0,55.83756345177665,17.766497461928935,97.46192893401015,0.0,0.0,1.015228426395939,11.6751269035533,29.441624365482234,14.213197969543147,21.82741116751269,20.304568527918782,12.690355329949238,39.08629441624365,50.76142131979695,80.71065989847716,88.3248730964467,42.98118668596237,6.512301013024602,21.22762148337596,5.370843989769821,33.11623246492986,3.6573146292585172,12.525050100200401,4.585798816568047,85.20710059171597,83.28445747800586,1.7595307917888563,26.845637583892618,60.40268456375839,60.61538461538461,11.384615384615385,2.769230769230769,3.3846153846153846,2.1538461538461537,4.0
090402,2.6785714285714284,0.0,90.17857142857143,19.642857142857142,0.0,0.8928571428571429,2.6785714285714284,69.64285714285714,0.8928571428571429,4.464285714285714,90.17857142857143,61.607142857142854,2.6785714285714284,9.821428571428571,78.57142857142857,0.0,20.535714285714285,22.321428571428573,8.928571428571429,47.32142857142857,6.25,21.428571428571427,80.35714285714286,2.6785714285714284,0.0,16.071428571428573,19.642857142857142,0.0,75.89285714285714,16.071428571428573,80.35714285714286,0.8928571428571429,0.0,17.857142857142858,41.07142857142857,25.0,0.0,13.392857142857142,25.892857142857142,4.464285714285714,34.82142857142857,47.32142857142857,62.5,80.35714285714286,48.014440433213,3.6101083032490973,7.849829351535837,1.7064846416382253,38.6764705882353,7.647058823529412,5.955882352941177,12.244897959183673,81.81818181818181,82.47232472324723,1.1070110701107012,33.64485981308411,50.467289719626166,48.53556485355649,13.389121338912133,9.623430962343097,4.602510460251046,5.02092050209205,5.857740585774058
090501,1.342281879194631,0.0,95.97315436241611,42.281879194630875,0.0,2.684563758389262,20.80536912751678,60.40268456375839,0.0,8.724832214765101,85.90604026845638,23.48993288590604,16.778523489932887,14.093959731543624,68.45637583892618,0.6711409395973155,30.201342281879196,0.6711409395973155,0.0,85.23489932885906,10.738255033557047,2.0134228187919465,76.51006711409396,1.342281879194631,0.0,22.14765100671141,42.281879194630875,1.342281879194631,56.375838926174495,37.58389261744966,81.87919463087249,12.751677852348994,0.0,2.0134228187919465,18.120805369127517,34.22818791946309,42.95302013422819,20.13422818791946,16.107382550335572,10.738255033557047,32.88590604026846,39.59731543624161,55.033557046979865,79.86577181208054,46.16895874263261,6.8762278978389,13.602941176470589,5.514705882352941,35.82089552238806,3.220738413197172,8.40534171249018,13.673469387755102,78.36734693877551,82.89205702647658,3.258655804480652,25.433526011560694,52.02312138728324,54.59183673469388,8.673469387755102,6.63265306122449,2.5510204081632653,4.081632653061225,3.061224489795918
090502,1.408450704225352,0.704225352112676,95.77464788732394,37.32394366197183,0.0,2.816901408450704,7.746478873239437,42.95774647887324,0.704225352112676,3.5211267605633805,94.36619718309859,90.14084507042253,0.704225352112676,5.633802816901408,66.90140845070422,1.408450704225352,28.87323943661972,3.5211267605633805,0.704225352112676,84.50704225352112,4.929577464788732,7.042253521126761,68.30985915492958,1.408450704225352,0.0,27.464788732394368,64.08450704225352,0.704225352112676,34.50704225352113,17.6056338028169,85.21126760563381,0.0,0.0,11.971830985915492,28.169014084507044,50.0,16.901408450704224,16.901408450704224,20.422535211267604,14.788732394366198,42.25352112676056,43.66197183098591,62.67605633802817,76.05633802816901,45.54655870445344,7.08502024291498,21.26865671641791,5.597014925373134,39.12280701754386,4.824561403508772,5.350877192982456,6.25,85.625,76.54320987654322,0.411522633744856,27.586206896551722,61.083743842364534,41.964285714285715,15.178571428571429,8.482142857142858,4.017857142857143,5.357142857142857,8.928571428571429
090503,2.272727272727273,2.272727272727273,90.9090909090909,47.72727272727273,0.0,11.363636363636363,40.90909090909091,31.818181818181817,0.0,2.272727272727273,95.45454545454545,95.45454545454545,0.0,4.545454545454546,81.81818181818181,0.0,15.909090909090908,4.545454545454546,0.0,84.0909090909091,2.272727272727273,6.818181818181818,65.9090909090909,2.272727272727273,0.0,29.545454545454547,31.818181818181817,0.0,63.63636363636363,11.363636363636363,88.63636363636364,0.0,0.0,6.818181818181818,31.818181818181817,34.09090909090909,11.363636363636363,11.363636363636363,29.545454545454547,9.090909090909092,38.63636363636363,45.45454545454545,56.81818181818182,68.18181818181819,32.51231527093596,3.4482758620689653,13.432835820895523,3.7313432835820897,56.97674418604651,1.4534883720930232,1.4534883720930232,3.553299492385787,94.41624365482234,91.91919191919192,0.0,17.647058823529413,73.52941176470588,54.32098765432099,22.22222222222222,2.4691358024691357,3.7037037037037037,3.7037037037037037,0.0
