cod_ine,n_viviendas,pct_agua_caneria,pct_agua_pileta,pct_agua_pozo,pct_agua_pozo_bomba,pct_agua_carro,pct_agua_interior,pct_agua_lote,pct_agua_sin_caneria,pct_servicio_sanitario,pct_sanitario_exclusivo,pct_sanitario_compartido,pct_sin_sanitario,pct_alcantarillado,pct_camara_septica,pct_pozo_ciego,pct_desague_superficie,pct_electricidad,pct_elec_red,pct_panel_solar,pct_motor_propio,pct_sin_energia,pct_gas_red,pct_gas_garrafa,pct_lena_guano,pct_combustible_limpio,pct_no_cocina,pct_cocina_exclusiva,pct_basura_formal,pct_basura_carro,pct_basura_contenedor,pct_basura_quema,pct_basura_entierra,pct_basura_informal,pct_viv_propia,pct_viv_alquilada,pct_viv_anticretico,pct_viv_prestada,pct_viv_cedida,pct_pared_ladrillo,pct_pared_adobe,pct_pared_madera,pct_pared_precaria,pct_techo_calamina,pct_techo_teja,pct_techo_losa,pct_techo_paja,pct_piso_tierra,pct_piso_cemento,pct_piso_ceramica,pct_piso_mosaico,pct_monoambiente,pct_urbano,pct_revoque,pct_hogar_nuclear,pct_hogar_monoparental,pct_hogar_extendido,pct_hogar_compuesto,pct_departamento,pct_con_emigrante,pct_hogar_fallecido,pct_hacinamiento,pct_choza,pct_agua_rio,pct_agua_lluvia,pct_agua_no_mejorada,pct_agua_mejorada,pct_saneamiento_mejorado,pct_radio,pct_televisor,pct_computadora,pct_auto,pct_bicicleta,pct_moto,pct_carreta,pct_bote,pct_internet,pct_telefonia,pct_celular,pct_internet_fijo,pct_internet_movil,pct_tv_cable,pct_telefono_fijo,pct_refrigerador,pct_microondas,pct_calefon,pct_aire_acond,pct_lavadora,pct_vivienda_desocupada,tam_hogar,_den_tam_hogar,pers_x_vivienda,_den_pers_x_vivienda,pers_x_dormitorio,_den_pers_x_dormitorio,pers_x_habitacion,_den_pers_x_habitacion
010101,63108,88.43728211954111,7.097356911960449,1.413449958800786,0.8556759840273817,2.210496292070736,78.55263991886925,15.237370856309818,6.209989224820942,88.13938011028712,45.30645876909425,42.83292134119288,11.860619889712874,85.13342207010204,0.8620143246498067,1.0236420105216455,1.1203017050136275,97.41237244089497,96.94491981999113,0.02218419217848767,0.223426506940483,2.587627559105026,29.054953413196426,67.34486911326614,1.3912657666222983,96.69930912087216,1.8444571211256893,73.72599353489257,79.54459022627876,67.558788109273,11.985802117005768,6.5538442035875,0.3723775115674716,13.139380110287126,54.38296254040692,28.265830005704508,6.921467959688154,7.602839576598846,1.2438993471509159,72.69442859859289,26.270837294796223,0.033276288267731505,0.02059960702288141,36.096849844710654,39.82062496038537,20.81194143373265,0.36603917094504657,5.111871711985802,50.58946567788553,30.740952018761487,2.8839449832033974,33.32857957786651,100.0,84.53603346643848,,,,,7.9799708436331365,12.698865437028585,4.289472016226152,16.585852823730747,,,,,,44.22260252265957,82.3651518032579,87.69728085187297,43.28294352538506,29.202319832667808,21.369715408506053,11.130126132978386,1.0188882550548266,0.19173480382835772,17.492235532737528,85.97800595804019,,,,,,,,,,,3.939881602390942,3.6764593,63108,3.6764593,63108,1.740932,133270.0,1.2579035,184445.0
010301,825,92.72727272727273,3.878787878787879,0.36363636363636365,0.24242424242424243,0.0,90.9090909090909,5.212121212121212,3.878787878787879,75.03030303030303,35.878787878787875,39.15151515151515,24.96969696969697,70.9090909090909,0.7272727272727273,3.272727272727273,0.12121212121212122,92.24242424242425,91.39393939393939,0.12121212121212122,0.36363636363636365,7.757575757575758,0.0,80.48484848484848,17.21212121212121,80.72727272727273,2.0606060606060606,70.18181818181819,88.60606060606061,73.33333333333333,15.272727272727273,4.121212121212121,0.24242424242424243,6.666666666666667,70.54545454545455,17.575757575757574,0.8484848484848485,5.818181818181818,4.0,25.21212121212121,73.57575757575758,0.0,0.0,41.45454545454545,53.45454545454545,2.5454545454545454,1.5757575757575757,16.363636363636363,65.33333333333333,11.878787878787879,0.7272727272727273,26.181818181818183,100.0,85.21212121212122,,,,,0.48484848484848486,10.545454545454545,6.0606060606060606,33.696969696969695,,,,,,34.666666666666664,67.39393939393939,67.51515151515152,13.212121212121213,13.212121212121213,35.03030303030303,13.818181818181818,0.8484848484848485,0.0,2.6666666666666665,70.06060606060606,,,,,,,,,,,3.9215686274509802,4.650909,825,4.650909,825,2.4147263,1589.0,1.5058869,2548.0
010302,560,81.78571428571429,13.571428571428571,1.7857142857142858,0.7142857142857143,0.17857142857142858,79.28571428571429,14.107142857142858,6.607142857142857,65.71428571428571,29.821428571428573,35.892857142857146,34.285714285714285,60.0,1.7857142857142858,3.2142857142857144,0.7142857142857143,85.71428571428571,83.92857142857143,0.35714285714285715,0.8928571428571429,14.285714285714286,2.142857142857143,66.42857142857143,29.285714285714285,68.75,1.6071428571428572,63.392857142857146,6.428571428571429,3.0357142857142856,3.392857142857143,28.75,2.3214285714285716,61.25,70.71428571428571,20.892857142857142,0.7142857142857143,4.464285714285714,0.8928571428571429,12.5,85.89285714285714,0.35714285714285715,0.0,11.071428571428571,72.67857142857143,1.0714285714285714,14.464285714285714,33.75,49.464285714285715,6.071428571428571,0.7142857142857143,26.964285714285715,100.0,83.75,,,,,0.35714285714285715,7.142857142857143,4.107142857142857,35.17857142857143,,,,,,27.678571428571427,76.78571428571429,57.67857142857143,8.75,7.5,25.0,5.0,1.6071428571428572,0.5357142857142857,1.7857142857142858,53.392857142857146,,,,,,,,,,,0.9316770186335404,4.4,560,4.4,560,2.5991561,948.0,1.6437625,1499.0
010401,986,95.74036511156187,3.8539553752535496,0.0,0.0,0.10141987829614604,88.84381338742394,10.446247464503042,0.7099391480730223,78.29614604462475,30.425963488843813,47.870182555780936,21.703853955375255,76.57200811359026,0.10141987829614604,1.6227180527383367,0.0,93.71196754563894,93.10344827586206,0.10141987829614604,0.10141987829614604,6.288032454361055,0.0,89.55375253549695,6.9979716024340775,89.8580121703854,3.0425963488843815,71.50101419878297,85.29411764705883,74.64503042596348,10.649087221095336,3.9553752535496955,0.5070993914807302,9.837728194726166,64.70588235294117,26.774847870182555,1.7241379310344827,4.9695740365111565,0.7099391480730223,29.20892494929006,69.97971602434077,0.0,0.0,8.620689655172415,88.5395537525355,1.1156186612576064,1.1156186612576064,4.462474645030426,45.537525354969574,21.196754563894523,0.9127789046653144,34.68559837728195,100.0,94.9290060851927,,,,,1.3184584178498986,8.620689655172415,3.8539553752535496,18.356997971602436,,,,,,29.81744421906694,79.41176470588235,79.10750507099391,19.066937119675455,14.401622718052739,29.81744421906694,10.040567951318458,2.839756592292089,0.2028397565922921,5.273833671399594,78.49898580121703,,,,,,,,,,,4.535637149028077,3.225152,986,3.225152,986,1.8574766,1712.0,1.158048,2746.0
010403,604,86.09271523178808,7.119205298013245,0.0,0.0,0.0,75.33112582781457,17.71523178807947,6.953642384105961,80.29801324503312,46.688741721854306,33.609271523178805,19.70198675496689,77.1523178807947,0.8278145695364238,1.8211920529801324,0.4966887417218543,95.03311258278146,91.88741721854305,0.0,0.33112582781456956,4.966887417218543,0.0,74.17218543046357,22.185430463576157,75.0,1.8211920529801324,64.90066225165563,89.73509933774834,82.11920529801324,7.6158940397351,5.629139072847682,0.33112582781456956,3.4768211920529803,61.09271523178808,27.1523178807947,0.8278145695364238,5.960264900662252,1.6556291390728477,19.867549668874172,72.35099337748345,0.16556291390728478,0.16556291390728478,35.9271523178808,54.966887417218544,2.3178807947019866,1.3245033112582782,15.397350993377483,54.47019867549669,8.940397350993377,2.814569536423841,29.13907284768212,100.0,84.76821192052981,,,,,1.6556291390728477,10.264900662251655,2.6490066225165565,18.543046357615893,,,,,,45.86092715231788,51.98675496688742,69.86754966887418,19.70198675496689,8.112582781456954,24.172185430463575,7.450331125827814,1.1589403973509933,0.33112582781456956,2.980132450331126,72.68211920529801,,,,,,,,,,,4.171934260429835,3.3592715,604,3.3592715,604,1.9660853,1032.0,1.2106205,1676.0
010501,2765,94.35804701627487,4.84629294755877,0.25316455696202533,0.03616636528028933,0.07233273056057866,78.77034358047017,19.42133815551537,1.8083182640144666,88.64376130198914,40.3254972875226,48.31826401446654,11.35623869801085,77.10669077757686,1.2296564195298372,10.126582278481013,0.18083182640144665,96.52802893309223,96.13019891500905,0.0,0.14466546112115733,3.4719710669077757,42.42314647377938,51.066907775768534,3.8336347197106693,93.81555153707052,2.2423146473779387,75.623869801085,87.59493670886076,72.40506329113924,15.189873417721518,8.1374321880651,1.0126582278481013,2.965641952983725,59.3128390596745,27.341772151898734,3.4719710669077757,5.93128390596745,2.386980108499096,57.32368896925859,40.47016274864376,1.301989150090416,0.21699819168173598,17.32368896925859,66.83544303797468,14.61121157323689,0.28933092224231466,9.439421338155515,69.4755877034358,18.155515370705245,1.193490054249548,32.29656419529837,100.0,87.52260397830018,,,,,2.857142857142857,9.22242314647378,3.6889692585895117,22.78481012658228,,,,,,35.479204339963836,74.46654611211574,82.56781193490055,26.329113924050635,25.678119349005424,31.175406871609404,13.417721518987342,0.7233273056057866,0.18083182640144665,10.669077757685352,81.51898734177215,,,,,,,,,,,2.578150177247825,3.8799276,2765,3.8799276,2765,2.0722425,5177.0,1.4247012,7530.0
010601,781,86.04353393085788,7.9385403329065305,0.38412291933418696,0.12804097311139565,0.0,85.1472471190781,6.914212548015365,7.9385403329065305,60.43533930857875,25.86427656850192,34.571062740076826,39.56466069142125,58.51472471190781,0.2560819462227913,1.1523687580025608,0.5121638924455826,91.1651728553137,90.78104993597951,0.0,0.12804097311139565,8.8348271446863,15.877080665813061,71.06274007682458,11.907810499359796,86.93982074263765,1.0243277848911652,74.64788732394366,85.65941101152369,69.27016645326505,16.389244558258643,0.8962868117797695,0.2560819462227913,12.03585147247119,62.22791293213828,28.55313700384123,3.329065300896287,4.097311139564661,1.1523687580025608,8.194622279129321,91.1651728553137,0.0,0.0,7.554417413572343,87.45198463508322,0.8962868117797695,2.3047375160051216,29.06530089628681,37.516005121638926,4.225352112676056,0.0,23.5595390524968,100.0,80.92189500640205,,,,,0.2560819462227913,19.46222791293214,5.505761843790013,28.80921895006402,,,,,,24.839948783610755,78.10499359795135,68.88604353393086,8.066581306017925,9.475032010243277,26.12035851472471,2.3047375160051216,23.81562099871959,0.8962868117797695,2.176696542893726,66.58130601792574,,,,,,,,,,,11.685823754789272,3.6491678,781,3.6491678,781,2.3322423,1222.0,1.1128465,2561.0
010701,1492,98.65951742627345,1.1394101876675604,0.0,0.0,0.0,87.1313672922252,12.533512064343164,0.3351206434316354,89.81233243967829,47.05093833780161,42.761394101876675,10.187667560321715,83.57908847184987,1.0723860589812333,5.160857908847185,0.0,98.32439678284182,98.05630026809652,0.0,0.13404825737265416,1.675603217158177,25.871313672922252,69.10187667560322,2.0107238605898123,95.04021447721179,2.8150134048257374,75.46916890080429,93.49865951742628,74.59785522788204,18.900804289544237,4.490616621983914,0.2680965147453083,1.2734584450402144,55.361930294906166,32.975871313672926,3.954423592493298,4.557640750670242,1.876675603217158,55.83109919571046,43.5656836461126,0.0,0.06702412868632708,41.89008042895443,33.44504021447721,16.823056300268096,7.439678284182306,6.367292225201072,70.3083109919571,19.03485254691689,2.2117962466487935,33.10991957104557,100.0,92.69436997319035,,,,,2.3458445040214477,9.785522788203753,4.892761394101877,16.68900804289544,,,,,,42.96246648793566,86.1260053619303,90.14745308310992,31.099195710455763,23.86058981233244,41.21983914209115,8.646112600536194,1.1394101876675604,0.2680965147453083,9.718498659517426,87.80160857908847,,,,,,,,,,,4.157043879907621,3.3190348,1492,3.3190348,1492,1.7654189,2805.0,1.1972921,4136.0
010704,577,90.98786828422877,3.292894280762565,3.119584055459272,0.8665511265164645,0.0,76.94974003466204,17.504332755632582,5.545927209705373,66.72443674176776,40.20797227036395,26.51646447140381,33.27556325823224,64.47140381282496,0.3466204506065858,1.733102253032929,0.1733102253032929,80.93587521663778,80.06932409012131,0.0,0.1733102253032929,19.064124783362217,0.0,91.50779896013864,7.972270363951473,91.85441941074524,0.1733102253032929,70.7105719237435,89.42807625649914,77.64298093587522,11.785095320623917,4.506065857885615,0.1733102253032929,5.892547660311958,79.54939341421144,15.59792027729636,1.3864818024263432,2.2530329289428077,0.8665511265164645,35.52859618717504,63.4315424610052,0.0,0.0,29.80935875216638,11.43847487001733,19.584055459272097,37.08838821490468,34.66204506065858,52.85961871750433,10.571923743500866,0.5199306759098787,26.863084922010398,100.0,83.53552859618718,,,,,0.5199306759098787,13.344887348353552,3.6395147313691507,31.19584055459272,,,,,,38.64818024263432,63.084922010398614,66.37781629116118,16.11785095320624,28.596187175043326,49.91334488734835,9.532062391681109,1.2131715771230502,0.0,0.8665511265164645,64.99133448873484,,,,,,,,,,,2.457757296466974,4.2270365,577,4.2270365,577,2.5646687,951.0,1.5055555,1620.0
010801,1035,95.07246376811594,3.285024154589372,0.0966183574879227,0.0966183574879227,0.0,83.57487922705315,14.58937198067633,1.8357487922705313,87.14975845410628,37.68115942028985,49.468599033816425,12.85024154589372,85.41062801932367,0.2898550724637681,1.3526570048309179,0.0966183574879227,97.10144927536231,96.61835748792271,0.1932367149758454,0.1932367149758454,2.898550724637681,0.0,88.98550724637681,9.27536231884058,89.27536231884058,1.4492753623188406,69.95169082125604,90.43478260869566,80.96618357487922,9.468599033816425,3.6714975845410627,0.3864734299516908,5.4106280193236715,61.64251207729468,28.985507246376812,1.642512077294686,4.63768115942029,2.608695652173913,34.009661835748794,65.31400966183575,0.0,0.0,34.78260869565217,59.51690821256039,4.251207729468599,0.7729468599033816,12.753623188405797,41.54589371980676,23.381642512077295,1.1594202898550725,32.94685990338164,100.0,92.94685990338164,,,,,2.608695652173913,4.830917874396135,4.541062801932367,16.52173913043478,,,,,,37.00483091787439,77.0048309178744,79.1304347826087,30.241545893719806,14.782608695652174,24.541062801932366,15.36231884057971,2.318840579710145,0.0,4.3478260869565215,80.0,,,,,,,,,,,5.355776587605202,3.0454106,1035,3.0454106,1035,1.609806,1958.0,1.0,3152.0
010902,736,94.15760869565217,2.989130434782609,0.6793478260869565,0.4076086956521739,0.1358695652173913,71.60326086956522,22.96195652173913,5.434782608695652,78.66847826086956,48.233695652173914,30.434782608695652,21.331521739130434,64.53804347826087,3.6684782608695654,10.326086956521738,0.1358695652173913,91.16847826086956,90.76086956521739,0.1358695652173913,0.1358695652173913,8.831521739130435,0.0,92.3913043478261,6.114130434782608,92.3913043478261,1.358695652173913,76.08695652173913,89.1304347826087,79.7554347826087,9.375,5.434782608695652,0.4076086956521739,5.0271739130434785,66.30434782608695,20.380434782608695,1.6304347826086956,8.016304347826088,1.6304347826086956,20.244565217391305,78.66847826086956,0.0,0.0,50.40760869565217,11.141304347826088,5.434782608695652,31.11413043478261,20.652173913043477,58.15217391304348,14.945652173913043,0.5434782608695652,27.581521739130434,100.0,89.40217391304348,,,,,0.9510869565217391,14.402173913043478,4.211956521739131,18.070652173913043,,,,,,40.08152173913044,76.22282608695652,79.07608695652173,29.21195652173913,27.98913043478261,47.82608695652174,15.081521739130435,3.3967391304347827,0.2717391304347826,5.298913043478261,78.94021739130434,,,,,,,,,,,6.731813246471227,3.576087,736,3.576087,736,2.0246153,1300.0,1.1702979,2249.0
011001,932,96.45922746781116,3.111587982832618,0.1072961373390558,0.0,0.1072961373390558,58.47639484978541,40.772532188841204,0.7510729613733905,90.12875536480686,29.399141630901287,60.72961373390558,9.871244635193133,77.14592274678111,1.502145922746781,10.836909871244636,0.6437768240343348,97.42489270386267,96.24463519313305,0.1072961373390558,0.9656652360515021,2.575107296137339,28.00429184549356,58.15450643776824,4.613733905579399,86.37339055793991,9.012875536480687,56.97424892703863,89.69957081545064,79.6137339055794,10.085836909871245,3.4334763948497855,0.8583690987124464,5.793991416309013,45.27896995708154,41.52360515021459,4.506437768240343,5.042918454935623,2.6824034334763946,50.9656652360515,47.21030042918455,0.1072961373390558,0.1072961373390558,24.248927038626608,70.60085836909872,3.218884120171674,0.7510729613733905,12.446351931330472,59.44206008583691,14.270386266094421,1.3948497854077253,48.283261802575105,100.0,88.8412017167382,,,,,0.1072961373390558,10.085836909871245,3.004291845493562,18.669527896995707,,,,,,26.180257510729614,70.27896995708154,80.25751072961373,28.540772532188843,18.56223175965665,20.278969957081546,23.819742489270386,0.7510729613733905,0.5364806866952789,6.115879828326181,85.83690987124463,,,,,,,,,,,1.941747572815534,3.2575107,932,3.2575107,932,1.9637775,1546.0,1.4287059,2125.0
020101,223734,92.529521664119,3.5761216444527877,1.0387334960265315,0.3763397606085798,0.6530075893695192,84.48693537861925,11.864982523889976,3.64808209749077,94.25970125238005,63.83741407206772,30.422287180312335,5.740298747619941,91.67448845504036,1.221092904967506,0.6816129868504563,0.6825069055217357,98.93623678117766,98.70605272332322,0.00893918671279287,0.1305121260067759,1.0637632188223516,12.673978921397731,81.28089606407609,0.3052732262418765,98.07271134472185,1.465579661562391,88.27715054484344,97.35757640769843,57.01860244754932,40.338973960149104,0.1510722554461995,0.03262803150169397,2.175351086558145,53.61143143196832,21.845584488723215,10.830271661884202,10.19335460859771,1.2438878310851278,73.58783197904654,25.2987923158751,0.2543198619789572,0.004022634020756792,71.25202249099377,9.336980521512153,17.544494801862925,0.16269319817283023,3.645847300812572,37.89544727220717,3.0621184084671977,0.3280681523594983,20.734890539658704,100.0,93.36667649977205,,,,,26.00498806618574,10.779318297621282,4.552280833489769,11.412212716887018,,,,,,63.03512206459456,90.65363333243941,93.71753957824917,52.74433032082741,26.988298604592956,22.499485996764015,3.0920646839550536,1.1750560933966228,0.16001144215899238,22.51647045151832,90.1043203089383,,,,,,,,,,,3.8701038648129455,3.3108513,223734,3.3108513,223734,1.6090842,460355.0,1.0645254,695850.0
020104,6010,31.231281198003327,8.419301164725457,25.856905158069882,4.692179700499168,15.224625623960067,21.46422628951747,28.21963394342762,50.316139767054906,35.45757071547421,24.05990016638935,11.397670549084859,64.5424292845258,5.19134775374376,5.108153078202995,24.026622296173045,1.1314475873544094,78.75207986688852,77.27121464226289,0.08319467554076539,0.3161397670549085,21.24792013311148,0.2995008319467554,84.75873544093179,10.765391014975041,86.13976705490849,2.579034941763727,74.34276206322795,13.860232945091514,5.158069883527454,8.70216306156406,37.2712146422629,2.6955074875207985,43.660565723793674,85.59068219633943,5.923460898502496,0.4492512479201331,5.507487520798669,1.2479201331114809,55.80698835274542,42.46256239600665,0.18302828618968386,0.0,91.78036605657238,4.475873544093178,1.3477537437603992,0.26622296173044924,28.835274542429286,54.80865224625624,2.762063227953411,0.1497504159733777,31.231281198003327,100.0,75.82362728785358,,,,,1.1480865224625625,11.148086522462563,5.856905158069884,16.15640599001664,,,,,,7.8369384359401,78.66888519134775,62.529118136439266,13.07820299500832,27.12146422628952,25.62396006655574,2.312811980033278,9.13477537437604,3.1114808652246255,4.1763727121464225,61.43094841930117,,,,,,,,,,,8.064979873490511,3.0863562,6010,3.0863562,6010,1.7804761,10418.0,1.1822933,15689.0
020105,256216,88.56472663690012,6.095247759702751,1.8929340868642084,0.38131888718893436,1.9549911012583132,58.686811128110655,32.485481000405905,8.827707871483437,78.80967621069722,40.51035064164611,38.29932556905111,21.190323789302777,63.7294314172417,2.310550473038374,12.612795453835826,0.15689886658132202,91.88653323758079,91.45759827645425,0.02029537577668842,0.09640303493927,8.11346676241921,40.66178536859525,56.33527960783089,0.776298123458332,97.17113685328005,1.7575014831236144,83.47917382208762,82.96827676647828,63.679083273488,19.28919349299029,2.9494645143160456,0.3641458769163518,13.044852780466481,68.7236550410591,15.432681799731476,2.502185655852874,10.813922627782809,0.7458550597932994,54.43571049427046,44.83638804758485,0.029272176600992912,0.0035126611921191494,91.99230336903238,2.948293627252006,3.8510475536266275,0.1287975770443688,16.905267430605427,57.75751709495113,2.267617947356918,0.1338714209885409,27.539263746214132,100.0,81.35050113966341,,,,,3.8206044899615947,11.051222406094858,4.8162487900833675,16.05481312642458,,,,,,33.095903456458615,84.49121054110594,81.38679863864864,25.00741561807225,21.740640709401443,32.001904642957506,1.9588940581384457,8.669638117838074,0.24588628344834046,5.088675180316608,78.43655353295657,,,,,,,,,,,4.002699820849654,3.2711775,256216,3.2711775,256216,1.7724655,472860.0,1.1947774,701493.0
020201,3307,88.26731176292712,7.317810704566072,2.691260961596613,1.0281221651043242,0.06047777441790142,55.12549138191714,40.2479588751134,4.626549742969459,64.95312972482613,33.65588146356214,31.297248261263984,35.04687027517387,59.90323556093136,1.0281221651043242,3.7193831267009374,0.3023888720895071,86.63441185364378,86.30178409434532,0.03023888720895071,0.03023888720895071,13.365588146356215,0.0,94.43604475355306,2.2376776534623524,94.49652252797097,2.99364983368612,78.16752343513758,81.64499546416693,47.71696401572422,33.928031448442695,4.807983066223163,0.7862110674327185,12.186271545207136,87.02751738736015,6.985182945267614,0.5140610825521621,4.293921983671001,0.33262775929845784,34.38161475657696,65.28575748412459,0.06047777441790142,0.0,95.61536135470215,2.6307831871787117,1.2095554883580284,0.18143332325370426,35.681886906561836,18.32476564862413,0.9071666162685214,0.03023888720895071,21.469609918355005,100.0,82.61263985485334,,,,,1.0885999395222257,11.702449349863924,5.624433020864832,10.069549440580587,,,,,,31.387964922890838,80.70758996068945,68.12821288176595,21.136982159056547,16.812821288176597,49.894163894768674,4.324160870879951,12.609615966132447,0.24191109767160568,3.0843664953129726,66.91865739340793,,,,,,,,,,,6.774112314278519,2.7227094,3307,2.7227094,3307,1.4777614,6093.0,0.88222617,10206.0
020306,362,30.386740331491712,39.226519337016576,26.243093922651934,2.4861878453038675,0.0,20.994475138121548,24.861878453038674,54.14364640883978,20.994475138121548,10.220994475138122,10.773480662983426,79.00552486187846,1.6574585635359116,0.27624309392265195,16.298342541436465,2.7624309392265194,76.79558011049724,76.24309392265194,0.0,0.27624309392265195,23.204419889502763,0.0,63.25966850828729,36.187845303867405,63.53591160220994,0.27624309392265195,79.2817679558011,3.867403314917127,0.0,3.867403314917127,49.171270718232044,9.116022099447514,37.569060773480665,89.50276243093923,3.867403314917127,0.5524861878453039,4.419889502762431,0.5524861878453039,6.906077348066298,92.26519337016575,0.0,0.0,76.24309392265194,0.27624309392265195,0.0,23.480662983425415,85.6353591160221,7.734806629834254,0.0,0.0,21.823204419889503,100.0,90.05524861878453,,,,,0.27624309392265195,2.4861878453038675,1.6574585635359116,63.53591160220994,,,,,,1.6574585635359116,78.7292817679558,38.12154696132597,3.0386740331491713,9.94475138121547,64.64088397790056,1.3812154696132597,4.972375690607735,0.0,0.0,36.187845303867405,,,,,,,,,,,0.26881720430107525,5.4530387,362,5.4530387,362,3.6623378,539.0,1.9799398,997.0
020601,1125,84.44444444444444,6.5777777777777775,0.6222222222222222,0.17777777777777778,0.0,55.46666666666667,35.022222222222226,9.511111111111111,76.0,35.82222222222222,40.17777777777778,24.0,67.28888888888889,2.2222222222222223,5.4222222222222225,1.0666666666666667,91.11111111111111,90.93333333333334,0.0,0.0,8.88888888888889,0.0,84.97777777777777,12.8,85.24444444444444,1.6888888888888889,76.44444444444444,82.57777777777778,51.28888888888889,31.288888888888888,12.266666666666667,1.2444444444444445,3.6444444444444444,78.04444444444445,13.777777777777779,1.3333333333333333,4.088888888888889,0.8888888888888888,35.2,63.28888888888889,0.08888888888888889,0.08888888888888889,96.97777777777777,1.511111111111111,1.0666666666666667,0.17777777777777778,22.488888888888887,32.8,3.466666666666667,0.17777777777777778,25.77777777777778,100.0,81.68888888888888,,,,,1.9555555555555555,7.2,6.488888888888889,8.266666666666667,,,,,,32.8,83.02222222222223,72.0,12.88888888888889,20.977777777777778,15.377777777777778,2.2222222222222223,7.644444444444445,0.17777777777777778,3.022222222222222,69.86666666666666,,,,,,,,,,,4.6899841017488075,2.4382222,1125,2.4382222,1125,1.2617295,2174.0,0.78731346,3484.0
020602,1290,88.37209302325581,9.224806201550388,0.6976744186046512,0.6201550387596899,0.07751937984496124,67.98449612403101,24.8062015503876,7.209302325581396,76.97674418604652,40.23255813953488,36.74418604651163,23.023255813953487,60.0,3.7209302325581395,12.170542635658915,1.0852713178294573,97.82945736434108,91.47286821705427,0.0,6.124031007751938,2.1705426356589146,0.0,92.48062015503876,2.945736434108527,92.63565891472868,4.263565891472868,63.72093023255814,54.263565891472865,45.81395348837209,8.449612403100776,5.348837209302325,2.7131782945736433,36.89922480620155,65.81395348837209,23.875968992248062,2.7131782945736433,2.635658914728682,3.875968992248062,62.63565891472868,29.069767441860463,7.131782945736434,0.46511627906976744,83.95348837209302,12.248062015503876,2.7906976744186047,0.6976744186046512,15.891472868217054,75.27131782945736,4.728682170542636,0.07751937984496124,41.78294573643411,100.0,71.0077519379845,,,,,1.4728682170542635,10.930232558139535,6.666666666666667,19.37984496124031,,,,,,34.72868217054263,74.49612403100775,80.23255813953489,16.666666666666668,18.527131782945737,23.333333333333332,15.03875968992248,7.286821705426356,1.0852713178294573,7.751937984496124,79.2248062015504,,,,,,,,,,,2.640722724113968,3.1775193,1290,3.1775193,1290,1.88807,2171.0,1.351913,3032.0
020606,740,81.35135135135135,10.945945945945946,0.2702702702702703,0.13513513513513514,0.0,72.70270270270271,25.405405405405407,1.8918918918918919,74.05405405405405,33.24324324324324,40.810810810810814,25.945945945945947,23.783783783783782,7.5675675675675675,37.972972972972975,4.72972972972973,96.21621621621621,95.4054054054054,0.0,0.2702702702702703,3.7837837837837838,0.0,92.56756756756756,2.7027027027027026,92.83783783783784,4.324324324324325,67.43243243243244,4.324324324324325,1.2162162162162162,3.108108108108108,11.621621621621621,0.13513513513513514,81.89189189189189,51.62162162162162,32.432432432432435,6.486486486486487,1.8918918918918919,6.351351351351352,37.16216216216216,51.891891891891895,6.756756756756757,0.2702702702702703,91.21621621621621,7.297297297297297,0.6756756756756757,0.40540540540540543,5.675675675675675,88.51351351351352,2.4324324324324325,0.0,39.32432432432432,100.0,84.5945945945946,,,,,1.8918918918918919,9.054054054054054,5.675675675675675,19.054054054054053,,,,,,13.513513513513514,63.108108108108105,84.32432432432432,17.027027027027028,18.64864864864865,22.2972972972973,13.243243243243244,5.8108108108108105,0.0,1.8918918918918919,81.62162162162163,,,,,,,,,,,1.5132408575031526,3.2135136,740,3.2135136,740,1.9475839,1221.0,1.4037781,1694.0
020607,1773,83.5307388606881,11.562323745064862,0.338409475465313,0.05640157924421884,0.0,49.52058657642414,44.33164128595601,6.147772137619853,73.88606880992668,34.63056965595037,39.25549915397631,26.113931190073323,26.3395375070502,6.091370558375634,39.537507050197405,1.9176536943034406,94.35984207557811,93.79582628313592,0.0,0.22560631697687536,5.640157924421884,0.0,91.20135363790186,5.414551607445008,91.25775521714608,3.3276931754089114,67.85109983079526,62.32374506486182,55.04794134235759,7.2758037225042305,24.30908065425832,1.4664410603496898,10.941906373378455,64.91821771009589,24.30908065425832,1.1280315848843767,5.019740552735477,4.117315284827975,23.85786802030457,42.752397067117876,32.261703327693176,0.5076142131979695,94.30344049633389,0.22560631697687536,0.9588268471517203,4.399323181049069,41.22955442752397,54.59672870840384,2.820078962210942,0.0,46.92611393119007,100.0,46.305696559503666,,,,,1.1280315848843767,5.0761421319796955,5.640157924421884,25.1551043429216,,,,,,16.41285956006768,46.58770445572476,81.89509306260575,15.905245346869712,19.684151156232375,11.336717428087987,12.295544275239706,4.737732656514383,1.2972363226170334,5.1889452904681335,76.59334461364918,,,,,,,,,,,2.54149377593361,3.2351947,1773,3.2351947,1773,2.160452,2655.0,1.5162569,3783.0
020701,1420,74.92957746478874,20.422535211267604,1.267605633802817,0.2112676056338028,0.0,50.84507042253521,30.845070422535212,18.309859154929576,53.521126760563384,31.056338028169016,22.464788732394368,46.478873239436616,36.056338028169016,2.2535211267605635,12.95774647887324,2.2535211267605635,85.91549295774648,85.35211267605634,0.2112676056338028,0.07042253521126761,14.084507042253522,0.0,79.5774647887324,17.746478873239436,79.92957746478874,2.323943661971831,75.84507042253522,76.47887323943662,60.42253521126761,16.056338028169016,12.112676056338028,1.267605633802817,8.450704225352112,72.1830985915493,19.64788732394366,0.5633802816901409,5.352112676056338,1.408450704225352,18.169014084507044,80.49295774647888,0.4225352112676056,0.07042253521126761,97.3943661971831,1.056338028169014,0.352112676056338,0.7746478873239436,40.563380281690144,51.478873239436616,4.577464788732394,0.352112676056338,36.901408450704224,100.0,81.54929577464789,,,,,1.1971830985915493,11.690140845070422,5.563380281690141,23.661971830985916,,,,,,22.3943661971831,79.64788732394366,67.11267605633803,16.47887323943662,13.028169014084508,27.464788732394368,18.239436619718308,11.619718309859154,0.14084507042253522,3.23943661971831,68.38028169014085,,,,,,,,,,,7.079119571683521,3.4176056,1420,3.4176056,1420,2.0433683,2375.0,1.3499304,3595.0
020801,19740,62.48733535967578,15.344478216818642,19.77710233029382,2.8318135764944277,0.2634245187436677,46.55015197568389,20.90678824721378,32.54305977710233,56.61600810536981,34.052684903748734,22.563323201621074,43.38399189463019,31.423505572441744,5.3596757852077,19.594731509625127,0.23809523809523808,81.85916919959473,80.92705167173253,0.07598784194528875,0.2127659574468085,18.14083080040527,19.71631205673759,74.17933130699087,2.4620060790273555,94.15400202634245,2.7710233029381968,74.05268490374873,81.82370820668693,53.890577507598785,27.933130699088146,6.697061803444782,1.0840932117527862,9.376899696048632,79.36676798378926,10.075987841945288,1.1144883485309016,7.548125633232016,0.6788247213779128,64.48834853090172,34.756838905775076,0.010131712259371834,0.005065856129685917,92.78115501519757,3.5714285714285716,1.950354609929078,0.23809523809523808,23.84498480243161,54.41236068895643,1.8743667679837892,0.04559270516717325,35.60283687943262,100.0,71.82877406281662,,,,,2.0364741641337387,8.74873353596758,4.959473150962513,17.00101317122594,,,,,,21.403242147923,81.8693009118541,67.74569402228977,17.142857142857142,18.318135764944277,38.490374873353595,2.5430597771023304,18.627152988855116,0.19250253292806485,2.8976697061803445,66.64133738601824,,,,,,,,,,,6.999596177143626,3.1108916,19740,3.1108916,19740,1.8451115,33282.0,1.2479222,49209.0
020803,440,42.5,24.09090909090909,27.727272727272727,0.0,0.0,20.90909090909091,41.81818181818182,37.27272727272727,7.5,6.590909090909091,0.9090909090909091,92.5,0.22727272727272727,1.3636363636363635,5.681818181818182,0.22727272727272727,48.86363636363637,48.40909090909091,0.0,0.22727272727272727,51.13636363636363,0.0,29.09090909090909,70.0,29.09090909090909,0.9090909090909091,75.9090909090909,2.5,1.3636363636363635,1.1363636363636365,40.0,2.0454545454545454,53.63636363636363,96.36363636363636,1.5909090909090908,0.0,0.22727272727272727,1.5909090909090908,7.954545454545454,89.54545454545455,0.0,0.0,81.36363636363636,0.0,0.45454545454545453,16.363636363636363,71.36363636363636,26.59090909090909,0.22727272727272727,0.0,25.454545454545453,100.0,79.31818181818181,,,,,0.0,5.2272727272727275,4.090909090909091,35.45454545454545,,,,,,1.5909090909090908,79.77272727272727,19.09090909090909,0.9090909090909091,2.9545454545454546,47.72727272727273,2.0454545454545454,2.727272727272727,26.136363636363637,0.22727272727272727,25.90909090909091,,,,,,,,,,,,4.4863634,440,4.4863634,440,2.6747968,738.0,1.709091,1155.0
020804,1081,91.76688251618872,6.567992599444958,0.6475485661424607,0.0,0.27752081406105455,76.68825161887142,20.166512488436634,3.145235892691952,51.15633672525439,29.78723404255319,21.369102682701204,48.84366327474561,38.11285846438483,3.0527289546716005,9.898242368177613,0.09250693802035152,91.85938945420907,91.67437557816837,0.0,0.0,8.140610545790935,0.0,95.46716003700277,2.0351526364477337,95.46716003700277,2.3126734505087883,83.71877890841813,63.922294172062905,46.993524514338574,16.92876965772433,18.316373728029603,1.2950971322849214,15.633672525439408,75.30064754856615,13.413506012950972,0.7400555041628122,7.955596669750231,1.387604070305273,77.33580018501388,19.518963922294173,0.0,0.0,79.09343200740055,5.550416281221092,12.673450508788159,0.3700277520814061,12.395929694727105,63.45975948196115,4.717853839037928,0.0,23.404255319148938,100.0,81.6836262719704,,,,,1.8501387604070305,6.105457909343201,4.440333024976873,17.853839037927845,,,,,,23.219241443108235,80.85106382978724,73.91304347826087,12.025901942645698,38.85291396854764,50.60129509713229,4.6253469010175765,17.113783533765034,5.9204440333024975,1.757631822386679,70.67530064754857,,,,,,,,,,,6.696764484574868,3.560592,1081,3.560592,1081,1.8172804,2118.0,1.1734756,3280.0
021002,1158,89.20552677029362,5.267702936096718,1.9861830742659758,0.7772020725388601,0.0,61.4853195164076,33.85146804835924,4.66321243523316,53.972366148531954,32.12435233160622,21.848013816925732,46.027633851468046,52.84974093264249,0.08635578583765112,0.7772020725388601,0.25906735751295334,92.48704663212435,92.40069084628671,0.0,0.0,7.512953367875648,0.0,81.77892918825562,16.321243523316063,82.29706390328153,1.0362694300518134,74.69775474956822,81.95164075993091,63.64421416234888,18.307426597582037,2.0725388601036268,0.17271157167530224,15.544041450777202,73.6614853195164,17.530224525043177,1.9861830742659758,3.8860103626943006,2.0725388601036268,24.006908462867013,75.47495682210707,0.08635578583765112,0.0,98.35924006908463,0.3454231433506045,0.3454231433506045,0.9499136442141624,12.435233160621761,46.89119170984456,1.8998272884283247,0.08635578583765112,23.92055267702936,100.0,89.46459412780656,,,,,0.7772020725388601,12.26252158894646,7.167530224525043,12.867012089810018,,,,,,31.60621761658031,79.36096718480138,78.23834196891191,10.189982728842832,15.45768566493955,13.212435233160623,11.053540587219343,8.203799654576857,0.0,1.0362694300518134,70.89810017271157,,,,,,,,,,,8.757062146892656,2.6468048,1158,2.6468048,1158,1.5605906,1964.0,0.966877,3170.0
021004,1728,25.694444444444443,74.01620370370371,0.11574074074074074,0.0,0.1736111111111111,21.180555555555557,26.85185185185185,51.967592592592595,37.905092592592595,18.171296296296298,19.733796296296298,62.094907407407405,27.256944444444443,2.8935185185185186,1.6203703703703705,6.1342592592592595,99.01620370370371,98.78472222222223,0.0,0.23148148148148148,0.9837962962962963,0.0,98.20601851851852,0.6365740740740741,98.49537037037037,0.8101851851851852,77.83564814814815,94.73379629629629,84.54861111111111,10.185185185185185,0.9837962962962963,0.05787037037037037,4.050925925925926,35.763888888888886,7.638888888888889,1.0416666666666667,5.902777777777778,47.511574074074076,9.49074074074074,88.59953703703704,1.099537037037037,0.0,94.79166666666667,4.513888888888889,0.0,0.6944444444444444,17.1875,14.467592592592593,0.5787037037037037,0.05787037037037037,30.150462962962962,100.0,91.20370370370371,,,,,2.199074074074074,3.935185185185185,4.282407407407407,28.06712962962963,,,,,,17.650462962962962,90.625,89.4675925925926,23.32175925925926,28.125,18.287037037037038,29.80324074074074,4.166666666666667,0.28935185185185186,2.8935185185185186,88.42592592592592,,,,,,,,,,,1.183127572016461,3.3506944,1728,3.3506944,1728,2.375872,2437.0,1.5149137,3822.0
021006,362,97.79005524861878,1.9337016574585635,0.0,0.0,0.0,40.88397790055249,58.28729281767956,0.8287292817679558,68.23204419889503,35.0828729281768,33.149171270718234,31.76795580110497,62.70718232044199,3.314917127071823,2.2099447513812156,0.0,93.646408839779,93.37016574585635,0.0,0.0,6.3535911602209945,0.0,62.98342541436464,36.46408839779006,63.25966850828729,0.0,83.14917127071823,90.88397790055248,83.97790055248619,6.906077348066298,2.7624309392265194,0.5524861878453039,5.248618784530387,84.80662983425414,10.220994475138122,1.3812154696132597,3.0386740331491713,0.5524861878453039,14.917127071823204,85.0828729281768,0.0,0.0,97.79005524861878,0.5524861878453039,1.3812154696132597,0.27624309392265195,29.005524861878452,57.73480662983425,3.314917127071823,0.27624309392265195,14.3646408839779,100.0,89.22651933701657,,,,,0.27624309392265195,3.867403314917127,5.801104972375691,55.80110497237569,,,,,,33.70165745856354,85.35911602209944,75.69060773480663,6.906077348066298,11.32596685082873,21.823204419889503,26.243093922651934,1.9337016574585635,0.0,1.1049723756906078,70.99447513812154,,,,,,,,,,,0.273972602739726,6.430939,362,6.430939,362,3.311522,703.0,1.9129006,1217.0
021101,760,92.76315789473684,5.7894736842105265,0.39473684210526316,0.13157894736842105,0.0,81.1842105263158,16.44736842105263,2.3684210526315788,86.71052631578948,56.05263157894737,30.657894736842106,13.289473684210526,76.1842105263158,2.3684210526315788,7.894736842105263,0.2631578947368421,98.02631578947368,97.76315789473684,0.0,0.0,1.9736842105263157,0.0,93.15789473684211,3.9473684210526314,93.55263157894737,2.3684210526315788,69.34210526315789,92.23684210526316,64.47368421052632,27.763157894736842,3.1578947368421053,1.1842105263157894,3.289473684210526,52.76315789473684,32.76315789473684,3.5526315789473686,3.5526315789473686,5.526315789473684,53.94736842105263,43.81578947368421,0.6578947368421053,0.0,90.65789473684211,3.4210526315789473,4.7368421052631575,0.0,7.7631578947368425,49.473684210526315,18.026315789473685,1.1842105263157894,43.026315789473685,100.0,89.73684210526316,,,,,4.078947368421052,7.368421052631579,7.5,12.763157894736842,,,,,,51.18421052631579,87.10526315789474,80.52631578947368,21.842105263157894,16.05263157894737,16.57894736842105,4.078947368421052,5.657894736842105,0.0,9.078947368421053,81.57894736842105,,,,,,,,,,,6.640625,2.4973683,760,2.4973683,760,1.64329,1155.0,1.1079977,1713.0
021104,2037,73.34315169366715,8.051055473735886,4.909180166912126,0.9327442317133039,0.49091801669121254,20.42218949435444,57.044673539518904,22.53313696612666,69.66126656848306,41.580756013745706,28.08051055473736,30.338733431516935,28.91507118311242,4.516445753559156,36.131566028473245,0.09818360333824251,76.09229258713795,74.91408934707904,0.0,0.24545900834560627,23.907707412862052,0.0,72.5085910652921,23.367697594501717,72.70495827196858,3.8782523318605793,60.57928325969563,59.20471281296024,52.233676975945016,6.971035837015219,35.297005400098186,3.240058910162003,1.4727540500736378,82.37604320078547,10.1620029455081,0.6381934216985763,4.614629356897398,1.2763868433971526,38.83161512027491,7.658321060382916,49.729995090819834,2.110947471772214,92.09621993127148,0.6381934216985763,1.6200294550810015,5.10554737358861,49.63181148748159,40.79528718703976,2.3564064801178204,0.049091801669121256,47.17722140402553,100.0,31.32056946489936,,,,,2.503681885125184,7.167403043691704,4.074619538537064,12.714776632302405,,,,,,18.311242022582228,67.10849288168876,62.297496318114874,13.303878252331861,16.200294550810014,15.856651939126166,29.749631811487482,26.804123711340207,0.8836524300441826,3.289150711831124,63.62297496318115,,,,,,,,,,,2.9877772747849707,2.6480117,2037,2.6480117,2037,1.651056,3267.0,1.2261878,4399.0
021105,1009,84.83647175421208,6.144697720515362,0.29732408325074333,0.0,0.0,37.26461843409316,53.5183349851338,9.217046580773042,75.81764122893955,19.52428146679881,56.29335976214073,24.182358771060457,59.762140733399406,4.658077304261645,11.10009910802775,0.29732408325074333,75.61942517343905,67.39345887016849,0.09910802775024777,5.946481665014867,24.380574826560952,0.0,78.29534192269574,16.749256689791874,78.49355797819624,4.658077304261645,54.31119920713578,84.63825569871159,81.46679881070366,3.1714568880079286,7.333994053518335,1.8830525272547076,5.7482656095143705,63.52824578790882,29.137760158572846,0.5946481665014867,2.0812685827552033,4.063429137760159,46.778989098116945,43.904856293359764,7.829534192269574,0.49554013875123887,84.83647175421208,1.3875123885034688,11.892963330029733,0.39643211100099107,27.94846382556987,64.3211100099108,2.3785926660059467,0.0,51.73439048562933,100.0,75.7185332011893,,,,,0.49554013875123887,4.856293359762141,5.153617443012884,11.10009910802775,,,,,,16.55104063429138,80.47571853320119,60.45589692765114,10.70366699702676,16.055500495540137,9.613478691774034,10.109018830525272,9.415262636273539,1.6848364717542121,1.288404360753221,61.24876114965312,,,,,,,,,,,0.5676442762535477,2.2666006,1009,2.2666006,1009,1.6004199,1429.0,1.0471612,2184.0
021203,700,87.71428571428571,7.142857142857143,4.428571428571429,0.5714285714285714,0.0,61.285714285714285,32.857142857142854,5.857142857142857,71.57142857142857,46.42857142857143,25.142857142857142,28.428571428571427,69.71428571428571,0.42857142857142855,1.4285714285714286,0.0,92.14285714285714,91.28571428571429,0.14285714285714285,0.0,7.857142857142857,0.0,96.85714285714286,1.1428571428571428,97.0,1.8571428571428572,92.42857142857143,89.85714285714286,84.0,5.857142857142857,4.571428571428571,1.0,4.285714285714286,90.85714285714286,3.2857142857142856,0.2857142857142857,4.285714285714286,0.0,42.142857142857146,57.857142857142854,0.0,0.0,92.28571428571429,1.7142857142857142,4.571428571428571,0.14285714285714285,15.428571428571429,54.42857142857143,2.7142857142857144,0.14285714285714285,16.714285714285715,100.0,87.14285714285714,,,,,7.0,9.428571428571429,4.857142857142857,11.0,,,,,,45.714285714285715,84.0,76.28571428571429,22.571428571428573,34.857142857142854,56.857142857142854,2.5714285714285716,44.0,0.2857142857142857,4.142857142857143,76.28571428571429,,,,,,,,,,,4.801920768307323,3.2128572,700,3.2128572,700,1.6261749,1383.0,0.9740147,2309.0
021301,3024,67.85714285714286,14.02116402116402,9.25925925925926,1.7857142857142858,0.13227513227513227,33.3994708994709,42.22883597883598,24.37169312169312,27.017195767195766,17.12962962962963,9.887566137566138,72.98280423280423,18.51851851851852,1.9841269841269842,6.25,0.26455026455026454,82.0436507936508,81.51455026455027,0.03306878306878307,0.13227513227513227,17.956349206349206,0.0,84.72222222222223,14.12037037037037,84.755291005291,0.958994708994709,70.00661375661376,29.66269841269841,23.941798941798943,5.720899470899471,13.260582010582011,1.9841269841269842,54.66269841269841,90.04629629629629,5.125661375661376,0.23148148148148148,3.3399470899470898,0.3637566137566138,21.891534391534393,77.54629629629629,0.03306878306878307,0.0,90.8068783068783,0.6944444444444444,0.7605820105820106,7.440476190476191,33.69708994708995,46.03174603174603,2.2156084656084656,0.16534391534391535,26.256613756613756,100.0,88.06216931216932,,,,,1.6534391534391535,10.052910052910052,5.423280423280423,29.927248677248677,,,,,,13.359788359788359,73.41269841269842,59.09391534391534,11.177248677248677,18.386243386243386,48.64417989417989,10.582010582010582,28.47222222222222,0.7605820105820106,1.8187830687830688,54.96031746031746,,,,,,,,,,,5.476613380698638,3.653439,3024,3.653439,3024,2.2784078,4849.0,1.3409394,8239.0
021305,3794,77.75434897206115,12.493410648392198,8.592514496573537,1.713231418028466,0.28993147074327885,46.36267791249341,42.6462836056932,10.991038481813389,59.119662625197684,28.38692672641012,30.73273589878756,40.880337374802316,39.95782814971007,1.6605166051660516,17.448603057459145,0.05271481286241434,83.81655245123879,83.23668950975224,0.05271481286241434,0.02635740643120717,16.1834475487612,4.665260938323669,89.66789667896678,3.321033210332103,94.38587243015287,2.0031628887717448,77.70163415919873,77.227200843437,65.68265682656826,11.54454401686874,7.511860832894043,1.2915129151291513,13.389562467053242,81.54981549815498,10.780179230363732,0.922509225092251,5.482340537691091,0.5271481286241434,23.352662098049553,75.64575645756457,0.05271481286241434,0.0,95.25566684238271,1.713231418028466,1.8977332630469161,0.5798629414865577,25.487612018977334,60.41117554032683,2.0558777016341594,0.13178703215603585,28.360569319978914,100.0,82.3668950975224,,,,,1.423299947285187,12.308908803373749,5.824986821296784,14.760147601476016,,,,,,20.11070110701107,78.3342119135477,67.87032156035846,17.053241960991038,25.461254612546124,53.79546652609383,3.7691091196626254,43.09435951502372,0.5798629414865577,4.217185028993147,68.52925672113864,,,,,,,,,,,4.708362614195362,2.841065,3794,2.841065,3794,1.6897633,6379.0,1.0217061,10550.0
021306,892,78.69955156950672,10.650224215246636,6.95067264573991,2.914798206278027,0.2242152466367713,25.0,62.780269058295964,12.219730941704036,24.43946188340807,17.713004484304932,6.726457399103139,75.56053811659193,0.4484304932735426,8.071748878923767,15.022421524663677,0.8968609865470852,79.93273542600897,78.81165919282512,0.0,0.11210762331838565,20.067264573991032,0.0,83.40807174887892,14.013452914798206,83.6322869955157,1.5695067264573992,71.52466367713005,5.15695067264574,3.3632286995515694,1.7937219730941705,60.2017937219731,3.1390134529147984,30.493273542600896,93.27354260089686,1.7937219730941705,0.11210762331838565,2.690582959641256,0.5605381165919282,10.201793721973095,85.87443946188341,0.11210762331838565,0.0,88.2286995515695,0.8968609865470852,0.8968609865470852,8.968609865470851,45.2914798206278,49.327354260089685,0.672645739910314,0.11210762331838565,24.2152466367713,100.0,83.18385650224215,,,,,0.672645739910314,17.60089686098655,5.829596412556054,20.067264573991032,,,,,,7.062780269058296,78.36322869955157,57.847533632286996,8.071748878923767,34.64125560538117,56.72645739910314,2.1300448430493275,19.955156950672645,0.8968609865470852,1.2331838565022422,55.82959641255606,,,,,,,,,,,2.653927813163482,3.4461884,892,3.4461884,892,1.92005,1601.0,1.1436012,2688.0
021307,723,80.22130013831259,9.12863070539419,9.54356846473029,2.7662517289073305,0.0,21.023513139695712,65.42185338865836,13.55463347164592,60.02766251728907,31.673582295988936,28.354080221300137,39.97233748271093,1.1065006915629323,2.7662517289073305,55.73997233748271,0.4149377593360996,75.51867219917013,73.30567081604426,0.4149377593360996,0.2766251728907331,24.481327800829874,0.0,80.22130013831259,18.672199170124482,80.22130013831259,0.6915629322268326,74.4121715076072,6.639004149377594,0.2766251728907331,6.36237897648686,45.78146611341632,4.011065006915629,43.43015214384509,93.7759336099585,2.7662517289073305,0.0,2.351313969571231,0.6915629322268326,14.661134163208851,83.12586445366529,0.0,0.0,88.79668049792531,1.9363762102351314,0.13831258644536654,8.71369294605809,61.41078838174274,29.183955739972337,0.5532503457814661,0.0,26.002766251728907,100.0,87.13692946058092,,,,,0.4149377593360996,16.32088520055325,5.809128630705394,25.311203319502074,,,,,,2.2130013831258646,76.90179806362379,50.62240663900415,5.809128630705394,31.95020746887967,45.78146611341632,3.872752420470263,14.246196403872752,0.5532503457814661,1.798063623789765,51.59059474412172,,,,,,,,,,,5.626598465473146,3.868603,723,3.868603,723,2.2556453,1240.0,1.3964053,2003.0
021401,844,94.31279620853081,2.4881516587677726,0.23696682464454977,0.11848341232227488,0.35545023696682465,84.83412322274881,13.744075829383887,1.4218009478672986,89.69194312796209,55.92417061611374,33.76777251184834,10.308056872037914,81.87203791469194,3.080568720379147,4.38388625592417,0.35545023696682465,98.69668246445498,98.5781990521327,0.0,0.11848341232227488,1.3033175355450237,0.0,91.58767772511848,4.265402843601896,91.94312796208531,3.7914691943127963,72.39336492890995,97.03791469194313,79.62085308056872,17.417061611374407,0.8293838862559242,0.47393364928909953,0.9478672985781991,49.88151658767772,33.53080568720379,5.924170616113744,3.5545023696682465,5.924170616113744,66.35071090047393,33.056872037914694,0.11848341232227488,0.0,81.99052132701422,6.753554502369668,9.95260663507109,0.0,5.924170616113744,48.5781990521327,31.161137440758292,0.35545023696682465,39.92890995260664,100.0,91.23222748815166,,,,,14.928909952606634,11.374407582938389,6.872037914691943,12.914691943127963,,,,,,52.843601895734594,89.45497630331754,85.78199052132702,28.554502369668246,18.601895734597157,14.691943127962086,7.2274881516587675,1.1848341232227488,0.11848341232227488,11.255924170616113,88.15165876777252,,,,,,,,,,,0.6818181818181818,2.6125593,844,2.6125593,844,1.5583038,1415.0,1.0693501,2062.0
021501,985,83.55329949238579,7.411167512690355,3.9593908629441623,1.116751269035533,0.10152284263959391,24.873096446700508,65.98984771573605,9.137055837563452,85.0761421319797,30.761421319796955,54.31472081218274,14.923857868020304,1.116751269035533,19.289340101522843,64.36548223350253,0.30456852791878175,83.65482233502539,78.78172588832487,0.20304568527918782,4.2639593908629445,16.34517766497462,0.0,64.67005076142132,31.573604060913706,64.77157360406092,3.451776649746193,74.41624365482234,57.055837563451774,50.86294416243655,6.192893401015229,33.2994923857868,5.98984771573604,2.6395939086294415,65.38071065989848,23.756345177664976,1.015228426395939,4.974619289340102,4.060913705583756,41.21827411167513,2.5380710659898478,54.111675126903556,0.6091370558375635,89.03553299492386,1.218274111675127,0.30456852791878175,7.309644670050761,41.421319796954315,38.68020304568528,7.614213197969543,0.30456852791878175,37.766497461928935,100.0,35.12690355329949,,,,,1.116751269035533,8.3248730964467,3.553299492385787,23.85786802030457,,,,,,7.614213197969543,61.6243654822335,65.68527918781726,15.228426395939087,8.730964467005077,23.04568527918782,52.69035532994924,3.9593908629441623,0.8121827411167513,1.4213197969543148,68.3248730964467,,,,,,,,,,,3.2590051457975986,3.6345177,985,3.6345177,985,2.0777714,1723.0,1.5384616,2327.0
021502,842,92.28028503562945,5.10688836104513,0.4750593824228028,0.1187648456057007,0.0,28.028503562945367,67.6959619952494,4.275534441805226,91.56769596199526,53.087885985748215,38.47980997624703,8.43230403800475,51.06888361045131,8.788598574821853,31.35391923990499,0.35629453681710216,96.08076009501188,95.24940617577197,0.0,0.5938242280285035,3.9192399049881237,0.0,77.67220902612827,18.52731591448931,77.90973871733966,3.4441805225653206,75.05938242280286,19.95249406175772,14.964370546318289,4.98812351543943,37.52969121140143,10.451306413301662,27.672209026128264,69.83372921615202,17.695961995249405,2.019002375296912,7.007125890736342,2.019002375296912,44.180522565320665,2.375296912114014,51.66270783847981,1.0688836104513064,75.89073634204276,1.7814726840855106,1.7814726840855106,19.358669833729216,43.111638954869356,48.21852731591449,6.888361045130641,0.1187648456057007,34.91686460807601,100.0,36.69833729216152,,,,,1.3064133016627077,17.577197149643705,5.463182897862233,25.771971496437054,,,,,,33.3729216152019,60.926365795724465,83.6104513064133,16.033254156769598,8.194774346793348,21.258907363420427,49.8812351543943,11.520190023752969,11.282660332541568,2.375296912114014,88.71733966745843,,,,,,,,,,,3.6876355748373104,4.0,842,4.0,842,2.1955671,1534.0,1.6681526,2019.0
021601,634,90.22082018927445,7.097791798107256,0.7886435331230284,0.31545741324921134,0.0,16.246056782334385,79.81072555205047,3.943217665615142,5.520504731861199,3.470031545741325,2.050473186119874,94.4794952681388,0.47318611987381703,0.31545741324921134,4.73186119873817,0.0,75.55205047318611,74.9211356466877,0.47318611987381703,0.15772870662460567,24.44794952681388,0.0,10.725552050473187,88.9589905362776,10.725552050473187,0.31545741324921134,65.61514195583597,5.047318611987381,0.31545741324921134,4.73186119873817,34.85804416403786,1.2618296529968454,54.25867507886435,99.36908517350157,0.31545741324921134,0.0,0.31545741324921134,0.0,4.100946372239748,95.58359621451105,0.0,0.15772870662460567,67.35015772870662,1.1041009463722398,0.0,31.38801261829653,94.95268138801262,2.6813880126182967,0.0,0.0,27.7602523659306,100.0,37.381703470031546,,,,,0.0,0.7886435331230284,1.2618296529968454,62.30283911671924,,,,,,0.31545741324921134,47.003154574132495,39.11671924290221,2.365930599369085,2.365930599369085,8.04416403785489,1.4195583596214512,0.0,0.31545741324921134,0.0,35.646687697160885,,,,,,,,,,,0.4658385093167702,5.1640377,634,5.1640377,634,3.7806005,866.0,2.0708413,1581.0
021701,1923,84.399375975039,9.412376495059803,2.3920956838273533,0.7800312012480499,0.8320332813312532,65.99063962558502,27.14508580343214,6.86427457098284,72.64690587623505,37.909516380655226,34.737389495579826,27.35309412376495,65.21060842433697,1.8720748829953198,5.044201768070723,0.5200208008320333,88.40353614144566,88.03952158086324,0.0,0.10400416016640665,11.596463858554342,0.0,86.94747789911597,10.348413936557462,87.6235049401976,1.71606864274571,83.20332813312532,77.11908476339053,55.79823192927717,21.320852834113364,20.072802912116483,0.5720228809152366,1.6640665626625064,78.88715548621946,10.76443057722309,0.7800312012480499,6.396255850234009,0.9880395215808633,43.31773270930837,55.902236089443576,0.10400416016640665,0.0,90.5876235049402,4.368174726989079,3.172126885075403,0.5720228809152366,17.316692667706707,44.097763910556424,2.4440977639105563,0.10400416016640665,24.180967238689547,100.0,81.2792511700468,,,,,1.6640665626625064,10.45241809672387,7.124284971398856,12.116484659386375,,,,,,34.893395735829436,86.89547581903277,72.23088923556942,16.172646905876235,17.940717628705148,35.413416536661465,3.640145605824233,16.796671866874675,3.43213728549142,5.512220488819553,69.26677067082683,,,,,,,,,,,13.490853658536585,2.7982318,1923,2.7982318,1923,1.5106682,3562.0,0.915759,5876.0
021703,616,69.31818181818181,9.090909090909092,15.584415584415584,0.974025974025974,0.0,31.006493506493506,43.83116883116883,25.162337662337663,13.96103896103896,6.818181818181818,7.142857142857143,86.03896103896103,0.3246753246753247,3.409090909090909,9.902597402597403,0.3246753246753247,72.56493506493507,71.5909090909091,0.0,0.0,27.435064935064936,0.0,44.48051948051948,54.383116883116884,45.12987012987013,0.487012987012987,77.59740259740259,1.1363636363636365,0.16233766233766234,0.974025974025974,72.56493506493507,6.0064935064935066,17.532467532467532,91.07142857142857,2.1103896103896105,0.16233766233766234,3.5714285714285716,2.272727272727273,23.7012987012987,74.83766233766234,0.0,0.0,96.5909090909091,1.1363636363636365,1.2987012987012987,0.8116883116883117,49.35064935064935,31.818181818181817,0.3246753246753247,0.0,15.909090909090908,100.0,87.98701298701299,,,,,1.1363636363636365,2.5974025974025974,3.5714285714285716,37.5,,,,,,1.1363636363636365,85.71428571428571,50.97402597402598,5.8441558441558445,12.175324675324676,45.77922077922078,1.4610389610389611,8.279220779220779,6.4935064935064934,0.974025974025974,36.688311688311686,,,,,,,,,,,0.16155088852988692,5.589286,616,5.589286,616,2.6063588,1321.0,1.7575294,1959.0
022001,4460,82.89237668161435,9.013452914798206,2.0403587443946187,0.3811659192825112,0.2242152466367713,66.09865470852019,26.883408071748878,7.017937219730942,79.88789237668162,37.19730941704036,42.690582959641254,20.112107623318387,67.9372197309417,2.7354260089686098,8.878923766816143,0.336322869955157,87.10762331838565,86.43497757847534,0.04484304932735426,0.2242152466367713,12.89237668161435,0.0,85.94170403587444,9.68609865470852,86.18834080717488,3.8789237668161434,57.37668161434978,85.44843049327355,71.88340807174887,13.565022421524663,7.8923766816143495,2.5112107623318387,3.609865470852018,61.09865470852018,28.699551569506728,3.430493273542601,3.3632286995515694,2.2645739910313902,64.34977578475336,26.210762331838566,6.121076233183857,1.031390134529148,81.7713004484305,4.237668161434978,11.748878923766815,1.0089686098654709,22.017937219730943,62.937219730941706,10.650224215246636,0.15695067264573992,49.05829596412556,100.0,73.45291479820628,,,,,6.053811659192825,9.910313901345292,5.381165919282512,15.426008968609866,,,,,,31.659192825112108,76.45739910313901,70.0,20.358744394618835,19.170403587443946,15.874439461883409,10.067264573991032,7.645739910313901,0.11210762331838565,9.170403587443946,70.89686098654708,,,,,,,,,,,0.985118423810522,2.7894619,4460,2.7894619,4460,1.6876017,7372.0,1.2885551,9655.0
030101,177376,60.818825545733354,4.33936947501353,5.951763485477178,5.4432392206386435,28.168974382103553,60.097194659931446,14.417395814540862,25.485409525527693,86.9644145769439,54.19109687894642,32.77331769799748,13.035585423056107,63.38230651271874,8.836031932166696,14.568487281255639,0.17758885080281436,96.05132599675267,95.74970683745265,0.018040772145047807,0.16856846473029047,3.948674003247339,14.056580371639907,81.11864062781888,2.3712339888147214,95.58564856575862,1.9805385170485297,78.69610319321667,89.87969060075771,61.17005682843226,28.709633772325457,7.071418906729208,0.4267770160562872,2.1744768176077938,57.861830236334114,25.40422605087498,6.6108154429009565,7.320607071982681,1.2239536352155873,80.96754916110409,17.3777737687173,0.1307955980515966,0.0281887064766372,58.69621594804258,28.689337903662278,10.800220999458777,0.1804077214504781,6.495805520476276,50.46173101208732,32.1058091286307,2.825635937218113,27.115280534006857,100.0,86.66786938480966,,,,,11.022348006494678,14.92648385350893,4.301596608334837,13.117332671838355,,,,,,45.90305340068555,80.74880479884538,87.09746527151363,39.08251398159841,32.34823200432979,40.32225329244092,12.244610319321668,2.786735522280354,0.2728666786938481,17.758321306151903,84.30678333032654,,,,,,,,,,,4.484316417054232,3.5020747,177376,3.5020747,177376,1.6492165,376654.0,1.2056113,515244.0
030201,2282,93.95267309377739,5.521472392638037,0.43821209465381245,0.13146362839614373,0.04382120946538125,89.2638036809816,9.421560035056968,1.3146362839614374,90.14022787028922,55.95968448729185,34.18054338299737,9.85977212971078,87.68624014022787,0.8764241893076249,1.4899211218229622,0.0876424189307625,96.45048203330411,96.09991235758108,0.0,0.21910604732690622,3.549517966695881,0.0,92.46275197195443,5.039439088518843,92.50657318141981,2.4101665205959684,70.99035933391761,92.94478527607362,83.04119193689746,9.903593339176162,2.497808939526731,0.5258545135845749,3.9000876424189306,58.72042068361087,29.886064855390007,3.8562664329535496,5.828220858895706,1.1831726555652935,69.67572304995618,29.84224364592463,0.0,0.04382120946538125,58.45749342681858,38.0806310254163,2.497808939526731,0.0876424189307625,12.70815074496056,61.831726555652935,19.237510955302366,0.35056967572305,29.27256792287467,100.0,81.46362839614373,,,,,1.2269938650306749,16.56441717791411,4.513584574934268,15.337423312883436,,,,,,54.732690622261174,83.47940403155127,80.71866783523225,23.093777388255916,19.36897458369851,49.60560911481157,13.453111305872042,0.8764241893076249,0.13146362839614373,3.6809815950920246,77.03768624014023,,,,,,,,,,,3.7921880925293894,3.3957055,2282,3.3957055,2282,1.6985971,4562.0,1.1519251,6727.0
030202,544,96.50735294117646,3.3088235294117645,0.0,0.0,0.0,53.86029411764706,45.588235294117645,0.5514705882352942,83.45588235294117,29.227941176470587,54.22794117647059,16.544117647058822,0.36764705882352944,19.852941176470587,63.23529411764706,0.0,94.8529411764706,94.30147058823529,0.18382352941176472,0.18382352941176472,5.147058823529412,0.0,70.03676470588235,29.044117647058822,70.03676470588235,0.9191176470588235,78.30882352941177,83.82352941176471,79.41176470588235,4.411764705882353,13.419117647058824,1.1029411764705883,1.286764705882353,73.16176470588235,20.220588235294116,1.4705882352941178,3.125,1.1029411764705883,12.867647058823529,86.3970588235294,0.0,0.0,31.433823529411764,61.76470588235294,0.18382352941176472,5.514705882352941,29.96323529411765,43.1985294117647,2.7573529411764706,0.0,12.316176470588236,100.0,82.90441176470588,,,,,0.7352941176470589,6.25,3.4926470588235294,35.661764705882355,,,,,,8.823529411764707,82.72058823529412,77.75735294117646,14.889705882352942,9.926470588235293,55.51470588235294,32.720588235294116,0.9191176470588235,0.36764705882352944,0.36764705882352944,74.81617647058823,,,,,,,,,,,1.9230769230769231,5.6727943,544,5.6727943,544,2.521242,1224.0,1.5657027,1971.0
030401,1084,90.4059040590406,5.8118081180811805,2.6752767527675276,2.4907749077490773,0.4612546125461255,87.91512915129151,9.22509225092251,2.859778597785978,83.02583025830258,67.15867158671587,15.867158671586715,16.974169741697416,73.98523985239852,4.88929889298893,4.1512915129151295,0.0,92.89667896678966,92.619926199262,0.09225092250922509,0.18450184501845018,7.1033210332103325,0.0,89.20664206642067,8.85608856088561,89.39114391143912,1.6605166051660516,82.56457564575646,63.56088560885609,57.28782287822878,6.273062730627307,9.409594095940959,1.2915129151291513,24.6309963099631,76.56826568265683,9.59409594095941,1.1070110701107012,7.380073800738008,3.2287822878228782,52.859778597785976,46.40221402214022,0.0,0.0,50.55350553505535,39.57564575645756,7.749077490774908,1.3837638376383763,19.649446494464943,60.33210332103321,15.40590405904059,0.4612546125461255,15.590405904059041,100.0,78.50553505535055,,,,,1.6605166051660516,25.0,4.612546125461255,9.686346863468634,,,,,,63.92988929889299,82.74907749077491,78.78228782287823,25.18450184501845,24.723247232472325,57.011070110701105,13.191881918819188,4.243542435424354,0.09225092250922509,4.797047970479705,78.13653136531366,,,,,,,,,,,10.441176470588236,3.2859778,1084,3.2859778,1084,1.4230922,2503.0,0.94961345,3751.0
030403,1154,44.88734835355286,8.05892547660312,3.032928942807626,0.8665511265164645,39.77469670710572,48.7001733102253,7.712305025996534,43.58752166377816,52.512998266897746,37.8682842287695,14.64471403812825,47.487001733102254,28.07625649913345,9.098786828422877,14.991334488734836,0.3466204506065858,74.69670710571924,74.4367417677643,0.0,0.08665511265164645,25.303292894280762,0.0,73.74350086655113,23.050259965337954,73.83015597920277,3.119584055459272,66.37781629116118,11.69844020797227,7.712305025996534,3.9861351819757367,58.578856152513,3.8128249566724435,24.35008665511265,86.30849220103985,5.545927209705373,0.08665511265164645,3.9861351819757367,2.8596187175043326,74.09012131715771,21.577123050259964,0.08665511265164645,0.43327556325823224,60.48526863084922,28.856152512998268,4.766031195840554,1.9930675909878683,30.589254766031196,44.107452339688045,19.150779896013866,0.9532062391681109,37.26169844020797,100.0,65.8578856152513,,,,,0.3466204506065858,14.471403812824956,4.506065857885615,15.684575389948007,,,,,,26.256499133448873,71.83708838821491,58.752166377816295,9.185441941074524,20.103986135181977,48.00693240901213,6.759098786828423,4.506065857885615,0.08665511265164645,2.4263431542461005,59.44540727902946,,,,,,,,,,,5.538461538461538,3.0814557,1154,3.0814557,1154,1.727052,2059.0,1.1732101,3031.0
030501,1047,66.189111747851,23.49570200573066,3.438395415472779,2.865329512893983,5.253104106972302,66.09360076408787,21.585482330468004,12.320916905444125,77.8414517669532,63.992359121298946,13.84909264565425,22.1585482330468,64.66093600764088,1.6236867239732569,11.556829035339064,0.0,96.56160458452722,96.37058261700095,0.0,0.0,3.438395415472779,0.0,92.16809933142311,6.303724928366762,92.35912129894938,1.241642788920726,85.86437440305635,72.01528175740211,64.27889207258835,7.736389684813753,8.118433619866284,0.4775549188156638,19.00668576886342,85.00477554918815,8.30945558739255,0.8595988538681948,4.871060171919771,0.6685768863419294,34.097421203438394,65.71155682903535,0.0,0.0,41.35625596943648,47.659980897803244,7.354345749761222,3.438395415472779,19.579751671442217,67.71728748806113,9.933142311365808,0.28653295128939826,13.085004775549189,100.0,85.10028653295129,,,,,0.6685768863419294,19.00668576886342,4.966571155682904,10.983763132760268,,,,,,53.963705826170006,85.48233046800382,84.2406876790831,23.87774594078319,30.563514804202484,58.548233046800384,15.759312320916905,5.253104106972302,0.5730659025787965,3.5339063992359123,80.13371537726839,,,,,,,,,,,8.064516129032258,3.2999046,1047,3.2999046,1047,1.5718836,2198.0,0.92876345,3720.0
030701,2560,86.9921875,10.859375,0.390625,0.15625,0.6640625,65.5859375,32.1484375,2.265625,82.0703125,52.03125,30.0390625,17.9296875,52.734375,4.4140625,24.765625,0.15625,95.3515625,95.234375,0.0,0.1171875,4.6484375,0.0,88.9453125,9.5703125,89.1796875,1.2109375,75.625,80.390625,69.0234375,11.3671875,14.84375,0.625,3.7890625,71.0546875,17.734375,3.2421875,5.15625,1.6796875,59.765625,38.7109375,0.1953125,0.46875,74.2578125,14.6484375,10.078125,0.546875,17.0703125,65.78125,15.390625,0.3515625,20.1171875,100.0,78.359375,,,,,0.390625,16.3671875,5.3515625,15.390625,,,,,,35.546875,82.109375,80.546875,17.34375,25.3515625,42.1875,17.3828125,3.125,0.234375,6.5625,77.6171875,,,,,,,,,,,4.150680153470526,3.5140624,2560,3.5140624,2560,1.6518545,5446.0,1.0918801,8239.0
030801,2937,78.99216887980933,18.38610827374872,2.3493360572012256,2.110997616615594,0.20429009193054137,77.18760640108955,18.726591760299627,4.085801838610827,84.6782431052094,61.661559414368405,23.016683690840996,15.321756894790603,62.00204290091931,2.860061287027579,19.57780047667688,0.23833844058563158,95.88014981273409,95.50561797752809,0.0,0.34048348655090227,4.119850187265918,24.344569288389515,67.65406877766428,6.707524685052775,92.3050732039496,0.9533537623425263,83.07797071842016,81.34150493701055,69.90125978890023,11.440245148110316,9.737827715355806,0.9533537623425263,7.45658835546476,76.57473612529792,12.836227442969015,2.076949267960504,5.209397344228805,1.7705141300646918,71.3993871297242,28.15798433775962,0.0,0.0,31.29043241402792,24.889342866870958,37.21484508001362,5.89036431733061,21.144024514811033,60.36772216547497,16.24106230847804,0.8512087163772557,17.841334695267278,100.0,74.2254000680967,,,,,1.055498808307797,23.799795709908068,5.3455907388491655,13.619339462036091,,,,,,46.441947565543074,80.59244126659857,85.15491998638066,28.600612870275793,32.379979570990805,57.95028941096357,12.972420837589377,6.332992849846782,0.30643513789581206,5.3115423901940755,78.99216887980933,,,,,,,,,,,5.950991831971995,3.8072863,2937,3.8072863,2937,1.6597892,6737.0,1.133962,9861.0
030803,870,32.98850574712644,36.206896551724135,27.471264367816094,24.137931034482758,1.1494252873563218,57.241379310344826,25.517241379310345,17.24137931034483,78.16091954022988,57.93103448275862,20.229885057471265,21.839080459770116,30.114942528735632,11.149425287356323,36.666666666666664,0.22988505747126436,95.97701149425288,95.51724137931035,0.22988505747126436,0.0,4.022988505747127,6.436781609195402,80.6896551724138,12.298850574712644,87.1264367816092,0.5747126436781609,84.71264367816092,45.86206896551724,38.96551724137931,6.896551724137931,44.59770114942529,2.6436781609195403,5.977011494252873,75.17241379310344,11.724137931034482,0.8045977011494253,5.402298850574713,5.862068965517241,70.91954022988506,28.96551724137931,0.0,0.0,49.310344827586206,34.827586206896555,13.908045977011493,1.3793103448275863,19.655172413793103,60.91954022988506,16.666666666666668,0.22988505747126436,19.54022988505747,100.0,73.44827586206897,,,,,0.22988505747126436,35.632183908045974,4.712643678160919,14.367816091954023,,,,,,30.114942528735632,80.0,80.11494252873563,24.482758620689655,28.735632183908045,53.333333333333336,6.436781609195402,3.793103448275862,3.218390804597701,8.96551724137931,80.91954022988506,,,,,,,,,,,10.849909584086799,3.6436782,870,3.6436782,870,1.6951872,1870.0,1.1810731,2684.0
030901,34151,72.42540481977102,8.377499926795702,13.636496735088285,12.681912681912682,4.620655324880677,65.85458698134754,27.61851775936283,6.526895259289626,91.67813534010718,54.185821791455595,37.49231354865157,8.321864659892828,62.82100084916986,11.170975959708354,17.551462621885157,0.13469590934379666,98.00884307926562,97.77166115194284,0.020497203595795144,0.14348042517056603,1.9911569207343855,14.465169394746859,80.71213141635677,3.349828701941378,95.39691370677286,1.2151913560364265,79.1367749114228,79.95959122719687,67.0609938215572,12.89859740563966,14.983455828526251,0.9633685690023718,3.5928669731486633,57.70548446604785,24.968522151620743,6.19308365787239,8.219378641913853,1.5929255365875084,79.91859682000528,19.220520628971332,0.11127053380574507,0.04099440719159029,59.851834499721825,29.179233404585517,9.941143743960644,0.14348042517056603,6.005680653567977,57.83432403150713,31.606687944716114,1.9589470293695646,25.682996105531316,100.0,85.25372609879652,,,,,4.734854030628679,15.097654534274252,4.600158121284882,15.891189130625751,,,,,,43.75567333313812,80.46030862932271,89.33559778630202,31.83215718426986,29.302216626160288,51.28985974056397,11.67754970571872,2.893033878949372,0.3308834294749788,9.996779010863518,84.14687710462358,,,,,,,,,,,4.100903817617699,3.7582502,34151,3.7582502,34151,1.7773285,72214.0,1.3070594,98196.0
030902,3778,62.09634727368978,22.15457914240339,9.555320275277925,7.993647432503971,1.2175754367390152,50.97935415563791,40.259396506087874,8.761249338274219,75.96611964002118,47.45897300158814,28.507146638433035,24.033880359978824,33.58920063525675,12.599258867125464,29.48650079407094,0.2911593435680254,92.32398094229751,91.76813128639492,0.05293806246691371,0.1323451561672843,7.676019057702488,0.0,89.51826363155108,8.681842244573849,89.59767072525146,1.1911064055055585,71.09581789306512,35.071466384330336,27.792482795129697,7.278983589200635,46.37374272101641,2.541026998411858,14.928533615669666,68.44891476971942,21.81048173636845,1.6146109052408681,5.029115934356803,2.2498676548438326,69.24298570672313,29.61884595023822,0.21175224986765484,0.07940709370037057,65.32556908417152,24.722075172048704,8.125992588671254,0.8734780307040763,15.90788777130757,64.21386977236634,13.208046585494971,0.2646903123345686,29.592376919004764,100.0,74.7220751720487,,,,,1.1646373742721017,13.234515616728428,4.949708840656432,21.863419798835363,,,,,,28.480677607199578,73.10746426680784,76.57490735839069,15.272631021704605,23.001588141874006,44.91794600317628,4.1556379036527265,6.431974589730016,0.2382212811011117,4.129168872419269,71.49285336156697,,,,,,,,,,,6.386946386946387,3.6852832,3778,3.6852832,3778,1.9278593,7222.0,1.3636631,10210.0
030903,12525,70.53892215568862,8.74251497005988,11.273453093812375,9.477045908183634,6.778443113772455,63.89620758483034,27.688622754491018,8.415169660678643,89.86027944111777,52.439121756487026,37.421157684630735,10.139720558882235,36.15169660678643,25.868263473053894,27.61676646706587,0.22355289421157684,97.10978043912175,96.64670658682634,0.0718562874251497,0.13572854291417166,2.8902195608782435,8.335329341317365,86.02794411177645,4.1836327345309385,94.52295409181637,1.2375249500998005,80.32734530938124,88.04790419161677,73.24550898203593,14.802395209580839,8.343313373253492,0.9421157684630739,1.596806387225549,56.958083832335326,24.710578842315368,4.74251497005988,8.10379241516966,3.2255489021956087,73.07784431137725,25.06187624750499,0.24750499001996007,0.09580838323353294,56.33532934131737,36.65469061876247,5.684630738522954,0.23952095808383234,5.740518962075848,59.1936127744511,30.275449101796408,0.718562874251497,26.235528942115767,100.0,86.05189620758483,,,,,4.806387225548902,15.337325349301397,4.271457085828343,16.11177644710579,,,,,,37.62075848303393,81.76447105788424,87.68063872255489,33.86027944111776,33.98802395209581,44.22355289421158,12.295409181636726,3.097804391217565,0.2634730538922156,12.902195608782435,82.83433133732535,,,,,,,,,,,5.2143934496875675,3.8647504,12525,3.8647504,12525,1.775585,27262.0,1.340478,36111.0
030904,11280,69.25531914893617,14.76950354609929,9.202127659574469,7.872340425531915,4.973404255319149,50.93971631205674,38.280141843971634,10.78014184397163,78.58156028368795,45.38120567375886,33.20035460992908,21.418439716312058,29.47695035460993,20.124113475177303,28.18262411347518,0.7978723404255319,93.31560283687944,93.05851063829788,0.026595744680851064,0.0797872340425532,6.684397163120567,0.0,91.81737588652483,6.640070921985815,91.95921985815603,1.3120567375886525,69.76950354609929,61.445035460992905,51.391843971631204,10.053191489361701,28.05851063829787,2.0656028368794326,7.828014184397163,64.56560283687944,22.68617021276596,3.475177304964539,7.030141843971631,1.1613475177304964,78.9627659574468,19.71631205673759,0.22163120567375885,0.1595744680851064,66.09929078014184,22.083333333333332,10.709219858156029,0.26595744680851063,8.03191489361702,63.333333333333336,25.75354609929078,0.49645390070921985,32.712765957446805,100.0,79.21985815602837,,,,,4.024822695035461,11.693262411347519,4.184397163120567,17.49113475177305,,,,,,27.331560283687942,75.41666666666667,81.33865248226951,25.345744680851062,23.27127659574468,44.476950354609926,8.77659574468085,3.297872340425532,0.08865248226950355,7.3138297872340425,79.23758865248227,,,,,,,,,,,5.326295585412668,3.5952127,11280,3.5952127,11280,1.8911583,21444.0,1.3869357,29240.0
030905,13514,75.7362734941542,5.557199940802131,17.433772384194167,16.397809678851562,1.1395589758768685,76.96462927334616,20.785851709338463,2.2495190173153765,94.85718514133491,58.23590350747373,36.62128163386118,5.142814858665088,71.8736125499482,10.75921266834394,12.03936658280302,0.18499334023975136,99.34882344235608,99.16383010211632,0.022199200828770166,0.1479946721918011,0.6511765576439248,15.613437916235016,80.77549208228504,2.042326476246855,96.66272014207489,1.2431552464111293,83.69098712446352,87.31685659316264,71.5850229391742,15.731833653988456,8.909279265946425,0.7029746929110552,1.8351339351783336,54.49903803463075,26.513245523161167,7.688323220364067,7.777120023679148,1.901731537664644,82.73642148882641,16.35341127719402,0.19239307384934143,0.022199200828770166,49.7040106556164,37.33905579399141,11.95796951309753,0.11839573775344088,5.364806866952789,48.40165754032855,40.59493858221104,1.5391445907947314,23.516353411277194,100.0,88.01243155246411,,,,,9.730649696610921,14.399881604262246,3.9366582803019092,13.793103448275861,,,,,,50.79917122983573,84.0683735385526,91.8898919638893,40.994524197128904,34.71215036258695,53.714666272014206,13.59331064081693,3.241083321000444,0.22199200828770163,14.577475210892407,87.56844753588871,,,,,,,,,,,4.673275338863038,3.7974694,13514,3.7974694,13514,1.7162397,29902.0,1.269581,40422.0
031001,40192,61.308220541401276,11.84564092356688,13.229000796178344,9.979597929936306,11.698845541401274,60.703622611464965,23.457404458598727,15.838972929936306,85.68869426751593,55.4015724522293,30.287121815286625,14.311305732484076,59.12121815286624,8.242933917197453,17.97123805732484,0.35330414012738853,95.50408041401273,94.92933917197452,0.029856687898089172,0.263734076433121,4.495919585987261,11.380374203821656,82.65824044585987,4.396397292993631,94.28990843949045,1.256468949044586,80.76234076433121,77.66222133757962,61.88296178343949,15.779259554140127,14.393411624203821,0.8285230891719745,6.3146894904458595,64.10479697452229,19.88953025477707,4.724820859872612,8.130971337579618,1.7092953821656052,76.10718550955414,22.484574044585987,0.18411624203821655,0.0348328025477707,47.472133757961785,42.23974920382165,8.52906050955414,0.5249800955414012,9.223228503184714,50.960390127388536,33.777866242038215,1.1768511146496816,23.66391321656051,100.0,83.3922173566879,,,,,4.495919585987261,15.59016719745223,4.423765923566879,13.495222929936306,,,,,,43.570859872611464,78.52060111464968,85.07663216560509,33.74054538216561,34.83031449044586,41.91132563694268,10.136345541401274,4.207304936305732,0.35828025477707004,12.69655652866242,82.02876194267516,,,,,,,,,,,6.409212003786961,3.6733677,40192,3.6733677,40192,1.658541,89018.0,1.2212756,120890.0
031002,1016,85.62992125984252,10.039370078740157,2.3622047244094486,0.5905511811023622,0.2952755905511811,70.96456692913385,24.606299212598426,4.429133858267717,89.0748031496063,61.22047244094488,27.85433070866142,10.9251968503937,82.48031496062993,1.3779527559055118,5.019685039370079,0.1968503937007874,95.86614173228347,95.17716535433071,0.0984251968503937,0.1968503937007874,4.133858267716535,0.0,89.86220472440945,9.251968503937007,89.96062992125984,0.7874015748031497,85.43307086614173,92.51968503937007,76.08267716535433,16.437007874015748,4.133858267716535,0.2952755905511811,3.0511811023622046,74.70472440944881,17.519685039370078,0.984251968503937,4.921259842519685,1.0826771653543308,41.24015748031496,57.67716535433071,0.0,0.0,70.4724409448819,24.212598425196852,3.543307086614173,0.8858267716535433,25.19685039370079,59.645669291338585,7.775590551181103,0.6889763779527559,19.586614173228348,100.0,79.92125984251969,,,,,0.7874015748031497,18.208661417322833,5.118110236220472,18.208661417322833,,,,,,57.48031496062992,80.21653543307086,76.18110236220473,15.649606299212598,27.165354330708663,42.224409448818896,6.889763779527559,6.397637795275591,0.5905511811023622,1.968503937007874,73.52362204724409,,,,,,,,,,,12.861271676300579,3.5797243,1016,3.5797243,1016,1.8166833,2002.0,1.1305565,3217.0
031003,2292,55.846422338568935,21.55322862129145,20.157068062827225,7.80977312390925,0.2617801047120419,47.382198952879584,32.19895287958115,20.418848167539267,82.67888307155323,41.01221640488656,41.666666666666664,17.32111692844677,59.81675392670157,6.719022687609075,16.012216404886562,0.13089005235602094,95.0261780104712,94.67713787085515,0.13089005235602094,0.08726003490401396,4.973821989528796,2.181500872600349,89.74694589877836,3.8394415357766145,92.23385689354276,3.926701570680628,60.25305410122164,75.69808027923212,64.79057591623037,10.907504363001745,18.237347294938917,1.8760907504363002,2.6178010471204187,59.9912739965096,27.74869109947644,3.1849912739965096,3.7085514834205933,3.3595113438045376,85.16579406631763,0.3054101221640489,12.12914485165794,0.8726003490401396,40.05235602094241,54.53752181500872,3.8830715532286213,0.4799301919720768,10.732984293193716,70.20069808027924,16.972076788830716,0.39267015706806285,40.70680628272251,100.0,70.41884816753927,,,,,1.7015706806282722,10.122164048865619,4.319371727748691,21.37870855148342,,,,,,32.59162303664922,63.961605584642236,77.09424083769633,14.136125654450261,25.26178010471204,26.701570680628272,21.2478184991274,4.450261780104712,1.4834205933682374,5.453752181500873,74.65095986038395,,,,,,,,,,,3.6434382737884685,3.4808028,2292,3.4808028,2292,1.9791615,4031.0,1.4724991,5418.0
031204,1817,67.74903687396808,17.116125481563017,12.328013208585581,0.9356081452944414,0.0,35.277930654925704,49.14694551458448,15.575123830489819,83.54430379746836,30.599889928453496,52.94441386901486,16.455696202531644,29.49917446340121,26.692350027517886,26.96752889378096,0.3852504127682994,83.54430379746836,82.49862410566868,0.0,0.8805723720418271,16.455696202531644,0.0,85.36048431480462,7.8701155751238305,85.74573472757292,6.219042377545405,50.90809025866813,76.82993946064943,64.22674738580078,12.603192074848652,17.94166208035223,2.9168959823885525,1.7061089708310402,58.61309851403412,27.79306549257017,4.017611447440837,3.026967528893781,5.668684645019263,81.28783709411117,0.275178866263071,14.914694551458448,2.476609796367639,21.408915795266925,73.74793615850302,2.4215740231150247,1.3758943313153549,17.66648321408916,64.336818932306,15.134837644468904,0.6604292790313704,48.596587782058336,100.0,71.93175564116676,,,,,2.5866813428728674,9.906439185470555,3.852504127682994,17.886626307099615,,,,,,19.702806824435882,65.71271326362135,65.16235553109522,18.87727022564667,21.408915795266925,21.298844248761696,27.682993946064943,1.7611447440836543,1.5410016510731976,6.769400110071547,64.11667583929554,,,,,,,,,,,2.6486756621689156,3.1849203,1817,3.1849203,1817,1.8453444,3136.0,1.4521958,3985.0
031205,3793,69.78644872132877,21.882414974953864,5.668336409174795,1.792776166622726,0.2636435539151068,50.065910888478776,41.44476667545479,8.489322436066438,84.33957289744266,35.93461639862905,48.404956498813604,15.660427102557342,39.83654099657264,13.393092538887425,30.582652254152386,0.5272871078302136,91.27339836540996,90.35064592670709,0.21091484313208542,0.3427366200896388,8.726601634590034,2.7682573161086212,86.79145794885315,4.719219615080411,89.82335881887688,5.378328499868179,52.807803849195885,63.51173213814922,53.809649354073294,9.702082784075929,27.471658317954127,1.9773266543633008,4.903770102820986,59.31979963089903,32.3490640653836,2.636435539151068,2.6891642499340893,2.2673345636699183,79.2776166622726,0.10545742156604271,19.404165568151857,0.42182968626417083,24.650672291062484,61.4816767730029,10.88847877669391,1.95096229897179,9.939361982599525,70.55101502768257,10.651199578170313,0.29000790930661746,46.11125757975218,100.0,64.61903506459267,,,,,1.8718692327972581,7.698391774321117,5.457421566042711,20.300553651463222,,,,,,19.45689427893488,70.49828631689955,75.66569997363564,15.95043501186396,23.095175322963353,20.9860268916425,30.134458212496703,4.376482994990773,4.851041392037964,5.483785921434221,72.76562088056947,,,,,,,,,,,2.8827977315689983,3.3066175,3793,3.3066175,3793,1.9028978,6591.0,1.4294506,8774.0
031206,4396,66.12829845313922,19.26751592356688,5.414012738853503,1.1146496815286624,0.22747952684258416,34.599636032757054,53.02547770700637,12.374886260236579,79.73157415832576,32.30209281164695,47.4294813466788,20.26842584167425,42.288444040036396,6.278434940855323,30.641492265696087,0.5232029117379435,84.75887170154687,84.16742493175614,0.0,0.36396724294813465,15.24112829845314,0.0,86.05550500454959,8.962693357597816,86.23748862602366,4.572338489535942,57.142857142857146,68.60782529572339,58.41674249317561,10.19108280254777,26.251137397634213,2.0245677888989992,2.5932666060054594,75.86442220200182,18.016378525932666,1.3421292083712466,2.9344858962693356,1.3421292083712466,77.63876251137398,0.272975432211101,17.538671519563238,2.843494085532302,30.641492265696087,55.527752502274794,7.211101000909918,3.5259326660600547,18.08462238398544,69.54049135577797,9.736123748862603,0.4094631483166515,42.51592356687898,100.0,67.58416742493175,,,,,0.7506824385805277,8.393994540491356,5.1182893539581436,17.356687898089174,,,,,,17.22020018198362,69.13102820746133,69.08553230209282,10.35031847133758,25.909918107370338,22.884440400363967,29.34485896269336,4.2993630573248405,1.478616924476797,3.548680618744313,65.51410373066425,,,,,,,,,,,2.633711507293355,2.982939,4396,2.982939,4396,1.7634481,7436.0,1.351577,9702.0
031301,1008,86.80555555555556,11.805555555555555,0.1984126984126984,0.1984126984126984,0.0,70.23809523809524,25.0,4.761904761904762,82.34126984126983,47.71825396825397,34.62301587301587,17.658730158730158,77.08333333333333,1.7857142857142858,3.373015873015873,0.0992063492063492,94.5436507936508,93.9484126984127,0.0992063492063492,0.3968253968253968,5.4563492063492065,0.0,86.7063492063492,9.424603174603174,86.9047619047619,3.6706349206349205,59.02777777777778,87.59920634920636,75.39682539682539,12.202380952380953,6.845238095238095,0.2976190476190476,4.563492063492063,61.40873015873016,28.47222222222222,2.4801587301587302,4.9603174603174605,1.0912698412698412,51.09126984126984,48.214285714285715,0.0,0.1984126984126984,42.757936507936506,51.28968253968254,3.9682539682539684,1.5873015873015872,16.46825396825397,66.46825396825396,15.079365079365079,0.49603174603174605,34.72222222222222,100.0,82.44047619047619,,,,,0.8928571428571429,15.674603174603174,4.166666666666667,16.17063492063492,,,,,,45.43650793650794,75.7936507936508,76.38888888888889,19.642857142857142,19.345238095238095,45.23809523809524,20.634920634920636,0.7936507936507936,0.0992063492063492,2.876984126984127,76.88492063492063,,,,,,,,,,,6.821589205397301,3.2579365,1008,3.2579365,1008,1.7818774,1843.0,1.2095764,2715.0
031401,5692,65.63598032326071,20.361911454673226,13.316936050597329,12.543921293042867,0.22839072382290934,82.78285312719606,14.898102600140549,2.3190442726633873,86.13843991567111,61.75333801827126,24.38510189739986,13.861560084328882,58.9950808151792,3.4082923401264935,23.436401967673927,0.2986647926914968,97.08362614195362,96.78496134926212,0.017568517217146872,0.1932536893886156,2.9163738580463807,15.144061841180605,79.58538299367534,4.023190442726634,94.79971890372452,1.106816584680253,82.90583274771609,70.64300773014757,58.520730850316234,12.122276879831341,16.69009135628953,1.106816584680253,11.103302881236823,74.10400562192551,14.423752635277582,2.8109627547434997,6.676036542515812,1.0014054813773718,56.588193956430075,42.656359803232604,0.05270555165144062,0.05270555165144062,39.81026001405481,37.87772312016866,18.798313422347153,2.740688685874912,18.218552354181305,65.35488404778637,13.756148981026001,0.49191848208011246,18.20098383696416,100.0,82.23822909346451,,,,,0.8081517919887562,22.839072382290933,5.39353478566409,10.822206605762474,,,,,,44.14968376669009,85.13703443429374,85.47083626141954,26.001405481377372,31.28952916373858,66.44413211524947,21.328179901616302,3.9880534082923402,0.4040758959943781,4.761068165846803,79.84891075193254,,,,,,,,,,,9.146519079522283,3.4149685,5692,3.4149685,5692,1.5575321,12480.0,1.0549797,18425.0
031403,2402,73.23064113238968,17.860116569525395,5.453788509575354,4.6627810158201495,0.08326394671107411,56.61948376353039,38.093255620316405,5.287260616153206,76.64446294754372,56.91090757701915,19.733555370524563,23.355537052456288,13.322231473771856,13.114071606994171,49.70857618651124,0.4995836802664446,92.2564529558701,91.54870940882599,0.0,0.08326394671107411,7.743547044129892,0.0,85.26228143213989,13.40549542048293,85.38717735220649,1.1240632805995003,77.56036636136552,21.357202331390507,19.02581182348043,2.3313905079100747,56.827643630308074,3.330557868442964,17.360532889258952,85.88676103247293,5.4121565362198165,0.5412156536219817,5.661948376353039,1.9150707743547044,55.703580349708574,43.71357202331391,0.08326394671107411,0.041631973355537054,44.3796835970025,42.75603663613655,10.949208992506245,1.7069109075770192,22.356369691923398,64.44629475437135,11.03247293921732,0.12489592006661115,19.691923397169028,100.0,81.14071606994172,,,,,0.16652789342214822,27.310574521232308,6.369691923397169,13.905079100749376,,,,,,19.608659450457953,82.34804329725229,78.89258950874272,24.396336386344714,25.97835137385512,61.573688592839304,11.948376353039134,4.787676935886761,0.4995836802664446,5.1207327227310575,75.97835137385512,,,,,,,,,,,10.51939513477975,3.5187345,2402,3.5187345,2402,1.67499,5046.0,1.1190256,7553.0
031601,690,86.95652173913044,10.144927536231885,0.5797101449275363,0.14492753623188406,0.0,70.57971014492753,26.08695652173913,3.3333333333333335,86.08695652173913,43.91304347826087,42.17391304347826,13.91304347826087,78.55072463768116,0.8695652173913043,6.521739130434782,0.14492753623188406,94.4927536231884,94.20289855072464,0.0,0.0,5.507246376811594,0.0,74.4927536231884,23.768115942028984,74.4927536231884,1.4492753623188406,81.8840579710145,82.02898550724638,76.08695652173913,5.942028985507246,7.101449275362318,1.4492753623188406,8.985507246376812,75.5072463768116,14.927536231884059,1.7391304347826086,5.797101449275362,1.3043478260869565,25.217391304347824,74.78260869565217,0.0,0.0,53.04347826086956,40.14492753623188,4.63768115942029,1.5942028985507246,38.98550724637681,50.14492753623188,6.086956521739131,0.14492753623188406,22.318840579710145,100.0,78.40579710144928,,,,,0.43478260869565216,24.92753623188406,4.057971014492754,16.956521739130434,,,,,,39.27536231884058,75.5072463768116,74.6376811594203,13.043478260869565,24.92753623188406,37.82608695652174,7.536231884057971,2.463768115942029,0.2898550724637681,2.318840579710145,72.46376811594203,,,,,,,,,,,5.937794533459001,3.2942028,690,3.2942028,690,1.773011,1282.0,1.0772512,2110.0
031602,1651,82.79830405814658,13.87038158691702,0.6662628709872804,0.3634161114476075,0.0,54.57298606904906,43.428225317989096,1.9987886129618413,91.9442761962447,40.520896426408235,51.423379769836465,8.0557238037553,72.25923682616596,6.420351302241066,13.264688067837675,0.0,96.48697758933979,96.00242277407632,0.06056935190793458,0.18170805572380375,3.513022410660206,0.0,94.12477286493035,1.9382192610539066,94.24591156874621,3.7552998182919444,51.423379769836465,92.36826165960024,75.16656571774682,17.201695941853423,5.511811023622047,0.8479709267110842,1.029678982434888,62.81041792852817,26.589945487583282,3.1496062992125986,2.90732889158086,3.9975772259236826,92.73167777104786,0.30284675953967294,6.117504542701393,0.4239854633555421,31.43549364021805,59.236826165960025,8.540278619018776,0.18170805572380375,6.359781950333131,77.64990914597213,13.99152029073289,0.3634161114476075,35.43307086614173,100.0,79.89097516656572,,,,,1.2719563900666262,9.812235009085402,4.663840096910963,19.503331314354938,,,,,,34.03997577225924,73.16777710478497,80.73894609327681,15.929739551786795,25.49969715324046,30.76923076923077,18.413082980012113,3.7552998182919444,0.726832222895215,5.087825560266505,79.58812840702605,,,,,,,,,,,1.9726027397260273,3.3888552,1651,3.3888552,1651,1.8978969,2948.0,1.3443056,4162.0
040101,76724,86.80595380845628,7.457901047911996,4.602210520827903,0.5865179083468015,0.8406756686304155,62.43417965695219,28.04076951149575,9.525050831552056,72.83770397789479,40.150409259162714,32.687294718732076,27.16229602210521,66.37949012043168,3.082477451644857,3.2453990928523018,0.13033731296595588,93.2315833376779,92.77149262290808,0.0221573432042125,0.18507898441165738,6.76841666232209,31.99520358688285,65.39805015379802,0.8576195193159898,97.63828788905688,1.3789687711798133,78.31187112246494,89.2289244564934,73.95078463062406,15.27813982586935,3.3522756894843857,0.895417340076117,5.9785725457483965,61.5153016005422,19.863406496011677,5.721808039205464,9.835253636411032,1.0335748918200303,49.877482925812004,49.181481674573796,0.07820238777957354,0.002606746259319118,86.7473020176216,8.358531880506751,3.9244564934049317,0.23982065585735884,8.315520567227987,36.77727959960377,16.42771492622908,0.8680465043532662,30.040143892393516,100.0,86.75642562952922,,,,,5.888639799801887,9.049319639226317,4.806840102184453,17.070277879151245,,,,,,38.16928210208018,85.50127730566706,85.15718679943694,38.74146290600073,26.36202492049424,40.67827537667483,5.983786038267035,3.1997810333142174,0.2385172827276993,11.755122256399561,80.3399197122152,,,,,,,,,,,6.4956857943013935,3.3930843,76724,3.3930843,76724,1.7656741,147440.0,1.1969407,217497.0
040102,1573,86.01398601398601,5.594405594405594,4.767959313413859,0.6993006993006993,0.3178639542275906,44.18308963763509,46.98029243483789,8.83661792752702,50.985378258105534,25.238397965670693,25.746980292434838,49.014621741894466,47.23458359821996,1.080737444373808,2.4157660521296886,0.25429116338207247,94.46916719643993,94.21487603305785,0.0,0.12714558169103624,5.5308328035600764,0.6993006993006993,96.18563254926892,1.3350286077558804,97.01207883026065,1.6528925619834711,76.66878575969486,85.06039415130324,78.89383343928799,6.166560712015258,4.513668150031786,0.3814367450731087,9.917355371900827,71.83725365543548,13.922441195168467,0.7628734901462174,11.061665607120153,1.2714558169103625,19.19898283534647,80.16528925619835,0.0,0.0,94.53273998728544,1.4621741894469167,0.7628734901462174,3.178639542275906,19.96185632549269,44.43738080101716,6.039415130324222,0.25429116338207247,21.23331214240305,100.0,89.00190718372536,,,,,2.3521932612841705,7.056579783852511,6.865861411315957,18.2453909726637,,,,,,24.348378893833438,82.83534647171011,82.64462809917356,24.348378893833438,23.33121424030515,49.904640813731724,16.59249841068023,36.4907819453274,0.8264462809917356,3.9415130324221233,79.72027972027972,,,,,,,,,,,5.538302277432712,3.3566434,1573,3.3566434,1573,1.6048632,3290.0,0.97201765,5432.0
040201,3554,84.89026449071469,9.510410804727067,4.248733821046708,0.8441193021947102,0.16882386043894204,59.4259988745076,33.06133933595948,7.51266178953292,50.0,25.604952166572875,24.395047833427125,50.0,46.37028700056275,0.4501969611705121,2.8700056274620147,0.3095104108047271,87.92909397861564,87.3663477771525,0.22509848058525606,0.08441193021947102,12.070906021384356,0.0,95.24479459763647,3.57343837929094,95.44175576814857,0.7597073719752392,71.35621834552617,82.80810354530107,70.56837366347777,12.239729881823298,5.627462014631401,0.6190208216094542,10.52335396736072,74.62014631401237,15.447383230163197,0.6471581316826112,7.51266178953292,0.7878446820483962,20.56837366347777,78.70005627462015,0.056274620146314014,0.0,93.92234102419809,2.2791221159257176,1.9696117051209905,1.2380416432189083,12.183455261676984,61.78953292065279,5.317951603826674,0.22509848058525606,24.113674732695554,100.0,82.94879009566685,,,,,1.9696117051209905,8.750703432751829,6.471581316826112,21.693866066404052,,,,,,23.832301631963983,79.76927405740011,74.45132245357344,17.163759144625775,23.100731570061903,47.21440630275745,8.216094541361846,4.69893078221722,0.16882386043894204,3.432751828925155,68.28925154755206,,,,,,,,,,,3.2106693010619907,3.3562183,3554,3.3562183,3554,1.8495891,6449.0,1.1512402,10361.0
040601,1030,89.80582524271844,8.349514563106796,1.3592233009708738,0.8737864077669902,0.1941747572815534,74.66019417475728,20.58252427184466,4.757281553398058,61.067961165048544,39.90291262135922,21.16504854368932,38.932038834951456,56.407766990291265,1.8446601941747574,2.621359223300971,0.1941747572815534,96.50485436893204,95.72815533980582,0.4854368932038835,0.1941747572815534,3.495145631067961,0.0,96.40776699029126,2.0388349514563107,96.69902912621359,0.7766990291262136,75.14563106796116,90.09708737864078,79.51456310679612,10.58252427184466,3.3980582524271843,0.2912621359223301,5.533980582524272,64.07766990291262,24.466019417475728,1.1650485436893203,7.864077669902913,1.3592233009708738,21.359223300970875,77.0873786407767,0.0,0.0,86.50485436893204,2.7184466019417477,0.4854368932038835,9.902912621359222,8.932038834951456,23.883495145631066,7.864077669902913,0.5825242718446602,30.388349514563107,100.0,91.06796116504854,,,,,0.8737864077669902,9.902912621359222,5.631067961165049,25.24271844660194,,,,,,38.15533980582524,85.8252427184466,83.20388349514563,23.883495145631066,29.223300970873787,54.077669902912625,25.24271844660194,8.25242718446602,1.7475728155339805,2.8155339805825244,79.51456310679612,,,,,,,,,,,21.628838451268358,3.4106796,1030,3.4106796,1030,2.102334,1671.0,1.3537573,2595.0
040701,5635,88.87311446317658,7.275953859804791,2.4489795918367347,0.33717834960070986,0.12422360248447205,68.32298136645963,27.417923691215616,4.259094942324756,58.91748003549246,30.878438331854483,28.039041703637977,41.08251996450754,55.066548358473824,1.3132209405501332,1.5261756876663708,1.0115350488021295,99.36113575865129,98.95297249334516,0.0,0.26619343389529726,0.6388642413487134,0.0,98.98846495119787,0.1774622892635315,99.1304347826087,0.6921029281277729,82.7684117125111,54.392191659272406,36.149068322981364,18.24312333629104,12.56433007985803,0.2129547471162378,31.836734693877553,62.34250221827862,19.48535936113576,2.803904170363798,8.234250221827862,4.649511978704525,36.78793256433008,62.11180124223603,0.2484472049689441,0.0,97.81721384205856,1.1712511091393079,0.6388642413487134,0.19520851818988466,3.673469387755102,34.516415261756876,12.138420585625555,0.44365572315882873,22.573203194321206,100.0,94.85359361135758,,,,,0.5323868677905945,4.614019520851819,5.394853593611358,18.31410825199645,,,,,,29.724933451641526,91.65927240461401,93.87755102040816,30.434782608695652,33.84205856255546,36.66370896184561,5.696539485359361,3.904170363797693,0.33717834960070986,7.382431233362911,88.7488908606921,,,,,,,,,,,1.7968094038623006,3.5284827,5635,3.5284827,5635,1.9401834,10248.0,1.1760913,16906.0
040702,782,95.9079283887468,3.580562659846547,0.2557544757033248,0.1278772378516624,0.1278772378516624,68.54219948849105,30.434782608695652,1.0230179028132993,58.05626598465473,24.808184143222505,33.248081841432224,41.94373401534527,53.32480818414322,0.639386189258312,3.9641943734015346,0.1278772378516624,94.50127877237851,94.24552429667519,0.0,0.0,5.498721227621483,0.0,96.54731457800511,1.918158567774936,97.05882352941177,0.8951406649616368,83.63171355498721,10.10230179028133,0.639386189258312,9.462915601023019,12.404092071611252,7.544757033248082,66.62404092071611,71.35549872122762,8.439897698209718,0.8951406649616368,12.27621483375959,3.9641943734015346,5.882352941176471,93.47826086956522,0.1278772378516624,0.0,71.86700767263427,9.462915601023019,0.1278772378516624,18.15856777493606,6.90537084398977,19.82097186700767,4.092071611253197,0.3836317135549872,17.0076726342711,100.0,93.35038363171356,,,,,0.3836317135549872,17.774936061381073,6.649616368286445,17.135549872122763,,,,,,22.634271099744247,86.44501278772378,83.50383631713555,23.91304347826087,17.51918158567775,71.35549872122762,13.682864450127877,3.452685421994885,2.557544757033248,2.813299232736573,76.34271099744245,,,,,,,,,,,9.904761904761905,3.4347825,782,3.4347825,782,1.8359535,1463.0,1.0390716,2585.0
041101,1015,93.20197044334975,3.7438423645320196,2.857142857142857,1.6748768472906403,0.0,34.48275862068966,62.857142857142854,2.6600985221674875,28.07881773399015,10.443349753694582,17.635467980295566,71.92118226600985,18.029556650246306,2.167487684729064,7.684729064039409,0.19704433497536947,93.20197044334975,92.9064039408867,0.0,0.2955665024630542,6.798029556650246,0.0,89.06403940886699,7.192118226600985,89.65517241379311,3.1527093596059115,69.75369458128078,5.517241379310345,0.9852216748768473,4.532019704433497,14.088669950738916,12.807881773399014,58.522167487684726,68.86699507389163,14.285714285714286,0.6896551724137931,10.64039408866995,1.9704433497536946,12.70935960591133,86.69950738916256,0.0,0.0,79.50738916256158,2.955665024630542,0.09852216748768473,17.339901477832512,13.10344827586207,20.19704433497537,2.561576354679803,0.19704433497536947,27.783251231527093,100.0,91.82266009852216,,,,,0.8866995073891626,8.374384236453203,4.630541871921182,13.201970443349754,,,,,,7.389162561576355,76.65024630541872,72.21674876847291,15.566502463054187,22.857142857142858,61.2807881773399,21.2807881773399,12.216748768472906,0.39408866995073893,2.561576354679803,67.6847290640394,,,,,,,,,,,14.890710382513662,2.5625615,1015,2.5625615,1015,1.6085343,1617.0,0.9184322,2832.0
041401,1304,77.83742331288343,19.171779141104295,1.3803680981595092,0.7668711656441718,0.3067484662576687,54.984662576687114,28.067484662576685,16.947852760736197,62.193251533742334,34.58588957055215,27.607361963190183,37.806748466257666,59.27914110429448,0.5368098159509203,2.147239263803681,0.23006134969325154,90.56748466257669,90.03067484662577,0.23006134969325154,0.15337423312883436,9.432515337423313,0.0,90.79754601226993,6.825153374233129,91.25766871165644,1.7638036809815951,74.46319018404908,84.12576687116564,72.69938650306749,11.42638036809816,4.754601226993865,0.3067484662576687,10.276073619631902,74.15644171779141,12.576687116564417,1.4570552147239264,7.975460122699387,1.1503067484662577,14.570552147239264,84.43251533742331,0.0,0.0,92.33128834355828,1.0736196319018405,0.6134969325153374,5.828220858895706,13.57361963190184,38.420245398773005,2.3773006134969323,0.15337423312883436,25.30674846625767,100.0,85.2760736196319,,,,,0.3834355828220859,9.125766871165645,5.521472392638037,17.33128834355828,,,,,,32.89877300613497,78.83435582822086,73.31288343558282,13.113496932515337,18.25153374233129,59.739263803680984,4.294478527607362,2.0705521472392636,0.15337423312883436,1.7638036809815951,65.41411042944786,,,,,,,,,,,7.060333761232349,3.261503,1304,3.261503,1304,1.8403288,2311.0,1.1260259,3777.0
050101,46764,90.55256179967496,7.922761098280729,0.6436575143272603,0.1304422205115046,0.553844837909503,63.40561115387905,32.298349157471556,4.296039688649389,88.79052262424086,36.36130356684629,52.429219057394576,11.20947737575913,87.6935249337097,0.4704473526644427,0.2758532204259687,0.3506971174407664,97.22649901633736,96.9121546488752,0.014968779402959542,0.14327260285689847,2.7735009836626463,40.65520485843812,57.16149174578736,0.3143443674621504,98.22085364810538,1.3600205286117526,76.30014541099992,90.66589684372595,73.0198443246942,17.646052519031734,2.435634248567274,0.1710717646052519,6.395945599178855,55.354546232144386,25.07912069112993,5.2497647763236674,10.309212214523992,1.6037977931742367,46.40749294328971,51.57813702848345,0.06842870584210076,0.012830382345393894,71.67906936960054,17.723034813104096,8.98340603883329,0.3015139851167565,5.192028055769395,62.11829612522453,13.788384227183304,1.6465657343255495,36.07689675819006,100.0,90.10349841758618,,,,,4.916174835343426,9.597125994354633,4.999572320588487,22.168762295783083,,,,,,36.079035155247624,88.52536138910273,90.3451372850911,38.980839962364215,27.352236763322214,25.67787186724831,5.044478658797366,1.5866906167137114,0.19673252929603968,11.577281669660422,85.45462321443846,,,,,,,,,,,2.43692258361891,3.6965828,46764,3.6965828,46764,1.9581228,88282.0,1.3366556,129328.0
050201,2825,68.21238938053098,23.716814159292035,3.893805309734513,0.9203539823008849,1.2035398230088497,57.27433628318584,16.601769911504423,26.123893805309734,53.876106194690266,34.08849557522124,19.787610619469028,46.123893805309734,52.7787610619469,0.2831858407079646,0.5309734513274337,0.2831858407079646,86.05309734513274,85.41592920353982,0.0,0.4247787610619469,13.946902654867257,0.0,95.39823008849558,1.8761061946902655,96.7433628318584,1.345132743362832,70.65486725663717,52.7787610619469,47.78761061946903,4.991150442477876,6.584070796460177,0.4247787610619469,39.85840707964602,76.0,13.20353982300885,2.3716814159292037,6.371681415929204,1.1327433628318584,16.141592920353983,81.84070796460178,0.0,0.0,97.34513274336283,2.15929203539823,0.21238938053097345,0.035398230088495575,23.469026548672566,54.15929203539823,3.079646017699115,0.8141592920353983,28.424778761061948,100.0,84.38938053097345,,,,,1.3097345132743363,8.0,5.20353982300885,14.194690265486726,,,,,,33.45132743362832,79.53982300884955,75.07964601769912,24.56637168141593,16.707964601769913,26.088495575221238,2.6548672566371683,3.0442477876106193,0.1415929203539823,1.168141592920354,65.76991150442478,,,,,,,,,,,4.327666151468315,2.9961061,2825,2.9961061,2825,1.7747955,4769.0,1.100221,7693.0
050202,810,86.29629629629629,9.753086419753087,0.12345679012345678,0.0,0.12345679012345678,43.333333333333336,51.851851851851855,4.814814814814815,60.98765432098765,37.407407407407405,23.580246913580247,39.01234567901235,60.49382716049383,0.12345679012345678,0.37037037037037035,0.0,90.61728395061728,89.62962962962963,0.0,0.6172839506172839,9.382716049382717,0.0,87.1604938271605,7.037037037037037,89.50617283950618,2.7160493827160495,62.34567901234568,91.23456790123457,85.18518518518519,6.049382716049383,0.9876543209876543,0.37037037037037035,7.037037037037037,75.06172839506173,12.469135802469136,1.2345679012345678,6.54320987654321,0.8641975308641975,10.493827160493828,80.98765432098766,0.0,0.0,96.17283950617283,0.7407407407407407,0.0,0.37037037037037035,31.11111111111111,47.407407407407405,1.728395061728395,1.2345679012345678,25.679012345679013,100.0,87.4074074074074,,,,,0.7407407407407407,6.54320987654321,5.185185185185185,16.54320987654321,,,,,,37.160493827160494,74.69135802469135,69.1358024691358,18.765432098765434,16.049382716049383,42.592592592592595,4.567901234567901,4.197530864197531,0.12345679012345678,0.12345679012345678,62.839506172839506,,,,,,,,,,,3.9870689655172415,2.9901235,810,2.9901235,810,1.7152975,1412.0,0.96417195,2512.0
050203,10373,76.84372891159741,18.287862720524437,2.1498120119541118,0.19280825219319386,1.0508049744529067,63.29894919502555,20.06169864070182,16.63935216427263,63.22182589414827,28.969439892027378,34.25238600212089,36.77817410585173,61.28410295960667,0.8869179600886918,0.375976091776728,0.6748288826761786,90.23426202641473,89.54979273112889,0.0,0.5880651691892413,9.765737973585269,0.0,94.36999903595874,1.2918152896943988,96.4137665092066,2.178733249783091,69.88335100742312,80.62277065458402,69.42061120215945,11.202159452424564,2.043767473247855,0.18316783958353416,16.774317940807865,64.50400077123301,20.72688711076834,4.0971753591053695,8.040104116456185,1.0604453870625663,23.503325942350333,72.64050901378579,0.2988527908994505,0.019280825219319387,95.41116359780199,2.6800347054853946,0.7905138339920948,0.038561650438638774,15.501783476332786,45.06892895015907,4.453870625662779,1.793116745396703,31.45666634531958,100.0,85.54902149812013,,,,,1.9666441723705774,6.680805938494167,5.398631061409429,19.396510170635302,,,,,,28.468138436325074,81.04694880940905,77.72100645907645,26.983514894437484,14.904077894533886,23.34907934059578,2.7089559433143737,2.4583052154632217,0.22172949002217296,2.4968668659018607,71.41617661235901,,,,,,,,,,,5.083756979748312,3.312735,10373,3.312735,10373,1.9491208,17630.0,1.2202337,28161.0
050301,1438,79.90264255910988,12.86509040333797,5.84144645340751,2.642559109874826,0.4172461752433936,68.49791376912378,22.183588317107095,9.318497913769123,75.38247566063978,33.31015299026426,42.07232267037552,24.617524339360223,72.67037552155772,0.2086230876216968,1.321279554937413,1.1821974965229485,91.30737134909597,90.82058414464534,0.0,0.0,8.692628650904034,47.56606397774687,48.887343532684284,2.2253129346314324,96.45340751043115,1.2517385257301807,81.29346314325451,85.18776077885953,70.72322670375522,14.46453407510431,4.728789986091794,0.5563282336578581,8.90125173852573,76.14742698191934,15.92489568845619,0.8344923504867872,4.798331015299026,0.5563282336578581,46.10570236439499,52.71210013908206,0.0,0.0,46.38386648122392,33.65785813630042,16.27260083449235,0.6954102920723226,8.90125173852573,79.48539638386649,7.162726008344923,0.5563282336578581,20.79276773296245,100.0,78.30319888734353,,,,,1.3908205841446453,19.819193324061196,6.7454798331015295,16.133518776077885,,,,,,31.84979137691238,70.02781641168289,73.9221140472879,12.726008344923505,23.504867872044507,38.31710709318498,3.3379694019471486,13.004172461752434,0.4172461752433936,2.5034770514603615,69.95827538247566,,,,,,,,,,,11.986863711001641,3.237135,1438,3.237135,1438,1.6908827,2753.0,1.0028005,4642.0
050401,1085,75.29953917050692,14.193548387096774,5.990783410138249,0.6451612903225806,1.8433179723502304,42.672811059907836,42.672811059907836,14.654377880184331,48.755760368663594,23.317972350230416,25.43778801843318,51.244239631336406,47.74193548387097,0.18433179723502305,0.7373271889400922,0.09216589861751152,89.76958525345623,89.03225806451613,0.0,0.6451612903225806,10.23041474654378,0.0,93.17972350230414,3.0414746543778803,95.57603686635944,1.1981566820276497,58.894009216589865,54.74654377880184,45.345622119815665,9.400921658986174,4.331797235023042,0.09216589861751152,40.73732718894009,57.327188940092164,28.663594470046082,5.529953917050691,5.714285714285714,0.9216589861751152,20.46082949308756,68.20276497695852,0.6451612903225806,0.0,91.33640552995392,3.5023041474654377,1.8433179723502304,2.7649769585253456,27.37327188940092,37.69585253456221,1.8433179723502304,4.055299539170507,38.986175115207374,100.0,84.42396313364056,,,,,1.566820276497696,5.253456221198157,6.451612903225806,33.17972350230415,,,,,,22.764976958525345,78.4331797235023,72.90322580645162,13.548387096774194,12.811059907834101,22.857142857142858,5.529953917050691,0.9216589861751152,0.09216589861751152,1.8433179723502304,67.64976958525345,,,,,,,,,,,0.8620689655172413,3.802765,1085,3.802765,1085,2.5917087,1592.0,1.5003636,2750.0
050601,1765,62.71954674220963,34.3342776203966,1.5864022662889519,0.16997167138810199,0.56657223796034,42.889518413597735,26.458923512747877,30.651558073654392,45.4957507082153,23.002832861189802,22.492917847025495,54.5042492917847,44.53257790368272,0.11331444759206799,0.7932011331444759,0.056657223796033995,89.68838526912181,87.93201133144476,0.16997167138810199,1.5297450424929178,10.311614730878187,0.0,88.61189801699717,6.458923512747876,90.87818696883852,2.54957507082153,67.98866855524079,91.21813031161473,85.26912181303116,5.949008498583569,6.118980169971671,0.16997167138810199,2.096317280453258,63.286118980169974,11.728045325779037,1.5297450424929178,4.929178470254958,16.997167138810198,34.3342776203966,60.963172804532576,0.11331444759206799,0.28328611898017,66.51558073654391,6.742209631728045,14.220963172804533,10.991501416430594,20.453257790368273,50.36827195467422,6.288951841359774,1.0764872521246458,32.01133144475921,100.0,83.39943342776203,,,,,2.492917847025496,8.725212464589235,4.192634560906516,26.288951841359772,,,,,,22.889518413597735,69.1784702549575,76.14730878186968,24.07932011331445,22.209631728045327,35.184135977337114,10.65155807365439,2.8328611898016995,0.056657223796033995,1.4730878186968839,76.09065155807366,,,,,,,,,,,3.4871794871794872,3.5478754,1765,3.5478754,1765,2.0783272,3013.0,1.357468,4613.0
050701,914,76.69584245076587,14.223194748358862,0.3282275711159737,0.10940919037199125,0.6564551422319475,42.01312910284464,47.37417943107221,10.61269146608315,63.01969365426696,33.04157549234136,29.9781181619256,36.98030634573304,61.70678336980306,0.3282275711159737,0.87527352297593,0.10940919037199125,82.82275711159737,82.3851203501094,0.0,0.10940919037199125,17.177242888402628,0.0,73.08533916849015,22.319474835886215,74.83588621444201,2.4070021881838075,61.59737417943107,83.26039387308533,75.92997811816193,7.330415754923414,2.078774617067834,2.735229759299781,11.37855579868709,70.45951859956236,17.396061269146607,3.1728665207877462,6.12691466083151,0.6564551422319475,11.597374179431073,80.63457330415756,0.0,0.0,93.98249452954047,2.4070021881838075,0.87527352297593,2.1881838074398248,41.903719912472646,33.479212253829324,2.4070021881838075,1.312910284463895,34.46389496717724,100.0,76.69584245076587,,,,,0.7658643326039387,4.814004376367615,5.7986870897155365,13.238512035010942,,,,,,32.16630196936543,67.83369803063458,58.971553610503285,15.207877461706783,7.111597374179431,21.99124726477024,7.2210065645514225,1.4223194748358863,0.0,1.0940919037199124,55.47045951859956,,,,,,,,,,,8.554319931565441,2.4726477,914,2.4726477,914,1.6412491,1377.0,0.90617484,2494.0
050801,7534,85.47916113618264,12.091850278736395,0.4114680116803823,0.2123705866737457,0.252190071675073,71.02468808070083,26.3870453942129,2.5882665250862757,89.73984603132466,48.18157685160605,41.55826917971861,10.260153968675338,87.3241306079108,0.5176533050172551,1.8051499867268384,0.09291213166976374,98.19485001327317,97.30554818157685,0.013273161667109106,0.8096628616936554,1.8051499867268384,0.0,91.8237324130608,1.9511547650650385,96.3631537032121,1.6724183700557473,76.99761083089992,97.09317759490311,88.34616405627821,8.7470135386249,1.274223520042474,0.4247411733474914,1.1149455800371648,55.30926466684364,28.65675603928856,5.455269445181842,6.875497743562517,1.513140430050438,44.239447836474646,49.960180514998676,0.06636580833554552,0.053092646668436425,62.34404035041147,11.932572338731086,20.44066896734802,4.579240775152641,6.118927528537298,73.53331563578445,9.742500663658083,8.494823466949827,23.997876294133263,100.0,92.77940005309264,,,,,4.406689673480223,11.985664985399522,4.526148128484205,16.710910538890364,,,,,,47.04008494823467,83.34218210777807,88.38598354127953,33.315635784443856,22.285638439076187,48.48685956994956,13.684629678789488,2.1900716750730025,0.3849216883461641,7.8444385452614815,82.98380674276612,,,,,,,,,,,3.5551929129269144,3.5249536,7534,3.5249536,7534,1.781273,14909.0,1.099259,24159.0
050802,1547,44.60245636716225,52.617970265029086,0.2585649644473174,0.19392372333548805,2.3270846800258567,38.720103425985776,13.70394311570782,47.5759534583064,25.274725274725274,14.93212669683258,10.342598577892696,74.72527472527473,24.69295410471881,0.2585649644473174,0.06464124111182935,0.2585649644473174,97.99612152553328,97.47899159663865,0.0,0.45248868778280543,2.0038784744667097,0.0,95.73367808661926,0.3878474466709761,97.47899159663865,2.0038784744667097,72.65675500969618,84.16289592760181,79.9612152553329,4.201680672268908,3.555268261150614,0.2585649644473174,11.506140917905624,31.932773109243698,25.016160310277957,5.429864253393665,6.98125404007757,29.153199741435035,8.338720103425986,60.31027795733678,1.680672268907563,0.0,93.66515837104072,2.0038784744667097,0.5171299288946348,3.2967032967032965,11.053652230122818,28.636069812540402,1.1635423400129283,0.5817711700064642,39.237233354880416,100.0,91.20879120879121,,,,,0.5817711700064642,4.0077569489334195,3.1027795733678087,19.004524886877828,,,,,,14.802844214608921,71.94570135746606,88.49385908209437,21.654815772462833,23.076923076923077,25.46864899806076,6.399482870071106,1.7453135100193924,0.2585649644473174,1.680672268907563,85.06787330316742,,,,,,,,,,,7.08955223880597,2.8409824,1547,2.8409824,1547,1.9533334,2250.0,1.1738782,3744.0
051102,722,57.61772853185595,24.099722991689752,15.096952908587257,1.6620498614958448,0.554016620498615,29.6398891966759,46.26038781163435,24.099722991689752,1.6620498614958448,1.2465373961218837,0.4155124653739612,98.33795013850416,0.0,0.13850415512465375,1.3850415512465375,0.13850415512465375,73.6842105263158,72.57617728531856,0.6925207756232687,0.0,26.31578947368421,0.0,83.37950138504155,14.12742382271468,84.34903047091413,1.5235457063711912,59.556786703601105,66.34349030470914,54.15512465373961,12.18836565096953,19.667590027700832,1.10803324099723,12.465373961218837,85.73407202216066,10.249307479224377,0.2770083102493075,2.770083102493075,0.554016620498615,29.224376731301938,66.7590027700831,0.0,0.0,70.49861495844875,21.46814404432133,4.570637119113574,2.6315789473684212,29.085872576177284,63.43490304709141,2.4930747922437675,3.0470914127423825,27.14681440443213,100.0,78.53185595567867,,,,,1.2465373961218837,14.404432132963988,4.43213296398892,24.79224376731302,,,,,,0.0,67.45152354570637,53.18559556786703,10.526315789473685,18.83656509695291,50.13850415512465,2.9085872576177287,9.141274238227147,1.2465373961218837,0.6925207756232687,56.92520775623269,,,,,,,,,,,3.2581453634085213,3.6121883,722,3.6121883,722,2.2271562,1171.0,1.2018433,2170.0
051201,5768,86.02635228848821,8.165742024965326,4.663661581137309,1.1789181692094313,0.624133148404993,52.53120665742025,41.86893203883495,5.599861303744799,60.714285714285715,25.866851595006935,34.84743411927878,39.285714285714285,22.295423023578362,3.7274618585298196,34.62205270457698,0.06934812760055478,95.94313453536755,95.64840499306518,0.03467406380027739,0.12135922330097088,4.056865464632455,0.0,97.64216366158114,0.22538141470180306,98.26629680998613,1.5083217753120666,76.94174757281553,79.09153952843273,66.10610263522885,12.985436893203884,8.65117891816921,1.0402219140083218,8.52981969486824,58.89389736477115,27.77392510402219,2.5485436893203883,7.888349514563107,1.1269070735090152,28.259361997226076,67.73578363384189,0.34674063800277394,0.06934812760055478,91.7995839112344,3.9008321775312065,1.7683772538141471,1.7163661581137308,5.790568654646324,62.51733703190014,10.679611650485437,2.444521497919556,30.68654646324549,100.0,92.75312066574203,,,,,3.606102635228849,10.50624133148405,4.039528432732316,14.667128987517337,,,,,,12.950762829403606,75.4507628294036,85.45423023578364,34.882108183079055,31.53606102635229,51.19625520110957,5.946601941747573,9.466019417475728,0.20804438280166435,5.703883495145631,82.59361997226075,,,,,,,,,,,4.512526411107757,2.9982662,5768,2.9982662,5768,1.6434476,10523.0,1.0147275,17043.0
051203,2240,96.69642857142857,2.9910714285714284,0.08928571428571429,0.044642857142857144,0.13392857142857142,59.285714285714285,39.910714285714285,0.8035714285714286,80.66964285714286,24.553571428571427,56.11607142857143,19.330357142857142,80.44642857142857,0.13392857142857142,0.0,0.08928571428571429,97.90178571428571,97.67857142857143,0.0,0.13392857142857142,2.0982142857142856,0.0,98.92857142857143,0.044642857142857144,99.0625,0.8482142857142857,62.857142857142854,96.96428571428571,89.24107142857143,7.723214285714286,1.2946428571428572,0.0,1.6517857142857142,51.42857142857143,37.142857142857146,1.4732142857142858,4.285714285714286,4.866071428571429,55.982142857142854,43.214285714285715,0.044642857142857144,0.0,92.72321428571429,1.4732142857142858,4.732142857142857,0.5357142857142857,3.4375,84.95535714285714,5.669642857142857,0.625,46.294642857142854,100.0,93.75,,,,,2.1875,2.4107142857142856,3.6607142857142856,29.330357142857142,,,,,,24.508928571428573,77.1875,87.54464285714286,22.544642857142858,38.482142857142854,19.107142857142858,7.276785714285714,0.5803571428571429,0.44642857142857145,1.5625,82.58928571428571,,,,,,,,,,,2.0008336807002918,3.5589285,2240,3.5589285,2240,2.3337235,3416.0,1.4520947,5490.0
051501,9384,85.54987212276215,7.832480818414322,4.443734015345268,0.6500426257459505,0.5008525149190111,62.09505541346974,28.21824381926684,9.686700767263428,80.93563512361466,39.25831202046036,41.67732310315431,19.064364876385337,74.98934356351236,1.0549872122762147,4.72080136402387,0.17050298380221654,95.20460358056266,94.77834612105711,0.0319693094629156,0.3090366581415175,4.79539641943734,0.0,96.83503836317135,0.49019607843137253,98.43350383631713,0.9697357203751066,78.16496163682865,95.73742540494459,81.01023017902813,14.727195225916454,1.9927536231884058,0.07459505541346974,1.9820971867007673,64.5993179880648,23.10315430520034,2.951832907075874,6.564364876385337,1.0123614663256606,36.615515771526,60.432651321398126,0.021312872975277068,0.010656436487638534,76.04433077578858,8.663682864450127,13.15004262574595,1.6837169650468884,10.16624040920716,68.80861040068201,13.256606990622336,5.0191815856777495,26.545183290707588,100.0,87.9156010230179,,,,,4.092071611253197,18.052003410059676,5.168371696504689,19.437340153452684,,,,,,36.55157715260017,83.22676896845695,84.79326513213981,19.948849104859335,22.623614663256607,53.388746803069054,8.418584825234442,3.3780903665814153,0.1278772378516624,4.251918158567775,78.49531116794545,,,,,,,,,,,5.295508274231678,3.640665,9384,3.640665,9384,1.9177098,17815.0,1.2486842,27360.0
060101,47826,89.47852632459332,6.920921674403044,2.3167314849663363,2.10136745703174,0.2906368920670765,74.31313511479112,18.83703424915318,6.849830636055702,92.71107765650483,45.64462844477899,47.06644921172584,7.28892234349517,81.62296658721198,3.1970058127378413,7.677832141512985,0.21327311504202734,96.89081252875005,96.59599381089784,0.012545477355413373,0.0961819930581692,3.109187471249948,46.51863003387279,48.69736126792958,1.802366913394388,95.402082549241,2.699368544306444,75.57604650190272,95.76799230544056,78.40505164554844,17.362940659892107,1.8692761259565926,0.7945468991761803,1.2357295195082172,55.172918496215445,28.555597373813406,4.495462719023125,7.533559151925731,1.7312758750470456,83.29569690126709,15.3535733701334,0.17981850876092503,0.043909170743946804,39.08125287500523,24.13749843181533,34.25333500606365,0.5248191360347928,5.007736377702505,42.037803705097645,33.22669677581232,17.411031656421194,33.38142432986242,100.0,88.8073432860787,,,,,5.5911010747292265,9.36938067160122,3.3810061472839044,14.868481579057416,,,,,,41.1198929452599,81.66269393217078,88.79270689583072,39.842345167900305,32.82942332622423,35.116882030694605,17.78112323840589,1.5640028436415339,0.2446368084305608,16.026847321540586,85.52879187053067,,,,,,,,,,,4.999066990110095,3.6287584,47826,3.6287584,47826,1.7648034,98339.0,1.3210703,131370.0
060202,7600,92.9342105263158,5.276315789473684,1.0789473684210527,0.9736842105263158,0.34210526315789475,75.94736842105263,22.67105263157895,1.381578947368421,94.98684210526316,47.4078947368421,47.578947368421055,5.0131578947368425,78.72368421052632,3.013157894736842,12.947368421052632,0.3026315789473684,97.72368421052632,97.52631578947368,0.0,0.10526315789473684,2.276315789473684,63.078947368421055,32.36842105263158,1.5526315789473684,95.52631578947368,2.8684210526315788,80.65789473684211,90.60526315789474,65.25,25.355263157894736,7.855263157894737,0.75,0.6447368421052632,63.68421052631579,24.18421052631579,2.1578947368421053,6.697368421052632,1.618421052631579,86.13157894736842,8.842105263157896,4.092105263157895,0.21052631578947367,48.421052631578945,11.25,36.71052631578947,1.144736842105263,6.947368421052632,58.98684210526316,20.92105263157895,11.842105263157896,30.894736842105264,100.0,83.90789473684211,,,,,2.6578947368421053,11.210526315789474,3.8026315789473686,18.039473684210527,,,,,,40.81578947368421,78.90789473684211,88.26315789473684,25.736842105263158,30.460526315789473,38.28947368421053,31.43421052631579,1.9605263157894737,0.5,9.131578947368421,81.65789473684211,,,,,,,,,,,5.129703201682636,3.733816,7600,3.733816,7600,1.934224,14671.0,1.4181409,20010.0
060301,15658,89.8326733937923,6.501468897688083,1.6860390854515264,1.1623451270915826,1.7179716438881083,78.24115468131306,18.827436454208712,2.931408864478222,96.55767020053646,42.39366458040618,54.16400562013028,3.442329799463533,81.03206028867032,2.3438497892451142,12.945459190190318,0.23630093243070635,97.91799718993485,97.6625367224422,0.012773023374632776,0.12773023374632775,2.082002810065142,41.557031549367736,53.19964235534551,2.2352790905607356,94.92910972027079,2.7717460722953122,79.48652446033977,94.04777110742113,76.17192489462256,17.87584621279857,3.876612594201047,0.2810065142419211,1.6157874568910462,54.19593817856687,27.93460212032188,4.3556009707497765,8.704815429812237,1.7754502490739559,91.26325201175118,2.9888874696640695,5.147528419977008,0.07663814024779665,74.69025418316515,13.424447566739047,10.231191723080853,0.17243581555754248,9.24766892323413,58.8453186869332,20.43683739941244,8.289692170136671,28.80316770979691,100.0,86.99706220462383,,,,,3.1166177034103972,10.441946608762294,3.8893856175756802,16.221739685783625,,,,,,36.62025801507217,77.92182909694725,88.63839570826414,28.92451143185592,26.938306297100524,39.86460595222889,14.714522927576958,2.5609911866138715,0.26823349086728826,12.645293140886448,84.05288031677098,,,,,,,,,,,3.3719027582982704,3.8961554,15658,3.8961554,15658,1.9091222,31955.0,1.4737529,41395.0
060302,962,96.88149688149689,2.8066528066528065,0.0,0.0,0.10395010395010396,67.67151767151768,32.016632016632016,0.31185031185031187,96.04989604989605,30.76923076923077,65.28066528066527,3.95010395010395,85.96673596673597,2.182952182952183,7.9002079002079,0.0,98.44074844074844,98.23284823284823,0.0,0.10395010395010396,1.5592515592515592,40.644490644490645,47.71309771309771,2.182952182952183,88.35758835758836,9.355509355509355,66.11226611226611,98.44074844074844,76.0914760914761,22.34927234927235,0.7276507276507277,0.0,0.7276507276507277,45.01039501039501,44.6985446985447,1.5592515592515592,4.6777546777546775,2.3908523908523907,82.22453222453223,11.954261954261954,4.261954261954262,0.4158004158004158,51.767151767151766,37.733887733887734,9.251559251559252,0.5197505197505198,6.548856548856548,68.1912681912682,20.893970893970895,2.286902286902287,46.46569646569647,100.0,91.16424116424116,,,,,3.0145530145530146,4.054054054054054,1.975051975051975,16.112266112266113,,,,,,26.81912681912682,67.04781704781705,78.6902286902287,32.12058212058212,25.675675675675677,21.1018711018711,14.345114345114345,0.31185031185031187,0.31185031185031187,14.553014553014552,76.61122661122661,,,,,,,,,,,2.671415850400712,3.0862787,962,3.0862787,962,1.7516224,1695.0,1.3398014,2216.0
060303,7908,86.43146181082449,10.445118866970157,2.01062215477997,1.6818411734951948,0.8598887202832575,67.66565503287809,29.236216489630753,3.0981284774911484,90.65503287809813,47.09155285786545,43.563480020232674,9.344967121901872,50.910470409711685,5.171977744056652,34.30703085483055,0.26555386949924126,90.93323216995448,88.3409205867476,0.18968133535660092,1.580677794638341,9.066767830045524,27.718765806777945,59.86342943854325,8.472432979261507,87.80981284774911,3.667172483560951,68.27263530601923,80.19726858877087,63.45472938796156,16.742539200809308,14.074355083459787,3.51542741527567,1.7324228629236216,66.08497723823976,22.685887708649467,2.604957005563986,5.108750632271118,1.669195751138088,81.1962569549823,9.863429438543248,5.4248861911987865,0.644916540212443,82.92867981790592,13.151239251390997,1.8588770864946889,0.30349013657056145,18.89226100151745,55.05816894284269,18.66464339908953,2.4785027819929186,36.50733434496712,100.0,77.33940313606475,,,,,3.464845725847243,5.3237228123419325,3.8189175518462317,19.638340920586746,,,,,,27.819929185634802,67.13454729387962,77.13707637835104,23.672230652503792,24.0642387455741,32.67577137076378,23.710166919575112,3.629236216489631,0.7966616084977238,11.05209914011128,73.4951947395043,,,,,,,,,,,5.868648768582205,3.6363177,7908,3.6363177,7908,1.9670292,14619.0,1.5020894,19144.0
060501,874,93.24942791762014,3.0892448512585813,1.2585812356979404,0.8009153318077803,0.0,68.99313501144165,27.80320366132723,3.203661327231121,93.02059496567506,67.84897025171625,25.17162471395881,6.979405034324943,81.00686498855835,2.1739130434782608,9.267734553775744,0.5720823798627003,95.9954233409611,95.76659038901602,0.0,0.0,4.004576659038902,64.41647597254004,30.663615560640732,3.5469107551487413,95.19450800915332,1.2585812356979404,90.04576659038902,84.09610983981693,67.84897025171625,16.247139588100687,10.983981693363845,1.0297482837528604,3.5469107551487413,68.8787185354691,12.814645308924485,0.34324942791762014,10.869565217391305,4.691075514874142,52.63157894736842,46.796338672768876,0.0,0.0,4.3478260869565215,86.04118993135012,8.810068649885583,0.5720823798627003,2.059496567505721,44.16475972540046,30.663615560640732,19.107551487414188,17.734553775743706,100.0,95.88100686498856,,,,,0.9153318077803204,14.073226544622425,2.6315789473684212,11.670480549199084,,,,,,60.297482837528605,83.06636155606407,84.09610983981693,34.43935926773455,36.04118993135011,50.45766590389016,17.963386727688786,2.9748283752860414,0.11441647597254005,9.610983981693364,81.80778032036613,,,,,,,,,,,6.749049429657795,3.4816933,874,3.4816933,874,1.5965372,1906.0,0.99217474,3067.0
060601,1154,95.1473136915078,4.592720970537262,0.0,0.0,0.0,83.44887348353552,15.771230502599654,0.779896013864818,94.45407279029463,36.04852686308492,58.40554592720971,5.545927209705373,83.10225303292894,4.592720970537262,6.499133448873484,0.25996533795493937,97.22703639514731,96.62045060658579,0.0,0.43327556325823224,2.7729636048526864,34.922010398613516,58.05892547660312,2.946273830155979,93.06759098786829,3.9861351819757367,68.89081455805892,97.05372616984403,77.38301559792028,19.670710571923742,2.339688041594454,0.0,0.43327556325823224,49.480069324090124,38.128249566724435,1.9930675909878683,6.845753899480069,2.339688041594454,61.35181975736568,36.22183708838821,1.9930675909878683,0.0,21.837088388214905,58.40554592720971,18.80415944540728,0.3466204506065858,5.025996533795494,61.871750433275565,24.696707105719238,7.365684575389948,41.334488734835354,100.0,91.76776429809358,,,,,1.4731369150779896,5.1993067590987865,2.166377816291161,20.103986135181977,,,,,,32.23570190641248,78.85615251299826,82.92894280762565,24.003466204506065,23.743500866551127,26.776429809358753,8.405545927209705,1.0398613518197575,0.25996533795493937,3.9861351819757367,78.42287694974003,,,,,,,,,,,3.1203566121842496,3.2807627,1154,3.2807627,1154,1.8892215,2004.0,1.3368644,2832.0
070101,357586,94.36331399998882,4.945943073833987,0.5593060130989468,0.4373773022433764,0.07075221065701677,73.46540412655976,26.02702566655294,0.5075702068872943,96.82537906965038,46.51608284440666,50.30929622524372,3.1746209303496222,53.82117868149201,20.624688886030214,22.17256827728155,0.20694322484661032,98.97674964903548,98.57237140156494,0.01398265032747367,0.18261341327680614,1.0232503509645232,6.625259378163575,88.46123729676218,0.9891326841654875,95.55211893083063,3.3874368683337717,71.78077441510574,94.38400832247348,79.59595733613732,14.788050986336154,3.9604458787536423,0.688226049118254,0.7743591751354919,50.95082022226821,30.225456253880186,6.035191534344186,8.582830424009888,2.0395093767653094,94.42399870241005,1.3862399534657397,3.04849742439581,0.07550631176835783,17.38099366306287,71.81656999994406,7.751422035538304,0.14709748144502302,4.283165448311735,33.36567986442422,45.711521144563825,4.302461505763649,33.42832213789131,100.0,86.65551783347223,,,,,5.297187250060126,12.99575486736058,4.124042887585085,18.142488799897087,,,,,,37.90780399680077,69.6478609341529,89.52196115060433,39.22021555653745,33.31030856912743,27.97732573422897,6.876108125038452,0.6171941854546878,0.2846867606673639,23.650254763888967,85.78300045303787,,,,,,,,,,,3.8604513750626195,3.9158664,357586,3.9158664,357586,1.9029447,735838.0,1.4769075,948102.0
070102,7746,87.20630002581977,8.520526723470178,3.8858765814613996,3.1887425768138393,0.14200877872450296,61.541440743609606,35.83785179447457,2.6207074619158277,90.4854118254583,45.80428608313969,44.68112574231861,9.514588174541698,22.540666150271107,23.93493415956623,43.72579395817196,0.2840175574490059,95.63645752646528,94.7714949651433,0.025819777949909632,0.3356571133488252,4.363542473534728,3.1758326878388847,89.47844048541182,5.57707203718048,92.80919184095016,1.5750064549444875,71.70152336689904,56.08055770720372,44.500387296669246,11.58017041053447,33.41079266718306,4.415182029434547,4.621740253033824,60.87012651691195,18.57733023495998,2.4916085721662795,9.101471727343144,5.680351148980119,90.6016008262329,2.8789052414149237,3.3953008004131164,0.3356571133488252,20.59127291505293,70.33307513555384,2.168861347792409,0.9166021172217919,7.810482829847663,26.955848179705654,27.446423960753936,2.7627162406403305,35.46346501420088,100.0,74.9419054996127,,,,,1.2651691195455719,11.438161631809967,5.176865478956881,27.53679318357862,,,,,,23.999483604441,64.75600309837336,83.97882778208107,21.430415698424994,23.173250710043895,33.74644978053189,23.224890265943714,2.0139426800929514,0.555125225923057,10.302091402013943,80.01549186676995,,,,,,,,,,,6.071673133987674,4.357604,7746,4.357604,7746,2.335917,14450.0,1.8706496,18044.0
070103,958,92.90187891440502,1.1482254697286012,5.845511482254698,5.6367432150313155,0.10438413361169102,88.62212943632568,10.334029227557412,1.0438413361169103,97.49478079331942,84.55114822546973,12.943632567849686,2.5052192066805845,42.693110647181626,27.870563674321502,26.826722338204593,0.10438413361169102,98.01670146137788,97.07724425887265,0.31315240083507306,0.4175365344467641,1.9832985386221293,0.0,90.39665970772442,5.949895615866389,93.1106471816284,0.7306889352818372,91.54488517745303,83.29853862212944,62.21294363256785,21.085594989561585,11.795407098121085,2.7139874739039667,0.9394572025052192,74.63465553235908,10.960334029227557,1.0438413361169103,3.4446764091858038,6.8893528183716075,93.94572025052192,1.4613778705636744,0.5219206680584552,0.20876826722338204,5.11482254697286,78.07933194154488,13.465553235908143,1.8789144050104385,4.801670146137787,11.064718162839249,67.01461377870564,4.07098121085595,10.12526096033403,100.0,91.02296450939457,,,,,1.5657620041753653,13.152400835073069,3.653444676409186,10.020876826722338,,,,,,65.0313152400835,84.65553235908142,92.37995824634656,64.19624217118998,67.74530271398747,51.25260960334029,19.41544885177453,2.4008350730688934,0.9394572025052192,52.505219206680586,91.7536534446764,,,,,,,,,,,20.811017597551643,4.234864,958,4.234864,958,1.4693952,2761.0,1.0206289,3975.0
070104,18957,87.6773751120958,8.223875085720314,2.685024001688031,2.352692936646094,1.1446958907000053,58.31618927045419,38.61370470011078,3.070106029435037,93.3903043730548,47.34398902779976,46.04631534525505,6.609695626945192,1.8410085984069209,39.943028960278525,51.28448594186844,0.32178087250092313,97.29915070950045,96.32853299572717,0.02110038508202775,0.26375481352534685,2.700849290499552,2.9171282375903362,91.58094635227093,3.275834783984808,94.76710449965712,1.8779342723004695,71.6410824497547,77.78656960489529,54.80825025056707,22.978319354328217,15.80946352270929,3.671467004272828,2.141689085825816,62.31471224349844,20.715303054280742,3.244184206361766,7.063353906208788,4.315028749274674,93.90198871129398,1.5719786886110672,2.4845703434087674,0.07912644405760405,12.67605633802817,77.1852086300575,5.428074062351638,0.3587065463944717,5.180144537637812,41.557208419053644,36.69884475391676,1.7302315767262753,31.94598301419001,100.0,80.55599514691143,,,,,2.1047634119322676,11.230679959909269,3.7031175818958695,23.55857994408398,,,,,,23.61133090678905,68.4443741098275,87.27119269926676,24.95120535949781,31.075592129556366,33.333333333333336,11.114627841958116,1.318774067626734,0.3428812575829509,11.65796275782033,83.4994988658543,,,,,,,,,,,4.620973601356261,4.127499,18957,4.127499,18957,2.1755874,35965.0,1.7353456,45089.0
070105,7702,93.0927031939756,5.790703713321215,0.636198390028564,0.4544274214489743,0.09088548428979486,49.05219423526357,49.7662944689691,1.1815112957673333,92.84601402233186,40.911451571020514,51.93456245131135,7.153985977668138,32.78369254739029,10.283043365359648,49.4417034536484,0.33757465593352376,96.72812256556739,96.10490781615165,0.10386912490262269,0.20773824980524538,3.2718774344326147,0.0,89.67800571280186,7.971955336276292,90.14541677486368,1.843676967021553,66.43728901584004,77.3305634900026,63.243313425084395,14.087250064918203,17.943391326928072,1.7787587639574136,2.5837444819527398,62.41236042586341,24.305375227213712,2.9862373409504026,7.361724227473384,1.7917424045702415,92.1189301480135,4.024928589976629,2.0384315762139704,0.1428200467411062,6.790444040508959,85.65307712282524,3.908075824461179,0.8179693586081537,8.348480914048299,57.556478836665804,24.474162555180474,2.466891716437289,36.39314463775643,100.0,84.53648403012204,,,,,2.2981043884705272,12.957673331602182,4.284601402233186,24.136587899246948,,,,,,17.917424045702415,65.65827057907038,83.73149831212672,19.709166450272658,25.370033757465592,34.28979485847832,23.175798493897688,0.9088548428979486,0.20773824980524538,8.205660867307193,79.82342248766554,,,,,,,,,,,3.178220196689854,4.084264,7702,4.084264,7702,2.2008677,14293.0,1.7145582,18347.0
070201,19509,90.28140858065508,7.51448049618125,1.9683223127787175,1.6248910759136808,0.1127684658362807,52.411707417089545,46.281203547080835,1.307089035829617,84.20216310420831,43.3851043108309,40.81705879337741,15.797836895791686,24.747552411707417,21.969347480649958,37.13158029627351,0.3536829155774258,95.77630837049567,95.03818750320364,0.03588087549336204,0.18965605617919934,4.223691629504331,4.746527243836178,90.03024245220155,2.9268542723871036,94.9920549489979,2.045209903121636,64.32928392024193,64.44717822543441,51.92475267825106,12.522425547183351,27.710287559587883,4.290327541134861,3.0344968988671894,68.69137321236353,15.449279819570455,2.619303911015429,8.385873186734328,2.8038341278384333,90.55820390588958,1.7479112204623508,5.059203444564047,0.35880875493362036,17.166436003895637,73.33025782971961,2.5526679993848993,1.1584396944999744,10.441334768568353,36.54210877031114,26.874775744528165,1.7632887385309344,41.37577528320262,100.0,68.4299554051976,,,,,1.5685068429955404,10.53872571633605,4.654262135424676,28.58168025014096,,,,,,24.42462453226716,62.15592803321544,82.57727202829463,20.036906043364603,21.138961504946433,28.684197037264852,21.39012763339997,0.7329950279358245,0.26141780716592344,9.118868214670153,76.32374801373724,,,,,,,,,,,5.70179518184355,4.0844226,19509,4.0844226,19509,2.375477,33544.0,1.9110466,41696.0
070202,1241,86.38195004029009,5.9629331184528604,7.413376309427881,6.768734891216761,0.08058017727639001,43.674456083803385,54.713940370668816,1.6116035455278002,94.03706688154713,40.3706688154714,53.66639806607574,5.9629331184528604,1.4504431909750202,44.23851732473811,47.86462530217567,0.48348106365834004,97.17969379532634,96.61563255439162,0.16116035455278002,0.32232070910556004,2.8203062046736505,0.0,93.07010475423046,4.8348106365834,94.19822723609992,0.9669621273166801,66.31748589846897,69.94359387590653,56.64786462530218,13.295729250604351,26.83319903303787,1.6921837228041903,1.1281224818694602,59.22643029814665,19.016921837228043,2.8203062046736505,9.75020145044319,8.138597904915391,77.67929089443997,11.44238517324738,2.5785656728444803,2.9008863819500403,14.5044319097502,65.3505237711523,2.0145044319097503,11.603545527800161,19.258662369057213,35.777598710717164,23.368251410153103,4.915390813859791,32.47381144238517,100.0,69.05721192586624,,,,,1.9339242546333602,14.5044319097502,5.398871877518131,41.257050765511686,,,,,,22.159548751007254,49.79854955680902,84.85092667203868,20.064464141821112,21.837228041901692,27.074939564867044,47.86462530217567,1.36986301369863,1.2892828364222402,10.233682514101531,78.9685737308622,,,,,,,,,,,3.0642750373692076,5.048348,1241,5.048348,1241,2.7672262,2264.0,2.1051748,2976.0
070301,4874,95.97866228970045,2.9954862535904803,0.6565449322938038,0.18465326220763234,0.16413623307345096,65.92121460812474,33.17603610997128,0.9027492819039803,98.27656955272876,43.619203939269596,54.65736561345917,1.7234304472712352,27.69798933114485,13.02831350020517,57.42716454657366,0.12310217480508823,96.01969634796882,95.2605662700041,0.04103405826836274,0.2051702913418137,3.980303652031186,0.0,70.18875666803447,27.369716864997947,70.61961427985227,1.8054985638079606,77.8621255642183,78.49815346737792,68.4037751333607,10.094378334017234,15.941731637258926,2.1953221173574065,1.9491177677472302,61.09971276159212,22.527697989331145,2.708247845711941,8.965941731637258,2.728764874846122,39.002872384078785,45.486253590480096,7.796471070988921,0.1436192039392696,11.6741895773492,80.96019696347969,0.4924086992203529,1.0463684858432498,18.85514977431268,20.558063192449733,19.121871153057036,2.4004924086992205,25.523184242921626,100.0,81.47312269183422,,,,,1.9286007386130488,7.427164546573656,5.313910545752975,25.13336068937218,,,,,,21.54288059089044,70.08617152236356,82.62207632334838,23.225276979893312,17.193270414443987,26.733688961838325,41.13664341403365,1.9696347968814116,0.4924086992203529,12.043496101764465,78.00574476815757,,,,,,,,,,,3.364762432982067,4.6017647,4874,4.6017647,4874,2.154149,10412.0,1.7150176,13078.0
070302,1177,87.59558198810535,2.7187765505522514,8.156329651656755,6.711979609175871,0.08496176720475786,51.06202209005947,44.3500424808836,4.587935429056924,96.94137638062871,42.90569243840272,54.035683942226,3.058623619371283,1.18946474086661,12.829226847918436,82.15802888700085,0.7646559048428208,94.05267629566696,92.9481733220051,0.0,0.594732370433305,5.9473237043330505,0.0,61.17247238742566,35.938827527612574,61.93712829226848,2.1240441801189465,79.52421410365335,55.310110450297366,47.83347493627868,7.4766355140186915,37.38317757009346,3.7383177570093458,2.2090059473237043,72.72727272727273,16.397621070518266,0.42480883602378927,7.731520815632965,2.463891248937978,22.005097706032284,59.81308411214953,2.293967714528462,0.08496176720475786,4.502973661852167,92.3534409515718,0.2548853016142736,0.8496176720475785,24.97875955819881,7.56159728122345,12.404418011894647,0.42480883602378927,20.815632965165676,100.0,82.75276125743416,,,,,0.6796941376380629,8.241291418861513,3.9932030586236196,14.528462192013594,,,,,,7.816482582837723,65.5055225148683,79.52421410365335,18.181818181818183,10.705182667799491,23.789294817332202,39.67714528462192,0.9345794392523364,0.08496176720475786,6.796941376380628,71.3678844519966,,,,,,,,,,,7.0164348925410875,3.6635513,1177,3.6635513,1177,1.7788779,2424.0,1.3466583,3202.0
070303,623,89.40609951845907,2.568218298555377,7.38362760834671,7.062600321027287,0.0,56.17977528089887,41.25200642054575,2.568218298555377,96.62921348314607,45.42536115569823,51.203852327447834,3.3707865168539324,0.8025682182985554,15.409309791332264,80.09630818619583,0.32102728731942215,90.69020866773675,89.7271268057785,0.0,0.0,9.309791332263242,0.0,64.04494382022472,34.99197431781702,64.36597110754414,0.6420545746388443,83.46709470304975,11.235955056179776,1.4446227929373996,9.791332263242376,64.04494382022472,4.333868378812199,17.174959871589085,75.92295345104334,14.285714285714286,0.6420545746388443,4.49438202247191,4.173354735152488,40.93097913322632,10.593900481540931,23.434991974317818,0.0,26.484751203852326,60.99518459069021,0.32102728731942215,2.086677367576244,42.0545746388443,19.582664526484752,19.903691813804173,1.1235955056179776,33.06581059390048,100.0,64.04494382022472,,,,,1.7656500802568218,4.654895666131621,4.333868378812199,35.47351524879615,,,,,,9.951845906902086,58.908507223113965,79.93579454253612,15.569823434991974,18.459069020866774,21.829855537720707,33.86837881219904,1.6051364365971108,0.48154093097913325,7.704654895666132,67.41573033707866,,,,,,,,,,,3.14070351758794,4.8298554,623,4.8298554,623,2.5264482,1191.0,2.0181086,1491.0
070401,1019,94.99509322865555,3.827281648675172,0.49067713444553485,0.19627085377821393,0.19627085377821393,56.820412168792934,41.805691854759566,1.3738959764474976,90.67713444553483,65.45632973503434,25.22080471050049,9.322865554465162,41.805691854759566,20.902845927379783,27.674190382728163,0.2944062806673209,94.60255152109912,93.62119725220805,0.0,0.0,5.397448478900883,0.0,85.37782139352306,12.463199214916585,85.7703631010795,1.7664376840039253,75.46614327772326,55.54465161923454,45.14229636898921,10.40235525024534,34.83807654563297,5.004906771344455,3.336604514229637,68.20412168792934,18.743866535819432,0.7850834151128557,7.556427870461237,3.7291462217860647,84.396467124632,7.1638861629048085,1.5701668302257115,0.7850834151128557,26.005888125613346,64.18056918547596,0.8832188420019627,6.967615309126595,12.659470068694798,38.272816486751715,26.20215897939156,1.1776251226692835,27.379784102060842,100.0,78.11579980372915,,,,,1.3738959764474976,15.112855740922473,4.808635917566241,23.25809617271835,,,,,,46.61432777232581,69.47988223748773,77.4288518155054,20.11776251226693,18.44946025515211,24.730127576054954,36.89892051030422,1.1776251226692835,0.2944062806673209,7.75269872423945,74.09224730127576,,,,,,,,,,,5.87288817377313,4.0736017,1019,4.0736017,1019,2.109248,1968.0,1.5855615,2618.0
070402,2936,84.91144414168937,8.685286103542234,5.926430517711172,1.6348773841961852,0.10217983651226158,36.58038147138964,53.57629427792916,9.8433242506812,86.34196185286103,48.80790190735695,37.53405994550409,13.658038147138965,1.055858310626703,30.517711171662125,54.2574931880109,0.510899182561308,87.94277929155314,86.58038147138964,0.2724795640326976,0.3405994550408719,12.057220708446867,0.0,83.17438692098092,14.816076294277929,83.34468664850137,1.8051771117166213,68.46049046321527,56.335149863760215,51.328337874659404,5.006811989100817,36.716621253406,3.303814713896458,2.963215258855586,73.02452316076294,14.645776566757494,1.2942779291553133,5.2111716621253406,3.7806539509536785,81.40326975476839,2.997275204359673,11.239782016348775,1.0899182561307903,56.335149863760215,34.19618528610354,1.6348773841961852,5.790190735694823,15.837874659400544,48.91008174386921,17.506811989100818,2.2479564032697548,34.502724795640326,100.0,71.49182561307902,,,,,0.715258855585831,16.553133514986374,6.539509536784741,29.802452316076295,,,,,,19.141689373297,63.079019073569484,73.56948228882834,17.983651226158038,21.49182561307902,34.16212534059945,39.237057220708444,2.2138964577656677,0.4087193460490463,8.140326975476839,70.50408719346049,,,,,,,,,,,2.1953547566019727,4.368529,2936,4.368529,2936,2.3520997,5453.0,1.8011515,7121.0
070403,8484,73.36162187647336,10.737859500235738,11.786892975011787,2.663837812352664,0.023573785950023574,34.71239981140971,49.493163602074496,15.794436586515795,80.56341348420557,31.93069306930693,48.632720414898635,19.436586515794435,21.58180103724658,17.197076850542196,41.5016501650165,0.2828854314002829,86.16218764733617,84.99528524281,0.12965582272512965,0.2710985384252711,13.837812352663837,1.6973125884016973,81.77746346063178,13.731730315888731,83.71051390853371,2.428099952852428,59.73597359735974,32.41395568128242,20.403111739745402,12.010843941537011,59.06412069778406,3.983969825553984,3.4535596416784538,68.21074964639321,21.204620462046204,1.3672795851013673,5.728429985855729,2.392739273927393,77.61669024045261,0.2593116454502593,18.552569542668554,1.5794436586515794,69.000471475719,20.63884959924564,3.6421499292786423,4.809052333804809,18.92975011786893,57.6025459688826,19.024045261669023,0.7543611504007544,44.271570014144274,100.0,70.14380009429514,,,,,2.157001414427157,12.376237623762377,5.056577086280057,25.87223008015087,,,,,,14.486091466289485,66.48986327204149,72.1004243281471,16.20697784064121,23.09052333804809,23.09052333804809,44.53088165959453,1.1786892975011787,0.5304101838755304,5.763790664780764,67.53889674681754,,,,,,,,,,,2.756327756327756,3.8038661,8484,3.8038661,8484,2.2108653,14597.0,1.7613797,18322.0
070404,1084,79.98154981549816,4.059040590405904,15.22140221402214,14.391143911439114,0.5535055350553506,64.94464944649447,32.93357933579336,2.121771217712177,95.01845018450184,53.96678966789668,41.05166051660517,4.981549815498155,23.062730627306273,34.40959409594096,37.17712177121771,0.36900369003690037,96.40221402214023,96.12546125461255,0.0,0.09225092250922509,3.5977859778597785,0.0,94.92619926199262,1.937269372693727,95.47970479704797,2.3985239852398523,74.6309963099631,81.64206642066421,72.0479704797048,9.59409594095941,14.114391143911439,3.321033210332103,0.6457564575645757,61.43911439114391,15.867158671586715,2.121771217712177,7.472324723247232,11.992619926199263,85.79335793357933,0.5535055350553506,11.07011070110701,0.18450184501845018,58.39483394833948,36.162361623616235,2.5830258302583027,1.5682656826568266,10.885608856088561,54.24354243542435,26.014760147601475,3.9667896678966788,35.51660516605166,100.0,80.5350553505535,,,,,2.029520295202952,16.512915129151292,5.25830258302583,33.67158671586716,,,,,,32.38007380073801,57.564575645756456,78.96678966789668,24.44649446494465,26.568265682656826,43.72693726937269,34.96309963099631,0.922509225092251,4.428044280442805,14.022140221402214,77.30627306273063,,,,,,,,,,,2.506063055780113,4.440037,1084,4.440037,1084,2.3284955,2067.0,1.7195427,2799.0
070501,2680,98.35820895522389,1.0820895522388059,0.14925373134328357,0.11194029850746269,0.26119402985074625,52.350746268656714,46.71641791044776,0.9328358208955224,96.23134328358209,41.865671641791046,54.365671641791046,3.7686567164179103,0.8582089552238806,44.55223880597015,50.41044776119403,0.41044776119402987,97.68656716417911,97.5,0.0,0.11194029850746269,2.3134328358208953,0.0,88.2089552238806,9.701492537313433,88.35820895522389,1.9402985074626866,71.00746268656717,80.55970149253731,70.85820895522389,9.701492537313433,16.753731343283583,0.5970149253731343,1.6044776119402986,63.76865671641791,21.567164179104477,2.014925373134328,7.08955223880597,3.955223880597015,66.86567164179104,5.708955223880597,4.17910447761194,0.07462686567164178,19.738805970149254,77.35074626865672,0.5223880597014925,0.5223880597014925,15.82089552238806,39.25373134328358,21.19402985074627,2.014925373134328,29.925373134328357,100.0,79.44029850746269,,,,,1.455223880597015,4.813432835820896,3.955223880597015,27.574626865671643,,,,,,22.08955223880597,65.0,85.82089552238806,20.597014925373134,17.649253731343283,24.70149253731343,30.78358208955224,0.9701492537313433,0.1865671641791045,11.791044776119403,79.21641791044776,,,,,,,,,,,2.7064538514920193,4.4402986,2680,4.4402986,2680,2.3356233,5095.0,1.7705698,6721.0
070502,2138,91.58091674462113,3.9289055191768005,4.349859681945744,3.9289055191768005,0.09354536950420954,40.78578110383536,57.483629560336766,1.7305893358278766,93.77923292797007,41.48737137511693,52.291861552853135,6.220767072029934,0.8419083255378859,27.92329279700655,64.7801683816651,0.23386342376052385,96.25818521983162,95.41627689429373,0.0,0.18709073900841908,3.7418147801683816,0.0,93.31150608044902,4.396632366697848,93.35827876520112,2.1047708138447145,65.10757717492984,86.3423760523854,75.72497661365762,10.617399438727784,11.36576239476146,0.6548175865294668,1.216089803554724,60.851262862488305,24.41534144059869,2.666043030869972,6.407857811038354,4.303086997193639,92.56314312441535,2.198316183348924,3.0402245088868103,0.04677268475210477,18.52198316183349,76.00561272217026,1.3096351730589335,0.2806361085126286,8.793264733395697,38.681010289990645,25.818521983161833,2.1047708138447145,34.565014031805426,100.0,73.4798877455566,,,,,1.6838166510757717,10.19644527595884,4.770813844714687,30.168381665107578,,,,,,14.03180542563143,66.6978484565014,83.02151543498597,19.87839101964453,16.697848456501404,31.805425631431245,38.11973807296539,1.6838166510757717,0.2806361085126286,9.12067352666043,77.54911131898972,,,,,,,,,,,1.9676432006996065,4.4256315,2138,4.4256315,2138,2.4125447,3922.0,1.9581953,4832.0
070503,2442,98.07534807534807,0.9009009009009009,0.0819000819000819,0.0819000819000819,0.04095004095004095,57.08435708435709,41.52334152334152,1.3923013923013923,94.1031941031941,52.62080262080262,41.482391482391485,5.896805896805897,27.55937755937756,24.365274365274367,42.17854217854218,0.0,97.82964782964783,97.62489762489763,0.0819000819000819,0.12285012285012285,2.1703521703521704,0.0,75.7985257985258,21.785421785421786,76.04422604422605,2.1703521703521704,81.36773136773137,55.11875511875512,45.65929565929566,9.45945945945946,34.84848484848485,6.920556920556921,1.556101556101556,67.64946764946765,17.403767403767404,1.8018018018018018,7.657657657657658,4.054054054054054,73.42342342342343,15.683865683865683,2.7027027027027026,0.9009009009009009,15.028665028665028,81.9000819000819,0.778050778050778,0.45045045045045046,16.052416052416053,58.68140868140868,18.83701883701884,3.1531531531531534,23.382473382473382,100.0,82.35053235053235,,,,,0.9009009009009009,7.207207207207207,4.2588042588042585,21.334971334971335,,,,,,32.22768222768223,71.86732186732186,85.05323505323506,22.604422604422606,24.774774774774773,25.634725634725633,16.543816543816543,0.6552006552006552,0.45045045045045046,11.22031122031122,82.51433251433251,,,,,,,,,,,4.992816091954023,4.0692058,2442,4.0692058,2442,2.0497112,4848.0,1.4767425,6729.0
070601,3189,93.72844151771716,0.658513640639699,5.55032925682032,3.951081843838194,0.06271558482282848,65.53778613985575,31.138287864534338,3.323925995609909,92.91313891502038,39.54217623079335,53.37096268422703,7.086861084979618,53.62182502351835,18.971464408905614,20.037629350893695,0.28222013170272814,96.29978049545312,95.42176230793352,0.15678896205707119,0.21950454687989965,3.70021950454688,0.0,90.93759799310129,7.463154593916588,91.21981812480401,1.2856694888679836,76.79523361555347,89.02477265600501,76.70116023831922,12.323612417685794,8.529319535904673,1.066164941988084,1.066164941988084,70.30417058639071,13.295703982439637,1.4738162433364692,7.714016933207902,5.675760426465977,92.31734085920351,3.574788334901223,1.5051740357478833,0.533082470994042,8.184383819379116,87.33145186578865,0.28222013170272814,3.762935089369708,6.36563185951709,26.465976795233615,37.97428661022264,2.7281279397930387,23.142050799623707,100.0,83.09814989024773,,,,,0.8466603951081844,17.058639071809345,4.076513013483851,20.225776105362183,,,,,,31.577296958294138,61.58670429601756,82.25148949513954,33.051113201630606,21.730950141110068,25.117591721542805,44.998432110379426,2.2891188460332392,0.31357792411414237,12.13546566321731,77.48510504860458,,,,,,,,,,,4.47887323943662,4.3176546,3189,4.3176546,3189,2.013895,6837.0,1.5057962,9144.0
070602,1164,94.3298969072165,3.4364261168384878,2.0618556701030926,1.2027491408934707,0.0,40.549828178694156,57.98969072164948,1.4604810996563573,90.893470790378,29.209621993127147,61.68384879725086,9.106529209621993,0.42955326460481097,28.436426116838486,61.42611683848797,0.6013745704467354,94.67353951890034,93.72852233676976,0.0,0.42955326460481097,5.326460481099656,0.0,61.16838487972509,37.628865979381445,61.16838487972509,1.1168384879725086,82.47422680412372,56.013745704467354,43.986254295532646,12.027491408934708,39.0893470790378,2.3195876288659796,2.0618556701030926,78.35051546391753,7.474226804123711,0.7731958762886598,8.333333333333334,3.4364261168384878,61.512027491408936,6.443298969072165,21.993127147766323,1.0309278350515463,33.50515463917526,54.03780068728523,0.42955326460481097,9.278350515463918,33.84879725085911,15.721649484536082,16.40893470790378,1.2027491408934707,25.945017182130584,100.0,62.628865979381445,,,,,0.6872852233676976,9.192439862542955,4.982817869415808,28.09278350515464,,,,,,11.683848797250858,66.75257731958763,76.28865979381443,13.487972508591065,15.97938144329897,27.147766323024054,35.738831615120276,1.9759450171821307,0.5154639175257731,5.584192439862543,70.01718213058419,,,,,,,,,,,3.7529319781078967,4.477663,1164,4.477663,1164,2.3712466,2198.0,1.8443029,2826.0
070603,1051,90.77069457659373,5.042816365366318,3.8058991436726926,3.1398667935299716,0.285442435775452,54.519505233111325,43.9581351094196,1.522359657469077,89.81921979067555,54.424357754519505,35.39486203615604,10.180780209324453,2.093244529019981,42.34062797335871,43.9581351094196,1.4272121788772598,96.6698382492864,95.24262607040913,0.09514747859181731,0.8563273073263559,3.330161750713606,0.0,95.43292102759277,3.2350142721217887,95.43292102759277,1.3320647002854424,77.16460513796385,43.10180780209325,37.488106565176025,5.613701236917222,36.251189343482395,2.188392007611798,16.936251189343484,44.90960989533777,11.70313986679353,0.9514747859181731,5.803996194100856,35.49000951474786,71.26546146527117,12.0837297811608,0.285442435775452,0.285442435775452,67.17411988582303,28.06850618458611,0.19029495718363462,3.1398667935299716,20.076117982873456,43.10180780209325,13.13035204567079,2.093244529019981,28.829686013320647,100.0,87.82112274024739,,,,,0.47573739295908657,13.415794481446241,6.9457659372026646,27.402473834443388,,,,,,28.829686013320647,67.0789724072312,88.9628924833492,19.2197906755471,16.460513796384397,24.07231208372978,29.590865842055184,0.9514747859181731,0.09514747859181731,10.27592768791627,80.01902949571836,,,,,,,,,,,0.4591368227731864,4.306375,1051,4.306375,1051,2.3858724,1897.0,1.6738166,2704.0
070702,742,96.90026954177898,2.560646900269542,0.0,0.0,0.0,58.62533692722372,40.700808625336926,0.6738544474393531,92.99191374663073,49.32614555256065,43.66576819407008,7.008086253369272,52.83018867924528,9.568733153638814,30.18867924528302,0.40431266846361186,90.70080862533693,90.02695417789758,0.0,0.5390835579514824,9.299191374663073,52.96495956873316,30.997304582210244,11.455525606469003,85.44474393530997,2.964959568733154,79.11051212938006,77.088948787062,71.69811320754717,5.390835579514825,12.533692722371967,2.1563342318059298,7.412398921832884,60.37735849056604,28.840970350404312,0.9433962264150944,5.256064690026954,3.0997304582210243,68.73315363881402,17.654986522911052,0.9433962264150944,0.1347708894878706,67.78975741239893,28.4366576819407,2.1563342318059298,0.6738544474393531,17.92452830188679,36.253369272237194,21.29380053908356,3.638814016172507,32.47978436657682,100.0,88.00539083557952,,,,,3.7735849056603774,3.504043126684636,4.44743935309973,25.606469002695416,,,,,,35.714285714285715,58.490566037735846,74.12398921832884,28.30188679245283,21.024258760107816,28.30188679245283,12.93800539083558,0.6738544474393531,0.1347708894878706,4.44743935309973,71.69811320754717,,,,,,,,,,,3.172737955346651,4.281671,742,4.281671,742,2.0248566,1569.0,1.5452335,2056.0
070703,1067,92.3149015932521,6.279287722586692,0.9372071227741331,0.6560449859418932,0.09372071227741331,37.582005623242736,61.01218369259606,1.4058106841611997,90.72164948453609,51.358950328022495,39.36269915651359,9.278350515463918,0.5623242736644799,21.930646672914715,68.13495782567948,0.09372071227741331,93.72071227741331,92.78350515463917,0.09372071227741331,0.37488284910965325,6.279287722586692,0.0,67.29147141518276,27.272727272727273,67.85379568884724,4.779756326148079,67.38519212746017,33.64573570759138,29.14714151827554,4.498594189315839,58.20056232427366,4.029990627928772,3.1865042174320526,62.980318650421744,20.805998125585756,1.4058106841611997,5.810684161199625,7.778819119025305,56.41986879100281,26.61668228678538,3.655107778819119,0.0,43.205248359887534,54.45173383317713,0.9372071227741331,0.46860356138706655,28.491096532333646,41.89315838800375,12.46485473289597,1.9681349578256795,35.8950328022493,100.0,81.630740393627,,,,,1.1246485473289598,5.248359887535146,3.4676663542642925,27.74133083411434,,,,,,12.652296157450797,54.82661668228678,77.31958762886597,16.776007497656984,19.77507029053421,25.023430178069354,28.8659793814433,0.8434864104967198,0.6560449859418932,7.122774133083412,76.0074976569822,,,,,,,,,,,5.741626794258373,4.162137,1067,4.162137,1067,2.4162133,1838.0,1.8651826,2381.0
070704,570,97.19298245614036,1.0526315789473684,0.17543859649122806,0.17543859649122806,0.17543859649122806,73.50877192982456,24.56140350877193,1.9298245614035088,91.57894736842105,45.43859649122807,46.14035087719298,8.421052631578947,0.7017543859649122,19.649122807017545,71.05263157894737,0.17543859649122806,94.21052631578948,93.6842105263158,0.3508771929824561,0.0,5.7894736842105265,0.0,80.87719298245614,17.36842105263158,80.87719298245614,1.7543859649122806,72.45614035087719,45.08771929824562,40.70175438596491,4.385964912280702,22.280701754385966,4.7368421052631575,25.789473684210527,67.01754385964912,21.57894736842105,1.5789473684210527,5.087719298245614,2.807017543859649,26.842105263157894,70.0,0.3508771929824561,0.0,44.21052631578947,52.98245614035088,0.0,1.7543859649122806,28.07017543859649,43.68421052631579,6.491228070175438,4.385964912280702,19.473684210526315,100.0,87.71929824561404,,,,,1.4035087719298245,6.140350877192983,4.2105263157894735,22.45614035087719,,,,,,12.105263157894736,77.54385964912281,79.64912280701755,23.68421052631579,17.719298245614034,24.035087719298247,13.333333333333334,1.2280701754385965,0.0,7.017543859649122,68.42105263157895,,,,,,,,,,,,4.042105,570,4.042105,570,1.9948052,1155.0,1.3105803,1758.0
070706,7338,96.85200327064595,2.6710275279367677,0.23167075497410738,0.1362769146906514,0.0,76.1106568547288,22.785500136276916,1.1038430089942763,96.1297356227855,48.96429544835105,47.16544017443445,3.8702643772145,66.99373126192422,6.050695012264923,23.00354319978196,0.08176614881439084,97.2608340147179,96.89288634505314,0.0,0.08176614881439084,2.739165985282093,68.31561733442355,26.819296811120196,1.757972199509403,95.2711910602344,2.929953665849005,83.41509948214772,95.53011719814664,80.18533660397928,15.344780594167348,2.8890705914418096,0.2998092123194331,0.8176614881439084,60.466067048242024,23.16707549741074,5.83265194875988,6.486781139275007,2.125919869174162,55.85990733169801,42.23221586263287,0.2589261379122377,0.08176614881439084,68.56091578086672,27.582447533387842,2.616516762060507,0.2589261379122377,11.678931588988826,64.45898064867811,14.854183701281004,4.442627418915236,26.655764513491416,100.0,89.57481602616517,,,,,2.5892613791223766,8.77623330607795,3.774870536931044,15.753611338239303,,,,,,37.62605614608885,77.39165985282094,86.19514854183701,35.1049332243118,25.224856909239573,21.013900245298448,10.62959934587081,0.5996184246388662,0.23167075497410738,16.88470973017171,83.74216407740529,,,,,,,,,,,2.5472166998011927,3.8199782,7338,3.8199782,7338,1.8032165,15545.0,1.2922871,21691.0
070707,708,94.0677966101695,4.943502824858757,0.7062146892655368,0.2824858757062147,0.14124293785310735,57.20338983050848,41.94915254237288,0.847457627118644,87.42937853107344,55.08474576271186,32.344632768361585,12.570621468926554,34.74576271186441,7.768361581920904,44.91525423728814,0.0,80.22598870056497,79.37853107344633,0.14124293785310735,0.0,19.774011299435028,0.0,73.1638418079096,25.706214689265536,73.1638418079096,0.847457627118644,79.37853107344633,61.15819209039548,52.259887005649716,8.898305084745763,30.36723163841808,2.6836158192090394,4.661016949152542,76.55367231638418,13.27683615819209,0.423728813559322,6.779661016949152,2.1186440677966103,33.61581920903955,62.85310734463277,0.14124293785310735,0.0,59.18079096045198,38.84180790960452,0.2824858757062147,0.423728813559322,33.333333333333336,46.045197740113,8.05084745762712,1.5536723163841808,17.231638418079097,100.0,90.53672316384181,,,,,1.694915254237288,8.192090395480227,5.932203389830509,27.11864406779661,,,,,,26.55367231638418,75.0,66.80790960451978,16.242937853107346,19.63276836158192,35.59322033898305,7.627118644067797,0.5649717514124294,0.14124293785310735,7.4858757062146895,63.983050847457626,,,,,,,,,,,3.2425421530479897,4.5875707,708,4.5875707,708,2.2986553,1413.0,1.6199502,2005.0
070801,2981,94.76685675947668,3.2203958403220394,0.13418316001341832,0.06709158000670916,0.1677289500167729,75.67930224756793,22.676954042267695,1.6437437101643744,93.19020462931903,50.48641395504864,42.70379067427038,6.8097953706809795,87.42032874874204,1.677289500167729,3.924857430392486,0.1677289500167729,96.37705467963771,95.5719557195572,0.43609527004360954,0.13418316001341832,3.6229453203622946,0.0,93.82757463938276,4.226769540422677,94.12948674941295,1.6437437101643744,75.98121435759812,95.5719557195572,80.30862126803086,15.263334451526333,2.616571620261657,0.7044615900704462,0.7715531700771553,56.82656826568266,29.050654142905067,3.924857430392486,6.876886950687688,1.7108352901710835,42.20060382422006,55.18282455551828,0.7380073800738007,0.03354579000335458,12.143575981214358,83.42837973834284,2.3482053002348207,0.9728279100972828,11.07011070110701,30.057027843005702,33.10969473331097,3.7235826903723583,27.574639382757464,100.0,91.64709828916472,,,,,1.4089231801408924,8.487084870848708,4.8641395504864136,16.605166051660518,,,,,,48.708487084870846,79.40288493794029,82.82455551828245,23.045957732304597,23.381415632338143,24.589064072458907,14.089231801408923,0.5031868500503187,0.23482053002348205,8.654813820865481,78.69842334786985,,,,,,,,,,,5.423728813559322,3.291513,2981,3.291513,2981,1.7797933,5513.0,1.1748084,8352.0
070901,1290,90.23255813953489,5.736434108527132,1.3953488372093024,1.0852713178294573,0.0,68.37209302325581,29.92248062015504,1.7054263565891472,90.7751937984496,54.57364341085271,36.201550387596896,9.224806201550388,44.49612403100775,17.364341085271317,27.674418604651162,1.2403100775193798,95.42635658914729,94.88372093023256,0.31007751937984496,0.0,4.573643410852713,0.0,93.17829457364341,4.8062015503875966,93.48837209302326,1.550387596899225,80.62015503875969,83.10077519379846,68.44961240310077,14.651162790697674,12.170542635658915,1.4728682170542635,1.550387596899225,61.007751937984494,22.248062015503876,1.7054263565891472,4.8062015503875966,8.604651162790697,41.31782945736434,56.51162790697674,0.15503875968992248,0.0,4.883720930232558,88.21705426356588,2.7131782945736433,2.0155038759689923,8.217054263565892,28.13953488372093,38.44961240310077,2.0930232558139537,27.674418604651162,100.0,89.84496124031008,,,,,2.4031007751937983,10.0,4.108527131782946,15.581395348837209,,,,,,38.83720930232558,70.15503875968992,79.45736434108527,22.558139534883722,26.74418604651163,32.01550387596899,26.434108527131784,1.0852713178294573,0.31007751937984496,10.852713178294573,72.63565891472868,,,,,,,,,,,10.280373831775702,3.2790697,1290,3.2790697,1290,1.7272356,2449.0,1.1601756,3646.0
070902,1002,82.13572854291417,13.572854291417165,3.093812375249501,2.9940119760479043,0.0,54.69061876247505,43.11377245508982,2.1956087824351296,85.62874251497006,43.213572854291414,42.41516966067864,14.37125748502994,0.3992015968063872,3.093812375249501,81.63672654690619,0.499001996007984,92.71457085828344,92.51497005988024,0.0,0.0998003992015968,7.285429141716567,0.0,93.7125748502994,4.291417165668663,93.7125748502994,1.996007984031936,68.7624750499002,95.50898203592814,81.1377245508982,14.37125748502994,3.193612774451098,0.0,1.2974051896207586,63.87225548902195,28.642714570858285,2.1956087824351296,4.291417165668663,0.5988023952095808,50.79840319361278,47.10578842315369,0.0,0.0,20.25948103792415,73.45309381237524,1.4970059880239521,0.1996007984031936,9.580838323353293,67.26546906187625,14.970059880239521,0.8982035928143712,40.01996007984032,100.0,83.43313373253493,,,,,0.2994011976047904,8.283433133732535,4.990019960079841,22.55489021956088,,,,,,2.694610778443114,73.35329341317366,80.63872255489022,12.275449101796408,25.149700598802394,29.840319361277444,23.45309381237525,1.0978043912175648,0.3992015968063872,1.4970059880239521,76.94610778443113,,,,,,,,,,,2.5225225225225225,3.528942,1002,3.528942,1002,2.1314044,1659.0,1.5414124,2294.0
070903,1893,96.14368726888537,3.5393555203380878,0.05282620179609086,0.05282620179609086,0.10565240359218173,57.84469096671949,41.78552562070787,0.369783412572636,92.12889593238246,50.501848917062865,41.6270470153196,7.871104067617538,2.0073956682514527,13.417855256207078,76.59799260433175,0.10565240359218173,96.30216587427364,95.98520866349709,0.0,0.05282620179609086,3.6978341257263603,0.0,93.92498679344955,2.641310089804543,93.97781299524564,3.2223983095615427,69.83623877443212,95.77390385631273,90.12150026413102,5.652403592181722,3.011093502377179,0.10565240359218173,0.5282620179609087,61.17274167987322,28.367670364500793,3.1695721077654517,4.701531959852087,2.0602218700475436,63.23296354992076,35.71051241415742,0.10565240359218173,0.0,4.384574749075542,90.91389329107237,2.8526148969889067,0.26413100898045433,8.927628103539355,39.461172741679874,21.130480718436345,2.535657686212361,35.71051241415742,100.0,88.21975699947174,,,,,0.6339144215530903,7.1843634442683575,3.3280507131537242,21.764395139989436,,,,,,9.8256735340729,71.79080824088749,85.10301109350237,16.48177496038035,28.8959323824617,39.566825145272055,33.333333333333336,1.479133650290544,0.21130480718436345,7.025884838880084,82.51452720549392,,,,,,,,,,,4.911955514365153,3.4986794,1893,3.4986794,1893,1.9445097,3406.0,1.3552282,4887.0
071001,25783,85.62230927355235,9.44808594810534,4.700771826397238,1.9082341077454137,0.12023426288639802,62.963968506380176,31.167823759841756,5.868207733778071,90.21060388628166,38.54477756661366,51.665826319668,9.789396113718341,45.28953186207966,16.301438932630028,28.355893418143737,0.2637396734282279,94.55067292401971,93.53062095178994,0.027149672264670518,0.2559826242097506,5.449327075980297,3.8591319861924522,90.36962339526045,3.459643951440872,94.33735407051158,2.1603382073459256,67.61819803746654,79.25377186518249,66.61366016367374,12.640111701508745,16.584571229104448,2.0401039444595277,1.694915254237288,63.0066322770818,22.010627157429315,3.416980180739247,7.105457084125199,2.2805724702323236,88.94232633906063,1.826785090951402,6.775782492339914,0.3141604933483303,15.704146142807277,76.32160726059807,2.036225419850289,1.039444595275957,11.057673660939379,33.45615327929256,31.059225070783075,6.368537408369856,35.15882558274832,100.0,79.02106038862817,,,,,1.2411278749563666,13.850211379591203,4.778342318582012,22.74366830857542,,,,,,26.25761160454563,63.31303572121165,82.44191909397665,25.22592405848815,25.512934879571812,23.243997983167205,34.62746771128263,0.8687895124694566,0.3529457394407168,11.492068417174107,75.86394135670791,,,,,,,,,,,3.1660370570246448,4.063375,25783,4.063375,25783,2.0596874,50865.0,1.6212878,64619.0
071002,1177,95.07221750212405,2.293967714528462,2.6338147833474936,1.274426508071368,0.0,52.08156329651657,46.04927782497876,1.8691588785046729,92.26847918436704,43.840271877655056,48.42820730671198,7.731520815632965,1.4443500424808835,41.63126593033135,48.93797790994053,0.2548853016142736,94.90229396771453,93.37298215802889,0.0,0.2548853016142736,5.097706032285472,0.0,89.80458793542905,9.005947323704333,89.88954970263381,1.0195412064570943,70.68819031435854,51.99660152931181,45.964316057774,6.032285471537808,41.54630416312659,4.078164825828377,2.1240441801189465,74.85131690739168,9.685641461342396,0.5097706032285472,9.345794392523365,4.333050127442651,86.15123194562447,6.287170773152082,1.0195412064570943,2.0390824129141887,8.241291418861513,77.06032285471538,0.5097706032285472,11.469838572642312,18.096856414613423,23.534409515717925,24.55395072217502,4.333050127442651,34.74936278674596,100.0,73.83177570093459,,,,,1.1045029736618521,8.836023789294817,5.0127442650807135,28.20730671197961,,,,,,22.514868309260834,62.44689889549703,80.6287170773152,18.776550552251486,18.69158878504673,38.48768054375531,33.64485981308411,0.6796941376380629,0.2548853016142736,7.986406117247239,73.32200509770603,,,,,,,,,,,4.552469135802469,4.393373,1177,4.393373,1177,2.3774712,2175.0,1.838251,2813.0
071003,4211,90.83353122773688,7.052956542388981,1.8285442887675136,1.2348610781287106,0.16623129897886488,46.61600569935882,50.985514129660416,2.398480170980765,88.7912609831394,44.28876751365471,44.50249346948468,11.208739016860603,3.7045832343861314,38.25694609356447,46.259795772975544,0.569935882213251,96.0341961529328,95.29802897174068,0.023747328425552126,0.21372595582996912,3.965803847067205,0.0,92.94704345761102,4.701971028259321,93.18451674186655,2.042270244597483,64.52149133222512,42.104013298503915,31.892662075516505,10.211351222987414,48.70577060080741,3.7758252196627877,4.13203514604607,64.28401804796961,21.063880313464736,3.039658038470672,7.14794585609119,2.5884587983851817,85.41914034671099,1.9710282593208264,10.377582521966279,0.30871526953217765,17.07432913797198,73.47423414865827,1.0211351222987415,2.7784374257895985,12.27736879601045,35.38351935407267,27.80812158632154,5.533127523153645,38.25694609356447,100.0,77.44003799572548,,,,,0.6649251959154595,10.971265732605081,5.414390881025884,31.15649489432439,,,,,,22.25124673474234,63.927808121586324,83.13939681785799,17.3118024222275,19.045357397292804,23.082403229636665,51.365471384469245,0.949893137022085,0.4511992400854904,8.430301591071004,72.47684635478508,,,,,,,,,,,4.797925221525826,4.303253,4211,4.303253,4211,2.3607347,7676.0,1.9086791,9494.0
071004,2113,90.06152389966871,8.518693800283957,1.2304779933743493,0.37860861334595364,0.14197823000473261,35.21060104117369,63.038334122101276,1.7510648367250354,87.31661145291055,53.57311878845244,33.74349266445812,12.683388547089447,0.3312825366777094,25.508755324183625,60.861334595362045,0.6152389966871746,90.86606720302886,90.29815428300994,0.047326076668244205,0.14197823000473261,9.13393279697113,0.0,89.11500236630383,8.613345953620446,89.30430667297681,2.0350212967345005,65.21533364884051,3.0761949834358733,0.7572172266919073,2.318977756743966,83.67250354945575,5.8684335068622815,6.956933270231898,75.01183151916706,12.588736393752958,0.37860861334595364,7.193563653573118,3.312825366777094,78.18267865593943,0.6152389966871746,19.640321817321343,0.8518693800283956,10.979649787032654,74.96450544249882,1.2778040700425934,9.275911026975864,22.76384287742546,40.84240416469475,21.817321344060577,7.288215806909607,38.38144817794605,100.0,68.14955040227166,,,,,0.9465215333648841,12.588736393752958,3.502129673450071,31.140558447704684,,,,,,16.65877898722196,68.71746332229058,76.24230951254141,16.753431140558448,23.521060104117367,37.95551348793185,60.34074775201136,1.5617605300520587,0.5205868433506863,6.105063890203502,73.450070989115,,,,,,,,,,,3.789198606271777,4.181732,2113,4.181732,2113,2.4142077,3660.0,1.9258937,4588.0
071005,1430,92.0979020979021,7.3426573426573425,0.48951048951048953,0.27972027972027974,0.0,23.216783216783217,76.2937062937063,0.48951048951048953,94.8951048951049,43.91608391608391,50.97902097902098,5.104895104895105,1.8181818181818181,34.68531468531469,58.04195804195804,0.34965034965034963,95.45454545454545,94.54545454545455,0.0,0.06993006993006994,4.545454545454546,0.0,88.39160839160839,8.671328671328672,88.67132867132867,2.6573426573426575,74.82517482517483,5.314685314685315,2.727272727272727,2.5874125874125875,83.77622377622377,3.8461538461538463,6.083916083916084,76.22377622377623,13.846153846153847,0.48951048951048953,5.944055944055944,2.097902097902098,56.99300699300699,0.13986013986013987,42.16783216783217,0.13986013986013987,30.97902097902098,60.34965034965035,0.9790209790209791,5.174825174825175,36.22377622377623,28.81118881118881,20.20979020979021,4.055944055944056,33.77622377622377,100.0,54.05594405594405,,,,,2.4475524475524475,10.27972027972028,4.755244755244755,36.15384615384615,,,,,,19.65034965034965,75.17482517482517,78.39160839160839,19.65034965034965,17.412587412587413,41.74825174825175,48.32167832167832,1.5384615384615385,1.6783216783216783,7.972027972027972,74.26573426573427,,,,,,,,,,,2.5883838383838382,5.0,1430,5.0,1430,2.6629422,2685.0,2.1588163,3312.0
071101,2292,62.73996509598604,4.101221640488657,32.28621291448517,5.7591623036649215,0.0,36.73647469458988,30.49738219895288,32.76614310645724,91.97207678883072,46.81500872600349,45.15706806282723,8.027923211169284,1.0471204188481675,24.520069808027923,66.3176265270506,0.08726003490401396,79.75567190226876,76.39616055846422,0.08726003490401396,0.2617801047120419,20.244328097731238,0.0,65.66317626527051,30.933682373472948,65.92495636998255,3.0104712041884816,72.99301919720767,67.4956369982548,58.46422338568935,9.031413612565444,27.399650959860384,3.054101221640489,1.2216404886561956,65.40139616055846,19.328097731239094,1.9197207678883073,7.547993019197207,3.7958115183246073,23.472949389179757,52.00698080279232,21.160558464223385,0.2181500872600349,11.038394415357766,70.59336823734729,0.34904013961605584,14.00523560209424,40.27050610820244,29.101221640488657,19.589877835951135,0.39267015706806285,34.860383944153575,100.0,64.22338568935427,,,,,1.5706806282722514,5.453752181500873,4.013961605584642,27.61780104712042,,,,,,16.230366492146597,59.29319371727749,65.31413612565446,15.575916230366492,14.921465968586388,25.523560209424083,45.98603839441536,0.39267015706806285,0.4363001745200698,7.897033158813263,61.69284467713787,,,,,,,,,,,4.87062404870624,4.2421465,2292,4.2421465,2292,2.3045745,4219.0,1.7912675,5428.0
071102,1677,83.36314847942755,5.008944543828265,7.8711985688729875,0.8348240906380441,0.11926058437686345,39.77340488968396,47.644603458556944,12.581991651759093,93.02325581395348,41.38342277877162,51.63983303518187,6.976744186046512,0.8348240906380441,31.007751937984494,60.82289803220036,0.35778175313059035,90.81693500298151,90.3995229576625,0.11926058437686345,0.05963029218843172,9.183064997018485,0.0,81.81276088252832,15.802027429934407,81.87239117471675,2.2659511031604054,70.304114490161,78.59272510435301,70.96004770423374,7.6326774001192605,19.260584376863445,0.8944543828264758,1.073345259391771,63.446630888491356,19.37984496124031,1.7889087656529516,10.196779964221825,3.2200357781753133,35.36076326774001,41.38342277877162,12.999403697078115,0.8944543828264758,26.59511031604055,41.08527131782946,0.17889087656529518,26.65474060822898,38.878950506857485,17.412045319022063,18.545020870602265,1.311866428145498,36.67262969588551,100.0,67.56112104949314,,,,,1.2522361359570662,5.426356589147287,5.545617173524151,26.356589147286822,,,,,,16.99463327370304,68.21705426356588,77.51937984496124,17.829457364341085,15.444245676803817,11.74716756112105,48.83720930232558,0.35778175313059035,0.2385211687537269,8.228980322003578,76.5056648777579,,,,,,,,,,,0.7941009642654566,4.187835,1677,4.187835,1677,2.2245803,3157.0,1.8180171,3863.0
071103,4926,87.29192042224929,10.475030450669914,1.3195290296386522,1.2586276898091757,0.2233049127080796,23.589118960617135,73.73122208688591,2.679658952496955,87.59642712139667,43.13844904587901,44.45797807551766,12.40357287860333,1.8676410881039383,21.132764920828258,64.06820950060902,0.5278116118554608,88.8144539179862,87.00771416971173,0.18270401948842874,0.46691027202598456,11.185546082013804,0.0,83.53633779943159,12.606577344701584,84.00324807145758,3.2074705643524157,61.46975233455136,35.11977263499797,25.761266747868454,9.358505887129517,61.16524563540398,1.3398294762484775,1.9082419813235891,71.51847340641494,16.50426309378806,1.116524563540398,7.6329679252943565,2.111246447421843,69.20422249289484,3.89768574908648,24.685343077547707,1.0962241169305724,32.62281770198944,55.643524157531466,2.5172553796183514,4.445797807551767,27.68980917580187,35.505481120584655,25.639464068209502,1.8676410881039383,45.26999593991068,100.0,62.40357287860333,,,,,2.963865205034511,8.688591149005278,4.344295574502639,28.74543239951279,,,,,,11.46975233455136,64.63662200568413,73.50791717417783,18.757612667478686,20.889159561510354,24.62444173771823,48.11205846528624,1.1571254567600486,0.18270401948842874,6.922452293950467,68.73731222086886,,,,,,,,,,,5.217074060561838,3.8913927,4926,3.8913927,4926,2.332279,8219.0,1.8956685,10112.0
071105,1446,77.80082987551867,12.10235131396957,2.7662517289073305,0.48409405255878285,0.06915629322268327,29.66804979253112,60.92669432918395,9.405255878284924,85.5463347164592,39.2807745504841,46.2655601659751,14.453665283540802,0.8298755186721992,24.273858921161825,59.95850622406639,0.48409405255878285,84.3015214384509,81.88105117565698,0.06915629322268327,0.5532503457814661,15.6984785615491,0.0,81.74273858921161,15.283540802213002,81.74273858921161,2.835408022130014,62.03319502074689,22.337482710926693,15.560165975103734,6.77731673582296,69.29460580912863,2.627939142461964,4.287690179806362,70.6777316735823,14.453665283540802,0.6224066390041494,7.19225449515906,3.872752420470263,56.36237897648686,8.852005532503458,15.560165975103734,2.2130013831258646,21.922544951590595,44.95159059474412,1.1065006915629323,22.26832641770401,39.55739972337483,29.737206085753805,16.804979253112034,0.48409405255878285,42.18533886583679,100.0,57.19225449515906,,,,,1.2448132780082988,6.224066390041494,4.080221300138312,30.428769017980635,,,,,,13.13969571230982,61.479944674965424,74.13554633471647,13.831258644536653,15.767634854771785,13.900414937759336,43.499308437067775,0.5532503457814661,0.3457814661134163,6.98478561549101,63.96957123098202,,,,,,,,,,,3.1736154324828876,4.2143846,1446,4.2143846,1446,2.42499,2513.0,2.0178807,3020.0
071106,2076,89.78805394990366,9.8747591522158,0.1926782273603083,0.1926782273603083,0.0,23.84393063583815,75.0,1.1560693641618498,84.15221579961464,37.138728323699425,47.01348747591522,15.847784200385357,0.7225433526011561,23.458574181117534,59.44123314065511,0.5298651252408478,91.90751445086705,91.08863198458575,0.0,0.04816955684007707,8.092485549132949,0.0,92.19653179190752,4.5761078998073215,92.34104046242774,2.9865125240847785,58.04431599229287,72.6878612716763,63.53564547206166,9.152215799614643,24.951830443159924,1.300578034682081,0.9633911368015414,68.35260115606937,21.772639691714836,1.3969171483622351,5.635838150289017,2.3121387283236996,88.10211946050096,2.2639691714836223,7.851637764932563,0.14450867052023122,48.12138728323699,42.14836223506744,2.649325626204239,1.5414258188824663,12.138728323699421,47.39884393063584,31.021194605009633,1.0597302504816957,46.676300578034684,100.0,77.11946050096338,,,,,1.7341040462427746,6.310211946050097,3.61271676300578,29.094412331406552,,,,,,10.115606936416185,68.78612716763006,79.72061657032755,14.739884393063583,23.84393063583815,28.371868978805395,37.283236994219656,1.7822736030828517,0.14450867052023122,3.94990366088632,75.24084778420038,,,,,,,,,,,5.81787521079258,3.8887284,2076,3.8887284,2076,2.3198276,3480.0,1.9094135,4228.0
071201,1501,63.624250499666886,4.730179880079946,30.11325782811459,10.32644903397735,0.0,53.09793471019321,21.385742838107927,25.51632245169887,93.2711525649567,46.03597601598934,47.23517654896735,6.7288474350433045,1.932045303131246,31.712191872085278,59.360426382411724,0.2664890073284477,95.20319786808794,94.4703530979347,0.19986675549633579,0.5329780146568954,4.796802131912059,0.0,84.61025982678214,13.324450366422385,84.67688207861426,1.932045303131246,80.4796802131912,49.10059960026649,39.50699533644237,9.593604263824117,44.770153231179215,2.2651565622918053,2.9980013324450367,66.88874083944037,17.388407728181214,2.664890073284477,6.195869420386409,6.062624916722185,80.54630246502332,14.5236508994004,1.5323117921385743,0.5996002664890073,10.459693537641572,70.81945369753498,0.9327115256495669,13.124583610926049,18.32111925383078,44.57028647568288,33.644237175216524,1.1325782811459026,24.65023317788141,100.0,86.54230512991339,,,,,2.3984010659560293,10.659560293137908,4.397068620919387,18.9873417721519,,,,,,18.38774150566289,55.896069287141906,78.34776815456362,17.588274483677548,22.78481012658228,46.3690872751499,27.448367754830112,0.6662225183211192,0.39973351099267157,3.7974683544303796,73.55096602265156,,,,,,,,,,,1.6791044776119404,4.0186543,1501,4.0186543,1501,2.005986,3007.0,1.4967742,4030.0
071301,1507,94.55872594558726,3.84870603848706,0.19907100199071,0.0,0.06635700066357,57.19973457199735,40.87591240875913,1.92435301924353,92.10351692103517,43.59654943596549,48.50696748506967,7.896483078964831,77.57133377571334,3.3178500331785004,11.214333112143331,0.0,94.22694094226941,93.62972793629729,0.0,0.06635700066357,5.773059057730591,0.0,94.49236894492368,2.38885202388852,94.62508294625083,2.9197080291970803,67.88321167883211,98.0092899800929,89.98009289980092,8.02919708029197,0.9289980092899801,0.46449900464499005,0.53085600530856,56.00530856005309,32.050431320504316,4.44591904445919,4.57863304578633,2.2561380225613803,29.727936297279363,69.34306569343066,0.06635700066357,0.0,52.621101526211014,38.553417385534175,3.9150630391506303,3.18513603185136,19.708029197080293,42.866622428666226,22.030524220305242,1.8579960185799602,40.4777704047777,100.0,87.79031187790312,,,,,1.19442601194426,11.214333112143331,3.5832780358327803,23.02587923025879,,,,,,38.68613138686131,75.77969475779695,83.47710683477106,22.49502322495023,23.755806237558062,39.814200398142006,23.092236230922364,1.8579960185799602,0.53085600530856,6.104844061048441,84.40610484406105,,,,,,,,,,,4.417448923246825,3.472462,1507,3.472462,1507,2.032233,2575.0,1.3756572,3804.0
071302,916,87.99126637554585,11.353711790393014,0.0,0.0,0.32751091703056767,48.2532751091703,49.78165938864629,1.965065502183406,82.53275109170306,38.75545851528384,43.777292576419214,17.467248908296945,1.5283842794759825,11.244541484716157,69.5414847161572,0.2183406113537118,94.75982532751091,94.43231441048034,0.0,0.0,5.240174672489083,25.982532751091703,66.48471615720524,3.930131004366812,92.68558951965065,3.3842794759825328,64.19213973799127,87.44541484716157,69.32314410480349,18.12227074235808,7.532751091703057,0.4366812227074236,4.475982532751091,55.45851528384279,35.37117903930131,3.3842794759825328,4.25764192139738,0.8733624454148472,41.92139737991266,53.16593886462882,0.0,0.1091703056768559,44.86899563318777,48.68995633187773,2.947598253275109,2.8384279475982535,31.004366812227076,53.056768558951966,9.934497816593886,3.2751091703056767,42.903930131004365,100.0,82.31441048034935,,,,,2.074235807860262,9.825327510917031,3.7117903930131004,39.62882096069869,,,,,,9.170305676855895,66.04803493449782,77.83842794759825,9.825327510917031,20.305676855895197,38.427947598253276,25.436681222707424,1.091703056768559,0.4366812227074236,3.930131004366812,79.80349344978166,,,,,,,,,,,1.4227642276422765,4.342795,916,4.342795,916,2.8313167,1405.0,1.7774799,2238.0
071401,3590,92.31197771587743,5.73816155988858,0.6406685236768802,0.5013927576601671,0.7520891364902507,67.79944289693593,30.027855153203344,2.1727019498607243,92.92479108635098,53.53760445682451,39.38718662952646,7.075208913649025,3.1754874651810585,26.49025069637883,62.98050139275766,0.2785515320334262,94.01114206128133,93.03621169916434,0.0,0.1392757660167131,5.988857938718663,0.0,84.59610027855153,12.423398328690809,84.81894150417827,2.701949860724234,73.62116991643454,49.55431754874652,38.80222841225627,10.75208913649025,43.09192200557103,2.0055710306406684,2.6462395543175488,69.4707520891365,18.635097493036213,2.4512534818941503,5.96100278551532,1.9777158774373258,84.12256267409471,1.448467966573816,10.473537604456824,0.4735376044568245,8.022284122562674,85.76601671309193,1.8384401114206128,0.724233983286908,16.518105849582174,48.13370473537604,30.891364902506965,2.6462395543175488,30.75208913649025,100.0,78.74651810584959,,,,,2.9247910863509747,6.072423398328691,3.7047353760445683,25.54317548746518,,,,,,19.554317548746518,70.94707520891365,81.00278551532034,21.16991643454039,32.089136490250695,30.584958217270195,11.782729805013927,0.4735376044568245,0.5013927576601671,12.03342618384401,69.83286908077994,,,,,,,,,,,5.289174493326742,4.2270193,3590,4.2270193,3590,2.2444904,6761.0,1.7062064,8894.0
071402,3817,91.09248100602568,7.597589730154572,0.44537594969871624,0.3143830233167409,0.49777312025150644,62.45742729892586,36.023054755043226,1.5195179460309143,92.92638197537333,50.17029080429657,42.75609117107676,7.07361802462667,2.7246528687450877,27.42991878438564,62.50982446947865,0.26198585276395076,94.00052397170553,92.87398480482054,0.026198585276395073,0.3143830233167409,5.999476028294472,0.0,90.20172910662824,6.785433586586325,90.4375163741158,2.6198585276395074,70.18600995546241,84.33324600471575,69.21666230023578,15.116583704479957,13.93764736704218,0.36678019386953103,0.9955462405030129,56.22216400314383,26.774954152475765,4.191773644223212,7.964369924024103,2.122085407388001,86.42913282682736,0.5501702908042966,10.715221378045586,0.13099292638197538,6.078071784123657,84.59523185747969,3.7463976945244957,0.13099292638197538,11.998952056588944,49.646319098768664,34.76552266177627,1.5195179460309143,33.560387739062094,100.0,78.46476290280324,,,,,4.1393764736704215,7.1784123657322505,3.6678019386953102,25.386429132826827,,,,,,17.579250720461093,64.16033534189154,81.11082001571916,21.456641341367565,33.062614618810585,26.984542834686927,14.04244170814776,0.5501702908042966,0.3929787791459261,9.352894943673041,70.2646057112916,,,,,,,,,,,5.254703992657182,4.051349,3817,4.051349,3817,2.2350051,6919.0,1.7053374,9068.0
071403,657,97.26027397260275,0.60882800608828,1.82648401826484,1.5220700152207,0.15220700152207,22.374429223744293,76.71232876712328,0.91324200913242,95.4337899543379,52.35920852359209,43.074581430745816,4.566210045662101,0.76103500761035,17.199391171993913,77.32115677321157,0.15220700152207,93.75951293759513,93.45509893455099,0.0,0.0,6.2404870624048705,0.0,39.726027397260275,59.665144596651444,39.726027397260275,0.60882800608828,87.21461187214612,1.82648401826484,0.76103500761035,1.06544901065449,80.06088280060882,10.95890410958904,6.392694063926941,73.97260273972603,12.785388127853881,0.76103500761035,7.153729071537291,4.26179604261796,57.077625570776256,6.544901065449011,18.72146118721461,0.15220700152207,9.58904109589041,87.3668188736682,0.45662100456621,1.36986301369863,32.724505327245055,56.3165905631659,8.82800608828006,1.21765601217656,25.114155251141554,100.0,73.51598173515981,,,,,0.45662100456621,4.41400304414003,4.566210045662101,24.505327245053273,,,,,,8.980213089802131,81.88736681887367,77.32115677321157,13.242009132420092,12.633181126331811,39.5738203957382,8.37138508371385,1.06544901065449,0.30441400304414,6.544901065449011,81.7351598173516,,,,,,,,,,,2.6243093922651934,4.2983255,657,4.2983255,657,2.318555,1218.0,1.8361509,1538.0
071501,4016,27.241035856573706,5.652390438247012,58.939243027888445,11.080677290836654,0.42330677290836655,21.78784860557769,14.591633466135459,63.62051792828685,91.65836653386454,41.25996015936255,50.398406374501995,8.341633466135459,1.7430278884462151,18.177290836653388,70.91633466135458,0.8217131474103586,90.0398406374502,86.67828685258964,0.2241035856573705,0.7221115537848606,9.9601593625498,0.0,69.02390438247012,27.21613545816733,70.34362549800797,2.3904382470119523,71.58864541832669,30.0796812749004,21.489043824701195,8.590637450199203,53.386454183266935,4.6563745019920315,9.46215139442231,66.38446215139442,17.25597609561753,2.589641434262948,8.665338645418327,3.4362549800796813,41.0109561752988,21.663346613545816,31.673306772908365,3.3366533864541834,27.31573705179283,46.41434262948207,1.7679282868525896,19.24800796812749,40.189243027888445,17.679282868525895,14.193227091633466,2.3406374501992033,31.349601593625497,100.0,52.41533864541832,,,,,2.3655378486055776,6.175298804780876,5.004980079681275,33.7898406374502,,,,,,10.458167330677291,54.08366533864542,69.5219123505976,15.139442231075698,12.350597609561753,16.13545816733068,45.169322709163346,0.8466135458167331,0.5229083665338645,7.5199203187251,59.48705179282869,,,,,,,,,,,2.6364053186611645,4.882221,4016,4.882221,4016,2.5414128,7715.0,1.9970462,9818.0
071502,1053,55.27065527065527,10.256410256410257,30.76923076923077,5.982905982905983,0.4748338081671415,19.753086419753085,44.72934472934473,35.51756885090219,93.16239316239316,55.74548907882241,37.41690408357075,6.837606837606837,0.4748338081671415,9.02184235517569,83.28584995251661,0.3798670465337132,80.05698005698005,77.68281101614436,0.0,0.7597340930674265,19.943019943019944,0.0,39.98100664767331,58.40455840455841,40.64577397910731,0.949667616334283,80.81671415004749,30.009496676163344,18.708452041785375,11.301044634377968,47.00854700854701,2.2792022792022792,19.4681861348528,83.66571699905033,5.7929724596391265,0.2849002849002849,7.6923076923076925,1.519468186134853,12.915479582146249,71.22507122507122,4.843304843304844,5.0332383665717,3.2288698955365622,44.15954415954416,1.0446343779677112,50.237416904083574,66.00189933523266,16.049382716049383,3.4188034188034186,0.0949667616334283,22.697056030389362,100.0,58.68945868945869,,,,,0.4748338081671415,4.843304843304844,6.362773029439696,49.287749287749286,,,,,,5.223171889838556,65.8119658119658,59.35422602089269,9.781576448243115,5.0332383665717,54.13105413105413,30.009496676163344,0.3798670465337132,3.3238366571699904,1.6144349477682811,50.522317188983855,,,,,,,,,,,3.6815068493150687,5.8727446,1053,5.8727446,1053,3.174538,1948.0,2.3913379,2586.0
071503,1050,43.904761904761905,8.666666666666666,42.57142857142857,14.857142857142858,0.19047619047619047,20.476190476190474,31.80952380952381,47.714285714285715,82.85714285714286,39.04761904761905,43.80952380952381,17.142857142857142,1.1428571428571428,13.047619047619047,68.28571428571429,0.38095238095238093,75.80952380952381,72.95238095238095,0.38095238095238093,0.8571428571428571,24.19047619047619,0.0,61.333333333333336,35.61904761904762,62.095238095238095,2.2857142857142856,71.33333333333333,6.0,2.0,4.0,77.71428571428571,2.0952380952380953,13.714285714285714,76.19047619047619,12.761904761904763,0.7619047619047619,6.190476190476191,3.4285714285714284,26.38095238095238,40.095238095238095,28.571428571428573,0.7619047619047619,26.666666666666668,23.047619047619047,0.6666666666666666,39.23809523809524,58.095238095238095,26.476190476190474,5.809523809523809,0.38095238095238093,42.38095238095238,100.0,45.23809523809524,,,,,1.8095238095238095,6.761904761904762,5.428571428571429,30.095238095238095,,,,,,9.714285714285714,61.714285714285715,54.857142857142854,10.19047619047619,8.952380952380953,15.238095238095237,40.666666666666664,0.8571428571428571,0.8571428571428571,2.857142857142857,54.285714285714285,,,,,,,,,,,5.111821086261981,4.075238,1050,4.075238,1050,2.456372,1742.0,2.0337453,2104.0
080101,23580,57.01017811704835,10.305343511450381,9.389312977099237,6.933842239185751,21.314673452078033,48.617472434266325,24.236641221374047,27.145886344359628,91.40373197625107,45.37319762510602,46.030534351145036,8.596268023748939,31.61153519932146,35.1696352841391,23.18066157760814,1.441899915182358,94.9618320610687,92.96437659033079,0.016963528413910092,0.7082273112807463,5.038167938931298,0.0,89.65648854961832,3.6598812553011024,90.57675996607294,5.6106870229007635,59.304495335029685,90.3392705682782,75.25445292620866,15.08481764206955,8.117048346055979,0.44529262086513993,0.7591178965224766,60.004240882103474,20.85665818490246,3.5750636132315523,9.698897370653096,2.4681933842239188,72.87955894826123,2.1034775233248517,15.979643765903308,2.2519083969465647,27.137404580152673,66.42493638676845,3.3163698049194235,0.7082273112807463,39.55470737913486,17.53180661577608,32.8880407124682,3.3502968617472435,38.346055979643765,100.0,54.93214588634436,,,,,3.006785411365564,11.484308736217134,5.810008481764207,24.35114503816794,,,,,,33.03647158608991,49.766751484308735,78.91433418150976,28.676844783715012,13.320610687022901,15.801526717557252,60.614927905004244,0.8142493638676844,0.6361323155216285,15.47921967769296,72.74385072094995,,,,,,,,,,,3.4084254089720063,4.1731977,23580,4.1731977,23580,2.0899224,47085.0,1.7503691,56219.0
080201,17142,16.11247229028118,3.821024384552561,77.76222144440555,15.412437288531093,0.37918562594796407,24.600396686500993,6.889511142223778,68.51009217127523,93.81052385952631,51.3534010033835,42.45712285614281,6.18947614047369,21.100221677750554,12.699801656749504,58.98378252245946,1.026718002566795,94.23054486057636,93.82802473457006,0.03500175008750438,0.2625131256562828,5.769455139423638,0.0,76.75300431688251,20.59269630148174,76.99801656749504,2.327616380819041,71.60774705401937,87.93022984482558,71.24022867810058,16.690001166725004,8.347917395869793,1.12005600280014,1.9367635048419087,70.86104305215261,12.005600280014,1.487574378718936,11.008050402520126,2.520126006300315,49.08995449772489,4.019367635048419,38.71776922179442,0.47252362618130905,64.16987516042468,25.586279313965697,0.6708668766771672,6.959514642398787,50.39668650099171,20.39435305098588,20.26017967565045,1.2833975032084937,26.95134756737837,100.0,36.75183759187959,,,,,1.400070003500175,8.237078520592696,6.580329016450823,27.692217944230546,,,,,,20.802706802006767,50.75837125189593,76.25714619064287,18.206743670516857,10.523859526309648,12.717302531793257,62.443122156107805,0.4491891261229728,1.213394003033485,5.419437638548594,63.97153190992883,,,,,,,,,,,3.356104966384732,4.4804573,17142,4.4804573,17142,2.2022653,34875.0,1.7036133,45083.0
080202,7900,80.13924050632912,10.772151898734178,8.177215189873417,1.8860759493670887,0.3670886075949367,62.59493670886076,28.82278481012658,8.582278481012658,95.13924050632912,49.59493670886076,45.54430379746835,4.860759493670886,32.379746835443036,25.544303797468356,36.949367088607595,0.26582278481012656,97.12658227848101,96.73417721518987,0.0379746835443038,0.21518987341772153,2.8734177215189876,0.0,87.50632911392405,9.417721518987342,87.70886075949367,2.7848101265822787,71.49367088607595,95.46835443037975,80.67088607594937,14.79746835443038,3.5949367088607596,0.189873417721519,0.5443037974683544,63.12658227848101,17.037974683544302,2.1645569620253164,11.367088607594937,3.481012658227848,67.40506329113924,1.4936708860759493,29.481012658227847,0.3037974683544304,16.82278481012658,76.27848101265823,0.5822784810126582,4.506329113924051,31.481012658227847,34.177215189873415,25.78481012658228,5.658227848101266,20.582278481012658,100.0,57.44303797468354,,,,,2.329113924050633,11.417721518987342,5.987341772151899,21.31645569620253,,,,,,32.848101265822784,52.835443037974684,81.86075949367088,19.873417721518987,13.569620253164556,21.253164556962027,65.40506329113924,0.5063291139240507,0.9367088607594937,7.10126582278481,70.26582278481013,,,,,,,,,,,2.7192466156562682,4.3716455,7900,4.3716455,7900,2.0562038,16796.0,1.5716757,21974.0
080301,1569,12.683237731038878,18.61057998725303,68.45124282982792,55.76800509878904,0.06373486297004462,36.45634161886552,30.465264499681325,33.07839388145315,96.11217335882728,50.09560229445507,46.016571064372215,3.8878266411727216,0.82855321861058,44.4231994901211,50.60548119821542,0.25493945188017847,94.39133205863607,93.56277884002549,0.19120458891013384,0.3824091778202677,5.608667941363926,0.0,68.13256851497769,29.764181007010833,68.38750796685787,1.8483110261312938,85.40471637985978,60.994263862332694,49.649458253664754,11.344805608667942,34.86297004461441,2.2307202039515617,1.2746972594008923,68.83365200764818,12.492033142128744,0.8922880815806246,13.065646908859145,3.2504780114722753,60.61185468451243,7.393244104525175,18.61057998725303,0.3824091778202677,64.75462077756532,8.604206500956023,0.06373486297004462,18.483110261312937,40.662842574888465,25.621414913957935,21.2874442319949,0.3824091778202677,17.52708731676227,100.0,53.60101975780752,,,,,0.5736137667304015,16.953473550031866,5.79987253027406,16.507329509241554,,,,,,26.067558954748247,64.94582536647546,81.13448056086679,18.419375398342893,12.109623964308478,34.54429572976418,58.12619502868069,4.270235818992989,1.5296367112810707,5.991077119184194,74.12364563416189,,,,,,,,,,,3.2653061224489797,4.453155,1569,4.453155,1569,1.8996737,3678.0,1.4891304,4692.0
080302,5175,79.05314009661836,8.560386473429952,9.120772946859903,2.357487922705314,0.2898550724637681,47.01449275362319,41.08212560386473,11.903381642512077,84.85024154589372,44.367149758454104,40.48309178743961,15.14975845410628,0.7729468599033816,39.033816425120776,44.46376811594203,0.5797101449275363,91.78743961352657,91.3623188405797,0.057971014492753624,0.21256038647342995,8.21256038647343,0.0,78.43478260869566,18.47342995169082,78.55072463768116,2.7246376811594204,70.26086956521739,40.05797101449275,33.14009661835749,6.917874396135265,52.231884057971016,2.570048309178744,4.019323671497585,68.44444444444444,15.632850241545894,1.4492753623188406,9.758454106280194,2.9371980676328504,55.78743961352657,3.130434782608696,36.09661835748792,0.9082125603864735,78.4927536231884,4.309178743961352,1.178743961352657,9.545893719806763,48.888888888888886,34.95652173913044,12.676328502415458,0.13526570048309178,32.01932367149758,100.0,43.111111111111114,,,,,1.4106280193236715,9.66183574879227,5.140096618357488,25.23671497584541,,,,,,22.89855072463768,60.07729468599034,78.9951690821256,15.458937198067632,12.173913043478262,26.3768115942029,53.73913043478261,3.246376811594203,0.6956521739130435,2.6280193236714977,74.74396135265701,,,,,,,,,,,3.8589721101561127,4.185314,5175,4.185314,5175,2.1809485,9931.0,1.6885476,12827.0
080303,1055,91.18483412322274,5.497630331753554,3.3175355450236967,2.559241706161137,0.0,35.829383886255926,61.23222748815166,2.938388625592417,95.63981042654028,40.28436018957346,55.355450236966824,4.360189573459715,0.1895734597156398,36.39810426540284,58.95734597156398,0.0947867298578199,97.25118483412322,96.49289099526067,0.1895734597156398,0.47393364928909953,2.748815165876777,0.0,76.39810426540285,19.526066350710902,76.49289099526067,3.981042654028436,81.32701421800948,77.81990521327015,67.29857819905213,10.52132701421801,18.862559241706162,1.7061611374407584,0.9478672985781991,65.68720379146919,12.227488151658768,0.47393364928909953,14.881516587677725,5.023696682464455,59.81042654028436,8.909952606635072,10.995260663507109,4.265402843601896,64.92890995260663,4.170616113744076,0.3791469194312796,23.791469194312796,54.976303317535546,17.53554502369668,20.56872037914692,0.1895734597156398,24.075829383886255,100.0,46.350710900473935,,,,,0.6635071090047393,11.090047393364928,4.739336492890995,25.118483412322274,,,,,,16.303317535545023,51.84834123222749,82.3696682464455,13.744075829383887,10.14218009478673,21.137440758293838,57.345971563981045,1.3270142180094786,2.085308056872038,1.2322274881516588,77.6303317535545,,,,,,,,,,,0.821917808219178,4.3696685,1055,4.3696685,1055,2.162289,2132.0,1.6440799,2804.0
080304,3145,96.05723370429253,2.289348171701113,0.1271860095389507,0.03179650238473768,0.03179650238473768,48.13990461049285,50.07949125596184,1.78060413354531,93.9268680445151,44.73767885532592,49.189189189189186,6.073131955484897,49.63434022257552,12.623211446740859,31.478537360890304,0.1907790143084261,97.23370429252782,96.3751987281399,0.03179650238473768,0.3815580286168522,2.766295707472178,0.0,82.60731319554849,11.987281399046106,82.98887122416534,4.960254372019078,67.8537360890302,93.32273449920508,81.08108108108108,12.241653418124006,4.101748807631161,1.1764705882352942,1.208267090620032,53.48171701112877,30.333863275039747,1.971383147853736,9.825119236883943,3.2432432432432434,54.08585055643879,2.0349761526232113,33.70429252782194,7.726550079491256,75.26232114467409,5.21462639109698,2.384737678855326,15.039745627980922,37.20190779014308,40.190779014308426,17.01112877583466,0.4451510333863275,38.060413354531,100.0,42.511923688394276,,,,,3.5930047694753577,10.620031796502385,4.960254372019078,27.344992050874403,,,,,,30.42925278219396,56.59777424483307,80.98569157392687,22.06677265500795,11.446740858505564,18.823529411764707,49.69793322734499,4.197138314785374,3.9109697933227343,5.5643879173290935,77.01112877583466,,,,,,,,,,,2.4347826086956523,4.061685,3145,4.061685,3145,2.2371278,5710.0,1.7381957,7349.0
080401,2407,69.83797257997507,12.131283755712506,16.20274200249273,12.588284171167428,0.08309098462816784,59.368508516825926,27.87702534275031,12.754466140423764,90.48608226007478,43.20731200664728,47.2787702534275,9.513917739925217,51.22559202326548,9.804736186123806,29.24802658911508,0.2077274615704196,95.51308683007893,94.93144993768176,0.12463647694225176,0.24927295388450352,4.486913169921063,0.0,83.00789364353967,14.000830909846282,83.09098462816785,2.7835479850436227,70.58579144162859,60.94723722476111,14.457831325301205,46.48940589945991,34.85666805151641,0.8724553385957624,1.9941836310760281,65.80805982550893,10.884918986289987,2.658911508101371,14.250103863730786,4.23764021603656,58.03905276277524,16.65974241794765,5.4840049854590776,4.653095139177399,10.303282093892813,83.00789364353967,0.29081844619858743,4.528458662235147,48.60822600747819,17.449106771915247,20.938928126298297,1.3710012463647694,23.63938512671375,100.0,56.37723307021188,,,,,0.540091400083091,10.511009555463232,7.602825093477358,28.998753635230578,,,,,,30.868300789364355,59.53469048608226,82.63398421271292,19.941836310760284,10.926464478604071,25.384295803905275,57.24968840880764,3.9052762775238885,7.062733693394267,2.7835479850436227,78.8117989198172,,,,,,,,,,,2.853924145700338,4.922725,2407,4.922725,2407,2.3430889,5057.0,1.8648095,6354.0
080501,2154,27.43732590529248,5.988857938718663,1.9498607242339834,1.021355617455896,0.3714020427112349,43.96471680594243,48.9322191272052,7.103064066852368,89.13649025069638,48.32869080779944,40.807799442896936,10.86350974930362,0.32497678737233054,36.07242339832869,52.36768802228412,0.3714020427112349,87.92943361188486,86.53667595171774,0.04642525533890436,0.6963788300835655,12.070566388115134,0.0,63.974001857010215,32.54410399257196,64.34540389972145,3.1104921077065923,72.19127205199628,39.46146703806871,35.886722376973076,3.574744661095636,51.207056638811515,3.3890436397400188,4.3175487465181055,70.47353760445682,12.256267409470752,0.6963788300835655,11.327762302692665,3.946146703806871,48.28226555246054,1.9962859795728876,39.693593314763234,1.8105849582172702,11.142061281337048,60.677808727948005,0.32497678737233054,17.595171773444754,66.75951717734448,11.884865366759517,13.649025069637883,1.6713091922005572,30.454967502321264,100.0,36.025998142989785,,,,,0.2785515320334262,8.07799442896936,7.938718662952646,28.7372330547818,,,,,,20.00928505106778,62.116991643454035,71.91272051996286,19.080779944289695,9.610027855153204,29.294336118848655,43.871866295264624,4.596100278551532,1.7641597028783658,2.8783658310120708,71.54131847725162,,,,,,,,,,,3.6438923395445135,4.5970287,2154,4.5970287,2154,2.3097737,4287.0,1.8753788,5280.0
080602,550,68.54545454545455,22.545454545454547,0.36363636363636365,0.0,0.0,17.272727272727273,73.81818181818181,8.909090909090908,90.72727272727273,44.54545454545455,46.18181818181818,9.272727272727273,1.4545454545454546,9.272727272727273,78.72727272727273,1.2727272727272727,89.27272727272727,88.54545454545455,0.0,0.36363636363636365,10.727272727272727,0.0,65.45454545454545,31.454545454545453,65.81818181818181,2.5454545454545454,66.9090909090909,9.454545454545455,6.0,3.4545454545454546,73.0909090909091,8.181818181818182,4.909090909090909,79.63636363636364,8.0,0.7272727272727273,7.2727272727272725,1.8181818181818181,17.636363636363637,2.1818181818181817,74.18181818181819,0.7272727272727273,52.0,20.363636363636363,0.36363636363636365,15.090909090909092,77.81818181818181,12.0,6.363636363636363,0.36363636363636365,45.27272727272727,100.0,16.90909090909091,,,,,0.9090909090909091,9.636363636363637,3.4545454545454546,30.0,,,,,,4.7272727272727275,46.72727272727273,68.0,8.363636363636363,13.818181818181818,34.54545454545455,42.54545454545455,3.6363636363636362,2.1818181818181817,3.272727272727273,65.27272727272727,,,,,,,,,,,2.9310344827586206,4.152727,550,4.152727,550,2.391623,955.0,2.0688405,1104.0
080701,785,48.152866242038215,8.02547770700637,43.439490445859875,8.40764331210191,0.12738853503184713,30.063694267515924,29.936305732484076,40.0,96.56050955414013,30.318471337579616,66.24203821656052,3.4394904458598727,0.7643312101910829,29.044585987261147,66.7515923566879,0.0,97.96178343949045,97.70700636942675,0.25477707006369427,0.0,2.038216560509554,0.0,66.87898089171975,31.0828025477707,67.38853503184713,1.5286624203821657,75.28662420382166,36.17834394904459,24.331210191082803,11.847133757961783,59.36305732484077,0.6369426751592356,2.6751592356687897,70.44585987261146,11.464968152866241,0.6369426751592356,9.936305732484076,6.24203821656051,24.331210191082803,50.955414012738856,6.8789808917197455,3.1847133757961785,4.585987261146497,64.20382165605096,0.0,28.280254777070063,59.49044585987261,16.05095541401274,15.92356687898089,2.2929936305732483,19.745222929936304,100.0,69.171974522293,,,,,1.5286624203821657,9.681528662420382,5.859872611464968,30.828025477707005,,,,,,14.394904458598726,41.40127388535032,79.7452229299363,13.757961783439491,12.229299363057326,34.267515923566876,53.63057324840764,3.949044585987261,2.4203821656050954,1.019108280254777,72.99363057324841,,,,,,,,,,,2.944640753828033,5.388535,785,5.388535,785,2.4324324,1739.0,1.8833482,2246.0
080702,762,71.65354330708661,8.530183727034121,19.291338582677167,3.0183727034120733,0.0,57.61154855643045,23.097112860892388,19.291338582677167,95.40682414698163,20.73490813648294,74.67191601049869,4.593175853018373,0.7874015748031497,27.821522309711288,66.7979002624672,0.0,97.11286089238845,96.19422572178478,0.0,0.9186351706036745,2.8871391076115485,0.0,60.10498687664042,35.958005249343834,60.23622047244095,3.674540682414698,79.65879265091864,42.51968503937008,34.645669291338585,7.874015748031496,46.194225721784775,2.6246719160104988,6.824146981627297,67.45406824146981,11.548556430446194,0.9186351706036745,13.385826771653543,4.986876640419948,27.034120734908136,62.729658792650916,2.493438320209974,4.986876640419948,6.299212598425197,59.84251968503937,0.0,31.88976377952756,54.46194225721785,9.317585301837271,15.223097112860893,1.0498687664041995,15.879265091863518,100.0,70.07874015748031,,,,,0.13123359580052493,11.548556430446194,4.724409448818897,19.816272965879264,,,,,,7.874015748031496,37.270341207349084,78.34645669291339,13.254593175853019,7.874015748031496,30.57742782152231,53.93700787401575,4.8556430446194225,2.8871391076115485,1.1811023622047243,78.60892388451444,,,,,,,,,,,3.5428571428571427,4.5,762,4.5,762,1.8913404,1813.0,1.3771085,2490.0
080801,1513,40.77990746860542,11.302048909451422,47.65366820885658,5.816259087904825,0.0,39.193654990085925,15.532055518836748,45.27428949107733,95.90218109715796,24.98347653668209,70.91870456047587,4.097818902842036,0.5287508261731659,27.296761401189688,68.01057501652346,0.06609385327164574,95.57171183079974,93.25842696629213,0.991407799074686,0.5287508261731659,4.428288169200265,0.0,57.30337078651685,39.72240581625909,57.3694646397885,2.7098479841374754,82.55122273628552,45.406477197620625,39.92068737607403,5.485789821546597,46.92663582286848,2.7098479841374754,3.040317250495704,76.66886979510906,9.120951751487112,0.46265697290152014,8.39391936549901,4.03172504957039,30.865829477858558,50.62789160608063,15.994712491738268,1.520158625247852,7.204230006609385,60.87243886318572,0.26437541308658297,29.543952412425643,58.8235294117647,9.31923331130205,10.376734963648381,0.991407799074686,20.62128222075347,100.0,57.3694646397885,,,,,0.06609385327164574,10.839391936549902,5.353602115003305,30.931923331130204,,,,,,10.178453403833444,47.65366820885658,79.57699933906147,15.135492399206873,8.261731658955718,36.48380700594845,48.77726371447456,7.732980832782551,8.5261070720423,1.520158625247852,73.49636483807006,,,,,,,,,,,2.18978102189781,5.2438865,1513,5.2438865,1513,2.43076,3264.0,1.8615674,4262.0
080802,449,39.42093541202673,15.590200445434299,44.097995545657014,4.23162583518931,0.0,21.826280623608017,42.53897550111358,35.634743875278396,91.98218262806236,18.70824053452116,73.27394209354121,8.017817371937639,0.0,19.821826280623608,72.16035634743875,0.0,97.32739420935413,97.32739420935413,0.0,0.0,2.6726057906458798,0.0,51.00222717149221,44.98886414253897,51.224944320712694,3.56347438752784,86.19153674832963,2.89532293986637,0.0,2.89532293986637,68.59688195991092,4.23162583518931,22.93986636971047,78.61915367483296,8.017817371937639,0.89086859688196,9.35412026726058,2.0044543429844097,7.795100222717149,89.30957683741649,2.0044543429844097,0.22271714922049,31.403118040089087,40.31180400890869,0.44543429844098,26.7260579064588,66.815144766147,10.690423162583519,10.022271714922049,0.0,10.46770601336303,100.0,79.06458797327394,,,,,0.22271714922049,16.258351893095767,3.11804008908686,20.489977728285076,,,,,,4.8997772828507795,65.25612472160357,83.96436525612472,14.922048997772828,8.46325167037862,52.56124721603563,46.99331848552338,4.4543429844097995,6.904231625835189,2.89532293986637,85.74610244988864,,,,,,,,,,,3.6437246963562755,4.6681514,449,4.6681514,449,1.9810964,1058.0,1.423913,1472.0
080803,412,8.495145631067961,3.3980582524271843,87.86407766990291,4.12621359223301,0.0,12.864077669902912,2.1844660194174756,84.95145631067962,88.3495145631068,29.854368932038835,58.49514563106796,11.650485436893204,1.941747572815534,16.50485436893204,69.90291262135922,0.0,95.3883495145631,94.1747572815534,0.0,0.970873786407767,4.611650485436893,0.0,38.349514563106794,58.00970873786408,39.320388349514566,2.6699029126213594,78.39805825242719,36.89320388349515,34.95145631067961,1.941747572815534,54.36893203883495,3.3980582524271843,3.1553398058252426,76.45631067961165,9.951456310679612,0.7281553398058253,9.466019417475728,2.912621359223301,32.76699029126213,66.01941747572816,0.0,0.4854368932038835,16.74757281553398,56.55339805825243,0.7281553398058253,20.145631067961165,49.029126213592235,9.951456310679612,9.70873786407767,2.4271844660194173,21.359223300970875,100.0,83.7378640776699,,,,,1.4563106796116505,21.116504854368934,5.825242718446602,23.78640776699029,,,,,,6.796116504854369,39.56310679611651,78.39805825242719,12.62135922330097,10.436893203883495,35.679611650485434,38.349514563106794,5.825242718446602,1.6990291262135921,2.912621359223301,74.02912621359224,,,,,,,,,,,4.329004329004329,4.919903,412,4.919903,412,2.3165715,875.0,1.8682028,1085.0
090101,11775,70.35244161358811,5.800424628450106,18.063694267515924,5.392781316348195,2.1825902335456475,40.1104033970276,39.7791932059448,20.1104033970276,91.21019108280255,54.004246284501065,37.20594479830149,8.789808917197453,28.067940552016985,22.870488322717623,38.938428874734605,1.3333333333333333,92.71337579617834,91.05732484076434,0.18683651804670912,1.019108280254777,7.286624203821656,0.0,88.4416135881104,3.745222929936306,88.99363057324841,6.83651804670913,61.92781316348195,88.56900212314225,67.57537154989384,20.993630573248407,8.611464968152866,0.6284501061571125,1.5881104033970277,62.48832271762208,24.339702760084926,1.8004246284501062,5.89384288747346,2.276008492569002,49.12951167728238,0.20382165605095542,49.52866242038217,0.06794055201698514,84.16985138004246,12.067940552016985,1.5116772823779194,1.0615711252653928,9.774946921443737,20.348195329087048,30.641188959660298,0.6624203821656051,38.42887473460722,100.0,38.276008492569005,,,,,3.2356687898089174,5.307855626326964,3.159235668789809,18.42887473460722,,,,,,30.276008492569,59.32908704883227,79.97452229299363,32.89171974522293,18.692144373673035,13.1380042462845,60.04246284501062,0.6794055201698513,0.3481953290870488,13.469214437367304,76.07643312101911,,,,,,,,,,,4.944972109151213,3.5478556,11775,3.5478556,11775,1.9807501,21091.0,1.556077,26847.0
090102,813,73.18573185731857,12.177121771217712,10.578105781057811,5.904059040590406,0.12300123001230012,31.73431734317343,58.42558425584256,9.84009840098401,96.4329643296433,62.85362853628536,33.579335793357934,3.5670356703567037,0.8610086100861009,27.429274292742928,67.77367773677737,0.36900369003690037,88.43788437884379,86.96186961869618,0.0,0.8610086100861009,11.562115621156211,0.0,85.97785977859779,9.59409594095941,86.22386223862239,3.5670356703567037,83.39483394833948,41.94341943419434,29.52029520295203,12.423124231242312,45.87945879458795,2.952029520295203,8.487084870848708,70.97170971709717,17.71217712177122,0.24600246002460024,6.150061500615006,4.674046740467404,26.445264452644526,0.0,72.32472324723247,0.4920049200492005,76.75276752767527,8.364083640836409,0.12300123001230012,12.054120541205412,3.5670356703567037,21.156211562115622,17.71217712177122,0.6150061500615006,19.55719557195572,100.0,20.91020910209102,,,,,0.8610086100861009,3.936039360393604,2.5830258302583027,27.675276752767527,,,,,,20.91020910209102,65.80565805658057,74.41574415744158,16.728167281672818,16.236162361623617,27.92127921279213,57.810578105781055,0.6150061500615006,4.674046740467404,3.075030750307503,67.40467404674047,,,,,,,,,,,2.1714285714285713,5.2373924,813,5.2373924,813,2.370824,1796.0,1.7808448,2391.0
090201,579,72.36614853195164,5.526770293609672,16.753022452504318,3.2815198618307426,0.0,17.098445595854923,66.32124352331606,16.580310880829014,93.26424870466322,31.260794473229705,62.00345423143351,6.7357512953367875,0.690846286701209,17.78929188255613,74.43868739205527,0.3454231433506045,84.62867012089811,55.613126079447326,1.7271157167530224,26.07944732297064,15.3713298791019,0.0,78.92918825561313,15.716753022452504,78.92918825561313,5.008635578583765,63.03972366148532,74.78411053540587,58.721934369602764,16.06217616580311,16.92573402417962,2.0725388601036268,5.354058721934369,53.19516407599309,28.324697754749568,0.3454231433506045,8.808290155440414,8.290155440414507,17.962003454231432,0.5181347150259067,81.17443868739205,0.0,79.44732297063904,2.763385146804836,0.17271157167530224,14.680483592400691,29.533678756476682,28.670120898100173,10.362694300518134,1.5544041450777202,47.32297063903282,100.0,15.889464594127807,,,,,1.2089810017271156,3.9723661485319517,4.66321243523316,28.842832469775473,,,,,,7.426597582037997,33.85146804835924,63.38514680483593,22.9706390328152,9.32642487046632,21.243523316062177,46.97754749568221,3.454231433506045,11.744386873920552,1.2089810017271156,70.12089810017271,,,,,,,,,,,6.456241032998565,3.9654577,579,3.9654577,579,2.3866944,962.0,1.9261745,1192.0
090303,377,0.5305039787798409,0.5305039787798409,72.41379310344827,7.427055702917772,0.0,1.3262599469496021,1.3262599469496021,97.34748010610079,90.9814323607427,42.705570291777185,48.275862068965516,9.018567639257295,1.3262599469496021,2.1220159151193636,86.20689655172414,1.3262599469496021,31.03448275862069,13.793103448275861,0.26525198938992045,16.180371352785144,68.96551724137932,0.0,46.15384615384615,51.9893899204244,46.15384615384615,1.856763925729443,58.88594164456234,10.344827586206897,3.4482758620689653,6.896551724137931,61.80371352785146,4.774535809018568,20.689655172413794,66.3129973474801,17.24137931034483,0.7957559681697612,7.6923076923076925,6.896551724137931,13.52785145888594,1.5915119363395225,75.86206896551724,2.6525198938992043,42.175066312997345,1.856763925729443,0.5305039787798409,51.9893899204244,76.92307692307692,9.018567639257295,2.6525198938992043,0.5305039787798409,31.83023872679045,100.0,9.814323607427056,,,,,0.5305039787798409,1.3262599469496021,3.713527851458886,60.47745358090186,,,,,,1.856763925729443,20.954907161803714,22.015915119363395,4.774535809018568,8.222811671087532,12.46684350132626,58.88594164456234,0.5305039787798409,11.936339522546419,0.5305039787798409,18.03713527851459,,,,,,,,,,,,6.681698,377,6.681698,377,3.698972,681.0,2.974026,847.0
