cod_ine,n_viviendas,pct_agua_caneria,pct_agua_pileta,pct_agua_pozo,pct_agua_pozo_bomba,pct_agua_carro,pct_agua_interior,pct_agua_lote,pct_agua_sin_caneria,pct_servicio_sanitario,pct_sanitario_exclusivo,pct_sanitario_compartido,pct_sin_sanitario,pct_alcantarillado,pct_camara_septica,pct_pozo_ciego,pct_desague_superficie,pct_electricidad,pct_elec_red,pct_panel_solar,pct_motor_propio,pct_sin_energia,pct_gas_red,pct_gas_garrafa,pct_lena_guano,pct_combustible_limpio,pct_no_cocina,pct_cocina_exclusiva,pct_basura_formal,pct_basura_carro,pct_basura_contenedor,pct_basura_quema,pct_basura_entierra,pct_basura_informal,pct_viv_propia,pct_viv_alquilada,pct_viv_anticretico,pct_viv_prestada,pct_viv_cedida,pct_pared_ladrillo,pct_pared_adobe,pct_pared_madera,pct_pared_precaria,pct_techo_calamina,pct_techo_teja,pct_techo_losa,pct_techo_paja,pct_piso_tierra,pct_piso_cemento,pct_piso_ceramica,pct_piso_mosaico,pct_monoambiente,pct_urbano,pct_revoque,pct_hogar_nuclear,pct_hogar_monoparental,pct_hogar_extendido,pct_hogar_compuesto,pct_departamento,pct_con_emigrante,pct_hogar_fallecido,pct_hacinamiento,pct_choza,pct_agua_rio,pct_agua_lluvia,pct_agua_no_mejorada,pct_agua_mejorada,pct_saneamiento_mejorado,pct_radio,pct_televisor,pct_computadora,pct_auto,pct_bicicleta,pct_moto,pct_carreta,pct_bote,pct_internet,pct_telefonia,pct_celular,pct_internet_fijo,pct_internet_movil,pct_tv_cable,pct_telefono_fijo,pct_refrigerador,pct_microondas,pct_calefon,pct_aire_acond,pct_lavadora,pct_vivienda_desocupada,tam_hogar,_den_tam_hogar,pers_x_vivienda,_den_pers_x_vivienda,pers_x_dormitorio,_den_pers_x_dormitorio,pers_x_habitacion,_den_pers_x_habitacion
010101,69949,82.98617564225364,7.2409898640438035,2.3116842270797293,1.2194598922071795,2.1201160845759053,73.06466139616006,15.915881570858769,11.019457032981173,81.87393672532845,42.54099415288282,39.33294257244564,18.126063274671548,77.250568271169,1.0464767187522337,2.477519335515876,1.0993723998913494,92.35014081688087,91.58529785986933,0.05718452015039529,0.22873808060158116,7.64985918311913,26.263420492072797,62.910120230453614,8.674891706814964,89.4837667443423,1.7641424466396947,71.92954867117471,71.88380105505439,61.00873493545297,10.875066119601424,9.016569214713577,1.6597806973652232,16.7593532430771,58.105190924816654,25.821670073910994,6.255986504453245,7.095169337660296,1.236615248252298,67.83370741540266,29.95611088078457,0.07291026319175399,0.15010936539478764,34.95260832892536,40.5423951736265,18.972394172897395,2.630487926918183,10.107363936582367,49.244449527512906,27.980385709588415,2.659080186993381,33.24565040243606,90.22001744127864,81.94255814950893,,,,,7.309611288224278,12.806473287681024,4.398919212569157,17.206822113253942,,,,,,40.385137743212915,81.60088064161032,81.07907189523796,39.17997398104333,27.514331870362692,20.720810876495733,10.145963487683884,1.0622024617935926,0.19728659451886374,15.808660595576777,80.28849590415875,,,,,,,,,,,4.271201299538458,3.6352057,69949,3.6352057,69949,1.7742665,143315.0,1.2679842,200538.0
010102,2646,54.15721844293273,8.692365835222978,17.913832199546484,12.887377173091458,1.5873015873015872,37.56613756613756,32.84202569916856,29.591836734693878,59.41043083900227,38.47316704459561,20.93726379440665,40.58956916099773,18.480725623582767,6.00907029478458,33.597883597883595,1.3227513227513228,76.4928193499622,75.35903250188964,0.3779289493575208,0.11337868480725624,23.507180650037792,0.0,50.45351473922903,47.014361300075585,51.47392290249433,1.3227513227513228,73.5071806500378,19.198790627362055,15.532879818594104,3.6659108087679515,33.21995464852608,7.180650037792895,37.83068783068783,86.81027966742252,3.4769463340891913,0.22675736961451248,3.5147392290249435,4.761904761904762,38.92668178382464,59.67498110355253,0.11337868480725624,0.03779289493575208,28.647014361300077,64.5124716553288,2.683295540438398,3.439153439153439,14.399092970521542,71.73091458805744,10.128495842781557,0.9070294784580499,16.59108087679516,0.0,87.75510204081633,,,,,2.0408163265306123,23.09145880574452,6.273620559334845,15.306122448979592,,,,,,16.59108087679516,79.28949357520786,46.18291761148904,8.314436885865458,21.428571428571427,22.335600907029477,3.2879818594104306,1.6250944822373394,0.15117157974300832,2.796674225245654,56.00907029478458,,,,,,,,,,,8.728107952914154,3.4331067,2646,3.4331067,2646,1.8403566,4936.0,1.1866754,7655.0
010103,4660,27.553648068669528,10.150214592274677,15.064377682403434,1.2446351931330473,0.02145922746781116,9.313304721030043,29.120171673819744,61.566523605150216,5.772532188841201,3.0686695278969958,2.703862660944206,94.2274678111588,1.8669527896995708,0.6652360515021459,3.111587982832618,0.12875536480686695,15.987124463519313,12.746781115879829,1.6309012875536482,0.40772532188841204,84.01287553648069,0.0,4.785407725321888,94.46351931330472,5.064377682403434,0.4721030042918455,30.042918454935624,0.3218884120171674,0.17167381974248927,0.15021459227467812,13.390557939914164,6.9742489270386265,76.7381974248927,96.09442060085837,1.3304721030042919,0.02145922746781116,1.0085836909871244,1.2660944206008584,4.721030042918455,89.09871244635193,0.2575107296137339,0.5793991416309013,6.5665236051502145,55.3862660944206,0.8798283261802575,36.652360515021456,56.5450643776824,39.57081545064378,0.8369098712446352,0.4721030042918455,42.38197424892704,0.0,63.798283261802574,,,,,0.2575107296137339,5.815450643776824,4.334763948497854,34.527896995708154,,,,,,1.609442060085837,73.2618025751073,5.665236051502146,1.094420600858369,2.532188841201717,4.656652360515022,0.6008583690987125,0.8369098712446352,0.06437768240343347,0.12875536480686695,6.652360515021459,,,,,,,,,,,4.055250575526828,3.501073,4660,3.501073,4660,2.89427,5637.0,1.810364,9012.0
010201,2538,39.204097714736015,7.1315996847911745,9.771473601260835,0.5910165484633569,0.39401103230890466,22.77383766745469,23.52245862884161,53.7037037037037,22.340425531914892,12.8053585500394,9.535066981875493,77.65957446808511,10.28368794326241,2.994483845547675,8.944050433412135,0.1182033096926714,19.66115051221434,14.49960598896769,4.137115839243499,0.5910165484633569,80.33884948778565,0.0,12.923561859732072,86.28841607565012,13.041765169424744,0.6698187549251379,62.687155240346726,10.756501182033096,9.968479117415288,0.7880220646178093,15.918045705279749,3.821907013396375,58.58944050433412,87.6280535855004,6.067769897557132,0.19700551615445233,3.2702915681639086,2.52167060677699,5.8707643814026795,84.39716312056737,0.7486209613869188,0.8668242710795903,7.722616233254531,41.686367218282115,0.5516154452324665,48.3451536643026,61.22931442080378,33.609141055949564,2.482269503546099,0.0,30.890464933018123,0.0,61.150512214342,,,,,0.07880220646178093,6.1465721040189125,4.373522458628842,40.858944050433415,,,,,,6.501182033096927,65.3270291568164,11.229314420803783,4.964539007092198,3.1126871552403466,7.64381402679275,2.600472813238771,0.31520882584712373,0.07880220646178093,0.5910165484633569,11.623325453112686,,,,,,,,,,,4.253968253968254,4.0855002,2538,4.0855002,2538,3.084176,3362.0,1.6937275,6122.0
010202,3418,41.39847864248098,13.955529549444119,6.2609713282621415,0.3510825043885313,0.058513750731421885,24.663545933294323,28.20362785254535,47.132826214160325,19.338794616734933,10.85430076067876,8.484493856056174,80.66120538326507,9.362200117027502,3.1889994148624927,6.553540081919251,0.23405500292568754,33.32358104154476,23.639555295494443,1.1995318899941487,0.9362200117027502,66.67641895845524,0.0,14.774722059684025,84.43534230544178,15.096547688706845,0.4681100058513751,76.06787595084845,9.128145114101814,6.495026331187829,2.633118782913985,18.490345231129314,8.71854885898186,56.37799882972499,90.81334113516677,3.978935049736688,0.08777062609713282,2.3112931538911643,2.516091281451141,5.6173200702165005,81.12931538911644,0.11702750146284377,0.0,9.508484493856056,48.3908718548859,0.14628437682855472,41.42773551784669,67.17378583967232,30.544177881802224,1.1410181392627268,0.14628437682855472,24.312463428905794,0.0,62.609713282621414,,,,,0.7314218841427735,8.894090111176126,5.002925687536571,40.257460503218255,,,,,,6.495026331187829,73.87361029842013,14.511410181392627,4.417788180222352,2.6916325336454068,9.8888238736103,1.433586892919836,1.0239906377998829,0.14628437682855472,0.5266237565827969,21.97191339964892,,,,,,,,,,,4.039497307001795,4.1243415,3418,4.1243415,3418,3.0712419,4590.0,1.6414765,8588.0
010301,2586,68.0201082753287,7.037896365042537,1.1987625676720803,0.5413766434648105,0.0,53.17092034029389,21.77107501933488,25.05800464037123,32.79195668986852,17.51740139211137,15.274555297757153,67.20804331013147,22.96983758700696,2.7842227378190256,6.999226604795051,0.038669760247486466,49.03325599381284,45.86233565351895,1.082753286929621,0.27068832173240526,50.96674400618716,0.0,28.963650425367362,69.29621036349575,29.775715390564578,0.8894044856921887,73.08584686774942,28.53828306264501,23.588553750966746,4.949729311678268,18.136117556071152,4.563031709203403,44.16086620262954,86.42691415313224,6.45784996133024,0.30935808197989173,2.9389017788089715,3.0935808197989174,10.82753286929621,85.4215003866976,0.0,0.0,18.020108275328692,73.24052590873937,1.5467904098994587,6.728538283062645,38.59242072699149,53.05491105955143,4.679040989945863,0.5413766434648105,25.406032482598608,31.902552204176335,88.36040216550657,,,,,1.6241299303944317,10.324825986078887,5.4911059551430785,40.2938901778809,,,,,,12.91569992266048,72.04176334106728,28.151585460170146,5.297757153905645,7.076566125290023,32.36658932714617,8.43000773395205,1.4694508894044858,0.15467904098994587,1.005413766434648,35.57617942768755,,,,,,,,,,,5.320555188367482,4.241299,2586,4.241299,2586,2.875721,3814.0,1.5861171,6915.0
010302,2717,46.04343025395657,14.24365108575635,5.704821494295179,0.5520794994479205,0.0368052999631947,28.524107471475894,30.879646669120355,40.59624585940375,20.8317997791682,10.599926389400073,10.231873389768127,79.1682002208318,12.403386087596614,2.3555391976444606,5.888847994111152,0.1840264998159735,38.1670960618329,32.97754876702245,1.1409642988590356,0.9201324990798675,61.8329039381671,0.5520794994479205,18.365844681634155,79.8675009201325,18.95472948104527,0.9937430990062569,67.05925653294074,1.582627898417372,0.7729112992270887,0.8097165991902834,25.469267574530733,11.777695988222304,57.41626794258373,89.65771071034229,5.962458594037542,0.1472211998527788,2.3923444976076556,1.1777695988222303,6.330511593669488,84.90982701509017,0.1472211998527788,0.1840264998159735,4.048582995951417,47.258005152741994,0.2576370997423629,47.994111152005885,64.29885903570114,30.990062569009936,1.7298490982701509,0.1472211998527788,23.923444976076556,20.61096797938903,53.993375046006626,,,,,0.1472211998527788,5.2999631947000365,4.711078395288921,42.91497975708502,,,,,,6.367316893632683,77.69598822230401,18.62348178137652,3.0916451969083547,2.797202797202797,12.440191387559809,1.9138755980861244,1.104158998895841,0.2208317997791682,0.6624953993375046,21.31026867868973,,,,,,,,,,,3.8415366146458583,4.356643,2717,4.356643,2717,3.1043797,3813.0,1.7422726,6794.0
010303,1982,37.38647830474268,12.058526740665993,15.6912209889001,1.8668012108980827,0.15136226034308778,36.52875882946519,11.806256306760847,51.66498486377397,36.07467204843592,18.062563067608476,18.012108980827445,63.92532795156408,14.076690211907165,4.036326942482341,17.507568113017154,0.45408678102926336,57.71947527749748,44.60141271442987,12.008072653884964,0.30272452068617556,42.28052472250252,0.0,36.57921291624621,62.71442986881937,36.629667003027244,0.6054490413723511,79.06155398587286,23.461150353178606,20.383451059535822,3.077699293642785,24.217961654894047,5.549949545913219,43.59233097880929,86.0242179616549,9.788092835519677,0.20181634712411706,2.169525731584258,1.3622603430877902,8.98082744702321,88.54692230070636,0.0,0.050454086781029264,4.238143289606458,87.48738647830474,1.0595358224016145,6.407669021190716,42.48234106962664,48.03229061553986,1.6649848637739657,0.2522704339051463,19.87891019172553,0.0,90.8678102926337,,,,,0.45408678102926336,14.37941473259334,5.095862764883956,38.7991927346115,,,,,,9.031281533804238,79.91927346115035,32.2401614530777,6.81130171543895,6.86175580221998,35.57013118062563,14.177598385469222,0.8577194752774975,0.2522704339051463,0.756811301715439,41.77598385469223,,,,,,,,,,,10.692871419053963,4.0050454,1982,4.0050454,1982,2.7745543,2861.0,1.4261588,5566.0
010304,1831,70.94483888585472,7.263790278536319,2.7307482250136537,0.10922992900054615,0.054614964500273075,46.422719825232114,31.07591480065538,22.501365374112506,54.88803932277444,35.4997269251775,19.38831239759694,45.11196067722556,7.318405243036592,8.683779355543418,38.72200983069361,0.1638448935008192,55.3795740032769,49.80884762424905,0.2730748225013654,0.2184598580010923,44.6204259967231,0.0,19.060622610595303,80.01092299290005,19.060622610595303,0.9284543965046422,80.1201529219006,6.7176406335335885,6.226105953031131,0.4915346805024577,30.693610049153467,9.175314036045876,46.96886947023484,90.8793009284544,4.642271982523211,0.1638448935008192,1.9661387220098308,1.3653741125068268,6.663025669033315,82.03167667941015,0.2184598580010923,0.3276897870016384,3.3861277990169305,63.40797378481704,0.1638448935008192,32.60513380666303,46.8596395412343,50.51884216275259,1.7476788640087384,0.054614964500273075,15.892954669579465,0.0,71.2179137083561,,,,,0.10922992900054615,17.094483888585472,4.2599672310212995,34.29819770617149,,,,,,10.049153468050246,80.44784270890224,32.87820862916439,3.3315128345166576,3.877662479519388,14.254505734571273,1.3107591480065537,1.0922992900054616,0.10922992900054615,0.3823047515019115,37.902785363189516,,,,,,,,,,,8.264820424058849,4.1523757,1831,4.1523757,1831,2.6932342,2823.0,1.3027759,5836.0
010401,2810,62.52669039145908,4.0213523131672595,4.7686832740213525,0.7117437722419929,0.03558718861209965,49.8932384341637,18.14946619217082,31.95729537366548,38.754448398576514,18.612099644128115,20.1423487544484,61.245551601423486,27.224199288256226,0.99644128113879,10.533807829181494,0.0,50.3914590747331,40.4270462633452,8.078291814946619,0.7473309608540926,49.6085409252669,0.0,35.16014234875445,62.95373665480427,35.76512455516014,1.2455516014234875,81.067615658363,30.391459074733095,26.334519572953738,4.056939501779359,12.064056939501778,3.380782918149466,47.11743772241993,79.5017793594306,12.846975088967971,0.8540925266903915,4.1637010676156585,1.708185053380783,13.594306049822064,77.97153024911032,3.380782918149466,0.5338078291814946,9.679715302491104,82.59786476868328,0.6405693950177936,6.654804270462633,46.72597864768683,32.09964412811388,7.829181494661921,0.7829181494661922,24.448398576512457,35.08896797153025,84.62633451957295,,,,,0.6761565836298933,9.857651245551601,4.0213523131672595,29.537366548042705,,,,,,11.530249110320284,82.34875444839858,33.02491103202847,7.544483985765124,7.6512455516014235,21.387900355871885,7.0462633451957295,1.1743772241992882,0.3202846975088968,1.9572953736654803,39.537366548042705,,,,,,,,,,,5.119176598049838,3.5939503,2810,3.5939503,2810,2.379034,4245.0,1.2798125,7891.0
010402,2113,78.84524372929484,6.389020350212967,1.7983909133932796,0.3312825366777094,0.0,48.69853289162329,38.002839564600094,13.298627543776622,42.35683861807856,21.06010411736867,21.296734500709892,57.64316138192144,17.936583057264553,8.518693800283957,15.901561760530052,0.0,51.01751064836725,46.99479413156649,0.23663038334122102,0.8045433033601515,48.98248935163275,0.0,24.846190250828208,73.68670137245623,24.89351632749645,1.419782300047326,79.88641741599622,19.78230004732608,14.718409843823947,5.06389020350213,18.26786559394226,8.613345953620446,51.34879318504496,86.0861334595362,9.654519640321817,0.18930430667297682,2.5082820634169427,1.135825840037861,9.607193563653572,88.92569805963086,0.09465215333648841,0.0,15.901561760530052,71.69900615238997,1.0884997633696167,11.074301940369143,56.128726928537624,38.760056791292,2.839564600094652,0.3312825366777094,20.634169427354472,0.0,86.1807856128727,,,,,0.28395646000946523,15.948887837198296,4.921911973497397,34.07477520113583,,,,,,11.831519167061051,73.63937529578799,31.140558447704684,4.7799337434926645,4.16469474680549,24.372929484145764,4.070042593469001,1.3724562233790818,0.28395646000946523,1.183151916706105,37.1509701845717,,,,,,,,,,,5.225019069412662,3.9403691,2113,3.9403691,2113,2.597816,3205.0,1.3816794,6026.0
010403,2010,53.73134328358209,9.35323383084577,0.8955223880597015,0.14925373134328357,0.0,34.67661691542288,28.109452736318406,37.21393034825871,32.7363184079602,18.109452736318406,14.626865671641792,67.2636815920398,23.880597014925375,0.4975124378109453,8.059701492537313,0.29850746268656714,39.80099502487562,36.865671641791046,0.7960199004975125,1.1940298507462686,60.19900497512438,0.0,25.72139303482587,72.38805970149254,26.119402985074625,1.044776119402985,77.2636815920398,27.71144278606965,24.875621890547265,2.8358208955223883,18.65671641791045,10.497512437810945,40.69651741293532,83.78109452736318,9.154228855721392,0.29850746268656714,3.4328358208955225,2.0398009950248754,9.601990049751244,86.16915422885572,0.09950248756218906,0.14925373134328357,14.72636815920398,64.5273631840796,0.6965174129353234,18.308457711442784,48.80597014925373,39.90049751243781,3.582089552238806,0.845771144278607,25.223880597014926,30.049751243781095,79.45273631840796,,,,,0.6467661691542289,7.810945273631841,3.9303482587064678,29.850746268656717,,,,,,14.17910447761194,63.28358208955224,25.572139303482587,7.36318407960199,3.482587064676617,16.51741293532338,3.1343283582089554,0.39800995024875624,0.19900497512437812,1.2935323383084578,29.303482587064675,,,,,,,,,,,6.091562618236852,3.5671642,2010,3.5671642,2010,2.5087473,2858.0,1.3559002,5288.0
010404,1072,80.41044776119404,4.57089552238806,0.6529850746268657,0.0,0.0,47.94776119402985,36.84701492537314,15.205223880597014,25.09328358208955,15.764925373134329,9.328358208955224,74.90671641791045,19.309701492537314,0.6529850746268657,5.037313432835821,0.09328358208955224,50.83955223880597,48.88059701492537,1.585820895522388,0.373134328358209,49.16044776119403,0.0,29.57089552238806,69.77611940298507,29.850746268656717,0.373134328358209,82.83582089552239,20.80223880597015,18.470149253731343,2.332089552238806,17.817164179104477,7.182835820895522,50.37313432835821,84.88805970149254,7.649253731343284,1.1194029850746268,3.638059701492537,1.585820895522388,9.14179104477612,88.80597014925372,0.0,0.09328358208955224,4.384328358208955,78.54477611940298,0.2798507462686567,16.138059701492537,53.35820895522388,38.61940298507463,5.317164179104478,0.0,17.07089552238806,0.0,89.73880597014926,,,,,0.2798507462686567,5.130597014925373,4.104477611940299,38.80597014925373,,,,,,12.873134328358208,75.18656716417911,30.130597014925375,7.276119402985074,6.902985074626866,17.44402985074627,4.0111940298507465,0.4664179104477612,0.0,0.746268656716418,37.22014925373134,,,,,,,,,,,6.703039750584567,4.5093284,1072,4.5093284,1072,2.813737,1718.0,1.5201257,3180.0
010405,1212,54.95049504950495,4.455445544554456,1.6501650165016502,0.08250825082508251,0.0,29.86798679867987,37.62376237623762,32.508250825082506,38.366336633663366,20.544554455445546,17.821782178217823,61.633663366336634,15.181518151815181,3.9603960396039604,19.059405940594058,0.16501650165016502,34.81848184818482,27.392739273927393,3.6303630363036303,3.1353135313531353,65.18151815181518,0.0,19.801980198019802,78.96039603960396,19.966996699669966,1.0726072607260726,71.86468646864687,16.17161716171617,15.511551155115512,0.6600660066006601,24.58745874587459,3.382838283828383,49.587458745874585,84.57095709570957,8.250825082508252,0.49504950495049505,2.8052805280528053,3.1353135313531353,11.386138613861386,83.41584158415841,0.41254125412541254,0.33003300330033003,15.594059405940595,59.57095709570957,0.9075907590759076,23.514851485148515,48.43234323432343,42.65676567656766,4.29042904290429,0.24752475247524752,26.73267326732673,0.0,66.996699669967,,,,,0.24752475247524752,7.755775577557756,4.042904290429043,27.97029702970297,,,,,,8.250825082508252,69.22442244224422,19.471947194719473,4.702970297029703,3.547854785478548,8.745874587458745,2.145214521452145,0.0,0.08250825082508251,0.16501650165016502,26.980198019801982,,,,,,,,,,,2.484472049689441,3.5544555,1212,3.5544555,1212,2.4829972,1735.0,1.4161736,3042.0
010501,6079,73.40023030103636,4.671821023194604,2.1878598453693043,0.3290014805066623,0.032900148050666225,47.1459121566047,31.353841092284917,21.50024675111038,55.20644842901793,27.30712288205297,27.89932554696496,44.79355157098207,35.268958710314195,2.335910511597302,17.4370784668531,0.16450074025333114,68.11975653890443,60.91462411580852,6.152327685474584,0.6251028129626583,31.880243461095574,19.54268794209574,31.551241980588912,47.12946208257937,51.30778088501398,1.4969567363053133,76.98634643855897,40.26978121401546,33.19624938312222,7.073531830893239,28.952130284586282,4.375719690738609,24.888962000329002,72.44612600756703,15.018917585129133,1.8424082908373087,5.428524428359927,3.454515545319954,33.87070241816088,53.34759006415529,4.622470801118605,0.2467511103799967,18.555683500575753,69.20546142457641,6.97483138674124,2.977463398585294,37.5061687777595,51.71903273564731,8.76788945550255,0.6744530350386577,31.27159072215825,45.48445468004606,71.59072215824972,,,,,1.4640565882546472,9.639743378845205,3.898667544003948,27.224872511926304,,,,,,17.321927948675768,70.45566705050173,49.942424740911335,13.933212699457147,16.614574765586447,22.6517519328837,8.570488567198552,1.1021549596973186,0.42770192465866097,5.115973021878599,50.60042770192466,,,,,,,,,,,4.105736782902137,3.8354993,6079,3.8354993,6079,2.2926254,10170.0,1.5259162,15280.0
010502,2079,60.94276094276094,4.040404040404041,1.7316017316017316,0.4329004329004329,0.0962000962000962,26.743626743626745,43.29004329004329,29.966329966329965,32.65993265993266,17.50841750841751,15.151515151515152,67.34006734006734,11.255411255411255,2.405002405002405,18.95141895141895,0.0481000481000481,50.64935064935065,35.161135161135164,8.273208273208272,3.318903318903319,49.35064935064935,0.0,27.561327561327563,70.03367003367003,27.849927849927848,2.068302068302068,65.993265993266,17.98941798941799,15.824915824915825,2.1645021645021645,38.81673881673882,5.627705627705628,35.64213564213564,76.28667628667628,9.90860990860991,0.3848003848003848,6.156806156806157,6.253006253006253,13.852813852813853,72.53487253487253,2.549302549302549,0.7215007215007215,7.984607984607985,84.31938431938433,0.3367003367003367,6.3011063011063015,44.733044733044736,48.43674843674844,3.0784030784030785,0.2886002886002886,24.627224627224628,0.0,71.38047138047138,,,,,0.5772005772005772,8.080808080808081,4.617604617604617,28.715728715728716,,,,,,7.118807118807119,56.036556036556036,30.11063011063011,6.782106782106782,9.427609427609427,12.746512746512746,5.002405002405002,1.7316017316017316,0.5291005291005291,0.5291005291005291,26.743626743626745,,,,,,,,,,,6.719367588932807,3.863396,2079,3.863396,2079,2.344425,3426.0,1.4190813,5660.0
010601,4386,54.01276789785682,9.986320109439124,8.595531235750114,1.5047879616963065,0.11399908800729594,41.99726402188782,23.369813041495668,34.63292293661651,25.991792065663475,12.175102599179207,13.816689466484268,74.00820793433653,16.096671226630185,0.9347925216598267,8.458732330141359,0.5015959872321022,51.70998632010944,47.651618787049706,2.9867761057911535,0.27359781121751026,48.29001367989056,3.169174646602827,26.174190606475147,69.92704058367534,29.45736434108527,0.5471956224350205,79.91336069311446,20.26903784769722,17.191062471500228,3.0779753761969904,17.07706338349293,7.774737802097583,50.159598723210216,87.82489740082079,7.4099407204742365,0.7523939808481532,2.2571819425444595,1.231190150478796,9.370725034199726,87.75649794801642,0.045599635202918376,0.09119927040583675,5.791153670770634,69.63064295485636,0.364797081623347,22.868217054263567,57.88873689010488,34.67852257181943,1.231190150478796,0.06839945280437756,16.165070679434564,17.806657546739626,71.4546283629731,,,,,0.4103967168262654,14.36388508891929,4.582763337893297,30.141358869129046,,,,,,6.224350205198358,80.73415412676698,30.528955768353853,5.015959872321021,4.605563155494756,18.467852257181942,1.1627906976744187,6.657546739626083,0.34199726402188785,0.7067943456452348,33.926128590971274,,,,,,,,,,,10.431204151010915,3.8105335,4386,3.8105335,4386,2.529207,6608.0,1.183305,14124.0
010602,2950,41.220338983050844,4.372881355932203,13.728813559322035,5.864406779661017,0.13559322033898305,37.559322033898304,15.932203389830509,46.50847457627118,30.74576271186441,20.915254237288135,9.830508474576272,69.2542372881356,14.813559322033898,1.694915254237288,12.474576271186441,1.7627118644067796,50.74576271186441,48.03389830508475,0.5084745762711864,0.9152542372881356,49.25423728813559,0.7457627118644068,31.322033898305083,66.77966101694915,32.20338983050848,0.9152542372881356,73.96610169491525,6.677966101694915,5.661016949152542,1.0169491525423728,31.89830508474576,9.35593220338983,49.05084745762712,92.7457627118644,2.8135593220338984,0.03389830508474576,2.1016949152542375,2.0,16.983050847457626,78.0677966101695,0.0,0.03389830508474576,9.694915254237289,76.84745762711864,1.11864406779661,11.389830508474576,47.152542372881356,44.94915254237288,1.8305084745762712,0.06779661016949153,18.16949152542373,0.0,75.96610169491525,,,,,0.4406779661016949,18.372881355932204,4.677966101694915,24.847457627118644,,,,,,10.711864406779661,75.79661016949153,25.694915254237287,2.169491525423729,12.033898305084746,19.559322033898304,1.2203389830508475,0.7457627118644068,0.2033898305084746,0.2711864406779661,35.08474576271186,,,,,,,,,,,11.193212917350849,3.3501694,2950,3.3501694,2950,2.344165,4216.0,1.2123405,8152.0
010701,4325,74.15028901734104,6.104046242774566,2.3815028901734103,0.7167630057803468,0.0,47.30635838150289,34.21965317919075,18.473988439306357,46.72832369942196,27.14450867052023,19.583815028901736,53.27167630057804,29.08670520231214,2.1502890173410405,15.491329479768787,0.0,70.03468208092485,68.0,0.8092485549132948,0.4624277456647399,29.965317919075144,9.572254335260116,36.578034682080926,52.30057803468208,46.47398843930636,1.1560693641618498,76.53179190751445,33.017341040462426,26.08092485549133,6.936416184971098,34.17341040462428,4.300578034682081,27.028901734104046,78.54335260115607,13.364161849710984,1.5491329479768785,4.069364161849711,1.8497109826589595,22.54335260115607,68.64739884393063,0.11560693641618497,0.23121387283236994,28.485549132947977,17.84971098265896,6.265895953757226,46.7514450867052,43.95375722543353,45.78034682080925,7.398843930635838,1.3872832369942196,27.421965317919074,34.49710982658959,82.9364161849711,,,,,1.2485549132947977,14.242774566473988,4.6473988439306355,24.277456647398843,,,,,,16.30057803468208,77.43352601156069,55.630057803468205,12.416184971098266,15.260115606936417,34.65895953757225,4.554913294797688,0.7398843930635838,0.3236994219653179,3.6300578034682083,52.73988439306358,,,,,,,,,,,6.2847908062488775,3.4709826,4325,3.4709826,4325,2.1544201,6968.0,1.2581294,11932.0
010702,8008,35.951548451548454,9.852647352647352,14.710289710289711,0.7117882117882118,0.14985014985014986,22.802197802197803,22.53996003996004,54.65784215784216,22.877122877122876,12.937062937062937,9.94005994005994,77.12287712287713,8.828671328671328,1.048951048951049,12.674825174825175,0.3246753246753247,43.38161838161838,32.54245754245754,7.842157842157842,0.6868131868131868,56.61838161838162,0.0,27.060439560439562,72.24025974025975,27.272727272727273,0.4370629370629371,74.48801198801199,9.278221778221779,7.77972027972028,1.4985014985014986,36.77572427572428,5.3196803196803195,39.5979020979021,91.7957042957043,3.896103896103896,0.11238761238761238,2.21028971028971,1.635864135864136,7.417582417582418,78.24675324675324,0.22477522477522477,0.18731268731268733,6.530969030969031,16.221278721278722,1.7232767232767232,74.57542457542458,74.87512487512487,22.15284715284715,1.8231768231768233,0.12487512487512488,17.482517482517483,0.0,71.77822177822178,,,,,0.17482517482517482,23.55144855144855,4.507992007992008,35.53946053946054,,,,,,4.42057942057942,71.45354645354645,23.526473526473527,4.945054945054945,7.467532467532467,35.86413586413586,1.7232767232767232,1.6983016983016983,0.22477522477522477,0.5369630369630369,26.935564435564437,,,,,,,,,,,8.4733448369812,4.0226026,8008,4.0226026,8008,2.7724416,11619.0,1.3241122,24328.0
010703,2779,40.37423533645196,6.225260885210507,5.109751709247931,0.07196833393306945,0.10795250089960418,14.93342929111191,30.514573587621445,54.551997121266645,16.91255847427132,5.8654192155451605,11.04713925872616,83.08744152572868,7.988485066570709,0.9715725080964376,7.916516732637639,0.035984166966534725,31.953940266282835,26.844188557034904,3.022670025188917,1.4753508456279236,68.04605973371716,0.0,21.48254767902123,78.01367398344728,21.77042101475351,0.17992083483267363,65.4911838790932,9.931630082763585,8.384310903202591,1.547319179560993,19.395465994962215,5.361640878013674,62.79237135660309,90.14033825116948,4.030226700251889,0.21590500179920835,3.166606693055056,2.1230658510255487,4.965815041381792,81.00035984166966,3.3105433609211947,1.2594458438287153,12.990284274919036,13.961856783015474,0.395825836631882,70.85282475710687,71.17668225980569,25.72867938107233,2.3749550197912916,0.0,30.478589420654913,0.0,66.78661388988844,,,,,0.2518891687657431,8.636200071968334,3.8503058654192155,44.80028787333573,,,,,,2.842749190356243,63.33213386110111,20.65491183879093,4.138179201151494,9.28391507736596,31.234256926952142,5.973371716444764,0.5037783375314862,0.3238575026988125,0.4318100035984167,20.79884850665707,,,,,,,,,,,1.8153364632237872,4.625765,2779,4.625765,2779,3.2081358,4007.0,1.8932253,6790.0
010704,3475,43.94244604316547,6.273381294964029,9.29496402877698,0.5179856115107914,0.02877697841726619,23.913669064748202,26.18705035971223,49.89928057553957,21.26618705035971,12.46043165467626,8.805755395683454,78.73381294964028,10.79136690647482,1.4964028776978417,8.863309352517986,0.11510791366906475,38.1294964028777,34.64748201438849,1.9568345323741008,0.6906474820143885,61.8705035971223,0.0,31.942446043165468,67.71223021582733,32.0,0.28776978417266186,74.41726618705036,15.280575539568344,13.266187050359711,2.014388489208633,18.820143884892087,3.7697841726618706,60.89208633093525,92.83453237410072,3.1654676258992804,0.2589928057553957,2.0431654676258995,1.4388489208633093,8.83453237410072,82.76258992805755,0.02877697841726619,0.2302158273381295,11.02158273381295,10.043165467625899,3.683453237410072,73.98561151079137,79.45323741007195,17.81294964028777,2.1007194244604315,0.08633093525179857,23.02158273381295,16.60431654676259,73.66906474820144,,,,,0.11510791366906475,11.079136690647482,3.4532374100719423,44.460431654676256,,,,,,7.194244604316546,58.273381294964025,24.66187050359712,3.683453237410072,13.697841726618705,32.28776978417266,4.057553956834532,0.7194244604316546,0.17266187050359713,0.2014388489208633,25.323741007194243,,,,,,,,,,,3.566942979150967,4.513669,3475,4.513669,3475,3.1319888,5008.0,1.6860152,9303.0
010801,3196,75.3441802252816,3.6921151439299122,2.2841051314142677,0.2816020025031289,0.03128911138923655,49.655819774718395,29.005006257822277,21.339173967459324,46.77722152690863,23.56070087609512,23.216520650813518,53.22277847309137,33.88610763454318,0.9386733416770964,11.889862327909887,0.0625782227784731,61.73341677096371,54.13016270337923,6.351689612015019,0.15644555694618273,38.26658322903629,0.0,34.91864831038799,64.2991239048811,35.07509386733417,0.6257822277847309,79.69336670838548,29.755944931163956,26.53316645807259,3.2227784730913642,14.643304130162702,2.596996245306633,49.655819774718395,81.94618272841052,12.359198998748436,0.688360450563204,3.0663329161451816,1.5957446808510638,14.392991239048811,83.51063829787235,0.2816020025031289,0.18773466833541927,17.991239048811014,71.52690863579474,1.4705882352941178,8.354192740926157,43.74217772215269,37.453066332916144,8.354192740926157,0.4067584480600751,25.0,32.38423028785982,80.35043804755945,,,,,0.8448060075093867,6.195244055068836,4.411764705882353,27.09637046307885,,,,,,15.76971214017522,79.56821026282853,39.737171464330416,11.576971214017522,7.165206508135169,15.613266583229036,8.979974968710888,0.9699624530663329,0.09386733416770963,1.5018773466833542,45.588235294117645,,,,,,,,,,,8.080140907089389,3.4127033,3196,3.4127033,3196,2.2572434,4832.0,1.210947,9007.0
010901,965,58.3419689119171,3.8341968911917097,0.10362694300518134,0.10362694300518134,0.10362694300518134,36.6839378238342,32.2279792746114,31.088082901554404,32.84974093264249,15.958549222797927,16.89119170984456,67.15025906735751,21.34715025906736,0.5181347150259067,10.984455958549223,0.0,45.803108808290155,44.66321243523316,0.7253886010362695,0.20725388601036268,54.196891191709845,9.533678756476684,18.44559585492228,70.77720207253886,27.979274611398964,1.0362694300518134,77.20207253886011,24.248704663212436,19.585492227979273,4.66321243523316,49.94818652849741,3.7305699481865284,21.45077720207254,80.20725388601036,7.668393782383419,0.41450777202072536,9.015544041450777,2.2797927461139897,19.481865284974095,63.10880829015544,0.10362694300518134,0.5181347150259067,20.310880829015545,10.05181347150259,6.94300518134715,62.27979274611399,64.14507772020725,30.673575129533678,3.8341968911917097,0.9326424870466321,29.844559585492227,0.0,53.78238341968912,,,,,0.41450777202072536,18.860103626943005,2.694300518134715,27.7720207253886,,,,,,11.398963730569948,69.01554404145078,32.43523316062176,6.632124352331606,9.637305699481866,23.419689119170986,2.1761658031088085,0.6217616580310881,0.0,1.761658031088083,36.89119170984456,,,,,,,,,,,6.644518272425249,3.4953368,965,3.4953368,965,2.3538032,1433.0,1.3600806,2480.0
010902,4347,54.79641131815045,4.324821716126064,2.898550724637681,0.7361398665746491,0.04600874166091557,31.861053600184036,27.812284334023463,40.3266620657925,38.07223372440764,23.18840579710145,14.883827927306188,61.92776627559236,11.778237865194386,2.39245456636761,23.763515067862894,0.13802622498274672,56.24568668046929,37.704163791120315,17.437313089487002,0.5521048999309869,43.75431331953071,0.0,33.011272141706925,66.4366229583621,33.080285254198294,0.46008741660915575,79.29606625258799,16.33310328962503,14.515757994018864,1.817345295606165,31.70002300437083,9.086726478030826,39.245456636760984,87.18656544743502,5.037957211870255,0.4140786749482402,4.577869795261099,2.070393374741201,6.142167011732229,74.48815274902232,2.139406487232574,0.36806993328732457,19.714745801702325,6.23418449505406,1.4952841039797562,71.6126063952151,66.85070163331032,28.410397975615368,3.1976075454336326,0.13802622498274672,22.935357717966415,16.93121693121693,69.77225672877847,,,,,0.23004370830457788,19.070623418449504,4.071773636991028,32.50517598343685,,,,,,8.41959972394755,69.45019553715206,31.861053600184036,6.625258799171843,12.560386473429952,37.819185645272604,8.925695882217621,10.213940648723257,0.322061191626409,1.1502185415228894,32.75822406257189,,,,,,,,,,,5.236907730673317,4.035887,4347,4.035887,4347,2.6358173,6656.0,1.5078642,11635.0
010903,1062,65.06591337099812,3.2956685499058382,1.7890772128060264,1.2241054613935969,0.4708097928436911,31.261770244821093,41.431261770244824,27.306967984934087,51.78907721280603,29.096045197740114,22.693032015065913,48.21092278719397,9.792843691148775,8.380414312617702,33.239171374764595,0.3766478342749529,60.263653483992464,54.89642184557439,2.919020715630885,2.071563088512241,39.736346516007536,0.09416195856873823,25.800376647834273,73.06967984934087,26.271186440677965,0.6591337099811676,69.9623352165725,14.689265536723164,13.747645951035782,0.9416195856873822,67.984934086629,5.084745762711864,11.11111111111111,78.3427495291902,6.967984934086629,0.2824858757062147,9.416195856873824,4.048964218455744,7.344632768361582,84.7457627118644,0.2824858757062147,0.3766478342749529,21.939736346516007,14.124293785310735,1.0357815442561205,62.52354048964219,49.34086629001883,47.45762711864407,2.1657250470809792,0.18832391713747645,22.504708097928436,0.0,66.47834274952919,,,,,0.09416195856873823,12.8060263653484,5.555555555555555,27.966101694915253,,,,,,8.757062146892656,73.6346516007533,37.1939736346516,5.649717514124294,17.325800376647834,33.42749529190207,14.030131826741997,2.071563088512241,0.09416195856873823,0.6591337099811676,34.36911487758945,,,,,,,,,,,3.854875283446712,3.7071564,1062,3.7071564,1062,2.324085,1694.0,1.3066711,3013.0
011001,2532,80.41074249605056,4.660347551342812,0.9873617693522907,0.315955766192733,0.07898894154818326,28.39652448657188,56.161137440758296,15.442338072669827,53.27804107424961,23.02527646129542,30.252764612954188,46.72195892575039,28.751974723538705,1.6192733017377567,22.630331753554504,0.2764612954186414,62.55924170616114,50.23696682464455,9.044233807266982,1.8957345971563981,37.44075829383886,10.663507109004739,28.317535545023695,56.75355450236967,39.25750394944708,3.909952606635071,59.12322274881517,33.37282780410742,29.502369668246445,3.8704581358609795,28.278041074249604,8.214849921011059,27.21169036334913,68.24644549763033,18.44391785150079,1.9352290679304898,5.134281200631912,5.173775671406003,26.342812006319114,58.056872037914694,2.567140600315956,1.4612954186413902,18.72037914691943,70.81358609794628,1.5007898894154819,8.214849921011059,41.90363349131122,44.43127962085308,5.924170616113744,0.7109004739336493,41.70616113744076,36.808846761453395,75.03949447077409,,,,,0.315955766192733,8.609794628751974,4.1864139020537126,28.515007898894154,,,,,,10.505529225908372,67.81200631911533,40.679304897314374,12.677725118483412,14.257503949447077,15.165876777251185,16.54818325434439,2.0932069510268563,0.47393364928909953,2.251184834123223,35.347551342812004,,,,,,,,,,,3.8500851788756387,3.6907582,2532,3.6907582,2532,2.3863637,3916.0,1.6666666,5607.0
011002,603,68.82255389718077,5.140961857379768,4.8092868988391375,1.9900497512437811,0.0,18.90547263681592,55.223880597014926,25.870646766169155,42.62023217247098,24.875621890547265,17.744610281923716,57.37976782752902,0.16583747927031509,0.9950248756218906,41.459369817578775,0.0,40.79601990049751,21.724709784411278,11.442786069651742,2.3217247097844114,59.20398009950249,0.0,12.437810945273633,85.90381426202322,12.603648424543946,1.492537313432836,67.66169154228855,3.9800995024875623,0.16583747927031509,3.814262023217247,47.927031509121065,13.101160862354892,32.66998341625207,90.21558872305141,3.1509121061359866,0.0,3.316749585406302,2.985074626865672,3.1509121061359866,73.79767827529021,0.4975124378109453,0.8291873963515755,37.3134328358209,54.22885572139303,0.16583747927031509,7.296849087893864,68.98839137645108,25.538971807628524,1.1608623548922057,0.0,36.318407960199,0.0,73.96351575456053,,,,,0.0,3.814262023217247,4.643449419568823,32.172470978441126,,,,,,0.9950248756218906,68.1592039800995,21.393034825870647,4.477611940298507,8.457711442786069,13.101160862354892,6.135986733001658,3.482587064676617,0.16583747927031509,0.4975124378109453,29.35323383084577,,,,,,,,,,,4.741379310344827,4.0281925,603,4.0281925,603,2.606223,932.0,1.9216772,1264.0
011003,1751,46.71616219303255,3.083952027412907,7.310108509423187,4.568817818389491,7.081667618503712,21.701884637350087,41.97601370645346,36.32210165619646,67.73272415762422,29.92575671045117,37.806967447173044,32.26727584237579,5.425471159337522,6.6818960593946315,55.33980582524272,0.2855511136493432,60.6510565391205,47.05882352941177,10.279840091376357,1.770416904625928,39.3489434608795,0.0,31.98172472872644,66.07652769845802,32.03883495145631,1.6561964591661908,73.32952598515134,17.3043974871502,14.79154768703598,2.5128498001142203,56.596230725299826,12.735579668760709,9.366076527698459,81.72472872644204,7.766990291262136,0.34266133637921187,3.997715591090805,4.911479154768704,29.98286693318104,35.6938892061679,3.883495145631068,0.2855511136493432,85.83666476299257,12.792689891490577,0.2284408909194746,0.6282124500285551,55.96801827527128,27.184466019417474,5.197030268418047,0.7424328954882924,27.755568246716162,0.0,75.0428326670474,,,,,0.9137635636778983,4.340376927470017,2.3415191319246147,23.415191319246144,,,,,,5.596801827527127,57.681324957167334,39.3489434608795,10.394060536836093,16.79040548258138,27.47001713306682,11.993146773272416,4.111936036550542,0.05711022272986865,1.1993146773272416,45.97372929754426,,,,,,,,,,,4.569504569504569,3.8509424,1751,3.8509424,1751,2.17446,3101.0,1.550828,4348.0
020101,226458,91.65893896439958,3.5971350095823507,1.2461471884411237,0.39919101996838263,0.6751803866500632,83.58636038470709,12.034902719268032,4.37873689602487,93.3320969009706,63.19494122530447,30.13715567566613,6.667903099029401,90.61768628178294,1.2434976905209796,0.7780692225489936,0.6928437061176907,98.41780815868727,98.1647811073135,0.013247489600720664,0.1382154748341856,1.5821918413127378,12.525059834494696,80.76817776364712,1.0112250395216773,97.38141288892422,1.4523664432256753,88.06975244857766,96.54770421005219,56.50760847486068,40.040095735191514,0.5166520944281059,0.19385493115721236,2.4066272774642536,54.04401699211333,21.619461445389433,10.702205265435534,10.126822633777566,1.254095682201556,73.00382410866474,25.520405549814978,0.4080226797021964,0.0861086824046843,71.37570763673617,9.234825000662374,17.337431223449823,0.34796739351226275,4.311174699061195,37.82158281005749,3.0411820293387737,0.3241219122309656,21.10501726589478,98.79712794425457,92.89978715700042,,,,,25.70189615734485,10.735765572424025,4.557578005634599,11.47585865811762,,,,,,62.3303217373641,90.47417181110846,92.99163641823208,52.1483012302502,26.870324740128414,22.371035688736985,3.067677008540215,1.187416651211262,0.16338570507555486,22.25313303129057,89.36314901659469,,,,,,,,,,,3.8563150677770497,3.303871,226458,3.303871,226458,1.6121962,464080.0,1.0672102,701069.0
020102,4853,53.98722439728003,9.993818256748403,6.470224603338141,0.3915104059344735,0.10302905419328251,16.237378940861323,49.10364722851844,34.65897383062023,21.327014218009477,12.239851638161962,9.087162579847517,78.67298578199052,1.4011951370286422,0.741809190191634,18.091901916340408,1.0921079744487945,79.2087368637956,78.71419740366784,0.082423243354626,0.10302905419328251,20.79126313620441,0.0,35.009272614877396,64.02225427570575,35.23593653410261,0.5975685143210385,82.2790026787554,0.576962703482382,0.1442406758705955,0.4327220276117865,50.71090047393365,5.254481763857408,42.365547084277765,91.38677106944158,3.338141355862353,0.1854522975479085,3.461776220894292,0.7212033793529775,9.808365959200495,89.22316093138265,0.041211621677313,0.041211621677313,91.32495363692561,0.5151452709664125,0.247269730063878,7.5829383886255926,64.99072738512261,22.91366165258603,0.2678755409025345,0.0,32.021430043272204,0.0,83.49474551823614,,,,,0.3915104059344735,10.879868122810633,5.934473521533072,23.26396043684319,,,,,,1.5866474345765507,81.78446321862765,47.76426952400577,1.9163404079950546,15.845868534926849,11.807129610550176,4.759942303729652,3.6060168967648876,0.123634865031939,0.20605810838656502,53.88419534308675,,,,,,,,,,,2.8425241614553722,3.397074,4853,3.397074,4853,2.1995997,7495.0,1.3252412,12440.0
020103,4772,43.67141659681475,8.654652137468567,18.503772003352893,1.4040234702430847,4.0234702430846605,30.38558256496228,20.452640402347026,49.16177703269069,43.35708298407376,32.06202849958089,11.295054484492875,56.64291701592624,8.27745180217938,11.504610226320201,22.548197820620285,1.0268231349538977,84.53478625314334,83.88516345347863,0.10477787091366303,0.27242246437552387,15.465213746856664,0.0,65.27661357921207,31.8105616093881,67.3512154233026,0.6496227996647108,87.51047778709136,11.232187761944678,4.631181894383906,6.6010058675607715,32.60687342833194,4.358759430008382,49.68566638725901,85.6663872590109,4.442581726739313,0.6077116512992456,4.107292539815591,3.310980720871752,50.48197820620285,48.323554065381394,0.23051131601005867,0.020955574182732608,81.05616093880973,11.232187761944678,1.5088013411567478,4.463537300922045,37.36378876781224,41.01005867560771,10.310142497904442,0.37720033528918695,22.42246437552389,0.0,83.75943000838222,,,,,1.0477787091366304,9.32523051131601,5.259849119865884,16.051969823973177,,,,,,15.716680637049455,84.49287510477787,61.567476948868396,13.704945515507125,30.07124895222129,22.338642078792958,3.0176026823134956,4.652137468566639,0.18860016764459347,5.825649622799665,61.02263202011735,,,,,,,,,,,7.975895072669267,3.2994552,4772,3.2994552,4772,1.7430532,9033.0,1.1056882,14240.0
020104,7151,34.07914976926304,7.900992868130332,27.38078590406936,4.209201510278283,12.809397287092715,18.794574185428612,31.757796112431826,49.44762970213956,33.21213816249475,22.55628583414907,10.655852328345686,66.78786183750525,4.377010208362467,4.866452244441337,23.003775695706896,0.9649000139840582,78.53447070339813,76.54873444273528,0.09788840721577402,0.30764927982100404,21.465529296601876,0.25171304712627607,80.70199972031884,15.438400223744932,81.87666060690812,2.1954971332680744,75.97538805761432,11.718640749545518,4.349042092015103,7.369598657530416,37.92476576702559,3.2722696126415887,44.88882673751923,87.27450706194938,5.216053698783387,0.37756957068941405,4.922388477136065,1.0767724793735143,48.51069780450287,49.895119563697385,0.15382463991050202,0.0,92.25283177178017,3.775695706894141,1.1606768284156062,0.9229478394630122,35.54747587749965,49.78324709830793,2.3912739476996223,0.12585652356313803,31.100545378268773,84.04418962382884,77.76534750384562,,,,,1.0208362466787861,10.739756677387778,5.775416025730667,17.074535030065725,,,,,,6.978045028667319,79.40148231016641,59.83778492518529,11.606768284156063,26.17815690113271,25.087400363585513,2.1115927842259823,9.01971752202489,2.6849391693469444,3.6638232415046845,59.46021535449587,,,,,,,,,,,6.967869013911117,3.1103342,7151,3.1103342,7151,1.8360574,12114.0,1.1982545,18562.0
020105,256852,88.345817825051,6.080155108778596,2.0354133898120317,0.38621462943640694,1.9509289396228178,58.54188404217214,32.413607836419416,9.044508121408438,78.61842617538505,40.41237755594661,38.206048619438434,21.381573824614954,63.57201812717051,2.3048292401850095,12.584679114820986,0.15689969320854033,91.70534004017878,91.25449675299394,0.02219176802205161,0.09616432809555697,8.29465995982122,40.561879993147805,56.316867301013815,0.8954573061529597,97.05355613349322,1.7539283322691668,83.35539532493421,82.7640041736097,63.52140532290969,19.242598850700013,3.0784264868484574,0.39633719028857084,13.08185258436765,68.7796863563453,15.403033653621542,2.4963792378490335,10.792985843987978,0.749069503060128,54.40409262921838,44.86318969679037,0.02919969476585738,0.003503963371902886,91.99928363415508,2.9413825860807004,3.8419011726597416,0.13509725445003348,17.074424182019218,57.63202155326803,2.2620030211950852,0.13353993739585443,27.676249357606714,99.75238658838553,81.26236120411755,,,,,3.811144160839705,11.043713889710807,4.81483500225811,16.061778767539284,,,,,,33.01395356080545,84.44395994580536,81.19578590005139,24.945883232367276,21.73430613738651,31.97444442714092,1.9587155248937131,8.660240138289755,0.24605609456029154,5.076074938096647,78.26218989924159,,,,,,,,,,,3.9933378702675597,3.2691395,256852,3.2691395,256852,1.7729836,473600.0,1.1955432,702346.0
020201,16228,60.33399063347301,10.179935913236381,18.387971407443924,1.9965491742666994,0.07394626571358147,18.301700764111413,51.37416810451072,30.324131131377865,49.63643086024156,28.438501355681538,21.19792950456002,50.36356913975844,12.558540793689918,3.7589351737737244,33.09095390682771,0.2280009859502095,75.52378604880454,74.85210746857284,0.14173034261769782,0.19102785309341877,24.476213951195465,0.0,53.91915208281982,44.14592063100813,54.06088242543751,1.4481143702243038,83.26349519349273,17.174020211979293,9.908799605619917,7.265220606359379,59.46512201133843,7.597978802070496,14.930983485333991,95.2489524279024,1.9410894749815135,0.14789253142716294,2.082819817599211,0.20335223071234904,12.244269164407198,87.31205324131132,0.03081094404732561,0.036973132856790734,87.9159477446389,1.8794675868868622,0.32659600690165147,9.28641853586394,68.75154054720237,10.78999260537343,0.2588119299975351,0.018486566428395367,23.675129405965,20.37835839290116,82.91225043135321,,,,,0.8442198668967217,11.282967710130638,4.726398816859748,14.253142716292826,,,,,,8.768794675868868,78.57406950948977,44.89770766576288,8.694848410155288,9.89031303919152,40.31920138033029,2.489524279023909,5.706186837564703,3.5247719990140496,1.004436775942815,51.03524771999014,,,,,,,,,,,2.9877177949157385,2.8140867,16228,2.8140867,16228,1.7805287,25648.0,1.0111595,45163.0
020202,5027,42.37119554406206,7.897354286851004,22.57807837676547,1.651084145613686,0.039785160135269546,9.667793912870499,59.22021086134872,31.111995225780785,33.737815794708574,26.835090511239308,6.902725283469266,66.26218420529143,1.9892580067634773,4.475830515217824,26.7157350308335,0.5569922418937736,66.77939128704993,64.27292619852795,0.17903322060871296,0.2188183807439825,33.22060871295007,0.0,18.281281082156355,80.38591605331212,18.440421722697433,0.8951661030435647,83.60851402426894,1.2930177043962603,0.2188183807439825,1.0741993236522778,62.74119753332007,8.21563556793316,24.070021881838073,98.2892381141834,0.5569922418937736,0.07957032027053909,0.7559180425701213,0.05967774020290432,3.6005569922418936,95.424706584444,0.0,0.0,86.89078973542868,1.7903322060871294,0.07957032027053909,11.020489357469664,87.10960811617267,7.161328824348518,0.23871096081161727,0.0,30.01790332206087,0.0,81.10204893574696,,,,,0.2983887010145216,12.810821563556793,5.510244678734832,13.188780584841854,,,,,,4.853789536502885,74.9950268549831,21.205490352098668,2.8645315297394074,5.112393077382136,37.57708374776208,1.6311915655460514,6.007559180425702,6.843047543266362,0.15914064054107818,39.02924209269942,,,,,,,,,,,3.851091142490372,2.6025462,5027,2.6025462,5027,1.8231605,7176.0,1.0933478,11966.0
020203,3297,19.89687594783136,11.91992720655141,42.12920837124659,9.341825902335456,0.0,6.794055201698514,48.89293296936609,44.313011828935394,49.802851076736424,33.90961480133455,15.89323627540188,50.197148923263576,0.545950864422202,10.43372763117986,38.004246284501065,0.818926296633303,71.54989384288747,70.21534728541099,0.18198362147406733,0.24264482863208978,28.450106157112526,0.0,48.104337276311796,50.318471337579616,48.58962693357598,0.7279344858962693,82.80254777070064,1.0615711252653928,0.3942978465271459,0.6672732787382469,73.82468911131332,8.613891416439188,14.801334546557477,95.3897482559903,1.4558689717925386,0.1516530178950561,2.092811646951774,0.3033060357901122,9.827115559599637,89.89990900818927,0.0,0.0,86.83651804670913,2.3961176827418864,0.33363663936912347,10.16075219896876,69.4570821959357,17.197452229299362,0.33363663936912347,0.0,29.57233848953594,0.0,90.71883530482256,,,,,0.9705793145283591,14.892326357294511,5.7931452835911434,9.94843797391568,,,,,,6.976038823172581,79.95147103427358,32.9693660903852,4.731574158325751,11.070670306339096,43.281771307249016,1.364877161055505,20.200181983621473,7.673642705489839,0.6066120715802245,46.10251744009706,,,,,,,,,,,5.386479935362241,2.3958144,3297,2.3958144,3297,1.6463109,4798.0,0.9383464,8418.0
020204,3797,64.60363444824861,6.689491703976824,17.197787727153017,6.478799051883065,0.07900974453515934,16.065314722149065,62.286015275217274,21.648670002633658,43.0076376086384,23.597577034500922,19.41006057413748,56.9923623913616,5.161969976297077,4.477218856992362,33.21042928627864,0.15801948907031868,68.4487753489597,67.2372925994206,0.07900974453515934,0.2633658151171978,31.551224651040297,0.0,21.59599683961022,76.8238082696866,21.964708980774297,1.1061364234922306,82.88122201738214,5.557018698972874,0.18435607058203846,5.3726626283908345,76.21806689491704,9.165130366078483,8.34869633921517,97.18198577824599,1.18514616802739,0.02633658151171978,1.1061364234922306,0.1316829075585989,6.031077166183829,92.73110350276534,0.0,0.0,91.17724519357387,1.3431656570977086,0.2633658151171978,6.926520937582302,78.85172504608902,10.956017908875427,0.237029233605478,0.07900974453515934,27.627074005794046,0.0,85.33052409797209,,,,,0.3687121411640769,8.401369502238609,4.977613905715038,8.796418224914406,,,,,,4.556228601527522,71.39847247827232,19.462733737160917,4.108506715828286,7.16355017118778,26.2312351856729,0.6847511193047142,9.770871740848039,5.082960231761917,0.3687121411640769,38.97814063734527,,,,,,,,,,,4.613526570048309,2.2444034,3797,2.2444034,3797,1.5714549,5423.0,0.86508983,9851.0
020205,1662,74.96991576413959,10.830324909747292,6.799037304452467,1.5042117930204573,0.12033694344163658,21.600481347773766,67.20818291215403,11.191335740072201,58.12274368231047,32.49097472924188,25.63176895306859,41.87725631768953,0.42117930204572807,13.176895306859207,44.4043321299639,0.12033694344163658,82.37063778580024,81.64861612515043,0.12033694344163658,0.24067388688327315,17.62936221419976,0.0,70.45728038507822,27.256317689530686,70.99879663056558,1.3838748495788207,79.42238267148015,0.24067388688327315,0.06016847172081829,0.18050541516245489,72.50300842358604,3.8507821901323704,23.044524669073404,90.07220216606498,2.707581227436823,0.12033694344163658,5.7160048134777375,0.601684717208183,34.59687123947052,62.93622141997593,0.0,0.0,95.60770156438026,1.9253910950661852,1.7448856799037304,0.4813477737665463,23.345367027677497,14.440433212996389,0.3008423586040915,0.6618531889290012,23.70637785800241,0.0,95.30685920577618,,,,,0.8423586040914561,3.309265944645006,5.174488567990373,8.724428399518652,,,,,,7.099879663056559,80.32490974729242,41.57641395908544,8.664259927797834,14.861612515042118,29.783393501805055,1.0830324909747293,16.125150421179303,9.927797833935019,1.9253910950661852,55.17448856799037,,,,,,,,,,,3.1439602868174297,2.3351383,1662,2.3351383,1662,1.4824294,2618.0,0.8144806,4765.0
020206,2032,65.25590551181102,19.38976377952756,12.007874015748031,1.1811023622047243,0.0,17.864173228346456,66.87992125984252,15.255905511811024,34.84251968503937,16.978346456692915,17.864173228346456,65.15748031496064,1.0334645669291338,3.3464566929133857,30.413385826771652,0.04921259842519685,70.2755905511811,69.19291338582677,0.0984251968503937,0.0,29.724409448818896,0.0,50.09842519685039,48.17913385826772,50.54133858267716,1.1318897637795275,74.06496062992126,0.8858267716535433,0.14763779527559054,0.7381889763779528,77.21456692913385,6.397637795275591,15.206692913385826,95.71850393700787,1.7224409448818898,0.24606299212598426,1.7224409448818898,0.1968503937007874,23.4251968503937,75.93503937007874,0.0,0.0,90.55118110236221,1.5255905511811023,0.34448818897637795,7.03740157480315,56.003937007874015,13.976377952755906,0.34448818897637795,0.04921259842519685,35.18700787401575,0.0,84.59645669291339,,,,,1.279527559055118,9.940944881889763,6.299212598425197,10.088582677165354,,,,,,3.4940944881889764,74.40944881889764,28.690944881889763,4.429133858267717,7.480314960629921,27.312992125984252,1.0826771653543308,22.04724409448819,6.889763779527559,0.4921259842519685,43.45472440944882,,,,,,,,,,,5.488079172289699,2.3917322,2032,2.3917322,2032,1.6124752,3014.0,0.98760414,4921.0
020301,3740,22.780748663101605,8.556149732620321,50.74866310160428,10.909090909090908,0.026737967914438502,15.508021390374331,16.336898395721924,68.15508021390374,17.647058823529413,10.080213903743315,7.566844919786096,82.3529411764706,4.545454545454546,1.1764705882352942,11.363636363636363,0.5614973262032086,54.331550802139034,51.25668449197861,1.8983957219251337,0.21390374331550802,45.668449197860966,0.0,31.336898395721924,67.24598930481284,31.550802139037433,0.8823529411764706,81.65775401069519,7.352941176470588,5.106951871657754,2.2459893048128343,40.98930481283423,9.224598930481283,40.668449197860966,88.68983957219251,4.224598930481283,0.24064171122994651,3.1818181818181817,2.727272727272727,5.18716577540107,94.11764705882354,0.0,0.0,59.73262032085562,0.26737967914438504,0.13368983957219252,39.6524064171123,74.83957219251337,9.598930481283423,0.32085561497326204,0.0,29.144385026737968,0.0,91.49732620320856,,,,,1.3903743315508021,9.171122994652407,5.695187165775401,18.55614973262032,,,,,,3.716577540106952,82.43315508021391,22.780748663101605,4.572192513368984,10.053475935828876,42.48663101604278,2.8877005347593583,8.39572192513369,0.18716577540106952,1.0160427807486632,36.336898395721924,,,,,,,,,,,5.384439881359799,2.7671123,3740,2.7671123,3740,1.9757541,5238.0,1.0981536,9424.0
020302,4269,17.240571562426798,6.816584680252987,56.80487233544156,14.687280393534786,0.18739751698289997,3.5371281330522373,18.880299836027174,77.58257203092059,36.191145467322556,18.5523541813071,17.63879128601546,63.808854532677444,0.3982197235886625,1.0775357226516749,34.34059498711642,0.37479503396579994,38.67416256734598,35.41813070976809,2.1316467556804874,0.30452096509721244,61.32583743265402,0.0,17.334270320918247,81.42422112907003,17.498243148278284,0.8198641368001874,76.31763879128602,0.8901382056687749,0.023424689622862496,0.8667135160459124,60.342000468493794,12.649332396345748,24.29140313890841,96.46287186694776,1.8973998594518622,0.0,0.6090419301944249,0.65589130944015,7.5661747481845865,90.55985008198641,0.0,0.0,57.71843523073319,0.11712344811431248,0.23424689622862496,41.34457718435231,87.21011946591707,10.025767158585149,0.30452096509721244,0.0,30.28812368236121,0.0,87.16327008667135,,,,,0.8198641368001874,9.510423986882174,4.895760131178262,28.718669477629422,,,,,,0.9135628952916374,86.69477629421411,5.856172405715625,0.9838369641602249,9.229327711407825,60.31857577887093,7.449051300070274,9.697821503865073,0.09369875849144998,0.04684937924572499,20.520028109627546,,,,,,,,,,,1.5319715808170515,3.4267979,4269,3.4267979,4269,2.4483683,5975.0,1.4025887,10430.0
020303,3533,8.944240022643646,7.2176620435890175,51.42938013020096,8.576280781205774,0.028304557033682422,3.62298330031135,13.07670534956128,83.30031135012737,36.59779224455137,11.038777243136146,25.55901500141523,63.40220775544863,0.16982734220209453,0.42456835550523636,34.81460515142938,1.1887913954146618,28.47438437588452,17.973393716388337,5.519388621568073,0.31135012737050666,71.52561562411549,0.0,5.745825077837532,93.91452023775828,5.8590433059722615,0.16982734220209453,76.84687234644778,1.7831870931219926,0.08491367110104726,1.6982734220209454,60.968015850551936,15.171242570053778,17.74695726011888,97.82054910840645,0.4811774695726012,0.028304557033682422,0.9906594961788848,0.22643645626945938,3.028587602604019,85.05519388621568,0.028304557033682422,0.0,51.74073025757147,0.16982734220209453,0.1415227851684121,47.77809227285593,91.05575997735636,7.302575714690065,0.028304557033682422,0.056609114067364845,36.56948768751769,0.0,79.36597792244551,,,,,0.19813189923577695,10.925559015001415,5.60430229266912,20.69063119162185,,,,,,0.4811774695726012,82.7625247664874,3.8494197565808097,0.42456835550523636,7.529012170959525,61.56241154825927,6.170393433342769,8.123407868666856,0.19813189923577695,0.16982734220209453,11.463345598641382,,,,,,,,,,,3.456669912366115,2.7749789,3533,2.7749789,3533,2.1757658,4506.0,1.2463768,7866.0
020304,1311,46.52936689549962,9.229595728451564,30.58733790999237,7.627765064836003,0.07627765064836003,10.068649885583524,47.67353165522502,42.257818459191455,25.17162471395881,15.636918382913807,9.534706331045005,74.8283752860412,0.0,0.6102212051868803,24.56140350877193,0.0,41.72387490465294,36.689549961861175,2.745995423340961,0.30511060259344014,58.27612509534706,0.0,17.31502669717773,81.69336384439359,17.391304347826086,0.6864988558352403,88.93974065598779,1.7543859649122806,0.2288329519450801,1.5255530129672006,52.02135774218154,16.857360793287565,26.69717772692601,95.0419527078566,1.2967200610221206,0.15255530129672007,1.2967200610221206,1.2204424103737606,1.3729977116704806,97.40655987795576,0.0,0.0,42.257818459191455,0.0,0.30511060259344014,57.36079328756674,94.27917620137299,3.4324942791762014,0.07627765064836003,0.0,21.891685736079328,0.0,92.90617848970251,,,,,0.0,15.179252479023646,4.0427154843630815,17.162471395881006,,,,,,0.30511060259344014,89.85507246376811,14.111365369946606,1.7543859649122806,6.178489702517163,41.87643020594966,2.1357742181540806,11.975591151792525,0.07627765064836003,0.4576659038901602,25.47673531655225,,,,,,,,,,,5.791743684534812,2.9336383,1311,2.9336383,1311,2.0115063,1912.0,1.0451087,3680.0
020305,1159,24.935289042277827,13.028472821397756,39.08541846419327,6.471095772217429,0.0,14.322691975841243,19.24072476272649,66.43658326143228,23.46850733390854,10.785159620362382,12.68334771354616,76.53149266609145,0.08628127696289906,1.1216566005176876,22.174288179465055,0.08628127696289906,42.10526315789474,30.02588438308887,6.039689387402934,0.08628127696289906,57.89473684210526,0.0,25.45297670405522,73.94305435720449,25.625539257981018,0.1725625539257981,81.0181190681622,2.1570319240724762,0.25884383088869717,1.8981880931837791,60.13805004314064,13.201035375323555,19.93097497842968,90.25021570319241,4.141501294219155,0.1725625539257981,2.4158757549611733,1.81190681622088,3.882657463330457,84.46937014667817,0.0,0.0,67.04055220017256,0.0,0.0,32.52804141501294,76.27264883520276,12.251941328731665,0.4314063848144953,0.0,36.92838654012079,0.0,66.60914581535806,,,,,0.3451251078515962,14.58153580672994,6.9025021570319245,17.860224331320104,,,,,,0.7765314926660914,76.61777394305436,19.06816220880069,2.6747195858498705,12.510785159620362,51.423641069887836,4.400345125107852,3.62381363244176,0.1725625539257981,0.7765314926660914,20.96635030198447,,,,,,,,,,,7.697893972403777,2.6048317,1159,2.6048317,1159,1.8845193,1602.0,1.0970204,2752.0
020306,1070,12.149532710280374,15.046728971962617,61.308411214953274,19.252336448598133,0.0,9.345794392523365,12.710280373831775,77.94392523364486,16.44859813084112,8.130841121495328,8.317757009345794,83.55140186915888,0.5607476635514018,0.4672897196261682,13.36448598130841,2.05607476635514,64.57943925233644,61.96261682242991,0.6542056074766355,0.18691588785046728,35.42056074766355,0.0,31.49532710280374,67.85046728971963,31.682242990654206,0.37383177570093457,83.92523364485982,1.6822429906542056,0.18691588785046728,1.4953271028037383,51.308411214953274,12.523364485981308,34.018691588785046,92.99065420560747,3.2710280373831777,0.18691588785046728,2.336448598130841,0.5607476635514018,4.11214953271028,94.67289719626169,0.0,0.0,54.018691588785046,0.09345794392523364,0.09345794392523364,45.60747663551402,92.05607476635514,4.766355140186916,0.0,0.0,24.485981308411215,33.83177570093458,88.41121495327103,,,,,0.09345794392523364,2.803738317757009,2.803738317757009,48.41121495327103,,,,,,0.6542056074766355,81.30841121495327,27.009345794392523,1.6822429906542056,8.037383177570094,65.70093457943925,0.6542056074766355,8.785046728971963,0.18691588785046728,0.09345794392523364,32.242990654205606,,,,,,,,,,,4.448246364414029,4.673832,1070,4.673832,1070,3.1792753,1573.0,1.7752929,2817.0
020307,289,7.958477508650519,47.75086505190311,12.110726643598616,6.57439446366782,0.0,1.0380622837370241,13.494809688581315,85.46712802768167,44.982698961937714,4.844290657439446,40.13840830449827,55.017301038062286,1.3840830449826989,1.3840830449826989,42.21453287197232,0.0,42.21453287197232,37.37024221453287,4.498269896193771,0.0,57.78546712802768,0.0,36.332179930795846,60.89965397923876,38.062283737024224,1.0380622837370241,62.9757785467128,10.380622837370241,0.0,10.380622837370241,43.59861591695502,22.837370242214533,22.14532871972318,68.85813148788927,17.301038062283737,0.3460207612456747,12.456747404844291,0.3460207612456747,4.1522491349480966,95.15570934256056,0.0,0.0,83.04498269896193,0.3460207612456747,2.0761245674740483,14.53287197231834,82.00692041522491,12.802768166089965,0.6920415224913494,0.0,43.59861591695502,0.0,93.42560553633218,,,,,6.57439446366782,3.4602076124567476,6.57439446366782,8.304498269896193,,,,,,0.6920415224913494,87.5432525951557,6.228373702422146,0.3460207612456747,4.498269896193771,70.58823529411765,3.8062283737024223,7.958477508650519,0.3460207612456747,0.0,15.916955017301039,,,,,,,,,,,,2.0761247,289,2.0761247,289,1.608579,373.0,0.9983361,601.0
020308,2790,3.5483870967741935,1.4336917562724014,64.48028673835125,13.225806451612904,0.0,0.7885304659498208,5.985663082437276,93.2258064516129,11.577060931899641,3.942652329749104,7.634408602150538,88.42293906810036,0.07168458781362007,0.25089605734767023,11.075268817204302,0.17921146953405018,14.731182795698924,13.046594982078853,1.3261648745519714,0.07168458781362007,85.26881720430107,0.0,6.093189964157706,93.36917562724014,6.272401433691757,0.25089605734767023,63.97849462365591,0.14336917562724014,0.10752688172043011,0.035842293906810034,56.666666666666664,7.526881720430108,33.44086021505376,96.98924731182795,0.931899641577061,0.0,0.7526881720430108,1.003584229390681,2.5448028673835124,97.02508960573476,0.0,0.0,39.13978494623656,0.10752688172043011,0.07168458781362007,60.03584229390681,93.33333333333333,5.376344086021505,0.035842293906810034,0.0,46.52329749103943,0.0,83.76344086021506,,,,,0.43010752688172044,10.931899641577061,5.268817204301075,18.2078853046595,,,,,,0.17921146953405018,79.49820788530467,2.6164874551971327,0.43010752688172044,7.096774193548387,42.25806451612903,0.6451612903225806,6.487455197132617,0.4659498207885305,0.10752688172043011,8.853046594982079,,,,,,,,,,,3.714981729598051,2.5956988,2790,2.5956988,2790,2.133137,3395.0,1.2966876,5585.0
020401,5011,45.49990021951706,14.647774895230492,32.12931550588705,1.0975853123129116,0.039912193175014966,10.257433645978846,49.15186589503093,40.59070045899022,15.78527240071842,9.339453202953502,6.4458191977649175,84.21472759928157,4.829375374176811,0.578726801037717,10.177609259628817,0.19956096587507482,55.777289962083415,54.021153462382756,0.2594292556375973,0.05986828976252245,44.222710037916585,0.0,23.448413490321293,74.89523049291559,23.827579325483935,1.0975853123129116,81.48074236679305,8.421472759928157,0.3392536419876272,8.08221911794053,64.45819197764918,6.924765515865097,19.13789662741968,96.62741967671124,1.1774096986629414,0.05986828976252245,1.0576731191378965,0.5188585112751946,4.310516862901617,91.83795649570943,0.039912193175014966,0.019956096587507483,76.29215725404111,0.15964877270005987,0.09978048293753741,23.188984234683694,83.33665934943126,7.7828776691279185,0.05986828976252245,0.0,28.85651566553582,0.0,70.48493314707643,,,,,1.157453602075434,9.818399521053681,5.7473558172021555,10.896028736779087,,,,,,2.9734583915386152,70.96387946517662,15.326282179205748,2.0355218519257634,5.4480143683895434,23.54819397325883,1.1774096986629414,10.556775094791458,3.9712632209139893,0.07982438635002993,22.969467172221112,,,,,,,,,,,5.140961857379768,2.2420673,5011,2.2420673,5011,1.640625,6848.0,0.9116358,12324.0
020402,6606,63.16984559491372,14.168937329700272,13.079019073569482,1.2867090523766274,0.015137753557372086,11.338177414471692,62.88222827732365,25.77959430820466,27.41447169240085,17.620345140781108,9.79412655161974,72.58552830759915,1.967907962458371,1.9224947017862548,23.206176203451406,0.3178928247048138,48.18346957311535,46.6394187102634,0.18165304268846502,0.4087193460490463,51.81653042688465,0.0,15.273993339388435,83.63608840448077,15.516197396306389,0.7417499243112322,79.83651226158038,0.9385407205570694,0.060551014229488345,0.877989706327581,60.263396911898276,10.248259158340902,26.460793218286405,97.56282167726309,0.7266121707538601,0.10596427490160461,0.9082652134423251,0.48440811383590676,2.316076294277929,94.27792915531334,0.045413260672116255,0.16651528913109295,78.36815016651529,0.3027550711474417,0.060551014229488345,21.071752951861942,89.31274598849531,6.282167726309416,0.16651528913109295,0.0,26.021798365122617,0.0,63.1244323342416,,,,,0.5600968816227672,7.629427792915531,4.753254617014835,12.11020284589767,,,,,,2.1949742658189524,68.67998788979716,11.68634574629125,1.4986376021798364,3.224341507720254,10.687254011504693,1.4229488343929761,4.102331214047835,0.07568876778686043,0.07568876778686043,22.101120193763247,,,,,,,,,,,5.235113893699214,2.3567967,6606,2.3567967,6606,1.7455993,8919.0,0.9208612,16907.0
020403,5347,59.00504956050121,8.808677763231719,21.9562371423228,1.477463998503834,0.037404151860856556,9.893398167196558,56.87301290443239,33.23358892837105,22.461193192444362,16.85057041331588,5.610622779128483,77.53880680755564,1.7018889096689733,1.3839536188516925,18.70207593042828,0.673274733495418,53.95548905928558,51.879558631008045,0.5049560501215635,0.18702075930428277,46.04451094071442,0.0,18.70207593042828,79.80175799513746,18.945202917523844,1.1408266317561249,85.4497849261268,1.346549466990836,0.14961660744342622,1.1969328595474098,57.9390312324668,6.321301664484758,33.065270244997194,96.07256405461005,2.262951187581822,0.07480830372171311,0.8976996446605573,0.3179352908172807,4.787731438189639,94.55769590424538,0.018702075930428278,0.0,85.9734430521788,0.13091453151299795,0.0,13.633813353282214,83.9349167757621,6.807555638675893,0.1683186833738545,0.0,19.936412941836544,0.0,80.06358705816345,,,,,0.44884982233027865,8.116700953805873,4.769029362259211,14.307088086777632,,,,,,2.5995885543295305,74.45296427903497,18.945202917523844,2.7492051617729567,7.499532448101739,19.86160463811483,1.814101365251543,4.600710678885356,3.5346923508509445,0.18702075930428277,32.279783055919204,,,,,,,,,,,2.2994558539582237,2.6809425,5347,2.6809425,5347,1.851828,7741.0,0.99902433,14349.0
020404,2108,35.009487666034154,24.146110056925995,30.92979127134725,1.7077798861480076,0.0,4.222011385199241,49.00379506641366,46.774193548387096,21.110056925996204,5.218216318785578,15.891840607210627,78.8899430740038,0.0,0.5692599620493358,19.876660341555976,0.6641366223908919,60.7685009487666,57.1157495256167,0.9487666034155597,0.04743833017077799,39.2314990512334,0.0,14.468690702087287,82.92220113851992,14.61100569259962,2.1821631878557874,77.89373814041745,2.2296015180265654,0.14231499051233396,2.0872865275142316,70.9203036053131,11.669829222011385,12.808349146110057,98.67172675521822,0.23719165085388993,0.0,0.6641366223908919,0.2846299810246679,2.5616698292220113,94.07020872865274,0.04743833017077799,0.04743833017077799,45.11385199240987,0.09487666034155598,0.9013282732447818,53.557874762808346,95.6831119544592,3.842504743833017,0.04743833017077799,0.0,30.36053130929791,0.0,76.5180265654649,,,,,0.14231499051233396,8.870967741935484,4.601518026565465,13.330170777988615,,,,,,0.23719165085388993,70.06641366223909,13.519924098671726,1.4231499051233396,2.5142314990512333,25.806451612903224,1.3282732447817838,4.554079696394687,0.14231499051233396,0.18975332068311196,22.343453510436433,,,,,,,,,,,4.317488006977759,2.5313094,2108,2.5313094,2108,1.806976,2953.0,1.0491545,5086.0
020405,3027,45.226296663363065,19.953749587049884,29.33597621407334,3.303600925008259,0.13214403700033037,17.0796167822927,42.84770399735712,40.07267922035018,12.223323422530559,8.29203832177073,3.9312851007598284,87.77667657746944,4.360753221010902,0.7928642220019821,6.871489924017179,0.19821605550049554,64.3211100099108,61.314833168153285,0.23125206475057813,0.39643211100099107,35.678889990089196,0.0,26.26362735381566,72.24975222993062,26.49487941856624,0.9250082590023125,80.17839444995045,8.093822266270234,6.574165840766436,1.5196564255037992,56.3594317806409,8.060786257020151,24.975222993062438,97.05979517674265,1.057152296002643,0.03303600925008259,1.2223323422530559,0.3303600925008259,9.283118599273207,88.4373967624711,0.0,0.0,81.73108688470433,1.3544763792533863,0.06607201850016518,15.956392467789891,85.0346878097126,9.415262636273539,0.03303600925008259,0.06607201850016518,29.897588371324744,0.0,74.89263296993722,,,,,0.8589362405021473,14.965312190287413,6.838453914767096,12.058143376280146,,,,,,3.303600925008259,74.19887677568549,21.27518995705319,5.021473406012554,7.26792203501817,32.243145028080605,1.3214403700033035,11.859927320779649,5.153617443012884,0.3303600925008259,37.85926660059465,,,,,,,,,,,6.7822384428223845,2.361414,3027,2.361414,3027,1.7182692,4160.0,0.9814637,7283.0
020501,3938,65.79481970543424,9.090909090909092,10.284408329101067,1.0665312341289994,0.15236160487557135,14.804469273743017,58.4814626714068,26.714068054850177,28.110716099542916,16.048755713560183,12.061960385982733,71.88928390045709,0.5078720162519045,3.047232097511427,24.30167597765363,0.25393600812595224,62.46825799898426,61.884205180294565,0.07618080243778567,0.15236160487557135,37.53174200101574,0.0,8.98933468765871,90.02031488065008,9.116302691721685,0.6856272219400711,79.53275774504824,0.7618080243778568,0.025393600812595226,0.7364144235652615,58.83697308278314,8.176739461655663,30.218384966988317,95.81005586592178,1.1681056373793803,0.0,1.2696800406297613,1.5236160487557135,4.672422549517521,94.31183341797868,0.05078720162519045,0.27932960893854747,89.94413407821229,0.1015744032503809,0.025393600812595226,9.497206703910615,83.29101066531234,8.151345860843067,0.6856272219400711,0.0,22.473336719146776,0.0,57.28796343321483,,,,,0.2031488065007618,9.065515490096496,5.6881665820213305,17.953275774504824,,,,,,1.9807008633824277,72.11782630777044,25.088877602844082,2.260030472320975,4.443880142204165,9.700355510411375,0.9649568308786186,2.3108176739461657,0.17775520568816658,0.27932960893854747,38.97917724733367,,,,,,,,,,,4.869524697110904,2.9065516,3938,2.9065516,3938,1.8678198,6128.0,1.0197791,11224.0
020502,2747,57.99053512923189,14.379322897706588,8.409173643975246,1.1285038223516564,0.0,15.180196578085184,57.29887149617765,27.520931925737166,34.72879504914452,26.392428103385512,8.33636694575901,65.27120495085548,0.25482344375682564,2.8394612304331996,30.615216599927194,1.0192937750273026,56.86203130688023,50.85547870404077,0.8736803785948307,4.113578449217328,43.13796869311977,0.0,7.863123407353476,91.11758281761922,8.081543502002184,0.728066982162359,67.16417910447761,1.1285038223516564,0.0728066982162359,1.0556971241354205,44.776119402985074,5.642519111758282,46.08663997087732,96.43247178740444,0.691663633054241,0.10921004732435384,0.9100837277029487,1.6017473607571897,1.492537313432836,91.59082635602475,4.149981798325446,0.2912267928649436,78.23079723334547,0.03640334910811795,0.03640334910811795,21.62358937022206,90.64433927921368,5.169275573352748,0.21842009464870768,0.0,32.21696396068438,0.0,36.33054240990171,,,,,0.10921004732435384,4.841645431379687,5.060065526028395,19.803421914816163,,,,,,2.3298143429195486,67.1277757553695,24.09901710957408,2.220604295595195,2.8030578813250817,10.047324353840553,0.4004368401892974,1.6745540589734256,0.1456133964324718,0.0728066982162359,21.332362577357117,,,,,,,,,,,2.5017618040873857,3.0036404,2747,3.0036404,2747,2.0888608,3950.0,1.2428076,6639.0
020503,1938,58.92672858617131,23.993808049535605,7.946336429308565,0.6707946336429309,0.30959752321981426,11.558307533539733,61.14551083591331,27.296181630546954,24.148606811145513,8.926728586171311,15.2218782249742,75.85139318885449,5.056759545923633,0.46439628482972134,14.344685242518059,4.282765737874097,69.29824561403508,63.77708978328173,0.46439628482972134,1.3931888544891642,30.70175438596491,0.0,24.50980392156863,73.42621259029927,24.819401444788443,1.7543859649122806,51.13519091847265,4.695562435500516,1.08359133126935,3.611971104231166,37.874097007223945,6.811145510835913,44.94324045407637,92.36326109391125,3.6635706914344683,0.15479876160990713,2.889576883384933,0.7739938080495357,2.2703818369453046,95.25283797729618,0.46439628482972134,0.0,78.2765737874097,0.10319917440660474,0.20639834881320948,21.207430340557277,86.687306501548,7.533539731682146,0.2579979360165119,0.20639834881320948,42.46646026831785,0.0,40.91847265221878,,,,,1.2899896800825594,3.869969040247678,4.179566563467493,22.13622291021672,,,,,,4.592363261093912,60.8875128998968,32.92053663570692,2.5283797729618165,8.04953560371517,6.398348813209494,2.8379772961816307,1.805985552115583,0.0,0.30959752321981426,28.586171310629513,,,,,,,,,,,7.282184655396619,2.8049536,1938,2.8049536,1938,2.1486166,2530.0,1.3152673,4133.0
020601,8775,49.25356125356125,13.515669515669515,9.07122507122507,0.5356125356125356,0.03418803418803419,18.005698005698004,44.1025641025641,37.89173789173789,36.56980056980057,19.16809116809117,17.4017094017094,63.43019943019943,10.450142450142451,2.6894586894586894,20.284900284900285,3.1452991452991452,65.96011396011396,61.25356125356125,0.2849002849002849,0.98005698005698,34.03988603988604,0.0,32.44444444444444,65.52706552706553,32.63817663817664,1.6752136752136753,73.53846153846153,11.441595441595442,6.860398860398861,4.581196581196581,43.24786324786325,7.726495726495727,35.054131054131055,90.41595441595442,4.683760683760684,0.25071225071225073,2.849002849002849,1.1737891737891737,12.227920227920228,71.54415954415954,8.649572649572649,1.207977207977208,94.26780626780626,0.41025641025641024,0.15954415954415954,4.968660968660969,71.29344729344729,11.897435897435898,0.603988603988604,0.03418803418803419,34.00569800569801,12.820512820512821,53.914529914529915,,,,,0.47863247863247865,5.584045584045584,5.0256410256410255,16.0,,,,,,7.031339031339031,69.68660968660969,34.13105413105413,2.9401709401709404,12.991452991452991,6.871794871794871,1.3675213675213675,7.076923076923077,0.10256410256410256,0.5014245014245015,38.22222222222222,,,,,,,,,,,4.041450777202073,2.660399,8775,2.660399,8775,1.8524837,12602.0,1.1101336,21029.0
020602,4681,56.84682760093997,8.6947233497116,1.7303994872890407,0.3204443494979705,0.08545182653279214,25.998718222602008,40.119632557145906,33.881649220252086,43.003631702627644,24.24695577867977,18.756675923947874,56.996368297372356,16.898098696859645,4.144413586840419,20.914334543900875,1.0467848750267037,66.65242469557786,57.6586199530015,0.7477034821619312,5.896176030762658,33.34757530442213,0.0,54.3900875881222,43.40952787865841,54.47553941465499,2.0294808801538133,64.79384746848964,16.876735740226447,12.81777397991882,4.058961760307627,27.62230292672506,11.258278145695364,42.320017090365305,81.75603503524889,9.421063875240334,1.0040589617603077,3.610339671010468,3.3967101046784873,23.07199316385388,39.158299508652,26.74642170476394,5.3834650715659045,72.14270455030976,3.58897671437727,0.8331553086947233,23.07199316385388,54.24054689168981,40.97415082247383,1.922666096987823,0.021362956633198035,52.72377697073275,27.558214056825463,46.35761589403973,,,,,0.5127109591967528,7.220679342020936,4.486220892971588,23.77697073274941,,,,,,11.621448408459731,68.27600939970092,48.77162999359111,7.0925016022217475,13.843195898312326,10.766930143131809,7.220679342020936,3.866695150608844,2.49946592608417,2.6917325357829522,44.584490493484296,,,,,,,,,,,1.7190278601066984,3.0809655,4681,3.0809655,4681,2.1831667,6606.0,1.5761749,9150.0
020603,2980,33.15436241610738,12.885906040268456,5.8389261744966445,0.4697986577181208,0.06711409395973154,11.174496644295303,42.013422818791945,46.81208053691275,42.214765100671144,16.409395973154364,25.80536912751678,57.785234899328856,6.040268456375839,0.9060402684563759,25.06711409395973,10.201342281879194,62.718120805369125,54.060402684563755,0.4697986577181208,6.073825503355705,37.281879194630875,0.0,37.95302013422819,60.20134228187919,38.053691275167786,1.6778523489932886,68.22147651006712,4.563758389261745,0.20134228187919462,4.3624161073825505,43.993288590604024,6.174496644295302,42.51677852348993,86.91275167785236,5.6375838926174495,0.3691275167785235,3.1543624161073827,3.3221476510067114,8.724832214765101,64.39597315436242,20.80536912751678,0.8389261744966443,91.51006711409396,0.03355704697986577,0.10067114093959731,8.322147651006711,72.61744966442953,17.38255033557047,0.1342281879194631,0.0,46.87919463087248,0.0,48.32214765100671,,,,,0.20134228187919462,3.8926174496644297,4.530201342281879,18.389261744966444,,,,,,3.422818791946309,53.65771812080537,34.060402684563755,1.9463087248322148,13.422818791946309,6.946308724832215,2.8523489932885906,1.8456375838926173,0.20134228187919462,0.1342281879194631,32.852348993288594,,,,,,,,,,,1.464968152866242,2.6520135,2980,2.6520135,2980,1.923339,4109.0,1.2437835,6354.0
020604,1027,24.634858812074,18.500486854917234,19.668938656280428,2.3369036027263874,0.3894839337877313,11.781888997078871,42.648490749756576,45.56962025316456,35.92989289191821,18.792599805258032,17.137293086660176,64.07010710808179,3.7974683544303796,2.629016553067186,29.016553067185978,0.48685491723466406,66.79649464459591,65.92015579357351,0.2921129503407984,0.09737098344693282,33.20350535540409,0.0,20.058422590068158,77.31256085686465,20.058422590068158,2.629016553067186,70.88607594936708,0.48685491723466406,0.09737098344693282,0.3894839337877313,44.30379746835443,5.939629990262902,46.93281402142161,90.26290165530672,3.2132424537487827,0.0,3.8948393378773125,2.629016553067186,4.673807205452775,94.3524829600779,0.0,0.19474196689386564,96.29990262901656,0.7789678675754625,0.19474196689386564,2.5316455696202533,81.20740019474196,8.763388510223953,0.7789678675754625,0.0,31.450827653359298,0.0,52.96981499513145,,,,,0.0,7.400194741966894,7.6923076923076925,13.242453748782863,,,,,,3.9922103213242455,69.91236611489776,30.866601752677703,2.239532619279455,8.471275559883155,7.594936708860759,3.3106134371957157,5.55014605647517,0.0,0.3894839337877313,46.73807205452775,,,,,,,,,,,3.633217993079585,2.5550146,1027,2.5550146,1027,1.7972603,1460.0,1.0326643,2541.0
020605,994,78.57142857142857,10.060362173038229,5.533199195171026,0.9054325955734407,0.0,42.454728370221325,39.63782696177062,17.907444668008047,28.672032193158955,18.51106639839034,10.160965794768611,71.32796780684104,2.9175050301810863,1.2072434607645874,23.641851106639837,0.9054325955734407,69.71830985915493,68.51106639839034,0.1006036217303823,0.1006036217303823,30.281690140845072,0.0,16.599597585513077,82.69617706237425,16.800804828973842,0.30181086519114686,77.76659959758551,0.30181086519114686,0.1006036217303823,0.2012072434607646,21.026156941649898,3.9235412474849096,74.04426559356136,96.0764587525151,1.6096579476861168,0.0,1.408450704225352,0.5030181086519114,6.1368209255533195,92.65593561368209,0.0,0.5030181086519114,98.18913480885311,0.30181086519114686,0.0,1.2072434607645874,79.27565392354124,3.118712273641851,0.0,0.0,15.79476861167002,0.0,78.57142857142857,,,,,0.2012072434607646,6.5392354124748495,5.331991951710261,26.559356136820927,,,,,,3.420523138832998,78.37022132796781,26.056338028169016,2.414486921529175,3.8229376257545273,7.645875251509055,0.30181086519114686,3.2193158953722336,0.2012072434607646,0.30181086519114686,41.24748490945674,,,,,,,,,,,2.780269058295964,3.7012072,994,3.7012072,994,2.285093,1610.0,1.1818181,3113.0
020606,3457,53.68816893260052,12.264969626844085,1.8513161700896732,0.17356089094590685,0.17356089094590685,47.93173271622794,31.212033555105585,20.856233728666474,49.11773213769164,25.918426381255422,23.199305756436218,50.88226786230836,18.51316170089673,3.7026323401793464,16.661845530807057,10.240092565808505,88.83424934914666,86.28868961527336,0.17356089094590685,0.7810240092565809,11.16575065085334,0.0,81.89181371131039,10.558287532542668,82.09430141741394,7.231703789412785,55.56841191784785,2.256291582296789,0.8388776395718831,1.417413942724906,11.599652878218109,1.9670234307202776,81.45791148394562,61.78767717674284,24.703500144634077,2.8926815157651142,2.805901070292161,7.000289268151577,34.046861440555396,28.550766560601677,33.93115417992479,0.607463118310674,92.62366213479896,2.1984379519814867,0.6653167486259762,4.223315013017067,20.827306913508824,73.67659820653746,1.7645357246167197,0.37604859704946486,55.423777842059586,21.405843216661847,57.07260630604571,,,,,0.7231703789412786,7.83916690772346,5.177899913219554,20.2487706103558,,,,,,12.033555105582876,51.37402371998843,74.11050043390223,11.88892102979462,14.781602545559734,14.868382991032687,7.983800983511715,2.834827885449812,0.2892681515765114,1.9091698004049753,73.47411050043391,,,,,,,,,,,5.458042798749699,2.8301995,3457,2.8301995,3457,2.057191,4756.0,1.5468775,6325.0
020607,4050,69.01234567901234,18.962962962962962,1.654320987654321,0.6666666666666666,0.04938271604938271,28.123456790123456,50.666666666666664,21.209876543209877,47.160493827160494,20.17283950617284,26.987654320987655,52.839506172839506,13.234567901234568,4.222222222222222,25.555555555555557,4.148148148148148,89.95061728395062,87.06172839506173,0.09876543209876543,1.5308641975308641,10.049382716049383,0.0,78.29629629629629,17.382716049382715,78.39506172839506,4.148148148148148,62.888888888888886,37.06172839506173,30.987654320987655,6.074074074074074,33.25925925925926,7.08641975308642,19.432098765432098,72.27160493827161,16.567901234567902,0.6419753086419753,4.6419753086419755,5.2592592592592595,16.19753086419753,38.02469135802469,42.5679012345679,2.3209876543209877,83.48148148148148,0.12345679012345678,0.41975308641975306,15.82716049382716,57.851851851851855,39.23456790123457,1.6049382716049383,0.024691358024691357,56.39506172839506,43.77777777777778,36.46913580246913,,,,,0.5925925925925926,5.08641975308642,4.987654320987654,27.950617283950617,,,,,,8.320987654320987,43.382716049382715,71.80246913580247,11.037037037037036,16.617283950617285,9.432098765432098,12.074074074074074,2.6419753086419755,0.9876543209876543,3.432098765432099,70.07407407407408,,,,,,,,,,,1.7439192290041303,3.2454321,4050,3.2454321,4050,2.3530254,5586.0,1.7551075,7489.0
020608,3487,36.220246630341265,6.5672497849154,3.2692859191281904,0.37281330656724976,0.0,9.893891597361629,37.51075422999713,52.59535417264124,38.68655004301692,25.83882993977631,12.847720103240608,61.31344995698308,0.48752509320332665,5.85030111843992,31.689131058216233,0.6595927731574419,44.36478348150273,40.52193862919415,0.8316604531115572,1.8353885861772297,55.63521651849727,0.0,34.38485804416404,64.15256667622599,34.44221393748207,1.347863492973903,69.57269859478062,10.180671063951822,8.02982506452538,2.150845999426441,39.14539718956123,18.9561227416117,27.158015486091195,89.76197304273013,4.817895038715228,0.28677946659019216,2.0934901061084026,2.2082018927444795,6.2517923716661885,29.710352738743907,53.771149985661026,8.74677373100086,77.54516776598796,0.1720676799541153,0.1720676799541153,21.279036420992256,78.5202179523946,18.29652996845426,0.802982506452538,0.05735589331803843,61.198738170347006,0.0,22.397476340694006,,,,,0.31545741324921134,6.280470318325208,3.4987094924003443,15.944938342414684,,,,,,3.6707771723544593,64.84083739604245,31.488385431603096,5.10467450530542,12.847720103240608,11.70060223687984,9.033553197591052,8.74677373100086,5.190708345282478,1.6919988528821337,32.49211356466877,,,,,,,,,,,2.2419186652763297,2.595354,3487,2.595354,3487,1.9366574,4673.0,1.477551,6125.0
020701,4625,56.36756756756757,11.935135135135136,5.059459459459459,0.34594594594594597,0.1945945945945946,24.10810810810811,39.26486486486486,36.627027027027026,37.1027027027027,20.972972972972972,16.12972972972973,62.8972972972973,13.664864864864866,1.4702702702702704,20.17297297297297,1.7945945945945947,65.7945945945946,61.14594594594595,2.4,1.4054054054054055,34.20540540540541,0.0,36.064864864864866,62.270270270270274,36.432432432432435,1.1675675675675676,82.98378378378378,26.37837837837838,19.654054054054054,6.724324324324324,37.945945945945944,8.908108108108108,23.697297297297297,85.55675675675676,8.324324324324325,0.4540540540540541,3.481081081081081,1.5351351351351352,10.356756756756758,74.31351351351351,6.918918918918919,1.491891891891892,81.7081081081081,0.6486486486486487,0.3675675675675676,16.713513513513515,71.17837837837838,23.654054054054054,1.7945945945945947,0.23783783783783785,43.09189189189189,30.7027027027027,72.69189189189188,,,,,0.9945945945945946,8.735135135135135,4.8,35.524324324324326,,,,,,8.216216216216216,69.44864864864864,45.05945945945946,8.518918918918919,10.421621621621622,24.562162162162164,11.956756756756757,6.875675675675676,2.464864864864865,1.9891891891891893,39.61081081081081,,,,,,,,,,,4.439297432928006,4.001081,4625,4.001081,4625,2.6023064,7111.0,1.7853353,10365.0
020702,2230,24.260089686098656,8.026905829596412,25.47085201793722,5.291479820627803,0.0,15.336322869955158,23.27354260089686,61.39013452914798,35.65022421524664,21.390134529147982,14.260089686098654,64.34977578475336,4.260089686098655,1.3004484304932735,28.251121076233183,1.8385650224215246,54.39461883408072,35.91928251121076,7.443946188340807,4.2152466367713,45.60538116591928,0.0,53.27354260089686,45.2017937219731,53.36322869955157,0.7174887892376681,71.5695067264574,16.95067264573991,0.35874439461883406,16.591928251121075,33.7219730941704,35.51569506726457,10.672645739910314,90.85201793721973,4.125560538116592,0.13452914798206278,3.1838565022421523,0.8968609865470852,8.251121076233185,40.08968609865471,0.49327354260089684,0.08968609865470852,72.91479820627802,0.40358744394618834,0.0,25.022421524663677,66.95067264573991,17.48878923766816,0.17937219730941703,0.04484304932735426,33.45291479820628,0.0,73.54260089686099,,,,,0.8071748878923767,4.394618834080718,4.618834080717488,20.358744394618835,,,,,,3.497757847533632,62.28699551569507,32.33183856502242,4.394618834080718,17.533632286995516,22.690582959641254,16.905829596412556,5.336322869955157,0.49327354260089684,0.2242152466367713,15.067264573991032,,,,,,,,,,,3.7424140256237357,2.6869955,2230,2.6869955,2230,2.0325644,2948.0,1.0644875,5629.0
020801,26248,53.40216397439805,14.050594330996647,29.01935385553185,5.916641267906126,0.43431880524230415,37.1914050594331,23.277964035355076,39.53063090521182,54.32413898201768,32.21578786955197,22.108351112465712,45.67586101798232,24.070405364218225,4.899420908259677,25.003809814081073,0.3505028954587016,77.49161840902164,76.48963730569949,0.09905516610789393,0.20192014629686073,22.50838159097836,14.93828101188662,66.3288631514782,15.58213959158793,81.52621152087778,2.33160621761658,76.57726302956415,61.73803718378543,40.6011886619933,21.136848521792135,20.302499238037182,4.659402621152088,12.202834501676318,83.28253581225236,7.98537031392868,0.8457787259981713,6.221426394391954,0.5790917403230722,51.630600426699175,47.49314233465407,0.015239256324291375,0.0038098140810728437,87.72858884486438,3.1430966168850962,1.4934471197805548,6.434775982932033,36.73803718378543,45.96159707406279,1.6115513562938129,0.05333739713501981,34.334044498628465,75.20572996037794,74.8323681804328,,,,,1.6686985675099055,9.101645839683023,5.215635476988723,16.28695519658641,,,,,,16.831758610179822,80.91283145382505,59.5397744590064,13.467692776592502,17.79183175861018,40.91359341664127,2.605912831453825,18.919536726607742,0.26287717159402624,2.293508076805852,60.659859798841815,,,,,,,,,,,6.2168772931104765,3.0005333,26248,3.0005333,26248,1.8372641,42867.0,1.19249,66045.0
020802,2731,51.1168070303918,16.184547784694253,26.693518857561333,9.22738923471256,0.0,29.805931893079457,40.241669718051995,29.952398388868545,33.76052727938484,23.28817283046503,10.472354448919809,66.23947272061515,0.6590992310508971,3.7348956426217503,29.036982790186745,0.32954961552544854,77.77370926400586,76.9315269132186,0.3661662394727206,0.14646649578908824,22.22629073599414,0.0,52.10545587696814,45.80739655803735,52.58147198828268,1.0252654705236177,86.96448187477115,3.1490296594653975,0.2929329915781765,2.8560966678872206,61.11314536799707,12.303185646283413,22.37275723178323,93.88502380080557,3.0391797876235813,0.21969974368363238,1.3914317099963383,0.4027828634199927,10.142804833394361,88.09959721713658,0.0,0.0,90.44306114976199,0.8787989747345295,0.21969974368363238,8.202123764188942,57.96411570853167,35.115342365433904,0.5492493592090809,0.03661662394727206,23.214939582570487,0.0,88.06298059318931,,,,,0.622482607103625,16.990113511534236,7.652874404979861,10.948370560234347,,,,,,3.1856462834126695,81.54522153057488,39.69242035884292,5.419260344196265,11.937019406810691,50.31124130355181,5.346027096301721,13.365067740754302,2.380080556572684,0.9886488465763457,50.27462467960454,,,,,,,,,,,7.151702786377709,2.5646284,2731,2.5646284,2731,1.6330147,4289.0,0.93598825,7483.0
020803,3594,34.91930996104619,24.958263772954925,33.917640511964386,3.4780189204229273,0.11129660545353366,12.743461324429605,49.4991652754591,37.7573734001113,41.31886477462437,22.70450751252087,18.614357262103507,58.68113522537563,3.283249860879243,1.8363939899833055,35.948803561491374,0.25041736227045075,74.59654980523094,73.78964941569282,0.19476905954368393,0.13912075681691707,25.40345019476906,0.0,34.64106844741235,64.44073455759599,34.83583750695604,0.5564830272676683,86.58875904284919,3.005008347245409,0.6121313299944352,2.392877017250974,69.25431274346133,8.764607679465776,18.057874234835836,94.82470784641069,2.11463550361714,0.08347245409015025,1.725097384529772,0.667779632721202,7.150806900389538,92.12576516416249,0.0,0.0,82.49860879243182,0.08347245409015025,0.3060656649972176,16.416249304396217,69.22648859209794,26.655537006121314,0.806900389538119,0.0,24.457429048414024,12.242626599888704,88.78686700055648,,,,,0.5843071786310517,11.018363939899833,6.566499721758486,21.508069003895383,,,,,,3.561491374513077,85.61491374513078,38.64774624373957,5.342237061769616,9.321090706733445,58.40289371174179,5.7039510294936004,11.741791875347802,9.654980523094046,0.7512520868113522,52.28158041179744,,,,,,,,,,,3.314228756541241,3.3642182,3594,3.3642182,3594,2.0835774,5803.0,1.2051231,10033.0
020804,2250,83.37777777777778,7.511111111111111,6.7555555555555555,1.3777777777777778,0.13333333333333333,46.84444444444444,43.46666666666667,9.688888888888888,36.977777777777774,19.155555555555555,17.822222222222223,63.022222222222226,18.31111111111111,1.8222222222222222,16.755555555555556,0.08888888888888889,86.04444444444445,85.77777777777777,0.13333333333333333,0.0,13.955555555555556,0.0,69.77777777777777,28.711111111111112,69.86666666666666,1.3333333333333333,82.0,30.711111111111112,22.57777777777778,8.133333333333333,53.15555555555556,3.8666666666666667,11.733333333333333,85.77777777777777,6.977777777777778,0.4888888888888889,4.933333333333334,0.9333333333333333,39.77777777777778,53.51111111111111,0.0,0.0,82.71111111111111,2.8444444444444446,6.088888888888889,7.2444444444444445,50.08888888888889,36.53333333333333,2.4,0.0,25.2,48.044444444444444,87.86666666666666,,,,,0.9777777777777777,9.911111111111111,5.466666666666667,14.311111111111112,,,,,,11.244444444444444,80.93333333333334,53.644444444444446,6.5777777777777775,25.066666666666666,42.71111111111111,2.8,12.71111111111111,9.466666666666667,0.9777777777777777,64.53333333333333,,,,,,,,,,,6.751054852320675,3.0013332,2250,3.0013332,2250,1.7608865,3835.0,1.0576351,6385.0
020805,2391,3.8059389376829778,7.653701380175659,78.79548306148055,28.649100794646593,0.0,2.7603513174404015,5.9389376829778335,91.30071099958177,53.86867419489753,19.155165202844,34.713508992053534,46.13132580510247,0.0836470096194061,1.2128816394813886,52.40485152655793,0.1672940192388122,30.865746549560853,23.755750731911334,4.224173985780008,0.2927645336679214,69.13425345043915,0.0,16.227519866164783,82.85236302802174,16.352990380593894,0.41823504809703055,67.67043078209954,2.0493517356754496,0.2927645336679214,1.7565872020075282,53.28314512756169,28.607277289836887,11.083228774571309,96.86323713927227,1.1292346298619824,0.0,0.8364700961940611,0.8364700961940611,4.391468005018821,92.80635717273107,0.0,0.04182350480970305,68.590547887913,0.12547051442910917,0.04182350480970305,31.07486407360937,93.26641572563781,5.562526139690506,0.0836470096194061,0.0,29.652864910079465,0.0,87.28565453785028,,,,,0.5855290673358428,9.661229611041405,5.060644081974069,14.763697197825177,,,,,,0.5018820577164367,88.87494772061899,5.9389376829778335,0.794646591384358,5.729820158929318,74.44583856127143,14.303638644918443,13.759933082392305,1.8402342116269343,0.12547051442910917,20.869928900041824,,,,,,,,,,,2.3344947735191637,2.5432873,2391,2.5432873,2391,1.9274168,3155.0,1.0625546,5723.0
020806,4967,37.44715119790618,7.449164485604993,41.795852627340444,8.355143950070465,0.0,3.7044493658143747,39.05778135695591,57.23776927722972,62.17032413931951,22.146164686933762,40.024159452385746,37.82967586068049,0.24159452385745922,2.9192671632776324,58.345077511576406,0.6643849406080129,56.45258707469297,55.86873364203745,0.22146164686933764,0.28186027783370243,43.54741292530703,0.0,21.824038655123818,77.22971612643447,21.98510167102879,0.5234548016911617,82.78639017515603,3.744715119790618,0.16106301590497282,3.5836521038856453,63.53935977451178,20.71673042077713,10.93215220455003,97.88604791624724,0.8858465874773506,0.10066438494060802,0.36239178578618886,0.24159452385745922,2.3152808536339844,91.34286289510771,0.060398630964364805,0.040265753976243206,52.84880209381921,1.671028790014093,0.040265753976243206,45.35937185423797,89.1081135494262,6.502919267163278,0.2617274008455808,0.020132876988121603,26.192872961546204,0.0,87.7994765451983,,,,,0.30199315482182404,9.704046708274612,4.731226092208576,22.12603180994564,,,,,,1.5300986510972419,83.67223676263337,12.281054962754178,2.4964767465270787,5.596939802697806,50.33219247030401,2.2146164686933765,6.402254882222669,1.2885041272397826,0.16106301590497282,34.084960740889876,,,,,,,,,,,1.6669501615921074,3.0138917,4967,3.0138917,4967,2.1822157,6860.0,1.1539351,12973.0
020807,1819,54.64540956569544,8.246289169873556,32.435404068169326,3.7932930181418363,0.10995052226498075,11.214953271028037,54.75536008796042,34.029686641011544,29.631665750412314,22.15503023639362,7.4766355140186915,70.36833424958769,0.16492578339747113,8.026388125343596,21.275426058273776,0.16492578339747113,78.39472237493128,77.57009345794393,0.05497526113249038,0.05497526113249038,21.60527762506872,0.0,60.47278724573942,37.38317757009346,60.69268829026938,1.154480483782298,76.80043980208906,0.2748763056624519,0.16492578339747113,0.10995052226498075,74.60142935678944,6.926882902693788,17.152281473337,97.6910390324354,0.38482682792743267,0.16492578339747113,1.0445299615173171,0.38482682792743267,11.324903793293018,88.0153930731171,0.10995052226498075,0.0,94.39252336448598,0.16492578339747113,0.16492578339747113,4.452996151731721,82.46289169873558,14.018691588785046,0.16492578339747113,0.05497526113249038,30.18141836173722,0.0,87.79549202858713,,,,,0.4947773501924134,16.162726772952173,7.311709730621221,26.223199560197912,,,,,,5.992303463441451,79.49422759758109,23.63936228697086,1.759208356239692,13.798790544255086,36.44859813084112,2.9136888400219902,9.455744914788346,18.80153930731171,0.2199010445299615,53.54590434304563,,,,,,,,,,,1.1627906976744187,3.6102254,1819,3.6102254,1819,2.285764,2873.0,1.4551296,4513.0
020901,3913,49.14387937643752,20.444671607462304,5.954510605673397,0.5622284692052134,0.0,13.059033989266547,49.041656018400204,37.89930999233325,36.084845387170965,26.220291336570405,9.864554050600562,63.915154612829035,0.5877843087145412,2.785586506516739,32.68591873243036,0.025555839509327882,71.47968310759009,71.19856887298748,0.07666751852798365,0.1277791975466394,28.520316892409916,0.0,27.779197546639406,71.1219013544595,28.11142346026067,0.6644518272425249,75.26194735497062,0.9711219013544595,0.17889087656529518,0.7922310247891643,51.4183490927677,6.900076667518528,39.53488372093023,93.1254791719908,2.8366981855353948,0.2555583950932788,2.146690518783542,1.2266802964477383,18.246869409660107,80.57756197291081,0.0,0.38333759263991823,81.21645796064401,4.70227446971633,0.051111679018655765,12.624584717607974,47.457193968821876,46.94607717863532,1.098901098901099,0.051111679018655765,25.734730385893176,0.0,84.61538461538461,,,,,0.9455660618451316,16.43240480449783,4.753386148734986,14.183490927676974,,,,,,2.2489138768208536,72.93636595962177,41.75824175824176,2.6578073089700998,8.893432149246102,24.226935854842832,12.113467927421416,5.826731408126757,0.20444671607462306,0.35778175313059035,42.01380015333504,,,,,,,,,,,3.240958196336308,2.8239202,3913,2.8239202,3913,1.7865804,6185.0,1.0369744,10656.0
020902,4624,27.941176470588236,16.76038062283737,11.267301038062284,0.9299307958477508,0.06487889273356401,11.48356401384083,24.091695501730104,64.42474048442907,13.559688581314878,9.083044982698961,4.476643598615917,86.44031141868513,0.3892733564013841,0.8650519031141869,12.067474048442907,0.2378892733564014,61.24567474048443,60.33737024221453,0.25951557093425603,0.19463667820069205,38.75432525951557,0.0,18.18771626297578,81.16349480968859,18.317474048442907,0.4541522491349481,79.06574394463668,0.17301038062283736,0.10813148788927336,0.06487889273356401,34.99134948096886,4.2387543252595155,58.75865051903114,94.1825259515571,2.4437716262975777,0.06487889273356401,2.31401384083045,0.49740484429065746,7.763840830449827,90.93858131487889,0.1513840830449827,0.5406574394463668,87.34861591695501,0.7569204152249135,0.12975778546712802,11.505190311418685,72.62110726643598,21.518166089965398,0.6271626297577855,0.06487889273356401,31.185121107266436,0.0,85.4022491349481,,,,,0.2378892733564014,13.51643598615917,4.325259515570934,13.970588235294118,,,,,,0.8434256055363322,80.60121107266436,24.610726643598618,1.6868512110726643,12.564878892733564,16.56574394463668,6.271626297577854,8.434256055363322,0.3027681660899654,0.1513840830449827,27.422145328719722,,,,,,,,,,,4.197334394270937,2.6805797,4624,2.6805797,4624,1.7917027,6918.0,1.0529221,11772.0
020903,2306,49.30615784908933,20.208152645273202,22.159583694709454,1.1274934952298352,0.0,24.544666088464876,37.771032090199476,37.684301821335644,13.096270598438855,7.718993928881179,5.377276669557675,86.90372940156115,2.862098872506505,0.3469210754553339,9.5836947094536,0.30355594102341715,66.86903729401561,65.91500433651345,0.13009540329575023,0.4770164787510841,33.13096270598439,0.0,29.791847354726798,69.25411968777104,29.835212489158717,0.7372072853425846,78.57762359063314,1.170858629661752,0.2168256721595837,0.9540329575021682,37.20728534258456,2.9054640069384217,57.632263660017344,94.79618386816999,1.6912402428447528,0.17346053772766695,2.168256721595837,0.4770164787510841,2.9054640069384217,96.18386816999133,0.0,0.08673026886383348,62.79271465741544,0.13009540329575023,0.08673026886383348,36.81699913269731,80.48568950563747,13.139635732870772,0.39028620988725066,0.08673026886383348,28.96790980052038,0.0,82.87077189939289,,,,,0.2168256721595837,10.147441457068517,5.117085862966175,25.325238508239377,,,,,,2.9054640069384217,71.42237640936686,28.88117953165655,1.4744145706851692,9.496964440589766,28.924544666088465,3.7727666955767565,7.328707718993929,0.04336513443191674,0.17346053772766695,32.263660017346055,,,,,,,,,,,8.33922261484099,3.1300955,2306,3.1300955,2306,2.3045976,3132.0,1.2721184,5674.0
020904,1234,35.575364667747166,35.3322528363047,11.912479740680713,2.755267423014587,0.0,13.371150729335495,37.27714748784441,49.3517017828201,27.876823338735818,14.343598055105348,13.53322528363047,72.12317666126418,2.3500810372771475,2.3500810372771475,17.01782820097245,6.158833063209076,72.77147487844408,59.07617504051864,1.4586709886547813,8.022690437601296,27.228525121555915,0.0,47.56888168557536,50.89141004862237,47.73095623987034,0.8103727714748784,74.23014586709887,1.8638573743922204,0.24311183144246354,1.6207455429497568,36.70988654781199,5.429497568881685,54.05186385737439,88.33063209076175,3.646677471636953,0.1620745542949757,3.4035656401944894,3.4846029173419772,12.560777957860616,84.03565640194489,0.24311183144246354,0.0,82.6580226904376,0.0,0.3241491085899514,16.693679092382496,76.25607779578606,7.941653160453809,0.24311183144246354,0.0,36.38573743922204,0.0,77.3095623987034,,,,,0.3241491085899514,5.024311183144246,5.753646677471637,37.68233387358185,,,,,,1.7017828200972447,74.39222042139384,31.118314424635333,4.376012965964343,7.941653160453809,21.961102106969207,8.26580226904376,6.077795786061588,1.4586709886547813,0.24311183144246354,38.006482982171796,,,,,,,,,,,1.002865329512894,4.056726,1234,4.056726,1234,2.8250563,1772.0,1.7424295,2873.0
020905,3070,64.69055374592834,10.456026058631922,7.55700325732899,0.7817589576547231,0.06514657980456026,20.521172638436482,52.57328990228013,26.905537459283387,18.04560260586319,9.739413680781759,8.306188925081432,81.9543973941368,1.791530944625407,1.1400651465798046,14.495114006514658,0.6188925081433225,78.82736156351791,78.46905537459283,0.19543973941368079,0.13029315960912052,21.172638436482085,0.0,41.17263843648208,58.273615635179155,41.302931596091206,0.39087947882736157,81.49837133550488,18.925081433224754,17.94788273615635,0.9771986970684039,44.65798045602606,2.0521172638436482,32.14983713355049,83.97394136807817,2.768729641693811,0.19543973941368079,3.550488599348534,7.719869706840391,7.947882736156352,87.8827361563518,1.986970684039088,0.13029315960912052,89.60912052117264,0.39087947882736157,0.09771986970684039,9.543973941368078,55.53745928338762,24.006514657980457,0.48859934853420195,0.0,33.90879478827362,0.0,84.7557003257329,,,,,0.39087947882736157,12.60586319218241,4.755700325732899,31.498371335504885,,,,,,1.986970684039088,79.0228013029316,52.96416938110749,5.765472312703583,9.543973941368078,9.674267100977199,12.866449511400651,3.452768729641694,0.13029315960912052,0.4234527687296417,53.28990228013029,,,,,,,,,,,0.5342551854179761,3.6615636,3070,3.6615636,3070,2.5687842,4376.0,1.5710692,7155.0
021001,4894,38.61871679607683,8.275439313445034,13.077237433592154,0.5925623212096445,0.04086636697997548,8.704536166734778,39.35431140171639,51.941152431548836,18.246832856559053,11.892112791172865,6.3547200653861875,81.75316714344095,3.3306089088680015,1.185124642419289,13.19983653453208,0.5312627707396812,37.556191254597465,22.61953412341643,10.318757662443808,1.7572537801389456,62.443808745402535,0.0,10.788720882713527,88.21005312627707,10.95218635063343,0.6947282386595831,77.64609726195341,3.677973028197793,0.7560277891295464,2.921945239068247,44.29914180629342,5.026563138536984,43.093583980384146,93.09358398038414,1.7163874131589703,0.1021659174499387,1.9615856150388231,2.921945239068247,2.8810788720882714,86.20760114425828,3.0445443400081733,5.823457294646506,62.259910093992644,0.3064977523498161,0.12259910093992644,36.963628933387824,87.37229260318757,9.194932570494483,0.46996322026971804,0.02043318348998774,44.03351042092358,0.0,60.97261953412342,,,,,0.14303228442991417,11.176951369023294,3.861871679607683,23.436861463015937,,,,,,2.962811606048222,76.03187576624438,14.814058030241112,1.8798528810788722,3.61667347772783,12.586841029832447,8.929301185124642,1.573355128729056,0.08173273395995095,0.18389865140988967,23.477727829995914,,,,,,,,,,,2.018348623853211,2.9891703,4894,2.9891703,4894,2.2839968,6405.0,1.4248563,10267.0
021002,3387,55.83111898435193,22.40921169176262,5.845881310894597,0.5609684086211987,0.0,30.410392677886033,35.4295837023915,34.160023619722466,30.882787127251255,14.732801889577798,16.14998523767346,69.11721287274875,21.582521405373488,2.273398287570121,2.1848243283141424,4.842043105993505,74.25450250959551,70.71154413935636,1.0038382049010923,1.0038382049010923,25.74549749040449,0.0,61.49985237673457,34.21907292589312,64.51136699143785,0.9152642456451137,67.58193091231178,35.222911130794216,23.235901978151755,11.987009152642456,11.927959846471804,2.745792736935341,47.88898730439917,68.32004723944493,9.949808089754946,0.9152642456451137,3.4839090640684973,14.88042515500443,23.560673162090346,56.09684086211987,2.0076764098021846,0.3247711839385887,88.1901387658695,0.20667257159728372,0.23619722468260998,11.071744906997342,33.92382639503986,29.5837023914969,1.0628875110717448,0.059049306170652495,44.966046648951874,34.1895482728078,74.04782993799823,,,,,0.6200177147918512,10.422202539120166,6.879244168881016,13.817537643932683,,,,,,13.906111603188663,72.48302332447594,57.189253026276944,6.672571597283732,11.839385887215824,9.064068497195159,7.883082373782108,6.082078535577207,0.2657218777679362,1.3876586950103336,44.9955713020372,,,,,,,,,,,5.392282136468183,2.3826394,3387,2.3826394,3387,1.6823014,4797.0,1.1089735,7277.0
021003,3019,78.6353097052004,6.326598211328254,1.2255713812520703,0.09937065253395164,0.033123550844650546,16.23053991387877,71.61311692613448,12.15634315998675,38.68830738655184,20.801589930440542,17.886717456111295,61.31169261344816,13.150049685326268,4.438555813183173,20.370983769460086,0.7287181185823121,83.96820139118914,82.47764160317986,0.33123550844650546,0.36435905929115603,16.031798608810863,0.0,47.89665452136469,50.74527989400464,48.029148724743294,0.9274594236502153,74.59423650215304,12.851937727724412,9.373964889036104,3.4779728386883075,40.34448492878437,6.823451473998013,35.508446505465386,80.05962239152038,11.990725405763499,0.36435905929115603,3.875455448824114,2.947996025173899,16.495528320635973,78.80092745942365,1.6561775422325273,1.9211659489897317,95.76018549188473,1.523683338853925,0.6624710168930109,1.755548194766479,52.10334547863531,36.137793971513744,1.523683338853925,0.09937065253395164,37.032129844319314,0.0,79.06591586618086,,,,,0.29811195760185494,12.1232196091421,6.06160980457105,24.87578668433256,,,,,,7.684663795958927,86.18747929778073,67.00894335872806,5.266644584299437,12.78569062603511,15.303080490228552,35.508446505465386,6.293474660483604,0.09937065253395164,0.8612123219609142,66.94269625703876,,,,,,,,,,,0.9200507614213198,3.3865519,3019,3.3865519,3019,2.2352426,4574.0,1.3538135,7552.0
021004,5830,41.14922813036021,29.502572898799315,14.493996569468267,0.8404802744425386,0.08576329331046312,12.984562607204117,39.67409948542024,47.341337907375646,16.946826758147512,8.919382504288164,8.027444253859349,83.05317324185249,8.284734133790737,1.7667238421955402,4.751286449399657,2.144082332761578,77.6672384219554,77.13550600343054,0.24013722126929674,0.12006861063464837,22.332761578044597,0.0,37.718696397941684,61.3893653516295,37.94168096054889,0.6003430531732419,76.22641509433963,28.576329331046313,25.248713550600343,3.327615780445969,20.102915951972555,4.150943396226415,46.38078902229846,76.92967409948542,2.9502572898799313,0.30874785591766724,3.241852487135506,15.626072041166381,4.562607204116638,93.77358490566037,0.37735849056603776,0.0686106346483705,57.83876500857633,1.5265866209262435,0.10291595197255575,40.32590051457976,70.20583190394511,7.427101200686106,0.34305317324185247,0.03430531732418525,34.699828473413376,29.639794168096056,71.02915951972555,,,,,0.6689536878216124,4.939965694682676,4.665523156089193,28.336192109777016,,,,,,5.986277873070326,81.33790737564323,42.36706689536878,7.753001715265866,15.626072041166381,19.125214408233276,15.042881646655232,2.4871355060034306,0.18867924528301888,0.9262435677530018,51.680960548885075,,,,,,,,,,,1.0565071234192411,3.3108063,5830,3.3108063,5830,2.4873712,7760.0,1.48637,12986.0
021005,1695,38.34808259587021,15.575221238938052,23.244837758112094,0.7669616519174042,0.0,11.44542772861357,35.04424778761062,53.51032448377581,14.218289085545722,8.377581120943953,5.84070796460177,85.78171091445428,2.1238938053097347,2.4188790560471976,9.43952802359882,0.2359882005899705,46.96165191740413,46.07669616519174,0.058997050147492625,0.35398230088495575,53.03834808259587,0.0,15.693215339233038,83.71681415929204,15.693215339233038,0.471976401179941,77.10914454277287,0.5899705014749262,0.2359882005899705,0.35398230088495575,26.430678466076696,4.3067846607669615,67.07964601769912,94.10029498525074,1.8289085545722714,0.17699115044247787,2.0648967551622417,1.3569321533923304,2.5368731563421827,94.27728613569322,0.0,0.0,40.117994100294986,0.058997050147492625,0.2359882005899705,58.99705014749262,89.49852507374631,5.3097345132743365,0.11799410029498525,0.0,29.67551622418879,0.0,69.08554572271386,,,,,0.058997050147492625,11.2094395280236,6.1946902654867255,50.08849557522124,,,,,,2.7728613569321534,71.32743362831859,20.530973451327434,1.3569321533923304,5.958702064896755,18.4070796460177,4.778761061946903,1.7699115044247788,0.0,0.17699115044247787,23.303834808259587,,,,,,,,,,,3.4725990233315245,4.576401,1695,4.576401,1695,3.3947484,2285.0,1.8809408,4124.0
021006,1021,73.55533790401567,5.8765915768854065,4.113614103819785,0.6856023506366308,0.0,18.02154750244858,58.66797257590598,23.310479921645445,36.53281096963761,18.609206660137122,17.92360430950049,63.46718903036239,24.289911851126348,1.860920666013712,8.32517140058766,2.0568070519098924,55.82761998041136,54.94613124387855,0.48971596474045054,0.2938295788442703,44.17238001958864,0.0,29.18707149853085,70.42115572967678,29.285014691478942,0.1958863858961802,79.92164544564153,37.022526934378064,33.888344760039175,3.1341821743388834,21.547502448579824,7.345739471106758,29.18707149853085,89.91185112634672,6.660137120470127,0.6856023506366308,1.860920666013712,0.5876591576885406,8.521057786483839,85.89618021547503,3.525954946131244,1.4691478942213516,95.20078354554359,0.48971596474045054,0.6856023506366308,3.3300685602350635,61.704211557296766,30.950048971596473,1.4691478942213516,0.0979431929480901,32.615083251714005,35.45543584720862,75.41625857002938,,,,,0.0979431929480901,4.3095004897159646,3.623898139079334,50.538687561214495,,,,,,13.516160626836434,81.1949069539667,41.33202742409402,3.0362389813907935,8.22722820763957,16.25857002938296,21.155729676787463,3.4280117531831538,0.1958863858961802,0.48971596474045054,42.6052889324192,,,,,,,,,,,0.09718172983479106,5.346719,1021,5.346719,1021,3.2513402,1679.0,2.033147,2685.0
021101,6079,77.5456489554203,4.704721171245271,1.891758512913308,0.4606020727093272,0.0,29.9555848001316,57.4272084224379,12.617206777430498,43.13209409442342,30.350386576739595,12.781707517683829,56.86790590557658,19.888139496627733,4.326369468662609,18.621483796677087,0.29610133245599607,81.03306464879093,80.1283105773976,0.2632011844053298,0.19740088830399738,18.96693535120908,0.0,56.654054943247246,42.34249054120743,56.835005757525906,0.7567034051653232,77.47984865931896,18.91758512913308,13.850962329330482,5.066622799802599,30.53133739101826,7.945385754235894,35.30185885836486,76.67379503207765,14.31156440203981,0.6744530350386577,5.3791742062839285,1.9904589570653068,22.997203487415693,74.83138674124034,0.6909031090639908,0.2467511103799967,95.96973186379338,1.875308438887975,1.2173054778746504,0.3290014805066623,41.766737950320774,34.49580523112354,5.198223392005264,0.3454515545319954,33.75555189998355,12.502056259253166,83.28672479026156,,,,,1.1021549596973186,8.55403849317322,5.165323243954598,17.338378022701104,,,,,,16.400723803257115,92.6961671327521,63.316334923507156,6.810330646487909,14.476065142293141,13.670011515051817,6.662279980259911,6.053627241322586,0.2303010363546636,2.451061029774634,64.5829906234578,,,,,,,,,,,3.1540697674418605,2.8715248,6079,2.8715248,6079,1.8971851,9201.0,1.1283046,15471.0
021102,6499,62.24034466841052,8.27819664563779,2.0156947222649637,0.261578704416064,0.030773965225419295,17.541160178488997,54.65456224034467,27.804277581166332,42.82197261117095,28.158178181258656,14.663794429912294,57.17802738882905,18.495153100476998,3.585166948761348,20.51084782274196,0.2308047391906447,66.59486074780736,62.05570087705801,2.323434374519157,1.1540236959532235,33.40513925219265,0.0,40.94476073242037,57.59347591937221,41.09863055854747,0.9078319741498692,70.56470226188644,18.187413448222802,11.417141098630559,6.770272349592245,29.17371903369749,16.725650100015386,24.44991537159563,81.504846899523,9.016771811047853,0.4154485305431605,3.6467148792121864,4.785351592552701,16.094783812894292,73.24203723649792,2.7388829050623174,2.277273426681028,92.58347438067395,2.5850130789352206,0.87705800892445,2.8619787659639946,56.11632558855209,32.32805046930297,2.108016617941222,0.2308047391906447,45.17618095091552,0.0,77.39652254192953,,,,,0.7078012001846438,11.001692568087398,4.246807201107862,15.217725803969842,,,,,,14.37144176027081,88.62901984920757,44.11447915063856,3.8159716879519925,13.97138021234036,11.017079550700108,9.324511463302047,4.108324357593476,0.04616094783812894,1.092475765502385,51.80797045699338,,,,,,,,,,,3.1639501438159154,2.5734727,6499,2.5734727,6499,1.8889767,8854.0,1.2256339,13646.0
021103,2308,59.1421143847487,12.261698440207972,2.339688041594454,0.1733102253032929,0.12998266897746968,32.97227036395147,46.143847487001736,20.883882149046794,64.51473136915078,40.20797227036395,24.306759098786827,35.48526863084922,28.249566724436743,5.112651646447141,28.856152512998268,2.296360485268631,85.05199306759098,83.96880415944541,0.6065857885615251,0.3466204506065858,14.948006932409012,0.0,54.54939341421144,41.421143847487,56.41247833622184,1.9930675909878683,80.32928942807625,18.80415944540728,9.532062391681109,9.27209705372617,26.646447140381284,9.185441941074524,38.95147313691508,59.18544194107452,7.235701906412478,0.6065857885615251,4.15944540727903,27.859618717504333,45.88388214904679,25.51993067590988,2.8596187175043326,0.6499133448873483,93.71750433275564,1.7764298093587523,1.9064124783362217,1.559792027729636,22.487001733102254,42.80762564991335,3.7261698440207973,0.25996533795493937,37.60831889081456,0.0,84.79202772963605,,,,,14.64471403812825,5.589254766031196,4.809358752166378,17.980935875216637,,,,,,20.27729636048527,85.8318890814558,59.40207972270364,12.651646447140381,19.020797227036397,14.948006932409012,9.098786828422877,2.5996533795493932,0.08665511265164645,1.2998266897746966,69.32409012131716,,,,,,,,,,,1.947261663286004,2.6845753,2308,2.6845753,2308,1.866265,3320.0,1.2266878,5051.0
021104,9246,56.06748864373783,5.299589011464417,2.801211334631192,0.4975124378109453,0.11897036556348692,8.446895955007571,51.968418775686786,39.584685269305645,54.27211767250703,33.87410772225827,20.398009950248756,45.72788232749297,9.322950465065974,4.985939865887952,39.0655418559377,0.8976854856154013,55.115725719229935,53.082414016872164,0.4218040233614536,0.746268656716418,44.884274280770065,0.0,36.404931862427,61.72398875189271,36.50227125243349,1.7521090201168072,63.6275146009085,16.785637032230152,14.157473502054943,2.628163530175211,59.17153363616699,14.438676184295911,6.381137789314298,90.50400173047804,4.3261951113995245,0.2703871944624703,3.2879082846636383,1.0707332900713822,16.958684836686135,10.080034609560892,62.22150118970366,8.392818516115076,71.27406446030716,0.746268656716418,0.5515898767034393,26.768332251784557,73.68591823491239,20.473718364698247,0.7895306078304132,0.021630975556997622,59.247242050616485,22.031148604802077,18.245727882327493,,,,,0.6921912178239239,6.921912178239238,3.7962362102530824,15.72571922993727,,,,,,8.208955223880597,69.43543153796236,40.33095392602206,6.640709495998269,15.704088254380272,11.940298507462687,17.66169154228856,18.645900930131948,2.217174994592256,1.3627514600908501,42.331819165044344,,,,,,,,,,,1.193633952254642,2.5966904,9246,2.5966904,9246,1.8217618,13179.0,1.420735,16899.0
021105,13638,20.721513418389794,3.0796304443466784,1.6204722100014666,0.2932981375568265,0.02199736031676199,7.471770054260156,37.49083443320135,55.037395512538495,29.52778999853351,14.312949112773135,15.214840885760376,70.4722100014665,7.237131544214694,2.2583956591875642,18.001173192550226,2.0310896025810234,38.253409590849095,9.583516644669306,2.1997360316761987,11.907904384807157,61.746590409150905,0.0,30.64232292124945,68.1698196216454,30.796304443466784,0.9312215867429242,63.345065258835604,12.971110133450653,11.665933421322775,1.305176712127878,36.27364716234052,10.95468543774747,34.440533802610354,87.08754949406071,8.124358410324094,0.2786332306789852,2.8963191083736617,1.1585276433494647,11.29197829593782,56.049274087109545,26.499486728259274,3.497580290365156,90.57046487754803,0.5499340079190497,1.4371608740284498,6.6285379087842795,75.15031529549788,15.346825047660948,0.4692770200909224,0.12465170846165127,51.3125091655668,7.398445519870949,41.33304003519578,,,,,0.24197096348438188,4.392139609913477,3.7322188004106174,22.385980349024784,,,,,,3.7982108813609035,85.75304296817716,26.814782226132863,2.522363982988708,13.088429388473383,6.254582783399325,11.255316028743218,4.076844112039889,0.4619445666520018,0.1759788825340959,19.350344625311628,,,,,,,,,,,1.6099324646974555,2.902405,13638,2.902405,13638,2.2307823,17744.0,1.4553108,27199.0
021201,11121,26.544375505799838,10.205916734106646,52.75604711806492,4.801726463447531,0.41363186763780235,9.18982105925726,27.776279111590686,63.033899829152055,40.454995054401586,25.321463897131554,15.13353115727003,59.545004945598414,4.0014387195396095,0.9261757036237749,35.25762071756137,0.2697599136768276,66.07319485657764,63.438539699667295,0.917183706501214,0.22479992806402302,33.92680514342236,0.0,44.798129664598505,52.971855049006386,45.085873572520455,1.5376315079579175,78.84183077061415,2.0861433324341334,0.4406078590054851,1.6455354734286485,72.65533675029224,9.900188831939573,14.081467493930402,94.85657764589516,2.256991277762791,0.07193597698048737,1.9962233612085245,0.35967988490243685,9.495548961424332,89.44339537811348,0.026975991367682764,0.035967988490243685,82.07894973473609,0.32371189641219317,0.2877439079219495,16.743098642208434,74.5526481431526,19.422713784731588,0.4046398705152414,0.035967988490243685,34.10664508587357,0.0,84.00323711896412,,,,,0.7912957467853611,8.434493300962144,4.702814495099362,15.025627191799298,,,,,,2.913407067709738,78.88679075622696,34.619188921859546,3.488894883553637,12.534843988849923,50.60695980577286,5.7728621526841115,10.45769265353835,5.143422354104847,0.458591853250607,42.15448251056559,,,,,,,,,,,3.6519350408014866,2.6857297,11121,2.6857297,11121,1.7844425,16738.0,1.0525426,28377.0
021202,7761,32.01906970751192,14.624404071640253,45.7028733410643,5.166859940729288,2.525447751578405,6.841901816776189,35.79435639737147,57.36374178585234,34.13219945883262,19.945883262466175,14.186316196366448,65.86780054116737,2.100244813812653,2.9119958768199976,28.501481767813427,0.6184770003865481,70.35175879396985,69.30807885581756,0.2705836876691148,0.11596443757247778,29.64824120603015,0.0,42.739337714212084,55.7531245973457,42.94549671434093,1.0952196881845122,82.30898080144311,5.012240690632651,3.092385001932741,1.9198556886999099,63.90929003994331,12.35665507022291,16.363870635227418,94.75583043422239,2.6156423141347767,0.18038912511274321,1.5977322509985827,0.4767426877979642,17.381780698363613,80.69836361293648,0.038654812524159254,0.0,80.41489498775931,0.450972812781858,0.33500837520938026,18.3739208864837,73.25086973328179,22.432676201520422,0.2705836876691148,0.06442468754026542,34.853755959283596,0.0,81.56165442597603,,,,,0.450972812781858,6.416698879010437,4.3293390027058365,21.891508826182193,,,,,,3.1825795644891124,81.72915861358072,39.71137739981961,2.4867929390542454,13.451874758407422,47.90619765494137,1.9585105012240691,6.09457544130911,0.28346862517716787,0.3736631877335395,43.28050508955032,,,,,,,,,,,1.3679890560875514,3.1481767,7761,3.1481767,7761,2.198992,11111.0,1.3352096,18299.0
021203,6062,37.80930386011217,11.39887825800066,38.27119762454635,5.7241834378093035,0.04948861761794787,11.514351699109206,38.023754536456615,50.46189376443418,48.39986803035302,26.212471131639724,22.187396898713295,51.60013196964698,8.330583965687891,3.579676674364896,36.0112174199934,0.47838997030682945,72.86374133949192,71.65951831078851,0.1979544704717915,0.06598482349059716,27.136258660508084,0.0,48.26789838337182,50.395908940943585,48.449356647970966,1.022764764104256,86.37413394919169,10.838007258330585,9.864731111844275,0.9732761464863081,69.03662157703728,8.528538436159684,10.68954140547674,96.40382711976245,1.1217419993401518,0.14846585285384362,1.6166281755196306,0.11547344110854503,12.702078521939955,86.53909600791818,0.01649620587264929,0.0,78.58792477730123,0.3629165291982844,0.6433520290333223,19.96040910590564,64.45067634444078,25.717584955460243,0.6103596172880238,0.01649620587264929,27.68063345430551,11.547344110854503,88.60112174199934,,,,,1.3856812933025404,11.778290993071593,5.064335202903332,15.11052457934675,,,,,,7.9181788188716595,80.3530188056747,39.06301550643352,5.8231606730452,14.830089079511712,51.79808644011877,2.0290333223358625,23.2266578686902,0.7093368525239195,0.907291322995711,50.69284064665127,,,,,,,,,,,7.4754378470739,2.864731,6062,2.864731,6062,1.8533618,9370.0,1.0552989,16456.0
021204,2348,41.14139693356048,9.156729131175469,40.971039182282794,15.75809199318569,0.04258943781942078,10.051107325383304,42.6320272572402,47.31686541737649,27.555366269165248,15.630323679727427,11.925042589437819,72.44463373083475,0.12776831345826234,1.2350936967632027,26.10732538330494,0.08517887563884156,76.61839863713799,75.04258943781942,0.12776831345826234,0.17035775127768313,23.38160136286201,0.0,48.807495741056215,49.65928449744463,48.89267461669506,0.8517887563884157,77.25724020442931,0.6814310051107325,0.08517887563884156,0.596252129471891,81.47359454855196,5.919931856899489,10.221465076660989,96.42248722316866,0.6814310051107325,0.04258943781942078,1.2776831345826236,1.0221465076660987,17.632027257240203,81.64395229982964,0.08517887563884156,0.0,93.39863713798978,0.9369676320272572,0.8517887563884157,4.386712095400341,64.5655877342419,21.20954003407155,0.2555366269165247,0.17035775127768313,32.53833049403748,0.0,90.75809199318569,,,,,0.21294718909710392,12.350936967632027,5.919931856899489,14.608177172061328,,,,,,0.7240204429301533,76.61839863713799,37.47870528109029,2.4701873935264054,8.475298126064736,31.5587734241908,0.596252129471891,14.054514480408859,34.028960817717206,0.2555366269165247,46.29471890971039,,,,,,,,,,,2.4475524475524475,2.75,2348,2.75,2348,1.8941039,3409.0,1.0736614,6014.0
021301,9420,41.602972399150744,12.983014861995754,37.282377919320595,2.388535031847134,0.08492569002123142,15.116772823779193,35.62632696390658,49.25690021231423,20.987261146496817,12.760084925690022,8.227176220806793,79.01273885350318,6.0934182590233545,1.5923566878980893,12.9723991507431,0.32908704883227174,66.48619957537154,65.48832271762208,0.13800424628450106,0.21231422505307856,33.51380042462845,0.0,46.57112526539278,52.60084925690021,46.666666666666664,0.6369426751592356,71.44373673036094,10.127388535031848,7.813163481953291,2.314225053078556,40.30785562632696,6.0934182590233545,42.4203821656051,94.2144373673036,2.4097664543524417,0.12738853503184713,2.2717622080679405,0.33970276008492567,10.106157112526539,88.86411889596603,0.05307855626326964,0.021231422505307854,62.823779193205944,0.6581740976645435,0.4564755838641189,35.732484076433124,63.21656050955414,26.475583864118896,1.0721868365180467,0.06369426751592357,31.878980891719745,32.10191082802548,87.40976645435244,,,,,0.7749469214437368,9.819532908704883,4.660297239915074,27.62208067940552,,,,,,5.053078556263269,74.81953290870489,38.09978768577495,4.777070063694268,14.129511677282379,50.6687898089172,7.292993630573249,18.88535031847134,0.5520169851380042,0.8174097664543525,42.346072186836516,,,,,,,,,,,4.636389494643026,3.3077495,9420,3.3077495,9420,2.3598151,13204.0,1.3556232,22985.0
021302,3249,27.208371806709756,9.51061865189289,58.94121268082487,11.849799938442597,0.0,7.048322560787935,29.855340104647585,63.09633733456448,35.73407202216067,16.281932902431517,19.452139119729146,64.26592797783934,0.40012311480455526,1.2619267466912896,33.42566943674977,0.6463527239150508,57.24838411819021,55.832563865804865,0.2770083102493075,0.09233610341643583,42.75161588180979,0.0,37.67313019390582,61.711295783317944,37.70390889504463,0.36934441366574333,69.49830717143736,0.33856571252693135,0.09233610341643583,0.24622960911049555,50.477069867651586,12.619267466912897,35.241612803939674,96.86057248384118,0.40012311480455526,0.030778701138811943,1.569713758079409,0.8618036318867344,10.341643582640813,89.07356109572176,0.030778701138811943,0.0,65.25084641428131,1.6620498614958448,0.1538935056940597,32.563865804863035,65.65096952908587,24.222837796245,0.7386888273314867,0.061557402277623886,36.71899045860265,0.0,89.41212680824869,,,,,0.24622960911049555,13.758079409048937,6.863650353955063,18.83656509695291,,,,,,0.8310249307479224,74.57679285934134,18.282548476454295,1.2003693444136658,13.573407202216066,49.522930132348414,10.587873191751308,15.173899661434287,0.4616805170821791,0.24622960911049555,37.42690058479532,,,,,,,,,,,4.046858359957401,2.7294552,3249,2.7294552,3249,2.051828,4322.0,1.2063665,7351.0
021303,2823,14.842366277010273,13.567127169677647,60.113354587318454,9.458023379383635,0.035423308537017355,8.324477506199079,23.025150549061284,68.65037194473963,20.226709174636913,11.441728657456606,8.784980517180305,79.77329082536309,0.35423308537017356,0.7438894792773645,18.63266029047113,0.495926319518243,60.148777895855474,57.31491321289408,0.495926319518243,0.28338646829613884,39.851222104144526,0.0,41.65781083953241,57.77541622387531,41.87035069075451,0.35423308537017356,80.34006376195536,0.46050301098122565,0.14169323414806942,0.3188097768331562,58.94438540559688,13.177470775770457,25.965285157633723,97.7683315621679,1.1689691817215728,0.07084661707403471,0.5313496280552603,0.17711654268508678,5.844845908607864,93.87176762309599,0.035423308537017355,0.0,62.30959971661353,1.1689691817215728,0.21253985122210414,35.60042507970245,78.28551186680836,18.313850513637973,0.17711654268508678,0.0,33.793836344314556,0.0,87.84980517180304,,,,,0.28338646829613884,11.831385051363798,4.605030109812256,16.542685086787106,,,,,,0.7438894792773645,83.77612469004605,23.45023025150549,2.0191285866099893,24.052426496634787,58.12964930924549,1.7711654268508679,23.273113708820404,0.495926319518243,0.28338646829613884,38.39886645412682,,,,,,,,,,,8.018575851393189,2.7516825,2823,2.7516825,2823,1.9123584,4062.0,1.0782899,7204.0
021304,3827,35.197282466684086,16.305199895479486,38.332897831199375,9.589756989809251,0.0,11.601776848706558,38.20224719101124,50.195975960282205,27.018552390906716,16.226809511366607,10.79174287954011,72.98144760909328,3.3707865168539324,1.9597596028220539,21.16540371047818,0.5226025607525477,66.76247713613796,64.56754638097726,0.3135615364515286,0.4180820486020381,33.23752286386203,0.0,47.97491507708388,50.535667624771364,48.079435589234386,1.149725633655605,83.06767703161745,0.6532532009406846,0.1567807682257643,0.4964724327149203,62.84295793049386,8.70133263652992,26.652730598379932,97.17794617193624,1.0713352495427229,0.0,1.0974653775803502,0.20904102430101906,6.767703161745493,92.70969427750195,0.026130128037627383,0.026130128037627383,69.92422262869088,0.3658217925267834,0.1567807682257643,29.056702377841653,79.59237000261301,16.46198066370525,0.3135615364515286,0.026130128037627383,27.48889469558401,0.0,85.55003919519206,,,,,0.44421217663966556,13.535406323490985,5.800888424353279,22.86386203292396,,,,,,4.259210870133264,76.19545335772145,30.337078651685392,2.8220538280637575,24.745231251633133,41.416252939639406,1.1758557616932324,19.67598641233342,0.23517115233864647,0.28743140841390125,43.297622158348574,,,,,,,,,,,4.81811611659841,3.225503,3827,3.225503,3827,2.1501482,5741.0,1.2150803,10159.0
021305,7497,57.142857142857146,14.525810324129651,24.52981192476991,2.5610244097639057,0.1600640256102441,28.758169934640524,43.24396425236761,27.997865812991865,54.55515539549153,27.704415099373083,26.85074029611845,45.44484460450847,20.381485927704414,2.1208483393357342,31.86607976523943,0.18674136321195145,74.66986794717887,73.45604908630119,0.13338668800853676,0.3201280512204882,25.330132052821128,2.787781779378418,70.48152594371082,24.983326663998934,73.53608109910631,1.3071895424836601,79.89862611711351,40.26944110977725,34.200346805388826,6.069094304388422,34.360410830999065,8.363345338135254,16.3265306122449,88.71548619447779,6.215819661197813,0.4668534080298786,3.5480859010270773,0.49353074563158594,14.499132986527945,84.32706415899693,0.3067893824196345,0.040016006402561026,84.70054688542083,0.9337068160597572,0.9870614912631719,12.978524743230626,46.698679471788715,44.07096171802054,1.2805122048819528,0.06669334400426838,30.478858209950648,50.60690943043884,86.68800853674803,,,,,1.5072695744964653,10.977724423102574,5.2554355075363475,18.167266906762706,,,,,,11.044417767106843,77.05748966253168,50.83366680005336,10.004001600640256,22.488995598239296,53.341336534613845,2.4809923969587837,36.98812858476724,0.38682139522475656,2.4409763905562225,56.6359877284247,,,,,,,,,,,3.784641679892565,2.9765239,7497,2.9765239,7497,1.8855091,11835.0,1.1470059,19455.0
021306,3200,39.03125,11.71875,34.5,8.90625,0.09375,11.5,39.625,48.875,28.3125,19.09375,9.21875,71.6875,0.40625,3.75,23.53125,0.625,59.59375,57.59375,0.15625,0.125,40.40625,0.0,52.0625,45.875,52.46875,1.28125,67.03125,1.625,0.9375,0.6875,65.46875,6.84375,23.40625,96.15625,1.71875,0.09375,1.1875,0.375,6.21875,87.40625,0.0625,0.03125,66.34375,0.5,0.53125,32.125,74.125,22.84375,0.25,0.03125,36.5625,27.875,77.1875,,,,,0.5,9.875,4.625,19.46875,,,,,,3.21875,74.0,34.09375,4.15625,22.1875,47.53125,2.125,10.34375,0.75,0.46875,37.15625,,,,,,,,,,,4.716481187069422,3.081875,3200,3.081875,3200,1.9775416,4987.0,1.2088747,8158.0
021307,1272,73.42767295597484,6.446540880503145,15.723270440251572,4.559748427672956,0.0,14.937106918238994,64.07232704402516,20.99056603773585,49.528301886792455,29.87421383647799,19.654088050314467,50.471698113207545,0.6289308176100629,1.8867924528301887,46.38364779874214,0.6289308176100629,68.08176100628931,66.19496855345912,0.7861635220125787,0.2358490566037736,31.91823899371069,0.0,66.98113207547169,31.761006289308177,66.98113207547169,0.4716981132075472,72.562893081761,3.852201257861635,0.15723270440251572,3.6949685534591197,43.632075471698116,4.323899371069182,47.9559748427673,94.26100628930817,2.20125786163522,0.07861635220125786,2.5943396226415096,0.550314465408805,12.971698113207546,82.78301886792453,0.0,0.0,79.16666666666667,1.179245283018868,0.07861635220125786,19.339622641509433,70.12578616352201,23.11320754716981,0.7861635220125787,0.0,26.336477987421382,56.839622641509436,85.29874213836477,,,,,0.2358490566037736,14.465408805031446,5.031446540880503,28.30188679245283,,,,,,1.4150943396226414,77.35849056603773,43.23899371069182,4.716981132075472,28.38050314465409,47.24842767295598,4.952830188679245,12.342767295597485,0.7861635220125787,1.10062893081761,41.82389937106918,,,,,,,,,,,3.328402366863905,3.914308,1272,3.914308,1272,2.3960538,2078.0,1.4282845,3486.0
021401,6996,61.86392224128073,5.917667238421956,2.4156660949113777,0.6289308176100629,0.11435105774728416,26.043453401943967,51.02915951972556,22.927387078330476,47.94168096054889,29.959977129788452,17.981703830760434,52.05831903945111,16.052029731275013,8.533447684391081,22.31275014293882,1.043453401943968,72.36992567181247,69.48256146369354,0.17152658662092624,0.8576329331046312,27.630074328187536,0.0,44.93996569468268,53.716409376786736,45.15437392795884,1.10062893081761,72.4128073184677,20.797598627787306,13.936535162950257,6.861063464837049,28.01600914808462,13.979416809605489,30.588907947398514,80.431675242996,11.520869068038879,0.9433962264150944,3.8593481989708405,2.530017152658662,35.305889079473985,51.901086335048596,8.51915380217267,1.3865065751858205,89.9514008004574,4.817038307604346,2.2441395082904516,2.0011435105774726,46.58376214979989,37.95025728987993,7.361349342481418,0.10005717552887364,49.48542024013722,12.064036592338478,67.13836477987421,,,,,2.5157232704402515,9.33390508862207,5.245854774156661,16.1663807890223,,,,,,15.566037735849056,85.10577472841624,45.32590051457976,8.23327615780446,13.622069754145226,9.476843910806174,6.303602058319039,4.002287021154945,0.17152658662092624,2.615780445969125,52.45854774156661,,,,,,,,,,,0.9621993127147767,2.6768153,6996,2.6768153,6996,1.8916161,9900.0,1.3176893,14212.0
021402,5380,86.09665427509293,5.70631970260223,1.1895910780669146,0.16728624535315986,0.01858736059479554,40.687732342007436,50.66914498141264,8.643122676579926,48.438661710037174,26.617100371747213,21.821561338289964,51.561338289962826,30.24163568773234,3.3271375464684017,14.368029739776953,0.5018587360594795,86.87732342007435,86.04089219330855,0.29739776951672864,0.44609665427509293,13.12267657992565,0.0,63.141263940520446,35.31598513011152,63.56877323420074,1.0594795539033457,76.11524163568774,20.63197026022305,16.394052044609666,4.237918215613383,23.847583643122675,8.475836431226766,42.28624535315985,77.86245353159852,13.62453531598513,0.5762081784386617,5.817843866171004,0.8736059479553904,34.739776951672866,61.301115241635685,1.9516728624535316,0.6319702602230484,94.49814126394052,2.7695167286245352,1.171003717472119,1.003717472118959,31.28252788104089,43.605947955390334,3.866171003717472,0.40892193308550184,33.45724907063197,0.0,82.11895910780669,,,,,1.4684014869888475,10.16728624535316,4.869888475836431,20.50185873605948,,,,,,17.9182156133829,85.78066914498142,64.5724907063197,5.037174721189591,13.420074349442379,10.055762081784387,21.654275092936803,5.371747211895911,0.16728624535315986,0.7620817843866171,67.4907063197026,,,,,,,,,,,2.8576437587657786,3.1167285,5380,3.1167285,5380,2.0416412,8213.0,1.2417982,13503.0
021501,2270,41.8942731277533,3.700440528634361,20.792951541850222,4.889867841409692,0.04405286343612335,13.215859030837004,34.49339207048458,52.290748898678416,74.62555066079295,32.55506607929515,42.070484581497794,25.374449339207047,0.5286343612334802,9.47136563876652,63.03964757709251,1.5859030837004404,56.563876651982376,36.74008810572687,2.158590308370044,13.876651982378855,43.436123348017624,0.0,32.951541850220266,65.19823788546256,32.99559471365639,1.7180616740088106,77.79735682819383,26.6079295154185,22.422907488986784,4.185022026431718,49.38325991189427,15.947136563876652,5.682819383259912,79.2511013215859,10.837004405286343,0.44052863436123346,4.845814977973569,3.700440528634361,20.748898678414097,1.4096916299559472,67.66519823788546,4.229074889867841,53.56828193832599,0.7048458149779736,0.1762114537444934,38.590308370044056,60.881057268722465,19.427312775330396,3.5242290748898677,0.1762114537444934,44.22907488986784,43.392070484581495,18.766519823788546,,,,,0.4845814977973568,5.286343612334802,3.8766519823788546,29.73568281938326,,,,,,4.052863436123348,53.25991189427313,38.502202643171806,7.488986784140969,6.828193832599119,21.145374449339208,39.647577092511014,3.2158590308370045,15.154185022026432,0.748898678414097,34.62555066079295,,,,,,,,,,,2.3990860624523993,3.6731277,2270,3.6731277,2270,2.3540373,3542.0,1.7472758,4772.0
021502,2005,78.45386533665835,5.187032418952619,1.9950124688279303,1.2468827930174564,0.0,16.90773067331671,65.43640897755611,17.65586034912718,77.55610972568579,43.34164588528678,34.214463840399006,22.443890274314214,28.92768079800499,18.952618453865338,29.476309226932667,0.19950124688279303,66.98254364089776,59.15211970074813,1.8453865336658355,4.239401496259352,33.01745635910225,0.0,43.29177057356608,54.61346633416459,43.44139650872818,1.745635910224439,74.16458852867831,12.269326683291771,7.4812967581047385,4.788029925187033,53.566084788029926,12.418952618453865,16.55860349127182,77.95511221945137,10.27431421446384,0.9476309226932669,6.034912718204489,3.2418952618453867,24.688279301745634,2.8428927680798006,62.942643391521194,7.4812967581047385,60.249376558603494,1.2468827930174564,0.8478802992518704,36.209476309226936,58.30423940149626,33.16708229426434,3.3915211970074814,0.04987531172069826,40.99750623441396,41.99501246882793,19.40149625935162,,,,,0.8478802992518704,11.371571072319203,4.438902743142145,32.31920199501247,,,,,,26.433915211970074,58.00498753117207,54.214463840399006,10.473815461346634,8.129675810473815,15.660847880299253,42.094763092269325,8.428927680798004,13.017456359102244,1.6458852867830425,55.36159600997506,,,,,,,,,,,2.0522388059701493,4.096758,2005,4.096758,2005,2.489091,3300.0,1.8865411,4354.0
021601,3550,55.15492957746479,18.3943661971831,6.676056338028169,0.647887323943662,0.056338028169014086,13.352112676056338,54.33802816901409,32.309859154929576,13.943661971830986,9.380281690140846,4.563380281690141,86.05633802816901,3.23943661971831,1.5211267605633803,8.95774647887324,0.22535211267605634,54.985915492957744,51.66197183098591,1.323943661971831,0.7605633802816901,45.014084507042256,0.0,12.704225352112676,86.47887323943662,12.788732394366198,0.6197183098591549,73.40845070422536,9.464788732394366,0.30985915492957744,9.154929577464788,34.45070422535211,13.098591549295774,36.67605633802817,95.94366197183099,1.5774647887323943,0.028169014084507043,1.8028169014084507,0.4507042253521127,3.8309859154929575,84.36619718309859,5.52112676056338,0.19718309859154928,72.92957746478874,0.22535211267605634,0.028169014084507043,26.676056338028168,85.69014084507042,5.830985915492958,0.08450704225352113,0.0,32.67605633802817,17.859154929577464,49.971830985915496,,,,,0.08450704225352113,5.211267605633803,3.6619718309859155,33.80281690140845,,,,,,3.267605633802817,55.63380281690141,28.112676056338028,2.056338028169014,3.436619718309859,11.211267605633802,4.056338028169014,1.6056338028169015,0.3380281690140845,0.14084507042253522,24.253521126760564,,,,,,,,,,,2.7863777089783284,3.6414084,3550,3.6414084,3550,2.6725242,4837.0,1.4834749,8714.0
021602,982,61.20162932790224,10.590631364562118,15.274949083503055,1.120162932790224,0.0,15.376782077393075,52.74949083503055,31.873727087576373,23.319755600814663,13.340122199592669,9.979633401221996,76.68024439918534,16.293279022403258,0.4073319755600815,6.313645621181263,0.3054989816700611,51.12016293279022,43.38085539714868,3.7678207739307537,0.4073319755600815,48.87983706720978,0.0,9.470468431771893,89.0020366598778,9.775967413441956,0.7128309572301426,77.69857433808554,23.421588594704684,0.6109979633401222,22.810590631364562,42.15885947046843,20.875763747454176,8.45213849287169,94.5010183299389,2.443991853360489,0.10183299389002037,2.240325865580448,0.6109979633401222,1.4256619144602851,71.07942973523421,0.814663951120163,0.10183299389002037,60.38696537678208,0.20366598778004075,0.0,39.0020366598778,89.0020366598778,3.6659877800407332,0.0,0.0,30.65173116089613,0.0,72.30142566191446,,,,,0.10183299389002037,2.240325865580448,3.1568228105906315,29.837067209775967,,,,,,9.775967413441956,67.00610997963341,23.014256619144604,3.1568228105906315,2.9531568228105907,28.615071283095723,3.7678207739307537,1.629327902240326,0.4073319755600815,0.10183299389002037,21.9959266802444,,,,,,,,,,,1.8433179723502304,3.323829,982,3.323829,982,2.5822785,1264.0,1.3924915,2344.0
021701,5144,60.05054432348367,7.8732503888024885,11.87791601866252,1.6524105754276828,0.33048211508553654,32.2706065318818,44.51788491446345,23.211508553654742,58.51477449455677,30.909797822706064,27.6049766718507,41.48522550544323,24.766718506998444,4.6850699844479005,28.6353032659409,0.4276827371695179,80.17107309486781,79.08242612752721,0.6220839813374806,0.15552099533437014,19.828926905132192,0.0,54.51010886469673,43.07931570762053,55.30715396578538,1.3413685847589425,86.04199066874028,29.89891135303266,21.014774494556764,8.884136858475895,63.588646967340594,2.6632970451010887,3.188180404354588,89.48289269051322,4.801710730948678,0.3110419906687403,3.6741835147744943,0.5248833592534993,22.02566096423017,76.5940902021773,0.0583203732503888,0.0,92.63219284603421,2.8576982892690515,1.594090202177294,2.274494556765163,37.67496111975117,34.817262830482115,1.3219284603421462,0.0583203732503888,19.051321928460343,37.38335925349922,86.76127527216174,,,,,0.8942457231726283,12.422239502332815,6.259720062208398,12.461119751166407,,,,,,14.696734059097977,82.97045101088646,52.99377916018663,7.5816485225505446,10.769828926905133,27.23561430793157,2.0023328149300155,10.847589424572318,9.389580093312597,2.468895800933126,56.473561430793154,,,,,,,,,,,9.121140142517815,2.8162909,5144,2.8162909,5144,1.6644071,8704.0,0.8927163,16228.0
021702,2467,49.41224158897446,12.119983785974869,17.146331576813942,2.391568706931496,0.040535062829347386,18.808269152817186,45.683015808674504,35.508715038508306,19.902715849209567,11.795703283340089,8.107012565869477,80.09728415079043,0.4864207539521686,2.432103769760843,16.700445885691124,0.2837454398054317,67.328739359546,66.51803810295905,0.040535062829347386,0.12160518848804215,32.671260640453994,0.0,30.887717875962707,67.69355492501013,31.00932306445075,0.8107012565869477,78.75962707742197,1.2160518848804216,0.2837454398054317,0.9323064450749898,76.8139440616133,6.282934738548844,14.754762869882448,93.39278475881638,2.2294284556141064,0.12160518848804215,3.040129712201054,0.40535062829347385,12.079448723145521,87.19092014592623,0.040535062829347386,0.0,97.32468585326308,0.7701661937576003,0.16214025131738954,1.6214025131738954,53.91163356303202,21.52411836238346,0.4864207539521686,0.0,26.99635184434536,0.0,85.69112282124037,,,,,0.5674908796108634,14.10620186461289,7.498986623429266,10.295905958654236,,,,,,2.026753141467369,82.2051074179165,30.806647750304013,3.4454803404945276,7.74219700040535,18.76773408998784,1.2565869477097689,10.417511147142278,15.727604377786786,0.40535062829347385,46.41264693960276,,,,,,,,,,,7.908250599109894,2.4089987,2467,2.4089987,2467,1.5222849,3904.0,0.89773417,6620.0
021703,1295,58.68725868725869,6.177606177606178,11.11969111969112,1.0810810810810811,0.0,16.756756756756758,47.567567567567565,35.67567567567568,15.28957528957529,7.722007722007722,7.5675675675675675,84.7104247104247,0.23166023166023167,2.1621621621621623,12.664092664092664,0.23166023166023167,61.6988416988417,59.84555984555985,0.15444015444015444,0.07722007722007722,38.3011583011583,0.0,27.413127413127413,71.96911196911196,27.7992277992278,0.23166023166023167,78.84169884169884,0.694980694980695,0.15444015444015444,0.5405405405405406,76.83397683397683,6.640926640926641,13.745173745173744,94.28571428571429,1.6988416988416988,0.07722007722007722,2.393822393822394,1.0810810810810811,12.895752895752896,85.55984555984556,0.0,0.0,96.98841698841699,0.694980694980695,0.6177606177606177,1.6216216216216217,66.33204633204633,18.687258687258687,0.3088803088803089,0.0,17.83783783783784,47.567567567567565,84.47876447876448,,,,,0.6177606177606177,3.088803088803089,3.7837837837837838,34.67181467181467,,,,,,0.8494208494208494,81.85328185328186,33.43629343629344,2.9343629343629343,9.961389961389962,33.745173745173744,0.8494208494208494,5.405405405405405,6.332046332046332,0.46332046332046334,29.72972972972973,,,,,,,,,,,0.5359877488514548,4.822394,1295,4.822394,1295,2.5795126,2421.0,1.6499339,3785.0
021801,2828,6.789250353606789,5.127298444130127,81.4002828854314,21.782178217821784,0.03536067892503536,4.172560113154173,7.602545968882603,88.22489391796323,15.700141442715701,7.5318246110325315,8.168316831683168,84.2998585572843,0.03536067892503536,0.31824611032531824,15.063649222065063,0.2828854314002829,44.13012729844413,39.14427157001415,0.03536067892503536,0.10608203677510608,55.86987270155587,0.0,19.943422913719942,79.03111739745403,20.43847241867044,0.38896746817538896,54.98585572842999,0.2828854314002829,0.0,0.2828854314002829,62.02263083451202,10.113154172560114,26.555869872701557,98.05516265912306,0.49504950495049505,0.0,0.9547383309759547,0.4243281471004243,4.0311173974540315,95.54455445544555,0.07072135785007072,0.0,46.039603960396036,0.21216407355021216,0.07072135785007072,53.5007072135785,87.58840169731259,10.466760961810467,0.21216407355021216,0.0,47.94908062234795,0.0,88.15417256011315,,,,,0.24752475247524752,11.775106082036775,4.3493635077793495,27.015558698727016,,,,,,0.1768033946251768,78.88967468175389,13.507779349363508,0.8486562942008486,9.264497878359265,64.81612446958981,14.851485148514852,7.637906647807638,0.1768033946251768,0.14144271570014144,26.202263083451204,,,,,,,,,,,2.5662482566248257,3.1149223,2828,3.1149223,2828,2.5247922,3489.0,1.6163303,5450.0
021802,2429,0.49403046521202143,2.5113215314944424,92.17785096747633,51.50267599835323,0.0,0.7822149032523672,2.058460271716756,97.15932482503088,44.87443392342528,11.362700699876493,33.51173322354879,55.12556607657472,0.16467682173734047,1.9349526554137506,42.692466035405516,0.08233841086867023,49.89707698641416,47.015232606010706,0.08233841086867023,0.20584602717167558,50.10292301358584,0.0,18.690819267188143,80.97982708933718,18.773157678056812,0.20584602717167558,50.80279950596953,0.37052284890901604,0.04116920543433512,0.32935364347468093,72.70481679703582,16.26183614656237,8.480856319473034,96.58295594895019,0.41169205434335115,0.0,1.4820913956360642,1.029230135858378,5.475504322766571,93.2070811033347,0.0,0.0,40.13997529847674,0.2881844380403458,0.20584602717167558,58.46027171675587,86.24948538493207,9.962947715109099,0.32935364347468093,0.0,50.7616303005352,0.0,91.80732811856731,,,,,0.2881844380403458,10.45697818032112,5.187319884726225,24.78386167146974,,,,,,0.16467682173734047,80.97982708933718,19.88472622478386,1.8937834499794155,13.791683820502264,79.0037052284891,23.507616303005353,4.734458624948538,0.37052284890901604,0.20584602717167558,36.18773157678057,,,,,,,,,,,5.72851805728518,2.8760808,2429,2.8760808,2429,2.3333333,2994.0,1.474773,4737.0
021803,769,0.0,0.13003901170351106,53.05591677503251,5.721716514954486,0.0,0.39011703511053314,0.26007802340702213,99.34980494148245,4.551365409622887,2.4707412223667102,2.080624187256177,95.44863459037711,0.0,0.13003901170351106,3.9011703511053315,0.5201560468140443,58.777633289986994,58.387516254876466,0.26007802340702213,0.13003901170351106,41.222366710013006,0.0,11.573472041612483,88.42652795838751,11.573472041612483,0.0,62.158647594278285,0.26007802340702213,0.0,0.26007802340702213,52.145643693107935,7.802340702210663,38.491547464239275,95.83875162548765,0.13003901170351106,0.0,1.3003901170351104,2.080624187256177,4.9414824447334205,94.66840052015604,0.0,0.0,37.32119635890767,0.26007802340702213,0.13003901170351106,62.288686605981795,92.06762028608583,4.551365409622887,0.0,0.0,60.20806241872562,0.0,87.51625487646294,,,,,0.0,11.31339401820546,6.24187256176853,20.286085825747723,,,,,,0.0,84.00520156046814,8.58257477243173,1.5604681404421326,9.492847854356308,57.47724317295189,3.5110533159947983,10.533159947984394,0.5201560468140443,0.26007802340702213,34.46033810143043,,,,,,,,,,,5.414746543778802,2.6007802,769,2.6007802,769,2.2075055,906.0,1.5278839,1309.0
021901,1830,26.39344262295082,20.327868852459016,40.38251366120219,19.07103825136612,0.1092896174863388,6.502732240437158,34.37158469945355,59.12568306010929,59.01639344262295,18.19672131147541,40.81967213114754,40.98360655737705,2.185792349726776,3.442622950819672,52.513661202185794,0.8743169398907104,41.85792349726776,28.25136612021858,3.442622950819672,0.0546448087431694,58.14207650273224,0.0,13.989071038251366,84.37158469945355,14.918032786885245,0.4918032786885246,74.86338797814207,3.387978142076503,0.3825136612021858,3.0054644808743167,64.42622950819673,15.737704918032787,14.371584699453551,95.84699453551913,1.366120218579235,0.0546448087431694,1.7486338797814207,0.7103825136612022,3.879781420765027,93.82513661202186,0.0546448087431694,0.0,58.08743169398907,5.956284153005464,0.1092896174863388,33.71584699453552,73.71584699453553,24.207650273224044,0.16393442622950818,0.0546448087431694,36.557377049180324,0.0,85.57377049180327,,,,,2.1311475409836067,14.316939890710383,6.229508196721311,16.885245901639344,,,,,,2.568306010928962,85.35519125683061,6.666666666666667,1.0382513661202186,5.51912568306011,60.0,6.448087431693989,4.316939890710382,0.1092896174863388,0.2185792349726776,17.3224043715847,,,,,,,,,,,7.256894049346879,2.4857924,1830,2.4857924,1830,2.0280874,2243.0,1.1383884,3996.0
021902,736,38.31521739130435,19.157608695652176,27.717391304347824,3.125,0.1358695652173913,13.179347826086957,32.880434782608695,53.94021739130435,56.38586956521739,16.304347826086957,40.08152173913044,43.61413043478261,0.2717391304347826,0.6793478260869565,55.02717391304348,0.4076086956521739,54.07608695652174,50.81521739130435,1.0869565217391304,0.0,45.92391304347826,0.0,27.03804347826087,71.875,27.17391304347826,0.8152173913043478,67.1195652173913,5.570652173913044,0.2717391304347826,5.298913043478261,60.59782608695652,19.02173913043478,11.820652173913043,94.02173913043478,2.5815217391304346,0.0,1.766304347826087,0.9510869565217391,1.4945652173913044,94.42934782608695,0.0,0.0,53.94021739130435,0.2717391304347826,0.0,45.380434782608695,91.9836956521739,6.114130434782608,0.1358695652173913,0.0,33.96739130434783,0.0,72.82608695652173,,,,,0.2717391304347826,3.125,3.125,42.79891304347826,,,,,,0.2717391304347826,87.63586956521739,12.63586956521739,1.766304347826087,4.3478260869565215,58.28804347826087,8.28804347826087,1.9021739130434783,0.4076086956521739,0.1358695652173913,11.005434782608695,,,,,,,,,,,,3.8858695,736,3.8858695,736,3.1672204,903.0,1.7417784,1642.0
022001,17021,59.86134774690089,5.457963691909994,3.2019270313142587,0.3583808236883849,0.0763762411139181,23.50038188120557,47.917278655778155,28.582339463016275,60.38423124375771,34.692438752129725,25.69179249162799,39.61576875624229,19.92244873979202,4.6413254215381,35.514952117971916,0.3055049644556724,60.03172551553963,56.59479466541331,1.8095294048528288,0.6227601198519476,39.96827448446037,0.0,31.59626343928089,66.6705833969802,31.872392926385054,1.363022149109923,73.67369719757946,26.020797837964867,20.445332236648845,5.575465601316021,23.37700487632924,26.40267904353446,13.365842194935668,85.52963985664768,9.088772692556255,1.0457669937136478,2.2560366605957345,1.2866459079960049,23.106750484695375,47.72340050525821,23.53563245402738,3.877563010398919,89.38957758063569,1.3571470536396217,3.354679513542095,5.281710827800952,64.1854180130427,28.48833793549145,3.219552317725163,0.052875859232712534,51.18383173726573,26.20292579754421,46.607132365900945,,,,,1.8624052640855413,8.14288232183773,4.036190588097057,19.475941484049116,,,,,,12.461077492509252,85.03025674167205,35.332824158392576,7.355619528817344,16.21526349803184,10.951177956641795,4.523823512132072,6.762234886316903,0.26437929616356265,2.7025439163386404,42.341813054462136,,,,,,,,,,,0.7875800328630518,2.8899007,17021,2.8899007,17021,1.9934752,24675.0,1.4719313,33418.0
022002,4210,41.33016627078385,1.0213776722090262,7.1258907363420425,1.1163895486935866,0.023752969121140142,5.368171021377672,37.933491686460805,56.69833729216152,39.90498812351544,30.807600950118765,9.097387173396674,60.09501187648456,4.489311163895487,6.6270783847981,28.50356294536817,0.2850356294536817,46.46080760095012,42.92161520190024,0.7600950118764845,0.6413301662707839,53.53919239904988,0.0,27.529691211401424,71.40142517814726,27.648456057007127,0.9026128266033254,62.73159144893112,2.0665083135391926,0.665083135391924,1.4014251781472684,47.52969121140143,24.014251781472684,15.724465558194774,91.97149643705463,3.0878859857482186,0.26128266033254155,2.7315914489311166,1.0213776722090262,14.133016627078385,10.950118764845605,57.695961995249405,13.206650831353919,66.55581947743468,1.2114014251781473,0.40380047505938244,29.73871733966746,79.19239904988123,17.149643705463184,0.6413301662707839,0.023752969121140142,64.39429928741093,0.0,15.415676959619953,,,,,0.7125890736342043,5.178147268408551,3.3016627078384797,16.128266033254157,,,,,,6.912114014251782,80.26128266033254,29.69121140142518,4.133016627078385,15.439429928741093,10.14251781472684,11.78147268408551,10.475059382422803,2.4703087885985746,0.7125890736342043,29.121140142517813,,,,,,,,,,,0.6825938566552902,2.5845606,4210,2.5845606,4210,1.9651436,5537.0,1.4983475,7262.0
030101,177376,60.818825545733354,4.33936947501353,5.951763485477178,5.4432392206386435,28.168974382103553,60.097194659931446,14.417395814540862,25.485409525527693,86.9644145769439,54.19109687894642,32.77331769799748,13.035585423056107,63.38230651271874,8.836031932166696,14.568487281255639,0.17758885080281436,96.05132599675267,95.74970683745265,0.018040772145047807,0.16856846473029047,3.948674003247339,14.056580371639907,81.11864062781888,2.3712339888147214,95.58564856575862,1.9805385170485297,78.69610319321667,89.87969060075771,61.17005682843226,28.709633772325457,7.071418906729208,0.4267770160562872,2.1744768176077938,57.861830236334114,25.40422605087498,6.6108154429009565,7.320607071982681,1.2239536352155873,80.96754916110409,17.3777737687173,0.1307955980515966,0.0281887064766372,58.69621594804258,28.689337903662278,10.800220999458777,0.1804077214504781,6.495805520476276,50.46173101208732,32.1058091286307,2.825635937218113,27.115280534006857,100.0,86.66786938480966,,,,,11.022348006494678,14.92648385350893,4.301596608334837,13.117332671838355,,,,,,45.90305340068555,80.74880479884538,87.09746527151363,39.08251398159841,32.34823200432979,40.32225329244092,12.244610319321668,2.786735522280354,0.2728666786938481,17.758321306151903,84.30678333032654,,,,,,,,,,,4.484316417054232,3.5020747,177376,3.5020747,177376,1.6492165,376654.0,1.2056113,515244.0
030201,6499,60.36313278965995,10.170795507001078,3.5082320356978,1.1078627481150947,0.10770887828896754,49.9153715956301,19.69533774426835,30.389290660101555,45.083859055239266,28.912140329281428,16.171718725957838,54.916140944760734,32.3742114171411,2.231112478842899,10.416987228804432,0.06154793045083859,61.440221572549625,55.70087705800893,3.92368056624096,0.5385443914448377,38.559778427450375,0.0,39.63686721034005,59.0090783197415,39.77535005385444,1.1847976611786428,69.79535313125096,33.805200800123096,29.896907216494846,3.9082935836282506,10.786274811509463,4.016002461917218,46.19172180335436,81.10478535159255,12.648099707647331,1.4463763655947068,3.354362209570703,1.1078627481150947,28.29666102477304,67.51807970456993,0.20003077396522542,0.20003077396522542,28.219726111709495,44.206801046314816,1.0617018002769656,25.588552084936143,58.73211263271273,30.727804277581168,6.924142175719341,0.12309586090167718,25.34236036313279,35.113094322203416,72.65733189721496,,,,,0.6462532697338051,14.279119864594554,4.477611940298507,23.311278658255116,,,,,,21.649484536082475,85.10540083089707,41.11401754116018,8.801354054469918,9.816894906908756,42.12955839359901,6.493306662563471,1.3848284351438682,0.21541775657793508,1.3694414525311587,41.82181874134482,,,,,,,,,,,8.508615567439097,3.5470073,6499,3.5470073,6499,2.0960174,10998.0,1.2927321,17832.0
030202,1537,61.938841899804814,6.441119063109954,0.715679895901106,0.0,0.0,28.0416395575797,43.005855562784646,28.952504879635654,40.533506831489916,15.744957709824334,24.788549121665582,59.466493168510084,0.1951854261548471,8.588158750813273,31.62003903708523,0.13012361743656473,54.45673389720234,42.02992843201041,11.060507482108003,0.5855562784645413,45.54326610279766,0.0,29.342875731945348,70.13662979830839,29.40793754066363,0.4554326610279766,74.23552374756018,30.253741054001303,28.497072218607677,1.756668835393624,18.607677293428758,3.318152244632401,42.02992843201041,85.81652569941444,8.458035133376708,0.715679895901106,2.7325959661678594,1.756668835393624,5.985686402081978,90.37085230969421,0.32530904359141183,0.4554326610279766,17.89199739752765,48.47104749512037,0.06506180871828236,31.815224463240078,64.41119063109954,24.918672739102146,1.431359791802212,0.0,20.234222511385816,35.393623942745606,74.36564736499675,,,,,0.3903708523096942,7.482108002602472,3.1229668184775536,30.904359141184123,,,,,,3.318152244632401,81.32726089785297,33.37670787247885,6.766428106701366,7.677293428757319,38.12621990891347,20.559531554977227,0.7807417046193884,0.715679895901106,0.4554326610279766,39.75276512687053,,,,,,,,,,,6.787330316742081,4.420299,1537,4.420299,1537,2.5172286,2699.0,1.5114572,4495.0
030203,1434,62.34309623430963,12.761506276150628,3.4170153417015343,2.4407252440725244,0.0697350069735007,40.4463040446304,36.19246861924686,23.361227336122734,52.51046025104603,20.432357043235704,32.07810320781032,47.48953974895397,0.697350069735007,6.624825662482566,44.97907949790795,0.20920502092050208,75.87168758716876,72.24546722454673,2.6499302649930265,0.4881450488145049,24.128312412831242,0.0,42.74755927475593,55.92747559274756,43.02649930264993,0.9065550906555091,56.90376569037657,30.82287308228731,27.615062761506277,3.2078103207810322,34.449093444909344,2.510460251046025,30.613668061366806,74.75592747559274,14.99302649930265,0.6276150627615062,5.160390516039052,3.905160390516039,25.94142259414226,73.22175732217573,0.1394700139470014,0.1394700139470014,30.613668061366806,58.99581589958159,1.6736401673640167,7.810320781032078,44.63040446304045,45.81589958158996,6.97350069735007,0.0697350069735007,29.428172942817294,0.0,84.44909344490935,,,,,0.41841004184100417,17.15481171548117,4.393305439330544,27.545327754532774,,,,,,2.99860529986053,75.17433751743376,59.274755927475596,6.97350069735007,16.94560669456067,41.14365411436541,26.429567642956766,2.092050209205021,0.41841004184100417,0.9762900976290098,61.50627615062761,,,,,,,,,,,6.902086677367576,3.8960948,1434,3.8960948,1434,2.3201828,2408.0,1.5047132,3713.0
030301,7347,33.033891384238466,26.25561453654553,6.22022594256159,0.32666394446712943,0.054443990744521574,18.946508779093506,32.68000544439907,48.373485776507415,15.366816387641213,9.160201442765755,6.20661494487546,84.63318361235879,6.764665850006805,1.4291547570436913,6.478834898598067,0.69416088199265,47.93793385055125,44.902681366544165,0.8711038519123452,0.47638491901456376,52.06206614944875,0.0,26.459779501837485,72.75078263236695,26.677555464815573,0.5036069143868246,70.99496393085613,9.759085340955492,8.34354158159793,1.4155437593575608,41.731318905675785,4.8182931808901595,41.96270586634,86.08956036477474,5.730230025860895,0.5308289097590854,3.552470396080033,3.7974683544303796,5.771063018919286,91.08479651558459,0.2722199537226079,0.24499795835034707,59.2486729277256,1.1705458010072138,0.16333197223356472,38.995508370763574,81.93820607050496,10.3443582414591,1.3747107662991698,0.04083299305839118,36.46386280114332,0.0,39.79855723424527,,,,,0.3538859398393902,8.289097590853409,3.729413365999728,26.092282564311965,,,,,,4.723016197087246,76.6707499659725,27.970600244997957,3.988022322036205,6.097726963386417,14.713488498706955,14.237103579692391,1.8238736899414727,0.1769429699196951,0.5308289097590854,34.27249217367633,,,,,,,,,,,9.372761690371432,3.1838846,7347,3.1838846,7347,2.3119195,10118.0,1.4247776,16418.0
030302,3936,30.360772357723576,18.47052845528455,6.529471544715447,0.2540650406504065,0.0,13.033536585365853,31.98678861788618,54.979674796747965,30.005081300813007,20.807926829268293,9.197154471544716,69.994918699187,3.125,2.057926829268293,24.3140243902439,0.508130081300813,45.65548780487805,39.9390243902439,2.2103658536585367,0.6351626016260162,54.34451219512195,0.0,16.81910569105691,82.21544715447155,16.895325203252032,0.6859756097560976,74.28861788617886,5.132113821138211,2.4898373983739837,2.6422764227642275,56.65650406504065,7.901422764227642,28.023373983739837,95.29979674796748,1.6768292682926829,0.07621951219512195,1.4227642276422765,1.2449186991869918,6.65650406504065,89.02439024390245,0.0508130081300813,0.12703252032520326,67.07317073170732,2.540650406504065,0.0508130081300813,29.369918699186993,89.15142276422765,7.317073170731708,1.2449186991869918,0.1016260162601626,26.473577235772357,0.0,35.56910569105691,,,,,0.2540650406504065,11.941056910569106,6.0721544715447155,23.526422764227643,,,,,,3.201219512195122,69.89329268292683,17.60670731707317,1.2703252032520325,6.6310975609756095,17.225609756097562,1.600609756097561,0.584349593495935,0.22865853658536586,0.2540650406504065,27.66768292682927,,,,,,,,,,,10.69767441860465,3.2319615,3936,3.2319615,3936,2.1641715,5878.0,1.2241147,10392.0
030303,4920,18.556910569105693,14.227642276422765,11.300813008130081,0.6504065040650406,0.06097560975609756,6.951219512195122,34.979674796747965,58.06910569105691,27.398373983739837,18.272357723577237,9.126016260162602,72.60162601626017,0.22357723577235772,1.5447154471544715,25.182926829268293,0.44715447154471544,50.24390243902439,21.54471544715447,25.853658536585368,0.6097560975609756,49.75609756097561,0.0,11.178861788617887,88.15040650406505,11.361788617886178,0.26422764227642276,70.60975609756098,0.6910569105691057,0.26422764227642276,0.4268292682926829,67.76422764227642,5.813008130081301,23.028455284552845,94.41056910569105,1.3414634146341464,0.14227642276422764,2.2764227642276422,1.6260162601626016,3.434959349593496,73.82113821138212,6.991869918699187,7.703252032520325,26.93089430894309,0.8333333333333334,0.14227642276422764,71.17886178861788,92.64227642276423,4.573170731707317,1.443089430894309,0.08130081300813008,34.22764227642276,0.0,52.09349593495935,,,,,0.06097560975609756,10.56910569105691,4.959349593495935,31.178861788617887,,,,,,1.1178861788617886,64.65447154471545,17.5609756097561,1.0365853658536586,7.0528455284552845,15.447154471544716,11.727642276422765,4.878048780487805,0.4268292682926829,0.16260162601626016,18.983739837398375,,,,,,,,,,,3.434236147990795,3.5682926,4920,3.5682926,4920,2.5981944,6757.0,1.4886798,11793.0
030401,2593,68.83918241419205,7.635942923254917,4.126494408021596,3.3937524103355186,0.2699575780948708,63.97994600848438,14.19205553413035,21.827998457385267,45.96991901272657,37.40840725028924,8.56151176243733,54.03008098727343,31.160817585807944,4.627844195912071,10.104126494408021,0.07713073659853452,71.03740840725028,70.45892788276129,0.15426147319706904,0.15426147319706904,28.96259159274971,0.0,50.67489394523718,47.85962205939067,50.79059005013498,1.3112225221750868,72.15580408792904,26.84149633629001,24.103355187042037,2.7381411492479755,24.29618202853837,3.0080987273428463,43.81025838796761,85.73081372927112,5.283455456999614,0.5784805244890089,4.8978017740069415,2.4296182028538373,29.695333590435787,68.37639799460085,0.11569610489780177,0.07713073659853452,45.96991901272657,30.736598534516006,3.5480138835325876,18.70420362514462,52.564596991901276,37.40840725028924,7.327419976860779,0.19282684149633628,19.93829541072117,41.804859236405704,77.86347859622059,,,,,0.7713073659853451,22.75356729656768,5.244890088700347,11.878133436174316,,,,,,29.23254917084458,74.97107597377556,53.02738141149248,12.880833011955264,18.74276899344389,46.77979174701118,8.291554184342461,6.286155032780563,0.07713073659853452,2.2753567296567683,52.21750867720787,,,,,,,,,,,9.107981220657276,3.0127265,2593,3.0127265,2593,1.5396137,5074.0,0.9652786,8093.0
030402,2636,41.198786039453715,11.949924127465858,2.8072837632776935,0.834597875569044,0.03793626707132018,25.872534142640365,29.81790591805766,44.30955993930197,20.561456752655538,15.098634294385432,5.462822458270106,79.43854324734446,12.329286798179059,0.9104704097116844,7.094081942336874,0.2276176024279211,51.93474962063733,41.42640364188164,8.649468892261002,0.9104704097116844,48.06525037936267,0.0,20.523520485584218,77.84522003034901,20.8649468892261,1.251896813353566,75.45523520485584,14.377845220030348,11.949924127465858,2.4279210925644916,20.295902883156298,6.7526555386949925,54.81790591805766,94.65098634294385,1.8588770864946889,0.15174506828528073,1.8588770864946889,0.9863429438543247,18.361153262518968,78.11077389984825,0.0,0.0,53.3763277693475,14.226100151745069,0.37936267071320184,31.525037936267072,64.15022761760243,32.928679817905916,1.4036418816388467,0.0,23.330804248861913,0.0,80.50075872534143,,,,,0.5311077389984825,11.191198786039454,4.400606980273142,14.833080424886191,,,,,,9.522003034901365,61.49468892261002,16.9195751138088,2.04855842185129,7.018209408194234,19.195751138088013,3.2625189681335356,1.5174506828528074,0.03793626707132018,0.34142640364188165,25.03793626707132,,,,,,,,,,,9.60686600221484,2.7166162,2636,2.7166162,2636,1.8147491,3946.0,1.0483092,6831.0
030403,5532,37.70788141720897,15.184381778741866,7.321041214750542,5.22415039768619,34.59869848156182,40.29284164859002,17.082429501084597,42.62472885032538,49.493853940708604,32.71872740419378,16.775126536514822,50.506146059291396,6.236442516268981,9.45408532176428,33.44179320318149,0.3615328994938539,75.92190889370933,74.78308026030369,0.19884309472161968,0.32537960954446854,24.07809110629067,0.09038322487346348,64.13593637020969,32.971800433839476,64.3709327548807,2.4945770065075923,64.8770788141721,4.772234273318872,2.5488069414316703,2.2234273318872018,70.7881417208966,4.934924078091107,17.96818510484454,88.57556037599421,3.6153289949385394,0.23499638467100506,4.5733911785972525,2.0426608821402747,59.237165582067966,36.044830079537235,0.16268980477223427,0.596529284164859,57.75488069414317,26.33767172812726,5.856832971800434,4.844540853217643,39.58785249457701,45.751988430947215,10.592913955169921,0.3796095444685466,34.6529284164859,20.860448300795372,62.83441793203181,,,,,0.7049891540130152,20.119305856832973,5.441070137382502,15.744757772957339,,,,,,11.297903109182936,67.5524222704266,56.85104844540853,8.694866232827188,19.920462762111352,44.0708604483008,5.712219812002893,4.808387563268258,1.0122921185827911,1.7715112075198842,57.989877078814175,,,,,,,,,,,6.820221358061621,3.0988793,5532,3.0988793,5532,1.7309169,9904.0,1.1608993,14767.0
030404,1473,51.052274270196875,13.1704005431093,1.6972165648336728,0.20366598778004075,0.13577732518669383,24.915139171758316,39.850644942294636,35.234215885947044,28.241683638832313,21.31704005431093,6.924643584521385,71.75831636116769,5.634758995247793,3.530210454854039,18.873048200950443,0.20366598778004075,47.657841140529534,47.3183978275628,0.13577732518669383,0.0,52.342158859470466,0.0,16.76849966055669,81.39850644942295,17.040054310930074,1.561439239646979,75.35641547861508,7.264086897488119,6.992532247114732,0.27155465037338766,31.70400543109301,6.313645621181263,50.10183299389002,93.14324507807196,2.919212491513917,0.06788866259334692,2.3761031907671417,1.0183299389002036,7.535641547861507,89.47725729803123,0.0,0.06788866259334692,47.25050916496945,9.164969450101832,0.5431093007467753,41.14052953156823,84.58927359131025,14.528173794976238,0.7467752885268161,0.0,27.427019687712153,0.0,78.75084860828241,,,,,0.06788866259334692,18.940936863543786,3.869653767820774,17.78682959945689,,,,,,6.109979633401222,61.57501697216565,22.267481330617787,2.104548540393754,6.6530889341479975,29.87101154107264,1.4256619144602851,0.4073319755600815,0.0,0.0,26.13713509843856,,,,,,,,,,,10.526315789473685,2.9348269,1473,2.9348269,1473,1.9525745,2214.0,1.1543391,3745.0
030501,3144,63.80407124681934,16.28498727735369,8.555979643765903,7.315521628498728,3.0852417302798982,58.01526717557252,25.986005089058523,15.998727735368957,55.59796437659033,43.44783715012723,12.150127226463104,44.40203562340967,26.017811704834607,4.230279898218829,25.15903307888041,0.19083969465648856,83.17430025445293,82.8880407124682,0.0,0.15903307888040713,16.825699745547073,0.0,63.454198473282446,34.70101781170484,63.64503816793893,1.5903307888040712,82.8562340966921,25.826972010178118,23.091603053435115,2.7353689567430024,27.989821882951652,4.707379134860051,39.599236641221374,90.7442748091603,3.880407124681934,0.41348600508905853,3.9122137404580153,0.5407124681933843,19.751908396946565,76.84478371501272,0.031806615776081425,0.0,29.421119592875318,51.908396946564885,4.198473282442748,12.786259541984732,48.18702290076336,44.847328244274806,4.325699745547074,0.19083969465648856,15.680661577608143,33.30152671755725,82.31552162849873,,,,,0.2544529262086514,21.02417302798982,4.548346055979644,11.036895674300254,,,,,,24.173027989821882,80.9796437659033,64.24936386768448,13.16793893129771,20.006361323155215,50.19083969465649,9.573791348600508,3.5623409669211195,0.3816793893129771,1.8129770992366412,59.4147582697201,,,,,,,,,,,13.97922312556459,2.991094,3144,2.991094,3144,1.6064229,5854.0,0.9230467,10188.0
030502,3202,56.99562773266708,17.36414740787008,6.2460961898813245,0.49968769519050593,0.09369144284821987,22.98563397876327,49.71892567145534,27.295440349781387,26.077451592754528,18.519675202998126,7.557776389756402,73.92254840724547,4.34103685196752,1.8425983760149907,19.581511555277952,0.3123048094940662,65.49031855090568,63.49156777014366,0.18738288569643974,0.18738288569643974,34.509681449094316,0.0,23.39163023110556,75.73391630231106,23.485321673953777,0.7807620237351656,86.91442848219863,0.18738288569643974,0.12492192379762648,0.06246096189881324,57.30793254216115,3.966271080574641,37.50780762023735,96.78326046221112,1.1242973141786383,0.1561524047470331,1.1242973141786383,0.6246096189881324,4.465958775765147,90.50593379138039,0.12492192379762648,0.4684572142410993,35.79013116801999,28.54465958775765,0.655840099937539,34.69706433479075,87.91380387257963,10.618363522798251,0.5933791380387258,0.0,20.549656464709557,0.0,78.13866333541536,,,,,0.06246096189881324,16.55215490318551,3.841349156777014,12.679575265459087,,,,,,4.747033104309806,76.95190505933792,29.793878825733916,4.0911930043722675,10.024984384759525,43.62898188632105,3.216739537788882,4.840724547158026,9.306683322923172,0.3747657713928795,39.25671455340412,,,,,,,,,,,12.329896907216495,2.781699,3202,2.781699,3202,1.63102,5461.0,0.97036713,9179.0
030601,3303,33.42415985467757,20.04238570996064,5.812897366030881,0.15137753557372086,0.030275507114744173,9.14320314865274,39.60036330608538,51.256433545261885,16.076294277929154,11.020284589766879,5.056009688162277,83.92370572207085,0.21192854980320922,6.2367544656373,9.415682712685438,0.21192854980320922,41.0535876475931,33.30305782621859,3.0578262185891614,0.39358159249167424,58.9464123524069,0.0,10.74780502573418,88.16227671813503,10.95973357553739,0.8477141992128369,69.24008477141992,0.5752346351801393,0.42385709960641843,0.15137753557372086,33.00030275507115,6.085376930063578,58.038147138964575,94.97426581895246,2.149561005146836,0.060551014229488345,1.6651528913109295,0.877989706327581,4.147744474719952,92.31002119285498,0.060551014229488345,0.030275507114744173,59.18861640932486,8.628519527702089,0.39358159249167424,31.33514986376022,80.01816530426885,18.13502876173176,0.45413260672116257,0.12110202845897669,31.547078413563426,0.0,38.41961852861036,,,,,0.2724795640326976,5.419315773539207,4.511050560096882,25.007568876778684,,,,,,5.3284892521949745,59.06751438086588,16.530426884650318,1.7862549197699062,3.2092037541628824,13.866182258552831,1.5137753557372087,0.7266121707538601,0.24220405691795338,0.2724795640326976,23.160762942779293,,,,,,,,,,,9.523809523809524,3.1746898,3303,3.1746898,3303,2.2584536,4643.0,1.3342664,7859.0
030602,3337,56.847467785436024,24.99250824093497,2.5471980821096794,0.3296373988612526,0.2697033263410249,17.23104584956548,58.82529217860353,23.943661971830984,39.04704824692838,23.88372789931076,15.16332034761762,60.95295175307162,1.7680551393467185,4.79472580161822,32.21456397962242,0.2697033263410249,45.370092897812405,32.783937668564576,10.788133053640994,0.1498351813005694,54.629907102187595,0.0,6.832484267305963,92.74797722505244,6.892418339826191,0.3596044351213665,83.1285585855559,0.479472580161822,0.38957147138148035,0.08990110878034162,48.87623614024573,5.873539106982319,44.201378483667966,96.28408750374588,1.648186994306263,0.0,0.8390770152831885,1.1087803416242135,4.195385076415943,94.39616421935871,0.0,0.0,52.53221456397962,12.735990410548396,0.029967036260113874,34.10248726400959,79.08300869044052,18.579562481270603,0.38957147138148035,0.08990110878034162,23.614024572969733,0.0,56.188192987713514,,,,,0.239736290080911,6.562780940964939,3.566077314953551,20.88702427329937,,,,,,5.124363200479473,64.21935870542403,13.15552891818999,0.8990110878034162,2.906802517231046,16.15223254420138,1.0488462691039857,1.4983518130056936,0.08990110878034162,0.239736290080911,16.182199580461493,,,,,,,,,,,3.647336657045395,3.029967,3337,3.029967,3337,2.2018728,4592.0,1.2061315,8383.0
030701,5928,65.67139001349528,10.475708502024291,3.1713900134952766,0.2699055330634278,1.0964912280701755,40.57017543859649,37.58434547908232,21.845479082321187,55.634278002699055,37.51686909581647,18.11740890688259,44.365721997300945,23.532388663967613,5.465587044534413,26.298920377867745,0.33738191632928477,73.70107962213226,72.18286099865047,0.15182186234817813,0.23616734143049933,26.298920377867745,0.0,57.48987854251012,41.48110661268556,57.658569500674766,0.8434547908232118,67.66194331983806,37.36504723346829,32.23684210526316,5.128205128205129,40.67139001349528,3.3738191632928474,17.99932523616734,80.88731443994602,11.06612685560054,1.4676113360323886,4.116059379217274,1.703778677462888,41.07624831309042,55.26315789473684,0.16869095816464239,0.9615384615384616,67.52699055330635,12.027665317139002,6.545209176788124,13.157894736842104,41.16059379217274,49.07219973009447,8.04655870445344,0.286774628879892,23.616734143049932,43.18488529014845,65.50269905533064,,,,,0.2699055330634278,15.401484480431849,4.97638326585695,16.04251012145749,,,,,,18.657219973009447,75.2867746288799,55.97165991902834,10.121457489878543,16.649797570850204,31.663292847503374,12.381916329284751,3.120782726045884,0.25303643724696356,3.54251012145749,56.76450742240216,,,,,,,,,,,6.298634561738364,3.2356613,5928,3.2356613,5928,1.7897732,10717.0,1.1340309,16914.0
030702,2403,57.88597586350395,15.730337078651685,7.407407407407407,4.660840615896796,2.2888056595921764,48.272992093216814,31.627132750728258,20.09987515605493,49.27174365376612,37.910944652517685,11.36079900124844,50.72825634623388,14.024136496046609,3.1210986267166043,31.918435289221804,0.20807324178110695,70.53682896379526,69.2467748647524,0.3329171868497711,0.5826050769870995,29.463171036204745,0.0,38.035788597586354,60.17478152309613,38.160632542655016,1.4148980441115273,54.931335830212234,14.024136496046609,11.860174781523096,2.1639617145235124,59.84186433624636,3.5788597586350397,20.59925093632959,88.05659592176445,5.826050769870995,0.5409904286308781,3.3707865168539324,1.6229712858926342,29.671244277985853,66.58343736995423,0.16645859342488556,0.6658343736995422,47.60715771951727,43.02954640033292,2.2888056595921764,4.119850187265918,43.61215147732002,48.730753225135246,5.659592176446109,0.04161464835622139,24.344569288389515,0.0,68.70578443612152,,,,,0.4993757802746567,25.84269662921348,4.20307948397836,9.071993341656263,,,,,,12.692467748647523,65.54307116104869,43.903454015813566,5.493133583021224,19.22596754057428,33.37494798168955,5.285060341240117,3.28755722014149,0.4577611319184353,1.2484394506866416,47.19101123595506,,,,,,,,,,,6.357142857142857,2.6500208,2403,2.6500208,2403,1.4906367,4272.0,0.9819584,6485.0
030703,1083,54.93998153277931,14.219759926131117,0.9233610341643582,0.0,0.0,21.144967682363806,48.10710987996307,30.74792243767313,28.25484764542936,15.143120960295475,13.111726685133887,71.74515235457064,8.125577100646353,4.43213296398892,15.604801477377654,0.09233610341643583,52.908587257617725,52.16989843028624,0.36934441366574333,0.09233610341643583,47.091412742382275,0.0,21.883656509695292,77.65466297322253,21.97599261311173,0.2770083102493075,64.91228070175438,0.4616805170821791,0.36934441366574333,0.09233610341643583,50.046168051708214,4.616805170821792,44.69067405355494,87.71929824561404,6.832871652816251,1.569713758079409,2.21606648199446,1.2927054478301017,12.650046168051707,83.93351800554017,0.0,1.10803324099723,72.48384118190212,2.770083102493075,0.4616805170821791,23.4533702677747,56.9713758079409,38.41181902123731,1.9390581717451523,0.0,33.97968605724839,0.0,50.41551246537396,,,,,0.0,10.526315789473685,4.986149584487535,26.592797783933516,,,,,,5.355493998153278,67.7746999076639,33.795013850415515,1.2003693444136658,8.771929824561404,17.2668513388735,4.062788550323177,1.0156971375807942,0.36934441366574333,0.09233610341643583,33.795013850415515,,,,,,,,,,,6.6558441558441555,3.432133,1083,3.432133,1083,2.4199219,1536.0,1.5152874,2453.0
030801,5960,76.35906040268456,20.28523489932886,2.9194630872483223,2.3322147651006713,0.15100671140939598,69.34563758389261,24.07718120805369,6.577181208053691,77.76845637583892,60.20134228187919,17.56711409395973,22.231543624161073,36.47651006711409,4.177852348993288,36.92953020134228,0.18456375838926176,93.8758389261745,93.54026845637584,0.03355704697986577,0.2348993288590604,6.124161073825503,12.634228187919463,69.63087248322148,16.476510067114095,82.5,0.9899328859060402,80.18456375838926,51.67785234899329,44.17785234899329,7.5,28.37248322147651,2.902684563758389,15.687919463087248,80.63758389261746,8.825503355704697,1.4597315436241611,6.10738255033557,1.74496644295302,60.30201342281879,38.557046979865774,0.30201342281879195,0.2516778523489933,30.369127516778523,27.91946308724832,28.221476510067113,12.734899328859061,33.40604026845637,53.6744966442953,11.090604026845638,0.5201342281879194,18.42281879194631,49.27852348993289,69.81543624161074,,,,,0.6711409395973155,24.966442953020135,5.503355704697986,12.953020134228188,,,,,,30.016778523489933,78.22147651006712,80.31879194630872,21.325503355704697,26.375838926174495,58.691275167785236,10.687919463087248,9.412751677852349,0.4697986577181208,4.278523489932886,73.43959731543625,,,,,,,,,,,7.144894466628637,3.652349,5960,3.652349,5960,1.6797593,12959.0,1.1300421,19263.0
030802,2061,58.757884522076665,28.432799611838913,4.027171276079573,2.8626880155264436,0.38816108685104317,52.886948083454634,34.206695778748184,12.906356137797186,45.414847161572055,34.35225618631732,11.06259097525473,54.585152838427945,9.8981077147016,2.086365841824357,33.09073265405143,0.3396409509946628,87.14216399805919,86.60844250363901,0.14556040756914118,0.048520135856380396,12.857836001940806,0.0,45.414847161572055,53.66327025715672,45.56040756914119,0.6792819019893256,78.31149927219796,8.005822416302765,6.695778748180495,1.3100436681222707,40.12615235322659,3.881610868510432,44.395924308588064,87.77292576419214,3.6875303250849103,0.242600679281902,5.385735080058224,1.8922852983988354,22.076661814653082,76.2251334303736,0.09704027171276079,0.29112081513828236,25.181950509461426,31.004366812227076,6.744298884036875,36.05046094129064,59.58272683163513,36.43862202814168,2.814167879670063,0.048520135856380396,11.887433284813197,0.0,77.82629791363416,,,,,0.19408054342552158,17.515769044153323,6.453178068898593,12.954876273653566,,,,,,9.073265405143134,75.93401261523532,66.0844250363901,6.938379427462397,19.35953420669578,54.391072295002424,5.919456574478408,5.676855895196507,0.6792819019893256,1.4070839398350314,56.33187772925764,,,,,,,,,,,5.0711743772241995,3.4129064,2061,3.4129064,2061,1.696575,4146.0,1.0878441,6466.0
030803,1470,35.51020408163265,27.82312925170068,31.904761904761905,28.231292517006803,1.7687074829931972,57.2108843537415,26.122448979591837,16.666666666666668,73.60544217687075,50.06802721088435,23.537414965986393,26.39455782312925,18.639455782312925,15.170068027210885,38.97959183673469,0.8163265306122449,94.5578231292517,94.21768707482993,0.20408163265306123,0.0,5.442176870748299,4.761904761904762,77.27891156462584,17.142857142857142,82.17687074829932,0.6802721088435374,82.99319727891157,28.91156462585034,23.537414965986393,5.374149659863946,56.46258503401361,3.741496598639456,9.45578231292517,77.75510204081633,9.45578231292517,0.9523809523809523,5.442176870748299,4.965986394557823,65.71428571428571,33.80952380952381,0.1360544217687075,0.0,44.69387755102041,41.36054421768708,11.29251700680272,1.9727891156462585,22.789115646258505,53.74149659863946,19.523809523809526,0.6802721088435374,21.292517006802722,59.183673469387756,74.01360544217687,,,,,0.7482993197278912,33.945578231292515,4.557823129251701,13.877551020408163,,,,,,24.217687074829932,78.84353741496598,78.2312925170068,22.244897959183675,26.53061224489796,51.42857142857143,6.258503401360544,4.489795918367347,2.4489795918367347,7.414965986394558,78.43537414965986,,,,,,,,,,,10.566448801742919,3.489796,1470,3.489796,1470,1.6699219,3072.0,1.1551453,4441.0
030901,35931,70.79402187526091,8.544154073084522,13.383985973115138,12.415462970693829,4.427931312793966,64.05889065152654,27.728145612423813,8.21296373604965,89.18760958503799,53.01550193426289,36.1721076507751,10.81239041496201,59.8730900893379,11.018340708580334,18.12919206256436,0.16698672455539784,96.3569062926164,95.8670785672539,0.15863738832762794,0.14193871587208817,3.6430937073835965,13.770838551668476,79.0236842837661,5.769391333388995,93.00882246528067,1.1828226322674014,78.7231081795664,76.21830731123542,63.88077147866745,12.337535832567978,17.575352759455622,1.2301355375580976,4.419581976566196,59.194010742812615,24.02104032729398,5.911330049261084,7.970832985444324,1.619771228187359,77.55420110767861,21.123820656257827,0.12245693134062509,0.04452979321477276,59.4556232779494,28.39330939856948,9.57947176532799,1.7088308146169047,8.496841167793827,56.858979711112966,30.263560713589936,1.8702513150204558,25.899640978542205,95.04606050485653,83.65199966602655,,,,,4.519774011299435,14.987058528846957,4.589351813197517,16.342434109821603,,,,,,42.044474130973256,80.02003840694665,86.97781859675489,30.50290835211934,28.693885502769195,50.494002393476386,11.58052934791684,2.983496145389775,0.3284072249589491,9.576688653252067,82.11850491219282,,,,,,,,,,,4.1659198566124696,3.753277,35931,3.753277,35931,1.7927895,75223.0,1.3118069,102804.0
030902,11603,60.880806687925535,18.86581056623287,7.4635870033612,5.946737912608808,0.8101353098336637,45.43652503662846,38.826165646815475,15.737309316556063,66.50004309230371,41.92019305352064,24.579850038783075,33.49995690769629,12.022752736361285,17.762647591140222,36.378522795828665,0.33611996897354135,85.61578902008101,84.86598293544773,0.17236921485822632,0.28440920451607343,14.384210979918986,0.0,77.17831595277083,21.58924416099285,77.34206670688614,0.8359906920623976,70.11117814358356,19.856933551667673,15.763164698784797,4.093768852882875,57.45927777298974,3.2405412393346547,18.383176764629837,74.7134361802982,16.340601568559855,1.1979660432646728,5.093510299060588,1.7840213737826425,59.34672067568732,38.128070326639666,0.18098767560113763,0.163750754115315,62.854434198052225,23.49392398517625,8.109971559079549,4.5591657330000865,26.441437559251916,57.838490045677844,11.203998965784711,0.20684305782987158,29.578557269671638,32.56054468671895,71.05059036456089,,,,,0.7067137809187279,13.81539257088684,5.5330517969490645,20.391278117728174,,,,,,18.753770576575025,72.60191329828493,67.7755752822546,12.152029647504955,21.175558045333105,43.100922175299495,4.929759544945273,5.601999482892356,0.2671722830302508,3.0595535637335174,64.51779712143411,,,,,,,,,,,7.751309093590973,3.5274498,11603,3.5274498,11603,1.8947734,21601.0,1.3365008,30624.0
030903,13857,68.42029299271127,8.37843689110197,10.897019556902649,8.609367106877391,6.1268672872916214,58.786173053330444,29.41473623439417,11.799090712275385,84.91737028216785,49.72937865338818,35.18799162877968,15.082629717832143,32.68384210146496,23.728079670924444,28.28173486324601,0.22371364653243847,92.55971711048568,89.57205744389117,2.2587861730533305,0.3680450313920762,7.440282889514325,7.577397705130981,78.5667893483438,12.535180775059537,86.28851843833442,1.1185682326621924,79.21628058021217,79.60597531933318,66.2192393736018,13.386735945731399,14.635202424767266,1.652594356642852,3.052608789781338,60.70578047196363,22.429097207187702,4.293858699574223,7.4186331817853794,3.0886916359962475,66.32027134300354,28.91679295662842,1.3639315869235766,0.9020711553727359,52.7098217507397,33.41993216424912,5.145413870246085,7.476365735729234,14.252724254889225,53.92942195280364,27.444612831060113,0.6494912318683698,27.35079743090135,90.38752976834813,81.32351879916288,,,,,4.344374684275095,14.3032402395901,4.077361622284766,16.893988597820595,,,,,,34.05499025763152,80.54412932092083,81.273002814462,30.677635851915998,31.825070361550118,42.02208270188353,12.614563036732337,3.2474561593418487,0.2597964927473479,11.683625604387673,77.29667316157898,,,,,,,,,,,4.981215183313901,3.811792,13857,3.811792,13857,1.810268,29178.0,1.3382316,39470.0
030904,14312,64.26076020122974,15.036333147009502,9.572386808272778,7.69284516489659,4.213247624371157,47.023476802683064,37.877305757406376,15.099217439910564,72.7780883174958,43.264393515930685,29.51369480156512,27.221911682504192,23.399944102850753,19.179709334823922,29.50670765790945,0.6917272219116825,91.04946897708217,90.65120178870878,0.14673001676914477,0.09782001117942984,8.950531022917831,0.0,86.5217998882057,12.052822806036891,86.66852990497485,1.1948015651201789,69.1587479038569,49.406092789267746,41.23113471212968,8.174958077138067,38.54108440469536,2.4594745667970934,8.964505310229178,68.236444941308,19.431246506428174,2.878703186137507,6.67272219116825,1.7258244829513696,74.32224706539967,23.70737842370039,0.2305757406372275,0.18166573504751257,67.31414197875908,21.422582448295138,9.348798211291225,1.02012297372834,12.69564002235886,62.55589714924539,22.100335382895473,0.4262157629960872,31.539966461710453,78.81498043599777,76.91447736165456,,,,,3.256008943543879,11.731414197875909,4.352990497484628,17.824203465623253,,,,,,24.014812744550028,74.55980994969256,77.73197316936836,21.82084963666853,22.58244829513695,42.55869200670766,8.049189491335943,3.68921185019564,0.18166573504751257,6.162660704304081,74.7344885410844,,,,,,,,,,,5.980210265924551,3.5916712,14312,3.5916712,14312,1.8993497,27064.0,1.3837996,37147.0
030905,13514,75.7362734941542,5.557199940802131,17.433772384194167,16.397809678851562,1.1395589758768685,76.96462927334616,20.785851709338463,2.2495190173153765,94.85718514133491,58.23590350747373,36.62128163386118,5.142814858665088,71.8736125499482,10.75921266834394,12.03936658280302,0.18499334023975136,99.34882344235608,99.16383010211632,0.022199200828770166,0.1479946721918011,0.6511765576439248,15.613437916235016,80.77549208228504,2.042326476246855,96.66272014207489,1.2431552464111293,83.69098712446352,87.31685659316264,71.5850229391742,15.731833653988456,8.909279265946425,0.7029746929110552,1.8351339351783336,54.49903803463075,26.513245523161167,7.688323220364067,7.777120023679148,1.901731537664644,82.73642148882641,16.35341127719402,0.19239307384934143,0.022199200828770166,49.7040106556164,37.33905579399141,11.95796951309753,0.11839573775344088,5.364806866952789,48.40165754032855,40.59493858221104,1.5391445907947314,23.516353411277194,100.0,88.01243155246411,,,,,9.730649696610921,14.399881604262246,3.9366582803019092,13.793103448275861,,,,,,50.79917122983573,84.0683735385526,91.8898919638893,40.994524197128904,34.71215036258695,53.714666272014206,13.59331064081693,3.241083321000444,0.22199200828770163,14.577475210892407,87.56844753588871,,,,,,,,,,,4.673275338863038,3.7974694,13514,3.7974694,13514,1.7162397,29902.0,1.269581,40422.0
031001,47536,59.064708852238304,12.455822955233929,11.894143386065299,8.713396162908111,10.739229215752273,54.724840121171326,26.1317738135308,19.14338606529788,78.38901043419725,51.001346348030964,27.387664086166275,21.61098956580276,51.218024234264554,7.291316055200269,19.507320767418378,0.37234937731403567,90.84904072702794,90.12748232918209,0.09256142712891283,0.26926960619320095,9.150959272972063,9.771541568495456,75.77204644900706,12.897593402894648,85.77078424772803,1.2748232918209357,79.54813194210703,66.22980477953551,52.70321440592393,13.526590373611578,22.444042409962975,1.3884214069336924,8.997391450690003,68.35240659710536,17.346852911477615,4.030629417704477,7.415432514304948,1.5377818916189836,68.76682935038707,28.23964994951195,0.7510097610232245,0.18301918545944126,46.92233254796365,40.828004039044096,7.69522046449007,3.2712049814877147,17.994782901380006,47.53029283069674,29.01800740491417,1.0076573544261191,25.025244025580612,84.5506563446651,79.84264557388084,,,,,3.8307808818579603,14.82876135981151,4.375631100639516,14.069336923594749,,,,,,37.912319084483336,76.39473241332884,78.33010770784247,29.074806462470548,32.27238303601481,39.10089195557052,9.7925782564793,4.173678895994614,0.3891787277011107,10.8296869740828,76.21171322786941,,,,,,,,,,,6.203216482620618,3.5706832,47536,3.5706832,47536,1.6847914,100746.0,1.2175398,139409.0
031002,6022,49.26934573231485,12.22185320491531,9.681169046828296,0.7472600464961807,0.1328462304882099,30.023248090335436,34.10826967784789,35.86848223181667,60.312188641647296,43.158419129857194,17.153769511790102,39.687811358352704,17.801394885420127,3.2547326469611426,38.50880106276984,0.7472600464961807,68.01727000996347,66.34008635004982,0.16605778811026237,0.5313849219528396,31.982729990036532,0.04981733643307871,41.79674526735304,57.37296579209565,41.97940883427433,0.6144138160079707,76.78512122218532,20.939887080704086,17.51909664563268,3.420790435071405,54.33410826967785,7.887744935237462,14.314181335104616,89.53835934905347,5.4799070076386585,0.19926934573231483,3.08867485885088,1.112587180338758,26.021255396878114,41.97940883427433,23.447359681169047,3.3543673198273,72.51743606775158,13.384257721687147,1.3616738625041513,12.22185320491531,58.12022583859183,31.717037529060114,2.9558286283626702,0.19926934573231483,37.71172367984058,16.87147127200266,43.55695782132182,,,,,0.3155097974094985,12.902690136167386,4.981733643307871,20.508136831617403,,,,,,14.280969777482564,71.18897376286948,46.46296911325141,4.948522085685819,22.052474261042843,33.27798073729658,11.092660245765526,7.223513782796413,1.2122218532049154,0.7306542676851544,44.96844902025905,,,,,,,,,,,12.171222279525528,3.1107605,6022,3.1107605,6022,1.9314362,9699.0,1.2679708,14774.0
031003,26725,18.4022450888681,9.253507951356408,35.42750233863424,2.810102899906455,0.10851262862488306,10.016838166510757,21.717492984097287,68.26566884939196,60.90177736202058,41.63517305893358,19.266604303086996,39.09822263797942,7.23666978484565,4.1796071094480824,48.54630495790458,0.9391955098222639,44.14593077642657,39.831618334892426,1.1225444340505144,1.6538821328344246,55.85406922357343,0.725912067352666,35.824134705332085,61.97567820392891,36.78952291861553,1.174929840972872,58.21141253507951,9.882132834424697,8.366697848456502,1.5154349859681946,59.02338634237605,11.588400374181479,14.271281571562207,87.51356407857811,6.039289055191768,0.5837231057062675,3.1618334892422824,1.900841908325538,22.739008419083255,0.31431244153414406,55.71936389148737,18.86623012160898,43.87277829747428,29.354536950420954,0.90177736202058,23.367633302151543,69.42188961646399,22.106641721234798,2.8175865294667912,0.1796071094480823,64.022450888681,8.57623947614593,16.30682881197381,,,,,0.42282507015902715,8.097287184284378,4.550046772684752,19.625818521983163,,,,,,6.503274087932647,73.28718428437793,28.662301216089805,3.5547240411599628,15.14312441534144,31.02712815715622,18.6155285313377,4.217025257249766,3.030869971936389,0.8942937324602432,31.266604303086996,,,,,,,,,,,4.52453267370135,2.5895228,26725,2.5895228,26725,2.0639725,33530.0,1.6015968,43210.0
031101,8113,20.670528780968816,28.5467767780106,8.184395414766424,1.1339824972266732,0.06162948354492789,9.762110193516579,31.233822260569458,59.00406754591396,11.857512634044127,8.184395414766424,3.6731172192777026,88.14248736595587,0.9983976334278318,2.8349562430666833,7.580426476026131,0.4437322815234808,33.9331936398373,25.798101811906815,5.201528411191914,0.35745100456058176,66.0668063601627,0.0,11.73425366695427,87.64945149759644,11.808209047208184,0.38210279797855295,59.9161839023789,0.4437322815234808,0.08628127696289906,0.35745100456058176,50.81967213114754,6.4957475656354,40.49057068901762,96.35153457414027,1.232589670898558,0.03697769012695674,1.0723530136817454,1.17096018735363,5.386416861826698,89.27646986318254,0.04930358683594231,0.14791076050782695,35.19043510415383,3.6114877357327746,0.19721434734376925,60.594108221373105,88.05620608899298,9.638851226426723,0.8504868729200049,0.012325896708985578,40.37963761863676,0.0,33.92086774312831,,,,,0.09860717367188462,6.101318870947861,4.215456674473068,24.047824479230865,,,,,,2.600764205595957,70.39319610501664,11.352150868975718,0.936768149882904,5.2138543079009,18.303956612843585,1.5037593984962405,1.1586342906446443,0.1109330703808702,0.08628127696289906,18.42721557993344,,,,,,,,,,,5.775456919060052,3.007642,8113,3.007642,8113,2.3386045,10434.0,1.439587,16950.0
031201,4729,32.861069993656166,8.077817720448298,1.924296891520406,0.296045675618524,0.08458447874814971,17.360964263057728,24.42376823852823,58.21526749841404,27.95517022626348,16.895749629942905,11.059420596320575,72.04482977373652,10.403890886022415,1.2476210615352084,15.394375132163248,0.9092831465426094,46.64834002960457,32.14210192429689,9.473461619792769,0.6766758299851977,53.35165997039543,0.0,23.006978219496723,75.80883907802918,23.42990061323747,0.7189680693592726,80.50327764855149,11.461196870374286,8.352717276379785,3.108479593994502,41.805878621272996,11.0171283569465,32.67075491647283,90.20934658490167,4.52526961302601,0.6766758299851977,2.812433918375978,1.2053288221611334,5.794036794248256,73.20786635652358,13.385493761894692,5.392260520194545,30.386973990272786,25.121590188200464,0.3806301543666737,40.769718756608164,65.74328610699936,17.382110382744766,1.924296891520406,0.16916895749629943,40.685134277860016,0.0,69.10551913723832,,,,,0.2114611968703743,9.515753859166843,4.186931698033411,23.958553605413407,,,,,,7.676041446394587,82.68132797631634,22.985832099809684,2.5798266018185663,13.026009727215056,24.973567350391203,10.234721928526115,1.48022837809262,0.16916895749629943,0.40177627405371114,27.934024106576445,,,,,,,,,,,8.023579498935648,3.0712624,4729,3.0712624,4729,2.218082,6548.0,1.3796903,10527.0
031202,3003,23.476523476523475,10.722610722610723,1.9314019314019315,0.06660006660006661,0.0,8.924408924408924,32.4009324009324,58.67465867465867,26.73992673992674,18.64801864801865,8.091908091908092,73.26007326007326,4.595404595404595,2.1645021645021645,19.613719613719613,0.3663003663003663,50.815850815850816,32.53413253413253,12.687312687312687,0.5994005994005994,49.184149184149184,0.0,22.444222444222444,76.82317682317682,22.577422577422578,0.5661005661005661,78.35497835497836,5.4279054279054275,4.662004662004662,0.765900765900766,44.48884448884449,7.6923076923076925,35.464535464535466,91.94139194139194,2.9637029637029637,0.13320013320013321,3.1302031302031303,1.2654012654012654,6.293706293706293,73.82617382617383,11.455211455211455,5.794205794205794,42.02464202464203,5.661005661005661,0.333000333000333,49.68364968364968,81.71828171828172,14.918414918414918,1.8648018648018647,0.0,40.82584082584083,0.0,66.53346653346654,,,,,0.3996003996003996,13.120213120213121,4.129204129204129,28.471528471528472,,,,,,4.395604395604396,67.4991674991675,24.109224109224108,2.5641025641025643,15.218115218115218,20.013320013320012,12.32101232101232,2.5974025974025974,1.1988011988011988,0.5661005661005661,33.23343323343323,,,,,,,,,,,6.601788532351394,3.3539793,3003,3.3539793,3003,2.454191,4104.0,1.5821552,6366.0
031203,3544,50.169300225733636,16.591422121896162,2.229119638826185,0.6489841986455982,0.08465011286681716,23.109480812641085,46.13431151241535,30.756207674943568,33.86004514672686,22.686230248306998,11.173814898419865,66.13995485327314,0.19751693002257337,4.4300225733634315,29.006772009029344,0.22573363431151242,68.96162528216705,64.92663656884876,3.188487584650113,0.28216704288939054,31.03837471783296,0.0,22.996613995485326,76.24153498871331,23.22234762979684,0.536117381489842,83.18284424379233,5.220090293453724,4.542889390519187,0.6772009029345373,58.63431151241535,3.639954853273138,31.659142212189618,93.25620767494357,2.3419864559819414,0.11286681715575621,2.765237020316027,1.2697516930022574,6.235891647855531,91.39390519187359,0.5643340857787811,0.25395033860045146,57.082392776523704,19.272009029345373,0.39503386004514673,22.996613995485326,80.36117381489842,17.21218961625282,1.1568848758465011,0.056433408577878104,25.28216704288939,0.0,84.14221218961626,,,,,0.36681715575620766,17.2686230248307,4.373589164785553,18.17155756207675,,,,,,3.4706546275395036,69.83634311512415,39.39051918735892,2.5112866817155757,17.01467268623025,32.90067720090293,6.800225733634312,2.144469525959368,0.25395033860045146,0.4796839729119639,41.42212189616253,,,,,,,,,,,11.96070055531824,2.9734764,3544,2.9734764,3544,1.9547393,5391.0,1.1287489,9336.0
031204,7263,30.386892468676855,9.19730139060994,32.231860112901,3.607324796915875,0.06884207627702052,14.773509569048603,26.256367892055625,58.97012253889577,65.39997246316949,36.55514250309789,28.844829960071596,34.60002753683051,7.91683877185736,11.909679195924548,44.788654825829546,0.7847996695580338,54.90844003855156,49.6489054109872,1.3630731102850062,2.822525127357841,45.09155996144844,0.08261049153242461,50.28225251273578,46.34448574969021,50.6677681398871,2.9051356188902657,52.333746385790995,28.101335536279773,23.86066363761531,4.240671898664464,51.75547294506402,8.412501721051907,8.701638441415392,80.8619027949883,10.601679746661159,1.335536279774198,3.0152829409334987,3.3732617375740053,40.6168250034421,0.26159988985267796,45.00894946991601,12.198815916288035,38.17981550323558,44.45821285969985,1.0326311441553078,14.236541374087842,51.452567809445135,36.293542613245215,5.410987195373813,0.2753683051080821,57.49690210656753,25.017210519069256,30.855018587360593,,,,,1.1152416356877324,8.536417458350543,3.9377667630455733,19.151865620267106,,,,,,8.205975492220846,70.96241222635274,37.339942172655924,7.765386204047914,18.835192069392814,19.33085501858736,20.625086052595346,3.621093212171279,6.608839322593969,2.354399008674102,37.86314195236128,,,,,,,,,,,2.4736313410346558,2.8488228,7263,2.8488228,7263,1.9621621,10545.0,1.5609958,13255.0
031205,16951,37.749985251607576,11.196979529231314,23.296560674886436,2.908382986254498,0.1179871394018052,16.57129372898354,35.59671995752463,47.83198631349183,58.88148191847089,35.809096808447876,23.072385110023006,41.11851808152911,10.353371482508406,7.191316146540027,40.79995280514424,0.5368414842782137,56.98188897410182,54.474662261813464,0.42475370184649874,1.0559848976461566,43.01811102589818,1.0028906849153443,44.69352840540381,51.69016577193086,45.87339979942186,2.359742788036104,51.849448410123294,15.19084419798242,12.648221343873518,2.542622854108902,56.816706978939294,9.250191729101529,13.426936463925433,83.02754999705031,9.9935107073329,0.9910919709751637,2.7255029201817003,2.5072267122883605,37.3134328358209,0.11208778243171494,50.41000530942127,10.22358562916642,26.06925845082886,57.807798949914456,3.079464338387116,11.486048020765736,55.83741372190431,37.10695534186774,3.3862309008318094,0.08259099758126365,59.86077517550587,22.376260987552357,26.393723084183826,,,,,0.7197215503510117,7.633767919296797,4.689988791221757,18.706860952156216,,,,,,7.598371777476255,77.70043065305882,40.12742611055395,6.565984307710459,21.444162586278097,22.836410831219396,26.11645330658958,6.288714530116217,3.303639903250546,1.699014807385995,43.407468585924136,,,,,,,,,,,2.361206486714912,2.6905198,16951,2.6905198,16951,1.9606638,23261.0,1.5109661,30184.0
031206,12475,37.20240480961924,11.478957915831664,16.897795591182366,1.971943887775551,0.08817635270541083,16.937875751503007,35.08617234468938,47.97595190380761,52.945891783567134,25.66733466933868,27.278557114228455,47.054108216432866,17.87575150300601,3.823647294589178,30.821643286573146,0.4248496993987976,52.07214428857716,48.633266533066134,0.5290581162324649,0.8336673346693386,47.92785571142284,0.0,45.45891783567134,51.67134268537074,45.635270541082164,2.3486973947895793,50.90981963927856,30.541082164328657,26.028056112224448,4.513026052104208,46.17234468937876,8.87374749498998,9.731462925851703,85.56312625250501,8.945891783567134,0.7134268537074149,2.5490981963927855,1.5470941883767535,39.46292585170341,0.17635270541082165,40.496993987975955,17.458917835671343,27.727454909819638,45.74749498997996,3.406813627254509,20.08817635270541,55.30260521042084,37.450901803607216,4.625250501002004,0.19238476953907815,61.44288577154309,35.23847695390781,32.53707414829659,,,,,0.5450901803607214,7.182364729458918,4.4969939879759515,13.170340681362726,,,,,,8.248496993987976,72.67334669338678,37.37875751503006,5.587174348697395,22.452905811623246,21.050100200400802,22.917835671342687,4.072144288577154,1.723446893787575,1.7715430861723447,38.09218436873748,,,,,,,,,,,2.1120023548458313,2.3714628,12475,2.3714628,12475,1.7002299,17400.0,1.329618,22250.0
031301,5920,51.73986486486486,14.577702702702704,3.597972972972973,2.2635135135135136,0.06756756756756757,35.54054054054054,29.881756756756758,34.5777027027027,22.83783783783784,14.003378378378379,8.83445945945946,77.16216216216216,15.118243243243244,1.7567567567567568,5.219594594594595,0.7432432432432432,63.192567567567565,59.54391891891892,1.0304054054054055,0.4391891891891892,36.807432432432435,0.0,38.66554054054054,59.91554054054054,38.78378378378378,1.2162162162162162,56.75675675675676,23.614864864864863,20.489864864864863,3.125,26.89189189189189,6.503378378378378,40.810810810810814,83.49662162162163,9.56081081081081,0.8783783783783784,4.206081081081081,1.385135135135135,23.37837837837838,72.04391891891892,0.32094594594594594,0.3716216216216216,35.91216216216216,41.638513513513516,1.1486486486486487,20.777027027027028,57.63513513513514,36.6722972972973,4.172297297297297,0.4560810810810811,29.29054054054054,17.027027027027028,72.73648648648648,,,,,0.5743243243243243,13.074324324324325,4.493243243243243,21.70608108108108,,,,,,10.219594594594595,74.375,44.358108108108105,5.89527027027027,12.449324324324325,31.97635135135135,18.243243243243242,2.195945945945946,0.32094594594594594,0.8445945945945946,44.86486486486486,,,,,,,,,,,9.82961992136304,3.3050675,5920,3.3050675,5920,2.067195,9465.0,1.3302964,14708.0
031302,1540,39.8051948051948,14.87012987012987,0.9090909090909091,0.0,0.0,22.792207792207794,33.96103896103896,43.246753246753244,20.90909090909091,15.584415584415584,5.324675324675325,79.0909090909091,5.259740259740259,4.805194805194805,9.480519480519481,1.3636363636363635,25.38961038961039,22.207792207792206,0.6493506493506493,1.4935064935064934,74.6103896103896,0.0,10.194805194805195,89.0909090909091,10.324675324675324,0.45454545454545453,68.76623376623377,0.7142857142857143,0.7142857142857143,0.0,37.142857142857146,5.779220779220779,53.76623376623377,91.88311688311688,3.2467532467532467,0.0,3.2467532467532467,1.5584415584415585,3.831168831168831,83.76623376623377,0.0,0.12987012987012986,45.90909090909091,6.9480519480519485,0.06493506493506493,46.23376623376623,84.35064935064935,13.506493506493506,0.974025974025974,0.12987012987012986,31.233766233766232,0.0,71.88311688311688,,,,,0.3246753246753247,6.623376623376624,4.87012987012987,30.454545454545453,,,,,,8.181818181818182,61.16883116883117,11.428571428571429,1.0389610389610389,2.4675324675324677,17.5974025974026,2.6623376623376624,1.2987012987012987,0.19480519480519481,0.06493506493506493,14.935064935064934,,,,,,,,,,,2.064732142857143,3.5168831,1540,3.5168831,1540,2.4573503,2204.0,1.514965,3575.0
031303,1122,53.11942959001782,9.982174688057041,0.26737967914438504,0.0,0.0,18.983957219251337,41.711229946524064,39.3048128342246,11.58645276292335,7.4866310160427805,4.09982174688057,88.41354723707664,0.0,3.2976827094474155,8.02139037433155,0.26737967914438504,13.458110516934047,11.853832442067736,0.44563279857397503,0.5347593582887701,86.54188948306596,0.0,4.723707664884135,94.74153297682709,4.901960784313726,0.26737967914438504,81.19429590017825,0.5347593582887701,0.5347593582887701,0.0,38.05704099821747,10.249554367201426,46.524064171122994,96.3458110516934,1.1586452762923352,0.08912655971479501,1.5151515151515151,0.7130124777183601,1.5151515151515151,81.72905525846703,0.26737967914438504,0.0,24.06417112299465,18.181818181818183,0.0,57.30837789661319,92.33511586452762,7.4866310160427805,0.0,0.08912655971479501,40.64171122994652,0.0,79.94652406417113,,,,,0.0,10.606060606060606,3.4759358288770055,22.727272727272727,,,,,,0.7130124777183601,72.28163992869875,4.634581105169341,0.6238859180035651,7.397504456327986,31.729055258467024,6.327985739750446,0.35650623885918004,0.44563279857397503,0.08912655971479501,7.8431372549019605,,,,,,,,,,,6.85121107266436,3.0463457,1122,3.0463457,1122,2.22671,1535.0,1.5361798,2225.0
031304,1991,10.547463586137619,11.903566047212456,2.7122049221496733,0.050226017076845805,0.15067805123053743,10.999497739829232,12.757408337518834,76.24309392265194,5.173279758915118,4.018081366147665,1.1551983927674536,94.82672024108489,0.0,1.9085886489201407,1.5067805123053741,1.7579105976896032,24.510296333500754,18.884982420894023,0.8036162732295329,2.3103967855349072,75.48970366649925,0.0,5.926670015067805,93.72174786539428,6.177800100452034,0.10045203415369161,72.52636865896534,0.7533902561526871,0.6027122049221497,0.15067805123053743,23.103967855349072,7.18232044198895,61.27574083375188,96.58463083877449,1.8583626318432949,0.10045203415369161,0.45203415369161226,0.8538422903063787,5.725765946760422,75.84128578603716,0.10045203415369161,0.0,8.186840783525867,33.350075339025615,1.6072325464590658,56.00200904068307,93.92265193370166,4.871923656454043,0.45203415369161226,0.0,33.249623304871925,0.0,66.14766449020593,,,,,0.3515821195379206,2.7122049221496733,2.561526870919136,32.69713711702662,,,,,,1.3561024610748367,79.80914113510799,7.031642390758413,0.7031642390758412,3.5158211953792065,26.3184329482672,15.921647413360121,2.2099447513812156,0.20090406830738322,0.10045203415369161,11.903566047212456,,,,,,,,,,,8.617300131061599,3.5263686,1991,3.5263686,1991,2.618799,2681.0,1.6000456,4388.0
031401,8784,63.66120218579235,19.68351548269581,13.991347905282332,12.932604735883425,0.22768670309653916,76.27504553734062,18.499544626593806,5.225409836065574,77.42486338797814,55.86293260473588,21.561930783242257,22.575136612021858,43.3287795992714,3.9959016393442623,29.815573770491802,0.284608378870674,95.35519125683061,95.01366120218579,0.05692167577413479,0.17076502732240437,4.644808743169399,10.188979963570128,78.56329690346084,10.14344262295082,88.82058287795992,0.9904371584699454,82.95765027322405,51.297814207650276,42.72540983606557,8.5724043715847,26.26366120218579,1.7304189435336976,20.081967213114755,78.2559198542805,10.917577413479053,2.09471766848816,6.682604735883425,1.1725865209471766,46.90346083788707,52.447632058287795,0.05692167577413479,0.05692167577413479,34.107468123861565,45.4804189435337,14.685792349726777,5.077413479052823,27.24271402550091,60.26867030965391,10.382513661202186,0.3301457194899818,17.09927140255009,64.79963570127505,83.39025500910746,,,,,0.5806010928961749,25.239071038251367,5.236794171220401,10.14344262295082,,,,,,33.89116575591986,84.4148451730419,81.21584699453553,21.061020036429873,26.810109289617486,64.70856102003643,18.68169398907104,3.6088342440801457,0.39845173041894355,3.7112932604735884,76.38888888888889,,,,,,,,,,,9.555266096017863,3.2654827,8784,3.2654827,8784,1.5567979,18425.0,1.0236608,28021.0
031402,3042,33.629191321499015,48.84944115713346,13.116370808678502,4.536489151873767,0.591715976331361,34.68113083497699,25.871137409598948,39.447731755424066,37.60683760683761,26.791584483892176,10.81525312294543,62.39316239316239,6.0486522024983564,3.9119000657462197,27.15318869165023,0.4930966469428008,86.62064431295201,86.06180144641684,0.09861932938856016,0.16436554898093358,13.379355687047994,0.0,67.68573307034845,30.53911900065746,67.88297172912557,1.5450361604207759,60.02629848783695,6.476002629848784,5.358316896778435,1.1176857330703485,56.64036817882972,4.667981591058514,30.53911900065746,93.72123602892833,2.1367521367521367,0.16436554898093358,2.465483234714004,0.591715976331361,30.96646942800789,68.34319526627219,0.0,0.03287310979618672,49.342537804076265,25.476660092044707,1.6765285996055226,22.781065088757398,65.15450361604208,31.26232741617357,1.9723865877712032,0.13149243918474687,43.58974358974359,0.0,66.89677843523998,,,,,0.09861932938856016,17.42274819197896,3.8461538461538463,13.017751479289942,,,,,,7.034845496383958,70.80867850098619,55.391190006574625,7.758053911900066,16.53517422748192,51.676528599605525,6.574621959237344,5.654174884944116,1.3149243918474687,0.9861932938856016,61.275476660092046,,,,,,,,,,,8.481047177529316,2.6702826,3042,2.6702826,3042,1.6638672,4882.0,1.1005284,7381.0
031403,3924,67.20183486238533,20.387359836901123,7.110091743119266,5.861365953109073,0.127420998980632,55.07135575942915,36.13659531090724,8.792048929663608,71.12640163098878,54.81651376146789,16.309887869520896,28.873598369011212,8.358817533129459,12.793068297655454,49.56676860346585,0.4077471967380224,90.31600407747197,89.78083588175332,0.0509683995922528,0.0509683995922528,9.683995922528032,0.0,75.71355759429154,23.139653414882773,75.81549439347604,0.9938837920489296,79.38328236493373,13.45565749235474,11.773700305810397,1.6819571865443426,58.71559633027523,3.8226299694189603,22.706422018348626,86.87563710499491,4.383282364933741,0.509683995922528,5.555555555555555,2.0132517838939856,46.68705402650357,52.013251783893985,0.0509683995922528,0.0509683995922528,42.22731906218145,40.57084607543323,9.989806320081549,6.804281345565749,32.90010193679918,56.01427115188583,8.944954128440367,0.1019367991845056,19.164118246687053,61.213047910295614,76.63098878695209,,,,,0.127420998980632,26.172273190621816,5.861365953109073,13.149847094801224,,,,,,15.698267074413863,80.24974515800204,75.05096839959225,20.285423037716615,23.878695208970438,57.925586136595314,11.162079510703364,4.740061162079511,0.4841997961264016,4.638124362895005,71.50866462793068,,,,,,,,,,,11.61402157164869,3.411315,3924,3.411315,3924,1.6778641,7978.0,1.1124408,12033.0
031404,359,39.27576601671309,19.77715877437326,28.41225626740947,6.128133704735376,0.8356545961002786,38.71866295264624,19.220055710306408,42.061281337047355,23.676880222841227,18.662952646239553,5.013927576601671,76.32311977715878,0.8356545961002786,3.3426183844011144,19.220055710306408,0.2785515320334262,87.74373259052925,86.62952646239555,0.5571030640668524,0.0,12.256267409470752,0.0,36.49025069637883,62.95264623955432,36.768802228412255,0.0,74.65181058495821,0.0,0.0,0.0,32.590529247910865,3.064066852367688,62.674094707520894,91.64345403899722,1.9498607242339834,0.5571030640668524,5.2924791086350975,0.2785515320334262,14.484679665738161,84.67966573816156,0.0,0.2785515320334262,26.18384401114206,47.63231197771588,2.2284122562674096,23.119777158774372,64.9025069637883,33.98328690807799,0.8356545961002786,0.0,10.86350974930362,0.0,91.92200557103064,,,,,0.0,11.977715877437326,6.685236768802229,13.649025069637883,,,,,,3.064066852367688,71.03064066852367,57.10306406685237,9.192200557103064,16.71309192200557,39.55431754874652,6.963788300835654,0.0,0.2785515320334262,1.392757660167131,50.97493036211699,,,,,,,,,,,10.478359908883826,3.6100278,359,3.6100278,359,1.6985583,763.0,1.1105398,1167.0
031405,701,52.06847360912982,13.69472182596291,4.85021398002853,0.42796005706134094,0.0,33.523537803138375,29.957203994293867,36.51925820256776,34.236804564907274,22.96718972895863,11.269614835948644,65.76319543509273,0.28530670470756064,10.841654778887303,22.53922967189729,0.5706134094151213,57.77460770328103,56.77603423680456,0.14265335235378032,0.5706134094151213,42.22539229671897,0.0,16.83309557774608,82.02567760342367,16.975748930099858,0.8559201141226819,74.17974322396576,0.0,0.0,0.0,39.229671897289585,2.710413694721826,57.77460770328103,93.15263908701854,3.138373751783167,0.5706134094151213,2.8530670470756063,0.14265335235378032,6.847360912981455,82.02567760342367,0.14265335235378032,0.42796005706134094,27.104136947218258,38.516405135520685,0.5706134094151213,32.95292439372325,86.16262482168331,12.553495007132668,0.42796005706134094,0.0,22.25392296718973,0.0,71.7546362339515,,,,,0.28530670470756064,13.837375178316691,4.136947218259629,29.243937232524964,,,,,,9.557774607703282,67.33238231098431,33.951497860199716,3.138373751783167,11.269614835948644,34.236804564907274,3.708987161198288,5.563480741797433,0.28530670470756064,0.28530670470756064,31.81169757489301,,,,,,,,,,,1.7759562841530054,3.9343793,701,3.9343793,701,2.3982608,1150.0,1.5079278,1829.0
031501,2366,55.452240067624686,25.10566356720203,9.08706677937447,0.8453085376162299,0.0,31.276415891800507,40.743871513102285,27.97971259509721,5.9171597633136095,3.9729501267962806,1.944209636517329,94.0828402366864,0.0,0.760777683854607,4.860524091293322,0.2958579881656805,48.85883347421809,47.12595097210482,0.21132713440405748,0.12679628064243448,51.14116652578191,0.0,15.469146238377007,83.68554522400676,15.638207945900254,0.591715976331361,77.30346576500423,5.409974640743871,1.3947590870667794,4.015215553677092,27.218934911242602,6.086221470836856,59.213863060016905,96.99915469146238,1.3102282333051565,0.12679628064243448,1.0143702451394758,0.33812341504649196,2.0287404902789516,91.54691462383771,0.042265426880811495,0.042265426880811495,52.87404902789518,1.0143702451394758,0.08453085376162299,45.73119188503804,90.36348267117498,6.762468300929839,0.2958579881656805,0.08453085376162299,24.471682163989858,0.0,70.75232459847844,,,,,0.08453085376162299,5.07185122569738,5.663567202028741,23.45731191885038,,,,,,0.5071851225697379,57.98816568047337,21.428571428571427,1.3524936601859678,6.001690617075233,24.471682163989858,3.465765004226543,3.212172442941674,0.16906170752324598,0.08453085376162299,24.00676246830093,,,,,,,,,,,7.7304964539007095,3.0308537,2366,3.0308537,2366,2.2888606,3133.0,1.207239,5940.0
031601,6496,60.36022167487685,15.147783251231527,4.879926108374384,0.8928571428571429,0.046182266009852216,22.737068965517242,54.202586206896555,23.060344827586206,45.88977832512315,28.032635467980295,17.857142857142858,54.11022167487685,9.621305418719212,5.588054187192118,30.511083743842363,0.16933497536945813,73.30665024630542,72.10591133004927,0.18472906403940886,0.3078817733990148,26.69334975369458,0.0,30.280172413793103,68.7807881773399,30.387931034482758,0.7235221674876847,84.11330049261083,8.943965517241379,8.205049261083744,0.7389162561576355,58.3743842364532,5.264778325123153,26.63177339901478,93.98091133004927,2.6631773399014778,0.21551724137931033,2.2783251231527095,0.5541871921182266,6.4655172413793105,83.3128078817734,0.7850985221674877,3.771551724137931,38.70073891625616,37.86945812807882,0.7389162561576355,22.24445812807882,81.78879310344827,15.902093596059114,1.0314039408866995,0.03078817733990148,25.492610837438423,10.62192118226601,72.38300492610837,,,,,0.1539408866995074,22.10591133004926,4.264162561576355,18.195812807881772,,,,,,8.004926108374384,69.36576354679804,46.98275862068966,2.647783251231527,16.90270935960591,37.79248768472906,6.311576354679803,3.6330049261083746,0.41564039408866993,0.7543103448275862,47.33682266009852,,,,,,,,,,,12.403889642695614,3.2458436,6496,3.2458436,6496,1.9368914,10886.0,1.1427565,18451.0
031602,7611,45.276573380633295,11.549073709105242,5.754828537642886,0.6306661411115491,0.02627775587964788,17.303902246748127,39.00932860333727,43.686769149914596,73.10471685718039,48.82407042438576,24.28064643279464,26.895283142819604,18.73603994218894,5.360662199448167,48.36420969649192,0.643805019051373,53.76428852975956,51.21534620943371,0.1970831690973591,0.7751937984496124,46.23571147024044,0.0,47.07659965838917,51.044540796216005,47.19484955984759,1.708054132177112,55.56431480751544,27.565365917750626,23.25581395348837,4.309551964262252,41.04585468400999,12.087767704638024,12.31112862961503,84.7983182236237,8.553409538825385,0.9328603337274997,2.6409144659046118,2.364998029168309,38.15530153724872,0.14452765733806333,44.12035212192879,15.806070161608199,45.48679542767048,35.829720141899884,2.2336092497700695,14.189988175009853,57.81106293522533,34.699776639075026,4.585468400998555,0.10511102351859151,58.34975693075811,21.692287478649323,29.615030876363157,,,,,0.3941663381947182,7.646826960977532,4.375246353961372,17.724346340822493,,,,,,12.153462094337144,76.88871370384969,38.82538431217974,5.767967415582709,17.77690185258179,20.87767704638024,15.385626067533833,4.3621074760215475,1.2350545263434503,1.6029431086585206,39.52174484299041,,,,,,,,,,,1.8242918867018723,2.6675863,7611,2.6675863,7611,1.950711,10408.0,1.4873992,13650.0
040101,76724,86.80595380845628,7.457901047911996,4.602210520827903,0.5865179083468015,0.8406756686304155,62.43417965695219,28.04076951149575,9.525050831552056,72.83770397789479,40.150409259162714,32.687294718732076,27.16229602210521,66.37949012043168,3.082477451644857,3.2453990928523018,0.13033731296595588,93.2315833376779,92.77149262290808,0.0221573432042125,0.18507898441165738,6.76841666232209,31.99520358688285,65.39805015379802,0.8576195193159898,97.63828788905688,1.3789687711798133,78.31187112246494,89.2289244564934,73.95078463062406,15.27813982586935,3.3522756894843857,0.895417340076117,5.9785725457483965,61.5153016005422,19.863406496011677,5.721808039205464,9.835253636411032,1.0335748918200303,49.877482925812004,49.181481674573796,0.07820238777957354,0.002606746259319118,86.7473020176216,8.358531880506751,3.9244564934049317,0.23982065585735884,8.315520567227987,36.77727959960377,16.42771492622908,0.8680465043532662,30.040143892393516,100.0,86.75642562952922,,,,,5.888639799801887,9.049319639226317,4.806840102184453,17.070277879151245,,,,,,38.16928210208018,85.50127730566706,85.15718679943694,38.74146290600073,26.36202492049424,40.67827537667483,5.983786038267035,3.1997810333142174,0.2385172827276993,11.755122256399561,80.3399197122152,,,,,,,,,,,6.4956857943013935,3.3930843,76724,3.3930843,76724,1.7656741,147440.0,1.1969407,217497.0
040102,6690,37.98206278026906,6.576980568011958,40.01494768310912,6.487294469357249,0.16442451420029897,17.3542600896861,28.609865470852018,54.035874439461885,26.02391629297459,13.557548579970105,12.466367713004484,73.97608370702541,12.062780269058296,0.7174887892376681,13.04932735426009,0.19431988041853512,70.76233183856502,69.62630792227205,0.7324364723467862,0.13452914798206278,29.23766816143498,0.6576980568011959,48.28101644245142,50.17937219730942,49.02840059790732,0.70254110612855,72.01793721973094,28.744394618834082,26.24813153961136,2.4962630792227203,35.24663677130045,11.390134529147982,22.705530642750375,86.56203288490283,5.889387144992527,0.35874439461883406,5.306427503736921,1.1210762331838564,7.742899850523169,91.46487294469357,0.014947683109118086,0.029895366218236172,51.22571001494768,2.301943198804185,0.25411061285500747,46.08370702541106,56.517189835575486,17.81763826606876,2.376681614349776,0.10463378176382661,34.78325859491779,23.51270553064275,90.3288490284006,,,,,0.7772795216741405,6.322869955156951,5.082212257100149,28.953662182361732,,,,,,6.63677130044843,81.94319880418536,44.14050822122571,7.8475336322869955,19.92526158445441,60.029895366218234,14.035874439461884,15.08221225710015,0.5829596412556054,1.195814648729447,50.029895366218234,,,,,,,,,,,4.14041404140414,3.4273543,6690,3.4273543,6690,2.30003,9969.0,1.3542614,16931.0
040103,3261,0.7666360012266176,0.7359705611775529,30.665440049064703,1.9319227230910763,0.42931616068690587,0.7359705611775529,1.226617601962588,98.03741183685986,2.3305734437289174,1.0732904017172646,1.257283042011653,97.66942655627108,0.0,0.18399264029438822,2.1159153633854646,0.030665440049064702,19.44188899110702,10.303587856485741,5.519779208831647,0.36798528058877644,80.55811100889298,0.0,11.008892977614229,87.79515486047225,11.070223857712358,0.6439742410303588,29.408157007053052,1.1039558417663293,0.030665440049064702,1.0732904017172646,43.63692118981908,32.444035571910455,5.519779208831647,94.20423183072677,2.177246243483594,0.09199632014719411,2.3305734437289174,0.6746396810794235,2.7292241643667587,70.53051211284883,0.030665440049064702,0.1533272002453235,15.39405090463048,0.7973014412756823,0.09199632014719411,81.35541245016866,89.29776142287642,1.6252683226004294,0.5519779208831647,0.030665440049064702,65.86936522539098,0.0,82.2753756516406,,,,,0.0,5.887764489420423,3.7718491260349585,23.85771235817234,,,,,,0.09199632014719411,90.95369518552592,4.262496166819994,0.7666360012266176,7.23704385157927,81.11008892977614,11.100889297761423,0.827966881324747,3.1278748850045996,0.1533272002453235,12.480834099969334,,,,,,,,,,,3.384757080359199,2.6675866,3261,2.6675866,3261,2.3984008,3627.0,1.6528596,5263.0
040104,3460,46.79190751445087,21.90751445086705,20.722543352601157,3.786127167630058,0.08670520231213873,15.751445086705202,49.30635838150289,34.94219653179191,9.53757225433526,4.508670520231214,5.028901734104046,90.46242774566474,0.23121387283236994,0.6069364161849711,8.063583815028903,0.6358381502890174,76.32947976878613,70.14450867052022,3.8439306358381504,0.5780346820809249,23.670520231213874,0.0,50.05780346820809,49.30635838150289,50.14450867052023,0.4913294797687861,76.79190751445087,0.5780346820809249,0.17341040462427745,0.4046242774566474,41.38728323699422,10.202312138728324,45.49132947976879,93.72832369942196,1.6473988439306357,0.028901734104046242,3.3815028901734103,0.5491329479768786,4.30635838150289,94.71098265895954,0.0,0.0,56.09826589595376,6.907514450867052,0.23121387283236994,36.38728323699422,56.15606936416185,11.907514450867051,1.1271676300578035,0.057803468208092484,31.878612716763005,0.0,86.15606936416185,,,,,0.17341040462427745,6.734104046242774,4.335260115606936,29.508670520231213,,,,,,0.4046242774566474,80.86705202312139,45.78034682080925,2.6300578034682083,27.890173410404625,58.872832369942195,6.416184971098266,2.4277456647398843,0.4913294797687861,0.3468208092485549,47.630057803468205,,,,,,,,,,,3.5224035224035224,3.6921966,3460,3.6921966,3460,2.42594,5266.0,1.5326935,8335.0
040201,9873,49.09348728856477,16.033627063709105,23.55920186366859,5.661906208852426,0.07090043553124684,26.88139369998987,33.78912184746278,39.32948445254735,27.620783956244303,14.83844829332523,12.782335662919072,72.3792160437557,21.533475134204394,0.3950167122455181,5.307404031196191,0.3848880785981971,66.69705256760862,64.42823863060873,0.9520915628481718,0.15192950470981464,33.30294743239137,0.0,48.921300516560315,50.11647928694419,49.23528815962727,0.5469462169553327,73.36169350754584,30.466930011141496,25.63557176136939,4.831358249772106,29.727539754887065,5.834092980856882,32.22931226577535,88.00769776157196,6.350653296870252,0.28360174212498734,3.848880785981971,0.7900334244910362,9.64245923224957,87.93679732604072,0.060771801883925856,0.0,63.303960295756106,1.0331206320267396,0.7697761571963943,34.44748303453864,54.13754684493062,32.340727235895876,2.3903575407677504,0.11141497012053074,32.64458624531551,35.99716398257875,70.37374658158615,,,,,0.881191127316925,7.981363314088929,5.378304466727439,19.538134305682163,,,,,,11.556770991593234,72.3792160437557,37.921604375569736,7.201458523245214,14.230730274485971,41.324825281069586,5.874607515446166,3.079104628785577,0.20257267294641954,1.3471082750936898,39.511799858199126,,,,,,,,,,,3.1599162011173183,2.8445256,9873,2.8445256,9873,1.8843263,14904.0,1.1457245,24512.0
040202,1555,51.639871382636656,5.016077170418006,35.81993569131833,5.659163987138264,0.3858520900321543,11.189710610932476,44.30868167202572,44.5016077170418,22.636655948553056,13.504823151125402,9.131832797427652,77.36334405144694,18.135048231511256,0.6430868167202572,3.8585209003215435,0.0,62.82958199356913,54.40514469453376,7.07395498392283,0.12861736334405144,37.17041800643087,0.0,49.0032154340836,50.160771704180064,49.131832797427656,0.6430868167202572,67.84565916398714,0.9003215434083601,0.12861736334405144,0.7717041800643086,46.4951768488746,19.935691318327976,28.360128617363344,92.60450160771704,2.572347266881029,0.06430868167202572,2.508038585209003,1.414790996784566,5.273311897106109,88.68167202572347,0.2572347266881029,0.06430868167202572,62.18649517684887,1.6720257234726688,0.06430868167202572,35.62700964630225,40.257234726688104,14.14790996784566,1.607717041800643,0.2572347266881029,46.045016077170416,0.0,77.7491961414791,,,,,0.19292604501607716,7.52411575562701,5.337620578778135,19.035369774919616,,,,,,11.704180064308682,67.52411575562701,31.639871382636656,3.8585209003215435,28.038585209003216,57.10610932475884,11.897106109324758,1.5434083601286173,0.3858520900321543,0.6430868167202572,45.01607717041801,,,,,,,,,,,5.765503875968992,2.5588424,1555,2.5588424,1555,1.9776342,2012.0,1.2190564,3264.0
040301,3172,19.35687263556116,8.480453972257251,52.39596469104666,7.723833543505675,0.031525851197982346,7.944514501891551,18.78940731399748,73.26607818411097,4.602774274905422,2.3959646910466583,2.2068095838587642,95.39722572509457,1.9546027742749055,0.6305170239596469,1.9861286254728878,0.031525851197982346,48.20302648171501,27.648171500630518,14.691046658259774,0.09457755359394704,51.79697351828499,0.0,15.542244640605297,83.25977301387138,16.109709962168978,0.4098360655737705,46.563682219419924,1.1034047919293821,0.18915510718789408,0.914249684741488,47.91929382093316,9.079445145018916,33.575031525851195,92.05548549810845,4.066834804539723,0.0,2.301387137452711,0.8827238335435057,9.804539722572509,86.7906683480454,0.06305170239596469,0.15762925598991173,48.13997477931904,0.5989911727616646,0.031525851197982346,50.81967213114754,70.46027742749054,11.380832282471626,0.7881462799495587,0.09457755359394704,47.225725094577555,0.0,78.4047919293821,,,,,1.1979823455233292,11.097099621689786,4.8865069356872635,21.563682219419924,,,,,,1.450189155107188,68.12736443883985,10.277427490542244,2.3329129886506936,9.237074401008828,66.64564943253468,7.12484237074401,1.450189155107188,0.2837326607818411,0.5674653215636822,29.854981084489282,,,,,,,,,,,5.149617258176757,2.8335435,3172,2.8335435,3172,2.1502392,4180.0,1.3795856,6515.0
040302,516,14.728682170542635,3.682170542635659,60.46511627906977,20.73643410852713,0.0,6.976744186046512,10.852713178294573,82.17054263565892,18.023255813953487,5.426356589147287,12.5968992248062,81.97674418604652,0.0,2.3255813953488373,15.116279069767442,0.5813953488372093,49.031007751937985,17.635658914728683,24.031007751937985,0.7751937984496124,50.968992248062015,0.0,16.666666666666668,80.03875968992249,16.86046511627907,3.10077519379845,67.63565891472868,7.170542635658915,2.9069767441860463,4.263565891472868,61.04651162790697,8.720930232558139,18.992248062015506,92.24806201550388,1.1627906976744187,0.0,4.263565891472868,1.3565891472868217,9.689922480620154,87.98449612403101,0.1937984496124031,0.0,34.883720930232556,0.3875968992248062,0.0,64.53488372093024,69.57364341085271,5.232558139534884,0.1937984496124031,0.1937984496124031,36.04651162790697,0.0,90.31007751937985,,,,,0.0,12.5968992248062,5.038759689922481,34.49612403100775,,,,,,0.0,75.7751937984496,7.170542635658915,1.937984496124031,12.4031007751938,68.21705426356588,17.635658914728683,2.9069767441860463,0.1937984496124031,0.1937984496124031,25.775193798449614,,,,,,,,,,,4.757185332011893,3.5736434,516,3.5736434,516,2.6685963,691.0,1.6218117,1137.0
040401,1355,41.254612546125465,4.575645756457565,32.54612546125461,15.424354243542435,0.07380073800738007,20.14760147601476,24.944649446494466,54.90774907749078,36.38376383763838,17.195571955719558,19.18819188191882,63.61623616236162,22.361623616236162,1.992619926199262,11.955719557195572,0.07380073800738007,66.78966789667896,40.59040590405904,21.771217712177123,0.07380073800738007,33.210332103321036,0.0,38.81918819188192,60.14760147601476,39.18819188191882,0.5904059040590406,72.619926199262,34.981549815498155,18.45018450184502,16.531365313653136,44.7970479704797,9.00369003690037,8.413284132841328,85.90405904059041,7.822878228782288,0.2952029520295203,3.025830258302583,1.033210332103321,9.07749077490775,83.09963099630997,0.0,0.0,60.07380073800738,0.8856088560885609,0.14760147601476015,38.30258302583026,63.542435424354245,25.092250922509226,1.918819188191882,0.2952029520295203,25.756457564575644,0.0,77.71217712177122,,,,,1.6974169741697418,20.88560885608856,7.158671586715867,19.48339483394834,,,,,,11.365313653136532,75.5719557195572,29.15129151291513,7.084870848708487,14.169741697416974,65.83025830258302,4.649446494464945,23.099630996309962,0.44280442804428044,1.918819188191882,43.321033210332104,,,,,,,,,,,6.3,2.8900368,1355,2.8900368,1355,1.8709986,2093.0,1.0368017,3777.0
040402,1556,33.868894601542415,5.205655526992288,39.203084832904885,7.005141388174807,0.06426735218508997,9.704370179948587,28.14910025706941,62.146529562982,30.52699228791774,14.460154241645244,16.066838046272494,69.47300771208226,11.246786632390746,0.5141388174807198,18.573264781491,0.1928020565552699,60.411311053984576,33.804627249357324,23.32904884318766,0.8997429305912596,39.588688946015424,0.0,26.2853470437018,72.75064267352185,26.60668380462725,0.5784061696658098,71.59383033419023,8.611825192802057,0.2570694087403599,8.354755784061696,72.81491002570694,8.997429305912597,6.298200514138817,88.04627249357327,4.820051413881748,0.06426735218508997,3.0848329048843186,2.763496143958869,11.696658097686376,82.26221079691517,0.0,0.0,46.97943444730077,0.5141388174807198,0.1928020565552699,51.99228791773779,45.11568123393316,17.802056555269925,2.442159383033419,0.0,37.789203084832906,0.0,82.51928020565553,,,,,0.6426735218508998,13.431876606683804,4.5629820051413885,30.784061696658096,,,,,,5.719794344473008,65.3598971722365,21.46529562982005,5.205655526992288,16.902313624678662,66.96658097686375,9.318766066838046,4.627249357326479,0.3213367609254499,0.9640102827763496,40.87403598971722,,,,,,,,,,,6.489908982983775,3.3026993,1556,3.3026993,1556,2.443652,2103.0,1.4378847,3574.0
040501,349,86.81948424068769,8.595988538681949,4.584527220630372,1.4326647564469914,0.0,43.83954154727794,47.56446991404012,8.595988538681949,71.06017191977077,41.54727793696275,29.512893982808023,28.939828080229226,63.03724928366762,3.151862464183381,4.871060171919771,0.0,92.55014326647564,92.26361031518624,0.0,0.0,7.4498567335243555,0.0,88.25214899713467,7.163323782234957,88.25214899713467,4.584527220630372,58.739255014326645,3.151862464183381,0.5730659025787965,2.5787965616045847,54.154727793696274,2.292263610315186,38.108882521489974,66.4756446991404,20.916905444126076,1.4326647564469914,5.157593123209169,4.871060171919771,35.24355300859599,63.61031518624642,0.0,0.0,91.69054441260745,1.7191977077363896,3.438395415472779,2.292263610315186,8.595988538681949,60.17191977077364,6.876790830945558,2.292263610315186,29.226361031518625,0.0,91.11747851002865,,,,,2.292263610315186,12.893982808022923,2.865329512893983,5.157593123209169,,,,,,37.82234957020057,57.87965616045845,61.60458452722063,21.20343839541547,20.34383954154728,40.401146131805156,8.30945558739255,2.005730659025788,0.5730659025787965,6.590257879656161,63.03724928366762,,,,,,,,,,,16.687578419071517,1.9111748,349,1.9111748,349,1.1579862,576.0,0.68410254,975.0
040502,1082,9.981515711645102,16.820702402957487,67.09796672828097,5.2680221811460255,0.0,8.964879852125692,10.536044362292051,80.49907578558225,5.2680221811460255,1.5711645101663585,3.6968576709796674,94.73197781885398,0.8317929759704251,0.8317929759704251,3.512014787430684,0.09242144177449169,51.29390018484288,43.90018484288355,6.654343807763401,0.46210720887245843,48.70609981515712,0.0,13.77079482439926,85.6746765249538,13.863216266173753,0.36968576709796674,36.78373382624769,0.5545286506469501,0.36968576709796674,0.18484288354898337,41.86691312384473,9.33456561922366,31.88539741219963,91.49722735674676,1.6635859519408502,0.09242144177449169,4.898336414048059,0.9242144177449169,6.1922365988909425,85.76709796672829,0.0,0.09242144177449169,50.46210720887246,0.18484288354898337,0.18484288354898337,48.521256931608136,55.822550831792974,6.1922365988909425,2.7726432532347505,0.0,65.5268022181146,0.0,70.0554528650647,,,,,0.36968576709796674,4.898336414048059,4.805914972273568,45.00924214417745,,,,,,0.5545286506469501,56.09981515711645,7.6709796672828094,0.8317929759704251,11.275415896487985,71.99630314232903,2.310536044362292,0.8317929759704251,0.36968576709796674,0.27726432532347506,28.743068391866913,,,,,,,,,,,1.4375561545372866,3.8807764,1082,3.8807764,1082,3.1126761,1349.0,2.3497481,1787.0
040503,584,40.582191780821915,19.006849315068493,36.81506849315068,3.595890410958904,0.0,5.308219178082192,47.26027397260274,47.43150684931507,5.993150684931507,2.0547945205479454,3.9383561643835616,94.0068493150685,3.595890410958904,0.0,2.3972602739726026,0.0,45.034246575342465,43.49315068493151,1.0273972602739727,0.17123287671232876,54.965753424657535,0.0,25.0,73.45890410958904,25.0,1.1986301369863013,32.02054794520548,0.17123287671232876,0.17123287671232876,0.0,55.136986301369866,9.417808219178083,34.58904109589041,83.9041095890411,2.73972602739726,0.0,7.876712328767123,1.5410958904109588,23.63013698630137,62.842465753424655,0.17123287671232876,0.0,72.77397260273973,0.8561643835616438,0.3424657534246575,26.027397260273972,48.11643835616438,28.595890410958905,3.2534246575342465,0.0,78.08219178082192,0.0,70.03424657534246,,,,,0.0,1.36986301369863,5.136986301369863,37.32876712328767,,,,,,2.0547945205479454,47.08904109589041,8.047945205479452,1.36986301369863,12.67123287671233,50.342465753424655,2.0547945205479454,0.5136986301369864,0.0,0.5136986301369864,25.513698630136986,,,,,,,,,,,0.1592356687898089,3.3441782,584,3.3441782,584,3.0232198,646.0,2.4230769,806.0
040504,169,45.562130177514796,26.035502958579883,27.810650887573964,1.183431952662722,0.0,1.7751479289940828,43.78698224852071,54.437869822485204,1.183431952662722,0.591715976331361,0.591715976331361,98.81656804733728,0.0,0.0,1.183431952662722,0.0,47.928994082840234,46.15384615384615,1.7751479289940828,0.0,52.071005917159766,0.0,7.100591715976331,92.89940828402366,7.100591715976331,0.0,48.5207100591716,0.0,0.0,0.0,85.20710059171597,0.591715976331361,13.609467455621301,91.12426035502959,0.591715976331361,0.0,7.100591715976331,1.183431952662722,10.059171597633137,85.20710059171597,0.0,0.0,43.19526627218935,1.7751479289940828,0.0,55.02958579881657,44.97041420118343,19.526627218934912,0.591715976331361,0.0,64.49704142011835,0.0,74.55621301775147,,,,,0.0,0.591715976331361,0.0,34.319526627218934,,,,,,0.0,55.02958579881657,4.733727810650888,0.591715976331361,4.733727810650888,66.86390532544378,1.7751479289940828,0.0,0.0,0.0,27.218934911242602,,,,,,,,,,,4.926108374384237,3.035503,169,3.035503,169,2.6443298,194.0,2.0117648,255.0
040505,719,71.07093184979138,4.867872044506258,23.504867872044507,1.9471488178025034,0.0,10.43115438108484,63.56050069541029,26.00834492350487,12.239221140472878,7.927677329624478,4.3115438108484,87.76077885952712,0.27816411682892905,3.198887343532684,8.762169680111265,0.0,79.13769123783032,69.12378303198888,9.457579972183588,0.0,20.86230876216968,0.0,36.99582753824757,63.00417246175243,36.99582753824757,0.0,54.65924895688456,0.9735744089012517,0.8344923504867872,0.13908205841446453,60.083449235048676,4.3115438108484,31.01529902642559,89.56884561891516,2.642559109874826,0.0,7.510431154381084,0.13908205841446453,34.63143254520167,60.639777468706534,0.0,0.0,80.3894297635605,0.27816411682892905,0.0,19.33240611961057,26.981919332406118,37.96940194714882,8.066759388038943,0.13908205841446453,49.235048678720446,0.0,83.72739916550765,,,,,0.9735744089012517,2.642559109874826,2.086230876216968,36.43949930458971,,,,,,2.642559109874826,57.44089012517385,16.968011126564672,0.6954102920723226,21.140472878998608,59.52712100139082,2.642559109874826,0.5563282336578581,0.4172461752433936,0.27816411682892905,52.01668984700974,,,,,,,,,,,1.918158567774936,3.7385256,719,3.7385256,719,2.7428572,980.0,1.9050319,1411.0
040601,2839,53.78654455794294,13.702007749207468,22.01479394152871,5.952800281789362,0.14089468122578372,39.59140542444523,25.431489961253963,34.97710461430081,27.404015498414935,17.787953504755194,9.61606199365974,72.59598450158506,20.887636491722436,0.9510390982740402,5.424445227192673,0.14089468122578372,68.29869672419866,63.05036984853822,4.226840436773512,0.4226840436773512,31.70130327580134,0.0,46.53046847481507,51.708348009862625,46.74181049665375,1.3384994716449454,68.54526241634379,33.568157802042975,29.235646354350123,4.332511447692849,23.705530116238112,7.291299753434308,32.969355406833394,83.1983092638253,10.003522367030644,0.49313138429024306,4.367735117999295,0.9862627685804861,11.271574498062698,85.55829517435717,0.03522367030644593,0.0,56.851003874603734,1.6907361747094047,0.3522367030644593,40.04931313842902,55.05459668897499,12.997534343078549,3.4519196900317013,0.4226840436773512,41.5639309616062,36.28038041563931,83.55054596688974,,,,,0.3522367030644593,10.250088059175766,7.291299753434308,16.167664670658684,,,,,,14.406481155336387,79.67594223318069,40.22543148996125,9.827404015498415,17.22437477985206,53.82176822824938,13.631560408594575,7.150405072208524,2.113420218386756,1.3384994716449454,43.18421979570271,,,,,,,,,,,18.711180124223603,2.5449102,2839,2.5449102,2839,1.8445239,3917.0,1.1809415,6118.0
040602,2185,55.28604118993135,12.631578947368421,18.30663615560641,3.7986270022883297,0.18306636155606407,19.954233409610985,42.379862700228834,37.66590389016018,15.881006864988558,10.205949656750573,5.675057208237987,84.11899313501144,6.636155606407323,1.1441647597254005,6.956521739130435,1.1441647597254005,78.26086956521739,74.64530892448512,2.151029748283753,0.5034324942791762,21.73913043478261,0.0,64.21052631578948,34.64530892448513,64.34782608695652,0.7780320366132724,67.7345537757437,1.4645308924485125,1.0983981693363845,0.36613272311212813,32.723112128146454,5.9038901601830664,58.077803203661325,71.7162471395881,8.97025171624714,1.0526315789473684,6.590389016018307,9.794050343249427,7.414187643020595,90.34324942791763,0.0,0.0,72.49427917620137,1.0983981693363845,0.18306636155606407,25.675057208237988,38.16933638443936,13.22654462242563,1.4187643020594967,0.2745995423340961,33.86727688787185,0.0,92.31121281464532,,,,,0.8237986270022883,9.061784897025172,4.576659038901602,16.430205949656752,,,,,,5.125858123569794,78.48970251716247,54.14187643020595,8.192219679633867,15.743707093821511,54.41647597254005,14.416475972540045,2.9748283752860414,0.2745995423340961,3.5240274599542336,58.215102974828376,,,,,,,,,,,8.069381598793363,2.7153318,2185,2.7153318,2185,2.0071042,2956.0,1.2150317,4883.0
040603,1158,58.894645941278064,13.644214162348877,16.83937823834197,6.13126079447323,0.08635578583765112,35.14680483592401,35.233160621761655,29.620034542314336,31.34715025906736,20.552677029360968,10.79447322970639,68.65284974093264,22.9706390328152,4.490500863557858,3.7132987910189983,0.17271157167530224,81.60621761658031,79.79274611398964,1.2089810017271156,0.3454231433506045,18.39378238341969,0.0,56.56303972366148,38.3419689119171,58.203799654576855,3.3678756476683938,70.89810017271157,42.91882556131261,7.3402417962003454,35.57858376511226,16.83937823834197,2.5043177892918824,35.924006908462864,51.98618307426597,8.203799654576857,0.25906735751295334,5.354058721934369,32.29706390328152,18.134715025906736,80.22452504317789,0.08635578583765112,0.0,73.22970639032815,0.6044905008635578,0.0,25.47495682210708,42.832469775474955,11.4853195164076,2.245250431778929,0.4317789291882556,37.910189982728845,0.0,91.45077720207254,,,,,2.6770293609671847,6.476683937823834,4.576856649395509,18.48013816925734,,,,,,19.17098445595855,81.69257340241796,55.613126079447326,18.739205526770295,23.316062176165804,37.73747841105354,6.90846286701209,9.671848013816925,0.17271157167530224,4.404145077720207,60.79447322970639,,,,,,,,,,,8.741030658838879,2.7884283,1158,2.7884283,1158,2.0423782,1581.0,1.326078,2435.0
040701,7189,73.54291278341911,14.35526498817638,7.5392961468910835,0.7511475865906245,0.13910140492418974,55.5710112672138,25.914591737376547,18.514396995409655,46.724161914035335,24.39838642370288,22.325775490332454,53.275838085964665,43.21880650994575,1.112811239393518,1.4188343302267352,0.9737098344693281,94.67241619140353,93.990819307275,0.15301154541660872,0.2782028098483795,5.327583808596467,0.0,85.43608290443734,13.715398525525108,85.5612741688691,0.6955070246209487,82.16719988871887,46.01474474892196,31.381276950897202,14.63346779802476,19.11253303658367,1.544025594658506,32.14633467798025,65.07163722353596,16.26095423563778,2.225622478787036,6.829878981777716,7.3862846014744745,30.143274447071917,68.47962164417861,0.2642926693559605,0.0,87.2444011684518,1.0849909584086799,0.514675198219502,10.961190708026152,17.443316177493394,28.793990819307275,9.653637501738768,0.3616636528028933,24.231464737793853,78.38364167478092,93.53178467102518,,,,,1.1267213798859368,4.075671164278759,5.244122965641953,18.903880929197385,,,,,,23.39685630824871,87.67561552371679,80.37279176519682,24.704409514536096,30.171094728056755,36.806231742940604,5.730977882876617,3.602726387536514,0.3616636528028933,5.911809709278064,76.28321046042565,,,,,,,,,,,4.7415373334962725,3.362081,7189,3.362081,7189,1.9647212,12302.0,1.1649315,20748.0
040702,1558,61.0397946084724,3.658536585365854,31.258023106546855,7.124518613607188,0.1925545571245186,39.858793324775355,24.005134788189988,36.13607188703466,39.858793324775355,19.127086007702182,20.73170731707317,60.141206675224645,27.406931964056483,1.4120667522464698,10.911424903722722,0.12836970474967907,88.12580231065469,85.17329910141207,1.4762516046213094,0.12836970474967907,11.874197689345314,0.0,67.97175866495508,30.55198973042362,68.35686777920411,0.834403080872914,80.03851091142491,5.455712451861361,0.3851091142490372,5.070603337612323,23.234916559691914,13.735558408215661,54.942233632862646,77.15019255455712,5.2631578947368425,0.7060333761232349,9.370988446726573,5.58408215661104,5.5198973042362,93.58151476251605,0.12836970474967907,0.0,57.06033376123235,7.509627727856226,0.12836970474967907,34.852374839537866,33.95378690629011,14.826700898587934,2.8883183568677793,0.1925545571245186,26.829268292682926,50.19255455712452,93.45314505776636,,,,,0.1925545571245186,13.414634146341463,6.225930680359435,17.329910141206675,,,,,,12.70860077021823,86.2002567394095,62.38767650834403,14.441591784338897,18.934531450577662,68.10012836970475,10.077021822849808,2.1181001283697047,3.1450577663671373,1.925545571245186,67.84338896020539,,,,,,,,,,,7.213930348258707,3.042362,1558,3.042362,1558,1.8944844,2502.0,1.0809578,4385.0
040801,3927,39.08836261777438,9.931245225362872,47.848230201171376,10.236822001527884,0.0,6.926406926406926,41.252864782276546,51.82072829131653,15.253374076903489,8.938120702826586,6.315253374076904,84.74662592309652,2.470078940667176,1.6297428062133945,11.026228673287497,0.12732365673542145,64.75681181563534,61.013496307613956,2.7756557168321874,0.2801120448179272,35.243188184364655,0.0,40.5143875732111,58.84899414311179,40.59078176725235,0.5092946269416858,60.9371021135727,7.206518971224853,4.09982174688057,3.106697224344283,31.754519989814106,25.184619302266363,31.525337407690348,91.82582123758594,2.6992615227909345,0.02546473134708429,3.335879806468042,0.8148714031066973,7.715813598166539,88.94830659536542,0.02546473134708429,0.02546473134708429,65.59714795008912,0.33104150751209577,0.2546473134708429,33.18054494525083,53.3231474407945,34.1991341991342,1.502419149477973,0.15278838808250572,50.26737967914438,0.0,76.72523554876496,,,,,0.22918258212375858,6.289788642729819,4.2271454036159914,28.62235803412274,,,,,,2.0881079704609116,63.66182836771072,25.566590272472624,4.125286478227655,32.23834988540871,50.85306850012732,20.295390883626176,2.0626432391138274,0.3819709702062643,0.3819709702062643,37.48408454290807,,,,,,,,,,,3.493191237418591,2.9837027,3927,2.9837027,3927,2.464143,4755.0,1.4979545,7822.0
040802,1040,19.03846153846154,7.884615384615385,70.57692307692308,20.192307692307693,0.0,4.423076923076923,24.71153846153846,70.86538461538461,17.78846153846154,9.51923076923077,8.26923076923077,82.21153846153847,5.673076923076923,1.25,10.673076923076923,0.19230769230769232,60.57692307692308,55.09615384615385,4.326923076923077,0.38461538461538464,39.42307692307692,0.0,34.51923076923077,64.90384615384616,34.80769230769231,0.28846153846153844,56.73076923076923,0.8653846153846154,0.28846153846153844,0.5769230769230769,54.71153846153846,10.673076923076923,30.576923076923077,90.57692307692308,1.8269230769230769,0.09615384615384616,5.384615384615385,0.7692307692307693,5.480769230769231,92.5,0.0,0.0,37.69230769230769,2.2115384615384617,0.38461538461538464,58.07692307692308,55.48076923076923,30.192307692307693,1.4423076923076923,0.0,49.42307692307692,0.0,77.6923076923077,,,,,0.38461538461538464,7.403846153846154,4.038461538461538,23.942307692307693,,,,,,4.038461538461538,66.34615384615384,25.865384615384617,2.980769230769231,26.826923076923077,63.36538461538461,22.21153846153846,1.5384615384615385,0.7692307692307693,0.0,43.55769230769231,,,,,,,,,,,5.0761421319796955,2.8192308,1040,2.8192308,1040,2.338118,1254.0,1.4936322,1963.0
040901,2247,45.972407654650645,14.730752113929684,26.34623943035158,4.761904761904762,0.13351134846461948,11.927013796172675,46.061415220293725,42.0115709835336,11.348464619492656,5.607476635514018,5.740987983978638,88.65153538050734,5.429461504227859,0.5785491766800178,5.34045393858478,0.0,73.60925678682688,68.84735202492212,4.183355585224744,0.26702269692923897,26.39074321317312,0.0,32.354250111259454,67.1562082777036,32.398753894081,0.26702269692923897,53.98308856252781,7.565643079661771,6.008010680907877,1.557632398753894,40.67645749888741,6.408544726301735,40.453938584779706,73.56475300400534,8.989764129951046,0.1780151312861593,11.526479750778817,2.3141967067200713,17.53449043168669,76.90253671562083,0.22251891410769917,0.04450378282153983,58.56697819314642,0.8010680907877169,0.1780151312861593,40.18691588785047,34.04539385847797,13.707165109034268,4.539385847797063,0.26702269692923897,48.06408544726302,0.0,85.5807743658211,,,,,0.5785491766800178,5.429461504227859,4.361370716510903,37.516688918558074,,,,,,2.5812194036493104,43.12416555407209,16.644414775255896,2.358700489541611,20.694259012016023,49.66622162883845,5.38495772140632,6.542056074766355,0.44503782821539833,0.5785491766800178,44.54828660436137,,,,,,,,,,,4.324505531344284,3.4730752,2247,3.4730752,2247,2.6910346,2900.0,1.7493836,4461.0
040902,253,0.0,0.0,100.0,14.624505928853756,0.0,1.976284584980237,0.7905138339920948,97.23320158102767,5.138339920948616,0.7905138339920948,4.3478260869565215,94.86166007905139,0.0,1.976284584980237,2.766798418972332,0.3952569169960474,78.65612648221344,77.4703557312253,0.0,1.1857707509881423,21.343873517786562,0.0,68.3794466403162,31.225296442687746,68.3794466403162,0.3952569169960474,63.241106719367586,28.458498023715414,26.877470355731226,1.5810276679841897,22.92490118577075,11.857707509881424,32.80632411067194,66.00790513833992,9.090909090909092,0.0,15.810276679841897,3.5573122529644268,22.134387351778656,55.33596837944664,0.0,0.0,75.88932806324111,0.3952569169960474,0.0,23.715415019762847,15.810276679841897,50.59288537549407,9.486166007905139,0.3952569169960474,61.26482213438735,0.0,95.65217391304348,,,,,0.0,15.019762845849803,0.3952569169960474,32.80632411067194,,,,,,0.0,49.80237154150198,57.312252964426875,10.276679841897232,32.80632411067194,37.944664031620555,10.671936758893281,1.1857707509881423,1.5810276679841897,0.7905138339920948,65.21739130434783,,,,,,,,,,,7.0588235294117645,3.4545455,253,3.4545455,253,2.5260115,346.0,1.8917749,462.0
040903,590,26.610169491525422,20.847457627118644,48.644067796610166,3.0508474576271185,0.0,5.932203389830509,42.03389830508475,52.03389830508475,35.59322033898305,15.76271186440678,19.83050847457627,64.40677966101696,0.3389830508474576,0.847457627118644,34.067796610169495,0.3389830508474576,76.61016949152543,39.32203389830509,35.25423728813559,0.0,23.389830508474578,0.0,51.016949152542374,48.813559322033896,51.016949152542374,0.1694915254237288,77.28813559322033,4.915254237288136,0.1694915254237288,4.745762711864407,76.61016949152543,9.830508474576272,5.084745762711864,91.86440677966101,3.559322033898305,0.0,1.8644067796610169,2.3728813559322033,14.067796610169491,63.898305084745765,0.0,0.0,43.898305084745765,0.1694915254237288,0.1694915254237288,51.69491525423729,65.76271186440678,26.779661016949152,0.1694915254237288,0.0,41.186440677966104,0.0,91.52542372881356,,,,,0.1694915254237288,11.694915254237289,4.745762711864407,36.101694915254235,,,,,,0.3389830508474576,47.96610169491525,16.779661016949152,4.067796610169491,7.288135593220339,68.8135593220339,18.64406779661017,2.711864406779661,1.1864406779661016,0.3389830508474576,41.186440677966104,,,,,,,,,,,10.089503661513426,3.3559322,590,3.3559322,590,2.5984251,762.0,1.4965986,1323.0
041001,4331,13.230200877395522,3.4634033710459478,50.219348880166244,3.8328330639575157,0.04617871161394597,7.50404063726622,8.0350958208266,84.46086354190719,6.095589933040868,3.070884322327407,3.024705610713461,93.90441006695913,2.4936504271530824,0.41560840452551373,3.024705610713461,0.1616254906488109,39.73678134380051,20.157007619487416,15.377510967444008,0.20780420226275687,60.26321865619949,0.0,17.54791041329947,81.50542599861464,17.663357192334335,0.4386977603324867,42.29969983837451,3.7866543523435694,2.1242207342415145,1.662433618102055,45.416762872315864,25.860078503809742,13.969060263218656,87.67028399907643,3.8790117755714615,0.11544677903486493,4.894943431078273,2.4705610713461095,4.1099053336411915,88.66312629877626,0.023089355806972984,0.04617871161394597,19.602863080120066,1.6855229739090278,0.1616254906488109,75.22512121911798,83.49111059801432,3.2325098129762178,0.7157700300161626,0.11544677903486493,66.05864696374971,0.0,78.38836296467329,,,,,0.4848764719464327,7.688755483722004,4.502424382359732,17.201570076194873,,,,,,1.8933271761717847,79.47356268760102,8.82013391826368,1.4315400600323251,7.34241514661741,73.81667051489264,9.951512352805358,1.4315400600323251,2.0549526668205957,0.2770722696836758,23.020087739552068,,,,,,,,,,,6.093189964157706,2.3151698,4331,2.3151698,4331,2.0363526,4924.0,1.4330428,6997.0
041101,1898,61.74920969441517,6.533192834562698,29.504741833508955,4.689146469968388,0.05268703898840885,25.026343519494205,44.52054794520548,30.453108535300316,19.072708113804005,7.218124341412013,11.854583772391992,80.927291886196,10.590094836670179,1.8440463645943097,6.269757639620654,0.36880927291886195,81.61222339304531,80.61116965226554,0.26343519494204426,0.15806111696522657,18.387776606954688,0.0,63.96206533192834,33.825079030558484,64.2781875658588,1.7386722866174922,64.59430979978926,3.530031612223393,0.7376185458377239,2.792413066385669,26.290832455216016,11.169652265542677,53.47734457323499,79.55742887249737,8.851422550052687,0.5268703898840885,7.165437302423604,1.791359325605901,9.378292939936776,89.19915700737619,0.0,0.0,61.22233930453108,2.2655426765015805,0.05268703898840885,36.24868282402529,38.14541622760801,17.702845100105375,1.5806111696522656,0.1053740779768177,36.933614330874605,53.47734457323499,90.30558482613277,,,,,0.47418335089567965,8.377239199157007,5.005268703898841,18.80927291886196,,,,,,4.7418335089567965,73.28767123287672,52.68703898840885,9.58904109589041,19.494204425711274,61.9072708113804,19.072708113804005,11.749209694415175,0.26343519494204426,1.5279241306638567,54.95258166491043,,,,,,,,,,,13.24736225087925,2.7544785,1898,2.7544785,1898,1.917125,2727.0,1.1355343,4604.0
041201,1992,27.15863453815261,5.72289156626506,56.12449799196787,11.646586345381525,0.10040160642570281,6.877510040160643,24.497991967871485,68.62449799196787,5.973895582329317,3.3132530120481927,2.6606425702811247,94.02610441767068,3.3132530120481927,0.45180722891566266,2.108433734939759,0.10040160642570281,45.73293172690763,37.19879518072289,6.7269076305220885,0.15060240963855423,54.26706827309237,0.0,19.026104417670684,80.3714859437751,19.27710843373494,0.25100401606425704,54.066265060240966,8.483935742971887,1.3052208835341366,7.178714859437751,53.91566265060241,10.040160642570282,22.690763052208837,93.27309236947791,3.8654618473895583,0.10040160642570281,2.0080321285140563,0.6024096385542169,6.977911646586345,89.35742971887551,0.0,0.0,35.19076305220884,0.6526104417670683,0.050200803212851405,63.90562248995984,69.87951807228916,6.42570281124498,1.8072289156626506,0.0,50.903614457831324,0.0,76.90763052208835,,,,,0.20080321285140562,8.534136546184738,3.7650602409638556,20.03012048192771,,,,,,1.9076305220883534,55.92369477911647,11.194779116465863,2.0080321285140563,9.036144578313253,56.877510040160644,5.120481927710843,1.2048192771084338,0.8032128514056225,0.20080321285140562,24.849397590361445,,,,,,,,,,,5.113813532896788,2.6029117,1992,2.6029117,1992,2.1025953,2466.0,1.4074376,3684.0
041202,728,33.79120879120879,8.791208791208792,48.9010989010989,15.10989010989011,0.0,5.4945054945054945,35.85164835164835,58.65384615384615,2.60989010989011,1.9230769230769231,0.6868131868131868,97.39010989010988,0.41208791208791207,0.13736263736263737,2.0604395604395602,0.0,63.18681318681319,57.967032967032964,3.5714285714285716,0.13736263736263737,36.81318681318681,0.0,13.324175824175825,86.67582417582418,13.324175824175825,0.0,33.379120879120876,0.13736263736263737,0.0,0.13736263736263737,54.532967032967036,7.142857142857143,34.47802197802198,87.36263736263736,3.9835164835164836,0.0,5.357142857142857,1.6483516483516483,7.28021978021978,90.10989010989012,0.0,0.27472527472527475,36.4010989010989,2.4725274725274726,0.0,60.85164835164835,71.97802197802197,6.043956043956044,2.60989010989011,0.0,54.120879120879124,0.0,80.63186813186813,,,,,0.0,9.203296703296703,3.5714285714285716,23.214285714285715,,,,,,0.5494505494505495,47.527472527472526,10.164835164835164,2.8846153846153846,7.0054945054945055,53.434065934065934,4.258241758241758,1.510989010989011,0.5494505494505495,0.27472527472527475,24.45054945054945,,,,,,,,,,,5.155482815057283,2.7376373,728,2.7376373,728,2.1733916,917.0,1.4558072,1369.0
041301,1886,13.52067868504772,6.839872746553553,50.3711558854719,18.29268292682927,0.10604453870625663,3.9766702014846236,16.118769883351007,79.90455991516437,12.672322375397666,6.786850477200424,5.885471898197243,87.32767762460233,0.2651113467656416,0.2651113467656416,11.770943796394485,0.3711558854718982,43.00106044538706,23.753976670201485,12.56627783669141,0.2651113467656416,56.99893955461294,0.0,10.710498409331919,88.7592788971368,11.134676564156946,0.10604453870625663,59.650053022269354,2.3860021208907742,0.689289501590668,1.696712619300106,53.552492046659594,14.899257688229056,26.139978791092258,94.69777306468717,1.9088016967126193,0.15906680805938495,1.9088016967126193,1.007423117709438,6.044538706256628,88.70625662778367,0.10604453870625663,0.0,39.92576882290562,0.15906680805938495,0.053022269353128315,59.278897136797454,85.36585365853658,10.869565217391305,0.47720042417815484,0.10604453870625663,40.031813361611874,0.0,80.3287380699894,,,,,0.5302226935312832,12.93743372216331,5.832449628844114,23.5949098621421,,,,,,0.47720042417815484,72.32237539766702,9.331919406150583,2.3329798515376456,7.635206786850477,62.089077412513255,4.559915164369035,5.832449628844114,0.21208907741251326,0.21208907741251326,23.329798515376456,,,,,,,,,,,4.182776801405975,2.9130435,1886,2.9130435,1886,2.2882133,2401.0,1.3498771,4070.0
041401,4302,43.23570432357043,14.528126452812645,25.499767549976756,2.4872152487215247,0.1394700139470014,21.524872152487216,28.196187819618782,50.278940027894,21.571362157136214,11.413296141329614,10.158066015806602,78.42863784286378,18.433286843328684,0.5346350534635054,2.4639702463970248,0.1394700139470014,60.92515109251511,55.671780567178054,3.99814039981404,0.2789400278940028,39.07484890748489,0.0,42.14318921431892,56.92701069270107,42.32914923291492,0.6508600650860065,73.05904230590423,26.499302649930264,22.22222222222222,4.277080427708043,37.19200371920037,5.625290562529056,27.80102278010228,89.05160390516039,4.370060437006043,0.44165504416550444,3.5797303579730357,1.4179451417945141,6.927010692701069,89.1445839144584,0.09298000929800093,0.023245002324500233,49.465364946536496,3.905160390516039,0.3719200371920037,45.60669456066945,54.99767549976755,19.618781961878195,2.0455602045560206,0.0697350069735007,34.51882845188285,30.311483031148303,73.10553231055323,,,,,0.2789400278940028,6.694560669456067,5.044165504416551,22.87308228730823,,,,,,10.181311018131101,67.17805671780567,33.84472338447234,5.439330543933054,12.366341236634124,54.43979544397954,3.440260344026034,1.5574151557415157,1.2319851231985124,0.697350069735007,39.51650395165039,,,,,,,,,,,5.221489161168709,3.0432358,4302,3.0432358,4302,2.169705,6034.0,1.3085457,10005.0
041501,181,37.569060773480665,4.419889502762431,34.25414364640884,1.6574585635359116,0.0,7.734806629834254,35.91160220994475,56.353591160220994,15.469613259668508,0.5524861878453039,14.917127071823204,84.5303867403315,15.469613259668508,0.0,0.0,0.0,51.93370165745856,28.7292817679558,23.204419889502763,0.0,48.06629834254144,0.0,24.861878453038674,74.58563535911603,24.861878453038674,0.0,46.408839779005525,0.0,0.0,0.0,56.353591160220994,4.419889502762431,35.91160220994475,74.03314917127072,9.392265193370166,0.5524861878453039,12.154696132596685,1.6574585635359116,9.94475138121547,71.8232044198895,0.0,0.0,28.7292817679558,0.0,0.0,71.2707182320442,70.7182320441989,15.469613259668508,2.7624309392265194,0.0,59.668508287292816,0.0,77.90055248618785,,,,,0.0,9.94475138121547,4.419889502762431,26.519337016574585,,,,,,0.5524861878453039,50.828729281767956,16.574585635359117,5.524861878453039,24.30939226519337,40.88397790055249,7.18232044198895,0.0,0.0,0.5524861878453039,37.01657458563536,,,,,,,,,,,1.5873015873015872,2.801105,181,2.801105,181,2.3915095,212.0,1.718644,295.0
041502,193,28.497409326424872,3.626943005181347,12.435233160621761,0.5181347150259067,0.0,4.66321243523316,27.46113989637306,67.87564766839378,13.989637305699482,2.5906735751295336,11.398963730569948,86.01036269430051,11.398963730569948,0.5181347150259067,2.0725388601036268,0.0,49.740932642487046,35.233160621761655,10.880829015544041,0.5181347150259067,50.259067357512954,0.0,15.544041450777202,84.4559585492228,15.544041450777202,0.0,49.22279792746114,1.5544041450777202,0.5181347150259067,1.0362694300518134,68.39378238341969,3.1088082901554404,13.989637305699482,79.79274611398964,2.0725388601036268,0.0,4.66321243523316,2.5906735751295336,6.7357512953367875,36.78756476683938,0.5181347150259067,0.0,34.715025906735754,0.0,0.5181347150259067,64.24870466321244,68.9119170984456,19.17098445595855,0.5181347150259067,0.0,63.73056994818653,0.0,76.16580310880829,,,,,0.0,7.253886010362694,2.5906735751295336,36.78756476683938,,,,,,1.5544041450777202,28.497409326424872,15.544041450777202,2.5906735751295336,10.880829015544041,26.424870466321245,2.5906735751295336,2.0725388601036268,0.0,0.0,35.751295336787564,,,,,,,,,,,2.5,3.4248705,193,3.4248705,193,2.849138,232.0,1.8939828,349.0
041503,245,10.612244897959183,14.285714285714286,5.714285714285714,1.6326530612244898,0.0,3.2653061224489797,15.918367346938776,80.81632653061224,4.489795918367347,2.4489795918367347,2.0408163265306123,95.51020408163265,2.4489795918367347,0.0,2.0408163265306123,0.0,53.87755102040816,29.79591836734694,15.510204081632653,3.673469387755102,46.12244897959184,0.0,11.83673469387755,87.34693877551021,12.244897959183673,0.40816326530612246,58.775510204081634,2.4489795918367347,2.4489795918367347,0.0,66.53061224489795,4.8979591836734695,16.3265306122449,86.12244897959184,7.346938775510204,0.0,4.489795918367347,1.2244897959183674,3.2653061224489797,60.0,0.8163265306122449,0.0,13.46938775510204,0.40816326530612246,0.0,85.71428571428571,85.71428571428571,3.2653061224489797,1.2244897959183674,0.40816326530612246,60.0,0.0,63.265306122448976,,,,,0.40816326530612246,4.489795918367347,0.8163265306122449,38.775510204081634,,,,,,2.0408163265306123,51.42857142857143,2.857142857142857,2.857142857142857,12.653061224489797,40.0,6.122448979591836,2.0408163265306123,2.4489795918367347,1.6326530612244898,25.714285714285715,,,,,,,,,,,0.9933774834437086,3.4285715,245,3.4285715,245,2.9065745,289.0,2.1649485,388.0
041601,2254,24.312333629103815,8.34072759538598,34.78260869565217,7.231588287488909,0.0,8.96184560780834,20.319432120674357,70.71872227151731,6.965394853593612,4.924578527062999,2.0408163265306123,93.03460514640639,0.1774622892635315,1.064773735581189,5.723158828748891,0.0,36.15794143744454,29.591836734693878,4.436557231588288,0.3105590062111801,63.84205856255546,0.0,16.858917480035494,82.47559893522626,16.94764862466726,0.3992901508429459,40.683229813664596,0.44365572315882873,0.08873114463176575,0.354924578527063,46.80567879325643,10.115350488021296,38.50931677018634,94.32120674356699,1.5084294587400178,0.044365572315882874,2.7950310559006213,0.7985803016858918,5.456965394853594,82.1206743566992,0.08873114463176575,0.044365572315882874,40.90505767524401,2.6619343389529724,0.08873114463176575,55.63442768411713,80.12422360248448,7.3646850044365575,0.7542147293700089,0.0,51.774622892635314,0.0,78.12777284826974,,,,,0.22182786157941436,9.139307897071872,5.368234250221827,16.637089618456077,,,,,,0.7985803016858918,74.22360248447205,10.514640638864241,1.5971606033717836,5.989352262644188,49.68944099378882,3.815439219165927,2.0408163265306123,0.22182786157941436,0.26619343389529726,18.98846495119787,,,,,,,,,,,7.511467889908257,2.4236913,2254,2.4236913,2254,1.9858234,2751.0,1.3256491,4121.0
050101,51606,85.64120451110335,9.000891369220634,3.067472774483587,0.29260163546874396,0.5328837732046662,59.26442661706003,32.53303879393869,8.20253458900128,81.42851606402357,33.39146610859203,48.03704995543154,18.57148393597644,79.95000581327753,0.4980041080494516,0.5735767158857498,0.40692942681083594,94.74673487578964,94.30492578382359,0.0775103670115878,0.16470952989962406,5.253265124210363,36.894934697515794,54.206875169553925,7.125140487540208,91.50486377552998,1.2692322598147503,76.50660775878774,82.44583963105066,66.42057125140488,16.025268379645777,5.2726427159632605,1.003759252800062,10.742936867806069,58.853621671898615,22.958570708832305,4.76494981203736,9.580281362632252,1.556020617757625,43.07251094833934,54.602178041313024,0.06782157113513933,0.01550207340231756,69.08886563577879,18.668371894740922,8.208347866527149,2.753555788086657,9.638414137890942,59.80699918614115,12.640003100414681,1.5250164709529899,36.13727085997752,90.6173700732473,88.48777273960393,,,,,4.489788009146223,9.646165174592102,5.076929039259001,22.42762469480293,,,,,,32.938030461574236,87.71073131031275,84.10456148509863,35.60244932759757,27.175134674262683,25.16567840948727,5.043987133279076,1.58896252373755,0.2402821377359222,10.516219044297175,80.90919660504592,,,,,,,,,,,2.499004020136902,3.6411076,51606,3.6411076,51606,1.9803236,94885.0,1.3369502,140546.0
050102,7545,47.528164347249835,14.831013916500995,22.08084824387011,1.2856196156394963,0.35785288270377735,12.021206096752817,48.34990059642147,39.62889330682571,10.828363154406892,5.659377070907886,5.168986083499006,89.17163684559311,0.5566600397614314,0.781974817760106,9.25115970841617,0.23856858846918488,39.363817097415506,37.76010603048376,0.3313452617627568,0.25182239893969516,60.636182902584494,0.0,8.972829688535453,90.44400265076209,9.357190192180251,0.1855533465871438,71.57057654075547,0.7289595758780649,0.21206096752816433,0.5168986083499006,14.64546056991385,9.237905897945659,71.8621603711067,96.5142478462558,1.6832339297548045,0.026507620941020542,0.4638833664678595,1.0868124585818424,4.89065606361829,84.6520874751491,0.2253147779986746,0.013253810470510271,35.758780649436716,1.126573889993373,0.6361829025844931,61.48442677269715,86.08349900596421,10.669317428760769,1.603711066931743,0.15904572564612326,37.614314115308154,0.0,33.87673956262425,,,,,0.6626905235255136,6.163021868787276,5.34128561961564,33.61166335321405,,,,,,1.0603048376408217,79.7481776010603,9.648774022531478,0.9675281643472499,3.8833664678595095,9.343936381709742,0.49039098740888004,0.5699138502319416,0.17229953611663354,0.23856858846918488,12.577866136514247,,,,,,,,,,,6.869294143843242,3.5909874,7545,3.5909874,7545,2.7161906,9975.0,1.6351237,16570.0
050103,2916,71.70781893004116,14.506172839506172,5.761316872427984,0.4458161865569273,0.5486968449931413,30.829903978052126,47.94238683127572,21.227709190672154,30.315500685871058,14.780521262002743,15.534979423868313,69.68449931412894,12.62002743484225,1.9204389574759946,14.746227709190672,1.02880658436214,77.57201646090535,76.23456790123457,0.13717421124828533,0.102880658436214,22.42798353909465,0.0,46.36488340192044,52.46913580246913,46.5363511659808,0.8916323731138546,68.1755829903978,7.304526748971194,5.829903978052126,1.4746227709190671,33.43621399176955,8.23045267489712,49.142661179698216,86.41975308641975,4.252400548696845,0.3772290809327846,4.458161865569273,3.0864197530864197,9.979423868312757,87.86008230452676,0.0,0.0,62.48285322359396,22.70233196159122,1.0631001371742113,13.580246913580247,24.45130315500686,67.96982167352537,3.223593964334705,0.17146776406035666,34.91083676268862,0.0,88.37448559670781,,,,,0.5486968449931413,14.094650205761317,4.938271604938271,19.650205761316872,,,,,,7.784636488340192,82.33882030178326,36.86556927297668,4.458161865569273,19.615912208504803,30.795610425240056,2.7434842249657065,1.4060356652949246,0.24005486968449932,0.205761316872428,44.75308641975309,,,,,,,,,,,6.810035842293907,3.0181756,2916,3.0181756,2916,2.0640244,4264.0,1.2444853,7072.0
050104,1102,21.415607985480943,25.952813067150636,21.415607985480943,0.5444646098003629,0.18148820326678766,2.3593466424682394,27.76769509981851,69.87295825771325,10.344827586206897,5.172413793103448,5.172413793103448,89.65517241379311,0.0,1.5426497277676952,8.711433756805807,0.09074410163339383,47.73139745916515,44.918330308529946,1.9056261343012704,0.0,52.26860254083485,0.0,16.969147005444647,82.75862068965517,16.969147005444647,0.27223230490018147,62.613430127041745,0.09074410163339383,0.09074410163339383,0.0,68.51179673321234,11.705989110707804,17.05989110707804,96.64246823956442,0.3629764065335753,0.0,1.3611615245009074,1.1796733212341197,5.535390199637024,66.1524500907441,0.0,0.0,34.39201451905626,0.18148820326678766,0.18148820326678766,65.15426497277677,79.94555353901997,18.058076225045372,1.0889292196007259,0.0,64.7005444646098,0.0,42.01451905626134,,,,,0.18148820326678766,5.353901996370236,2.9038112522686026,19.872958257713247,,,,,,0.5444646098003629,71.41560798548095,12.431941923774955,1.0889292196007259,5.2631578947368425,25.045372050816695,0.4537205081669691,0.27223230490018147,0.09074410163339383,0.09074410163339383,22.77676950998185,,,,,,,,,,,3.9009287925696596,2.4990926,1102,2.4990926,1102,2.1702127,1269.0,1.5864055,1736.0
050201,6620,49.561933534743204,35.93655589123867,7.56797583081571,0.7401812688821753,1.0574018126888218,34.06344410876133,35.06042296072508,30.876132930513595,37.492447129909365,23.293051359516618,14.19939577039275,62.507552870090635,25.740181268882175,2.401812688821752,9.123867069486405,0.22658610271903323,71.404833836858,70.86102719033232,0.06042296072507553,0.21148036253776434,28.595166163141993,0.0,59.30513595166163,38.56495468277946,60.66465256797583,0.6344410876132931,75.58912386706949,22.915407854984895,20.483383685800604,2.43202416918429,16.117824773413897,5.090634441087613,54.38066465256797,87.49244712990937,6.827794561933535,1.012084592145015,3.308157099697885,0.7854984894259819,9.607250755287009,88.03625377643505,0.0,0.0,84.96978851963746,1.4954682779456194,0.09063444108761329,13.141993957703928,48.4441087613293,39.45619335347432,2.56797583081571,0.8157099697885196,26.31419939577039,42.67371601208459,78.45921450151057,,,,,0.6948640483383686,6.601208459214502,4.984894259818731,21.570996978851962,,,,,,17.809667673716014,71.37462235649546,51.48036253776435,11.253776435045317,12.885196374622357,24.169184290030213,1.7824773413897281,2.2507552870090635,0.28700906344410876,0.5891238670694864,42.44712990936556,,,,,,,,,,,2.940356744704571,3.255136,6620,3.255136,6620,2.1276658,10128.0,1.2314419,17499.0
050202,4667,53.93186200985644,37.797300192843366,2.6998071566316693,0.2999785729590744,0.38568673666166703,19.52003428326548,53.63188343689736,26.848082279837154,20.677094493250483,11.399185772444826,9.277908720805657,79.32290550674952,13.006213841868439,1.1784872509106492,5.763874008999357,0.7285193914720377,73.90186415256053,73.38761517034497,0.17141632740518534,0.17141632740518534,26.09813584743947,0.0,41.56845939575744,56.37454467538033,42.55410327833726,0.899935718877223,72.40197128776516,25.49817870152132,23.998285836725948,1.4998928647953718,11.484893936147419,5.463895436040283,56.58881508463681,89.56503106920934,5.228197985858153,0.36425969573601885,2.9997857295907435,0.9213627598028712,4.456824512534819,90.61495607456611,0.17141632740518534,0.0,90.82922648382258,0.514248982215556,0.0,8.07799442896936,66.0595671737733,26.440968502249838,0.7285193914720377,0.6856653096207413,26.633811870580672,17.355903149775017,75.05892436254554,,,,,1.1784872509106492,3.835440325691022,5.14248982215556,24.383972573387616,,,,,,8.485108206556674,68.93079065781015,47.22519820012856,6.1709877865866725,8.913649025069638,25.305335333190488,2.2284122562674096,1.6284551103492608,0.5785301049925006,0.5356760231412042,37.06878080137133,,,,,,,,,,,2.7896164277411857,3.4161131,4667,3.4161131,4667,2.3019059,6926.0,1.2790213,12465.0
050203,12409,70.36022241921187,21.992102506245466,3.5619308566363124,0.29817068256910306,1.249093399951648,56.966717704891614,22.29027318881457,20.74300910629382,56.18502699653477,26.537190748650172,29.6478362478846,43.81497300346523,51.25312273349988,1.3216214038198082,2.957530824401644,0.6527520348134419,84.72882585220404,83.98742847932952,0.008058667096462245,0.5399306954629705,15.271174147795955,0.0,82.06140704327504,14.030139414940768,83.9471351438472,1.9099041018615521,71.70601982432106,67.47521959867838,58.0788137642034,9.396405834474978,5.826416310742204,1.3216214038198082,24.87710532677895,69.25618502699653,18.19647030381175,3.4249335159964542,6.841808364896446,0.8945120477073092,20.60601176565396,75.0261906680635,0.25787734708679183,0.01611733419292449,91.19187686356676,2.61906680635023,0.6769280361028286,4.512853574018857,26.690305423482958,39.62446611330486,3.723104198565557,1.7164960915464582,30.518172294302524,83.59255379160287,84.25336449351278,,,,,1.8776694334757031,6.253525666854702,5.38318962043678,19.840438391490046,,,,,,24.167942622290273,78.21742283826255,68.4744943186397,22.660971875251832,13.401563381416715,23.015553227496174,2.361189459263438,2.1194294463695704,0.23370134579740512,2.103312112176646,63.49423805302603,,,,,,,,,,,5.027659127512079,3.253687,12409,3.253687,12409,1.9817896,20373.0,1.208145,33419.0
050204,2269,17.36447774349934,52.75451740855002,17.893345085940943,0.3966505068312032,0.0,11.326575583957691,30.762450418686647,57.91097399735566,6.346408109299251,3.4376377258704274,2.9087703834288234,93.65359189070075,3.9665050683120318,0.9695901278096077,0.8373732921992068,0.5729396209784046,67.82723666813574,67.21022476862053,0.4407227853680035,0.08814455707360071,32.17276333186426,0.0,39.048038783605115,60.64345526663728,39.22432789775231,0.13221683561040107,58.88056412516527,17.144116350815338,16.13045394446893,1.0136624063464081,9.519612163948876,2.46804759806082,65.53547818422213,91.84662847069194,4.9801674746584395,0.22036139268400176,2.0273248126928163,0.8373732921992068,11.502864698104892,87.1308946672543,0.0,0.0,84.75099162626708,0.35257822829440283,0.617011899515205,14.147201410312913,64.78624944909652,28.206258263552225,2.2917584839136182,0.13221683561040107,37.7258704275011,0.0,68.53239312472455,,,,,0.08814455707360071,2.5561921551344207,6.30233583076245,30.233583076245043,,,,,,2.5561921551344207,66.06434552666373,45.79109739973557,3.657999118554429,10.665491405905685,19.08329660643455,0.8373732921992068,1.895107977082415,0.044072278536800354,0.044072278536800354,26.13486117232261,,,,,,,,,,,4.430894308943089,3.486558,2269,3.486558,2269,2.4683306,3205.0,1.5659145,5052.0
050301,9721,42.16644378150396,10.04011932928711,17.323320646024072,2.5511778623598396,0.5657854130233515,27.857216335767927,24.02016253471865,48.122621129513426,27.62061516304907,15.121901038987758,12.49871412406131,72.37938483695093,13.846312107807838,1.4196070363131366,11.994650756095051,0.3600452628330419,69.36529163666289,63.254809176010696,1.3373109762370126,0.3394712478140109,30.634708363337104,7.746116654665158,30.274663100504064,60.436169118403456,39.018619483592225,0.48348935294722767,74.09731509104002,14.000617220450572,10.780783869972225,3.219833350478346,21.633576792511057,8.322189075198025,51.30130644995371,91.33833967698797,4.999485649624524,0.25717518773788706,2.2322806295648596,0.6583684806089909,16.05801872235367,80.03291842403046,0.16459212015224772,0.010287007509515483,34.502623186914924,39.79014504680588,3.7856187635016973,20.759181154202242,44.62503857627816,48.78098961012242,2.6334739224359636,0.6275074580804444,20.635737064088058,14.792716798683262,71.5564242361897,,,,,1.0287007509515482,19.751054418269725,4.59829235675342,25.542639646126943,,,,,,7.838699722250797,77.18341734389466,36.63203374138463,3.30212941055447,11.943215718547474,31.714844151836232,1.8619483592223023,3.6827486884065426,0.2160271576998251,0.6892295031375373,43.15399650241745,,,,,,,,,,,8.34922836830241,3.4608579,9721,3.4608579,9721,2.2887952,14699.0,1.1980273,28082.0
050302,3222,44.04096834264432,12.321539416511484,22.81191806331471,3.8795779019242707,1.303538175046555,22.625698324022345,34.63687150837989,42.737430167597765,26.039726877715704,12.259466170080696,13.780260707635009,73.96027312228429,7.07635009310987,2.1725636250775917,16.387337057728118,0.40347610180012417,67.59776536312849,63.56300434512725,1.6139044072004967,0.06207324643078833,32.402234636871505,0.0,19.6772191185599,75.10862818125388,23.960273122284296,0.7759155803848541,81.75046554934823,6.797020484171322,5.58659217877095,1.2104283054003724,35.785226567349476,13.128491620111731,40.87523277467412,92.67535692116698,3.0726256983240225,0.40347610180012417,2.7001862197392925,0.8069522036002483,14.587212911235257,76.1018001241465,0.2482929857231533,0.031036623215394164,32.71260086902545,58.16263190564867,2.1104903786468032,6.641837368094351,52.141527001862194,36.095592799503414,5.369335816263191,1.0862818125387959,20.26691495965239,0.0,70.32898820608318,,,,,0.186219739292365,23.15332091868405,5.21415270018622,19.08752327746741,,,,,,5.0900062073246435,70.29795158286778,34.14028553693358,3.2278088144009933,10.862818125387959,23.898199875853507,0.8690254500310366,0.8379888268156425,0.3414028553693358,1.1483550589695841,35.940409683426445,,,,,,,,,,,6.510487605557069,3.0437617,3222,3.0437617,3222,2.0405743,4806.0,1.0465266,9371.0
050303,3897,20.70823710546574,19.296895047472415,25.301513985116756,1.3343597639209648,0.7698229407236336,8.545034642032332,31.04952527585322,60.405440082114445,2.4634334103156275,1.4113420579933282,1.0520913523222992,97.53656658968437,0.3335899409802412,0.3849114703618168,1.1290736463946625,0.6158583525789069,30.0487554529125,23.222992045162947,4.464973056197075,0.3335899409802412,69.9512445470875,0.0,10.341288170387477,89.19681806517835,10.443931229150628,0.3335899409802412,79.39440595329741,0.4105722350526046,0.051321529381575574,0.359250705671029,13.31793687451886,16.936104695919937,66.76930972542982,93.37952270977675,2.258147292789325,0.051321529381575574,0.9494482935591481,2.027200410572235,2.2324865280985375,91.71157300487555,0.3335899409802412,0.0,21.99127534000513,8.596356171413909,0.30792917628945343,68.77084937131127,81.01103412881704,13.292276109828073,0.2052861175263023,0.8211444701052092,25.455478573261484,0.0,50.47472414677957,,,,,0.12830382345393893,6.440851937387734,4.464973056197075,23.89017192712343,,,,,,0.5645368231973312,78.88119065948165,8.673338465486271,0.6671798819604824,3.7464716448550166,6.26122658455222,0.9751090582499359,1.0520913523222992,0.25660764690787785,0.15396458814472672,5.157813702848345,,,,,,,,,,,6.267029972752043,3.0010264,3897,3.0010264,3897,2.2708738,5150.0,1.1663508,10027.0
050401,4286,25.268315445636958,41.36724218385441,12.622491833877742,1.8665422305179655,2.6364909006066264,15.282314512365842,32.12785814279048,52.58982734484368,22.958469435370976,10.382641157256183,12.575828278114793,77.04153056462903,12.41250583294447,1.0965935604293047,8.796080261315913,0.653289780681288,50.16332244517032,46.94353709752683,2.5198320111992536,0.5132991133924405,49.83667755482968,0.0,28.884741017265515,68.71208586094261,30.494633691087262,0.6766215585627625,62.739150723285114,13.952403173121791,11.54923005132991,2.4031731217918804,8.726084927671488,6.99953336444237,68.96873541763883,81.61455902939804,12.902473168455437,1.3999066728884741,2.1231917872141857,1.306579561362576,8.212785814279048,77.34484367708819,0.653289780681288,0.0,56.5095660289314,2.659822678488101,0.5366308912739151,37.28418105459636,70.43863742417172,14.255716285580961,1.0032664489034064,1.1665888940737283,33.71441903873075,25.314979001399905,48.18012132524498,,,,,2.053196453569762,5.1796546896873545,6.112925804946337,30.821278581427904,,,,,,6.392907139524032,68.43210452636491,26.108259449370042,4.176388240783948,4.876341577228184,13.089127391507233,1.8665422305179655,1.5398973401773215,0.04666355576294914,0.5366308912739151,25.711619225384975,,,,,,,,,,,1.656726308813784,3.5158656,4286,3.5158656,4286,2.62389,5743.0,1.4863878,10138.0
050402,6685,51.578160059835454,18.055347793567687,10.620792819745699,0.6881077038145101,0.49364248317127896,30.231862378459237,37.950635751682874,31.817501869857892,27.210172026925953,15.617053103964098,11.593118922961855,72.78982797307404,5.804038893044129,2.4831712789827973,18.444278234854153,0.4786836200448766,31.98204936424832,28.691099476439792,1.899775617053104,0.8526551982049364,68.01795063575169,0.0,11.353777112939417,87.15033657442035,12.041884816753926,0.7180254300673149,67.09050112191474,7.299925205684368,6.118175018698579,1.1817501869857892,22.228870605833958,6.537023186237846,57.636499626028424,91.56320119670904,5.026178010471204,0.05983545250560957,1.480927449513837,1.4210919970082274,7.210172026925954,86.8362004487659,0.32909498878085264,0.11967090501121914,20.149588631264024,29.3642483171279,0.8825729244577412,47.95811518324607,84.27823485415108,9.424083769633508,1.3014210919970082,0.5833956619296934,31.787584143605088,0.0,39.207180254300674,,,,,0.5833956619296934,10.545998504113687,4.487658937920718,26.8661181750187,,,,,,3.919222139117427,74.30067314884069,9.708302169035154,1.630516080777861,4.2034405385190725,7.9880329094988785,0.49364248317127896,1.4210919970082274,0.28421839940164545,0.2243829468960359,15.272999252056843,,,,,,,,,,,5.733888752756677,3.1474943,6685,3.1474943,6685,2.452331,8580.0,1.4222658,14794.0
050403,8436,19.44049312470365,43.63442389758179,16.35846372688478,1.5647226173541964,1.4343290659080132,8.961593172119487,35.75154101469891,55.286865813181606,10.644855381697488,5.796586059743954,4.848269321953532,89.35514461830252,2.4063537221431957,1.1735419630156472,6.495969653864391,0.5689900426742532,47.475106685633,46.313418681839735,0.2726410621147463,0.24893314366998578,52.524893314367,0.0,15.410146989094358,83.36889521100048,16.168800379326694,0.41488857278330965,70.13987671882408,4.385964912280702,3.9236605026078712,0.4623044096728307,16.631104788999526,8.771929824561404,67.03413940256046,93.24324324324324,4.018492176386913,0.13039355144618303,1.4580369843527738,0.7586533902323376,6.626363205310573,86.2968231389284,0.24893314366998578,0.0,65.80132764343291,0.6282598387861545,0.08297771455666192,32.432432432432435,79.49265054528212,16.86818397344713,0.604551920341394,0.40303461356092934,32.681365576102415,0.0,57.59838786154575,,,,,1.0194404931247036,5.215742057847321,4.8601232811759125,23.458985301090564,,,,,,1.71882408724514,67.15267899478425,19.879089615931722,2.4300616405879563,3.7221431958274063,18.859649122807017,1.635846372688478,1.9084874348032244,0.474158368895211,0.1896633475580844,17.437174016121386,,,,,,,,,,,4.371352785145889,3.1025367,8436,3.1025367,8436,2.2502794,11631.0,1.2821732,20413.0
050404,5093,35.81386216375417,26.664048694286276,13.665815825643039,1.079913606911447,0.3141566856469664,22.03023758099352,34.046730806989984,43.923031612016494,16.10053013940703,9.915570390732377,6.184959748674651,83.89946986059297,5.792263891615943,2.0420184567052817,8.010995483997643,0.2552523070881602,40.05497741998822,37.24720204201846,0.6675829569998036,1.1388179854702534,59.94502258001178,0.0,15.315138425289613,82.3090516395052,16.257608482230513,0.4319654427645788,69.82132338503828,1.2566267425878657,0.7264873355586099,0.5301394070292559,16.218338896524642,4.928333006086786,75.98664834086,91.36069114470843,5.556646377380718,0.2356175142352248,1.2762615354408011,1.2762615354408011,5.085411348910269,88.45474180247399,0.392695857058708,0.0,43.51070096210485,1.5315138425289614,0.490869821323385,52.42489691733752,84.92047908894561,7.834282348321225,1.079913606911447,0.196347928529354,29.29511093657962,0.0,30.31612016493226,,,,,0.9621048497938347,6.086785784409974,4.673080698998626,26.8996662085215,,,,,,4.162576084822305,67.85784409974475,16.669939132142154,2.336540349499313,3.5342627135283724,9.208717848026703,0.6479481641468683,0.4319654427645788,0.2159827213822894,0.1374435499705478,15.275868839583742,,,,,,,,,,,5.46700942587832,3.1460829,5093,3.1460829,5093,2.4548798,6527.0,1.3560426,11816.0
050405,6364,19.53174104336895,40.10056568196103,23.64864864864865,1.9484600879949716,2.027027027027027,12.743557510999372,25.927089880578254,61.329352608422376,18.35323695788812,9.726587052168448,8.626649905719674,81.64676304211189,3.535512256442489,0.4714016341923319,13.922061596480201,0.42426147077309867,60.49654305468259,58.249528598365806,1.4299182903834067,0.2042740414833438,39.50345694531741,0.0,18.91891891891892,79.76115650534256,19.296040226272783,0.8642363293526084,73.39723444374607,0.4085480829666876,0.06285355122564425,0.34569453174104336,22.391577624135763,3.6769327467001887,72.92583280955374,94.20175989943432,3.1583909490886235,0.06285355122564425,1.4613450659962288,0.8013827781269641,3.1898177247014456,89.55059710873664,0.1571338780641106,0.01571338780641106,63.6392206159648,0.9899434318038969,0.10999371464487744,34.67944688874921,81.19107479572595,15.634820867379007,0.6442489000628535,0.1571338780641106,27.38843494657448,0.0,58.956631049654305,,,,,0.5656819610307983,11.423632935260843,5.248271527341295,25.487115021998743,,,,,,2.309868007542426,62.335009428032684,27.922690131992457,1.7127592708988058,4.054054054054054,26.697045883092393,1.2570710245128849,1.8541797611565054,0.14142049025769957,0.18856065367693275,20.39597737272156,,,,,,,,,,,6.433623503808487,3.1164362,6364,3.1164362,6364,2.339625,8477.0,1.3196486,15029.0
050501,8277,24.344569288389515,34.04615198743506,9.556602633804518,1.0027787845837863,1.9813942249607346,11.598405219282348,38.21432886311465,50.18726591760299,7.671861785671137,4.385646973541138,3.286214812129999,92.32813821432886,3.4432765494744473,0.6644919656880512,3.3466231726470945,0.21747009786154403,22.35109339132536,18.27956989247312,2.8391929443034916,0.4711852120333454,77.64890660867464,0.0,10.88558656518062,87.25383593089283,12.299142201280658,0.3382868188957352,61.02452579436994,6.777818050018123,3.9990334662317264,2.778784583786396,18.243324876162863,7.3939833272924975,64.68527244170593,92.65434336112118,4.482300350368491,0.21747009786154403,1.2202488824453304,1.280657242962426,5.521324151262535,82.4332487616286,0.42285852361966897,0.20538842575812494,39.422496073456564,1.1235955056179776,1.3652289476863597,57.2067174096895,84.37839797027908,9.749909387459224,1.5343723571342274,0.5436752446538601,39.83327292497282,0.0,35.99130119608554,,,,,0.6886553098948894,3.455358221577866,5.110547299746285,35.16974749305304,,,,,,1.7518424549957714,59.29684668358101,9.568684305907938,2.670049534855624,1.6431074060649995,7.369819983085659,0.9423704240666908,0.26579678627522046,0.19330675365470582,0.1691434094478676,7.7805968346019085,,,,,,,,,,,3.487627986348123,3.601909,8277,3.601909,8277,2.7998686,10648.0,1.650501,18063.0
050502,3511,50.356023924807744,18.17146112218741,7.604671033893478,0.19937339789233838,0.39874679578467676,21.95955568214184,40.52976360011393,37.51068071774423,20.53545998291085,11.022500712047849,9.512959270863002,79.46454001708915,6.522358302477927,6.522358302477927,7.348333808031899,0.14240956992309883,35.630874394759324,29.023070350327544,5.183708345200798,0.45571062375391624,64.36912560524067,0.0,16.94673882084876,81.9709484477357,17.288521788664198,0.7405297636001139,58.33095984050128,9.598405012816862,8.51609228140131,1.0823127314155512,31.956707490743376,6.835659356308744,47.87809740814583,90.54400455710623,3.7596126459698094,0.0854457419538593,2.7342637425234977,2.534890344631159,9.68385075477072,81.88550270578183,0.4272287097692965,0.4272287097692965,37.22586157789804,13.756764454571346,1.594987183138707,46.8242665907149,75.04984334947308,19.823412133295356,2.677299914554258,0.22785531187695812,36.5992594702364,0.0,50.58387923668471,,,,,1.110794645400171,6.750213614354885,5.1267445172315576,23.38365138137283,,,,,,7.5477072059242385,54.0301908288237,15.351751637710054,3.731130731985189,2.534890344631159,9.057248647109086,5.383081743093136,0.7120478496154942,0.11392765593847906,0.6266021076616348,18.22842495015665,,,,,,,,,,,6.328217237308146,3.0524068,3511,3.0524068,3511,2.2581122,4746.0,1.3657448,7847.0
050601,9471,43.659592440080246,18.73086263330166,3.2309154260373774,0.4329004329004329,0.8130081300813008,27.79009608277901,23.28159645232816,48.92830746489283,27.346637102734665,13.145391194171681,14.201245908562981,72.65336289726534,8.795269770879527,1.3831696758526026,16.840882694541232,0.3273149614613029,67.59581881533101,62.98173371344103,3.1253299545982474,1.3937282229965158,32.40418118466899,0.0,29.76454439869074,67.64861155105058,31.517263224580297,0.8130081300813008,67.85978249392883,24.15795586527294,21.539436173582516,2.618519691690423,42.4031253299546,9.766656108119523,20.578608383486433,80.36110231232182,6.5990919649456234,0.5701615457713018,3.568788934642593,7.760532150776053,11.403230915426038,79.49530144652095,0.3061978671734769,0.5279273571956499,32.61535212754725,2.8508077288565095,4.043923556118678,57.94530672579453,61.07063668039278,25.625593918276845,1.5732235244430366,0.6757470172104318,24.242424242424242,18.63583570900644,83.92989124696442,,,,,1.8266286558969487,11.223735613979516,3.748284236089114,23.6405870552212,,,,,,5.416534684827368,59.79305247597931,39.39393939393939,8.06673001794953,10.949213388237778,34.67426882061029,5.395417590539542,0.9397106958082568,0.20061239573434694,0.4751346214760849,22.267975926512513,,,,,,,,,,,4.159495123350545,3.3202407,9471,3.3202407,9471,2.1899853,14359.0,1.1906402,26411.0
050602,3124,56.27400768245839,8.994878361075545,5.569782330345711,0.2560819462227913,0.06402048655569782,35.499359795134446,27.01664532650448,37.483994878361074,30.249679897567223,18.245838668373878,12.003841229193341,69.75032010243278,6.17797695262484,1.824583866837388,22.119078104993598,0.12804097311139565,74.64788732394366,72.50320102432778,0.41613316261203587,1.440460947503201,25.35211267605634,0.0,15.332906530089629,82.6504481434059,17.189500640204866,0.16005121638924455,80.34571062740076,6.850192061459667,3.4250960307298337,3.4250960307298337,46.76696542893726,6.017925736235595,38.1562099871959,88.4122919334187,7.042253521126761,0.19206145966709348,2.560819462227913,1.3444302176696543,8.450704225352112,75.83226632522407,0.03201024327784891,0.09603072983354674,17.477592829705507,5.153649167733675,1.6965428937259923,71.99103713188221,65.39692701664532,29.353393085787452,1.3124199743918055,1.5364916773367479,10.371318822023047,0.0,88.348271446863,,,,,2.240717029449424,28.48911651728553,3.9692701664532652,19.590268886043535,,,,,,4.449423815620999,77.24071702944943,43.62996158770807,4.609475032010243,7.010243277848912,42.12548015364917,1.8886043533930859,2.208706786171575,0.3201024327784891,0.22407170294494239,37.804097311139564,,,,,,,,,,,6.304138594802695,3.3546734,3124,3.3546734,3124,2.0797777,5039.0,0.8953439,11705.0
050701,5618,41.1000355998576,34.28266286934852,8.793164827340691,0.978996084015664,3.2039871840512637,13.563545745817017,46.47561409754361,39.96084015663937,15.610537557849769,8.526165895336419,7.08437166251335,84.38946244215023,10.19935920256319,0.9611961552153792,4.1295834816660735,0.3203987184051264,57.689569241723035,56.15877536489854,0.19579921680313278,0.42719829120683517,42.310430758276965,0.0,19.900320398718407,78.74688501245996,20.57671769312923,0.5161979352082592,69.15272338910644,13.741545033819865,12.513349946600213,1.2281950872196512,19.864720541117837,8.401566393734425,55.46457814168743,88.35884656461374,7.4937700249199,0.5517977928088288,1.9045923816304735,1.156995372018512,5.927376290494838,82.8942684229263,0.2313990744037024,0.0,76.50409398362406,1.5307938768244926,0.39159843360626556,20.558917764328942,76.91349234603062,14.13314346742613,0.5695977216091136,0.8721965112139551,26.14809540761837,16.269134923460307,54.82378070487718,,,,,0.7653969384122463,3.1149875400498397,5.446778212887148,28.533285866856534,,,,,,5.8561765752936985,59.220363118547525,29.049483802064792,3.3819864720541117,2.812388750444998,15.325738697045212,2.6343894624421504,0.8365966536133855,0.0355998576005696,0.2491990032039872,23.81630473478106,,,,,,,,,,,3.879790109715376,3.447312,5618,3.447312,5618,2.471857,7835.0,1.3253268,14613.0
050702,2741,42.685151404596866,43.305363006202114,7.114191900766143,0.7296607077708865,0.1459321415541773,17.29295877417001,43.7066763954761,39.00036483035389,14.155417730755198,9.631521342575702,4.523896388179496,85.8445822692448,3.575337468077344,1.787668734038672,8.500547245530829,0.2918642831083546,46.406421014228386,45.457862094126234,0.18241517694272164,0.18241517694272164,53.593578985771614,0.0,13.681138270704123,85.8445822692448,13.973002553812478,0.18241517694272164,75.19153593578986,6.019700839109814,5.435972272893105,0.5837285662167092,39.69354250273623,9.52207223641007,42.648668369208316,95.62203575337467,2.006566946369938,0.036483035388544326,1.0580080262677856,1.0944910616563297,16.01605253557096,79.24115286391827,0.036483035388544326,0.0,63.626413717621304,0.18241517694272164,0.18241517694272164,35.82634075155053,70.08391098139366,26.924480116745713,0.9485589201021525,0.5472455308281649,24.04232032105071,0.0,72.96607077708866,,,,,0.7296607077708865,2.9551258664720903,4.852243706676395,20.175118569865013,,,,,,3.721269609631521,65.04925209777454,25.355709595038306,3.392922291134622,2.7362276541408246,17.730755198832544,2.2984312294782927,1.2404232032105071,0.07296607077708865,0.4013133892739876,20.466982852973366,,,,,,,,,,,5.476485148514851,3.1539583,2741,3.1539583,2741,2.1952767,3938.0,1.1947209,7236.0
050801,13319,71.87476537277574,10.80411442300473,3.2134544635483144,0.8709362564757114,0.4204519858848262,53.802838050904725,28.470605901343944,17.726556047751334,63.87866956978752,35.43058788197312,28.4480816878144,36.12133043021248,49.7184473308807,2.830542833546062,11.202042195360011,0.12763721000075082,84.35317966814326,82.33350852166079,0.7808394023575344,0.8333959005931376,15.646820331856746,0.0,66.12358285156543,29.574292364291612,68.93910954275846,1.4265335235378032,78.5269164351678,57.06884901268864,50.29656881147233,6.772280201216308,20.429461671296643,6.719723702980704,14.79840828891058,67.69276972745702,17.553870410691495,3.1909302500187704,6.006456941211803,3.9642615811997897,28.267887979578045,66.45393798333208,0.16517756588332458,0.13514528117726557,50.2815526691193,7.31286132592537,12.19310759065996,29.52173586605601,28.117726556047753,57.66949470680982,6.359336286507996,5.510924243561829,21.92356783542308,56.56580824386215,92.109017193483,,,,,2.838050904722577,13.334334409490202,4.444778136496734,17.77160447481042,,,,,,28.853517531346196,75.63630903220962,67.15969667392447,20.647195735415572,17.471281627749832,45.386290262031686,11.667542608303927,1.4865980929499212,0.3678954876492229,4.534874990614911,55.041669795029655,,,,,,,,,,,4.522548957070868,3.2824535,13319,3.2824535,13319,1.8591963,23515.0,1.0654855,41032.0
050802,3576,39.12192393736018,45.69351230425056,4.642058165548098,1.8456375838926173,4.3624161073825505,32.88590604026846,19.88255033557047,47.23154362416108,22.45525727069351,14.345637583892618,8.109619686800896,77.54474272930649,18.90380313199105,1.3702460850111857,1.3982102908277405,0.7829977628635347,92.89709172259508,88.98210290827741,2.4049217002237135,1.2304250559284116,7.1029082774049215,0.0,89.17785234899328,8.08165548098434,90.38031319910515,1.3982102908277405,78.04809843400447,63.00335570469799,58.277404921700224,4.725950782997763,9.423937360178972,1.7058165548098434,25.195749440715883,28.7751677852349,16.359060402684563,2.7125279642058167,7.522371364653244,42.67337807606264,10.4586129753915,68.0089485458613,2.8523489932885906,0.05592841163310962,88.6185682326622,1.2863534675615214,0.22371364653243847,9.395973154362416,15.520134228187919,22.343400447427292,1.3702460850111857,0.41946308724832215,31.040268456375838,43.26062639821029,90.82774049217002,,,,,0.9228187919463087,3.942953020134228,3.4395973154362416,21.504474272930647,,,,,,13.814317673378076,67.56152125279642,81.0682326621924,25.195749440715883,20.385906040268456,26.146532438478747,6.907158836689038,1.5100671140939597,0.16778523489932887,2.237136465324385,76.81767337807607,,,,,,,,,,,5.40602714515758,3.0564878,3576,3.0564878,3576,2.081112,5252.0,1.245584,8775.0
050901,3307,67.06985182945267,9.585727245237376,16.359237980042334,2.298155427880254,2.4795887511339583,16.903537949803447,59.389174478379196,23.707287571817357,29.573631690353796,10.946477169640158,18.62715452071364,70.42636830964621,17.44783791956456,1.360749924402782,10.704566071968552,0.06047777441790142,73.48049591775023,57.635319020260056,7.952827335954037,1.3909888116117326,26.519504082249775,0.0,49.83368612035077,48.20078621106743,50.68037496220139,0.8466888418506199,76.53462352585424,34.89567583912912,31.47868158451769,3.4169942546114305,20.07862110674327,20.86483217417599,18.869065618385243,73.63169035379498,13.274871484729362,1.0281221651043242,8.49712730571515,2.0260054429996974,16.20804354399758,74.84124584215301,0.42334442092530994,0.0,67.19080737828848,1.7538554581191412,0.21167221046265497,28.57574841245842,45.96310855760508,38.61505896583006,3.4169942546114305,0.9978832778953735,27.608104021772,0.0,88.72089507106139,,,,,5.2615663743574235,8.013305110371938,3.568188690656184,20.169337768370124,,,,,,6.108255216208043,58.48200786211068,50.58965830057454,15.452071363773813,28.42455397641367,39.310553371635926,14.242515875415785,3.2960387057756275,0.12095554883580284,1.2095554883580284,42.42515875415785,,,,,,,,,,,4.189349112426036,3.3619595,3307,3.3619595,3307,2.008672,5535.0,1.0792079,10302.0
050902,372,62.903225806451616,2.4193548387096775,16.666666666666668,0.26881720430107525,5.913978494623656,5.10752688172043,60.483870967741936,34.40860215053763,26.881720430107528,8.602150537634408,18.27956989247312,73.11827956989248,0.8064516129032258,1.881720430107527,24.193548387096776,0.0,62.365591397849464,50.26881720430107,2.4193548387096775,3.763440860215054,37.634408602150536,0.0,31.451612903225808,62.096774193548384,37.903225806451616,0.0,67.47311827956989,4.838709677419355,1.3440860215053763,3.4946236559139785,37.634408602150536,31.182795698924732,24.462365591397848,65.59139784946237,8.333333333333334,0.26881720430107525,13.709677419354838,6.720430107526882,11.559139784946236,55.645161290322584,1.075268817204301,0.8064516129032258,63.17204301075269,1.3440860215053763,0.0,35.483870967741936,41.12903225806452,38.70967741935484,9.408602150537634,0.0,45.43010752688172,0.0,83.87096774193549,,,,,1.6129032258064515,8.333333333333334,4.838709677419355,17.741935483870968,,,,,,2.150537634408602,40.32258064516129,33.87096774193548,6.182795698924731,21.50537634408602,31.451612903225808,18.817204301075268,1.075268817204301,0.26881720430107525,0.0,33.60215053763441,,,,,,,,,,,7.6305220883534135,2.6747313,372,2.6747313,372,1.9171484,519.0,1.2060606,825.0
051001,871,52.927669345579794,7.462686567164179,19.058553386911594,1.722158438576349,0.0,13.088404133180253,43.51320321469575,43.398392652123995,18.14006888633754,5.1664753157290475,12.973593570608497,81.85993111366246,0.1148105625717566,1.148105625717566,16.762342135476462,0.1148105625717566,77.95637198622273,41.10218140068886,35.017221584385766,0.8036739380022963,22.04362801377727,0.0,19.862227324913892,78.98966704936853,20.091848450057405,0.6888633754305397,75.88978185993112,9.988518943742823,6.42939150401837,3.5591274397244548,15.384615384615385,24.68427095292767,43.972445464982776,83.92652123995407,3.5591274397244548,0.1148105625717566,6.0849598163031,4.936854190585533,5.970149253731344,81.74512055109071,0.34443168771526983,0.0,37.65786452353616,0.9184845005740528,0.1148105625717566,60.16073478760046,78.76004592422503,13.432835820895523,2.1814006888633752,1.0332950631458093,30.65442020665901,0.0,77.95637198622273,,,,,0.4592422502870264,4.822043628013777,3.788748564867968,30.309988518943744,,,,,,0.4592422502870264,49.48335246842709,30.4247990815155,5.970149253731344,14.351320321469576,37.88748564867968,15.614236509758898,2.296211251435132,0.0,0.2296211251435132,21.814006888633756,,,,,,,,,,,1.7322834645669292,3.3960965,871,3.3960965,871,2.4426093,1211.0,1.2700729,2329.0
051002,358,32.960893854748605,10.614525139664805,2.5139664804469275,0.0,0.0,23.18435754189944,17.59776536312849,59.21787709497207,29.329608938547487,13.687150837988828,15.64245810055866,70.67039106145252,11.731843575418994,1.1173184357541899,16.201117318435752,0.27932960893854747,32.402234636871505,20.670391061452513,10.614525139664805,0.8379888268156425,67.59776536312849,0.0,5.865921787709497,93.57541899441341,5.865921787709497,0.27932960893854747,80.44692737430168,3.0726256983240225,0.27932960893854747,2.793296089385475,40.78212290502793,22.067039106145252,26.536312849162012,89.10614525139665,1.9553072625698324,0.0,4.4692737430167595,3.35195530726257,3.0726256983240225,72.06703910614524,0.0,0.0,12.29050279329609,0.27932960893854747,2.2346368715083798,84.91620111731844,92.17877094972067,6.145251396648045,0.27932960893854747,0.27932960893854747,20.670391061452513,0.0,89.94413407821229,,,,,0.0,6.983240223463687,1.9553072625698324,28.212290502793294,,,,,,5.865921787709497,64.80446927374301,16.75977653631285,5.027932960893855,3.35195530726257,19.553072625698324,1.1173184357541899,0.0,0.27932960893854747,0.27932960893854747,17.59776536312849,,,,,,,,,,,8.624708624708624,3.2905028,358,3.2905028,358,2.6531532,444.0,1.276273,923.0
051003,715,48.11188811188811,15.524475524475525,4.615384615384615,0.27972027972027974,0.27972027972027974,18.46153846153846,38.04195804195804,43.49650349650349,29.37062937062937,11.468531468531468,17.902097902097903,70.62937062937063,0.27972027972027974,4.335664335664336,24.335664335664337,0.4195804195804196,63.49650349650349,31.32867132867133,31.60839160839161,0.27972027972027974,36.50349650349651,0.0,21.678321678321677,77.2027972027972,21.958041958041957,0.6993006993006993,65.5944055944056,6.713286713286713,0.8391608391608392,5.874125874125874,19.02097902097902,9.090909090909092,61.95804195804196,83.91608391608392,3.076923076923077,0.0,9.090909090909092,3.4965034965034967,4.195804195804196,63.35664335664335,1.3986013986013985,0.0,55.52447552447553,0.5594405594405595,1.118881118881119,42.23776223776224,76.64335664335664,20.97902097902098,1.118881118881119,0.4195804195804196,35.80419580419581,0.0,68.1118881118881,,,,,0.27972027972027974,6.573426573426573,2.3776223776223775,27.972027972027973,,,,,,0.27972027972027974,40.13986013986014,25.734265734265733,4.755244755244755,4.335664335664336,23.916083916083917,7.972027972027972,0.27972027972027974,0.0,0.0,19.58041958041958,,,,,,,,,,,1.7875920084121977,3.1314685,715,3.1314685,715,2.4049408,931.0,1.2487451,1793.0
051101,7103,46.219907081514854,13.346473321131915,17.44333380261861,2.1821765451217794,0.366042517246234,27.62213149373504,30.02956497254681,42.348303533718145,29.297479938054344,15.89469238349993,13.402787554554413,70.70252006194566,9.05251302266648,1.351541602139941,18.358440095734196,0.5349852175137266,68.46402928340137,67.28143038152893,0.32380684217936084,0.183021258623117,31.53597071659862,0.0,29.536815430099956,69.64662818527383,29.7339152470787,0.6053780092918485,82.99310150640575,8.038856821061524,7.011122061100943,1.02773475996058,42.559481909052515,6.856257919189075,39.91271293819513,93.91806279037027,3.0832042798817403,0.1689427002674926,1.6612698859636774,0.9432634098268338,8.92580599746586,85.99183443615374,0.15486414191186823,0.028157116711248768,29.508658313388707,43.68576657750246,0.9432634098268338,24.91904828945516,53.808250035196394,41.94002534140504,1.393777277206814,0.46459242573560466,15.936928058566803,0.0,82.58482331409263,,,,,0.2815711671124877,23.483035337181473,4.702238490778544,19.076446571871042,,,,,,5.8144446008728705,74.23623820920737,39.25102069548078,3.8997606645079546,10.995354075742643,47.07869914120794,2.013233844854287,1.7035055610305505,0.22525693368999014,0.366042517246234,42.855131634520625,,,,,,,,,,,7.181707181707182,3.064902,7103,3.064902,7103,2.0155542,10801.0,0.9785589,22247.0
051102,3543,53.40107253739769,14.846175557437201,10.104431272932542,0.9031893875246966,0.2540220152413209,35.47840812870449,29.184307084391758,35.33728478690375,28.02709568162574,15.100197572678521,12.92689810894722,71.97290431837426,8.777871860005645,2.314422805532035,16.68077900084674,0.2540220152413209,67.76742873271239,66.18684730454417,0.9031893875246966,0.31047135196161446,32.23257126728761,0.0,43.55066327970646,55.32034998588767,44.002257973468815,0.6773920406435224,69.63025684448208,22.184589331075358,19.05165114309907,3.132938187976291,37.14366356195315,3.8103302286198137,35.16793677674287,90.20604007902907,5.475585661868473,0.11289867344058707,2.7660174992943833,1.0725373976855772,12.390629410104431,80.29918148461755,0.0846740050804403,0.11289867344058707,52.58255715495343,13.63251481795089,1.947502116850127,31.216483206322327,45.921535421958794,46.03443409539938,2.032176121930567,2.568444820773356,19.22099915325995,20.378210556025966,83.96838837143663,,,,,0.7902907140841096,18.204911092294665,4.911092294665537,22.720858029918148,,,,,,5.362686988427886,75.04939316963026,37.31301157211403,6.068303697431555,14.648602878916172,39.88145639288739,2.963590177815411,2.963590177815411,0.3951453570420548,0.47981936212249504,38.80891899520181,,,,,,,,,,,5.6674123788217745,3.3197856,3543,3.3197856,3543,2.1373796,5503.0,1.0908922,10782.0
051103,3826,14.976476738107685,12.702561421850497,21.71981181390486,1.5943544171458441,1.6466283324621014,7.553580763199164,17.799268165185573,74.64715107161527,6.6649242028227915,3.7898588604286463,2.8750653423941452,93.33507579717721,0.20909566126502874,0.23523261892315733,5.776267642446419,0.4443282801881861,51.67276529012023,38.970203868269735,9.27861996863565,0.20909566126502874,48.32723470987977,0.0,14.584422373235755,84.3700993204391,15.23784631468897,0.31364349189754315,81.9916361735494,2.7182435964453737,2.4568740198640877,0.26136957658128596,20.09932043910089,5.514898065865133,67.0935703084161,95.6089911134344,2.117093570308416,0.13068478829064298,1.3591217982226869,0.705697856769472,6.3251437532671195,83.50757971772086,0.15682174594877157,0.07841087297438579,20.2038682697334,10.690015682174595,1.5682174594877156,66.77992681651855,78.72451646628332,18.870883429168845,0.36591740721380034,0.6795608991113434,15.23784631468897,0.0,66.07422895974908,,,,,0.3397804495556717,15.133298484056455,5.8024046001045475,35.1019341348667,,,,,,0.2875065342394145,83.11552535284893,18.531102979613173,1.6989022477783586,7.475169890224778,29.639309984317826,1.5682174594877156,6.4819654992158915,0.2875065342394145,0.026136957658128592,27.600627286983794,,,,,,,,,,,5.253456221198157,4.098798,3826,4.098798,3826,2.7755752,5650.0,1.2591938,12454.0
051201,9597,62.42575804939043,9.82598728769407,22.309054912993645,2.80295925810149,0.5209961446285297,34.75044284672293,34.87548192143378,30.374075231843285,40.26258205689278,17.14077315827863,23.12180889861415,59.73741794310722,14.973429196623945,2.3028029592581016,22.92383036365531,0.06251953735542357,80.56684380535584,77.7117849327915,1.8860060435552777,0.4272168385953944,19.43315619464416,0.0,77.15952901948526,21.21496300927373,77.72220485568407,1.0628321350422008,72.5018234865062,50.58872564343024,40.668959049703034,9.919766593727207,18.2140252162134,10.117745128686048,18.182765447535687,68.61519224757737,18.141085755965406,1.542148588100448,7.679483171824528,2.521621340002084,19.599874960925288,76.03417734708763,0.25007814942169426,0.052099614462852974,77.12826925080755,2.7612795665312078,1.1774512868604772,18.24528498489111,25.987287694071064,48.31718245284985,6.679170574137752,1.542148588100448,35.8966343649057,60.10211524434719,85.92268417213712,,,,,2.6362404918203604,9.023653224966136,4.126289465457956,18.693341669271646,,,,,,8.502657080337606,68.52141294154423,65.2391372303845,22.76753152026675,31.03053037407523,49.70303219756174,11.159737417943107,6.554131499426904,0.2083984578514119,3.5323538605814315,60.77941023236428,,,,,,,,,,,6.102159753171066,2.9856205,9597,2.9856205,9597,1.8696901,15325.0,1.1335602,25277.0
051202,3077,38.544036399090025,10.334741631459213,20.929476763080924,2.4699382515437116,1.0724731881702958,6.987325316867079,37.04907377315567,55.96360090997725,6.857328566785831,4.582385440363991,2.2749431264218396,93.14267143321418,0.3249918752031199,1.8199545011374716,4.679883002924927,0.032499187520311994,57.55606109847254,52.38869028274293,3.672408189795255,0.9424764380890478,42.44393890152746,0.0,24.14689632759181,72.083197920052,27.39681507962301,0.4874878128046799,71.85570360740981,14.267143321416965,8.124796880077998,6.142346441338966,36.56158596035099,11.114722131946701,35.26161845953851,89.30776730581735,4.354891127721807,0.29249268768280795,3.607409814754631,1.5924601884952876,4.549886252843679,88.17029574260644,0.032499187520311994,0.0,43.451413714657136,2.0799480012999676,0.09749756256093597,53.42866428339291,70.91322716932076,20.08449788755281,0.9424764380890478,1.9824504387390316,32.98667533311667,0.0,74.91062723431914,,,,,0.4874878128046799,8.677283067923302,4.842378940526487,19.662008449788754,,,,,,1.2024699382515438,67.98830029249268,28.014299642508938,2.8924276893077674,13.5521611959701,45.433864153396165,7.247318817029575,2.0799480012999676,0.19499512512187195,0.22749431264218395,19.92200194995125,,,,,,,,,,,6.201947719118401,2.836529,3077,2.836529,3077,2.0751307,4206.0,1.1823354,7382.0
051203,3156,73.38403041825094,2.946768060836502,10.107731305449937,0.31685678073510776,0.09505703422053231,45.43726235741445,31.210392902408113,23.35234474017744,59.82256020278834,18.346007604562736,41.4765525982256,40.17743979721166,58.30164765525982,0.2217997465145754,1.1406844106463878,0.15842839036755388,80.38656527249684,78.10519645120405,0.6653992395437263,0.41191381495564006,19.61343472750317,0.0,73.63751584283904,22.750316856780735,76.04562737642586,1.1406844106463878,66.50823827629911,69.93029150823827,63.846641318124206,6.083650190114068,10.329531051964512,5.893536121673004,10.931558935361217,62.00887198986058,27.40811153358682,1.2357414448669202,3.770595690747782,4.6261089987325725,44.7084917617237,51.39416983523447,0.2534854245880862,0.06337135614702155,75.66539923954373,1.267427122940431,5.640050697084917,16.38149556400507,22.370088719898607,65.14575411913815,5.354879594423321,0.6337135614702155,45.46894803548796,70.97591888466413,84.22053231939164,,,,,2.249683143219265,3.643852978453739,3.929024081115336,28.61216730038023,,,,,,18.187579214195186,75.91888466413181,64.4169835234474,16.603295310519645,33.49176172370089,18.40937896070976,5.925221799746515,0.41191381495564006,0.3485424588086185,1.1723700887198987,62.10392902408112,,,,,,,,,,,1.7862287525208873,3.3862484,3156,3.3862484,3156,2.3591611,4530.0,1.4542115,7349.0
051204,2139,34.54885460495559,11.547452080411407,5.002337540906966,2.431042543244507,0.0,11.921458625525947,34.54885460495559,53.52968676951846,9.911173445535297,5.095839177185601,4.815334268349696,90.0888265544647,6.919121084618981,1.402524544179523,1.496026180458158,0.09350163627863488,64.74988312295466,64.00187003272558,0.6545114539504441,0.09350163627863488,35.25011687704535,0.0,31.55680224403927,66.85366993922393,32.25806451612903,0.8415147265077139,76.62459093034128,15.381019167835436,9.350163627863488,6.03085553997195,38.80317905563347,3.6933146330060778,40.67321178120617,90.60308555399719,2.057035998129967,0.04675081813931744,1.8700327255726976,4.955586722767649,6.5918653576437585,83.82421692379617,0.7947639083683965,0.04675081813931744,59.04628330995792,0.748013090229079,0.9817671809256662,38.70967741935484,58.29827021972884,34.96961196820944,1.7765310892940627,0.18700327255726976,24.590930341280973,0.0,78.96213183730715,,,,,0.42075736325385693,15.614773258532024,4.721832632071061,17.29780271154745,,,,,,4.301075268817204,61.6643291257597,37.30715287517531,3.506311360448808,8.134642356241235,33.146330060776066,5.610098176718092,2.524544179523142,0.18700327255726976,0.3740065451145395,28.050490883590463,,,,,,,,,,,6.337047353760446,2.7466106,2139,2.7466106,2139,1.892719,3104.0,1.0752196,5464.0
051301,1298,45.377503852080125,28.8135593220339,4.006163328197227,0.15408320493066255,2.773497688751926,15.870570107858244,51.54083204930662,32.58859784283513,19.106317411402156,12.172573189522343,6.933744221879815,80.89368258859784,0.23112480739599384,6.00924499229584,12.788906009244993,0.07704160246533127,45.53158705701079,42.91217257318952,1.1556240369799693,1.4637904468412943,54.46841294298921,0.0,14.021571648690292,84.12942989214176,15.331278890600924,0.4622496147919877,63.63636363636363,0.3852080123266564,0.3081664098613251,0.07704160246533127,28.19722650231125,6.3944530046224966,64.32973805855161,79.19876733436055,14.869029275808936,0.539291217257319,1.926040061633282,2.773497688751926,8.705701078582434,78.42835130970724,0.539291217257319,0.0,48.613251155624035,14.48382126348228,0.3081664098613251,33.66718027734977,71.49460708782743,12.788906009244993,2.8505392912172574,0.6163328197226502,29.044684129429893,0.0,52.31124807395994,,,,,1.078582434514638,5.1617873651771955,4.160246533127889,27.81201848998459,,,,,,4.314329738058552,57.01078582434515,18.79815100154083,3.389830508474576,1.926040061633282,7.24191063174114,0.7704160246533128,0.15408320493066255,0.15408320493066255,0.3081664098613251,21.80277349768875,,,,,,,,,,,7.610062893081761,3.1694915,1298,3.1694915,1298,2.5070078,1641.0,1.3470858,3054.0
051302,1719,44.968004653868526,30.19197207678883,3.8976148923792904,0.11634671320535195,1.4543339150668995,16.34671320535195,46.4805119255381,37.17277486910995,12.914485165794066,6.340895869691681,6.573589296102385,87.08551483420594,10.122164048865619,0.8726003490401396,1.6870273414776034,0.2326934264107039,63.35078534031414,62.82722513089005,0.2326934264107039,0.17452006980802792,36.64921465968586,0.0,19.139034322280395,79.63932518906341,19.77894124490983,0.5817335660267597,72.83304246655032,12.681791739383362,11.28563118091914,1.3961605584642234,21.291448516579408,8.027923211169284,55.2065154159395,87.26003490401396,8.027923211169284,0.5235602094240838,1.6870273414776034,2.094240837696335,9.365910413030832,83.12972658522396,0.5817335660267597,0.11634671320535195,55.031995346131474,5.2356020942408374,0.058173356602675974,37.17277486910995,66.8411867364747,23.9674229203025,2.152414194299011,1.2216404886561956,25.4217568353694,0.0,63.059918557300755,,,,,1.7452006980802792,5.875509016870273,5.119255381035486,28.03955788248982,,,,,,5.002908667830134,52.76323443862711,27.28330424665503,4.246655031995346,2.036067481093659,9.714950552646888,2.675974403723095,0.9889470622454916,0.0,0.6980802792321117,29.144851657940663,,,,,,,,,,,6.596558317399618,3.547993,1719,3.547993,1719,2.5486836,2393.0,1.3690236,4455.0
051401,1504,49.601063829787236,9.97340425531915,34.57446808510638,7.446808510638298,0.06648936170212766,15.492021276595745,44.015957446808514,40.49202127659574,24.002659574468087,9.97340425531915,14.029255319148936,75.99734042553192,11.037234042553191,1.6622340425531914,11.170212765957446,0.13297872340425532,54.787234042553195,40.42553191489362,11.502659574468085,1.6622340425531914,45.212765957446805,0.0,34.640957446808514,65.02659574468085,34.773936170212764,0.19946808510638298,71.875,24.40159574468085,14.960106382978724,9.441489361702128,33.31117021276596,25.33244680851064,14.827127659574469,75.66489361702128,8.377659574468085,0.39893617021276595,12.367021276595745,1.9946808510638299,11.63563829787234,71.80851063829788,0.13297872340425532,0.13297872340425532,55.25265957446808,0.06648936170212766,0.06648936170212766,44.015957446808514,34.441489361702125,46.67553191489362,3.723404255319149,0.26595744680851063,41.48936170212766,0.0,82.97872340425532,,,,,0.598404255319149,8.909574468085106,4.321808510638298,20.079787234042552,,,,,,4.654255319148936,49.601063829787236,29.58776595744681,10.039893617021276,29.122340425531913,36.702127659574465,14.029255319148936,8.24468085106383,0.26595744680851063,0.6648936170212766,31.58244680851064,,,,,,,,,,,10.052910052910052,2.649601,1504,2.649601,1504,1.9757065,2017.0,1.1238015,3546.0
051402,679,59.057437407952875,9.867452135493373,25.03681885125184,3.5346097201767304,0.7363770250368189,8.98379970544919,55.08100147275405,35.93519882179676,7.952871870397644,5.007363770250368,2.9455081001472756,92.04712812960236,4.418262150220913,0.7363770250368189,2.7982326951399115,0.0,71.42857142857143,69.36671575846833,1.0309278350515463,0.7363770250368189,28.571428571428573,0.0,42.70986745213549,55.52282768777614,43.446244477172314,1.0309278350515463,68.33578792341679,10.456553755522828,5.007363770250368,5.44918998527246,50.8100147275405,8.24742268041237,29.896907216494846,90.72164948453609,4.123711340206185,0.0,3.976435935198822,0.5891016200294551,2.503681885125184,78.64506627393226,0.14727540500736377,0.0,50.662739322533135,0.5891016200294551,0.0,46.833578792341676,64.2120765832106,32.40058910162003,1.0309278350515463,0.14727540500736377,41.089837997054495,0.0,83.06332842415317,,,,,5.596465390279823,7.80559646539028,4.565537555228277,20.029455081001473,,,,,,4.270986745213549,55.08100147275405,41.38438880706922,8.689248895434462,18.998527245949926,47.12812960235641,18.998527245949926,2.3564064801178204,1.0309278350515463,0.5891016200294551,45.65537555228277,,,,,,,,,,,9.134615384615385,2.4624448,679,2.4624448,679,2.140845,781.0,1.204611,1388.0
051501,12074,73.47192314063277,8.008944840152393,6.824581745900281,1.399701838661587,0.5300646016233228,52.658605267516975,26.329302633758488,21.012092098724533,74.068245817459,37.62630445585556,36.44194136160345,25.931754182541,58.406493291369884,1.697863177074706,13.7568328640053,0.20705648500911047,87.25360278283915,85.7545138313732,0.8365081994368063,0.4969355640218652,12.746397217160842,0.0,81.48915024018552,16.274639721716085,82.78946496604274,0.8447904588371707,77.68759317541826,75.74954447573298,63.74855060460494,12.000993871128044,13.019711777372867,3.3129037601457676,7.445751200927613,69.39705151565347,19.256253105847275,2.2941858539009443,6.170283253271492,1.3085969852575783,30.17227099552758,65.90193804869969,0.20705648500911047,0.033129037601457675,66.8543978797416,7.056485009110485,10.278283915852244,15.156534702666887,21.335100215338745,61.21417922809342,10.468775882060626,4.290210369388769,25.327149246314395,77.72072221301971,87.76710286566176,,,,,3.3046215007454034,17.641212522776215,5.101871790624482,21.003809839324166,,,,,,29.10385953288057,81.38976312738114,73.22345535862183,16.11727679310916,20.697366241510686,53.147258572138476,7.959251283750207,3.221798906741759,0.1656451880072884,3.3460327977472253,65.33046215007454,,,,,,,,,,,5.175908498624584,3.6099055,12074,3.6099055,12074,1.9896832,21906.0,1.2414128,35110.0
051601,489,67.89366053169734,7.770961145194274,17.177914110429448,0.6134969325153374,0.0,10.429447852760736,62.372188139059304,27.198364008179958,25.766871165644172,8.588957055214724,17.177914110429448,74.23312883435582,13.701431492842536,0.20449897750511248,11.860940695296524,0.0,63.80368098159509,42.12678936605317,11.042944785276074,4.4989775051124745,36.19631901840491,0.0,11.042944785276074,87.11656441717791,12.065439672801636,0.8179959100204499,80.77709611451942,6.543967280163599,0.0,6.543967280163599,15.74642126789366,34.151329243353786,41.922290388548056,92.22903885480572,0.8179959100204499,0.20449897750511248,4.08997955010225,2.044989775051125,3.6809815950920246,92.22903885480572,0.0,0.0,55.828220858895705,0.20449897750511248,0.8179959100204499,43.149284253578735,83.43558282208589,13.087934560327199,0.40899795501022496,0.0,17.177914110429448,0.0,85.07157464212679,,,,,0.6134969325153374,8.1799591002045,4.08997955010225,19.222903885480573,,,,,,4.294478527607362,48.057259713701434,43.149284253578735,11.042944785276074,20.449897750511248,45.194274028629856,27.607361963190183,2.8629856850715747,0.0,0.0,17.995910020449898,,,,,,,,,,,3.146374829001368,3.3701432,489,3.3701432,489,1.9030023,866.0,0.9951691,1656.0
060101,54926,86.36529148308634,7.042202235735353,2.9202927575283106,2.507009430870626,0.40418016968284604,67.9605287113571,22.783381276626734,9.256090012016168,87.25193897243564,43.86083093616866,43.39110803626698,12.74806102756436,71.27953974438336,4.110985689837236,11.65022029639879,0.21119324181626187,94.17580016749808,93.60048064668827,0.2093726104212941,0.16749808833703528,5.824199832501912,40.86771292284164,47.771547172559444,8.556967556348543,88.82314386629282,2.525215744820304,75.39234606561556,85.39307431817355,69.86672978188835,15.526344536285183,8.504169245894476,2.304919346029203,3.2789571423369623,59.05764118996468,25.32862396679168,3.9416669701052327,7.368095255434585,1.9626406437752613,78.25619924989986,20.130721334158686,0.1802425081018097,0.05279831045406547,37.304737282889704,28.48924006845574,31.101846120234498,1.179769143939118,7.2169828496522594,44.90041146269526,30.095036958817317,15.468084331646216,32.62753522921749,87.0735170957288,88.27331318501257,,,,,4.915704766412992,10.404908422240833,3.42824891672432,15.779412300185705,,,,,,36.85140006554273,81.56064523176637,84.26064159050358,35.66616902741871,31.817354258456835,34.67938681134618,16.57502821978662,1.7696537159086771,0.28037723482503735,14.239158140042967,81.83556057240651,,,,,,,,,,,5.364205537141118,3.6239305,54926,3.6239305,54926,1.8026772,110418.0,1.3268274,150018.0
060201,5090,79.90176817288801,3.4577603143418467,0.4911591355599214,0.019646365422396856,0.0,33.69351669941061,50.49115913555992,15.81532416502947,51.72888015717092,35.22593320235757,16.50294695481336,48.27111984282908,11.787819253438114,9.68565815324165,30.098231827111984,0.15717092337917485,83.67387033398822,71.74852652259332,11.080550098231827,0.5697445972495089,16.326129666011788,0.0,31.611001964636543,67.11198428290766,32.29862475442043,0.5697445972495089,75.6581532416503,17.721021611001966,15.009823182711198,2.7111984282907664,44.086444007858546,12.023575638506877,22.94695481335953,86.09037328094303,5.461689587426326,0.19646365422396855,5.166994106090374,2.3772102161100195,24.3811394891945,68.17288801571709,3.0844793713163066,0.6090373280943026,35.088408644400786,52.12180746561886,3.3595284872298623,8.899803536345775,29.273084479371317,57.74066797642436,6.738703339882122,2.986247544204322,21.06090373280943,0.0,78.40864440078586,,,,,0.4911591355599214,14.87229862475442,2.986247544204322,23.084479371316306,,,,,,12.75049115913556,78.34970530451866,47.83889980353634,6.8762278978389,15.009823182711198,29.548133595284874,6.836935166994106,0.6483300589390962,0.137524557956778,0.5697445972495089,46.30648330058939,,,,,,,,,,,5.392694779746042,3.5744598,5090,3.5744598,5090,2.1781397,8353.0,1.2593619,14447.0
060202,9012,86.67332445628051,5.015534842432312,2.6409232134931204,1.8863737239236573,0.821127385707945,67.11051930758988,26.165113182423436,6.724367509986684,89.61384820239681,45.87217043941411,43.74167776298269,10.386151797603196,67.5543719485131,3.5952063914780292,18.197958277851754,0.2663115845539281,93.7305814469596,93.3976919662672,0.11096316023080337,0.1442521083000444,6.26941855304039,54.80470483799379,32.534398579671546,10.008877052818464,87.42787394584998,2.5188637372392364,77.28584110075455,76.50909897913893,55.071016422547714,21.438082556591212,17.920550377274743,2.241455836662228,2.873945849977807,65.41278295605859,21.01642254771416,1.908566355969818,7.001775410563693,3.0736795383932534,81.6023080337328,10.763426542387927,5.814469596094097,0.9653794940079894,52.34132268086995,11.240568131380382,31.724367509986685,2.2747447847314692,11.1739902352419,59.44296493564137,18.020417221482468,10.142032845095429,34.77585441633378,84.33200177541056,79.91566799822459,,,,,2.2858411007545496,11.18508655126498,3.8060363959165557,19.662671992898357,,,,,,35.70794496227253,77.78517532179316,81.85752330226364,22.04837993786063,28.31779849090102,37.982689747003995,29.083444296493564,1.8641810918774966,0.46604527296937415,7.789613848202396,74.87794052374612,,,,,,,,,,,5.303249445569376,3.657235,9012,3.657235,9012,1.9919618,16546.0,1.4671919,22464.0
060301,22138,80.37763122233264,7.295148613244195,7.525521727346644,4.977866112566628,3.049055921944168,64.9064956183937,27.328575300388472,7.764929081217815,86.14599331466258,40.437257204806215,45.70873610985635,13.85400668533743,60.48875237148794,2.886439606107146,22.495257024121422,0.2755443129460656,93.72572048062156,91.58460565543409,0.15358207606829885,1.7210226759418195,6.274279519378444,29.66844340048785,51.51323516126118,15.855090794109676,81.77342126660042,2.317282500677568,75.25521727346644,70.83747402656067,57.3538711717409,13.483602854819766,24.040112024573133,1.3325503658867106,3.4104255126931067,61.76709729876231,22.413948866202908,3.2478091968560845,7.742343481796007,2.2269401029903335,81.20426416117084,8.709007137049417,7.498419008040473,0.27102719306170386,74.74478272653356,14.603848586141476,7.6610353238774955,0.7408076610353239,17.598699069473305,56.13876592284759,16.62300117445117,6.599512151052489,30.169843707652,70.72906314933599,80.38666546210136,,,,,2.5476556147800165,9.431746318547294,3.6814527057548108,20.046978046797364,,,,,,28.584334628241034,75.1648748757792,80.62155569608818,22.856626614870358,24.94353600144548,39.804860420995574,16.514590297226487,4.02023669708194,0.4607462282048966,9.391092239588039,75.449453428494,,,,,,,,,,,3.659184758166728,3.9691482,22138,3.9691482,22138,2.044654,42975.0,1.5519348,56619.0
060302,3995,89.38673341677097,2.002503128911139,0.2753441802252816,0.1251564455569462,1.1013767209011265,50.237797246558195,42.403003754693366,7.359198998748435,84.03003754693367,44.60575719649562,39.424280350438046,15.969962453066334,21.176470588235293,20.075093867334168,42.70337922403004,0.07509386733416772,87.18397997496871,86.53316645807259,0.3504380475594493,0.15018773466833543,12.816020025031289,15.018773466833542,30.713391739674595,49.33667083854819,45.95744680851064,4.655819774718398,71.8648310387985,24.355444305381727,18.598247809762203,5.7571964956195245,58.69837296620776,6.90863579474343,8.310387984981226,73.14142678347935,14.71839799749687,0.4755944931163955,6.933667083854819,2.978723404255319,39.92490613266583,46.808510638297875,8.585732165206508,1.3266583229036295,48.43554443053817,46.458072590738425,2.528160200250313,1.6020025031289111,21.201501877346683,67.88485607008761,7.784730913642052,1.5018773466833542,36.39549436795995,24.080100125156445,80.02503128911138,,,,,1.3016270337922402,5.4317897371714645,2.5031289111389237,18.448060075093867,,,,,,19.249061326658325,70.96370463078848,59.849812265331664,13.541927409261577,18.64831038798498,22.478097622027533,14.893617021276595,1.5769712140175218,0.22528160200250313,4.680851063829787,63.128911138923655,,,,,,,,,,,3.5580110497237567,3.331915,3995,3.331915,3995,1.9575,6800.0,1.4495263,9183.0
060303,10289,77.41277092040043,9.62192632908932,6.336864612693168,4.772086694528137,4.140344056759647,57.44970356691612,32.55904363883759,9.991252794246282,83.28311789289532,43.11400524832345,40.169112644571875,16.716882107104674,40.635630284770144,5.335795509767713,37.049275925745945,0.2624161726115269,87.84138400233259,83.08873554281271,2.429779376032656,1.584216153173292,12.158615997667411,21.858295266789774,51.55991835941297,23.393915832442413,73.61259597628535,2.95461172125571,65.26387404023714,61.784429973758385,48.83856545825639,12.945864515501992,28.107687821945767,5.607930799883371,3.57663524152007,70.56079307998834,18.398289435319274,2.041014675867431,5.034502867139664,2.3423073184954806,72.04781805812033,17.14452327728642,5.617649917387501,0.8358441053552338,80.36738264165614,15.531149771600738,1.4578676256195937,1.0010691029254544,24.171445232772864,52.82340363494995,15.161823306443775,1.9826999708426476,37.438040625911164,76.85878122266499,74.77889007678102,,,,,2.6921955486441833,5.170570512197492,3.6932646515696375,20.925259986393236,,,,,,22.966274662260666,66.11915638060064,71.47439012537662,19.71037029837691,22.86908348721936,32.54932452133346,23.374477597434154,3.285061716396151,0.8066867528428419,8.922149868791914,68.451744581592,,,,,,,,,,,5.677265365271503,3.6728544,10289,3.6728544,10289,2.049016,18443.0,1.5602808,24220.0
060401,4162,70.49495434887073,5.45410860163383,3.2676597789524267,2.3065833733781838,0.12013455069678039,35.51177318596829,47.90965881787602,16.578567996155694,62.03748197981739,35.127342623738585,26.91013935607881,37.96251802018261,17.203267659778952,7.760691975012014,36.929360884190295,0.14416146083613648,76.28543969245555,74.38731379144642,0.8169149447381067,0.5766458433445459,23.71456030754445,9.490629505045652,37.93849111004325,51.68188370975493,47.45314752522825,0.7688611244593945,75.63671311869294,25.276309466602594,20.639115809706873,4.6371936568957235,35.46371936568957,22.248918789043728,13.431042767900047,87.7462758289284,3.964440172993753,0.16818837097549255,4.805382027871215,2.45074483421432,40.12493993272465,56.775588659298414,0.2162421912542047,0.07208073041806824,21.047573282075923,66.98702546852475,7.087938491110044,3.531955790485344,18.092263334935126,66.93897164824604,9.658817876021144,3.2916866890917826,27.030273906775587,0.0,91.20615088899568,,,,,0.312349831811629,12.590100913022585,3.1955790485343587,20.59106198942816,,,,,,13.479096588178761,79.33685728015377,57.52042287361845,8.145122537241711,25.876982220086497,36.208553580009614,10.740028832292166,2.0422873618452666,0.19221528111484862,1.77799135031235,54.56511292647765,,,,,,,,,,,4.649746192893401,3.487506,4162,3.487506,4162,2.0720913,7005.0,1.2809991,11331.0
060402,1484,67.58760107816711,2.830188679245283,6.064690026954178,4.245283018867925,0.0,27.628032345013477,43.80053908355795,28.571428571428573,73.8544474393531,42.65498652291105,31.19946091644205,26.1455525606469,0.20215633423180593,15.835579514824797,57.61455525606469,0.20215633423180593,77.56064690026955,69.54177897574124,7.884097035040432,0.1347708894878706,22.439353099730457,0.0,25.067385444743934,73.04582210242587,25.202156334231805,1.752021563342318,80.45822102425876,9.164420485175203,7.0754716981132075,2.0889487870619945,66.17250673854447,10.444743935309972,12.466307277628033,86.32075471698113,5.525606469002695,0.0673854447439353,4.110512129380054,3.706199460916442,6.60377358490566,61.118598382749326,1.6172506738544474,0.40431266846361186,9.973045822102426,53.6388140161725,0.4716981132075472,35.714285714285715,34.83827493261455,63.14016172506739,1.280323450134771,0.2695417789757412,23.921832884097036,0.0,89.82479784366576,,,,,0.0,17.11590296495957,2.8975741239892185,26.078167115902964,,,,,,7.749326145552561,80.18867924528301,35.84905660377358,5.862533692722372,6.738544474393531,46.02425876010782,7.749326145552561,1.6172506738544474,0.1347708894878706,0.4716981132075472,48.65229110512129,,,,,,,,,,,4.497907949790795,3.5208895,1484,3.5208895,1484,2.486911,2101.0,1.3497804,3871.0
060501,6484,75.30845157310303,3.624305983960518,4.3954349167180755,2.9765576804441705,0.1850709438618137,34.62368908081431,48.07217766810611,17.30413325107958,64.2350400987045,38.64898210980876,25.586057988895742,35.7649599012955,14.48180135718692,10.950030845157311,38.63355953115361,0.16964836520666254,78.96360271437385,74.15175817396668,4.025293028994448,0.3701418877236274,21.03639728562616,13.263417643429982,41.70265268352868,43.50709438618137,55.613818630475016,0.8328192473781616,79.796421961752,29.33374460209747,23.288093769278223,6.0456508328192475,39.790252930289945,6.677976557680444,23.288093769278223,80.49043800123381,5.351634793337446,0.3701418877236274,8.066008636644048,4.349167180752622,39.95990129549661,53.855644663787785,0.04626773596545342,0.1850709438618137,10.086366440468847,70.09561998766193,6.6162862430598395,12.461443553362122,21.005552128315855,56.69339913633559,13.463911165946946,6.1844540407156074,23.719925971622455,13.479333744602098,82.01727328809378,,,,,0.6323257248611968,20.40407156076496,3.2078963602714374,20.234423195558296,,,,,,17.242442936458975,81.53917334978408,57.4799506477483,14.142504626773597,23.426896977174582,36.11967921036397,10.39481801357187,2.8223318938926587,0.24676125848241826,3.5934608266502157,59.685379395434914,,,,,,,,,,,7.130192502532928,3.5865207,6484,3.5865207,6484,2.0202415,11511.0,1.2565516,18507.0
060502,3253,67.50691669228405,2.735936059022441,0.9837073470642483,0.49185367353212417,0.3688902551490931,29.357516138948665,53.70427297878881,16.938210882262528,77.89732554565018,41.46941284967722,36.42791269597295,22.10267445434983,8.422994159237627,9.62188748847218,59.72948047955733,0.12296341838303104,83.79956962803566,77.55917614509683,5.3181678450660925,0.09222256378727328,16.20043037196434,9.314478942514603,31.816784506609284,56.71687672917307,41.377190285889945,1.9059329849369813,81.00215185982171,13.003381494005533,10.421149707961881,2.582231786043652,62.49615739317553,10.328927144174608,13.433753458346143,82.26252689824777,7.808177067322472,0.24592683676606208,6.793728865662465,2.090378112511528,10.359667998770366,61.143559790962186,1.0759299108515217,0.12296341838303104,8.699661850599446,40.424223793421454,2.828158622809714,47.55610205963726,23.086381801414078,71.8413771902859,2.705195204426683,1.6292652935751615,21.764525053796497,0.0,87.61143559790962,,,,,0.5533353827236397,20.657854288349217,3.3814940055333538,21.45711650783892,,,,,,6.793728865662465,81.09437442360898,51.21426375653243,5.564094681832155,15.893021826006763,40.63940977559176,10.113741162004304,0.3996311097448509,0.1537042729787888,0.7070396557024285,47.125730095296646,,,,,,,,,,,6.479779411764706,3.3652012,3253,3.3652012,3253,2.2645843,4834.0,1.2405938,8824.0
060601,5415,80.46168051708217,4.025854108956602,1.6620498614958448,0.4247460757156048,0.44321329639889195,38.65189289012004,46.9067405355494,14.441366574330564,60.33240997229917,29.455216989843027,30.87719298245614,39.66759002770083,21.643582640812557,12.613111726685133,25.872576177285318,0.20313942751615882,67.94090489381348,57.89473684210526,6.05724838411819,2.8439519852262234,32.05909510618652,10.378578024007387,26.094182825484765,61.49584487534626,36.823638042474606,1.569713758079409,73.97968605724839,22.511542012927055,17.876269621421976,4.635272391505079,44.3213296398892,7.054478301015697,22.197599261311172,79.37211449676823,11.024930747922438,0.5170821791320406,5.041551246537396,3.010156971375808,31.85595567867036,58.928901200369346,3.601108033240997,1.5881809787626961,25.706371191135734,63.4533702677747,4.321329639889196,5.891043397968605,25.946445060018466,62.47460757156048,8.01477377654663,2.21606648199446,27.017543859649123,21.31117266851339,82.17913204062789,,,,,0.4616805170821791,7.29455216989843,2.7516158818097876,24.37673130193906,,,,,,14.958448753462603,77.48845798707295,41.40350877192982,8.938134810710988,14.441366574330564,21.23730378578024,7.479224376731302,2.714681440443213,1.1819021237303786,1.680517082179132,36.528162511542014,,,,,,,,,,,4.434417302007157,3.7298245,5415,3.7298245,5415,2.196281,9196.0,1.4846369,13604.0
070101,360441,94.06282859053215,4.963364323148587,0.8242680494172416,0.6533662929577934,0.07268873407853157,73.18035406626882,26.22287697570476,0.5967689580264176,96.58723619122131,46.44144256618975,50.14579362503156,3.4127638087786907,53.40125013525098,20.6044817321004,22.374258200371212,0.20724612349871407,98.86833073928882,98.40278991568661,0.0227499091390824,0.2327704118010992,1.1316692607111845,6.576943244525457,88.27824803504596,1.2395926101636607,95.31906747567562,3.370593245496489,71.73296045677378,93.71436656762133,79.03318434917226,14.681182218449067,4.524734977430425,0.7623993940755908,0.7987437611148566,51.054680238929535,30.044861711070606,5.99154924106858,8.566727980446176,2.16318343362714,94.3244525456316,1.418540066196687,3.058753027541262,0.09710327071559562,17.545451266642807,71.6597168468626,7.693908295671136,0.18754803143926468,4.383796515934646,33.27840062589994,45.4942695198382,4.29584869645795,33.47343948108012,99.20791474887707,86.4760113305645,,,,,5.2696557827772095,12.93859466597862,4.124392064165841,18.221012592907023,,,,,,37.69770919512486,69.5309357148604,89.32002741086613,38.961438904009256,33.21597709472563,28.011519222286033,6.95620087614894,0.7207837066260497,0.2857610538201814,23.482900114026982,85.58210636414836,,,,,,,,,,,3.845840255200318,3.9152899,360441,3.9152899,360441,1.9058508,740473.0,1.4782876,954639.0
070102,12677,73.81872682811391,9.978701585548631,15.618837264336989,13.22868186479451,0.22087244616234125,49.483316242013096,43.369882464305434,7.14680129368147,80.27135757671374,39.30740711524809,40.96395046146564,19.728642423286267,14.191054665930425,19.7049775183403,45.91780389682101,0.45752149562199257,92.95574662775104,91.42541610791197,0.14987773132444585,0.5442928137571981,7.044253372248955,2.1929478583261024,82.01467224106649,13.99384712471405,84.42060424390628,1.5382188214877337,69.29872998343457,37.18545397175988,29.036838368699218,8.14861560306066,48.80492230022876,5.7900134101128025,6.547290368383687,60.085193657805476,14.790565591228209,1.8931923956772108,8.282716731087797,11.311824564171333,90.19484105072178,3.1001025479214324,3.0606610396781573,0.36286187583813206,29.05261497199653,60.93713023586022,1.6723199495148695,1.5224422181904236,8.566695590439378,28.681864794509742,21.77960085193658,2.287607478109963,38.67634298335568,61.10278457048197,69.33817149167784,,,,,1.1674686440009465,9.584286503115878,4.914411927112093,30.08598248797034,,,,,,17.57513607320344,65.0469353948095,80.27924587836239,16.178906681391496,22.907627987694248,35.710341563461384,22.04780310799085,3.4629644237595647,0.4811864005679577,7.5569929794115325,76.8557229628461,,,,,,,,,,,4.840655830789978,4.31072,12677,4.31072,12677,2.423048,22553.0,1.9413478,28149.0
070103,3622,61.01601325234677,6.6261733848702375,20.623964660408614,16.123688569850913,0.4969630038652678,47.10104914411927,33.020430701270016,19.87852015461071,73.66096079514081,50.441744892324685,23.219215902816124,26.339039204859194,11.76145775814467,21.369409166206516,39.8674765323026,0.6626173384870238,81.63997791275538,72.97073440088349,4.113749309773605,3.368304803975704,18.360022087244616,0.0,51.71176145775814,44.50579790171176,54.38983986747653,0.8558807288790723,77.69188293760354,24.406405300938708,17.25565985643291,7.150745444505798,56.54334621755936,9.580342352291552,7.233572611816676,63.39039204859194,8.917725013804528,0.8558807288790723,6.7642186637217,16.151297625621204,60.85035891772501,9.442297073440088,7.537272225289895,3.7824406405300937,15.102153506350083,53.45113197128658,5.356156819436776,20.90005521811154,30.59083379348426,20.982882385422418,28.216454997239094,2.59525124240751,35.726118166758695,26.449475427940364,65.93042517945887,,,,,1.1319712865819989,9.442297073440088,4.279403644395361,30.17669795692987,,,,,,26.145775814467147,70.43070127001657,65.51628934290447,22.059635560463832,30.093870789618997,28.023191606847046,18.028713418001104,8.00662617338487,0.6902263942573164,16.372170071783547,61.45775814467145,,,,,,,,,,,10.1775956284153,4.209829,3622,4.209829,3622,2.249963,6777.0,1.6715633,9122.0
070104,21314,83.65393637984424,8.276250351881393,6.432391855118701,5.705170310593976,1.1400957117387633,56.76550624003003,39.368490194238525,3.866003565731444,91.71436614431829,47.630665290419444,44.08370085389885,8.285633855681711,1.7687904663601388,38.026649150792906,51.5764286384536,0.34249788871164494,95.87125832785962,92.89668762315848,0.09383503800319039,2.2098151449751335,4.128741672140377,2.8009758843952333,89.49516749554283,5.555034249788871,92.58703199774796,1.7828657220606174,71.22548559632166,70.24021769728817,49.37599699727878,20.864220700009383,21.77911232054049,4.874730224265741,2.374026461480717,62.59735385192831,19.372243595758658,2.998029464201933,6.84057427043258,5.85530637139908,92.52603922304588,2.1159801069719433,2.7915923805949143,0.18767007600638078,16.632260486065498,73.46345125269775,4.926339495167496,0.7929060711269588,6.7279722248287515,40.05348597166182,35.296049544900065,2.571080041287417,31.866378905883458,88.94154077132401,79.53926996340434,,,,,2.040912076569391,10.781645866566576,3.668949985924744,24.242282068124236,,,,,,22.85821525757718,66.73078727596885,83.67739513934504,23.33208219949329,29.750398798911515,32.59829220230834,11.199211785680774,4.325795251947077,0.5160927090175471,11.020925213474712,79.97091113821901,,,,,,,,,,,4.386305746233217,4.1444592,21314,4.1444592,21314,2.2014954,40125.0,1.7143106,51528.0
070105,12235,79.72210870453617,5.737637923988557,2.803432774826318,1.1606048222313037,1.0298324478953822,38.054760931753165,48.08336738863915,13.861871679607683,79.04372701266857,38.308132407029014,40.735594605639555,20.956272987331428,20.841847159787495,10.077646097261953,47.76460972619534,0.35962402942378424,87.38046587658357,84.26644871270943,1.8144666939109113,0.3923171230077646,12.619534123416429,0.0,71.90028606456886,26.113608500204332,72.30077646097261,1.536575398447078,68.1487535758071,53.24070290151206,43.57989374744585,9.660809154066204,36.591744993870044,4.184715978749489,4.953003677973028,67.39681242337556,18.438904781364936,2.125051082958725,7.454025337147527,3.163056804250102,78.77400899060073,8.287699223539027,7.1352676747037185,1.0952186350633428,8.94973436861463,79.95913363302003,2.885165508786269,4.9693502247650185,20.988966080915407,49.856967715570086,19.75480179812015,1.9125459746628524,38.84756845116469,62.95055169595423,74.20514916223948,,,,,1.7490805067429505,13.297915815284021,4.503473641193298,25.623212096444625,,,,,,13.690232938291786,67.0044953003678,72.18635063342869,15.063342868818962,23.51450756027789,34.254188802615445,20.580302411115653,1.5284021250510829,0.1879852881078872,5.680425010216592,67.06170821413976,,,,,,,,,,,3.621581670362158,4.010707,12235,4.010707,12235,2.2825844,21498.0,1.7772264,27611.0
070201,23218,86.33387888707037,7.520027564820398,5.728314238952537,4.427599276423464,0.11628908605392368,48.67344301834783,47.57085020242915,3.7557067792230168,82.59970712378328,42.372297355500045,40.22740976828323,17.400292876216728,20.919114480144714,21.591006977345163,39.69334137307261,0.396244293220777,94.09940563356017,93.14755792919287,0.14643810836420018,0.3230252390386769,5.900594366439831,4.2725471616849,85.9634766129727,7.532948574381945,90.47290894995263,1.9510724437936084,64.54044275992764,54.67309845809286,43.9701955379447,10.70290292014816,36.75596519941425,4.767852528210871,3.2604014126970453,67.20217072960634,13.558446033250064,2.2654836764579205,8.635541390300629,6.202084589542596,87.13498147988629,3.3853045051253337,4.496511327418382,0.8915496597467482,18.42535963476613,69.29968128176415,2.187957619088638,4.397450254113188,14.075286415711947,34.356964424153674,24.36041002670342,1.6969592557498492,42.29477129813076,84.02532517874063,66.35369110173141,,,,,1.4385390645189078,9.936256352829702,4.853992591954518,29.59772590231717,,,,,,22.33181152554053,61.34895339822552,80.23085537083297,17.813765182186234,20.16108191920062,28.482212076836937,22.796967869756223,1.3480919975880783,0.2713412007924886,7.955034886725816,73.39564131277457,,,,,,,,,,,5.303979943591351,4.092471,23218,4.092471,23218,2.411038,39410.0,1.9403117,48971.0
070202,2560,75.6640625,7.5,15.546875,13.671875,0.5078125,33.984375,60.6640625,5.3515625,89.21875,39.3359375,49.8828125,10.78125,1.015625,30.1953125,57.578125,0.4296875,92.03125,89.6484375,0.859375,0.546875,7.96875,0.0,81.2109375,17.0703125,82.1484375,0.703125,67.890625,34.21875,27.5390625,6.6796875,60.3125,3.4765625,1.484375,62.3046875,10.46875,1.484375,7.9296875,16.8359375,65.6640625,12.03125,5.703125,5.15625,22.5,53.7890625,1.4453125,16.2890625,32.65625,31.6015625,17.65625,4.1015625,37.9296875,48.4765625,58.0078125,,,,,1.328125,11.796875,5.2734375,38.828125,,,,,,15.3515625,52.421875,76.3671875,14.4921875,19.6875,30.9375,43.7890625,4.9609375,1.328125,7.03125,72.3828125,,,,,,,,,,,3.705010585744531,4.7328124,2560,4.7328124,2560,2.6888592,4506.0,2.1192935,5717.0
070301,10825,59.79676674364896,4.785219399538106,32.351039260969976,20.545034642032334,0.535796766743649,35.79676674364896,31.676674364896073,32.52655889145497,92.45265588914549,44.29561200923788,48.15704387990762,7.547344110854503,12.72055427251732,7.722863741339492,71.84295612009238,0.16628175519630484,73.62586605080831,61.5796766743649,2.8914549653579678,6.15242494226328,26.374133949191688,0.0,39.70438799076212,58.725173210161664,40.0554272517321,1.1085450346420322,79.4364896073903,36.46189376443418,31.039260969976905,5.422632794457275,50.466512702078525,7.8891454965357966,2.8175519630484986,74.49422632794457,11.704387990762125,1.3302540415704387,6.725173210161663,4.498845265588915,23.76905311778291,30.97459584295612,12.914549653579677,1.9399538106235565,12.896073903002309,48.07390300230947,0.3325635103926097,33.84757505773672,49.59815242494226,16.545034642032334,10.300230946882218,1.2471131639722863,35.44572748267898,45.02540415704388,61.6905311778291,,,,,1.2193995381062355,5.413394919168591,4.341801385681293,35.74133949191686,,,,,,11.085450346420323,64.63741339491916,52.33256351039261,11.76905311778291,11.593533487297922,31.97228637413395,31.97228637413395,8.72055427251732,0.8221709006928406,5.838337182448037,46.3094688221709,,,,,,,,,,,2.4435771254030207,4.7132564,10825,4.7132564,10825,2.597546,19642.0,2.0478847,24914.0
070302,2582,42.52517428350116,4.144074360960496,38.30364058869094,26.37490317583269,0.11618900077459333,24.709527498063515,22.03718048024787,53.253292021688615,85.43764523625097,37.761425251742835,47.67621998450813,14.562354763749031,0.6196746707978311,6.506584043377227,77.30441518202943,1.0069713400464757,56.04182804027885,49.845081332300545,1.3168086754453912,4.027885360185903,43.95817195972115,0.0,30.247869868319132,68.16421378776143,30.635166537567777,1.2006196746707978,75.71649883811,25.25174283501162,21.804802478698683,3.4469403563129357,64.13632842757552,4.415182029434547,3.989155693261038,79.70565453137102,8.443067389620449,0.19364833462432224,6.661502711076685,4.337722695584818,13.865220759101472,36.018590240123935,5.460883036405887,0.46475600309837334,9.372579395817196,62.044926413632844,0.7358636715724245,23.818745158791636,57.164988381099924,4.996127033307514,6.235476374903175,0.19364833462432224,40.31758326878389,45.58481797056545,60.573199070487995,,,,,0.34856700232378,5.267234701781565,3.7180480247869867,34.66305189775368,,,,,,3.9504260263361735,69.75213013168087,42.29279628195197,8.946553059643687,6.467854376452363,28.001549186676996,35.70875290472502,2.5561580170410534,0.2711076684740511,3.13710302091402,39.233152594887684,,,,,,,,,,,4.075643951744375,4.3501163,2582,4.3501163,2582,2.542327,4418.0,2.018329,5565.0
070303,1139,54.60930640913082,2.1071115013169446,24.319578577699737,18.525021949078138,0.2633889376646181,37.40122914837577,27.568042142230027,35.030728709394204,86.65496049165935,32.22124670763828,54.43371378402107,13.34503950834065,0.7901668129938543,9.745390693590869,75.76821773485514,0.35118525021949076,66.63740122914838,54.78489903424056,2.8972783143107987,6.935908691834943,33.362598770851626,0.0,39.683933274802456,59.701492537313435,39.85952589991221,0.43898156277436345,82.9675153643547,6.760316066725197,0.8779631255487269,5.882352941176471,75.76821773485514,3.5996488147497807,10.623353819139597,77.1729587357331,8.779631255487269,0.5267778753292361,3.9508340649692713,8.077260755048288,31.5188762071993,9.657594381035997,21.246707638279194,0.08779631255487269,28.797190517998246,45.30289727831431,0.17559262510974538,14.223002633889376,56.10184372256365,17.208077260755047,12.906057945566285,0.7901668129938543,39.157155399473226,54.69710272168569,59.26251097453907,,,,,1.0535557506584723,3.775241439859526,5.092186128182616,41.615452151009656,,,,,,5.970149253731344,59.61369622475856,51.975417032484636,9.833187006145742,17.120280948200175,22.388059701492537,32.92361720807726,3.424056189640035,1.2291483757682178,5.179982440737489,43.459174714661984,,,,,,,,,,,2.06794682422452,4.9341526,1139,4.9341526,1139,2.8043911,2004.0,2.214342,2538.0
070401,3171,73.919899085462,6.117943866288237,11.100599180069379,5.140334279407127,0.1261431725007884,32.22958057395144,50.64648375906654,17.123935666982025,79.02869757174393,47.33522548092085,31.693472090823086,20.97130242825607,14.064963733837907,17.912330495111952,46.48375906654052,0.5676442762535477,80.4478082623778,74.39293598233995,3.7842951750236518,0.9145380006307159,19.552191737622202,0.0,55.53453169347209,42.983286029643644,56.00756859035005,0.9776095868811101,78.71333964049195,18.984547461368653,15.074109113844214,3.9104383475244404,63.60769473352255,9.870703248186691,6.244087038789026,73.73068432671081,8.293913591926836,0.3468937243771681,6.874802901292967,9.271523178807946,60.23336486912646,12.866603595080417,8.924629454430779,5.3295490381583095,21.570482497634817,43.67707347839798,0.5045726900031536,31.598864711447494,36.64459161147903,30.87354146956796,14.317250078839482,1.0091453800063073,38.31598864711447,32.13497319457584,64.96373383790602,,,,,1.1037527593818985,12.109744560075686,3.9104383475244404,26.994638915168718,,,,,,20.592872910753705,73.19457584358247,61.24251024913276,11.447492904446547,16.713970356354462,25.54399243140965,35.79312519709871,4.257332071901608,0.4099653106275623,4.13118889940082,62.85083569851782,,,,,,,,,,,4.3675099866844205,3.9530118,3171,3.9530118,3171,2.3161492,5412.0,1.8156141,6904.0
070402,4573,75.09293680297398,6.800787229389897,13.645309424885196,5.773015525912967,0.17493986442160508,31.051825934834902,50.360813470369564,18.587360594795538,77.27968510824404,43.297616444347256,33.98206866389678,22.720314891755958,1.0277717034769298,25.300677891974633,50.38268095342226,0.5685545593702165,79.3133610321452,75.5521539470807,1.1589766017931336,1.2245790509512355,20.6866389678548,0.0,69.53859610758802,28.821342663459436,69.69166848895692,1.4213863984255413,69.12311392958671,36.49682921495736,33.08550185873606,3.411327356221299,54.012683140170566,4.679641373277936,3.892411983380713,75.6833588453969,10.890006560244915,0.9184342882134267,4.81084627159414,5.794883008965668,68.51082440411109,5.641810627596763,14.563743713098622,4.351629127487426,46.446534003936144,31.66411546031052,1.1589766017931336,16.291274874261973,28.362125519352723,39.93002405423136,13.820249289306801,1.6619287120052482,39.36146949486114,64.20293024272907,62.27859173409141,,,,,0.6997594576864203,14.520008746993222,5.991690356439974,33.15110430789416,,,,,,16.050732560682267,65.31817187841679,62.54100153072381,13.929586704570305,19.59326481521977,35.00984036737371,39.077192215176034,3.5206647714848023,0.5685545593702165,5.947955390334572,60.63853050513886,,,,,,,,,,,3.227107704719645,4.3076754,4573,4.3076754,4573,2.4919672,7905.0,1.9331697,10190.0
070403,14775,49.89509306260575,8.90693739424704,23.120135363790187,3.708967851099831,0.02707275803722504,22.131979695431472,36.947546531302876,40.92047377326565,62.07106598984772,26.38917089678511,35.68189509306261,37.92893401015228,12.521150592216582,12.236886632825719,36.934010152284266,0.3790186125211506,60.04737732656515,55.60067681895093,1.2250423011844331,1.6311336717428089,39.95262267343485,1.1099830795262267,54.93062605752961,41.854483925549914,56.223350253807105,1.8206429780033841,55.065989847715734,18.74788494077834,11.763113367174281,6.9847715736040605,64.6429780033841,9.570219966159053,4.636209813874789,77.97631133671743,13.292724196277495,0.8595600676818951,4.426395939086294,2.4094754653130286,52.203045685279186,0.21658206429780033,32.41285956006768,13.042301184433164,57.21827411167513,15.390862944162437,2.206429780033841,23.36379018612521,43.38409475465313,39.33671742808799,12.351945854483926,0.5143824027072758,56.2165820642978,57.421319796954315,46.578680203045685,,,,,1.5296108291032149,10.104906937394247,4.460236886632826,23.120135363790187,,,,,,9.516074450084602,68.8595600676819,47.83756345177665,10.463620981387479,19.302876480541457,24.406091370558375,40.954314720812185,1.1979695431472082,2.7681895093062607,3.4923857868020303,45.96277495769881,,,,,,,,,,,2.562994071146245,3.3401692,14775,3.3401692,14775,2.1841557,22595.0,1.7727926,27838.0
070404,2055,61.75182481751825,6.569343065693431,27.73722627737226,14.111922141119221,0.340632603406326,37.907542579075425,38.24817518248175,23.844282238442823,76.7396593673966,43.30900243309002,33.43065693430657,23.260340632603405,12.165450121654501,21.265206812652067,42.91970802919708,0.38929440389294406,73.09002433090025,67.20194647201946,1.897810218978102,2.8223844282238444,26.909975669099758,0.0,69.1970802919708,28.223844282238442,69.92700729927007,1.7518248175182483,68.61313868613139,43.21167883211679,38.1021897810219,5.109489051094891,48.613138686131386,4.768856447688565,2.579075425790754,72.79805352798054,10.997566909975669,1.167883211678832,5.693430656934306,8.077858880778589,59.61070559610705,2.0437956204379564,32.7007299270073,1.9464720194647203,52.846715328467155,25.304136253041364,1.6545012165450121,14.452554744525548,35.1338199513382,39.51338199513382,16.54501216545012,2.4330900243309004,45.790754257907544,52.749391727493915,55.62043795620438,,,,,1.9464720194647203,13.576642335766424,4.574209245742092,33.13868613138686,,,,,,18.78345498783455,65.74209245742092,57.22627737226277,14.939172749391728,23.600973236009732,38.05352798053528,37.61557177615572,1.508515815085158,3.2603406326034063,7.688564476885645,57.372262773722625,,,,,,,,,,,2.3386747509744477,3.9839416,2055,3.9839416,2055,2.4257777,3375.0,1.8510062,4423.0
070501,4566,75.25186158563294,1.686377573368375,18.96627244853263,17.936925098554532,0.8322382829610162,43.9772229522558,45.400788436268066,10.621988611476128,90.95488392466054,41.63381515549715,49.32106876916338,9.045116075339466,1.5330705212439772,30.44240035041612,58.497590889180906,0.4818221638195357,91.0424879544459,77.44196233026719,0.6789312308366184,12.264564169951818,8.957512045554095,0.0,76.93823915900131,21.52869031975471,77.06964520367937,1.401664476565922,71.15637319316689,49.036355672360926,43.1011826544021,5.935173017958826,44.89706526500219,2.890932982917214,2.3653088042049935,68.96627244853264,16.272448532632502,1.3578624616732369,6.022777047744197,5.957074025405169,64.16995181778361,5.45335085413929,6.504599211563732,0.2628120893561104,33.77135348226018,61.14761279018835,0.43802014892685065,1.773981603153745,23.193166885676742,38.76478318002628,18.024529128339903,2.8690319754708717,30.245291283399037,58.69469995619799,74.28821725799386,,,,,1.1607533946561541,4.489706526500219,3.328953131844065,36.85939553219448,,,,,,16.4257555847569,49.80289093298292,62.89969338589575,13.797634691195794,15.57161629434954,21.178274200613227,22.645641699518176,3.9859833552343407,0.1533070521243977,7.380639509417433,57.20543144984669,,,,,,,,,,,1.9491368108409133,4.7901883,4566,4.7901883,4566,2.7788084,7871.0,1.8617637,11748.0
070502,7182,53.39738234475077,3.745474798106377,39.00027847396269,36.22946254525202,0.5708716235032024,53.606237816764136,38.916736285157334,7.47702589807853,90.6571985519354,62.00222779170148,28.65497076023392,9.342801448064606,0.7797270955165692,15.873015873015873,73.50320245057087,0.5012531328320802,82.72069061542746,52.93790030632136,2.506265664160401,24.547479810637704,17.279309384572542,0.0,86.29908103592314,12.350320245057087,86.57755499860762,1.016429963798385,67.25146198830409,26.76134781397939,23.266499582289057,3.494848231690337,64.9262043998886,4.497354497354498,2.172096908939014,74.81203007518798,12.39209133945976,1.1695906432748537,4.525201893622946,5.834029518240045,71.31718184349764,5.277081592871067,17.446393762183234,0.34809245335561123,63.53383458646616,32.27513227513227,0.5151768309663046,1.086048454469507,14.062935115566695,30.743525480367584,31.230854915065443,3.2302979671400722,28.84990253411306,29.768866610971873,67.0843776106934,,,,,1.3227513227513228,4.9150654413812305,3.1049846839320523,35.19910888331941,,,,,,10.01113895850738,38.693957115009745,42.30019493177388,9.314954051796157,18.100807574491785,27.59676970203286,25.368978000556947,35.86744639376219,0.4316346421609579,4.288499025341131,44.374825953773325,,,,,,,,,,,1.1659897812131534,5.0545807,7182,5.0545807,7182,2.6620224,13637.0,1.8320464,19815.0
070503,3747,81.79877235121431,1.3077128369362157,2.9356818788364025,2.375233520149453,1.8414731785428342,45.209500934080594,42.80757939685081,11.982919669068588,88.15052041633307,49.58633573525487,38.564184681078196,11.849479583666934,18.1211635975447,21.563917800907394,48.35868694955965,0.10675206832132372,86.36242327195089,83.58686949559647,1.8681611956231652,0.800640512409928,13.637576728049106,0.0,59.83453429410195,38.11048839071257,60.10141446490526,1.7880971443821725,80.65118761676007,36.72271150253536,30.15745930077395,6.5652522017614094,49.426207632772886,9.927942353883106,2.241793434747798,70.21617293835068,14.491593274619696,1.227648785695223,7.045636509207366,5.631171603949826,57.245796637309844,19.615692554043235,7.125700560448359,1.3610888710968776,17.18708299973312,74.75313584200694,0.5871363757672805,4.430210835334934,26.92820923405391,49.29276754737123,14.224713103816386,2.5887376567921003,26.95489725113424,65.17213771016813,75.12676808113157,,,,,0.9073925807312516,7.205764611689352,4.483586869495596,22.151054176674673,,,,,,24.526287696824127,66.31972244462237,71.33706965572458,17.587403255938085,21.136909527622098,23.992527355217508,13.957832933013076,1.547904990659194,0.400320256204964,8.299973311982919,68.8550840672538,,,,,,,,,,,4.81147351376359,3.9298105,3747,3.9298105,3747,2.0907283,7043.0,1.5060858,9777.0
070601,4119,84.87496965282836,1.1653313911143481,13.595532896334062,9.662539451323136,0.048555474629764506,56.88273852876912,34.32872056324351,8.788540907987375,88.17674192765234,39.30565671279437,48.87108521485798,11.823258072347658,41.66059723233795,18.086914299587278,28.040786598689003,0.38844379703811605,92.49817916970139,88.68657441126487,1.7965525613012867,1.1167759164845836,7.501820830298616,0.0,79.87375576596261,18.572469045884922,80.14081087642631,1.2624423403738771,77.39742655984462,69.07016266084001,59.43190094683175,9.638261714008255,24.49623695071619,3.4231609613983975,2.6219956300072833,67.9776644816703,10.65792668123331,1.1896091284292305,6.9434328720563245,11.53192522456907,85.09346928866229,6.069434328720563,1.820830298616169,1.5780529254673465,11.726147123088127,77.95581451808691,0.2670551104637048,9.05559601845108,13.231366836610828,26.050012138868656,31.536780772032046,2.306385044913814,27.04539936877883,77.42170429715951,77.88298130614227,,,,,0.7283321194464676,15.246419033746054,4.030104394270454,22.165574168487495,,,,,,26.38990046127701,62.952172857489685,76.64481670308328,26.70551104637048,19.93202233551833,24.957513959698957,42.09759650400583,3.7873270211216314,0.33988832240835154,9.613983976693373,72.83321194464676,,,,,,,,,,,4.20937840785169,4.2384076,4119,4.2384076,4119,2.076109,8409.0,1.580911,11043.0
070602,4978,53.595821615106466,4.198473282442748,38.067496986741666,13.59983929288871,0.08035355564483729,20.811570912012858,38.54961832061068,40.638810767376455,65.80956207312174,23.724387304138208,42.08517476898353,34.19043792687827,0.3013258336681398,12.896745680996384,51.9284853354761,0.6830052229811169,60.28525512253917,45.96223382884693,3.5958216151064684,5.222981116914424,39.71474487746083,0.0,37.90678987545199,60.80755323423062,38.02732020891924,1.124949779027722,71.65528324628364,13.27842507030936,10.425873844917637,2.8525512253917236,75.03013258336681,6.50863800723182,4.2185616713539575,83.44716753716352,4.5600642828445155,0.34150261149055844,4.841301727601446,5.966251506629169,33.34672559260747,6.006428284451587,47.60948171956609,2.8927280032141423,23.94535958216151,33.828846926476494,0.24106066693451186,36.27963037364403,62.67577340297308,13.378867014865408,7.312173563680193,0.9039775010044194,47.66974688629972,23.38288469264765,34.93370831659301,,,,,0.5423865006026517,8.638007231820009,4.198473282442748,29.63037364403375,,,,,,5.3234230614704705,73.64403374849337,38.87103254319003,5.885897950984331,13.640016070711129,27.360385697067095,44.35516271595018,2.6717557251908395,0.6026516673362796,2.169546002410607,42.00482121333869,,,,,,,,,,,2.5959577229742257,3.8141825,4978,3.8141825,4978,2.4629653,7709.0,1.9763714,9607.0
070603,1354,75.48005908419498,5.539143279172821,14.84490398818316,11.447562776957165,0.5908419497784343,49.556868537666176,43.20531757754801,7.23781388478582,85.15509601181684,50.59084194977844,34.56425406203841,14.84490398818316,1.7725258493353029,37.07533234859675,45.12555391432792,1.1816838995568686,93.0576070901034,88.92171344165436,1.1816838995568686,1.9940915805022157,6.942392909896602,0.0,85.45051698670606,12.555391432791728,85.89364844903989,1.5509601181683899,75.40620384047267,33.82570162481536,29.394387001477106,4.431314623338257,45.34711964549483,4.5051698670605616,14.623338257016249,41.432791728212706,10.413589364844904,0.8124076809453471,6.056129985228951,39.881831610044316,70.7533234859675,11.964549483013293,0.22156573116691286,0.5908419497784343,57.0162481536189,34.04726735598228,0.51698670605613,6.277695716395864,19.35007385524372,38.77400295420975,12.703101920236337,2.1418020679468244,32.27474150664697,77.6218611521418,81.16691285081241,,,,,0.8124076809453471,11.816838995568686,6.499261447562777,31.314623338257014,,,,,,25.480059084194977,66.17429837518463,80.94534711964549,16.248153618906944,15.805022156573116,22.821270310192023,27.91728212703102,1.9940915805022157,0.29542097488921715,8.567208271787297,74.81536189069423,,,,,,,,,,,0.8486562942008486,4.4231906,1354,4.4231906,1354,2.5485106,2350.0,1.8231355,3285.0
070701,1071,61.34453781512605,5.415499533146592,10.550887021475257,8.49673202614379,4.761904761904762,39.77591036414566,39.30905695611578,20.915032679738562,57.983193277310924,42.11017740429505,15.873015873015873,42.016806722689076,7.936507936507937,4.1083099906629315,45.751633986928105,0.18674136321195145,59.943977591036415,54.061624649859944,2.5210084033613445,1.4939309056956116,40.056022408963585,0.0,27.824463118580766,71.24183006535948,28.011204481792717,0.7469654528478058,47.43230625583567,0.3734827264239029,0.2801120448179272,0.09337068160597572,74.32306255835668,6.816059757236228,17.273576097105508,81.60597572362278,6.069094304388422,0.8403361344537815,4.855275443510737,3.9215686274509802,21.84873949579832,38.00186741363212,0.7469654528478058,0.6535947712418301,44.44444444444444,42.48366013071895,0.2801120448179272,12.044817927170868,58.356676003734826,19.514472455648928,3.641456582633053,1.1204481792717087,37.44164332399627,0.0,72.64239028944911,,,,,0.9337068160597572,5.695611577964519,3.9215686274509802,36.41456582633053,,,,,,9.15032679738562,58.26330532212885,44.07096171802054,4.014939309056956,19.234360410831,21.288515406162464,9.523809523809524,4.6685340802987865,0.09337068160597572,0.6535947712418301,41.73669467787115,,,,,,,,,,,2.4242424242424243,4.7376285,1071,4.7376285,1071,2.745671,1848.0,2.2215412,2284.0
070702,6289,45.11051041501034,9.47686436635395,40.165368103037046,36.12657020193989,2.623628557799332,32.02416918429003,38.686595643186514,29.289235172523455,69.07298457624424,36.92160915884878,32.15137541739545,30.927015423755766,6.662426458896486,7.854984894259819,54.142152965495306,0.413420257592622,53.69693114962633,29.829861663221497,4.754332962315154,13.563364604865638,46.30306885037367,6.567021784067419,34.15487358880585,57.942439179519795,41.13531563046589,0.8904436317379552,64.12784226427095,12.466210844331373,11.082843059309907,1.383367785021466,73.77961520114485,7.664175544601686,5.310860232151375,83.1928764509461,6.662426458896486,0.23851168707266657,5.104150103355065,4.022897121958976,35.5541421529655,25.329941167117187,3.259659723326443,0.2226109079344888,75.6877086977262,19.096835744951502,0.34981714103991096,3.975194784544443,54.34886309429162,27.88996660836381,9.540467482906662,1.9557958339958659,36.41278422642709,11.798378120527905,75.98982350135157,,,,,0.9858483065670218,2.416918429003021,3.9115916679917317,40.70599459373509,,,,,,7.05994593735093,43.99745587533789,23.75576403243759,5.104150103355065,9.890284623946574,22.308793130863414,7.521068532358085,19.669263793925904,0.17490857051995548,0.7314358403561775,20.989028462394657,,,,,,,,,,,2.5648498979889247,4.933058,6289,4.933058,6289,2.8096359,11042.0,1.9596993,15831.0
070703,5628,57.16062544420753,4.92181947405828,29.282160625444206,26.048329779673065,3.2160625444207533,40.991471215351815,46.6773276474769,12.331201137171286,76.65245202558636,49.8045486851457,26.847903340440652,23.347547974413647,1.101634683724236,9.754797441364605,65.10305614783226,0.6929637526652452,78.1094527363184,48.29424307036248,4.992892679459843,20.29140014214641,21.890547263681594,0.0,61.58493248045487,36.62046908315565,61.9225302061123,1.4036958066808813,63.98365316275764,12.348969438521678,10.874200426439232,1.4747690120824448,67.85714285714286,10.767590618336888,4.317697228144989,72.93887704335465,11.034115138592751,0.5685856432125089,5.259417199715707,8.528784648187633,61.88699360341151,14.250177683013504,10.589907604832979,0.17768301350390903,60.90973702914001,36.60270078180526,0.373134328358209,0.4975124378109453,31.6453447050462,29.54868514570007,18.070362473347547,9.488272921108742,31.556503198294244,18.958777540867093,69.90049751243781,,,,,0.9950248756218906,5.330490405117271,3.7135749822316986,34.04406538734897,,,,,,6.041222459132907,45.91329068941009,39.321250888415065,7.054015636105189,19.88272921108742,21.766169154228855,17.590618336886994,24.8045486851457,0.5152807391613362,3.3582089552238807,41.36460554371002,,,,,,,,,,,2.233009708737864,4.448472,5628,4.448472,5628,2.5783727,9710.0,1.6595519,15086.0
070704,1117,73.9480752014324,3.222918531781558,4.476275738585497,1.7905102954341987,3.4019695613249774,43.95702775290958,36.526410026857654,19.516562220232768,68.30796777081468,36.07878245299911,32.22918531781558,31.69203222918532,0.35810205908683973,12.354521038495971,55.23724261414503,0.35810205908683973,65.35362578334825,61.951656222023274,2.1486123545210387,0.9847806624888094,34.64637421665174,0.0,47.717099373321396,51.20859444941809,47.717099373321396,1.0743061772605194,63.65264100268577,23.455684870188005,21.217547000895255,2.2381378692927485,40.10743061772605,7.609668755595345,25.2461951656222,75.55953446732319,11.638316920322293,0.8952551477170994,5.640107430617726,4.744852282900626,18.173679498657116,68.75559534467324,0.6266786034019696,0.08952551477170993,42.88272157564906,51.83527305282006,0.0,3.6705461056401076,49.059982094897045,31.423455684870188,5.192479856759176,2.2381378692927485,23.097582811101162,51.02954341987466,79.14055505819158,,,,,0.8057296329453895,4.386750223813787,4.476275738585497,27.48433303491495,,,,,,7.430617726051925,73.9480752014324,47.448522829006265,12.354521038495971,14.592658907788719,22.829006266786035,9.937332139659803,1.9695613249776187,0.08952551477170993,3.5810205908683974,44.76275738585497,,,,,,,,,,,0.25862068965517243,4.27932,1117,4.27932,1117,2.2525918,2122.0,1.5692712,3046.0
070705,2390,35.69037656903766,15.774058577405858,17.531380753138077,7.405857740585774,7.531380753138075,18.828451882845187,38.15899581589958,43.01255230125523,53.17991631799163,25.271966527196653,27.90794979079498,46.82008368200837,0.37656903765690375,3.096234309623431,48.61924686192469,1.0878661087866108,38.49372384937239,21.213389121338913,6.485355648535565,4.2259414225941425,61.50627615062761,0.0,16.192468619246863,82.80334728033473,16.527196652719667,0.5857740585774058,52.34309623430963,0.6276150627615062,0.2928870292887029,0.33472803347280333,76.86192468619247,6.610878661087866,12.175732217573222,86.61087866108787,3.01255230125523,0.16736401673640167,4.476987447698745,4.937238493723849,10.251046025104603,43.59832635983263,1.0460251046025104,0.20920502092050208,60.2510460251046,29.330543933054393,0.16736401673640167,9.497907949790795,72.80334728033473,13.01255230125523,1.5481171548117154,0.7112970711297071,41.96652719665272,0.0,71.58995815899581,,,,,0.5439330543933054,3.723849372384937,7.2803347280334725,43.80753138075314,,,,,,1.799163179916318,56.15062761506276,18.619246861924687,3.1799163179916317,8.451882845188285,17.238493723849373,7.071129707112971,4.811715481171548,0.12552301255230125,1.3807531380753137,23.682008368200837,,,,,,,,,,,1.33385641428011,4.973222,2390,4.973222,2390,3.017517,3939.0,2.4381537,4875.0
070706,8374,92.87079054215428,3.439216622880344,0.7284451874850728,0.44184380224504416,0.3582517315500358,70.43229042273704,25.17315500358252,4.3945545736804394,90.39885359445904,45.736804394554575,44.662049199904466,9.60114640554096,58.75328397420588,6.090279436350609,25.364222593742536,0.19106759016001912,93.55146883209936,92.83496536899928,0.04776689754000478,0.19106759016001912,6.4485311679006445,61.51182230714115,25.9971339861476,9.565321232385957,87.67614043467877,2.6988297110102697,79.73489371865297,85.56245521853356,71.38762837353714,14.174826844996417,10.174349176021018,1.3732983042751374,2.3047528063052303,63.267255791736325,20.82636732744208,5.182708383090518,6.376880821590638,2.4838786720802486,50.95533795080009,45.056126104609504,0.2627179364700263,0.13135896823501314,68.16336278958681,27.967518509672797,2.292811081920229,0.6448531167900645,18.378313828516838,59.17124432768092,13.577740625746358,3.9168855982803916,28.146644375447814,87.62837353713876,88.15380941007882,,,,,2.316694530690232,8.036780511105803,3.881060425125388,18.60520659183186,,,,,,33.38906138046334,76.30761882015763,81.70527824217817,31.49032720324815,23.465488416527347,20.754716981132077,10.150465727251015,0.6806782899450681,0.2149510389300215,15.082397898256508,78.92285646047289,,,,,,,,,,,2.5565709312445604,3.933843,8374,3.933843,8374,1.9000981,17337.0,1.3835363,23810.0
070707,1013,71.964461994077,4.935834155972359,11.944718657453109,4.54096742349457,2.4679170779861797,41.46100691016782,36.42645607107601,22.11253701875617,77.29516288252715,46.59427443237907,30.700888450148074,22.704837117472852,24.383020730503453,6.31786771964462,46.59427443237907,0.0,64.95557749259625,59.03257650542942,3.15893385982231,0.5923000987166831,35.04442250740375,0.0,53.20829220138204,45.90325765054294,53.20829220138204,0.6910167818361304,71.07601184600198,42.744323790720635,36.52517275419546,6.219151036525172,44.52122408687068,6.021717670286279,5.231984205330701,76.11056268509378,9.575518262586376,0.29615004935834155,6.219151036525172,7.00888450148075,28.82527147087858,62.38894373149062,1.579466929911155,0.0,57.84797630799605,40.572556762092795,0.29615004935834155,0.39486673247778875,43.63277393879566,36.32773938795656,6.5153010858835145,1.1846001974333662,20.03948667324778,69.8914116485686,86.77196446199407,,,,,1.2833168805528135,6.5153010858835145,5.330700888450148,31.391905231984204,,,,,,19.052319842053308,73.44521224086871,49.1609081934847,11.352418558736426,16.979269496544916,32.67522211253702,6.910167818361303,1.8756169792694966,0.19743336623889438,5.231984205330701,46.89042448173741,,,,,,,,,,,3.202195791399817,4.8321815,1013,4.8321815,1013,2.5051177,1954.0,1.770984,2764.0
070801,5275,83.56398104265404,2.255924170616114,1.7061611374407584,0.2843601895734597,0.0947867298578199,52.34123222748815,35.75355450236967,11.90521327014218,66.35071090047393,37.97156398104266,28.379146919431278,33.649289099526065,51.5260663507109,2.7677725118483414,11.924170616113743,0.13270142180094788,74.97630331753554,67.20379146919431,6.369668246445498,0.5876777251184834,25.023696682464454,0.0,62.90047393364929,35.829383886255926,63.09004739336493,1.0236966824644549,79.84834123222748,55.355450236966824,46.161137440758296,9.19431279620853,19.848341232227487,5.497630331753554,15.184834123222748,67.12796208530806,19.677725118483412,2.4265402843601898,6.388625592417061,3.052132701421801,27.526066350710902,65.0995260663507,2.1421800947867298,0.47393364928909953,15.165876777251185,76.96682464454976,1.3459715639810426,5.38388625592417,33.800947867298575,24.85308056872038,20.644549763033176,2.3886255924170614,27.582938388625593,56.51184834123223,84.72037914691943,,,,,0.8909952606635071,8.549763033175356,4.511848341232228,18.862559241706162,,,,,,30.42654028436019,82.04739336492891,57.345971563981045,14.14218009478673,20.360189573459717,22.123222748815166,13.061611374407583,0.909952606635071,0.3222748815165877,5.194312796208531,56.24644549763033,,,,,,,,,,,6.4808162092254635,3.1840758,5275,3.1840758,5275,1.9075525,8805.0,1.1948495,14057.0
070802,576,86.80555555555556,1.5625,2.0833333333333335,0.0,0.1736111111111111,32.986111111111114,56.076388888888886,10.9375,66.84027777777777,43.576388888888886,23.26388888888889,33.15972222222222,1.0416666666666667,10.243055555555555,55.03472222222222,0.5208333333333334,85.24305555555556,74.30555555555556,9.54861111111111,0.1736111111111111,14.756944444444445,0.0,50.0,48.958333333333336,50.34722222222222,0.6944444444444444,85.9375,1.9097222222222223,0.0,1.9097222222222223,60.06944444444444,8.506944444444445,23.958333333333332,73.78472222222223,10.416666666666666,1.0416666666666667,8.506944444444445,5.381944444444445,15.45138888888889,82.98611111111111,0.1736111111111111,0.1736111111111111,12.5,77.60416666666667,0.5208333333333334,8.506944444444445,38.36805555555556,36.63194444444444,6.597222222222222,1.2152777777777777,19.791666666666668,0.0,92.36111111111111,,,,,0.5208333333333334,8.680555555555555,4.166666666666667,22.22222222222222,,,,,,8.506944444444445,85.41666666666667,66.66666666666667,8.159722222222221,23.61111111111111,42.708333333333336,15.45138888888889,0.5208333333333334,0.0,1.9097222222222223,63.71527777777778,,,,,,,,,,,4.4692737430167595,3.6059027,576,3.6059027,576,2.0106485,1033.0,1.2742331,1630.0
070803,870,57.47126436781609,3.218390804597701,7.241379310344827,1.7241379310344827,0.11494252873563218,27.471264367816094,40.11494252873563,32.41379310344828,55.28735632183908,38.62068965517241,16.666666666666668,44.71264367816092,21.724137931034484,18.50574712643678,14.827586206896552,0.22988505747126436,64.48275862068965,45.28735632183908,17.701149425287355,0.22988505747126436,35.51724137931034,0.0,38.39080459770115,61.264367816091955,38.50574712643678,0.22988505747126436,75.51724137931035,21.724137931034484,19.54022988505747,2.1839080459770117,36.89655172413793,5.172413793103448,32.758620689655174,82.06896551724138,10.114942528735632,0.5747126436781609,4.137931034482759,2.528735632183908,9.425287356321839,86.66666666666667,0.0,0.11494252873563218,21.839080459770116,48.62068965517241,0.45977011494252873,28.50574712643678,64.82758620689656,20.57471264367816,5.172413793103448,0.5747126436781609,25.632183908045977,0.0,88.04597701149426,,,,,0.11494252873563218,9.080459770114942,1.9540229885057472,22.64367816091954,,,,,,28.620689655172413,81.72413793103448,36.0919540229885,5.287356321839081,24.71264367816092,13.793103448275861,16.32183908045977,0.22988505747126436,0.11494252873563218,0.9195402298850575,50.11494252873563,,,,,,,,,,,2.7494108405341713,3.1632185,870,3.1632185,870,2.2086678,1246.0,1.266452,2173.0
070804,600,52.666666666666664,0.5,0.8333333333333334,0.16666666666666666,0.0,28.666666666666668,31.833333333333332,39.5,40.833333333333336,19.666666666666668,21.166666666666668,59.166666666666664,27.166666666666668,3.5,10.166666666666666,0.0,63.0,51.0,11.666666666666666,0.16666666666666666,37.0,0.0,36.333333333333336,59.833333333333336,36.5,3.3333333333333335,76.66666666666667,35.833333333333336,33.5,2.3333333333333335,31.333333333333332,3.1666666666666665,22.833333333333332,74.83333333333333,11.666666666666666,0.0,7.166666666666667,4.666666666666667,16.833333333333332,56.5,20.0,0.5,28.0,61.333333333333336,0.5,6.666666666666667,60.0,21.333333333333332,6.5,0.3333333333333333,34.0,0.0,60.5,,,,,0.16666666666666666,5.333333333333333,2.6666666666666665,29.333333333333332,,,,,,15.0,72.0,32.166666666666664,3.5,5.833333333333333,15.5,5.833333333333333,0.5,0.16666666666666666,0.3333333333333333,39.833333333333336,,,,,,,,,,,2.751031636863824,3.8283334,600,3.8283334,600,2.583802,889.0,1.6693314,1376.0
070805,635,72.1259842519685,1.4173228346456692,2.677165354330709,0.47244094488188976,0.0,35.275590551181104,41.889763779527556,22.834645669291337,30.078740157480315,21.10236220472441,8.976377952755906,69.92125984251969,23.77952755905512,0.6299212598425197,5.669291338582677,0.0,55.90551181102362,44.56692913385827,9.921259842519685,0.6299212598425197,44.09448818897638,0.0,29.448818897637796,70.55118110236221,29.448818897637796,0.0,84.56692913385827,30.078740157480315,29.291338582677167,0.7874015748031497,24.724409448818896,12.125984251968504,26.929133858267715,79.21259842519684,8.661417322834646,1.2598425196850394,9.133858267716535,1.4173228346456692,5.196850393700787,80.94488188976378,1.2598425196850394,0.0,13.385826771653543,63.62204724409449,0.0,22.04724409448819,73.38582677165354,7.244094488188976,7.716535433070866,0.47244094488188976,40.78740157480315,0.0,79.05511811023622,,,,,0.0,4.724409448818897,3.4645669291338583,29.606299212598426,,,,,,15.905511811023622,79.21259842519684,22.677165354330707,2.677165354330709,15.118110236220472,8.503937007874017,6.929133858267717,0.0,0.0,0.6299212598425197,34.803149606299215,,,,,,,,,,,0.6116207951070336,3.2251968,635,3.2251968,635,2.4615386,832.0,1.5717574,1303.0
070901,3099,69.6353662471765,4.001290738948048,3.549532107131333,1.3230074217489514,0.1936108422071636,42.0458212326557,45.756695708292995,12.197483059051306,68.53823814133591,43.01387544369151,25.524362697644403,31.461761858664087,19.296547273313973,10.74540174249758,37.786382704098095,0.7099064214262666,78.34785414649888,74.76605356566634,1.96837689577283,0.968054211035818,21.65214585350113,0.0,68.40916424653113,29.912875121006778,68.66731203614069,1.0648596321393997,78.02516940948694,36.30203291384318,29.29977412068409,7.002258793159084,41.40045175863182,6.615037108744756,12.842852533075186,69.86124556308486,14.649887060342046,1.1293965795417877,5.130687318489835,8.131655372700871,31.106808647950952,61.37463697967086,1.5811552113585028,0.1936108422071636,10.454985479186835,84.54340109712811,1.2907389480477574,2.323330106485963,25.65343659244918,26.782833171990966,21.200387221684416,1.3552758954501452,31.68764117457244,41.626331074540175,81.9296547273314,,,,,2.032913843175218,10.003226847370119,4.194901581155212,20.070990642142625,,,,,,19.135204904808003,73.18489835430785,58.5027428202646,11.48757663762504,22.168441432720233,28.88028396256857,26.16973217166828,2.1297192642787994,0.2581477896095515,4.743465634075508,53.69474023878671,,,,,,,,,,,9.661718179605744,3.3075185,3099,3.3075185,3099,1.9647307,5217.0,1.3251455,7735.0
070902,2714,74.20781134856301,10.243183492999263,2.8739867354458366,2.3212969786293294,0.07369196757553427,36.03537214443626,51.95283714075166,12.011790714812085,73.3235077376566,40.60427413411938,32.71923360353721,26.676492262343405,0.5895357406042742,3.868828297715549,68.53352984524687,0.3316138540899042,81.68754605747974,78.22402358142962,2.5055268975681653,0.810611643330877,18.312453942520264,0.0,70.04421518054532,26.934414148857776,70.78113485630067,2.210759027266028,66.50700073691968,48.30508474576271,41.26750184229919,7.037582903463522,29.808400884303612,3.6845983787767134,14.848931466470155,69.19675755342668,21.923360353721446,1.658069270449521,4.679439941046426,1.915991156963891,32.86661753868828,57.92188651436993,4.200442151805453,0.2210759027266028,21.775976418570377,68.2756079587325,1.5475313190862197,4.384672070744289,21.075902726602802,55.158437730287396,11.532792925571112,1.2527634487840826,35.66691230655859,36.919675755342666,79.9189388356669,,,,,0.6263817243920413,9.432571849668387,3.868828297715549,22.402358142962417,,,,,,3.389830508474576,74.17096536477524,61.82756079587325,8.990420044215181,21.628592483419308,31.724392041267503,24.244657332350773,2.8371407516580693,0.4421518054532056,1.400147383935151,57.553426676492265,,,,,,,,,,,4.518252543387193,3.3518791,2714,3.3518791,2714,2.0874255,4358.0,1.4169782,6420.0
070903,2964,87.04453441295547,4.588394062078272,0.8771929824561403,0.37112010796221323,0.10121457489878542,44.70310391363023,47.874493927125506,7.422402159244265,80.63427800269906,44.02834008097166,36.605937921727396,19.365721997300945,1.349527665317139,10.62753036437247,68.52226720647774,0.1349527665317139,86.67341430499326,85.72874493927125,0.30364372469635625,0.37112010796221323,13.326585695006747,0.0,82.62483130904184,14.912280701754385,82.65856950067476,2.327935222672065,69.1970310391363,67.88124156545209,63.93387314439946,3.9473684210526314,19.568151147098515,2.766531713900135,8.502024291497976,63.59649122807018,23.346828609986506,2.192982456140351,5.195681511470985,4.757085020242915,53.340080971659916,39.878542510121456,3.7786774628879893,0.7759784075573549,9.986504723346828,84.0080971659919,2.0917678812415654,1.8556005398110662,17.172739541160595,34.88529014844804,15.890688259109313,1.7543859649122806,38.630229419703106,63.8663967611336,82.6923076923077,,,,,0.5060728744939271,7.287449392712551,3.7786774628879893,22.672064777327936,,,,,,7.557354925775979,72.2672064777328,74.66261808367072,12.044534412955466,26.653171390013494,37.449392712550605,35.121457489878544,1.5182186234817814,0.37112010796221323,4.824561403508772,72.0310391363023,,,,,,,,,,,4.78110599078341,3.382591,2964,3.382591,2964,2.003597,5004.0,1.3998883,7162.0
070904,730,76.84931506849315,1.2328767123287672,3.5616438356164384,1.095890410958904,0.136986301369863,32.602739726027394,49.863013698630134,17.534246575342465,62.32876712328767,25.753424657534246,36.57534246575342,37.67123287671233,0.958904109589041,4.657534246575342,55.89041095890411,0.821917808219178,77.94520547945206,70.82191780821918,4.794520547945205,0.684931506849315,22.054794520547944,0.0,58.9041095890411,39.178082191780824,59.178082191780824,1.2328767123287672,73.83561643835617,38.21917808219178,35.342465753424655,2.8767123287671232,33.56164383561644,5.205479452054795,17.671232876712327,63.83561643835616,22.73972602739726,3.1506849315068495,4.657534246575342,4.794520547945205,27.534246575342465,68.08219178082192,0.136986301369863,0.136986301369863,11.917808219178083,81.23287671232876,0.821917808219178,5.205479452054795,43.56164383561644,23.424657534246574,10.821917808219178,0.547945205479452,33.56164383561644,0.0,84.24657534246575,,,,,0.821917808219178,7.671232876712328,3.1506849315068495,29.041095890410958,,,,,,2.8767123287671232,79.58904109589041,58.35616438356164,6.575342465753424,22.328767123287673,30.54794520547945,20.82191780821918,0.547945205479452,0.547945205479452,0.821917808219178,55.205479452054796,,,,,,,,,,,4.615384615384615,3.9972603,730,3.9972603,730,2.6264627,1111.0,1.6974986,1719.0
071001,26343,84.79292411646358,9.315567702995104,5.656151539308355,2.691417074744714,0.11767832061648256,62.5251489959382,31.370762631439092,6.104088372622708,89.75059788179023,38.38970504498349,51.36089283680674,10.24940211820977,44.364726872413925,16.37247086512546,28.724898454997533,0.2885016892533121,94.13126826861026,93.0949398322135,0.037960748585962115,0.2733173898189272,5.868731731389743,3.7960748585962114,89.78855863037619,4.118741221576889,93.6909235850131,2.1485783699654557,67.59290893216414,77.68287590631287,65.2355464449759,12.447329461336977,17.89469688342254,2.156170519682648,1.8221159321261815,62.56690581938276,21.580685571119464,3.3595262498576473,7.110048210150704,3.219071480089587,88.74843411912083,1.9094256538738943,6.726644649432487,0.4175682344455833,15.806855711194626,76.03537941768212,1.9967353756216073,1.3248301256500778,11.300914854040922,33.33712940819193,30.759594579205103,6.278707816118134,35.51607637702615,97.87419807918612,78.48764377633528,,,,,1.2261321793265763,13.669665565804957,4.786850396689823,22.981437193941463,,,,,,25.949967733363703,63.3299168659606,81.94966404737501,24.830125650077818,25.335003606271115,23.129484113426717,34.42660289260904,0.9110579660630908,0.35303496184944766,11.31230307861671,75.51911323691303,,,,,,,,,,,3.133260494131745,4.060054,26343,4.060054,26343,2.0677428,51725.0,1.6278404,65703.0
071002,3236,74.16563658838072,5.933250927070457,18.355995055624227,12.330037082818293,0.15451174289245984,29.38813349814586,53.21384425216316,17.398022249690978,80.56242274412855,40.91470951792336,39.64771322620519,19.437577255871446,1.2669962917181705,23.4548825710754,55.3770086526576,0.4635352286773795,84.05438813349815,81.9221260815822,0.12360939431396786,0.9888751545117429,15.945611866501855,0.0,70.67367119901112,28.090234857849197,70.70457354758962,1.1433868974042027,66.00741656365884,19.252163164400493,16.96538936959209,2.2867737948084055,73.11495673671199,5.098887515451175,2.03955500618047,73.23856613102596,5.407911001236094,0.30902348578491967,7.292954264524104,12.73176761433869,67.92336217552534,11.897404202719407,7.601977750309024,3.61557478368356,13.99876390605686,56.64400494437577,0.3399258343634116,23.331273176761435,35.69221260815822,24.042027194066748,15.482076637824475,2.4412855377008653,47.867737948084056,36.37206427688504,56.61310259579728,,,,,0.865265760197775,8.281829419035846,5.098887515451175,35.97033374536465,,,,,,13.009888751545118,63.967861557478365,66.56365883807169,9.672435105067985,17.95426452410383,33.80716934487021,36.495673671199015,1.2669962917181705,0.30902348578491967,3.7700865265760197,60.321384425216316,,,,,,,,,,,3.662286832541236,4.297281,3236,4.297281,3236,2.699146,5152.0,2.1741714,6396.0
071003,5327,81.09630185845691,10.174582316500844,8.053313309555097,5.275014079219073,0.16895062887178525,38.93373380889807,50.009386146048435,11.056880045053502,82.99230336024029,41.092547400037546,41.89975596020274,17.007696639759715,3.0974281959827294,31.800262812089358,47.51267129716538,0.5819410550028159,88.92434766284964,87.30993054251924,0.18772292096865026,0.46930730242162566,11.075652337150366,0.0,82.3915900131406,15.336962643138728,82.65440210249672,1.8772292096865026,63.90088229772855,33.320818471935425,25.211188286089733,8.109630185845692,57.01145109817909,4.411488642763281,4.092359677116576,66.22864651773982,17.25173643701896,2.4591702646893188,6.814342031162005,5.519053876478318,74.35704899568238,5.462737000187723,11.563731931668856,3.566735498404355,17.345597897503286,63.975971466116015,0.8072085601651962,10.512483574244415,24.23502909705275,31.03059883611789,22.845879481884737,4.524122395344471,44.15243101182654,79.05012201989862,69.21344096114136,,,,,0.694574807584006,9.817908766660409,5.406420123897128,34.31574995306927,,,,,,18.547024591702648,64.59545710531256,74.54477191665103,14.210625117326826,17.1766472686315,24.554158062699457,49.633940304111135,1.389149615168012,0.3754458419373005,6.739252862774545,65.45898254176835,,,,,,,,,,,4.258620689655173,4.2975407,5327,4.2975407,5327,2.5027878,9147.0,2.0389206,11228.0
071004,3163,76.60448940878912,8.15681315207082,14.543155232374328,9.89566866898514,0.09484666455896301,30.572241542839077,55.959532089788176,13.468226367372747,81.97913373379703,47.23363895036358,34.74549478343345,18.020866266202972,0.5690799873537781,21.498577300031616,59.18431868479292,0.7271577616187164,87.29054694909895,79.82927600379386,2.0866266202971864,3.857097692064496,12.709453050901043,0.0,80.42997154600063,16.376857413847613,81.06228264306039,1.6440088523553589,62.85172304773949,2.3711666139740752,0.5690799873537781,1.8020866266202973,85.55169143218464,6.038570976920645,5.532722099272842,72.17831172937085,10.559595320897882,0.28453999367688904,7.239962061334176,8.061966487511857,71.10338286436927,1.8653177363262725,23.395510591210876,1.2013910844135314,12.677837496048056,70.94530509010433,1.0433133101485932,11.191906417957636,28.89661713563073,38.823901359468856,19.095795131204554,5.15333544103699,40.43629465697123,66.80366740436294,62.756876383180526,,,,,0.7903888713246917,9.89566866898514,3.6674043629465696,37.1798925071135,,,,,,13.278533038254821,63.610496364211194,64.40088523553588,13.088839709136895,20.992728422383813,34.08156813152071,52.987669933607336,1.9601644008852355,0.8852355358836548,4.8055643376541255,63.38918748024028,,,,,,,,,,,2.864363942712721,4.3629465,3163,4.3629465,3163,2.618099,5271.0,1.9982624,6906.0
071005,3477,86.51136036813345,6.298533218291631,6.729939603106126,4.083980442910555,0.057520851308599366,20.506183491515674,73.82801265458728,5.665803853897038,91.54443485763589,43.51452401495542,48.02991084268047,8.455565142364106,1.0641357492090884,33.96606269772793,56.255392579810184,0.25884383088869717,88.81219442047743,86.56888121944205,0.1725625539257981,1.265458728789186,11.187805579522577,0.0,82.1972965199885,15.530629853321829,82.3986194995686,2.0707506471095773,71.29709519700891,2.4446361806154733,1.2942191544434858,1.1504170261719873,88.72591314351452,4.342824273799252,3.7100949094046594,77.10670117917745,9.519700891573196,0.632729364394593,6.35605406960023,5.406960023008341,49.15156744319816,3.278688524590164,44.60742018981881,2.013229795800978,25.48173712970952,58.93011216566005,0.7477710670117917,11.072763876905379,44.118492953695714,28.44406097210239,14.49525452976704,4.48662640207075,39.833189531205065,41.12740868564855,46.131722749496696,,,,,1.4092608570606846,10.00862812769629,3.4512510785159622,36.410698878343396,,,,,,17.48633879781421,70.86568881219442,71.41213689962612,14.58153580672994,17.48633879781421,39.43054357204487,52.372735116479724,2.013229795800978,1.9844693701466782,5.550762151279839,69.14006327293644,,,,,,,,,,,1.7624521072796935,4.6059823,3477,4.6059823,3477,2.7020414,5927.0,2.125979,7533.0
071101,4261,45.341469138699836,3.7315184229054212,42.0793241023234,17.4137526402253,0.02346866932644919,23.069701947899553,26.449190330908237,50.48110772119221,83.47805679417976,43.11194555268716,40.36611124149261,16.52194320582023,0.6571227411405773,14.761793006336541,67.91832903074396,0.14081201595869514,61.769537667214266,49.44848627082845,1.9478995540952828,6.007979347570993,38.230462332785734,0.0,40.248767894860364,57.545177188453415,40.48345458812485,1.854024876789486,71.69678479230228,36.470312133302045,31.518422905421264,4.95188922788078,55.22177892513494,4.365172494719549,2.957052335132598,76.53133067355081,11.077211922084018,1.0326214503637643,5.3508566064304155,4.787608542595635,15.090354376906829,41.21098333724478,24.90025815536259,3.215207697723539,11.382304623327858,46.18634123445201,0.32856137057028867,38.69983571931471,61.34710161933818,19.478995540952827,11.405773292654306,0.30509270124383947,44.26191034968317,53.790190096221544,47.289368692795115,,,,,1.1499647969960103,4.6467965266369395,4.247829148087304,33.53672846749589,,,,,,9.809903778455762,58.55432996949073,43.95681764843933,9.176249706641633,10.584369866228585,23.421731987796292,40.506923257451305,1.2907768129547055,0.4224360478760854,4.435578502698897,40.765078620042246,,,,,,,,,,,3.450479233226837,4.331143,4261,4.331143,4261,2.5890853,7128.0,2.085782,8848.0
071102,3185,51.9309262166405,4.3014128728414445,17.551020408163264,4.395604395604396,1.8524332810047095,27.598116169544742,33.24960753532182,39.15227629513344,85.52590266875981,41.35007849293564,44.175824175824175,14.474097331240188,0.565149136577708,21.695447409733124,62.982731554160125,0.282574568288854,71.64835164835165,59.8116169544741,5.274725274725275,3.610675039246468,28.35164835164835,0.0,54.53689167974882,43.39089481946625,54.72527472527472,1.8210361067503924,70.58084772370486,45.494505494505496,41.06750392464678,4.427001569858713,49.010989010989015,2.888540031397174,1.8210361067503924,65.58869701726844,11.334379905808477,1.0047095761381475,6.624803767660911,14.003139717425432,27.880690737833596,30.235478806907377,20.188383045525903,5.43171114599686,23.35949764521193,28.822605965463108,0.12558869701726844,43.830455259026685,54.850863422291994,13.877551020408163,12.558869701726845,0.847723704866562,40.470957613814754,52.6530612244898,52.71585557299843,,,,,0.847723704866562,4.67817896389325,6.216640502354788,29.513343799058084,,,,,,11.208791208791208,71.27158555729984,52.68445839874411,10.832025117739404,13.940345368916798,9.513343799058084,47.189952904238616,0.5965463108320251,0.7849293563579278,4.740973312401884,55.698587127158554,,,,,,,,,,,0.8132530120481928,4.1915226,3185,4.1915226,3185,2.3561594,5666.0,1.89308,7052.0
071103,12767,58.43972742226052,8.286989895825174,28.730320357170832,24.124696483120545,0.814600140988486,16.88728753818438,55.42414036187045,27.688572099945173,77.47317302420302,44.74034620505992,32.732826819143106,22.526826975796975,1.1200751938591682,13.769875460170752,61.729458760867864,0.8537636093052401,66.3429153285815,48.42954492049816,9.454061251664447,4.73877966632725,33.6570846714185,0.0,54.68003446385212,42.70384585258871,55.20482493929662,2.0051695778178114,64.25941881413019,14.012688963734629,10.205999843346127,3.806689120388502,78.81256364063601,3.469883292864416,2.9529255110832615,78.89872327093288,9.454061251664447,0.540455862771207,5.6473721312759455,4.3001488211796035,45.86042139891909,6.250489543353959,38.53685282368607,5.96851257147333,27.265606642124226,36.625675569828466,1.6057022009869193,25.49541787420694,50.567870290592936,25.51891595519699,13.511396569280176,1.0574136445523616,54.03775358345735,38.58384898566617,40.95715516566147,,,,,1.98950419049111,8.216495652855016,4.245319965536148,28.63632803321062,,,,,,7.660374402757109,69.32717161431816,43.86308451476463,10.32349024829639,19.848045742930992,29.10628965301167,45.00665778961385,2.890263961776455,0.720607817028276,3.383723662567557,47.95958330069711,,,,,,,,,,,2.807650667629015,3.63202,12767,3.63202,12767,2.3989859,19329.0,1.9515994,23760.0
071104,1146,1.8324607329842932,11.169284467713787,81.93717277486911,67.19022687609075,0.9598603839441536,1.9197207678883073,5.148342059336824,92.93193717277487,83.85689354275742,12.478184991273997,71.37870855148343,16.143106457242585,0.8726003490401396,1.3961605584642234,81.32635253054102,0.2617801047120419,80.6282722513089,76.96335078534031,1.3961605584642234,1.9197207678883073,19.3717277486911,0.0,16.841186736474693,82.80977312390925,16.841186736474693,0.34904013961605584,84.46771378708551,1.8324607329842932,1.5706806282722514,0.2617801047120419,87.95811518324608,6.282722513089006,2.7050610820244327,88.7434554973822,2.7923211169284468,0.4363001745200698,6.195462478184991,1.3961605584642234,6.282722513089006,48.86561954624782,2.356020942408377,0.17452006980802792,6.020942408376963,59.24956369982548,0.2617801047120419,30.45375218150087,59.77312390924956,4.712041884816754,3.4904013961605584,0.2617801047120419,27.923211169284468,0.0,52.35602094240838,,,,,0.17452006980802792,4.712041884816754,5.322862129144852,49.040139616055846,,,,,,0.9598603839441536,67.62652705061082,48.25479930191972,13.525305410122163,3.4031413612565444,8.726003490401396,44.67713787085515,1.2216404886561956,0.2617801047120419,0.5235602094240838,33.50785340314136,,,,,,,,,,,3.015484922575387,5.6404886,1146,5.6404886,1146,3.1984167,2021.0,2.3660321,2732.0
071105,1685,68.18991097922849,10.56379821958457,7.121661721068249,2.136498516320475,0.05934718100890208,27.062314540059347,53.768545994065285,19.16913946587537,80.1186943620178,36.26112759643917,43.85756676557863,19.881305637982194,0.712166172106825,22.8486646884273,56.083086053412465,0.47477744807121663,79.34718100890208,74.3620178041543,0.9495548961424333,1.1275964391691395,20.652818991097924,0.0,73.41246290801188,23.857566765578635,73.59050445103857,2.4332344213649852,61.78041543026706,19.228486646884274,13.41246290801187,5.816023738872404,70.86053412462908,3.5608308605341246,4.8664688427299705,70.62314540059347,12.759643916913946,0.5934718100890207,7.002967359050445,5.9347181008902075,52.403560830860535,8.189910979228486,18.100890207715132,2.8486646884273,22.61127596439169,41.30563798219585,0.9495548961424333,25.637982195845698,43.50148367952522,27.240356083086052,15.72700296735905,0.5934718100890207,43.50148367952522,85.8160237388724,53.41246290801187,,,,,1.1869436201780414,6.112759643916914,3.916913946587537,29.495548961424333,,,,,,12.166172106824925,61.89910979228487,66.58753709198812,12.759643916913946,15.548961424332344,13.531157270029674,43.204747774480715,1.0682492581602374,0.41543026706231456,6.58753709198813,59.22848664688427,,,,,,,,,,,2.704135737009544,4.124036,1685,4.124036,1685,2.3929064,2904.0,1.9951191,3483.0
071106,5058,58.30367734282325,8.402530644523527,32.66113088177145,30.624752866745748,0.17793594306049823,36.31870304468169,53.53894820086991,10.142348754448399,84.04507710557533,47.825227362593914,36.21984974298142,15.954922894424675,1.166468960063266,20.640569395017792,61.19019375247133,1.047844998022934,84.38117833135627,64.65005931198102,2.589956504547252,14.511664689600632,15.618821668643733,0.0,82.2854883353104,15.342032423882957,82.81929616449189,1.7595887702649269,63.85923289837881,31.63305654408857,26.176354290233295,5.456702253855279,61.46698299723211,3.5191775405298538,2.708580466587584,72.854883353104,15.223408461842626,0.7908264136022143,4.98220640569395,5.516014234875445,79.51759588770265,5.179913009094504,12.13918544879399,0.6524317912218268,56.58362989323843,32.99723210755239,1.324634242783709,3.3412415974693555,14.966389877421905,38.27599841834717,32.6413602214314,2.392249901146698,35.982601818900754,41.04389086595492,71.6093317516805,,,,,2.491103202846975,5.79280347963622,3.3214709371293,28.62791617240016,,,,,,13.107947805456702,59.82601818900751,51.58165282720443,14.452352708580467,28.588374851720047,29.576907868722817,30.58521154606564,17.556346381969156,0.4942665085013839,5.773032819296165,59.786476868327405,,,,,,,,,,,4.016064257028113,4.223211,5058,4.223211,5058,2.3797905,8976.0,1.6601384,12867.0
071201,3215,47.371695178849144,3.328149300155521,43.39035769828927,12.50388802488336,0.5287713841368584,32.099533437013996,26.314152410575428,41.58631415241057,87.02954898911354,33.12597200622084,53.90357698289269,12.97045101088647,1.181959564541213,17.853810264385693,66.84292379471229,1.150855365474339,76.57853810264386,68.33592534992223,2.7371695178849142,4.665629860031104,23.421461897356142,0.0,51.944012441679625,46.53188180404354,52.06842923794712,1.3685847589424571,83.42146189735614,23.63919129082426,18.818040435458787,4.821150855365475,65.34992223950233,5.629860031104199,3.6702954898911355,74.80559875583204,11.010886469673405,1.3374805598755832,4.94556765163297,7.029548989113531,51.415241057542765,25.94090202177294,5.785381026438569,2.6438569206842923,14.245723172628304,45.47433903576983,0.5287713841368584,35.085536547433904,43.45256609642302,35.45878693623639,18.75583203732504,0.6531881804043546,23.950233281493002,46.687402799377914,74.40124416796267,,,,,1.5863141524105755,8.864696734059098,3.9191290824261276,26.936236391912907,,,,,,10.513219284603421,51.135303265940905,53.99688958009331,10.171073094867808,16.73405909797823,44.821150855365474,22.146189735614307,2.488335925349922,0.9642301710730948,1.990668740279938,48.80248833592535,,,,,,,,,,,1.9710144927536233,4.3794713,3215,4.3794713,3215,2.2673109,6210.0,1.6988417,8288.0
071301,4639,64.5828842422936,2.8885535675792195,4.7208450097003665,0.7975856865703815,0.1940073291657685,30.09269239060142,41.75468851045484,28.152619098943738,67.53610691959474,38.86613494287562,28.669971976719122,32.463893080405256,25.414960120715673,11.36020694115111,30.545376158654882,0.2155636990730761,78.85320112093123,71.91205001077819,5.928001724509593,0.40957102823884456,21.146798879068765,0.0,62.92304375943091,35.201552058633325,63.03082560896745,1.7029532226773012,67.66544513903858,57.25371847380901,52.03707695624057,5.2166415175684415,20.543220521664153,5.41064884673421,14.830782496227636,67.92412157792627,20.435438672127614,2.6298771286915286,5.820219874973055,2.6298771286915286,16.253502910109937,78.87475749083855,2.6083207587842208,1.0131493856434577,49.70898900625135,30.782496227635267,1.767622332399224,16.40439749946109,48.4371631817202,31.860314723000645,10.735072213839189,0.9269239060142273,42.46604871739599,32.485449450312565,77.53826255658547,,,,,0.6682474671265359,8.687217072644966,3.4490191851692176,27.311920672558742,,,,,,19.508514766113386,75.57663289502048,61.11230868721707,11.123086872170726,24.013796076740675,36.55960336279371,19.982754904074152,0.9700366458288424,0.4311273981461522,2.6298771286915286,64.75533520155206,,,,,,,,,,,5.0319051959890615,3.3946972,4639,3.3946972,4639,2.2548683,6984.0,1.5129215,10409.0
071302,1783,81.37969713965227,8.693213684800897,0.11217049915872125,0.0,0.16825574873808188,34.212002243409984,54.8513740886147,10.936623667975322,64.21761076836792,35.67021873247336,28.54739203589456,35.78238923163208,0.7851934941110488,9.254066180594503,54.01009534492429,0.16825574873808188,83.23051037577117,80.65058889512058,2.1873247335950645,0.0,16.76948962422883,15.143017386427369,55.860908581043184,24.565339315759957,71.228266965788,3.8698822209758834,61.58160403813797,65.17106001121705,53.72966909702748,11.441390914189569,18.564217610768367,1.962983735277622,12.058328659562536,61.469433538979246,26.75266404935502,2.3555804823331465,4.879416713404375,3.8698822209758834,33.370723499719574,60.179472798653954,0.2243409983174425,0.6730229949523275,43.46606842400449,42.456533931576,1.5703869882220975,11.497476163768928,40.32529444756029,47.39203589455973,7.17891194615816,2.0190689848569825,46.49467190128996,51.37408861469434,75.54683118339877,,,,,1.2338754907459337,9.254066180594503,3.9820527201346048,36.45541222658441,,,,,,7.571508693213684,68.59226023555804,63.37633202467751,7.3471676948962426,19.7980931015143,35.38979248457655,23.2192933258553,1.346045989904655,0.33651149747616377,2.523836231071228,67.86315199102636,,,,,,,,,,,4.545454545454546,3.996074,1783,3.996074,1783,2.7573528,2584.0,1.792002,3976.0
071401,4554,84.14580588493632,5.928853754940712,3.996486605182257,2.678963548528766,4.194115063680281,60.82564778216952,30.65436978480457,8.51998243302591,88.16425120772946,50.43917435221783,37.72507685551164,11.83574879227053,2.810715854194115,23.210364514712342,61.879666227492315,0.2635046113306983,88.27404479578392,86.2758014931928,0.32938076416337286,0.8783487044356609,11.725955204216074,0.0,75.95520421607378,21.234079929732104,76.19675010979358,2.525252525252525,71.29995608256478,40.33816425120773,31.40096618357488,8.93719806763285,50.65876152832674,3.6231884057971016,2.87659200702679,69.60913482652613,16.40316205533597,2.0860781730346947,6.324110671936759,3.8866930171278,77.58014931927976,2.0202020202020203,14.317083882301274,0.8783487044356609,9.025032938076416,82.96003513394818,1.5590689503732982,1.471234079929732,22.705314009661837,46.13526570048309,26.899429073342116,2.3276240667545016,34.16776460254721,78.83179622310057,71.87088274044795,,,,,2.810715854194115,5.797101449275362,3.864734299516908,24.747474747474747,,,,,,17.347386912604303,68.9284145805885,74.92314448836188,18.247694334650856,29.754062362758013,30.588493631971893,11.176987263943786,0.6807202459376372,0.461133069828722,10.013175230566535,64.64646464646465,,,,,,,,,,,4.7236377891023125,4.0652175,4554,4.0652175,4554,2.2237837,8325.0,1.6965725,10912.0
071402,3881,90.02834321051276,7.472300953362535,1.6490595207420768,1.494460190672507,0.48956454522030407,61.63359958773512,36.17624323627931,2.1901571759855707,92.3215666065447,49.88405050244782,42.43751610409688,7.678433393455295,2.679721721205875,27.029116207163103,62.32929657304818,0.28343210512754446,93.3522288070085,92.11543416645195,0.07729966503478485,0.38649832517392424,6.647771192991497,0.0,88.89461479000258,8.142231383664004,89.12651378510694,2.576655501159495,70.57459417675857,82.94254058232414,68.07523834063386,14.867302241690286,15.25380056686421,0.4122648801855192,1.030662200463798,56.89255346560165,26.359185776861633,4.122648801855192,7.833032723524865,2.1128575109507857,85.26153053336769,0.7214635403246586,11.156918320020614,0.12883277505797475,6.0551404277248135,84.05050244782272,3.684617366658078,0.8245297603710384,13.063643390878639,49.18835351713476,34.192218500386495,1.494460190672507,33.754187065189384,98.35094047925793,77.32543158979644,,,,,4.174181911878382,7.29193506828137,3.7361504766812677,25.328523576397835,,,,,,17.28935841278021,63.82375676372069,80.34011852615305,21.102808554496264,32.56892553465602,27.467147642360217,13.810873486214893,0.5668642102550889,0.38649832517392424,9.198660139139397,69.59546508631796,,,,,,,,,,,5.2168021680216805,4.0443187,3881,4.0443187,3881,2.2384484,7012.0,1.7098039,9180.0
071403,1492,55.428954423592494,1.5415549597855227,19.10187667560322,11.327077747989277,12.265415549597856,20.509383378016086,45.77747989276139,33.71313672922252,83.31099195710456,43.297587131367294,40.01340482573727,16.68900804289544,0.6702412868632708,11.394101876675602,71.0455764075067,0.20107238605898123,67.0911528150134,43.297587131367294,5.294906166219839,11.997319034852547,32.9088471849866,0.0,21.715817694369974,77.14477211796246,22.319034852546917,0.5361930294906166,80.02680965147454,1.2734584450402144,0.6702412868632708,0.6032171581769437,83.91420911528151,10.656836461126005,3.1501340482573728,70.97855227882037,8.176943699731904,0.3351206434316354,6.836461126005362,12.131367292225201,37.8686327077748,6.032171581769437,33.1769436997319,3.753351206434316,21.98391420911528,57.77479892761394,0.20107238605898123,13.53887399463807,49.19571045576407,41.0857908847185,6.836461126005362,1.2734584450402144,36.93029490616622,44.03485254691689,52.74798927613941,,,,,0.4691689008042895,3.0831099195710454,2.9490616621983916,29.89276139410188,,,,,,6.903485254691689,68.36461126005362,43.63270777479893,7.7077747989276135,13.73994638069705,35.32171581769437,9.316353887399464,2.0107238605898123,0.6032171581769437,3.0831099195710454,47.11796246648794,,,,,,,,,,,2.0556227327690446,4.0650134,1492,4.0650134,1492,2.5633981,2366.0,1.9339924,3136.0
071501,5521,29.052707842782105,5.9047274044557145,53.32367324760007,12.896214453903278,0.5433798224959246,20.992573809092555,19.326209020105054,59.68121717080239,85.11139286361167,40.083318239449376,45.02807462416229,14.888607136388336,1.5576888244883174,15.341423655134939,67.46966129324397,0.7426190907444303,82.17714182213368,71.12841876471654,1.4671255207389966,3.7855460967216086,17.82285817786633,0.0,60.13403368954899,36.424560767976814,61.22079333454084,2.227857272233291,69.0273501177323,22.18800941858359,15.758014852381814,6.429994566201775,61.14834269154139,5.814164100706393,8.567288534685746,68.66509690273502,13.982974098895127,1.992392682485057,7.625430175692809,6.067741351204492,35.446477087484155,17.56928092736823,38.19960152146351,4.0753486687194345,30.574171345770694,38.090925556964315,1.4852381814888607,24.524542655316065,48.72305741713458,15.721789530882086,11.664553522912517,2.028618003984785,37.07661655497193,72.74044557145444,45.71635573265713,,,,,2.0467306647346497,5.940952725955443,4.564390508965767,34.848759282738634,,,,,,9.146893678681398,55.207389965585946,59.391414598804566,12.189820684658576,12.389059952907083,19.253758377105598,43.452273138924106,1.503350842238725,1.17732294874117,5.759826118456801,52.852744068103604,,,,,,,,,,,2.1618903971845147,4.7417135,5521,4.7417135,5521,2.625514,9971.0,2.060203,12707.0
071502,1182,50.84602368866328,9.137055837563452,35.6175972927242,10.152284263959391,0.5076142131979695,18.866328257191203,42.978003384094755,38.155668358714045,90.1015228426396,53.2994923857868,36.80203045685279,9.898477157360405,0.5922165820642978,8.544839255499154,80.45685279187818,0.5076142131979695,79.18781725888324,75.04230118443317,0.5076142131979695,1.7766497461928934,20.81218274111675,0.0,37.22504230118443,61.33671742808799,37.81725888324873,0.8460236886632826,80.96446700507614,26.73434856175973,16.666666666666668,10.067681895093063,50.08460236886633,2.961082910321489,18.781725888324875,83.50253807106598,5.2453468697123515,0.25380710659898476,7.021996615905246,2.961082910321489,13.11336717428088,66.41285956006769,6.429780033840948,7.106598984771574,3.3840947546531304,41.11675126903553,0.9306260575296108,53.2994923857868,67.42808798646362,14.890016920473773,3.6379018612521152,0.08460236886632826,24.027072758037225,89.08629441624366,56.00676818950931,,,,,0.4230118443316413,4.399323181049069,6.091370558375634,48.47715736040609,,,,,,5.0761421319796955,66.751269035533,56.34517766497462,8.883248730964468,5.414551607445008,51.69204737732657,31.133671742808797,0.4230118443316413,4.314720812182741,1.4382402707275803,47.12351945854484,,,,,,,,,,,3.325774754346183,5.754653,1182,5.754653,1182,3.1549165,2156.0,2.363447,2878.0
071503,4461,20.847343644922663,8.406186953597848,51.08720017933199,31.696928939699617,0.08966599417171038,10.580587312261825,20.623178659493387,68.79623402824478,60.61421206007621,33.80407980273481,26.810132257341404,39.38578793992379,0.47074646940147946,5.96278861241874,53.5305985205111,0.6500784577449003,39.027123963236946,19.502353732347007,7.3526115220802515,7.173279533736831,60.972876036763054,0.0,30.777852499439586,67.67540910109841,31.069266980497645,1.2329074198610177,58.37256220578346,1.77090338489128,0.717327953373683,1.053575431517597,85.74310692669805,4.864380183815288,6.769782559964134,84.26361802286483,4.976462676529926,0.3810804752297691,3.810804752297691,5.716207128446537,13.472315624299485,12.239408204438467,60.74871105133378,4.66263169692894,26.00313830979601,10.334005828289621,0.3362474781439139,50.16812373907196,78.950907868191,11.09616677874916,4.348800717327953,0.15691548980049316,64.24568482403049,23.537323470073975,18.874691773145035,,,,,0.5604124635731899,6.9042815512216995,3.721138758125981,24.43398341179108,,,,,,4.034969737726967,64.02151983860121,18.471194799372338,3.6987222595830533,14.099977583501458,26.5635507733692,37.771800044833,4.012553239184039,1.5915713965478593,0.829410446088321,20.802510647836808,,,,,,,,,,,2.73972602739726,3.1161175,4461,3.1161175,4461,2.3152897,6004.0,1.8787674,7399.0
080101,24724,55.840478886911505,10.28150784662676,10.334088335220837,7.053874777544086,20.453810063096586,47.01100145607507,24.530820255622068,28.458178288302864,90.85503963759909,45.19899692606374,45.65604271153535,9.144960362400907,30.197379064876234,34.02362077333765,25.19818799546999,1.4358518039152242,93.78741303996117,91.36466591166477,0.16178611875101118,0.914091570943213,6.212586960038829,0.0,87.6638084452354,5.880925416599256,88.55363209836597,5.419834978158874,59.97815887396861,86.33716227147711,71.85325999029283,14.483902281184275,11.587930755541175,0.7563501051609772,0.9302701828183142,60.60103543116001,20.049344766219058,3.4258210645526614,9.622229412716388,2.9889985439249314,70.54683708137841,2.0910855848568195,17.816696327455105,2.5521760232972013,27.41465782235884,64.81556382462385,3.1831418864261445,1.9009868953243811,40.74583400744216,16.995631774793722,31.693900663323088,3.231677722051448,38.34331014398965,95.37291700372108,53.29639216955185,,,,,2.8919268726743246,11.236045947257725,5.80003235722375,24.583400744216146,,,,,,31.774793722698593,49.48632907296554,77.35398802782721,27.701828183141885,13.015693253518847,15.786280537129914,59.480666558809254,0.999029283287494,1.3549587445397184,14.880278272124253,71.42857142857143,,,,,,,,,,,3.332836821330156,4.167125,24724,4.167125,24724,2.1030843,48989.0,1.7605003,58522.0
080102,1230,9.83739837398374,6.666666666666667,61.951219512195124,33.577235772357724,0.0,12.439024390243903,10.8130081300813,76.7479674796748,84.79674796747967,29.67479674796748,55.1219512195122,15.203252032520325,0.7317073170731707,7.8861788617886175,76.09756097560975,0.08130081300813008,57.886178861788615,14.471544715447154,11.707317073170731,24.146341463414632,42.113821138211385,0.0,23.414634146341463,74.39024390243902,23.658536585365855,1.8699186991869918,70.89430894308943,0.7317073170731707,0.5691056910569106,0.16260162601626016,83.2520325203252,11.300813008130081,2.926829268292683,62.27642276422764,2.1951219512195124,0.24390243902439024,6.991869918699187,27.15447154471545,21.21951219512195,4.146341463414634,50.97560975609756,4.959349593495935,29.59349593495935,25.365853658536587,0.0,35.1219512195122,76.26016260162602,6.991869918699187,7.479674796747967,0.16260162601626016,50.0,0.0,26.178861788617887,,,,,0.08130081300813008,4.471544715447155,3.658536585365854,36.50406504065041,,,,,,2.2764227642276422,43.983739837398375,20.32520325203252,3.7398373983739837,6.991869918699187,22.520325203252032,26.747967479674795,18.3739837398374,5.934959349593496,0.6504065040650406,20.32520325203252,,,,,,,,,,,0.08103727714748785,4.258537,1230,4.258537,1230,2.721039,1925.0,2.2185514,2361.0
080201,19588,14.42720032673065,4.14539513988156,75.01021033285686,14.713089646722484,0.3318358178476618,21.896058811517257,6.7132938533796205,71.39064733510313,92.1125178680825,49.3005921993057,42.8119256687768,7.8874821319175,18.65427812946702,11.369205636103738,61.011843986113945,1.0771901163977946,86.9205636103737,83.9238309168879,0.7453542985501327,1.9705942413722688,13.079436389626302,0.0,67.99571166020013,29.599754952011434,68.22544414947927,2.093118235654482,73.16724525219522,77.17990606493771,62.46171125178681,14.718194813150909,16.53563406167041,2.5372677149275065,2.557688380641209,72.25342046150705,10.649377169695732,1.3273432713906472,10.50132734327139,3.236675515621809,44.108637941596896,3.655299162752706,42.64345517663876,1.5519705942413722,58.821727588319376,22.993669593628752,0.6534613028384725,13.620584031039412,54.9315907698591,18.45007147233,17.873187665917907,1.1333469471104758,28.803348989177046,87.51276291607107,33.27547478047784,,,,,1.2507657749642638,7.581172146211967,6.544823361241576,29.303655299162752,,,,,,18.50622830304268,50.694302634265874,68.60322646518277,16.02001225239943,9.82234020829079,13.02327955891362,60.98631815397182,0.5411476414131101,1.8991219113743107,4.758015111292628,56.97365734122933,,,,,,,,,,,3.2215084463478467,4.436543,19588,4.436543,19588,2.2547026,38543.0,1.7426257,49869.0
080202,9261,71.2234099989202,9.610193283662671,11.456646150523701,2.5267249757045676,0.334737069430947,54.940071266601876,27.113702623906704,17.946226109491416,93.17568297160133,49.195551236367564,43.980131735233776,6.824317028398661,27.72918691286038,22.578555231616456,42.50080984774862,0.36713097937587735,89.62315084764064,86.34056797322103,0.7558578987150416,1.770867076989526,10.376849152359357,0.0,77.3350610085304,19.911456646150523,77.50782852823669,2.4511391858330636,71.7201166180758,81.56786524133463,68.9126444228485,12.655220818486125,13.994169096209912,2.062412266493899,1.7816650469711695,65.06856710938344,14.631249325126877,1.8788467768059605,10.60360652197387,5.183025591188857,58.967714069754884,1.9544325666774647,36.06521973868912,1.1769787279991362,16.088975272648742,69.99244142101286,0.5291005291005291,11.003131411294676,37.97646042544002,30.957779937371775,22.394989741928516,4.91307634164777,23.928301479321888,85.30396285498327,50.664075153871075,,,,,2.062412266493899,10.679192311845373,5.78771191016089,23.52877659000108,,,,,,28.614620451355144,51.765468091998706,73.46938775510205,17.157974300831444,12.838786308174063,21.74711154302991,63.21131627254076,0.885433538494763,3.2177950545297485,6.068459129683619,62.03433754454163,,,,,,,,,,,2.6846972258128665,4.339272,9261,4.339272,9261,2.1336944,18834.0,1.635705,24568.0
080301,2962,7.663740715732613,10.060769750168804,71.03308575286968,45.13841998649561,0.0337609723160027,20.425388251181634,18.23092505064146,61.34368669817691,84.30114787305874,44.12559081701553,40.17555705604322,15.698852126941256,0.6076975016880486,24.848075624577987,58.474004051316676,0.3713706954760297,67.79203241053342,55.536799459824444,3.5449020931802835,5.1316677920324105,32.20796758946658,0.0,37.77852802160702,60.63470627954085,38.01485482781904,1.2829169480081026,84.13234301147872,32.4442943956786,26.367319378798108,6.076975016880486,56.1782579338285,5.570560432140446,4.11883862255233,75.69209993247806,7.967589466576637,0.4726536124240378,9.655638082376772,4.9966239027684,35.48278190411884,4.726536124240378,36.93450371370695,8.440243079000675,41.01958136394328,5.165428764348413,0.0337609723160027,44.42943956785955,64.44969615124916,14.415935178933154,11.61377447670493,0.5401755570560433,28.190411883862254,52.970965563808235,33.457123565158675,,,,,0.5064145847400405,11.073598919648886,4.794058068872384,26.73869007427414,,,,,,14.75354490209318,59.9932478055368,49.08845374746793,10.567184334908845,8.00135043889264,28.25793382849426,50.23632680621202,8.87913571910871,8.102633355840648,3.4098582039162726,42.16745442268737,,,,,,,,,,,3.0850732315363043,4.3592167,2962,4.3592167,2962,2.2277434,5796.0,1.7498306,7379.0
080302,9412,47.853803654908624,5.3442413939651505,17.977050573735657,5.291117722056948,0.20186995325116872,27.379940501487464,26.954951126221843,45.665108372290696,62.21844453888653,31.130471738206545,31.08797280067998,37.78155546111347,0.7331066723331917,22.43943901402465,38.57841053973651,0.46748831279218017,63.17467063323417,56.74670633234169,1.3812154696132597,3.1449213769655757,36.82532936676583,0.0,46.610709732256694,51.24309392265194,46.73820654483638,1.8699532511687207,67.82830429239269,22.195070123246918,18.28516787080323,3.909902252443689,63.64215894602635,6.512962175945601,5.854228644283893,77.29494262643433,9.232894177645559,0.8074798130046749,6.24734381640459,4.9405014874628135,34.891627709307265,2.273693157671058,43.189545261368465,8.09604759881003,54.770505737356565,2.6030599235019123,0.6693582660433489,27.36931576710582,67.12707182320442,22.513812154696133,7.214194645133872,0.09562260943476412,45.85635359116022,54.98300042498938,27.220569485762855,,,,,0.9031024224394391,6.587335316617085,4.972375690607735,33.34041648958776,,,,,,13.334041648958776,63.992775180620484,48.68253293667658,9.201019974500637,8.425414364640885,25.169995750106246,38.87590310242244,4.8661283467913306,5.864853378665534,1.4768380790480238,45.64385890352741,,,,,,,,,,,2.6489414081733136,4.242244,9412,4.242244,9412,2.5157835,15871.0,1.9985985,19978.0
080303,1976,58.097165991902834,3.7449392712550607,32.48987854251012,18.775303643724698,0.05060728744939271,22.672064777327936,44.534412955465584,32.79352226720648,92.71255060728745,39.67611336032389,53.036437246963565,7.287449392712551,0.15182186234817813,21.86234817813765,70.49595141700405,0.20242914979757085,84.26113360323886,62.297570850202426,15.48582995951417,5.819838056680162,15.738866396761134,0.0,45.64777327935223,51.31578947368421,45.90080971659919,2.682186234817814,85.22267206477733,42.054655870445345,35.98178137651822,6.0728744939271255,47.874493927125506,6.680161943319838,1.771255060728745,68.42105263157895,7.135627530364372,0.5060728744939271,10.82995951417004,11.234817813765183,39.473684210526315,7.439271255060729,26.670040485829958,6.0728744939271255,44.93927125506073,3.2388663967611335,0.25303643724696356,46.002024291497975,67.96558704453442,11.791497975708502,12.246963562753036,0.15182186234817813,24.03846153846154,53.39068825910931,35.931174089068826,,,,,0.354251012145749,8.40080971659919,4.200404858299595,31.477732793522268,,,,,,9.564777327935223,51.92307692307692,57.388663967611336,8.502024291497976,8.451417004048583,17.661943319838056,52.479757085020246,8.147773279352228,5.668016194331984,0.8603238866396761,44.58502024291498,,,,,,,,,,,0.4426955238563699,4.7049594,1976,4.7049594,1976,2.407302,3862.0,1.8136948,5126.0
080304,4857,76.94049824994853,2.9236154004529546,5.208976734609841,2.0588840848260244,0.020588840848260244,32.79802347127857,47.91023265390159,19.291743874819847,75.00514721021206,38.02758904673667,36.97755816347539,24.994852789787934,32.283302450072064,9.34733374511015,33.12744492485073,0.24706609017912293,72.80214123944822,66.91373275684579,1.5441630636195183,3.7883467160798845,27.19785876055178,0.0,59.254683961292976,36.19518221124151,59.56351657401688,4.0560016471072675,66.1313568046119,60.67531397982294,52.64566604900144,8.029647930821495,27.712579781758286,6.073708050236772,4.0560016471072675,64.91661519456454,20.32118591723286,1.3176858142886556,8.009059089973235,4.179534692196829,39.551163269507924,1.5647519044677785,45.192505661931236,9.923821288861436,63.331274449248504,3.7059913526868438,1.6265184270125592,28.186123121268274,53.32509779699403,30.739139386452543,11.09738521721227,0.28824377187564343,46.489602635371625,64.75190446777846,30.389129092032118,,,,,2.450072060942969,8.894379246448425,4.961910644430718,27.19785876055178,,,,,,20.485896644018943,55.4663372452131,57.83405394276302,15.503397158739963,10.17088737904056,20.712373893349806,45.02779493514515,4.858966440189417,3.911879761169446,3.726580193535104,55.63104797199917,,,,,,,,,,,2.8609072087332956,3.7691991,4857,3.7691991,4857,2.27699,8040.0,1.7965653,10190.0
080401,3430,54.19825072886297,9.125364431486881,23.848396501457724,16.355685131195337,0.05830903790087463,45.072886297376094,24.752186588921283,30.174927113702623,87.93002915451895,39.708454810495624,48.221574344023324,12.06997084548105,36.0932944606414,9.329446064139942,41.9533527696793,0.5539358600583091,85.01457725947522,71.9533527696793,6.239067055393586,4.169096209912537,14.98542274052478,0.0,60.84548104956268,36.647230320699705,60.903790087463555,2.2157434402332363,74.19825072886297,42.94460641399417,10.145772594752186,32.798833819241985,48.57142857142857,3.206997084548105,2.857142857142857,63.79008746355685,7.755102040816326,1.8658892128279883,11.370262390670554,12.973760932944606,48.075801749271136,13.965014577259476,11.545189504373178,5.335276967930029,14.34402332361516,63.52769679300292,0.26239067055393583,13.090379008746355,55.947521865889215,13.935860058309038,16.005830903790088,1.0787172011661808,25.131195335276967,70.17492711370262,51.28279883381924,,,,,0.40816326530612246,8.717201166180757,6.909620991253644,29.620991253644316,,,,,,22.91545189504373,61.66180758017493,65.27696793002916,15.01457725947522,9.795918367346939,22.565597667638485,46.47230320699708,10.174927113702624,11.86588921282799,2.303206997084548,61.10787172011662,,,,,,,,,,,2.5106837606837606,4.8323617,3430,4.8323617,3430,2.3480663,7059.0,1.8302783,9056.0
080402,938,17.377398720682304,1.492537313432836,59.16844349680171,14.712153518123667,0.0,5.543710021321962,18.443496801705756,76.01279317697228,81.87633262260128,6.3965884861407245,75.47974413646055,18.12366737739872,0.21321961620469082,7.782515991471215,73.45415778251599,0.42643923240938164,71.10874200426439,20.46908315565032,26.01279317697228,17.16417910447761,28.891257995735607,0.0,9.275053304904052,89.97867803837953,9.594882729211088,0.42643923240938164,87.95309168443497,0.746268656716418,0.10660980810234541,0.6396588486140725,85.28784648187633,6.183368869936034,6.50319829424307,62.6865671641791,1.9189765458422174,0.5330490405117271,5.650319829424307,27.825159914712152,17.69722814498934,14.925373134328359,26.865671641791046,20.575692963752665,11.83368869936034,21.85501066098081,0.10660980810234541,61.62046908315565,82.40938166311301,6.50319829424307,3.091684434968017,0.21321961620469082,21.748400852878465,0.0,30.810234541577824,,,,,0.21321961620469082,4.051172707889126,3.837953091684435,47.76119402985075,,,,,,1.812366737739872,63.53944562899787,27.18550106609808,3.304904051172708,6.7164179104477615,23.240938166311302,34.54157782515991,27.078891257995735,23.240938166311302,0.31982942430703626,21.002132196162048,,,,,,,,,,,0.10204081632653061,6.392324,938,6.392324,938,2.9712586,2018.0,2.224861,2695.0
080501,4005,17.62796504369538,5.7677902621722845,25.56803995006242,10.736579275905118,0.2746566791510612,25.29338327091136,28.963795255930087,45.74282147315855,78.4769038701623,39.675405742821475,38.80149812734082,21.523096129837704,0.3495630461922597,23.021223470661674,54.30711610486891,0.7990012484394506,72.20973782771536,58.62671660424469,5.5181023720349565,5.7677902621722845,27.790262172284645,0.0,39.30087390761548,58.12734082397004,39.75031210986267,2.097378277153558,76.52933832709114,21.32334581772784,19.325842696629213,1.9975031210986267,64.34456928838951,6.5418227215980025,5.118601747815231,71.38576779026218,7.166042446941323,0.449438202247191,8.439450686641697,10.511860174781523,34.95630461922597,3.320848938826467,35.45568039950062,9.86267166042447,14.382022471910112,39.02621722846442,0.19975031210986266,32.009987515605495,74.58177278401998,8.98876404494382,8.863920099875156,1.1735330836454432,34.20724094881398,53.78277153558052,30.137328339575532,,,,,0.37453183520599254,5.842696629213483,6.866416978776529,33.93258426966292,,,,,,12.833957553058676,61.62297128589263,47.84019975031211,12.459425717852683,6.8164794007490634,24.31960049937578,33.05867665418227,11.01123595505618,10.961298377028713,1.7228464419475655,49.438202247191015,,,,,,,,,,,3.6323366555924697,4.673408,4005,4.673408,4005,2.5056224,7470.0,1.9494845,9601.0
080601,864,20.949074074074073,11.921296296296296,22.916666666666668,10.185185185185185,0.46296296296296297,15.162037037037036,16.203703703703702,68.63425925925925,83.44907407407408,40.50925925925926,42.93981481481482,16.550925925925927,2.662037037037037,8.101851851851851,72.68518518518519,0.0,59.72222222222222,27.430555555555557,9.606481481481481,14.12037037037037,40.27777777777778,0.0,16.435185185185187,82.29166666666667,16.89814814814815,0.8101851851851852,81.82870370370371,3.125,1.9675925925925926,1.1574074074074074,81.13425925925925,10.76388888888889,2.4305555555555554,74.76851851851852,1.7361111111111112,0.11574074074074074,3.009259259259259,17.708333333333332,21.180555555555557,1.6203703703703705,44.3287037037037,8.680555555555555,21.412037037037038,21.99074074074074,0.3472222222222222,27.083333333333332,74.18981481481481,4.166666666666667,3.8194444444444446,0.5787037037037037,43.1712962962963,0.0,22.569444444444443,,,,,0.3472222222222222,7.523148148148148,4.398148148148148,37.26851851851852,,,,,,5.092592592592593,51.967592592592595,28.00925925925926,4.74537037037037,6.712962962962963,13.541666666666666,16.087962962962962,9.837962962962964,41.666666666666664,1.2731481481481481,23.37962962962963,,,,,,,,,,,4.833836858006042,4.314815,864,4.314815,864,2.5020134,1490.0,2.069961,1801.0
080602,2996,26.001335113484647,11.014686248331108,44.5260347129506,24.699599465954606,0.16688918558077437,10.814419225634179,26.56875834445928,62.61682242990654,77.10280373831776,35.213618157543394,41.88918558077437,22.897196261682243,1.2016021361815754,7.443257676902537,67.69025367156209,0.7676902536715621,59.17890520694259,43.524699599465954,4.305740987983978,8.911882510013351,40.82109479305741,0.0,25.233644859813083,72.59679572763685,26.23497997329773,1.0680907877169559,68.75834445927904,2.1695594125500666,1.335113484646195,0.8344459279038718,80.27369826435248,11.448598130841122,3.2710280373831777,72.36315086782376,4.739652870493992,0.20026702269692923,5.841121495327103,14.485981308411215,14.352469959946596,2.2363150867823767,58.37783711615487,5.040053404539385,27.136181575433913,14.619492656875835,0.4672897196261682,26.535380507343124,83.47797062750334,5.473965287049399,2.803738317757009,0.26702269692923897,49.966622162883844,18.35781041388518,17.18958611481976,,,,,2.0360480640854473,6.108144192256342,3.9052069425901204,32.97730307076102,,,,,,3.6381842456608813,38.851802403204275,32.34312416555407,3.7716955941255006,9.2456608811749,28.7716955941255,32.510013351134845,6.074766355140187,2.5367156208277706,1.0013351134846462,34.81308411214953,,,,,,,,,,,1.900674432863274,3.9359145,2996,3.9359145,2996,2.5579176,4610.0,2.048289,5757.0
080701,1254,31.180223285486445,10.36682615629984,49.282296650717704,12.519936204146731,0.1594896331738437,20.25518341307815,20.494417862838915,59.250398724082935,94.33811802232854,25.358851674641148,68.9792663476874,5.6618819776714515,0.4784688995215311,20.33492822966507,73.3652312599681,0.1594896331738437,83.33333333333333,64.91228070175438,12.200956937799043,5.422647527910685,16.666666666666668,0.0,45.374800637958536,53.03030303030303,45.77352472089314,1.1961722488038278,78.70813397129187,23.046251993620416,15.55023923444976,7.496012759170654,71.21212121212122,2.3125996810207337,2.3923444976076556,66.66666666666667,7.735247208931419,0.6379585326953748,8.692185007974482,14.19457735247209,21.5311004784689,36.1244019138756,17.304625199362043,7.894736842105263,10.36682615629984,47.84688995215311,0.0,35.16746411483253,66.50717703349282,13.875598086124402,11.323763955342903,1.4354066985645932,24.242424242424242,62.599681020733655,53.90749601275917,,,,,0.9569377990430622,6.698564593301436,4.385964912280702,30.940988835725676,,,,,,9.569377990430622,46.3317384370016,56.61881977671452,9.01116427432217,10.685805422647528,29.106858054226475,47.208931419457734,11.961722488038278,10.287081339712918,0.7177033492822966,53.34928229665072,,,,,,,,,,,2.690909090909091,5.1977673,1254,5.1977673,1254,2.3693202,2751.0,1.8257703,3570.0
080702,1160,50.51724137931034,5.775862068965517,38.44827586206897,8.879310344827585,0.0,40.86206896551724,18.96551724137931,40.172413793103445,92.06896551724138,18.103448275862068,73.96551724137932,7.931034482758621,0.603448275862069,20.25862068965517,70.94827586206897,0.25862068965517243,82.06896551724138,64.74137931034483,6.724137931034483,10.258620689655173,17.93103448275862,0.0,40.60344827586207,56.293103448275865,40.775862068965516,2.8448275862068964,78.44827586206897,28.96551724137931,22.75862068965517,6.206896551724138,58.189655172413794,4.224137931034483,5.431034482758621,55.172413793103445,7.931034482758621,0.603448275862069,9.913793103448276,23.017241379310345,30.086206896551722,46.55172413793103,7.672413793103448,8.793103448275861,13.275862068965518,48.53448275862069,0.0,35.689655172413794,58.87931034482759,10.862068965517242,12.241379310344827,0.6896551724137931,21.810344827586206,65.6896551724138,59.91379310344828,,,,,0.08620689655172414,8.53448275862069,3.793103448275862,20.344827586206897,,,,,,5.517241379310345,44.6551724137931,56.12068965517241,8.96551724137931,8.275862068965518,24.74137931034483,45.43103448275862,15.344827586206897,6.4655172413793105,0.7758620689655172,60.86206896551724,,,,,,,,,,,3.2600454890068233,4.1068964,1160,4.1068964,1160,1.8645792,2555.0,1.3717247,3473.0
080703,195,31.794871794871796,9.743589743589743,42.05128205128205,18.46153846153846,0.0,5.641025641025641,32.82051282051282,61.53846153846154,86.66666666666667,34.35897435897436,52.30769230769231,13.333333333333334,0.5128205128205128,5.128205128205129,80.0,1.0256410256410255,71.7948717948718,37.43589743589744,16.923076923076923,12.307692307692308,28.205128205128204,0.0,17.94871794871795,80.51282051282051,17.94871794871795,1.5384615384615385,87.17948717948718,0.0,0.0,0.0,60.51282051282051,14.35897435897436,20.0,61.53846153846154,0.0,0.0,8.717948717948717,29.23076923076923,15.897435897435898,2.5641025641025643,57.43589743589744,11.282051282051283,6.666666666666667,39.48717948717949,0.0,46.15384615384615,78.46153846153847,12.307692307692308,4.102564102564102,1.0256410256410255,23.58974358974359,0.0,15.897435897435898,,,,,0.0,7.6923076923076925,2.051282051282051,26.153846153846153,,,,,,3.58974358974359,30.256410256410255,30.256410256410255,5.641025641025641,7.17948717948718,24.615384615384617,35.38461538461539,10.76923076923077,37.43589743589744,0.0,40.51282051282051,,,,,,,,,,,11.235955056179776,4.282051,195,4.282051,195,2.1973684,380.0,1.67,500.0
080801,2232,28.36021505376344,7.795698924731183,59.45340501792115,6.720430107526882,0.0,29.301075268817204,12.186379928315413,58.51254480286738,93.63799283154121,21.81899641577061,71.81899641577061,6.362007168458781,0.44802867383512546,19.310035842293907,73.02867383512545,0.8512544802867383,87.8584229390681,75.89605734767025,5.241935483870968,5.241935483870968,12.1415770609319,0.0,44.2652329749104,53.494623655913976,44.31003584229391,2.060931899641577,84.81182795698925,30.913978494623656,27.10573476702509,3.8082437275985663,62.27598566308244,2.956989247311828,2.3297491039426523,76.70250896057348,6.720430107526882,0.5824372759856631,7.21326164874552,7.482078853046595,23.9247311827957,38.261648745519715,34.09498207885304,2.28494623655914,6.67562724014337,47.401433691756274,0.17921146953405018,43.145161290322584,65.09856630824373,7.885304659498208,7.57168458781362,0.8064516129032258,24.193548387096776,67.78673835125448,43.90681003584229,,,,,0.044802867383512544,8.736559139784946,4.56989247311828,29.838709677419356,,,,,,7.258064516129032,47.26702508960574,66.12903225806451,11.64874551971326,7.258064516129032,35.528673835125446,44.71326164874552,13.03763440860215,15.725806451612904,1.299283154121864,58.87096774193548,,,,,,,,,,,2.7016129032258065,4.9520607,2232,4.9520607,2232,2.411739,4583.0,1.8724377,5903.0
080802,1356,14.15929203539823,5.678466076696165,72.93510324483776,6.8584070796460175,0.0,10.914454277286136,16.44542772861357,72.6401179941003,83.33333333333333,26.548672566371682,56.78466076696165,16.666666666666668,0.07374631268436578,10.32448377581121,72.49262536873157,0.4424778761061947,76.69616519174042,47.05014749262537,6.342182890855457,11.873156342182892,23.303834808259587,0.0,34.58702064896755,63.64306784660767,34.95575221238938,1.2536873156342183,80.53097345132744,1.5486725663716814,0.07374631268436578,1.4749262536873156,75.29498525073747,10.029498525073747,11.061946902654867,74.41002949852508,5.3097345132743365,0.4424778761061947,8.333333333333334,10.029498525073747,7.153392330383481,45.796460176991154,40.634218289085545,3.9085545722713864,28.761061946902654,26.76991150442478,0.22123893805309736,39.08554572271387,70.72271386430678,17.182890855457227,5.6047197640118,0.0,27.06489675516224,33.11209439528024,44.02654867256637,,,,,0.07374631268436578,10.766961651917404,3.466076696165192,23.08259587020649,,,,,,3.466076696165192,58.259587020648965,52.8023598820059,7.079646017699115,7.817109144542773,41.5929203539823,40.85545722713864,7.005899705014749,13.864306784660767,1.2536873156342183,39.15929203539823,,,,,,,,,,,1.7310252996005326,4.0294986,1356,4.0294986,1356,2.0665658,2644.0,1.4851862,3679.0
080803,819,27.106227106227106,2.197802197802198,63.12576312576313,7.814407814407814,0.0,16.23931623931624,16.23931623931624,67.52136752136752,85.34798534798534,25.274725274725274,60.07326007326007,14.652014652014651,1.098901098901099,12.21001221001221,71.7948717948718,0.2442002442002442,85.83638583638583,73.5042735042735,5.982905982905983,5.982905982905983,14.163614163614163,0.0,27.96092796092796,69.23076923076923,28.449328449328448,2.31990231990232,82.2954822954823,19.047619047619047,17.704517704517706,1.343101343101343,68.98656898656898,5.616605616605616,4.151404151404152,66.42246642246643,6.105006105006105,0.4884004884004884,11.5995115995116,14.163614163614163,26.007326007326007,44.688644688644686,9.768009768009769,1.5873015873015872,21.489621489621488,35.775335775335776,0.3663003663003663,36.75213675213675,64.1025641025641,8.547008547008547,6.95970695970696,1.5873015873015872,20.268620268620268,50.305250305250304,71.55067155067155,,,,,0.9768009768009768,13.30891330891331,5.616605616605616,27.47252747252747,,,,,,4.63980463980464,35.775335775335776,62.39316239316239,7.936507936507937,9.27960927960928,31.746031746031747,32.47863247863248,11.477411477411477,12.087912087912088,1.465201465201465,63.98046398046398,,,,,,,,,,,2.815315315315315,4.894994,819,4.894994,819,2.3186812,1729.0,1.8568782,2159.0
080901,631,5.54675118858954,0.15847860538827258,19.968304278922346,4.120443740095087,0.0,0.4754358161648177,5.863708399366086,93.66085578446909,71.15689381933439,40.88748019017433,30.269413629160063,28.84310618066561,0.15847860538827258,2.3771790808240887,68.30427892234549,0.31695721077654515,43.10618066561014,28.20919175911252,4.595879556259905,6.180665610142631,56.89381933438986,0.0,3.011093502377179,95.08716323296355,3.011093502377179,1.7432646592709984,82.56735340729001,0.15847860538827258,0.15847860538827258,0.0,79.55625990491284,10.776545166402535,7.290015847860539,81.61648177496038,0.31695721077654515,0.4754358161648177,3.011093502377179,14.10459587955626,7.448494453248811,0.7923930269413629,54.67511885895404,19.17591125198098,4.754358161648177,4.595879556259905,0.0,81.93343898573693,92.39302694136292,2.535657686212361,1.2678288431061806,0.31695721077654515,34.0729001584786,0.0,12.995245641838352,,,,,0.0,1.2678288431061806,4.754358161648177,43.74009508716323,,,,,,1.7432646592709984,68.62123613312203,11.09350237717908,2.218700475435816,0.7923930269413629,17.9080824088748,30.74484944532488,5.705229793977813,32.329635499207605,0.0,2.218700475435816,,,,,,,,,,,3.1884057971014492,4.9952455,631,4.9952455,631,3.0932286,1019.0,2.420891,1302.0
090101,12304,68.17295188556567,5.746098829648894,18.571196358907674,5.624187256176853,2.153771131339402,38.90604681404421,39.06046814044213,22.033485045513654,91.06794538361508,54.59200260078023,36.47594278283485,8.932054616384915,26.89369310793238,22.38296488946684,40.48276983094929,1.30851755526658,91.7262678803641,89.2555266579974,0.6258127438231469,1.3328998699609882,8.273732119635891,0.0,87.1261378413524,5.22594278283485,87.71944083224967,6.615734720416125,62.75195058517555,85.4762678803641,65.23081924577373,20.245448634590378,11.126462938881664,0.9102730819245773,1.7230169050715214,62.955136540962286,23.472041612483746,1.731144343302991,5.924902470741222,2.584525357607282,47.67555266579974,0.203185955786736,50.91027308192458,0.10565669700910273,83.89954486345904,11.866059817945384,1.4466840052015604,1.584850455136541,9.75292587776333,19.89596879063719,29.713914174252277,0.6339401820546163,37.841352405721715,95.70058517555266,37.07737321196359,,,,,3.1046814044213265,5.2096879063719115,3.129063719115735,18.766254876462938,,,,,,29.453836150845255,59.3871911573472,78.60858257477243,31.85955786736021,18.48179453836151,13.052665799739922,59.88296488946684,0.8208712613784135,0.37386215864759426,12.93888166449935,74.7074122236671,,,,,,,,,,,5.14367816091954,3.5448635,12304,3.5448635,12304,1.9875143,21945.0,1.5541066,28065.0
090102,1655,53.413897280966765,7.734138972809668,17.280966767371602,7.371601208459214,0.24169184290030213,22.477341389728096,44.10876132930514,33.413897280966765,91.96374622356495,60.2416918429003,31.72205438066465,8.036253776435045,0.9063444108761329,18.731117824773413,71.66163141993958,0.6646525679758308,76.43504531722054,62.05438066465257,6.646525679758308,4.59214501510574,23.564954682779454,0.0,63.26283987915408,33.17220543806646,63.62537764350453,2.6586102719033233,83.86706948640483,22.9607250755287,16.132930513595166,6.827794561933535,62.53776435045317,5.861027190332326,6.706948640483383,69.90936555891238,10.634441087613293,0.3021148036253776,7.009063444108762,11.359516616314199,20.362537764350453,0.7854984894259819,75.7703927492447,1.2084592145015105,70.87613293051359,5.740181268882175,0.24169184290030213,18.731117824773413,5.740181268882175,14.924471299093655,12.44712990936556,0.48338368580060426,26.34441087613293,49.12386706948641,18.24773413897281,,,,,0.5438066465256798,3.3836858006042294,2.8398791540785497,28.580060422960724,,,,,,13.897280966767372,61.81268882175227,55.709969788519636,11.178247734138973,13.293051359516616,24.229607250755286,52.32628398791541,2.5377643504531724,3.867069486404834,1.9939577039274925,51.1178247734139,,,,,,,,,,,2.202643171806167,4.6241693,1655,4.6241693,1655,2.424905,3156.0,1.8130774,4221.0
090103,545,4.587155963302752,4.4036697247706424,29.724770642201836,7.155963302752293,0.0,1.834862385321101,12.477064220183486,85.68807339449542,69.90825688073394,39.08256880733945,30.825688073394495,30.091743119266056,0.1834862385321101,1.651376146788991,66.97247706422019,1.1009174311926606,44.22018348623853,5.321100917431193,19.26605504587156,13.027522935779816,55.77981651376147,0.0,20.18348623853211,79.26605504587155,20.55045871559633,0.1834862385321101,75.77981651376147,0.0,0.0,0.0,80.73394495412845,11.009174311926605,3.853211009174312,85.13761467889908,0.7339449541284404,0.0,6.055045871559633,4.954128440366972,6.238532110091743,0.0,86.23853211009174,4.4036697247706424,59.26605504587156,3.302752293577982,0.0,33.027522935779814,12.660550458715596,3.669724770642202,2.9357798165137616,0.0,47.15596330275229,0.0,6.972477064220183,,,,,0.1834862385321101,5.137614678899083,2.9357798165137616,31.926605504587155,,,,,,1.1009174311926606,46.972477064220186,17.98165137614679,1.4678899082568808,13.761467889908257,10.642201834862385,49.357798165137616,4.587155963302752,4.954128440366972,0.0,2.7522935779816513,,,,,,,,,,,4.545454545454546,3.776147,545,3.776147,545,2.6317136,782.0,2.0097656,1024.0
090104,944,0.7415254237288136,3.8135593220338984,47.98728813559322,22.77542372881356,0.847457627118644,6.779661016949152,11.758474576271187,81.46186440677967,71.61016949152543,45.233050847457626,26.377118644067796,28.389830508474578,0.5296610169491526,8.26271186440678,61.970338983050844,0.847457627118644,55.61440677966102,5.296610169491525,14.194915254237289,17.161016949152543,44.38559322033898,0.0,42.266949152542374,55.50847457627118,42.3728813559322,1.1652542372881356,74.15254237288136,1.0593220338983051,0.1059322033898305,0.9533898305084746,81.14406779661017,8.05084745762712,7.944915254237288,74.36440677966101,4.661016949152542,0.635593220338983,4.4491525423728815,13.665254237288135,9.110169491525424,0.1059322033898305,85.59322033898304,2.01271186440678,52.860169491525426,20.86864406779661,0.211864406779661,16.63135593220339,7.415254237288136,5.4025423728813555,5.190677966101695,0.1059322033898305,36.228813559322035,0.0,9.427966101694915,,,,,2.01271186440678,6.25,3.6016949152542375,23.834745762711865,,,,,,6.038135593220339,49.78813559322034,33.05084745762712,6.567796610169491,11.440677966101696,26.483050847457626,43.53813559322034,3.6016949152542375,4.02542372881356,0.847457627118644,30.190677966101696,,,,,,,,,,,6.023102310231023,3.7605932,944,3.7605932,944,2.3619428,1503.0,1.7591676,2018.0
090201,1382,47.68451519536903,7.018813314037627,24.67438494934877,4.775687409551375,0.0,8.465991316931982,49.782923299565844,41.75108538350217,88.13314037626628,36.830680173661364,51.30246020260492,11.866859623733719,0.2894356005788712,8.972503617945007,78.36468885672937,0.5065123010130246,66.93198263386397,35.67293777134588,4.2691751085383505,23.227206946454412,33.06801736613603,0.0,48.552821997105646,48.40810419681621,48.552821997105646,2.894356005788712,72.3589001447178,37.26483357452967,26.121562952243124,11.143270622286542,33.79160636758321,14.399421128798842,10.781476121562953,68.59623733719248,12.590448625180898,0.4341534008683068,6.58465991316932,10.057887120115774,10.057887120115774,0.5788712011577424,81.54848046309696,4.413892908827786,63.09696092619392,1.6642547033285093,0.1447178002894356,27.35166425470333,50.28943560057887,13.8205499276411,5.643994211287988,0.6512301013024602,43.849493487698986,41.89580318379161,9.55137481910275,,,,,0.5788712011577424,2.6772793053545585,3.4008683068017365,35.23878437047757,,,,,,4.2691751085383505,32.199710564399425,46.237337192474676,12.51808972503618,6.005788712011578,17.583212735166427,52.098408104196814,2.170767004341534,8.465991316931982,0.6512301013024602,36.46888567293777,,,,,,,,,,,4.90566037735849,4.0803185,1382,4.0803185,1382,2.673779,2109.0,2.0401592,2764.0
090202,611,2.454991816693944,2.454991816693944,49.754500818330605,2.9459901800327333,0.0,1.1456628477905073,6.873977086743044,91.98036006546644,62.84779050736498,31.914893617021278,30.9328968903437,37.15220949263502,0.0,0.8183306055646481,59.08346972176759,2.9459901800327333,28.477905073649755,0.32733224222585927,8.67430441898527,7.364975450081833,71.52209492635025,0.0,5.400981996726678,92.96235679214402,5.564648117839607,1.4729950900163666,49.42716857610475,3.436988543371522,3.2733224222585924,0.16366612111292964,67.9214402618658,11.129296235679215,9.00163666121113,78.06873977086742,0.4909983633387889,0.0,9.819967266775777,9.819967266775777,2.7823240589198037,0.16366612111292964,72.17675941080196,19.803600654664486,9.819967266775777,0.32733224222585927,0.16366612111292964,86.7430441898527,88.70703764320785,0.9819967266775778,1.4729950900163666,0.0,55.319148936170215,0.0,3.2733224222585924,,,,,0.16366612111292964,1.4729950900163666,3.436988543371522,48.6088379705401,,,,,,0.6546644844517185,56.79214402618658,6.055646481178396,0.4909983633387889,4.25531914893617,13.420621931260229,22.094926350245498,0.6546644844517185,22.42225859247136,0.0,4.4189852700491,,,,,,,,,,,0.1631321370309951,4.888707,611,4.888707,611,3.421535,873.0,2.8393536,1052.0
090203,1427,7.988787666433076,5.325858444288718,27.47021723896286,5.676243868255081,0.1401541695865452,1.5416958654519972,15.837421163279608,82.6208829712684,79.39733707077785,44.358794674141556,35.0385423966363,20.602662929222145,0.8409250175192712,1.4716187806587246,76.4540995094604,0.6306937631394534,54.800280308339175,25.367904695164682,3.644008409250175,20.812894183601962,45.199719691660825,0.0,20.532585844428873,76.4540995094604,20.953048353188507,2.242466713384723,75.6832515767344,1.4716187806587246,0.0,1.4716187806587246,67.06377014716188,19.6916608269096,6.0967063770147165,83.04134548002803,1.401541695865452,0.0,6.587245970567625,7.708479327259986,5.185704274702172,0.0700770847932726,85.35388927820603,4.625087596355992,51.506657323055364,2.452697967764541,0.0,34.68815697266994,19.551506657323056,4.484933426769446,1.1913104414856341,0.0700770847932726,49.614576033637,0.0,4.83531885073581,,,,,0.6306937631394534,3.7841625788367206,3.5739313244569026,34.968465311843026,,,,,,1.051156271899089,41.20532585844429,32.51576734407848,4.414856341976174,6.797477224947442,10.581639803784162,60.47652417659425,1.6818500350385424,5.185704274702172,0.1401541695865452,13.875262789067975,,,,,,,,,,,1.1273209549071619,3.8780658,1427,3.8780658,1427,2.666988,2075.0,2.0954185,2641.0
090301,1026,7.309941520467836,10.1364522417154,38.30409356725146,4.288499025341131,0.0,0.8771929824561403,19.103313840155945,80.01949317738791,84.69785575048734,56.72514619883041,27.97270955165692,15.30214424951267,0.09746588693957114,4.483430799220273,79.14230019493178,0.9746588693957114,63.93762183235867,49.317738791423004,9.161793372319687,2.6315789473684212,36.06237816764133,0.0,15.2046783625731,83.62573099415205,15.30214424951267,0.8771929824561403,68.22612085769981,0.29239766081871343,0.09746588693957114,0.1949317738791423,70.9551656920078,10.1364522417154,11.403508771929825,83.91812865497076,2.046783625730994,0.09746588693957114,7.115009746588694,6.140350877192983,8.089668615984406,0.682261208576998,72.22222222222223,10.623781676413255,38.98635477582846,1.0721247563352827,0.5847953216374269,56.23781676413255,83.72319688109162,7.699805068226121,2.8265107212475633,0.3898635477582846,26.510721247563353,0.0,9.161793372319687,,,,,0.0,1.364522417153996,4.093567251461988,71.83235867446393,,,,,,1.949317738791423,71.73489278752437,36.06237816764133,4.385964912280702,4.385964912280702,14.132553606237817,60.331384015594544,1.6569200779727096,9.161793372319687,0.3898635477582846,27.387914230019494,,,,,,,,,,,0.5597014925373134,7.3528266,1026,7.3528266,1026,4.37587,1724.0,3.054251,2470.0
090302,1342,0.37257824143070045,5.588673621460507,68.85245901639344,3.1296572280178836,0.0,0.07451564828614009,1.8628912071535022,98.06259314456035,78.68852459016394,57.89865871833085,20.789865871833086,21.311475409836067,0.0,3.427719821162444,75.03725782414307,0.22354694485842028,57.07898658718331,42.77198211624441,1.4903129657228018,11.549925484351714,42.92101341281669,0.0,12.742175856929956,86.36363636363636,12.742175856929956,0.8941877794336811,76.15499254843517,1.3412816691505216,0.7451564828614009,0.5961251862891207,81.14754098360656,6.259314456035767,9.761549925484351,82.7123695976155,1.1177347242921014,0.0,5.141579731743666,10.506706408345753,2.0119225037257826,0.44709388971684055,78.46497764530551,13.114754098360656,25.55886736214605,0.819672131147541,0.44709388971684055,68.62891207153503,77.04918032786885,2.9806259314456036,1.639344262295082,0.07451564828614009,33.0849478390462,0.0,3.278688524590164,,,,,0.0,1.2667660208643816,2.682563338301043,52.682563338301044,,,,,,0.7451564828614009,34.35171385991058,38.45007451564829,3.9493293591654246,4.321907600596125,10.655737704918034,58.94187779433681,1.3412816691505216,13.710879284649776,0.22354694485842028,18.181818181818183,,,,,,,,,,,,5.2593145,1342,5.2593145,1342,3.4113097,2069.0,2.5189152,2802.0
090303,1653,0.18148820326678766,0.12099213551119177,30.973986690865093,3.0248033877797944,0.0,0.3629764065335753,0.4839685420447671,99.15305505142166,60.798548094373864,34.48275862068966,26.31578947368421,39.201451905626136,0.3629764065335753,1.3914095583787054,58.31820931639444,0.7259528130671506,14.035087719298245,3.690260133091349,1.5124016938898972,8.166969147005444,85.96491228070175,0.0,12.038717483363582,86.99334543254689,12.038717483363582,0.9679370840895342,61.101028433151846,2.782819116757411,0.8469449485783425,1.9358741681790683,72.23230490018149,11.796733212341199,9.739866908650937,82.45614035087719,6.110102843315184,0.18148820326678766,5.747126436781609,4.234724742891712,4.295220810647308,0.4839685420447671,51.724137931034484,39.201451905626136,13.369630973986691,0.5444646098003629,0.18148820326678766,81.85117967332124,90.13914095583787,2.661826981246219,0.9679370840895342,0.18148820326678766,44.22262552934059,22.80701754385965,3.9322444041137325,,,,,0.18148820326678766,0.9679370840895342,3.4482758620689653,54.08348457350272,,,,,,0.9074410163339383,22.686025408348456,8.106473079249849,1.4519056261343013,2.8433151845130067,6.715063520871143,44.585601935874166,0.3629764065335753,11.978221415607985,0.3024803387779794,4.658197217180883,,,,,,,,,,,0.41866028708133973,4.937084,1653,4.937084,1653,3.579386,2280.0,2.6933994,3030.0
090401,611,10.474631751227497,17.02127659574468,15.057283142389526,1.4729950900163666,0.0,4.091653027823241,14.566284779050736,81.34206219312603,75.94108019639934,36.00654664484452,39.93453355155483,24.058919803600656,0.8183306055646481,4.909983633387888,69.88543371522096,0.32733224222585927,66.2847790507365,55.64648117839607,1.800327332242226,7.6923076923076925,33.715220949263504,0.0,23.404255319148938,74.46808510638297,23.404255319148938,1.800327332242226,75.28641571194763,0.32733224222585927,0.0,0.32733224222585927,78.39607201309329,17.34860883797054,3.109656301145663,86.41571194762685,1.309328968903437,0.0,5.728314238952537,5.728314238952537,9.983633387888707,0.0,83.79705400981997,3.7643207855973815,58.5924713584288,4.582651391162029,0.0,34.69721767594108,27.495908346972175,8.183306055646481,1.9639934533551555,0.0,37.806873977086745,0.0,1.6366612111292962,,,,,0.32733224222585927,3.927986906710311,2.7823240589198037,24.877250409165303,,,,,,4.091653027823241,34.53355155482815,41.4075286415712,4.4189852700491,5.237315875613748,16.0392798690671,48.28150572831424,0.9819967266775778,9.819967266775777,0.4909983633387889,29.95090016366612,,,,,,,,,,,0.6191950464396285,3.5728314,611,3.5728314,611,2.3198724,941.0,1.7676114,1235.0
090402,344,27.906976744186046,2.3255813953488373,37.7906976744186,9.593023255813954,0.0,3.488372093023256,33.72093023255814,62.7906976744186,78.77906976744185,36.04651162790697,42.73255813953488,21.22093023255814,0.5813953488372093,3.197674418604651,74.4186046511628,0.5813953488372093,61.04651162790697,39.825581395348834,3.197674418604651,5.813953488372093,38.95348837209303,0.0,9.011627906976743,88.0813953488372,9.593023255813954,2.3255813953488373,67.44186046511628,2.0348837209302326,0.29069767441860467,1.744186046511628,82.84883720930233,8.720930232558139,5.523255813953488,71.51162790697674,0.29069767441860467,0.29069767441860467,15.406976744186046,11.627906976744185,6.104651162790698,0.5813953488372093,74.12790697674419,12.209302325581396,22.674418604651162,2.3255813953488373,0.0,72.09302325581395,71.51162790697674,5.232558139534884,2.0348837209302326,0.0,40.406976744186046,0.0,8.13953488372093,,,,,0.0,1.1627906976744187,2.3255813953488373,51.74418604651163,,,,,,2.9069767441860463,49.41860465116279,34.593023255813954,0.872093023255814,3.488372093023256,6.976744186046512,55.81395348837209,0.29069767441860467,10.755813953488373,0.29069767441860467,17.732558139534884,,,,,,,,,,,0.8426966292134831,4.7034883,344,4.7034883,344,3.47957,465.0,2.528125,640.0
090501,466,0.6437768240343348,0.0,61.1587982832618,6.223175965665236,0.0,1.2875536480686696,3.648068669527897,95.06437768240343,68.88412017167381,39.05579399141631,29.82832618025751,31.11587982832618,0.2145922746781116,3.004291845493562,64.8068669527897,0.8583690987124464,48.283261802575105,19.313304721030043,6.223175965665236,19.742489270386265,51.716738197424895,0.0,16.952789699570815,80.90128755364807,17.38197424892704,1.7167381974248928,62.01716738197425,1.2875536480686696,0.2145922746781116,1.0729613733905579,79.39914163090128,12.017167381974248,5.150214592274678,78.75536480686695,3.004291845493562,1.502145922746781,10.944206008583691,4.721030042918455,2.3605150214592276,0.8583690987124464,90.12875536480686,4.07725321888412,7.939914163090129,21.030042918454935,0.0,69.52789699570816,71.24463519313305,16.09442060085837,0.6437768240343348,0.0,46.566523605150216,0.0,3.004291845493562,,,,,0.0,6.866952789699571,3.4334763948497855,33.69098712446352,,,,,,1.9313304721030042,26.609442060085836,21.888412017167383,3.4334763948497855,6.437768240343348,13.090128755364807,60.72961373390558,1.2875536480686696,11.587982832618026,1.2875536480686696,18.025751072961373,,,,,,,,,,,0.8880994671403197,3.8133047,466,3.8133047,466,2.6562033,669.0,2.1230586,837.0
090502,589,3.565365025466893,0.1697792869269949,64.00679117147708,12.054329371816639,0.1697792869269949,1.867572156196944,14.940577249575552,83.1918505942275,76.23089983022071,37.18166383701188,39.04923599320883,23.769100169779286,0.3395585738539898,7.470288624787776,65.70458404074702,2.7164685908319184,56.36672325976231,31.57894736842105,4.244482173174872,17.826825127334466,43.63327674023769,0.0,17.65704584040747,80.98471986417657,17.65704584040747,1.0186757215619695,75.21222410865875,1.0186757215619695,0.1697792869269949,0.8488964346349746,66.723259762309,18.505942275042443,9.847198641765704,78.77758913412563,1.3582342954159592,0.6791171477079796,5.2631578947368425,10.865874363327674,22.920203735144312,0.1697792869269949,58.573853989813244,15.959252971137522,30.39049235993209,1.1884550084889642,0.1697792869269949,64.34634974533107,66.553480475382,21.561969439728355,1.3582342954159592,0.3395585738539898,35.144312393887944,0.0,2.8862478777589136,,,,,0.1697792869269949,2.8862478777589136,4.4142614601018675,47.36842105263158,,,,,,3.0560271646859083,53.82003395585738,30.560271646859082,3.225806451612903,4.584040747028863,11.544991511035654,58.573853989813244,0.1697792869269949,12.224108658743633,0.0,23.93887945670628,,,,,,,,,,,2.4154589371980677,4.7317486,589,4.7317486,589,3.3497596,832.0,2.4192708,1152.0
090503,466,12.017167381974248,1.7167381974248928,35.836909871244636,6.437768240343348,0.0,0.2145922746781116,22.746781115879827,77.03862660944206,78.54077253218884,43.13304721030043,35.407725321888414,21.459227467811157,0.0,0.2145922746781116,74.2489270386266,4.07725321888412,50.0,14.163090128755364,9.227467811158798,22.746781115879827,50.0,0.0,5.150214592274678,93.56223175965665,5.150214592274678,1.0729613733905579,77.46781115879828,7.939914163090129,1.0729613733905579,6.866952789699571,75.10729613733906,8.583690987124463,6.008583690987124,90.12875536480686,0.8583690987124464,0.4291845493562232,5.793991416309013,2.575107296137339,1.7167381974248928,1.2875536480686696,59.227467811158796,31.330472103004293,3.4334763948497855,1.2875536480686696,0.0,93.56223175965665,81.97424892703863,1.0729613733905579,0.2145922746781116,0.0,38.197424892703864,0.0,7.081545064377682,,,,,0.0,0.2145922746781116,4.291845493562231,46.137339055793994,,,,,,0.2145922746781116,42.27467811158798,29.613733905579398,0.8583690987124464,6.008583690987124,7.296137339055794,74.67811158798283,0.2145922746781116,11.587982832618026,0.0,8.369098712446352,,,,,,,,,,,,4.225322,466,4.225322,466,3.2762063,601.0,2.2948718,858.0
