cod_ine,n_viviendas,pct_agua_caneria,pct_agua_pileta,pct_agua_pozo,pct_agua_pozo_bomba,pct_agua_carro,pct_agua_interior,pct_agua_lote,pct_agua_sin_caneria,pct_servicio_sanitario,pct_sanitario_exclusivo,pct_sanitario_compartido,pct_sin_sanitario,pct_alcantarillado,pct_camara_septica,pct_pozo_ciego,pct_desague_superficie,pct_electricidad,pct_elec_red,pct_panel_solar,pct_motor_propio,pct_sin_energia,pct_gas_red,pct_gas_garrafa,pct_lena_guano,pct_combustible_limpio,pct_no_cocina,pct_cocina_exclusiva,pct_basura_formal,pct_basura_carro,pct_basura_contenedor,pct_basura_quema,pct_basura_entierra,pct_basura_informal,pct_viv_propia,pct_viv_alquilada,pct_viv_anticretico,pct_viv_prestada,pct_viv_cedida,pct_pared_ladrillo,pct_pared_adobe,pct_pared_madera,pct_pared_precaria,pct_techo_calamina,pct_techo_teja,pct_techo_losa,pct_techo_paja,pct_piso_tierra,pct_piso_cemento,pct_piso_ceramica,pct_piso_mosaico,pct_monoambiente,pct_urbano,pct_revoque,pct_hogar_nuclear,pct_hogar_monoparental,pct_hogar_extendido,pct_hogar_compuesto,pct_departamento,pct_con_emigrante,pct_hogar_fallecido,pct_hacinamiento,pct_choza,pct_agua_rio,pct_agua_lluvia,pct_agua_no_mejorada,pct_agua_mejorada,pct_saneamiento_mejorado,pct_radio,pct_televisor,pct_computadora,pct_auto,pct_bicicleta,pct_moto,pct_carreta,pct_bote,pct_internet,pct_telefonia,pct_celular,pct_internet_fijo,pct_internet_movil,pct_tv_cable,pct_telefono_fijo,pct_refrigerador,pct_microondas,pct_calefon,pct_aire_acond,pct_lavadora,pct_vivienda_desocupada,tam_hogar,_den_tam_hogar,pers_x_vivienda,_den_pers_x_vivienda,pers_x_dormitorio,_den_pers_x_dormitorio,pers_x_habitacion,_den_pers_x_habitacion
010101,84913,89.95324626382298,4.241988859185284,1.5298010905279522,1.307220331398019,1.6405026321058025,84.46056552000283,7.593654681850835,7.945779798146338,94.16461554767821,73.65067775252317,20.51393779515504,5.835384452321788,89.08176604289096,0.8655918410608505,1.6322589002861752,2.297645825727509,98.95422373488158,98.27117166982677,0.08125964222203903,0.4404508143629362,1.0457762651184153,46.080105519767294,51.00632411998163,1.0351771813503232,97.34551835408006,1.5827965093684124,81.92856217540306,90.25119828530379,48.051535100632414,42.19966318467137,6.657402282336038,0.24495660264034955,2.583821087465995,59.417285927949784,21.997809522687927,7.630162637052042,8.898519661300389,0.7348698079210486,87.92411056022046,11.39872575459588,0.050640066891995336,0.012954435716556946,30.073133677999834,32.39433302321199,35.52224041077338,0.26379941822806874,3.0466477453393472,39.28138212052336,49.37406521969545,2.1280604854380365,27.419829708054127,100.0,84.91397077008232,30.924593407369898,17.983112126529505,26.597811878039877,2.500206093295491,11.719053619587108,10.120947322553672,8.826681426872211,12.118285774851907,0.21904773120723564,0.1495648487275211,1.2813114599649054,2.0126482399632564,97.98735176003674,70.07407581877922,69.18139743031102,84.51709396676598,56.78282477359179,37.746870326098474,34.27508155406122,20.837798688068965,1.9160788100761956,1.0646190807061344,89.32790032150554,94.36599813927197,94.0845335814304,62.9491361746729,77.92446386301273,27.199604300872657,14.581983912946193,75.02267026250398,33.804011164368234,14.2157266849599,1.2848444878876026,39.220142969863275,7.1196905161971005,3.1714933,84913,3.1714933,84913,1.4569885,184834.0,1.1124003,242090.0
010301,1220,93.60655737704919,5.081967213114754,0.0,0.0,0.0,75.81967213114754,18.114754098360656,6.065573770491803,90.90163934426229,67.95081967213115,22.950819672131146,9.098360655737705,82.62295081967213,1.4754098360655739,5.163934426229508,1.3114754098360655,98.36065573770492,97.95081967213115,0.32786885245901637,0.0,1.639344262295082,0.6557377049180327,90.0,6.557377049180328,91.14754098360656,2.2950819672131146,70.24590163934427,85.73770491803279,69.75409836065573,15.98360655737705,11.39344262295082,0.6557377049180327,2.1311475409836067,69.67213114754098,20.327868852459016,0.819672131147541,5.163934426229508,2.2131147540983607,51.0655737704918,48.36065573770492,0.0,0.0,49.75409836065574,36.885245901639344,11.967213114754099,0.4918032786885246,7.868852459016393,62.295081967213115,26.557377049180328,0.7377049180327869,30.983606557377048,100.0,88.52459016393442,32.21311475409836,15.081967213114755,32.295081967213115,4.426229508196721,1.0655737704918034,9.180327868852459,8.770491803278688,25.0,0.08196721311475409,0.5737704918032787,0.4918032786885246,0.5737704918032787,99.42622950819673,62.21311475409836,57.21311475409836,73.85245901639344,26.065573770491802,16.475409836065573,30.24590163934426,38.77049180327869,5.983606557377049,1.3114754098360655,77.8688524590164,89.26229508196721,89.26229508196721,23.852459016393443,72.8688524590164,12.459016393442623,1.639344262295082,55.32786885245902,11.311475409836065,1.721311475409836,0.819672131147541,13.19672131147541,2.629601803155522,3.819672,1220,3.819672,1220,1.8935392,2461.0,1.3681738,3406.0
010302,609,87.02791461412151,11.001642036124794,0.0,0.0,0.0,77.17569786535304,10.50903119868637,12.31527093596059,89.32676518883416,70.27914614121511,19.047619047619047,10.673234811165846,80.29556650246306,1.3136288998357963,5.090311986863711,0.0,96.38752052545156,95.73070607553366,0.0,0.3284072249589491,3.61247947454844,42.857142857142854,44.827586206896555,10.673234811165846,88.17733990147784,1.1494252873563218,74.71264367816092,81.77339901477832,62.23316912972086,19.54022988505747,11.001642036124794,1.1494252873563218,5.747126436781609,76.51888341543514,15.435139573070607,0.6568144499178982,5.911330049261084,0.6568144499178982,31.69129720853859,67.98029556650246,0.0,0.0,25.28735632183908,67.32348111658456,5.254515599343185,0.49261083743842365,15.92775041050903,59.770114942528735,20.525451559934318,0.6568144499178982,27.750410509031198,100.0,86.69950738916256,31.362889983579638,16.58456486042693,26.600985221674875,3.4482758620689653,0.8210180623973727,8.045977011494253,8.538587848932677,22.00328407224959,0.3284072249589491,0.16420361247947454,0.49261083743842365,0.16420361247947454,99.83579638752053,63.05418719211823,55.172413793103445,57.96387520525452,22.00328407224959,11.330049261083744,25.123152709359605,23.973727422003282,5.911330049261084,0.6568144499178982,67.15927750410509,82.59441707717569,82.59441707717569,8.374384236453203,64.69622331691298,12.151067323481117,1.9704433497536946,43.185550082101805,8.866995073891626,0.49261083743842365,0.49261083743842365,8.045977011494253,7.210401891252955,3.6108375,609,3.6108375,609,1.9669052,1118.0,1.3997453,1571.0
010303,857,81.21353558926488,16.45274212368728,1.4002333722287048,1.0501750291715286,0.0,66.74445740956826,15.052508751458577,18.203033838973163,92.88214702450408,73.6289381563594,19.25320886814469,7.117852975495916,79.69661610268378,1.866977829638273,10.385064177362894,0.11668611435239207,98.4830805134189,97.66627771295217,0.11668611435239207,0.11668611435239207,1.5169194865810969,0.3500583430571762,94.86581096849476,3.38389731621937,95.33255542590432,1.2835472578763127,73.86231038506418,90.31505250875146,79.11318553092183,11.201866977829638,8.284714119019837,0.8168028004667445,0.3500583430571762,69.66161026837807,17.50291715285881,0.7001166861143524,10.73512252042007,0.46674445740956827,41.890315052508754,57.64294049008168,0.0,0.0,16.569428238039674,69.42823803967327,11.201866977829638,1.2835472578763127,17.269544924154026,60.44340723453909,13.185530921820304,0.8168028004667445,29.288214702450407,100.0,86.93115519253209,38.38973162193699,15.052508751458577,21.236872812135356,1.866977829638273,0.23337222870478413,11.085180863477246,10.73512252042007,22.75379229871645,0.23337222870478413,0.0,0.23337222870478413,0.3500583430571762,99.64994165694283,63.2438739789965,70.24504084014002,74.32905484247375,22.403733955659277,17.96966161026838,40.72345390898483,53.67561260210035,6.18436406067678,0.8168028004667445,76.07934655775962,88.79813302217036,88.44807467911319,4.084014002333722,75.37922987164528,12.018669778296383,2.4504084014002334,51.34189031505251,6.301050175029172,1.9836639439906651,0.46674445740956827,8.284714119019837,5.030487804878049,3.15986,857,3.15986,857,1.9454023,1392.0,1.2376599,2188.0
010401,1489,91.73942243116186,5.507051712558765,0.5372733378106112,0.47011417058428473,0.20147750167897918,80.12088650100739,12.155809267965077,7.7233042310275355,92.20953660174614,72.12894560107455,20.080591000671593,7.790463398253862,82.13566151779717,1.7461383478844863,8.19341840161182,0.0,98.92545332437878,98.52249832102082,0.0671591672263264,0.0671591672263264,1.0745466756212223,0.1343183344526528,93.01544660846206,4.163868368032237,93.41840161182002,2.350570852921424,75.08394895903291,96.10476830087308,81.86702484889187,14.237743451981196,1.9476158495634655,0.2686366689053056,1.4775016789791806,63.666890530557424,24.04298186702485,2.955003357958361,6.51443922095366,1.007387508394896,64.1370047011417,35.39288112827401,0.0,0.0,18.200134318334452,64.67427803895232,15.983881799865681,0.33579583613163194,5.641370047011417,34.98992612491605,48.28744123572868,0.8059100067159167,32.03492276695769,100.0,90.73203492276696,29.818670248488917,16.38683680322364,20.68502350570853,2.0819341840161183,1.0745466756212223,8.462055070517126,9.402283411685696,14.775016789791806,0.2686366689053056,0.0671591672263264,0.9402283411685695,0.33579583613163194,99.66420416386836,64.53995970449967,64.00268636668905,74.41235728676965,33.579583613163194,22.16252518468771,25.72196104768301,24.647414372061785,5.0369375419744795,0.8059100067159167,82.06850235057085,91.20214909335124,91.20214909335124,41.974479516454,73.74076561450639,15.513767629281396,1.9476158495634655,61.920752182672935,15.043653458697111,2.6192075218267292,0.9402283411685695,17.259905977165882,3.659695817490494,2.761585,1489,2.761585,1489,1.4887762,2762.0,1.0056249,4089.0
010402,564,88.65248226950355,10.460992907801419,0.3546099290780142,0.1773049645390071,0.0,78.36879432624113,10.460992907801419,11.170212765957446,90.2482269503546,70.0354609929078,20.21276595744681,9.75177304964539,82.44680851063829,0.7092198581560284,6.205673758865248,0.8865248226950354,98.22695035460993,98.22695035460993,0.0,0.0,1.7730496453900708,0.7092198581560284,86.52482269503547,10.99290780141844,87.94326241134752,1.0638297872340425,74.822695035461,92.02127659574468,77.12765957446808,14.893617021276595,6.73758865248227,0.3546099290780142,0.7092198581560284,68.61702127659575,19.680851063829788,0.8865248226950354,10.28368794326241,0.1773049645390071,51.95035460992908,47.87234042553192,0.0,0.0,57.4468085106383,29.9645390070922,11.879432624113475,0.3546099290780142,12.23404255319149,55.319148936170215,30.141843971631207,1.2411347517730495,29.078014184397162,100.0,85.63829787234043,32.4468085106383,16.134751773049647,26.77304964539007,2.6595744680851063,0.3546099290780142,9.21985815602837,10.28368794326241,19.326241134751772,0.1773049645390071,0.3546099290780142,0.1773049645390071,0.5319148936170213,99.46808510638297,62.94326241134752,58.333333333333336,77.30496453900709,31.914893617021278,14.361702127659575,32.269503546099294,29.9645390070922,3.723404255319149,1.7730496453900708,81.73758865248227,89.18439716312056,89.18439716312056,23.404255319148938,76.95035460992908,11.879432624113475,2.6595744680851063,64.53900709219859,11.879432624113475,2.3049645390070923,0.1773049645390071,15.957446808510639,6.345475910693302,3.5070922,564,3.5070922,564,1.8247232,1084.0,1.2835821,1541.0
010501,4068,93.04326450344149,5.530973451327434,0.344149459193707,0.22123893805309736,0.024582104228121928,83.33333333333333,10.127826941986234,6.538839724680432,96.8534906588004,73.03343166175024,23.820058997050147,3.146509341199607,83.06293018682399,1.5732546705998034,11.701081612586037,0.1720747295968535,98.69714847590954,98.00884955752213,0.1720747295968535,0.2949852507374631,1.3028515240904621,47.27138643067847,48.230088495575224,1.8190757128810227,95.6243854473943,2.482792527040315,79.32645034414946,93.1661750245821,78.6873156342183,14.478859390363816,5.35889872173058,0.6145526057030481,0.5899705014749262,57.694198623402166,26.597836774827925,5.752212389380531,7.325467059980334,1.3274336283185841,81.41592920353982,17.281219272369714,0.5899705014749262,0.0,47.09931170108161,32.84169124877089,18.018682399213372,0.19665683382497542,4.818092428711898,50.12291052114061,41.32251720747296,1.9419862340216323,30.088495575221238,100.0,91.69124877089479,35.37364798426745,15.658800393313667,23.820058997050147,3.687315634218289,3.072763028515241,9.218289085545722,7.890855457227139,12.75811209439528,0.41789577187807275,0.2949852507374631,0.2949852507374631,0.4424778761061947,99.5575221238938,62.905604719764014,60.127826941986235,73.86922320550639,39.38053097345133,32.42379547689282,40.26548672566372,27.92527040314651,1.1553588987217305,0.8112094395280236,83.89872173058014,90.78171091445428,90.70796460176992,48.230088495575224,72.1976401179941,29.744346116027533,2.704031465093412,71.68141592920354,16.83874139626352,5.162241887905605,3.1219272369714846,30.75221238938053,6.401722787783869,3.1317601,4068,3.1317601,4068,1.5631902,8150.0,1.1823666,10775.0
010601,913,60.35049288061336,21.248630887185104,0.9857612267250822,0.6571741511500547,11.938663745892661,56.626506024096386,7.0098576122672505,36.36363636363637,74.37020810514787,64.95071193866374,9.419496166484118,25.629791894852136,69.55093099671413,0.9857612267250822,1.4238773274917853,1.8619934282584885,93.31872946330778,92.22343921139102,0.0,0.10952902519167579,6.681270536692224,39.86856516976999,53.231106243154436,5.585980284775466,93.09967141292442,1.3143483023001095,79.1894852135816,91.34720700985761,74.47973713033954,16.867469879518072,4.709748083242059,0.9857612267250822,2.8477546549835706,75.79408543263965,17.1960569550931,0.21905805038335158,5.038335158817087,0.547645125958379,32.968236582694416,66.4841182913472,0.0,0.0,29.13472070098576,58.8170865279299,8.433734939759036,2.08105147864184,26.177437020810515,51.478641840087626,6.4622124863088715,0.43811610076670315,26.50602409638554,100.0,67.57940854326397,29.244249726177436,16.210295728368017,23.43921139101862,2.190580503833516,0.21905805038335158,23.767798466593646,12.595837897042717,18.838992332968235,0.10952902519167579,0.8762322015334063,2.190580503833516,13.143483023001096,86.8565169769989,61.66484118291347,60.02190580503834,65.6078860898138,15.881708652792991,14.895947426067908,22.562979189485212,15.224534501642935,27.6013143483023,2.738225629791895,71.52245345016429,84.33734939759036,84.22782037239868,19.167579408543265,65.93647316538883,6.900328587075575,2.9572836801752462,28.696604600219057,5.147864184008762,3.0668127053669223,0.43811610076670315,6.352683461117196,14.06015037593985,3.1150055,913,3.1150055,913,1.7341464,1640.0,1.031182,2758.0
010701,1817,95.76224545954871,3.4122179416620804,0.4953219592735278,0.275178866263071,0.0,89.10291689598239,7.099614749587231,3.7974683544303796,97.46835443037975,77.82058337919648,19.64777105118327,2.5316455696202533,78.97633461750138,1.0456796917996698,16.235553109521188,0.9906439185470556,99.39460649422125,98.78921298844249,0.0,0.4953219592735278,0.6053935057787562,51.9537699504678,44.41386901485966,1.0456796917996698,96.4777105118327,2.476609796367639,83.76444689047881,94.9367088607595,73.80297193175564,21.133736929003852,4.292790313703907,0.4402861860209136,0.3302146395156852,59.87892129884425,26.527242707760045,4.182718767198679,7.484865162355531,1.0456796917996698,73.6378646119978,25.92184920198129,0.0,0.0550357732526142,36.70886075949367,27.242707760044027,32.74628508530545,2.2564667033571824,2.8618602091359384,52.17391304347826,40.78150798018712,2.201430930104568,27.572922399559715,100.0,92.84534947716016,31.535498073747934,20.253164556962027,20.69345074298294,1.100715465052284,4.127682993946065,6.989543203082003,9.851403412217941,10.89708310401761,0.1100715465052284,0.0,0.1651073197578426,0.2201430930104568,99.77985690698954,63.676389653274626,75.5641166758393,82.6086956521739,45.129334067143645,29.11392405063291,48.76169510181618,21.07870115575124,1.651073197578426,0.7154650522839846,85.36048431480462,92.79031370390754,92.40506329113924,57.12713263621354,72.37204182718767,41.27682993946065,5.173362685745735,71.27132636213538,18.49201981287837,5.283434232250963,1.2107870115575123,30.489818381948265,6.6943866943866945,2.8470006,1817,2.8470006,1817,1.3947155,3709.0,1.0075964,5134.0
010702,990,82.72727272727273,12.121212121212121,1.1111111111111112,0.7070707070707071,0.10101010101010101,72.42424242424242,11.414141414141413,16.161616161616163,77.57575757575758,61.515151515151516,16.060606060606062,22.424242424242426,67.87878787878788,1.0101010101010102,7.777777777777778,0.10101010101010101,97.27272727272727,96.56565656565657,0.30303030303030304,0.0,2.727272727272727,0.20202020202020202,88.68686868686869,9.595959595959595,88.98989898989899,1.4141414141414141,73.23232323232324,81.01010101010101,67.57575757575758,13.434343434343434,18.08080808080808,0.30303030303030304,0.5050505050505051,77.37373737373737,14.747474747474747,0.40404040404040403,6.666666666666667,0.40404040404040403,52.42424242424242,47.474747474747474,0.0,0.0,34.04040404040404,38.484848484848484,19.292929292929294,7.2727272727272725,20.303030303030305,55.75757575757576,22.12121212121212,0.7070707070707071,30.707070707070706,100.0,81.51515151515152,27.575757575757574,20.303030303030305,19.393939393939394,1.6161616161616161,1.5151515151515151,19.696969696969695,11.515151515151516,16.565656565656564,0.0,1.1111111111111112,1.2121212121212122,1.6161616161616161,98.38383838383838,53.63636363636363,51.81818181818182,75.65656565656566,31.515151515151516,28.78787878787879,49.7979797979798,14.444444444444445,8.585858585858587,0.9090909090909091,82.92929292929293,92.82828282828282,92.82828282828282,21.818181818181817,78.68686868686869,11.11111111111111,1.0101010101010102,41.111111111111114,6.0606060606060606,1.2121212121212122,0.5050505050505051,10.808080808080808,9.486780715396579,2.8454545,990,2.8454545,990,1.580808,1782.0,1.0433333,2700.0
010703,700,89.14285714285714,3.5714285714285716,0.14285714285714285,0.14285714285714285,0.0,73.71428571428571,17.285714285714285,9.0,81.42857142857143,65.0,16.428571428571427,18.571428571428573,77.85714285714286,0.5714285714285714,2.857142857142857,0.0,92.0,89.57142857142857,1.7142857142857142,0.0,8.0,0.0,88.14285714285714,9.142857142857142,88.28571428571429,2.4285714285714284,73.42857142857143,88.42857142857143,68.42857142857143,20.0,8.571428571428571,0.2857142857142857,1.2857142857142858,74.71428571428571,14.0,2.0,4.285714285714286,2.7142857142857144,49.42857142857143,46.57142857142857,0.0,0.0,61.0,18.142857142857142,10.571428571428571,6.571428571428571,18.142857142857142,43.42857142857143,33.857142857142854,0.5714285714285714,26.428571428571427,100.0,84.28571428571429,17.571428571428573,14.857142857142858,38.42857142857143,16.285714285714285,2.142857142857143,3.0,5.285714285714286,27.571428571428573,0.14285714285714285,2.0,0.7142857142857143,2.0,98.0,62.714285714285715,66.71428571428571,68.71428571428571,29.0,27.714285714285715,41.142857142857146,23.142857142857142,4.142857142857143,1.0,70.28571428571429,83.85714285714286,83.85714285714286,15.714285714285714,67.71428571428571,17.0,2.0,42.42857142857143,8.857142857142858,3.0,1.0,13.428571428571429,1.3869625520110958,4.0214286,700,4.0214286,700,2.0805616,1353.0,1.4413723,1953.0
010704,825,90.66666666666667,6.909090909090909,0.7272727272727273,0.36363636363636365,0.12121212121212122,78.66666666666667,12.242424242424242,9.090909090909092,92.72727272727273,68.24242424242425,24.484848484848484,7.2727272727272725,88.48484848484848,1.2121212121212122,2.787878787878788,0.12121212121212122,98.42424242424242,97.81818181818181,0.36363636363636365,0.0,1.5757575757575757,0.24242424242424243,94.42424242424242,2.1818181818181817,94.66666666666667,3.0303030303030303,74.42424242424242,95.51515151515152,82.06060606060606,13.454545454545455,3.393939393939394,0.12121212121212122,0.7272727272727273,69.21212121212122,24.363636363636363,0.6060606060606061,4.7272727272727275,0.48484848484848486,71.03030303030303,28.12121212121212,0.0,0.0,28.848484848484848,14.787878787878787,45.21212121212121,8.848484848484848,13.454545454545455,46.42424242424242,38.666666666666664,0.6060606060606061,33.93939393939394,100.0,81.93939393939394,26.78787878787879,21.939393939393938,24.848484848484848,2.0606060606060606,2.1818181818181817,10.545454545454545,6.787878787878788,17.09090909090909,0.12121212121212122,0.6060606060606061,0.12121212121212122,1.0909090909090908,98.9090909090909,65.81818181818181,53.333333333333336,70.66666666666667,30.424242424242426,36.84848484848485,45.81818181818182,29.09090909090909,4.606060606060606,0.6060606060606061,81.81818181818181,88.96969696969697,88.84848484848484,22.060606060606062,78.3030303030303,10.303030303030303,2.0606060606060606,41.45454545454545,7.2727272727272725,3.1515151515151514,0.36363636363636365,16.0,3.5051546391752577,3.168485,825,3.168485,825,1.7426667,1500.0,1.2336007,2119.0
010801,1189,95.71068124474348,1.8502943650126156,1.0092514718250631,0.8410428931875525,0.0,84.52481076534903,12.952060555088309,2.5231286795626575,94.95374264087468,73.59125315391086,21.362489486963835,5.046257359125315,91.42136248948697,0.5887300252312868,2.5231286795626575,0.16820857863751051,99.32716568544996,99.2430613961312,0.08410428931875526,0.0,0.6728343145500421,0.33641715727502103,91.00084104289319,5.550883095037847,91.50546677880573,2.943650126156434,75.77796467619848,91.42136248948697,77.03952901597981,14.381833473507148,6.4760302775441545,0.42052144659377627,1.4297729184188395,66.94701429772918,23.969722455845247,1.934398654331371,6.055508830950378,0.7569386038687973,54.92010092514718,44.659377628259044,0.08410428931875526,0.0,57.35912531539108,29.77291841883936,12.111017661900757,0.16820857863751051,7.317073170731708,37.426408746846086,43.90243902439025,1.0933557611438183,27.83851976450799,100.0,92.93523969722456,30.698065601345668,12.447434819175777,25.14718250630782,1.934398654331371,0.6728343145500421,6.139613120269134,10.681244743481917,11.774600504625736,0.08410428931875526,0.5887300252312868,0.5046257359125316,0.7569386038687973,99.2430613961312,71.32043734230446,64.59209419680404,78.13288477712364,42.304457527333895,24.47434819175778,27.081581160639193,33.894028595458366,4.205214465937763,1.0092514718250631,81.74936921783011,91.50546677880573,91.50546677880573,30.613961312026913,76.78721614802355,25.315391084945333,1.0933557611438183,63.83515559293524,17.409587888982337,1.1774600504625736,0.2523128679562658,22.70815811606392,6.376975169300226,2.8343146,1189,2.8343146,1189,1.3092463,2574.0,0.9071332,3715.0
010901,567,91.18165784832452,2.821869488536155,0.0,0.0,0.3527336860670194,79.36507936507937,12.698412698412698,7.936507936507937,89.94708994708995,69.31216931216932,20.634920634920636,10.052910052910052,53.439153439153436,6.525573192239859,29.27689594356261,0.1763668430335097,97.53086419753086,96.64902998236332,0.3527336860670194,0.1763668430335097,2.4691358024691357,33.50970017636684,58.2010582010582,6.172839506172839,91.88712522045856,1.9400352733686066,80.95238095238095,85.71428571428571,74.25044091710758,11.46384479717813,11.28747795414462,1.4109347442680775,1.0582010582010581,68.43033509700176,17.46031746031746,0.8818342151675485,10.582010582010582,1.0582010582010581,75.83774250440918,23.280423280423282,0.0,0.1763668430335097,55.20282186948854,13.756613756613756,25.573192239858905,4.585537918871252,9.700176366843033,53.96825396825397,32.6278659611993,2.4691358024691357,26.278659611992946,100.0,81.48148148148148,28.395061728395063,14.991181657848324,36.15520282186949,6.172839506172839,0.7054673721340388,7.407407407407407,9.171075837742505,24.514991181657848,0.1763668430335097,1.0582010582010581,1.4109347442680775,1.4109347442680775,98.58906525573192,43.738977072310405,58.37742504409171,70.72310405643739,33.686067019400355,28.04232804232804,32.804232804232804,14.814814814814815,2.4691358024691357,0.7054673721340388,83.24514991181658,91.18165784832452,91.005291005291,22.22222222222222,80.95238095238095,22.92768959435626,1.5873015873015872,64.55026455026454,10.582010582010582,5.114638447971782,1.0582010582010581,18.871252204585538,7.733333333333333,4.0405645,567,4.0405645,567,1.9564475,1171.0,1.4915365,1536.0
010902,1078,89.70315398886828,5.75139146567718,0.5565862708719852,0.18552875695732837,0.0,72.72727272727273,17.810760667903526,9.461966604823747,84.9721706864564,72.44897959183673,12.523191094619666,15.027829313543599,66.41929499072356,3.339517625231911,14.656771799628942,0.18552875695732837,95.17625231910947,94.71243042671614,0.18552875695732837,0.18552875695732837,4.823747680890538,0.0,91.83673469387755,6.679035250463822,92.02226345083488,1.2987012987012987,83.48794063079778,79.96289424860854,68.83116883116882,11.131725417439704,15.027829313543599,1.7625231910946197,2.411873840445269,75.69573283858998,11.595547309833025,1.1131725417439704,9.276437847866418,1.0204081632653061,42.02226345083488,56.40074211502783,0.0,0.0,53.246753246753244,11.96660482374768,13.729128014842301,20.12987012987013,17.71799628942486,50.185528756957325,29.128014842300555,0.2782931354359926,24.397031539888683,100.0,87.01298701298701,37.569573283859,17.71799628942486,20.77922077922078,2.0408163265306123,0.7421150278293135,15.769944341372913,11.410018552875696,14.471243042671615,0.18552875695732837,1.5769944341372912,0.0,1.948051948051948,98.05194805194805,58.25602968460111,60.85343228200371,78.10760667903526,32.93135435992579,37.569573283859,51.66975881261595,28.478664192949907,3.1539888682745825,0.9276437847866419,81.81818181818181,90.53803339517626,90.53803339517626,24.58256029684601,77.64378478664193,16.233766233766232,2.782931354359926,50.64935064935065,11.688311688311689,3.9888682745825603,1.2059369202226344,19.944341372912803,7.520891364902507,3.1187384,1078,3.1187384,1078,1.6155695,2081.0,1.0605679,3170.0
011001,1162,90.10327022375215,9.208261617900172,0.0,0.0,0.08605851979345955,76.33390705679862,14.027538726333907,9.63855421686747,95.86919104991394,57.31497418244406,38.55421686746988,4.130808950086059,77.4526678141136,2.0654044750430294,15.49053356282272,0.5163511187607573,99.1394148020654,98.79518072289157,0.08605851979345955,0.1721170395869191,0.8605851979345955,38.03786574870912,54.30292598967298,1.8932874354561102,92.68502581755594,5.421686746987952,62.73666092943201,97.07401032702238,82.01376936316696,15.060240963855422,1.1187607573149743,0.6884681583476764,0.8605851979345955,45.52495697074011,42.3407917383821,4.905335628227195,5.851979345955249,1.0327022375215147,75.1290877796902,23.838209982788296,0.1721170395869191,0.0,50.0,34.50946643717728,14.629948364888124,0.43029259896729777,7.228915662650603,46.55765920826162,38.984509466437174,2.2375215146299485,42.3407917383821,100.0,90.79173838209982,22.375215146299485,11.101549053356282,21.686746987951807,11.962134251290879,1.3769363166953528,7.573149741824441,7.314974182444062,19.19104991394148,0.43029259896729777,0.0,0.3442340791738382,0.08605851979345955,99.91394148020655,45.78313253012048,53.95869191049914,66.00688468158347,37.52151462994836,23.580034423407916,24.870912220309812,32.271944922547334,0.6884681583476764,0.5163511187607573,83.90705679862306,91.30808950086059,91.22203098106712,41.049913941480206,75.38726333907057,10.757314974182444,1.4629948364888123,61.015490533562826,11.359724612736661,1.721170395869191,3.3562822719449223,24.182444061962133,2.7106227106227108,3.3786576,1162,3.3786576,1162,1.718162,2285.0,1.3722475,2861.0
020101,247917,93.45910123146052,2.8509541499776136,0.38440284450037715,0.17465522735431616,0.3900498957312326,91.0034406676428,4.452699895529552,4.543859436827648,97.30474311967312,84.36371850256336,12.94102461710976,2.6952568803268835,94.6058559921264,1.0753598986757664,0.6953940229996329,0.8002678315726635,99.2872614625056,98.70198493850765,0.07421838760552928,0.28194920074057045,0.7127385374944034,49.545614056317234,47.07543250362016,0.3283356929940262,98.67576648636438,0.9462844419704982,93.59624390420987,99.0226567762598,9.695986963378873,89.32666981288092,0.2956634680155052,0.06453772835263415,0.37230202043425825,59.245231266915944,19.047907162477763,10.06707890140652,9.22647498961346,0.6050412033059451,86.58865668752043,12.765966028953239,0.06816797557246981,0.0052436904286515245,67.85859783717937,8.647248877648568,22.411532892056616,0.07865535642977287,1.9151570888644183,34.369567234195316,8.819887300991864,0.4751590249962689,16.385725867931605,100.0,93.28000903528196,32.876728905238444,19.400444503604028,22.428474045749184,1.9841317860412961,31.6710834674508,7.2931666646498625,12.064118233118341,6.987822537381462,0.17183170173888843,0.24564672854221373,0.8845702392332918,0.8454442414195074,99.15455575858049,83.0051993207404,81.29736968420883,93.84995784879617,69.07473065582433,34.5716509960995,28.10497061516556,7.3484270945518055,1.4303174046152543,0.7704191322095701,90.33991214801728,96.35765195609821,95.92403909372895,71.04071120576644,78.42302060770338,40.95523905177943,26.042586833496696,80.0328335692994,55.03051424468673,18.45294997922692,1.6110230440026299,56.67178934885466,8.27467303920932,2.9171698,247917,2.9171698,247917,1.3849618,522192.0,0.9579769,754941.0
020104,14474,42.39325687439547,18.847588779881168,7.337294459029985,4.387177007047119,6.086776288517341,38.137349730551335,19.918474506010778,41.94417576343789,68.72322785684676,62.291004559900514,6.4322232969462485,31.27677214315324,12.677905209340887,11.323752936299572,40.31366588365345,2.4319469393395052,85.64322232969462,82.6792869973746,0.5734420339919857,1.0017963244438304,14.356777670305375,6.604946801160702,83.28727373220948,4.780986596656073,90.52784302887937,4.352632306204228,78.26447422965317,77.73248583667265,36.02321403896642,41.70927179770623,11.03357744921929,1.4577863755699876,7.620561005941688,84.37888627884483,6.059140527843029,0.8774354014094238,6.01768688683156,0.5734420339919857,84.65524388558795,10.045599005112615,0.17963244438303164,0.04145364101146884,84.93851043249965,2.9362995716457094,7.026392151443969,0.20035926488876607,15.254939892220534,66.16001105430426,7.012574271106812,0.2832665469117037,35.560315047671686,100.0,72.03951913776427,27.532126571783888,18.253419925383447,18.08760536133757,1.2228824098383309,1.4508774354014093,6.805306066049468,9.161254663534613,16.22910045599005,0.939615862926627,2.2315876744507395,7.917645433190549,11.268481414950946,88.73151858504906,21.611164847312423,70.29846621528257,73.7045737183916,27.469946110266687,33.121459168163604,33.743263783335635,6.059140527843029,8.967804338814426,2.024319469393395,71.21044631753489,88.4966146193174,88.44825203813735,22.115517479618628,65.40693657592925,9.057620561005942,2.7428492469255215,34.55160978305928,12.401547602597761,4.097001519966837,0.7185297775321265,10.467044355395883,9.64851086664878,2.6546912,14474,2.6546912,14474,1.5784415,24343.0,1.1268365,34099.0
020105,297715,92.3033773911291,3.9138101875955194,0.9310918159985221,0.42826192835429855,0.4333003039819962,80.24755218917421,12.820314730530876,6.932133080294913,93.72386342643132,80.56732109567875,13.156542330752565,6.276136573568682,84.894613976454,1.9582486606318124,6.475992140134021,0.05945283240683204,97.1751507314042,96.39957677644728,0.13704381707337554,0.2972641620341602,2.8248492685958047,55.60452110239659,42.70258468669701,0.4178492853903901,98.41862183631997,1.0856020019145827,91.71791814319063,93.7053893824631,76.75327074551164,16.952118636951447,1.1867054061770486,0.1471205683287708,4.4895285759871015,69.2877416320978,13.808172245268125,2.649177905043414,12.278857296407638,0.40777253413499487,83.47177669919218,15.679424953395026,0.024855986429974976,0.002015350251079052,86.75411047478293,3.1016240364106613,8.87929731454579,0.12495171556690123,7.148111448868884,62.942075474866904,7.652620795055674,0.2881950859043044,20.256621265304066,100.0,83.31592294644207,29.523873503182575,21.175620979796115,22.470483516114406,1.166551903666258,7.041633777270208,7.0533899870681696,11.47406076281007,10.4321246830022,0.14947181028836304,0.06449120803452967,1.1460625094469543,1.0006213996607494,98.99937860033926,74.2740540449759,75.58403170817728,88.51821372789412,48.2854407738945,32.58686999311422,43.7502309255496,5.729640763817745,0.0,0.8269653863594377,84.13919352400787,94.21728834623717,94.07957274574677,50.944695430193306,70.73375543724703,18.60168281745965,6.735636430814705,51.52242916883597,20.703693129335104,6.1683153351359525,1.0295080865928825,25.41289488268982,8.538431071159712,2.9455082,297715,2.9455082,297715,1.4409385,608577.0,1.0364933,846047.0
020201,3554,84.946539110861,9.651097355092853,1.0410804727068093,0.7034327518289252,0.11254924029262803,72.05965109735509,13.646595385481149,14.29375351716376,87.56330894766461,82.83624085537423,4.727068092290377,12.436691052335396,79.17839054586382,1.8851997749015195,6.0213843556555995,0.16882386043894204,94.51322453573438,93.7816544738323,0.19696117051209905,0.22509848058525606,5.486775464265616,42.59988745075971,54.27687113111986,0.8722566122678672,96.93303320202588,2.0821609454136185,90.06752954417557,95.6105796285875,82.27349465391109,13.33708497467642,2.4760832864378166,0.14068655036578503,1.5756893640967924,87.50703432751828,4.839617332583005,0.4783342712436691,5.9088351153629715,0.11254924029262803,72.76308384918401,26.392796848621273,0.0,0.0,90.63027574563871,2.4198086662915026,5.599324704558244,0.3376477208778841,19.07709622960045,39.02644907146877,3.657850309510411,0.11254924029262803,19.35846933033202,100.0,81.3449634214969,28.47495779403489,18.964546989307824,15.953854811480022,0.5908835115362971,0.9848058525604952,8.159819921215531,11.08610016882386,8.27236916150816,0.4783342712436691,0.5346088913899831,1.9977490151941475,0.9848058525604952,99.0151941474395,76.64603263927968,72.28474957794035,78.19358469330332,40.20821609454136,25.154755205402363,44.879009566685426,13.646595385481149,16.966797974113675,0.7878446820483962,66.12267867191896,88.09791783905459,87.98536859876195,20.03376477208779,60.18570624648284,16.291502532357907,2.3635340461451886,26.87113111986494,6.359032076533484,3.0951041080472708,0.7878446820483962,8.525604952166573,11.56255593341686,2.5537422,3554,2.5537422,3554,1.2754357,7116.0,0.8498923,10679.0
020301,857,72.57876312718787,12.835472578763127,2.6837806301050176,1.1668611435239207,0.0,60.676779463243875,21.003500583430572,18.319719953325553,72.22870478413068,64.52742123687281,7.7012835472578764,27.771295215869312,57.759626604434075,3.38389731621937,6.417736289381564,4.550758459743291,89.03150525087514,85.99766627771295,0.3500583430571762,0.8168028004667445,10.968494749124854,0.3500583430571762,90.31505250875146,3.733955659276546,91.2485414235706,4.900816802800467,79.92998833138857,77.47957992998833,1.1668611435239207,76.31271878646442,11.435239206534423,1.4002333722287048,8.751458576429405,78.76312718786464,9.101516919486581,0.11668611435239207,3.8506417736289382,4.434072345390899,41.540256709451576,52.275379229871646,0.0,0.0,93.93232205367562,0.11668611435239207,0.46674445740956827,2.2170361726954493,13.652275379229872,31.505250875145858,7.467911318553092,0.3500583430571762,27.18786464410735,100.0,82.3803967327888,22.0536756126021,14.7024504084014,16.102683780630105,3.500583430571762,1.5169194865810969,4.550758459743291,15.869311551925321,15.169194865810969,0.46674445740956827,3.38389731621937,2.2170361726954493,4.900816802800467,95.09918319719954,54.4924154025671,76.4294049008168,72.46207701283548,32.55542590431739,29.638273045507585,37.22287047841307,15.402567094515753,10.501750291715286,1.4002333722287048,70.36172695449241,88.2147024504084,88.098016336056,14.352392065344224,68.49474912485414,25.787631271878645,3.38389731621937,36.05600933488915,14.7024504084014,3.8506417736289382,1.5169194865810969,13.53558926487748,12.791702679343128,2.4679112,857,2.4679112,857,1.4978753,1412.0,0.9441964,2240.0
020306,488,55.73770491803279,19.672131147540984,10.245901639344263,4.713114754098361,0.20491803278688525,40.16393442622951,19.057377049180328,40.778688524590166,42.00819672131148,35.450819672131146,6.557377049180328,57.99180327868852,21.10655737704918,2.2540983606557377,17.418032786885245,0.819672131147541,71.31147540983606,65.98360655737704,2.2540983606557377,0.20491803278688525,28.688524590163933,0.0,85.65573770491804,9.221311475409836,86.27049180327869,3.6885245901639343,64.75409836065573,19.4672131147541,0.4098360655737705,19.057377049180328,58.60655737704918,10.860655737704919,8.401639344262295,92.21311475409836,2.6639344262295084,0.4098360655737705,2.8688524590163933,0.819672131147541,29.508196721311474,64.75409836065573,0.20491803278688525,0.0,85.24590163934427,2.8688524590163933,1.8442622950819672,6.557377049180328,56.967213114754095,32.377049180327866,2.459016393442623,0.6147540983606558,50.81967213114754,100.0,64.54918032786885,10.655737704918034,14.344262295081966,41.59836065573771,8.811475409836065,0.819672131147541,4.508196721311475,11.065573770491802,35.65573770491803,2.0491803278688523,0.0,1.4344262295081966,5.737704918032787,94.26229508196721,19.4672131147541,65.57377049180327,30.942622950819672,5.737704918032787,17.008196721311474,54.91803278688525,9.221311475409836,8.19672131147541,0.4098360655737705,47.131147540983605,70.49180327868852,70.49180327868852,1.4344262295081966,46.31147540983606,1.639344262295082,1.0245901639344261,6.352459016393443,2.0491803278688523,1.639344262295082,0.819672131147541,1.4344262295081966,0.8048289738430584,3.637295,488,3.637295,488,2.5988288,683.0,1.9634956,904.0
020601,1792,79.79910714285714,7.366071428571429,1.171875,0.27901785714285715,0.05580357142857143,68.75,17.633928571428573,13.616071428571429,85.9375,73.10267857142857,12.834821428571429,14.0625,69.25223214285714,2.0089285714285716,10.267857142857142,3.794642857142857,91.62946428571429,91.12723214285714,0.22321428571428573,0.11160714285714286,8.370535714285714,0.0,86.71875,9.430803571428571,86.99776785714286,3.3482142857142856,81.91964285714286,88.56026785714286,62.611607142857146,25.948660714285715,8.537946428571429,1.0602678571428572,0.6696428571428571,82.03125,10.825892857142858,1.2276785714285714,4.073660714285714,0.5580357142857143,61.27232142857143,32.421875,1.7857142857142858,0.27901785714285715,88.39285714285714,3.125,4.966517857142857,0.390625,18.136160714285715,44.810267857142854,9.542410714285714,0.27901785714285715,30.022321428571427,100.0,72.76785714285714,13.002232142857142,23.102678571428573,19.029017857142858,3.0691964285714284,1.4508928571428572,3.7388392857142856,12.5,10.100446428571429,2.9575892857142856,1.6183035714285714,3.404017857142857,2.5669642857142856,97.43303571428571,61.830357142857146,67.68973214285714,70.20089285714286,24.553571428571427,28.683035714285715,18.861607142857142,5.46875,5.859375,1.2834821428571428,71.59598214285714,88.11383928571429,88.00223214285714,19.419642857142858,66.85267857142857,17.299107142857142,3.1808035714285716,48.270089285714285,9.821428571428571,2.3995535714285716,1.0602678571428572,12.053571428571429,2.8183716075156577,2.1768973,1792,2.1768973,1792,1.1582541,3368.0,0.81186265,4805.0
020602,1505,89.2358803986711,5.847176079734219,0.9966777408637874,0.7308970099667774,0.132890365448505,77.14285714285714,14.485049833887043,8.372093023255815,93.22259136212625,67.24252491694352,25.980066445182725,6.777408637873754,66.44518272425249,6.112956810631229,18.6046511627907,1.3953488372093024,97.54152823920266,96.41196013289037,0.0,0.9302325581395349,2.4584717607973423,8.438538205980066,85.98006644518273,0.46511627906976744,94.5514950166113,4.78405315614618,74.08637873754152,72.35880398671097,55.348837209302324,17.00996677740864,7.2425249169435215,0.26578073089701,18.737541528239202,62.12624584717608,25.11627906976744,3.654485049833887,4.651162790697675,2.524916943521595,82.79069767441861,12.0265780730897,3.4551495016611296,0.0664451827242525,86.17940199335548,6.046511627906977,5.913621262458472,0.39867109634551495,7.176079734219269,72.29235880398672,18.07308970099668,0.7308970099667774,38.47176079734219,100.0,71.16279069767442,25.04983388704319,17.27574750830565,23.588039867109636,4.385382059800665,3.255813953488372,6.445182724252492,13.222591362126245,18.87043189368771,0.46511627906976744,0.9302325581395349,1.2624584717607974,1.3289036544850499,98.67109634551495,51.561461794019934,58.006644518272424,76.0797342192691,26.578073089700997,29.700996677740864,22.059800664451828,18.272425249169434,6.578073089700997,1.5282392026578073,80.0,90.23255813953489,90.16611295681064,21.727574750830566,75.01661129568106,44.71760797342193,2.39202657807309,70.8970099667774,14.817275747508306,3.1893687707641196,5.847176079734219,26.37873754152824,5.072046109510087,2.972093,1505,2.972093,1505,1.6771654,2667.0,1.3261192,3373.0
020606,893,36.61814109742441,4.591265397536394,1.1198208286674132,0.7838745800671892,0.4479283314669653,58.56662933930571,29.451287793952968,11.98208286674132,87.01007838745801,64.501679731243,22.508398656215007,12.989921612541993,35.83426651735722,7.278835386338186,37.402015677491605,5.2631578947368425,94.2889137737962,92.27323628219484,0.11198208286674133,0.11198208286674133,5.711086226203808,0.0,88.46584546472565,5.487122060470325,88.57782754759239,5.711086226203808,75.13997760358343,60.806270996640535,50.05599104143337,10.750279955207168,10.862262038073908,0.671892497200448,23.96416573348264,59.798432250839866,20.38073908174692,4.143337066069429,8.622620380739082,4.8152295632698765,54.423292273236285,31.802911534154536,8.3986562150056,0.11198208286674133,91.15341545352743,5.711086226203808,1.9036954087346025,0.11198208286674133,11.534154535274356,72.56438969764838,14.109742441209406,0.22396416573348266,39.64165733482643,100.0,72.11646136618141,29.227323628219484,15.565509518477043,13.325867861142218,2.2396416573348263,0.7838745800671892,6.270996640537514,12.541993281075028,14.557670772676373,5.375139977603584,35.498320268757,0.335946248600224,36.28219484882419,63.71780515117581,31.914893617021278,54.087346024636055,70.996640537514,22.620380739081746,24.860022396416575,29.67525195968645,21.500559910414335,4.591265397536394,0.8958566629339306,72.56438969764838,87.01007838745801,87.01007838745801,14.557670772676373,69.6528555431131,32.474804031354985,2.463605823068309,64.61366181410975,13.997760358342665,2.3516237402015676,4.143337066069429,22.396416573348265,7.433628318584071,2.5240762,893,2.5240762,893,1.6227502,1389.0,1.2079314,1866.0
020607,3465,84.41558441558442,9.090909090909092,1.240981240981241,0.6637806637806638,0.02886002886002886,61.500721500721504,27.243867243867243,11.255411255411255,93.96825396825396,57.74891774891775,36.21933621933622,6.031746031746032,67.3015873015873,3.088023088023088,18.93217893217893,4.242424242424242,99.04761904761905,97.69119769119769,0.08658008658008658,0.9812409812409812,0.9523809523809523,0.11544011544011544,94.60317460317461,1.2121212121212122,94.8051948051948,3.924963924963925,73.50649350649351,77.57575757575758,63.83838383838384,13.737373737373737,14.1991341991342,1.443001443001443,6.031746031746032,58.73015873015873,29.783549783549784,1.5295815295815296,5.714285714285714,3.54978354978355,75.2958152958153,11.601731601731602,10.966810966810966,0.1443001443001443,91.8903318903319,2.1067821067821066,4.8773448773448775,0.37518037518037517,9.033189033189034,73.21789321789322,16.161616161616163,0.2597402597402597,45.94516594516595,100.0,56.96969696969697,31.515151515151516,15.815295815295816,16.21933621933622,5.800865800865801,0.6060606060606061,3.665223665223665,9.235209235209235,19.538239538239537,1.5295815295815296,1.240981240981241,1.240981240981241,1.847041847041847,98.15295815295815,42.22222222222222,50.01443001443001,74.08369408369408,23.001443001443,37.97979797979798,22.71284271284271,35.295815295815295,3.492063492063492,1.673881673881674,74.57431457431457,89.26406926406926,89.06204906204906,4.06926406926407,73.41991341991341,44.15584415584416,3.29004329004329,67.18614718614718,11.082251082251082,3.867243867243867,3.29004329004329,18.903318903318905,4.781704781704781,2.9168832,3465,2.9168832,3465,1.8003206,5614.0,1.35993,7432.0
020608,935,70.9090909090909,16.25668449197861,1.2834224598930482,1.0695187165775402,0.6417112299465241,44.17112299465241,32.72727272727273,23.101604278074866,89.0909090909091,67.16577540106952,21.925133689839573,10.909090909090908,16.470588235294116,6.737967914438503,61.283422459893046,3.5294117647058822,92.83422459893048,90.37433155080214,0.5347593582887701,1.6042780748663101,7.165775401069519,0.10695187165775401,95.40106951871658,2.8877005347593583,95.61497326203208,1.3903743315508021,79.25133689839572,5.561497326203209,2.4598930481283423,3.1016042780748663,58.07486631016043,3.5294117647058822,30.16042780748663,68.34224598930481,23.529411764705884,1.0695187165775402,5.561497326203209,1.2834224598930482,56.149732620320854,1.4973262032085561,39.35828877005348,0.21390374331550802,92.51336898395722,1.0695187165775402,4.491978609625669,0.5347593582887701,22.887700534759357,60.53475935828877,13.04812834224599,0.7486631016042781,37.86096256684492,100.0,33.04812834224599,16.363636363636363,23.850267379679146,30.90909090909091,9.411764705882353,0.7486631016042781,4.705882352941177,10.909090909090908,17.647058823529413,3.8502673796791442,1.7112299465240641,4.705882352941177,2.5668449197860963,97.43315508021391,17.112299465240643,47.9144385026738,69.94652406417113,17.219251336898395,41.49732620320856,20.855614973262032,31.122994652406415,5.775401069518717,6.8449197860962565,64.49197860962566,84.06417112299465,83.85026737967914,8.02139037433155,63.20855614973262,32.29946524064171,2.5668449197860963,56.898395721925134,6.8449197860962565,3.2085561497326203,4.278074866310161,12.29946524064171,3.225806451612903,3.1122994,935,3.1122994,935,1.6695353,1743.0,1.3072777,2226.0
020701,1835,75.42234332425068,13.732970027247957,0.5994550408719346,0.10899182561307902,0.16348773841961853,54.71389645776567,23.160762942779293,22.12534059945504,79.1825613079019,65.66757493188011,13.514986376021799,20.817438692098094,52.69754768392371,4.141689373297003,20.0,1.6893732970027249,95.80381471389646,94.55040871934605,0.21798365122615804,0.32697547683923706,4.1961852861035425,0.32697547683923706,89.26430517711172,8.392370572207085,89.86376021798365,1.7438692098092643,81.85286103542235,91.66212534059946,78.96457765667574,12.697547683923705,6.866485013623978,0.2724795640326976,0.7629427792915532,70.51771117166213,19.019073569482288,0.3814713896457766,8.555858310626704,0.7084468664850136,47.356948228882835,51.771117166212534,0.05449591280653951,0.0,96.07629427792915,1.3079019073569482,1.9073569482288828,0.10899182561307902,19.78201634877384,61.08991825613079,16.62125340599455,0.5449591280653951,32.26158038147139,100.0,81.7983651226158,25.831062670299726,16.40326975476839,21.852861035422343,4.577656675749319,1.0354223433242506,6.539509536784741,9.209809264305177,15.5858310626703,0.16348773841961853,0.3814713896457766,8.501362397820163,1.0354223433242506,98.96457765667574,45.776566757493185,55.3133514986376,66.15803814713897,24.35967302452316,24.35967302452316,18.365122615803816,40.381471389645775,7.4114441416893735,0.9809264305177112,68.61035422343325,86.15803814713897,85.9400544959128,1.5803814713896458,68.11989100817439,28.010899182561307,2.1798365122615806,58.80108991825613,8.719346049046322,1.4168937329700273,1.6893732970027249,13.678474114441418,7.162162162162162,2.8485014,1835,2.8485014,1835,1.6177654,3231.0,1.1746068,4450.0
020801,32953,86.12265954541317,4.95554274269414,3.8691469668922402,1.6720784147118624,0.23670075562164294,70.49130579916852,17.30950141110066,12.199192789730828,84.52037750735897,77.26458896003399,7.255788547324978,15.479622492641035,57.585045367644824,7.0524686674961305,19.087791703335053,0.11531575273874912,91.68512730252178,90.31347676994507,0.33684338300003036,0.33684338300003036,8.314872697478227,37.49279276545383,57.964373501653874,1.2775771553424575,95.64531302157619,2.837374442387643,86.62033805723303,89.9705641368009,71.98434133462811,17.98622280217279,3.996601219919279,0.4400206354504901,4.37289472885625,78.88507874852063,10.633326252541499,1.056049525081176,7.944648438685401,0.3580857585045368,87.69459533274664,9.641003853973842,0.021242375504506417,0.0030346250720723455,89.18459624313417,2.5521196856128427,5.204381998604072,0.10317725245045975,10.533183625163112,69.1196552665918,6.199739022243802,0.31863563256759625,28.416229174885444,100.0,75.73817254878159,26.738081510029435,20.058871726398202,18.505143689497164,1.2259885291172277,2.2516918034776805,5.69295663520772,9.838254483658543,13.291657815676873,0.2882893818468728,0.05765787636937456,1.6022820380541984,2.4914271841713957,97.5085728158286,58.86262252298729,75.6167875458987,80.50253391193517,34.39140594179589,28.959427062786393,47.00634236640063,6.463751403514096,15.130640609352714,0.816314144387461,76.92167632688981,91.66691955208934,91.54553454920645,31.81500925560647,67.97863623949262,10.017297362910812,3.820592965739083,39.65648044184141,12.51175917215428,3.5687190847570784,0.8861105210451249,16.72988802233484,9.338530649109881,2.714017,32953,2.714017,32953,1.5182406,58907.0,1.0751079,83187.0
020804,1503,89.48769128409847,5.2561543579507655,2.1290751829673984,0.7318695941450433,0.0,79.1084497671324,12.574850299401197,8.316699933466401,84.49767132401863,69.9268130405855,14.570858283433134,15.50232867598137,72.78775781769794,1.7964071856287425,9.647371922821025,0.0665335994677312,97.53825681969394,96.8063872255489,0.2661343978709248,0.0665335994677312,2.4617431803060548,25.016633399866933,72.12242182302063,0.7318695941450433,97.2055888223553,2.062541583499667,89.88689288090485,90.21956087824351,75.44910179640719,14.770459081836327,6.65335994677312,0.2661343978709248,2.528276779773786,73.38656021290751,13.905522288755822,0.6653359946773121,10.046573519627412,0.7984031936127745,90.01996007984032,8.383233532934131,0.0,0.0,75.18296739853626,6.586826347305389,16.96606786427146,0.1330671989354624,6.719893546240852,66.13439787092481,8.516300731869594,0.33266799733865604,25.41583499667332,100.0,79.37458416500333,43.24683965402528,16.43379906852961,15.169660678642714,2.7278775781769795,2.328675981370592,4.723885562208915,11.443779108449768,15.036593479707252,0.2661343978709248,0.1330671989354624,1.264138389886893,1.5302727877578177,98.46972721224218,61.543579507651366,71.72322022621424,80.1729873586161,27.278775781769795,44.11177644710579,59.08183632734531,14.836992681304059,10.711909514304724,6.254158349966733,74.91683300066533,91.61676646706587,91.55023286759814,17.764471057884233,71.45708582834331,18.89554224883566,2.395209580838323,33.06719893546241,10.645375914836993,4.324683965402528,1.264138389886893,13.572854291417165,10.221285563751318,3.19827,1503,3.19827,1503,1.6575862,2900.0,1.1857425,4054.0
020903,444,79.27927927927928,9.00900900900901,2.2522522522522523,1.3513513513513513,0.45045045045045046,61.93693693693694,20.72072072072072,17.34234234234234,54.95495495495496,49.0990990990991,5.8558558558558556,45.04504504504504,50.67567567567568,2.4774774774774775,1.8018018018018018,0.0,86.26126126126127,81.98198198198199,1.5765765765765767,1.5765765765765767,13.73873873873874,1.1261261261261262,71.62162162162163,23.873873873873872,73.1981981981982,2.4774774774774775,75.22522522522523,75.45045045045045,2.7027027027027026,72.74774774774775,13.73873873873874,1.1261261261261262,8.783783783783784,93.01801801801801,3.1531531531531534,0.6756756756756757,1.5765765765765767,0.0,25.9009009009009,72.07207207207207,0.22522522522522523,0.22522522522522523,83.10810810810811,2.027027027027027,0.9009009009009009,12.612612612612613,44.5945945945946,42.11711711711712,4.504504504504505,0.0,32.432432432432435,100.0,76.57657657657657,20.045045045045047,13.513513513513514,51.8018018018018,4.054054054054054,1.5765765765765767,7.882882882882883,12.837837837837839,44.14414414414414,5.63063063063063,2.4774774774774775,1.8018018018018018,3.828828828828829,96.17117117117117,47.747747747747745,61.26126126126126,47.52252252252252,11.711711711711711,19.81981981981982,22.07207207207207,4.72972972972973,5.63063063063063,3.828828828828829,51.126126126126124,77.92792792792793,76.57657657657657,2.9279279279279278,49.0990990990991,5.8558558558558556,3.3783783783783785,22.2972972972973,5.18018018018018,2.7027027027027026,2.027027027027027,2.4774774774774775,3.411513859275053,4.8693695,444,4.8693695,444,2.961644,730.0,2.0788462,1040.0
021002,1610,83.1055900621118,9.627329192546584,0.9316770186335404,0.37267080745341613,0.062111801242236024,71.30434782608695,14.099378881987578,14.596273291925465,76.64596273291926,67.70186335403727,8.944099378881987,23.354037267080745,71.49068322981367,0.7453416149068323,2.298136645962733,1.8633540372670807,95.21739130434783,94.6583850931677,0.12422360248447205,0.0,4.782608695652174,0.43478260869565216,88.50931677018633,8.385093167701863,89.00621118012423,2.422360248447205,78.57142857142857,90.1863354037267,56.33540372670807,33.850931677018636,3.4782608695652173,0.8074534161490683,4.720496894409938,75.46583850931677,14.037267080745341,0.9937888198757764,6.583850931677019,1.3664596273291925,48.94409937888199,48.50931677018634,0.062111801242236024,0.062111801242236024,92.36024844720497,1.7391304347826086,3.6024844720496896,0.8695652173913043,12.173913043478262,57.08074534161491,7.763975155279503,0.2484472049689441,28.819875776397517,100.0,79.37888198757764,16.70807453416149,19.37888198757764,21.490683229813666,3.7888198757763973,1.2422360248447204,8.385093167701863,11.925465838509316,16.459627329192546,1.6770186335403727,1.5527950310559007,0.6832298136645962,2.1739130434782608,97.82608695652173,63.850931677018636,57.701863354037265,77.0807453416149,20.062111801242235,28.198757763975156,22.17391304347826,14.037267080745341,5.900621118012422,0.8695652173913043,62.98136645962733,85.27950310559007,85.09316770186335,9.68944099378882,60.0,15.714285714285714,3.540372670807453,37.88819875776397,8.385093167701863,2.732919254658385,0.6211180124223602,10.683229813664596,4.718417047184171,2.7590063,1610,2.7590063,1610,1.6111716,2757.0,1.097061,4049.0
021003,706,83.28611898016997,10.48158640226629,0.9915014164305949,0.141643059490085,0.0,34.844192634560905,53.39943342776204,11.756373937677054,64.02266288951841,38.10198300283286,25.92067988668555,35.977337110481585,7.790368271954674,4.390934844192635,50.991501416430594,0.28328611898017,99.43342776203966,99.0084985835694,0.28328611898017,0.141643059490085,0.56657223796034,0.28328611898017,93.20113314447592,4.2492917847025495,93.62606232294617,2.1246458923512748,69.26345609065156,63.88101983002833,54.107648725212464,9.773371104815864,29.60339943342776,1.274787535410765,4.53257790368272,56.373937677053824,32.861189801699716,0.9915014164305949,7.648725212464589,1.274787535410765,73.22946175637394,25.637393767705383,0.28328611898017,0.0,91.21813031161473,1.4164305949008498,6.515580736543909,0.141643059490085,16.14730878186969,55.80736543909349,22.237960339943342,0.141643059490085,51.8413597733711,100.0,71.24645892351275,34.844192634560905,19.405099150141645,14.589235127478753,3.68271954674221,0.42492917847025496,4.674220963172805,8.78186968838527,23.937677053824363,0.0,1.9830028328611897,1.13314447592068,2.8328611898016995,97.1671388101983,6.657223796033994,46.45892351274787,65.86402266288952,7.932011331444759,16.572237960339944,16.005665722379604,33.42776203966006,5.665722379603399,0.9915014164305949,52.69121813031161,82.01133144475921,81.86968838526913,6.373937677053824,49.57507082152974,28.328611898016998,2.407932011331445,50.42492917847026,4.390934844192635,1.4164305949008498,1.274787535410765,5.09915014164306,2.37467018469657,2.9589236,706,2.9589236,706,2.0848303,1002.0,1.4900143,1402.0
021004,2222,35.238523852385235,58.325832583258325,0.54005400540054,0.135013501350135,0.18001800180018002,27.047704770477047,9.315931593159316,63.63636363636363,67.95679567956796,57.695769576957694,10.261026102610261,32.04320432043205,63.59135913591359,2.4752475247524752,0.8100810081008101,0.7200720072007201,98.64986498649866,97.7947794779478,0.31503150315031503,0.22502250225022502,1.3501350135013501,0.135013501350135,98.37983798379838,0.27002700270027,98.60486048604861,1.125112511251125,87.17371737173717,98.24482448244825,83.57335733573358,14.671467146714672,1.17011701170117,0.0,0.45004500450045004,77.72277227722772,2.6552655265526552,0.135013501350135,3.7353735373537353,8.730873087308732,55.98559855985599,42.439243924392436,0.49504950495049505,0.0,96.39963996399639,2.115211521152115,1.035103510351035,0.135013501350135,6.795679567956796,30.243024302430243,21.287128712871286,0.31503150315031503,19.666966696669668,100.0,87.30873087308731,33.39333933393339,20.477047704770477,13.681368136813681,0.7650765076507651,0.54005400540054,3.0603060306030603,10.981098109810981,13.321332133213321,0.135013501350135,0.18001800180018002,3.8253825382538253,0.7650765076507651,99.23492349234924,56.165616561656165,77.36273627362736,86.72367236723673,38.20882088208821,45.04950495049505,24.437443744374438,26.14761476147615,3.6453645364536453,1.6651665166516652,81.95319531953196,92.21422142214222,92.07920792079207,38.88388838883888,72.86228622862286,46.30963096309631,3.2853285328532853,58.46084608460846,22.05220522052205,6.705670567056706,1.08010801080108,50.04500450045005,7.323481116584565,2.7988298,2222,2.7988298,2222,1.6032482,3879.0,1.0702116,5811.0
021005,480,64.79166666666667,11.041666666666666,6.875,1.0416666666666667,0.0,36.458333333333336,37.291666666666664,26.25,43.958333333333336,35.0,8.958333333333334,56.041666666666664,35.208333333333336,1.6666666666666667,4.375,2.0833333333333335,80.20833333333333,78.54166666666667,0.8333333333333334,0.625,19.791666666666668,0.0,59.375,37.916666666666664,59.375,2.5,75.41666666666667,7.916666666666667,0.625,7.291666666666667,50.416666666666664,3.75,34.791666666666664,85.83333333333333,4.791666666666667,0.4166666666666667,4.791666666666667,0.4166666666666667,32.916666666666664,63.125,0.4166666666666667,0.20833333333333334,83.54166666666667,1.6666666666666667,0.20833333333333334,12.708333333333334,58.333333333333336,26.25,3.125,0.0,35.833333333333336,100.0,70.41666666666667,23.125,20.416666666666668,37.5,3.75,0.625,6.458333333333333,10.416666666666666,37.708333333333336,8.541666666666666,10.416666666666666,1.875,16.25,83.75,30.0,56.458333333333336,51.25,10.833333333333334,12.5,19.375,6.875,8.125,1.25,38.541666666666664,71.45833333333333,71.45833333333333,2.5,37.291666666666664,9.166666666666666,0.4166666666666667,8.75,1.25,0.8333333333333334,1.25,1.25,0.690846286701209,4.272917,480,4.272917,480,2.6740549,767.0,1.8577899,1104.0
021006,813,77.98277982779828,7.134071340713407,0.6150061500615006,0.0,0.0,69.37269372693727,19.68019680196802,10.947109471094711,86.83886838868389,73.18573185731857,13.653136531365314,13.161131611316113,72.07872078720787,4.182041820418204,8.487084870848708,0.6150061500615006,96.06396063960639,95.44895448954489,0.36900369003690037,0.12300123001230012,3.936039360393604,0.24600246002460024,83.88683886838868,13.776137761377614,84.25584255842558,1.845018450184502,80.44280442804428,84.99384993849938,17.83517835178352,67.15867158671587,10.578105781057811,1.1070110701107012,2.2140221402214024,76.87576875768758,13.530135301353013,0.4920049200492005,5.289052890528906,1.845018450184502,61.99261992619926,34.686346863468636,0.984009840098401,0.24600246002460024,91.88191881918819,1.5990159901599017,3.4440344403444034,1.2300123001230012,18.696186961869618,46.125461254612546,25.461254612546124,0.24600246002460024,28.167281672816728,100.0,79.82779827798278,34.809348093480935,17.83517835178352,32.47232472324723,5.781057810578106,1.4760147601476015,9.102091020910208,8.118081180811808,30.13530135301353,1.7220172201722017,0.984009840098401,1.845018450184502,1.5990159901599017,98.4009840098401,63.22263222632226,74.90774907749078,76.62976629766298,11.931119311193111,25.092250922509226,31.61131611316113,37.638376383763834,6.273062730627307,1.3530135301353015,57.810578105781055,78.72078720787208,77.98277982779828,8.85608856088561,54.858548585485856,9.96309963099631,3.8130381303813037,46.86346863468635,4.428044280442805,2.5830258302583027,1.4760147601476015,7.995079950799508,0.601684717208183,4.306273,813,4.306273,813,2.3655405,1480.0,1.760181,1989.0
021101,1081,88.71415356151711,5.827937095282146,1.0175763182238668,0.3700277520814061,0.0,79.09343200740055,12.303422756706754,8.603145235892692,92.78445883441258,71.60037002775208,21.1840888066605,7.215541165587419,79.09343200740055,2.590194264569843,9.620721554116558,1.1100832562442182,98.33487511563368,97.22479185938946,0.0,1.0175763182238668,1.6651248843663276,0.09250693802035152,92.41443108233118,2.682701202590194,93.15448658649399,3.9777983348751156,77.33580018501388,85.19888991674375,61.05457909343201,24.14431082331175,9.158186864014802,1.4801110083256244,2.127659574468085,57.4468085106383,30.527289546716005,3.515263644773358,4.810360777058279,1.6651248843663276,70.0277520814061,27.382053654024052,0.7400555041628122,0.09250693802035152,85.93894542090656,5.087881591119334,7.585568917668825,0.0,7.030527289546716,46.901017576318225,35.985198889916745,0.7400555041628122,39.59296947271045,100.0,85.47641073080482,23.496762257169287,18.038852913968547,14.616096207215541,2.0351526364477337,5.642923219241443,7.030527289546716,13.135985198889916,12.303422756706754,0.7400555041628122,1.0175763182238668,0.09250693802035152,1.6651248843663276,98.33487511563368,61.79463459759482,73.26549491211841,76.68825161887142,30.434782608695652,26.179463459759482,17.853839037927845,8.51063829787234,6.845513413506013,1.0175763182238668,71.50786308973173,89.36170212765957,89.26919518963922,22.664199814986123,65.86493987049029,50.786308973172986,2.497687326549491,68.54764107308048,15.448658649398705,2.775208140610546,1.8501387604070305,18.408880666049953,5.316091954022989,2.3246994,1081,2.3246994,1081,1.4459149,1738.0,1.0639288,2362.0
021102,1372,77.84256559766764,4.956268221574344,1.530612244897959,0.7288629737609329,0.0,65.45189504373178,22.886297376093296,11.661807580174926,89.35860058309038,75.21865889212827,14.139941690962099,10.641399416909621,62.09912536443149,5.466472303206997,21.355685131195337,0.0728862973760933,93.65889212827989,92.78425655976676,0.21865889212827988,0.43731778425655976,6.341107871720117,0.1457725947521866,89.43148688046647,7.871720116618076,90.01457725947522,2.1137026239067054,79.00874635568513,88.0466472303207,71.93877551020408,16.107871720116616,6.2682215743440235,2.4052478134110786,1.3848396501457727,71.50145772594752,18.658892128279884,2.1137026239067054,3.6443148688046647,1.239067055393586,68.65889212827989,25.801749271137027,1.3119533527696794,1.1661807580174928,80.10204081632654,4.227405247813411,11.588921282798834,1.3119533527696794,13.848396501457726,56.85131195335277,23.104956268221574,0.36443148688046645,36.9533527696793,100.0,73.76093294460641,12.973760932944606,20.262390670553938,14.212827988338192,2.259475218658892,3.498542274052478,11.73469387755102,12.973760932944606,10.058309037900875,2.8425655976676385,4.081632653061225,4.154518950437318,4.88338192419825,95.11661807580175,56.41399416909621,69.02332361516035,70.84548104956268,18.58600583090379,30.53935860058309,17.49271137026239,14.285714285714286,3.5714285714285716,1.3119533527696794,63.33819241982507,86.00583090379008,85.932944606414,8.965014577259476,60.49562682215743,42.201166180758015,1.8221574344023324,60.204081632653065,9.475218658892128,1.3848396501457727,0.9475218658892128,14.358600583090379,7.8056768558951966,1.9825073,1372,1.9825073,1372,1.2067436,2254.0,0.8794051,3093.0
021104,2994,69.63927855711422,7.381429525718103,5.177020708082832,4.3754175016700065,0.7682030728122913,40.247160988643955,34.30193720774883,25.450901803607213,76.18570474281897,62.99265197060788,13.19305277221109,23.81429525718103,31.32932531730127,8.817635270541082,34.76953907815631,0.16700066800267202,82.99933199732799,81.52972611890448,0.20040080160320642,0.23380093520374082,17.00066800267201,0.20040080160320642,84.10153640614563,10.654642618570474,84.33533734134936,4.976619906479626,68.13627254509018,48.69739478957916,37.909151636606545,10.788243152972612,44.72277889111557,2.9726118904475616,1.6032064128256514,78.08951235804943,13.026052104208416,0.7014028056112225,6.847027388109552,0.5344021376085505,72.21108884435537,2.2712090848363395,20.47428189712759,1.402805611222445,93.11957247828991,0.7682030728122913,2.0374081496325984,1.6366065464261856,26.452905811623246,60.25384101536406,10.855043420173681,0.30060120240480964,39.97995991983968,100.0,47.127588510354045,18.403473613894455,19.03807615230461,19.238476953907817,5.410821643286573,1.068804275217101,6.847027388109552,8.11623246492986,13.527054108216433,8.11623246492986,0.43420173680694724,13.326653306613226,2.004008016032064,97.99599198396794,31.56312625250501,54.408817635270545,62.45824983299933,24.34869739478958,34.63593854375417,21.977287909151638,37.24114896459586,12.090848363393453,1.5698062792251168,74.71609886439546,90.54776219104876,90.54776219104876,5.410821643286573,73.74749498997996,15.898463593854375,2.839011356045424,54.809619238476955,5.344021376085505,2.2712090848363395,2.0374081496325984,11.4562458249833,4.207995190862639,2.5290582,2994,2.5290582,2994,1.4722924,5143.0,1.1234422,6740.0
021105,1297,80.03084040092521,12.02775636083269,0.6168080185042406,0.3084040092521203,0.07710100231303008,64.91904394757132,19.7378565921357,15.343099460292985,92.36700077101003,55.8982266769468,36.46877409406322,7.632999228989977,82.26676946800309,2.158828064764842,7.093292212798766,0.4626060138781804,97.60986892829607,95.75944487278335,0.07710100231303008,1.5420200462606013,2.3901310717039324,0.0,92.98380878951427,1.6191210485736314,93.0609097918273,5.242868157286045,72.5520431765613,93.44641480339244,74.55666923670007,18.889745566692365,4.317656129529684,0.6939090208172706,1.1565150346954511,61.141094834232845,30.454895913646876,1.9275250578257517,2.8527370855821124,3.0069390902081725,80.72474942174249,14.186584425597532,1.3107170393215113,0.07710100231303008,79.02852737085583,5.319969159599075,14.186584425597532,0.2313030069390902,9.86892829606785,66.1526599845798,16.499614494988435,0.3855050115651503,40.632228218966844,100.0,73.0917501927525,15.574402467232074,21.04857363145721,16.345412490362374,3.315343099460293,3.9321511179645334,4.857363145720894,10.71703932151118,12.02775636083269,1.8504240555127216,4.009252120277564,1.3107170393215113,4.394757131842714,95.60524286815729,49.34464148033924,58.75096376252891,69.39090208172706,24.518118735543563,38.781804163454126,17.733230531996917,14.726291441788744,5.088666152659985,1.7733230531996915,75.79028527370856,88.82035466461063,88.43484965304549,23.515805705474172,69.93060909791828,39.55281418658443,3.700848111025443,58.67386276021588,5.319969159599075,4.548959136468774,3.623747108712413,12.02775636083269,5.625764370158989,2.1881266,1297,2.1881266,1297,1.2344497,2299.0,0.8981013,3160.0
021201,7346,57.146746528723114,18.74489518105091,6.139395589436428,4.0430166076776475,4.6555948815682004,37.55785461475633,24.013068336509665,38.42907704873401,53.26708412741628,50.24503130955622,3.02205281786006,46.73291587258372,13.694527634086578,4.968690443778927,32.83419548053362,0.21780560849441874,73.71358562482983,70.37843724475906,1.0209637898175878,0.38115981486523276,26.28641437517016,1.0754151919411925,87.50340321263272,5.58126871766948,88.72855976041383,5.050367546964335,73.45494146474272,61.80234141029131,30.765042199836646,31.03729921045467,24.448679553498504,3.090117070514566,8.276613122787913,90.36210182412196,4.219983664579363,0.24503130955622107,3.920500952899537,0.09528995371630819,85.29812142662674,9.052545603049278,0.09528995371630819,0.027225701061802342,89.91287775660223,1.1843179961884018,3.1990198747617753,0.6942553770759597,27.497958072420364,60.94473182684454,1.9738633269806698,0.17696705690171521,47.10046283691805,100.0,63.57201197930847,19.466376259188674,19.602504764497684,11.094473182684455,0.7895453307922679,0.9392866866321807,4.88701334059352,7.024230873945004,17.301933024775387,1.1707051456575006,1.197930846719303,6.193846991560033,7.949904710046284,92.05009528995372,17.751157092295127,63.830656139395586,56.22107269262184,14.52491151647155,21.31772393139123,32.77974407841002,6.289136945276341,11.475632997549686,0.6125782738905526,59.55622107269262,84.78083310645249,84.72638170432889,8.426354478627825,56.901715219166896,4.873400490062619,2.2597331881295943,13.885107541519194,2.9131500136128508,1.6471549142390416,0.6942553770759597,3.090117070514566,8.315026362038664,2.1512387,7346,2.1512387,7346,1.5925627,9923.0,1.1054142,14296.0
021202,4394,78.92580791989076,10.58261265361857,2.6172052799271732,0.9558488848429677,0.3186162949476559,60.810195721438326,19.253527537551207,19.93627674101047,77.60582612653619,70.71005917159763,6.895766954938552,22.394173873463814,58.96677287209832,3.5502958579881656,14.633591260810196,0.04551661356395084,84.34228493400092,82.02093764223942,0.5006827492034592,0.3413746017296313,15.65771506599909,0.6144742831133364,91.28356850250341,2.480655439235321,92.10286754665452,5.188893946290396,74.55621301775147,77.10514337733272,54.460628129267185,22.644515248065545,8.079198907601274,0.9786071916249431,11.265361857077833,82.15748748293127,9.626763768775604,0.9103322712790168,5.9171597633136095,0.15930814747382796,92.37596722803823,2.8447883477469276,0.09103322712790168,0.0,89.30359581247156,0.8875739644970414,4.915794264906691,0.2275830678197542,18.22940373236231,70.2776513427401,3.891670459717797,0.36413290851160673,41.511151570323165,100.0,67.72872098315885,25.603095129722348,19.48111060537096,16.226672735548476,0.7510241238051889,1.1606736458807465,4.710969503868912,7.077833409194356,16.886663632225762,0.7737824305871643,0.1137915339098771,2.8447883477469276,2.0937642239417387,97.90623577605827,57.19162494310423,72.62175694128356,72.12107419208012,25.011379153390987,27.696859353664088,41.670459717796994,5.211652253072371,11.697769685935366,0.7965407373691398,75.8306781975421,89.71324533454711,89.69048702776513,21.096950386891216,69.77696859353664,5.621301775147929,1.5930814747382795,28.561675011379155,8.534365043240783,2.4123805188893948,0.6599908966772872,10.628129267182521,8.793264733395697,2.4883933,4394,2.4883933,4394,1.6642313,6570.0,1.220585,8958.0
021203,1015,78.81773399014779,10.246305418719212,6.403940886699507,3.5467980295566504,0.0,72.3152709359606,9.655172413793103,18.029556650246306,89.75369458128078,84.23645320197045,5.517241379310345,10.246305418719212,84.03940886699507,1.9704433497536946,3.3497536945812807,0.0,92.21674876847291,91.13300492610837,0.6896551724137931,0.19704433497536947,7.783251231527093,0.19704433497536947,96.45320197044335,1.083743842364532,96.7487684729064,2.0689655172413794,92.9064039408867,95.36945812807882,71.03448275862068,24.334975369458128,2.857142857142857,0.49261083743842365,1.1822660098522169,92.01970443349754,2.857142857142857,0.2955665024630542,3.5467980295566504,0.39408866995073893,75.17241379310344,24.137931034482758,0.09852216748768473,0.0,81.08374384236453,4.532019704433497,12.413793103448276,0.39408866995073893,10.443349753694582,61.2807881773399,11.527093596059114,0.19704433497536947,17.733990147783253,100.0,82.36453201970443,36.354679802955665,16.945812807881772,17.24137931034483,0.8866995073891626,2.955665024630542,5.911330049261084,15.862068965517242,9.064039408866995,0.09852216748768473,0.7881773399014779,0.5911330049261084,3.645320197044335,96.35467980295566,80.88669950738917,74.97536945812809,79.90147783251231,39.01477832512315,37.33990147783251,56.55172413793103,7.783251231527093,30.147783251231527,0.8866995073891626,64.92610837438424,87.98029556650246,87.98029556650246,26.00985221674877,58.029556650246306,17.438423645320196,2.7586206896551726,38.423645320197046,9.064039408866995,3.251231527093596,1.083743842364532,11.822660098522167,13.617886178861788,2.8472908,1015,2.8472908,1015,1.4173615,2039.0,0.9575878,3018.0
021301,3749,73.45958922379302,9.015737530008002,9.70925580154708,5.254734595892238,0.4267804747932782,51.293678314217125,26.48706321685783,22.219258468925048,55.05468124833289,49.453187516671115,5.601493731661776,44.94531875166711,36.19631901840491,4.054414510536143,13.336889837289943,0.7201920512136569,84.10242731395039,82.28861029607896,0.6668444918644972,0.4267804747932782,15.897572686049614,17.898106161643106,73.16617764737263,3.574286476393705,91.1176313683649,4.6412376633769,80.28807682048546,71.96585756201654,57.72205921579088,14.24379834622566,13.656975193384902,1.2536676447052548,11.576420378767672,91.59775940250734,3.8676980528140836,0.2934115764203788,2.7207255268071484,0.4534542544678581,63.96372365964257,32.40864230461457,0.026673779674579887,0.0,91.27767404641237,0.8002133902373967,2.907441984529208,2.2672712723392903,21.44571885836223,57.72205921579088,9.33582288610296,0.480128034142438,31.288343558282207,100.0,73.91304347826087,19.738596959189117,18.67164577220592,20.405441451053616,2.32061883168845,1.1469725260069352,7.388636969858629,10.482795412109896,16.29767938116831,1.0669511869831956,0.13336889837289945,1.947185916244332,5.014670578821019,94.98532942117897,36.00960256068285,64.68391571085623,66.07095225393438,23.126166977860763,28.967724726593758,43.34489197119232,12.403307548679647,27.607361963190183,1.3603627634035742,63.0034675913577,82.58202187249934,82.34195785542812,8.082155241397706,60.976260336089624,11.683115497465991,2.42731395038677,17.898106161643106,5.414777273939717,2.560682848759669,1.0136036276340357,5.201387036543078,5.146716348393107,2.5628169,3749,2.5628169,3749,1.5326208,6269.0,1.0209329,9411.0
021305,5100,74.52941176470588,12.803921568627452,4.666666666666667,2.4313725490196076,0.17647058823529413,51.96078431372549,25.0,23.03921568627451,77.0,69.62745098039215,7.372549019607843,23.0,47.11764705882353,3.7058823529411766,25.352941176470587,0.21568627450980393,88.92156862745098,87.43137254901961,0.43137254901960786,0.3137254901960784,11.07843137254902,29.313725490196077,64.70588235294117,2.372549019607843,94.19607843137256,3.196078431372549,83.72549019607843,87.0,72.70588235294117,14.294117647058824,7.176470588235294,0.6862745098039216,3.9607843137254903,84.23529411764706,7.078431372549019,0.7647058823529411,6.470588235294118,0.37254901960784315,63.90196078431372,34.15686274509804,0.0196078431372549,0.0196078431372549,89.11764705882354,2.0784313725490198,5.549019607843137,0.7058823529411765,19.019607843137255,64.84313725490196,7.431372549019608,0.37254901960784315,27.96078431372549,100.0,73.37254901960785,21.07843137254902,20.058823529411764,17.862745098039216,1.4509803921568627,1.3529411764705883,10.941176470588236,11.784313725490197,14.411764705882353,0.8235294117647058,0.09803921568627451,1.9803921568627452,2.5098039215686274,97.49019607843137,44.90196078431372,63.294117647058826,73.47058823529412,29.176470588235293,38.372549019607845,46.431372549019606,5.098039215686274,20.84313725490196,1.4313725490196079,68.27450980392157,87.68627450980392,87.50980392156863,24.627450980392158,61.05882352941177,9.627450980392156,3.0,24.84313725490196,7.03921568627451,3.9411764705882355,1.1568627450980393,11.607843137254902,9.382899628252789,2.51,5100,2.51,5100,1.4404186,8887.0,0.964948,13266.0
021306,2627,68.89988580129425,8.83136657784545,7.270650932622764,1.674914350970689,0.0,25.504377617053674,45.67948229920061,28.81614008374572,45.565283593452605,38.37076513132851,7.194518462124096,54.434716406547395,3.882755995432052,4.1872858774267225,32.280167491435094,0.8755234107346783,79.13970308336505,75.10468214693567,2.436239055957366,0.3806623524933384,20.860296916634944,0.1903311762466692,85.23030072325847,12.942519984773506,85.57289684050248,1.3703844689760183,79.10163684811572,19.299581271412258,16.44461362771222,2.854967643700038,73.12523791397031,2.131709173962695,4.720213170917396,94.63266082984393,0.7613247049866768,0.0,2.398172820708032,0.22839741149600304,46.25047582794062,48.80091358964599,0.11419870574800152,0.0,84.8115721355158,0.9135896459840122,2.436239055957366,10.20175104682147,32.813094784925774,59.725923106204796,1.1419870574800153,0.15226494099733537,32.88922725542444,100.0,75.142748382185,33.04149219642177,17.05367339170156,13.665778454510848,0.7613247049866768,0.15226494099733537,2.854967643700038,8.22230681385611,17.776931861438904,0.4567948229920061,6.166730110392082,2.931100114198706,11.762466692044157,88.23753330795584,6.623524933384088,78.60677578987438,64.21773886562619,15.911686334221546,39.09402360106586,43.54777312523792,24.210125618576324,9.440426341834792,1.1039208222306813,55.1199086410354,84.16444613627712,84.05024743052913,5.671869052150742,53.44499429006471,2.7027027027027026,2.360106585458698,14.541301865245527,2.4743052912067,2.0175104682146934,0.6090597639893415,2.3220403502093645,2.3255813953488373,2.8347926,2627,2.8347926,2627,1.7630209,4224.0,1.1119905,6697.0
021307,1004,77.09163346613546,6.374501992031872,8.466135458167331,6.274900398406374,0.099601593625498,46.51394422310757,40.537848605577686,12.94820717131474,73.70517928286853,54.581673306772906,19.12350597609562,26.294820717131476,9.760956175298805,7.47011952191235,54.28286852589641,0.6972111553784861,89.7410358565737,86.35458167330677,2.3904382470119523,0.099601593625498,10.258964143426295,0.398406374501992,90.2390438247012,6.573705179282869,90.83665338645419,2.3904382470119523,75.0,10.856573705179283,1.6932270916334662,9.163346613545817,71.81274900398407,3.4860557768924303,11.354581673306773,86.65338645418326,1.8924302788844622,0.199203187250996,7.569721115537849,0.896414342629482,49.800796812749006,47.211155378486055,0.29880478087649404,0.099601593625498,93.02788844621514,0.6972111553784861,1.6932270916334662,3.3864541832669324,27.290836653386453,57.569721115537845,2.2908366533864544,0.29880478087649404,35.2589641434263,100.0,70.91633466135458,29.382470119521912,16.13545816733068,32.17131474103586,1.9920318725099602,0.398406374501992,6.573705179282869,14.04382470119522,23.705179282868524,1.593625498007968,1.593625498007968,1.4940239043824701,3.8844621513944224,96.11553784860558,13.844621513944222,69.8207171314741,63.645418326693225,9.063745019920319,32.76892430278885,40.537848605577686,20.1195219123506,8.466135458167331,0.398406374501992,59.26294820717131,81.27490039840637,81.17529880478088,4.083665338645418,57.669322709163346,1.8924302788844622,1.294820717131474,7.768924302788845,0.796812749003984,0.9960159362549801,0.6972111553784861,1.9920318725099602,2.4500907441016335,3.6683266,1004,3.6683266,1004,2.176714,1692.0,1.5999131,2302.0
021401,1091,86.80109990834097,3.5747021081576533,1.2832263978001832,0.6416131989000916,0.18331805682859761,75.71035747021081,16.86526122823098,7.424381301558204,92.5756186984418,78.73510540788267,13.84051329055912,7.424381301558204,63.97800183318057,9.899175068744272,15.032080659945004,2.933088909257562,97.25022914757103,95.96700274977086,0.8249312557286893,0.09165902841429881,2.749770852428964,26.581118240146655,63.336388634280475,7.149404216315307,90.28414298808433,1.6498625114573786,82.12648945921173,78.55178735105407,28.68927589367553,49.86251145737855,11.45737855178735,3.666361136571952,2.6581118240146653,65.81118240146654,20.164986251145738,4.766269477543538,6.049495875343721,1.833180568285976,78.00183318056828,18.606782768102658,1.008249312557287,0.36663611365719523,84.7846012832264,2.933088909257562,10.082493125572869,0.6416131989000916,7.516040329972502,39.413382218148485,44.454628780934925,0.5499541704857929,31.255728689275895,100.0,82.12648945921173,23.464711274060495,16.773602199816683,17.048579285059578,3.391384051329056,9.25756186984418,10.540788267644363,11.915673693858846,11.915673693858846,2.016498625114574,1.5582034830430798,1.924839596700275,2.383134738771769,97.61686526122823,62.786434463794684,78.18515123739688,79.92667277726856,38.4967919340055,30.614115490375802,15.032080659945004,10.907424381301558,3.666361136571952,1.1915673693858846,75.98533455545372,91.9340054995417,91.8423464711274,32.26397800183318,68.9275893675527,40.60494958753437,2.1998166819431715,72.31897341888175,22.181484876260313,3.2080659945004584,1.924839596700275,27.406049495875344,5.679367361610352,2.4179652,1091,2.4179652,1091,1.384777,1905.0,1.0157875,2597.0
021402,1183,91.29332206255283,6.3398140321217245,0.591715976331361,0.08453085376162299,0.0,78.36010143702451,13.778529163144547,7.861369399830938,94.50549450549451,69.90701606086222,24.598478444632292,5.4945054945054945,87.65849535080304,1.8596787827557058,3.3812341504649197,1.4370245139475908,98.47844463229079,97.63313609467455,0.16906170752324598,0.16906170752324598,1.521555367709214,0.33812341504649196,92.89940828402366,4.902789518174133,93.32206255283178,1.7751479289940828,80.81149619611158,91.12426035502959,74.38715131022823,16.737109044801354,4.311073541842773,1.183431952662722,1.6906170752324599,68.21639898562975,21.808960270498734,1.267962806424345,6.001690617075233,1.7751479289940828,67.87827557058327,30.684699915469146,0.16906170752324598,0.25359256128486896,91.03972950126796,1.7751479289940828,5.9171597633136095,0.08453085376162299,7.354184277261201,51.39475908706678,21.132713440405748,0.25359256128486896,37.02451394759087,100.0,84.02366863905326,26.204564666103128,18.512256973795434,16.65257819103973,2.113271344040575,3.7193575655114115,7.607776838546069,12.764158918005071,15.215553677092139,0.42265426880811496,0.16906170752324598,0.760777683854607,0.6762468300929839,99.32375316990702,65.93406593406593,72.4429416737109,78.10650887573965,17.413355874894336,23.837700760777683,16.314454775993237,20.87912087912088,5.240912933220626,1.0143702451394758,60.2704987320372,87.82755705832629,87.74302620456467,9.721048182586644,58.32628909551986,49.87320371935756,3.043110735418428,59.67878275570583,5.748098055790363,1.7751479289940828,1.0143702451394758,8.537616229923922,5.2592592592592595,2.52071,1183,2.52071,1183,1.5490909,1925.0,1.0903108,2735.0
021501,1343,86.22486969471333,8.265078183172003,0.8190618019359642,0.37230081906180196,0.0,43.484735666418466,44.15487714072971,12.360387192851825,92.33060312732688,75.13030528667163,17.20029784065525,7.66939687267312,8.637379002233805,33.95383469843634,46.46314221891288,0.5212211466865228,94.11764705882354,92.4795234549516,0.4467609828741623,0.5956813104988831,5.882352941176471,0.29784065524944153,85.48026805658972,10.647803425167535,85.85256887565153,3.276247207743857,78.77885331347728,53.3879374534624,43.55919583023083,9.82874162323157,42.21891288160834,2.7550260610573343,0.5956813104988831,71.85405807892778,14.668652271034997,0.8935219657483247,9.009679821295608,2.5316455696202533,60.23827252419955,0.07446016381236038,37.081161578555474,0.14892032762472077,96.7982129560685,0.37230081906180196,0.5212211466865228,1.4892032762472078,25.31645569620253,48.845867460908416,15.785554728220403,0.4467609828741623,33.13477289650037,100.0,38.49590469099032,30.60312732688012,18.093819806403573,22.263588979895754,4.318689501116903,0.37230081906180196,7.892777364110201,7.66939687267312,16.679076693968728,3.1273268801191363,1.0424422933730455,1.5636634400595681,1.4892032762472078,98.51079672375279,34.102755026061054,45.346239761727475,65.00372300819062,20.774385703648548,18.317200297840657,27.401340282948624,65.67386448250186,1.9359642591213702,0.8190618019359642,70.14147431124348,84.73566641846612,84.5867460908414,10.424422933730455,68.0565897244974,27.17795979151154,2.308265078183172,54.5048399106478,7.073715562174237,1.8615040953090096,2.680565897244974,19.583023082650783,9.834254143646408,3.1742368,1343,3.1742368,1343,1.69773,2511.0,1.3676612,3117.0
021502,1156,90.39792387543253,7.352941176470588,0.25951557093425603,0.08650519031141868,0.0,48.09688581314879,42.82006920415225,9.083044982698961,91.6955017301038,71.53979238754326,20.155709342560552,8.304498269896193,52.3356401384083,15.7439446366782,21.972318339100347,0.6920415224913494,96.10726643598616,95.3287197231834,0.3460207612456747,0.25951557093425603,3.8927335640138407,0.17301038062283736,86.41868512110727,10.380622837370241,87.11072664359861,2.422145328719723,80.27681660899654,83.04498269896193,67.99307958477509,15.051903114186851,11.937716262975778,1.643598615916955,2.6816608996539792,70.50173010380622,14.705882352941176,1.0380622837370241,10.899653979238755,1.0380622837370241,67.6470588235294,0.7785467128027682,28.546712802768166,0.8650519031141869,92.82006920415225,0.7785467128027682,1.8166089965397925,3.8062283737024223,23.961937716262977,54.325259515570934,19.11764705882353,0.3460207612456747,31.401384083044984,100.0,45.674740484429066,33.13148788927336,14.359861591695502,30.363321799307958,3.546712802768166,0.8650519031141869,12.110726643598616,10.207612456747405,20.155709342560552,4.2387543252595155,0.43252595155709345,0.25951557093425603,0.6055363321799307,99.39446366782006,51.98961937716263,48.6159169550173,69.03114186851211,26.730103806228374,18.079584775086506,22.40484429065744,58.477508650519034,4.58477508650519,8.910034602076125,77.59515570934256,87.4567474048443,87.28373702422145,28.719723183391004,70.76124567474048,13.581314878892734,2.422145328719723,64.7923875432526,9.16955017301038,1.1245674740484428,3.546712802768166,25.77854671280277,14.348646947765891,3.735294,1156,3.735294,1156,1.9600545,2203.0,1.5811058,2731.0
021601,759,69.56521739130434,17.391304347826086,2.2397891963109355,0.5270092226613966,0.0,18.840579710144926,53.359683794466406,27.799736495388668,62.31884057971015,38.6034255599473,23.715415019762847,37.68115942028985,57.44400527009223,0.7905138339920948,3.4255599472990776,0.13175230566534915,86.16600790513834,84.9802371541502,0.7905138339920948,0.13175230566534915,13.83399209486166,0.3952569169960474,18.57707509881423,79.44664031620553,18.972332015810277,1.0540184453227932,67.85243741765481,36.758893280632414,18.050065876152832,18.708827404479578,29.24901185770751,5.533596837944664,18.31357048748353,57.971014492753625,0.2635046113306983,0.13175230566534915,0.7905138339920948,1.844532279314888,6.719367588932807,92.35836627140975,0.0,0.0,88.93280632411067,0.5270092226613966,0.2635046113306983,8.563899868247693,87.35177865612648,3.2938076416337285,0.922266139657444,0.0,38.866930171278,100.0,43.873517786561266,26.08695652173913,21.870882740447957,32.015810276679844,1.976284584980237,0.0,1.5810276679841897,8.695652173913043,35.573122529644266,1.844532279314888,3.0303030303030303,0.7905138339920948,4.743083003952569,95.25691699604744,35.17786561264822,27.66798418972332,33.86034255599473,5.138339920948616,3.820816864295125,6.455862977602108,4.084321475625823,1.5810276679841897,0.3952569169960474,29.512516469038207,70.4874835309618,70.2239789196311,1.0540184453227932,29.512516469038207,2.503293807641634,1.844532279314888,2.898550724637681,0.3952569169960474,0.7905138339920948,0.13175230566534915,0.3952569169960474,1.9883040935672514,3.6258235,759,3.6258235,759,2.7355864,1006.0,1.7641026,1560.0
021701,2502,76.2589928057554,6.634692246203038,2.1982414068745,0.7194244604316546,0.15987210231814547,66.74660271782574,15.467625899280575,17.785771382893685,80.17585931254996,74.14068745003996,6.035171862509992,19.82414068745004,60.9912070343725,3.2773780975219826,14.948041566746603,0.47961630695443647,87.21023181454837,85.65147881694644,0.15987210231814547,0.23980815347721823,12.789768185451639,22.82174260591527,64.66826538768984,7.114308553157474,87.60991207034373,4.636290967226219,85.97122302158273,78.65707434052757,36.85051958433253,41.80655475619504,17.26618705035971,1.4388489208633093,0.8393285371702638,85.41167066346922,5.715427657873701,0.759392486011191,4.156674660271783,0.7993605115907274,63.069544364508396,32.61390887290168,0.23980815347721823,0.07993605115907274,80.81534772182255,4.276578737010392,9.672262190247801,0.4396482813749001,14.228617106314948,50.519584332533974,5.955235811350919,0.07993605115907274,28.497202238209432,100.0,77.49800159872102,24.540367705835333,17.42605915267786,15.067945643485212,0.9992006394884093,1.1191047162270185,7.6738609112709835,13.149480415667465,12.070343725019985,1.4388489208633093,0.47961630695443647,4.876099120703437,2.1183053557154277,97.88169464428458,59.2326139088729,75.8193445243805,70.82334132693845,26.498800959232614,18.94484412470024,33.972821742605916,12.909672262190249,16.227018385291768,3.597122302158273,66.2669864108713,87.09032773780976,87.01039168665068,24.14068745003997,59.11270983213429,17.665867306155075,1.6786570743405276,31.974420463629098,8.553157474020784,2.7577937649880098,0.759392486011191,9.552358113509193,10.797478761304466,2.3489208,2502,2.3489208,2502,1.2922163,4548.0,0.8671979,6777.0
021703,471,71.54989384288747,11.889596602972398,8.704883227176222,3.6093418259023355,0.0,43.94904458598726,33.12101910828026,22.929936305732483,37.5796178343949,31.84713375796178,5.732484076433121,62.4203821656051,10.19108280254777,5.732484076433121,19.745222929936304,0.0,82.1656050955414,81.31634819532908,0.21231422505307856,0.0,17.8343949044586,1.4861995753715498,64.96815286624204,31.422505307855626,66.4543524416136,2.1231422505307855,78.55626326963906,30.148619957537154,1.6985138004246285,28.450106157112526,58.81104033970276,4.246284501061571,6.1571125265392785,89.59660297239915,2.9723991507430996,0.0,5.944798301486199,0.42462845010615713,44.79830148619958,52.016985138004245,0.21231422505307856,0.0,89.59660297239915,1.6985138004246285,4.883227176220807,0.8492569002123143,36.30573248407644,42.88747346072187,4.033970276008493,0.42462845010615713,26.11464968152866,100.0,78.1316348195329,5.944798301486199,3.1847133757961785,57.961783439490446,30.78556263269639,0.6369426751592356,6.1571125265392785,11.67728237791932,62.84501061571125,4.246284501061571,1.2738853503184713,1.2738853503184713,6.369426751592357,93.63057324840764,13.800424628450106,69.63906581740977,52.653927813163484,12.738853503184714,12.526539278131635,34.6072186836518,7.43099787685775,7.643312101910828,5.520169851380042,50.530785562632694,80.04246284501062,80.04246284501062,5.732484076433121,48.832271762208066,7.218683651804671,1.4861995753715498,14.225053078556263,1.910828025477707,1.4861995753715498,0.6369426751592356,4.246284501061571,,7.3609343,471,7.3609343,471,3.7040598,936.0,2.69177,1288.0
022001,7802,78.37733914380928,8.228659318123558,1.3714432196872597,0.8074852601896949,0.4998718277364778,63.829787234042556,19.7641630351192,16.406049730838248,85.04229684696232,62.0225583183799,23.019738528582415,14.957703153037682,60.26659830812612,3.8964368110740835,19.802614714175853,0.6024096385542169,91.10484491156114,89.56677774929506,0.30761343245321715,0.1281722635221738,8.895155088438862,10.830556267623686,78.80030761343245,5.472955652396822,89.83593950269162,4.447577544219431,68.91822609587285,76.37785183286337,48.51320174314279,27.864650089720584,16.124070751089466,2.358369648807998,2.191745706229172,70.4306588054345,20.763906690592155,2.4224557805690847,4.396308638810561,0.6793129966675211,75.89079723147911,13.16329146372725,4.74237375032043,1.0253781081773905,77.35196103563189,3.806716226608562,14.560369136118943,1.2432709561650859,18.79005383235068,56.07536529095104,20.99461676493207,0.34606511150986924,41.9635990771597,100.0,67.1879005383235,18.290182004614202,19.533452960779286,23.699051525249935,5.1397077672391696,3.0889515508843886,7.267367341707255,11.240707510894643,15.278133811843118,4.383491412458344,1.6021532940271725,3.4606511150986927,2.665983081261215,97.33401691873878,44.57831325301205,59.81799538579851,66.49577031530377,31.876441937964625,37.59292489105358,17.162266085619073,20.123045372981288,5.190976672648039,1.0638297872340425,75.54473211996924,88.6439374519354,88.49013073570879,23.91694437323763,70.14867982568572,20.571648295308893,3.268392719815432,57.715970264034866,7.139195078185081,2.127659574468085,2.755703665726737,15.047423737503204,3.3800587836310196,2.5390925,7802,2.5390925,7802,1.4971281,13232.0,1.1579378,17108.0
030101,212257,68.6761802908738,4.25239214725545,4.634005003368558,4.370173892969372,20.850195753261378,70.73029393612461,8.684283674978918,20.58542238889648,94.17404373000655,79.89842502249631,14.275618707510235,5.825956269993451,67.42204026251196,10.831209335852293,14.910226753416849,0.09328314260542644,97.82480672015528,96.95934645264938,0.3792572211988297,0.2850318246276919,2.1751932798447164,49.80236223069204,47.14096590454025,1.0948991081566215,97.3461417055739,1.512317614966762,88.17659723825362,96.76477100872998,76.74517212624319,20.019598882486797,2.417352549032541,0.21012263435363734,0.24310152315353556,61.018953438520285,22.592423335861714,6.12889091996966,8.113277771757822,0.7109306171292349,90.26557428023575,8.743174547835878,0.08433172993116834,0.019316206297083253,48.50487851990747,26.98662470495673,23.31748776247662,0.17384585667374927,3.417084006652313,35.96583387120331,50.21365608672505,2.013596724725215,21.916827242446658,100.0,88.9445342203084,31.949476342358555,18.656157394102433,24.229589601285234,2.5040399138779876,17.40625750858629,11.392792699416274,8.970257753572321,8.819968246041356,0.25676420565635055,0.18845079314227564,0.32036634834186856,21.30247765680284,78.69752234319716,66.28992212270974,69.71030401824204,88.19073104773929,53.83049793410818,39.39610943337558,51.53469614665241,19.412316201585814,2.3674130888498377,0.9780596164084105,88.17424160333935,94.60559604630237,94.03223450816698,62.65894646584094,74.59117956062697,27.460107322726696,24.51744818781006,80.75917402017366,35.4066061425536,16.57330500289743,1.9170156932397988,41.380967412146596,7.563705736923047,3.0723698,212257,3.0723698,212257,1.4166651,460329.0,1.0797781,603950.0
030201,2680,85.63432835820896,9.962686567164178,0.7089552238805971,0.5223880597014925,2.014925373134328,80.03731343283582,6.1940298507462686,13.76865671641791,93.28358208955224,78.54477611940298,14.738805970149254,6.7164179104477615,88.69402985074628,1.007462686567164,3.171641791044776,0.1865671641791045,98.43283582089552,98.09701492537313,0.07462686567164178,0.1865671641791045,1.5671641791044777,40.26119402985075,56.75373134328358,1.3805970149253732,97.1268656716418,1.492537313432836,82.61194029850746,97.27611940298507,82.42537313432835,14.850746268656716,1.828358208955224,0.1865671641791045,0.5223880597014925,63.28358208955224,23.507462686567163,3.582089552238806,7.574626865671642,0.8955223880597015,82.5,17.313432835820894,0.03731343283582089,0.0,67.61194029850746,23.02238805970149,8.171641791044776,0.3358208955223881,8.582089552238806,53.47014925373134,33.88059701492537,0.8208955223880597,26.417910447761194,100.0,84.66417910447761,35.52238805970149,16.67910447761194,24.14179104477612,2.6865671641791047,1.3059701492537314,16.082089552238806,10.932835820895523,12.611940298507463,0.0,0.0,0.5223880597014925,2.201492537313433,97.79850746268657,75.33582089552239,72.68656716417911,77.83582089552239,37.46268656716418,36.71641791044776,55.41044776119403,26.753731343283583,2.0522388059701493,1.1940298507462686,82.79850746268657,92.08955223880596,91.9776119402985,49.291044776119406,72.01492537313433,28.32089552238806,5.522388059701493,70.97014925373135,21.753731343283583,4.17910447761194,0.6716417910447762,26.529850746268657,4.791481810115351,3.230597,2680,3.230597,2680,1.5386529,5627.0,1.1201967,7729.0
030202,671,93.88971684053651,1.1922503725782414,1.4903129657228018,1.3412816691505216,0.0,78.9865871833085,16.84053651266766,4.172876304023845,93.88971684053651,82.86140089418778,11.028315946348734,6.110283159463488,78.2414307004471,3.1296572280178836,12.518628912071534,0.0,94.48584202682564,92.84649776453055,1.1922503725782414,0.29806259314456035,5.514157973174367,0.44709388971684055,83.01043219076006,15.052160953800298,83.60655737704919,1.3412816691505216,84.50074515648286,87.03427719821163,77.79433681073026,9.23994038748137,7.600596125186289,4.023845007451565,0.8941877794336811,82.41430700447094,11.028315946348734,0.7451564828614009,4.470938897168406,0.7451564828614009,38.00298062593144,61.69895678092399,0.0,0.0,52.16095380029806,46.050670640834575,0.14903129657228018,1.3412816691505216,15.052160953800298,42.92101341281669,26.825633383010434,0.7451564828614009,15.797317436661698,100.0,87.33233979135619,25.93144560357675,14.903129657228018,37.85394932935917,8.49478390461997,0.29806259314456035,3.7257824143070044,6.557377049180328,14.307004470938898,0.0,0.14903129657228018,2.384500745156483,0.29806259314456035,99.70193740685544,70.93889716840536,66.1698956780924,72.57824143070044,18.181818181818183,28.464977645305513,35.46944858420268,36.95976154992548,1.3412816691505216,0.44709388971684055,76.90014903129658,87.48137108792847,87.33233979135619,6.110283159463488,76.45305514157972,10.134128166915053,1.4903129657228018,58.42026825633383,6.259314456035767,0.29806259314456035,0.29806259314456035,10.134128166915053,1.6551724137931034,4.1296573,671,4.1296573,671,1.7865893,1551.0,1.374504,2016.0
030401,1431,85.74423480083857,9.15443745632425,2.655485674353599,2.3060796645702304,0.4891684136967156,78.82599580712788,9.294199860237596,11.87980433263452,91.19496855345912,84.76589797344515,6.429070580013976,8.80503144654088,76.86932215234103,4.821802935010482,8.665269042627534,0.20964360587002095,96.08665269042628,95.2480782669462,0.6289308176100629,0.06988120195667366,3.913347309573725,40.880503144654085,54.57721872816212,2.86512928022362,95.59748427672956,1.5373864430468205,86.86233403214536,90.91544374563243,78.61635220125787,12.299091544374564,6.918238993710692,0.5590496156533893,1.187980433263452,75.96086652690427,9.014675052410901,0.4192872117400419,9.993011879804333,2.236198462613557,73.65478686233403,24.388539482879107,0.20964360587002095,0.0,51.9916142557652,27.67295597484277,17.05101327742837,0.7686932215234102,11.180992313067785,55.06638714185884,30.118798043326347,0.7686932215234102,20.964360587002098,100.0,78.12718378756115,24.03913347309574,15.583508036338225,24.737945492662472,2.655485674353599,0.7686932215234102,24.24877707896576,11.180992313067785,8.59538784067086,0.4891684136967156,0.3494060097833683,0.3494060097833683,1.187980433263452,98.81201956673655,75.82110412299092,74.7728860936408,80.36338225017471,37.316561844863735,32.84416491963662,61.0062893081761,23.54996505939902,6.149545772187282,0.9783368273934312,79.24528301886792,91.33473095737247,90.98532494758909,30.538085255066388,73.79454926624737,15.373864430468204,17.95946890286513,69.32215234102027,15.793151642208246,4.472396925227114,0.6289308176100629,22.57162823200559,13.208477082306555,2.8050315,1431,2.8050315,1431,1.2381246,3242.0,0.90242803,4448.0
030403,7393,10.198836737454348,2.651156499391316,7.060733125929934,6.546733396456107,74.89517110780469,14.594887055322603,10.090626268091437,75.31448667658596,47.85608007574733,43.14892465846071,4.707155417286622,52.14391992425267,1.609630731773299,12.809414310834573,30.542404977681592,0.21642093872582172,65.29149195184634,62.99201947788448,1.3120519410252942,0.29757879074800486,34.70850804815366,13.877992695793319,58.62302177735696,23.63046124712566,72.62275125118356,3.4356824022724197,58.06844312187204,47.423238198295685,34.37035033139456,13.052887866901123,45.0967131069931,3.300419315568781,1.8260516704991208,87.35290139320979,6.059786284323009,0.45989449479237116,4.9100500473420805,0.18936832138509402,91.0185310428784,3.4762613282835115,0.5410523468145543,0.18936832138509402,72.230488299743,7.236575138644664,15.758149600973894,0.473420803462735,26.254565129176246,49.68213174624645,20.397673474908697,0.29757879074800486,55.91776004328419,100.0,54.186392533477616,21.222778303800894,21.5203570945489,18.38225348302448,3.530366562964967,0.473420803462735,9.089679426484512,5.559312863519546,23.373461382388747,1.5419991884214799,0.20289463005545785,1.7719464358176653,75.61206546733396,24.387934532666037,12.836466928175302,51.39997294738266,52.40091978898958,15.162992019477885,23.643987555796024,29.609089679426486,10.117678885432166,4.409576626538618,0.9333152982551062,77.96564317597728,88.78669011226836,88.71905856891654,19.00446368186122,72.77154064655755,4.571892330582984,1.8666305965102123,38.17124306776681,5.234681455430813,1.6231570404436628,0.6357365075071013,5.288786690112269,10.426849136526556,2.7297444,7393,2.7297444,7393,1.8885458,10686.0,1.4744648,13687.0
030501,1373,75.3823743627094,17.844136926438456,4.879825200291333,4.734158776402039,0.29133284777858703,70.50254916241806,9.468317552804079,20.02913328477786,93.95484340859431,89.22068463219227,4.734158776402039,6.045156591405681,81.79169701383832,2.2578295702840494,9.322651128914785,0.21849963583394028,98.10633648943919,97.88783685360525,0.07283321194464676,0.14566642388929352,1.8936635105608157,38.1646030589949,58.19373634377276,2.5491624180626364,96.35833940276767,0.9468317552804079,91.62418062636563,92.35251274581209,78.22286962855063,14.129643117261471,5.3168244719592135,0.29133284777858703,1.820830298616169,84.85069191551348,7.210487982520029,0.7283321194464676,5.753823743627094,0.5826656955571741,63.87472687545521,35.9796067006555,0.0,0.0,43.11726147123088,31.755280407865985,23.16096139839767,1.3109978150036417,12.381646030589948,62.34522942461763,23.452294246176255,0.21849963583394028,14.639475600873999,100.0,80.62636562272397,31.536780772032046,16.970138383102693,24.107793153678077,1.238164603058995,0.14566642388929352,15.7319737800437,10.34231609613984,8.52148579752367,0.07283321194464676,0.07283321194464676,0.43699927166788055,0.5098324836125273,99.49016751638747,80.18936635105608,82.0830298616169,85.72469045884924,41.879096868171885,38.52876911871814,60.524399126001455,29.351784413692645,8.30298616168973,1.238164603058995,76.62053896576839,91.26001456664238,90.38601602330662,32.5564457392571,70.93954843408595,13.983976693372178,18.718135469774218,65.91405680990532,14.566642388929353,2.6219956300072833,0.9468317552804079,17.844136926438456,8.600427350427351,3.0036416,1373,3.0036416,1373,1.3067174,3156.0,0.9028021,4568.0
030701,2765,73.20072332730561,19.819168173598552,0.6148282097649186,0.43399638336347196,4.267631103074141,63.00180831826401,12.694394213381555,24.303797468354432,92.76672694394213,87.30560578661844,5.461121157323689,7.233273056057866,69.25858951175407,4.376130198915009,18.01084990958409,0.25316455696202533,97.2875226039783,96.41952983725136,0.18083182640144665,0.3616636528028933,2.7124773960216997,35.15370705244123,61.22965641952984,3.1103074141048825,96.56419529837251,0.28933092224231466,88.06509945750452,82.27848101265823,67.1609403254973,15.11754068716094,16.383363471971066,0.28933092224231466,0.7233273056057866,79.9638336347197,10.849909584086799,1.952983725135624,5.533453887884268,0.6148282097649186,81.77215189873418,16.455696202531644,0.3616636528028933,0.43399638336347196,61.41048824593128,16.021699819168173,21.22965641952984,0.325497287522604,8.969258589511755,56.491862567811935,32.40506329113924,0.28933092224231466,17.142857142857142,100.0,80.36166365280289,32.513562386980105,17.070524412296564,25.063291139240505,1.6636528028933093,0.5786618444846293,16.34719710669078,10.415913200723327,8.499095840867993,0.650994575045208,0.25316455696202533,1.0126582278481013,4.701627486437613,95.29837251356238,68.93309222423146,75.73236889692586,82.42314647377938,32.40506329113924,34.177215189873415,48.53526220614828,41.22965641952984,5.3164556962025316,1.1211573236889694,77.79385171790236,90.99457504520795,90.70524412296564,32.839059674502714,69.36708860759494,27.739602169981918,15.768535262206148,76.6003616636528,18.553345388788426,5.3164556962025316,1.7359855334538878,27.48643761301989,5.563321218898518,3.1692586,2765,3.1692586,2765,1.3514806,6484.0,1.0042402,8726.0
030801,3096,78.9405684754522,19.05684754521964,1.065891472868217,0.9043927648578811,0.09689922480620156,75.12919896640827,4.715762273901809,20.155038759689923,95.93023255813954,90.72997416020672,5.200258397932816,4.069767441860465,79.328165374677,5.4909560723514215,10.4328165374677,0.1937984496124031,99.09560723514213,98.90180878552971,0.0,0.12919896640826872,0.9043927648578811,51.80878552971576,45.93023255813954,1.1304909560723515,97.80361757105943,1.065891472868217,90.3423772609819,95.4780361757106,81.71834625322997,13.75968992248062,3.197674418604651,0.16149870801033592,0.7428940568475452,79.4250645994832,9.819121447028424,1.582687338501292,7.10594315245478,1.1627906976744187,89.34108527131782,10.400516795865633,0.0,0.0,23.804909560723516,21.382428940568474,52.77777777777778,1.3242894056847545,10.239018087855298,55.781653746770026,32.138242894056845,0.5490956072351422,15.988372093023257,100.0,80.62015503875969,35.85271317829457,12.919896640826874,32.751937984496124,2.7777777777777777,1.4534883720930232,21.963824289405686,12.564599483204134,9.916020671834625,0.1937984496124031,0.06459948320413436,0.06459948320413436,0.32299741602067183,99.67700258397933,80.00645994832041,75.80749354005168,90.01937984496124,42.66795865633075,41.117571059431526,67.37726098191214,27.29328165374677,4.715762273901809,1.0335917312661498,77.55167958656331,89.9547803617571,89.34108527131782,41.6343669250646,68.05555555555556,10.626614987080103,18.669250645994833,75.64599483204134,20.510335917312663,7.461240310077519,1.7118863049095607,27.842377260981912,7.5331971399387125,3.5746124,3096,3.5746124,3096,1.4726547,7515.0,1.1175401,9903.0
030803,605,70.57851239669421,16.363636363636363,9.256198347107437,7.768595041322314,0.9917355371900827,60.82644628099174,18.512396694214875,20.66115702479339,94.3801652892562,89.25619834710744,5.12396694214876,5.619834710743802,63.14049586776859,8.760330578512397,22.14876033057851,0.0,98.51239669421487,98.01652892561984,0.1652892561983471,0.1652892561983471,1.487603305785124,34.21487603305785,62.14876033057851,2.809917355371901,96.36363636363636,0.8264462809917356,86.28099173553719,80.3305785123967,64.29752066115702,16.03305785123967,16.52892561983471,0.8264462809917356,1.8181818181818181,73.55371900826447,12.231404958677686,0.6611570247933884,10.24793388429752,2.479338842975207,89.0909090909091,10.082644628099173,0.0,0.0,41.32231404958678,32.06611570247934,24.628099173553718,0.9917355371900827,9.586776859504132,54.3801652892562,35.04132231404959,0.3305785123966942,19.50413223140496,100.0,80.49586776859505,34.54545454545455,16.363636363636363,26.776859504132233,1.9834710743801653,0.6611570247933884,33.553719008264466,10.413223140495868,9.75206611570248,0.1652892561983471,0.1652892561983471,0.6611570247933884,2.644628099173554,97.35537190082644,68.4297520661157,71.2396694214876,85.9504132231405,40.33057851239669,33.388429752066116,56.19834710743802,18.84297520661157,10.578512396694215,0.8264462809917356,85.12396694214875,93.88429752066116,93.71900826446281,44.62809917355372,77.1900826446281,9.090909090909092,16.363636363636363,74.3801652892562,19.834710743801654,6.776859504132231,0.9917355371900827,22.644628099173552,12.693156732891833,3.2446282,605,3.2446282,605,1.5181748,1293.0,1.1109225,1767.0
030901,46686,76.0077967699096,5.986805466306816,14.049179625583687,13.462279912607634,2.2062288480486654,75.79788373388168,14.99807222722015,9.204044038898171,96.66066915135158,81.03499978580302,15.625669365548559,3.3393308486484172,66.7437775778606,12.414856702223364,16.486741207214155,0.06640106241699867,98.69768238872467,97.95870282311614,0.3534250096388639,0.2741721286895429,1.3023176112753287,31.433406160305015,66.57456196718502,0.9895900269888189,98.12577646403633,0.8589298719102086,87.99640149081095,92.26534721329735,75.9778091933342,16.287538019963158,6.1388853189392965,0.45195561838666837,0.6190292593068586,63.67005097888018,19.916034785588828,5.517714089877051,8.902026303388595,0.8375101743563381,89.81279184337917,9.394679347127619,0.11780833654628797,0.019277727798483486,53.19581887503748,27.16446043781862,18.61157520455811,0.22062288480486655,3.0844364477573576,41.74484856273829,51.46296534292936,1.227348669836782,20.500792528809495,100.0,85.32964914535407,34.90768110354282,19.04211112539091,26.481172085850147,2.191235059760956,6.552285481728998,11.534507132759286,9.814505419183481,9.908752088420512,0.2270487940710277,0.158505761898642,0.3105856145311228,2.9516343229233604,97.04836567707665,65.97909437518742,70.0381270616459,89.5921689585743,46.31367005097888,37.97498179325708,58.42865098744806,21.518228162618342,2.975195990232618,0.9853060874780448,86.30638735381056,94.03247226149166,93.59979437090348,54.06545859572463,73.82298761941482,18.56873580945037,17.073640920190208,80.77153750589042,27.09805937540162,7.053506404489569,1.2894657927430064,35.79445658227306,6.26723262226092,3.3579018,46686,3.3579018,46686,1.513531,103577.0,1.1742055,133509.0
030902,11577,72.00483717716162,11.55739828971236,10.374017448389047,9.86438628314762,2.1680919063660706,55.06607929515418,28.59980996804008,16.334110736805737,90.55886671849356,78.92372808154099,11.635138636952579,9.441133281506435,18.726785868532435,32.94463159713224,36.399758141141916,0.2677723071607498,97.49503325559299,96.76081886499092,0.4059773689211367,0.2418588580806772,2.504966744407014,7.8431372549019605,88.5376176902479,2.7122743370475946,96.44121965967004,0.7946791051222251,81.9642394402695,76.58287984797443,65.07730845642222,11.505571391552216,20.90351559125853,0.7083009415219832,1.0279001468428781,75.50315280297141,12.827157294635915,1.5202556793642568,8.188649909302928,0.8551438196423944,87.77748985056577,11.488295758832168,0.06910253088019348,0.025913449080072558,56.14580634015721,20.9294290403386,21.758659410900925,0.1900319599205321,6.659756413578648,57.33782499784055,33.134663557052775,0.4318908180012093,26.39716679623391,100.0,74.14701563444761,31.51075408136823,20.34205752785696,24.894186749589704,1.5979960266044744,0.647836227001814,11.972013474993522,8.845123952664766,13.708214563358384,0.22458322536062883,0.4837177161613544,1.0106245141228298,3.161440787768852,96.83855921223115,44.83890472488555,63.52250151161786,81.9642394402695,28.098816619158676,31.398462468687917,53.27805130862918,19.37462209553425,5.338170510494947,0.9933488814027813,80.43534594454522,92.23460309233826,92.01865768333765,34.56854107281679,73.1795802021249,9.855748466787595,6.25377904465751,69.95767469983588,11.185972186231322,2.980046644208344,0.9415219832426363,16.29955947136564,7.211126961483595,3.2257924,11577,3.2257924,11577,1.5924695,23451.0,1.2245065,30498.0
030903,16820,77.71105826397147,5.1486325802615935,9.340071343638526,8.876337693222354,4.316290130796671,79.58382877526753,12.057074910820452,8.35909631391201,97.49702734839477,81.8370986920333,15.659928656361474,2.5029726516052317,67.53864447086801,15.422116527942926,13.810939357907253,0.059453032104637336,98.82282996432818,97.68133174791915,0.7253269916765755,0.2140309155766944,1.1771700356718193,36.504161712247324,61.284185493460164,0.8501783590963139,98.16884661117717,0.9512485136741974,89.44708680142688,97.65160523186682,80.04161712247324,17.60998810939358,1.319857312722949,0.2080856123662307,0.2140309155766944,61.40903686087991,22.53269916765755,5.2497027348394765,7.86563614744352,1.426872770511296,87.47919143876338,11.64090368608799,0.11296076099881094,0.041617122473246136,45.45184304399525,36.759809750297265,16.510107015457788,0.2615933412604043,2.1105826397146252,36.5576694411415,56.13555291319857,0.9274673008323424,20.089179548156956,100.0,90.95719381688465,36.979785969084425,16.64090368608799,25.951248513674198,3.2936979785969083,11.248513674197383,11.646848989298455,8.299643281807372,8.953626634958383,0.2259215219976219,1.1771700356718193,0.4518430439952438,5.957193816884661,94.04280618311535,69.76218787158145,71.80737217598097,88.97740784780024,55.21997621878716,44.67895362663496,55.36860879904875,22.170035671819264,1.920332936979786,0.9690844233055886,89.01902497027348,94.5065398335315,94.12009512485136,62.91914387633769,75.410225921522,24.625445897740786,20.535077288941736,83.47205707491082,34.73246135552913,17.205707491082045,1.7895362663495837,44.70868014268728,7.06903471804134,3.41195,16820,3.41195,16820,1.4915532,38476.0,1.1744398,48865.0
030904,14242,73.774750737256,8.875157983429293,13.537424519028226,13.003791602303048,1.720264007864064,64.6819266956888,23.24813930627721,12.069933998033983,94.3617469456537,78.24743715770256,16.11430978795113,5.6382530543463,35.08636427468052,26.646538407527032,30.88751579834293,0.25277348686982165,98.75017553714366,98.26569302064317,0.2246875438842859,0.1614941721668305,1.2498244628563404,17.083274820952113,80.52942002527735,1.4253616065159387,97.7671675326499,0.8004493750877686,85.26892290408651,78.08594298553574,65.60174132846511,12.484201657070637,18.78949585732341,1.0742873191967421,1.2568459486027244,68.37522819828676,17.588821794691757,3.545850301923887,8.741749754248,0.7723634321022328,91.3003791602303,8.032579693863221,0.11234377194214296,0.01404297149276787,58.51706221036371,20.081449234658052,20.4114590647381,0.217666058137902,3.236904929082994,45.850301923887095,48.28675747788232,0.7934278893413846,23.851987080466227,100.0,81.88456677432944,34.51060244347704,19.41440808875158,24.61030754107569,1.727285493610448,4.697373964330852,10.265412161213312,9.08580255582081,11.339699480410054,0.322988344333661,0.2597949726162056,0.5827833169498666,2.5136918972054487,97.48630810279455,50.38618171605112,66.12133127369752,86.56789776716754,41.59528156157843,33.97696952675186,54.38842859148996,18.922904086504705,4.037354304170763,0.863642746805224,85.33211627580395,93.8421570004213,93.61044797079062,47.921640219070355,74.652436455554,11.739924167953939,9.49304872911108,76.40780789214998,17.39924167953939,4.149698076112905,1.1234377194214296,26.527173149838507,6.508771929824562,3.2730656,14242,3.2730656,14242,1.5438498,30194.0,1.1999948,38846.0
030905,19190,81.03178738926525,3.225638353309015,13.736321000521105,13.282959874934862,1.3027618551328817,86.27410109431996,9.046378322042731,4.679520583637311,97.57686294945285,83.22042730588848,14.356435643564357,2.42313705054716,82.37102657634185,8.718082334549244,5.9405940594059405,0.08337675872850443,99.54142782699323,99.00990099009901,0.2501302761855133,0.20323084940072955,0.4585721730067744,42.82959874934862,55.278791036998435,0.6409588327253778,98.2803543512246,1.0526315789473684,90.09379885356957,97.94163626889005,81.07868681605002,16.86294945284002,1.5789473684210527,0.14069828035435122,0.12506513809275666,58.67639395518499,23.59041167274622,8.082334549244399,7.675872850442939,0.870244919228765,92.16258467952058,7.212089630015633,0.10943199583116206,0.0,43.29338196977592,32.80354351224596,22.93903074517978,0.21886399166232412,2.4075039082855656,29.37988535695675,63.39760291818656,1.2350182386659718,17.85304846274101,100.0,90.14590932777489,38.587806149035956,17.118290776446067,25.581031787389264,2.49088066701407,15.169359041167274,9.890568004168838,8.931735278791036,8.415841584158416,0.16154247003647734,0.05211047420531527,0.10943199583116206,1.8082334549244399,98.19176654507557,77.60812923397603,72.98593017196457,92.11047420531527,57.217300677436164,43.340281396560705,65.18499218342888,22.813965607087024,2.2824387701928086,0.958832725377801,89.31214174048984,95.26836894215738,94.8254299114122,64.73684210526316,75.00260552371027,25.039082855653987,22.303282959874934,87.02449192287649,36.24283480979677,12.141740489838458,1.7144346013548724,46.73788431474726,6.757962351681685,3.431162,19190,3.431162,19190,1.504318,43770.0,1.1793237,55832.0
031001,59013,65.46015284767763,7.378035348143629,10.5773304187213,9.82325928185315,13.259790215715181,68.61708437124024,13.956246928642841,17.426668700116924,92.68466270143867,80.46362665853286,12.2210360429058,7.315337298561334,71.10467185196482,7.3644790130988085,13.483469743954721,0.09997797095555216,96.4584074695406,95.44337688305967,0.2965448291054513,0.2541812820903869,3.5415925304593903,31.54389710741701,64.8450341450189,2.1690136071713013,96.53974547980954,1.2488773660041008,86.8656058834494,92.65246640570722,78.10990798637589,14.542558419331334,5.864809448765526,0.38296646501618287,0.6151187026587362,67.04963313168285,17.35210885737041,4.476979648552014,9.157304322776337,0.8354091471370715,89.07020487011337,9.560605290359751,0.1542033111348347,0.03727992137325674,43.59208987850135,34.77030484808432,19.998983274871637,0.32026841543388745,5.829224069272872,39.19814278209886,50.231304966702254,1.103146764272279,21.97312456577364,100.0,83.89168488299188,31.982783454493077,17.889278633521428,25.672309491129074,2.8841102807855896,6.573127954857404,11.100943859827495,8.482876654296511,9.636859674986868,0.2999339128666565,0.39991188382220866,0.6439259146289801,14.413773236405538,85.58622676359447,67.91384949079017,66.86153898293597,84.96094080965212,49.21966346398251,42.085642146645654,50.558351549658546,18.211241590835918,2.99595004490536,0.9353871180926236,86.81646416891193,93.99454357514446,93.71663870672563,54.125362208326976,75.17496144917222,20.67002185959026,16.39808177859116,77.90656296070357,29.02072424719977,9.633470591225661,1.1861793164218053,34.148407977903176,7.324240719910011,3.1896193,59013,3.1896193,59013,1.4319655,131448.0,1.1072489,169997.0
031002,1257,74.78122513922037,19.09307875894988,1.909307875894988,1.1137629276054097,0.15910898965791567,64.51869530628481,13.444709626093875,22.03659506762132,92.99920445505171,86.95306284805092,6.046141607000796,7.000795544948289,81.7024661893397,2.863961813842482,7.955449482895784,0.31821797931583135,97.13603818615752,96.57915672235481,0.07955449482895784,0.477326968973747,2.863961813842482,24.741447891805887,70.5648369132856,3.6595067621320605,95.4653937947494,0.7955449482895783,88.14638027048528,95.78361177406524,79.15672235481304,16.626889419252187,3.1026252983293556,0.07955449482895784,0.7159904534606205,78.44073190135242,13.60381861575179,0.477326968973747,6.443914081145585,0.477326968973747,61.73428798727128,37.390612569610184,0.2386634844868735,0.0,66.90533015115354,22.03659506762132,9.54653937947494,0.2386634844868735,18.2975338106603,58.39299920445505,17.899761336515514,0.31821797931583135,20.445505171042164,100.0,74.54256165473349,30.946698488464598,19.013524264120925,23.389021479713605,2.6252983293556085,0.5568814638027049,16.388225934765313,10.66030230708035,10.66030230708035,0.0,0.8750994431185362,0.8750994431185362,1.8297533810660302,98.17024661893397,78.99761336515513,75.49721559268099,77.40652346857597,27.764518695306286,36.5950676213206,47.89180588703262,19.013524264120925,9.54653937947494,1.511535401750199,73.42879872712808,90.3739061256961,90.29435163086714,27.764518695306286,64.67780429594272,10.182975338106603,2.5457438345266508,47.25536992840095,10.421638822593476,3.977724741447892,0.954653937947494,21.081941129673826,10.017074558907229,3.1447892,1257,3.1447892,1257,1.4662462,2696.0,1.0683783,3700.0
031003,3898,62.54489481785531,23.986659825551566,10.749102103642894,7.465366854797332,0.2565418163160595,47.02411493073371,20.52334530528476,32.45253976398153,89.37916880451513,62.775782452539765,26.603386351975374,10.620831195484865,55.87480759363776,10.415597742432016,21.523858388917393,0.35915854284248333,96.66495638789122,95.53617239610057,0.38481272447408926,0.41046690610569525,3.3350436121087736,14.545920985120574,79.47665469471524,0.9235505387378142,94.38173422267829,4.540790148794254,66.05951770138533,77.39866598255516,63.801949717804,13.596716264751155,20.47203694202155,0.6926629040533607,0.6670087224217548,61.74961518727552,26.50076962544895,2.719343252950231,5.541303232426886,2.3858388917393536,89.48178553104157,0.38481272447408926,8.388917393535147,0.2565418163160595,58.568496664956385,32.7603899435608,6.721395587480759,0.3335043612108774,6.516162134427912,59.69728065674705,30.810672139558747,0.4617752693689071,41.76500769625449,100.0,74.91021036428938,25.269368907131863,19.112365315546434,18.214468958440225,4.592098512057466,1.2570548999486917,7.773217034376604,8.594150846587993,17.444843509492046,2.077988712160082,0.4874294510005131,0.564391995895331,4.027706516162135,95.97229348383786,43.68907131862493,49.76911236531554,64.69984607491021,25.52591072344792,37.45510518214469,31.11852231913802,32.88866085171883,4.463827603899436,2.0266803488968703,80.73370959466394,90.04617752693689,89.99486916367368,35.659312467932274,73.03745510518215,18.547973319651103,3.5402770651616216,65.9569009748589,6.233966136480246,2.591072344792201,5.002565418163161,13.955874807593638,4.923999143652323,2.8024628,3898,2.8024628,3898,1.5724773,6947.0,1.2471744,8759.0
031204,3403,71.64266823391125,14.105201292976785,10.667058477813693,6.905671466353218,0.14692918013517484,46.929180135174846,30.032324419629738,23.038495445195416,89.71495739053776,63.97296503085513,25.741992359682634,10.28504260946224,40.78754040552454,20.540699382897444,26.15339406406112,0.05877167205406994,95.62151043197179,94.7105495151337,0.05877167205406994,0.32324419629738466,4.37848956802821,13.635027916544226,79.01851307669703,1.939465177784308,92.8592418454305,5.113135468704084,64.06112253893623,71.67205406993828,57.03790772847488,14.634146341463415,26.388480752277403,0.7052600646488393,0.5289450484866295,61.475168968557156,25.830149867763737,2.4390243902439024,7.140758154569498,1.6162209814869233,91.595650896268,0.26447252424331474,6.935057302380253,0.23508668821627976,44.901557449309436,46.899794299147814,6.964443138407288,0.35263003232441964,6.7881281222450776,58.037026153394066,32.47134880987364,0.49955921245959445,39.641492800470175,100.0,82.10402585953571,26.417866588304438,18.660005877167205,20.775786071113725,3.585071995298266,1.2929767851895386,6.758742286218043,7.904789891272407,15.692036438436674,1.7337643255950632,0.6171025565677344,1.4399059653247135,4.525418748163386,95.47458125183661,40.46429620922715,50.396708786364975,64.38436673523361,28.21040258595357,33.70555392300911,28.063473405818396,36.93799588598296,3.0855127828386717,1.9688510138113429,82.48604172788716,90.59653247134881,90.39083161915957,38.11342932706435,75.16896855715545,12.253893623273582,2.556567734352042,63.502791654422566,6.758742286218043,1.9688510138113429,6.582427270055833,14.72230384954452,5.6054355738898325,2.9039083,3403,2.9039083,3403,1.6052631,6156.0,1.3121763,7531.0
031205,7607,68.27921651110819,22.374129091626134,5.4817930853161565,4.048902326804259,0.17089522807940055,43.19705534376232,28.578940449585907,28.224004206651767,90.65334560273432,61.32509530695412,29.3282502957802,9.346654397265675,50.36150913632181,13.408702510845274,25.739450506112792,0.13145786775338503,94.17641645852504,93.04587879584594,0.27606152228210856,0.23662416195609307,5.8235835414749575,5.915604048902327,86.07861180491652,2.431970553437623,92.17825686867359,5.297752070461417,61.219929012751415,79.87380044695675,64.67727093466544,15.19652951229131,18.45668463257526,0.7624556329696333,0.40751939003549364,62.27159195477849,27.68502694886289,2.2873668989088998,5.705271460496911,0.9596424345997108,86.97252530563954,0.15774944130406204,10.871565663204942,0.26291573550677005,38.714342053371894,45.9182332062574,13.421848297620613,0.5784146181148941,6.914683843828053,57.788878664388065,28.881293545418693,0.4469567503615091,42.868410674378865,100.0,75.77231497305114,23.11029315104509,20.507427369528067,20.809780465360852,4.285526488760352,1.301432890758512,7.361640594189562,7.729722623899041,19.100828184566847,2.0770343105034836,0.47324832391218613,1.3671618246352044,2.0770343105034836,97.92296568949652,38.91152885500197,56.526883133955565,62.53450769028527,23.241751018798475,33.27198632838175,26.344156697778363,39.09556986985671,3.128697252530564,4.154068621006967,82.16116734586565,90.679637176285,90.48245037465492,32.575259629288816,74.26054949388721,14.828447482581833,3.3653214144866572,61.37767845405548,6.257394505061128,3.0103851715525174,5.613250953069541,10.582358354147496,4.322417025030323,2.8906271,7607,2.8906271,7607,1.630143,13489.0,1.2882419,17069.0
031206,9296,73.39716006884682,21.267211703958694,2.086919104991394,1.3876936316695352,0.193631669535284,47.05249569707401,28.377796901893287,24.5697074010327,90.684165232358,73.82745266781411,16.85671256454389,9.315834767641997,42.62048192771084,11.553356282271945,34.90748709122203,0.1721170395869191,95.48192771084338,94.44922547332186,0.15060240963855423,0.3119621342512909,4.518072289156627,19.76118760757315,74.97848537005163,1.742685025817556,94.83648881239243,3.270223752151463,70.64328743545612,73.98881239242685,61.843803786574874,12.145008605851979,24.064113597246127,0.5271084337349398,0.6669535283993115,73.92426850258175,18.212134251290877,1.1940619621342512,5.141996557659208,0.6669535283993115,90.89931153184165,0.05378657487091222,7.411790017211704,0.23666092943201378,41.577022375215144,45.804647160068846,10.811101549053356,0.35499139414802067,6.529690189328743,58.79948364888124,32.1105851979346,0.290447504302926,33.59509466437177,100.0,82.37951807228916,22.80550774526678,24.236230636833046,22.816265060240966,3.4746127366609296,0.6454388984509466,7.132099827882961,7.583907056798623,15.243115318416523,2.2913080895008604,0.39802065404475045,0.9036144578313253,1.2908777969018932,98.7091222030981,41.447934595524956,55.54001721170396,66.7921686746988,20.71858864027539,40.87779690189329,27.269793459552496,41.03915662650602,3.485370051635112,2.6462994836488813,82.51936316695353,90.82401032702238,90.67340791738383,37.575301204819276,73.53700516351118,12.704388984509466,3.38855421686747,67.78184165232358,6.067125645438899,2.8722030981067124,9.02538726333907,11.123063683304647,3.9119342341491072,2.9563253,9296,2.9563253,9296,1.5444531,17794.0,1.2339814,22271.0
031301,1965,80.6615776081425,15.572519083969466,0.356234096692112,0.15267175572519084,0.05089058524173028,62.849872773536894,19.389312977099237,17.760814249363868,82.44274809160305,69.97455470737914,12.468193384223918,17.557251908396946,75.21628498727735,2.1374045801526718,4.173027989821883,0.5597964376590331,98.21882951653944,97.55725190839695,0.3053435114503817,0.05089058524173028,1.7811704834605597,17.353689567430024,75.16539440203562,5.089058524173028,92.6208651399491,2.188295165394402,73.74045801526718,91.45038167938931,77.1501272264631,14.30025445292621,7.786259541984733,0.2035623409669211,0.3053435114503817,68.85496183206106,22.08651399491094,1.424936386768448,5.3944020356234095,1.5267175572519085,70.33078880407125,28.549618320610687,0.15267175572519084,0.05089058524173028,58.62595419847328,27.43002544529262,13.078880407124682,0.6106870229007634,7.989821882951654,63.46055979643766,26.768447837150127,0.6106870229007634,30.94147582697201,100.0,83.5114503816794,33.74045801526717,18.676844783715012,19.491094147582697,2.4936386768447836,0.6106870229007634,14.80916030534351,8.854961832061068,14.4529262086514,0.4071246819338422,1.0687022900763359,0.6106870229007634,1.3231552162849873,98.67684478371501,65.39440203562341,56.99745547073791,75.31806615776081,24.783715012722645,33.43511450381679,42.595419847328245,45.44529262086514,3.5114503816793894,0.4071246819338422,79.54198473282443,89.92366412213741,89.87277353689568,27.786259541984734,73.58778625954199,21.424936386768447,4.173027989821883,69.46564885496183,12.366412213740459,2.849872773536896,1.5776081424936388,15.318066157760814,9.50074515648286,3.0259542,1965,3.0259542,1965,1.6126932,3687.0,1.2244645,4856.0
031401,8316,62.44588744588744,16.51034151034151,19.75709475709476,19.288119288119287,0.16835016835016836,70.68302068302069,11.075036075036076,18.241943241943243,95.00962000962001,86.73641173641174,8.273208273208272,4.99037999037999,65.17556517556518,5.51948051948052,23.665223665223664,0.13227513227513227,98.77344877344878,98.46079846079846,0.13227513227513227,0.12025012025012025,1.2265512265512266,26.779701779701778,70.33429533429533,2.0202020202020203,97.25829725829726,0.7215007215007215,89.43001443001442,80.25493025493026,61.08706108706109,19.167869167869167,15.993265993265993,0.7455507455507455,2.7657527657527656,74.90379990379991,13.949013949013949,1.2746512746512746,8.273208273208272,0.9018759018759018,75.97402597402598,23.508898508898508,0.12025012025012025,0.02405002405002405,37.145262145262144,29.316979316979317,31.46945646945647,1.1303511303511304,11.255411255411255,59.21115921115921,27.44107744107744,0.517075517075517,20.83934583934584,100.0,82.21500721500722,34.39153439153439,17.7008177008177,24.386724386724385,2.1765271765271765,1.2746512746512746,19.93746993746994,10.714285714285714,9.644059644059643,0.21645021645021645,0.06012506012506012,0.4208754208754209,0.6974506974506974,99.30254930254931,63.97306397306397,78.83597883597884,86.7965367965368,37.83068783068783,36.18326118326118,68.3862433862434,31.806156806156807,5.2308802308802305,1.1784511784511784,78.39105339105339,91.69071669071668,91.04136604136605,30.892255892255893,71.58489658489658,9.752284752284753,14.67051467051467,71.52477152477152,16.20971620971621,3.6556036556036555,0.9139009139009139,23.677248677248677,6.460296096904441,3.1360028,8316,3.1360028,8316,1.4324398,18206.0,1.051615,24799.0
031402,1138,66.95957820738137,24.604569420035148,3.0755711775043935,2.81195079086116,1.054481546572935,38.927943760984185,31.54657293497364,29.52548330404218,60.984182776801404,58.08435852372583,2.8998242530755713,39.015817223198596,4.042179261862917,5.184534270650263,48.94551845342706,0.08787346221441125,88.04920913884007,87.5219683655536,0.0,0.1757469244288225,11.95079086115993,11.599297012302285,78.1195079086116,6.063268892794376,89.98242530755712,3.7785588752196837,65.37785588752197,11.24780316344464,7.469244288224956,3.7785588752196837,81.89806678383128,2.8998242530755713,2.8998242530755713,90.42179261862917,3.3391915641476273,0.08787346221441125,5.184534270650263,0.6151142355008787,71.8804920913884,26.80140597539543,0.1757469244288225,0.08787346221441125,75.39543057996485,9.578207381370826,10.105448154657294,2.9876977152899826,33.567662565905096,56.32688927943761,8.172231985940247,0.26362038664323373,53.77855887521968,100.0,52.37258347978911,18.98066783831283,20.210896309314588,15.817223198594025,0.70298769771529,0.0,14.0597539543058,7.557117750439367,15.46572934973638,1.054481546572935,0.08787346221441125,0.70298769771529,1.40597539543058,98.59402460456943,8.611599297012303,54.30579964850615,57.381370826010546,12.478031634446397,19.507908611599298,39.36731107205624,19.77152899824253,5.008787346221441,0.70298769771529,71.44112478031634,85.06151142355009,85.06151142355009,18.804920913884008,65.6414762741652,2.6362038664323375,1.6695957820738137,29.964850615114237,2.81195079086116,1.4938488576449913,0.7908611599297012,3.1634446397188047,19.792158715162966,2.3488576,1138,2.3488576,1138,1.6664588,1604.0,1.3311753,2008.0
031403,2574,78.24397824397825,9.013209013209012,10.1010101010101,9.634809634809635,0.3108003108003108,68.80341880341881,19.386169386169385,11.81041181041181,91.21989121989122,85.81973581973583,5.4001554001554,8.78010878010878,46.27039627039627,12.626262626262626,30.73038073038073,0.1554001554001554,97.82439782439782,97.24164724164724,0.2331002331002331,0.27195027195027194,2.1756021756021755,23.581973581973582,72.41647241647242,2.874902874902875,96.07614607614607,0.9712509712509713,87.1017871017871,84.07148407148406,73.58197358197359,10.48951048951049,13.092463092463092,0.8158508158508159,1.592851592851593,85.04273504273505,5.788655788655789,0.4662004662004662,6.177156177156177,1.4763014763014763,80.76923076923077,18.803418803418804,0.03885003885003885,0.0,38.578088578088575,33.48873348873349,26.961926961926963,0.27195027195027194,8.81895881895882,57.96425796425797,30.264180264180265,0.42735042735042733,17.98756798756799,100.0,83.76068376068376,37.37373737373738,16.705516705516704,22.804972804972806,1.320901320901321,0.27195027195027194,22.727272727272727,10.062160062160062,8.585858585858587,0.11655011655011654,0.2331002331002331,0.3108003108003108,1.0101010101010102,98.98989898989899,55.16705516705517,75.6021756021756,85.70318570318571,39.93783993783994,34.57653457653458,64.60761460761461,27.000777000777,4.39005439005439,1.2432012432012431,79.56487956487956,91.21989121989122,90.9090909090909,29.40947940947941,74.04817404817405,9.16860916860917,8.197358197358197,70.04662004662005,12.432012432012431,3.185703185703186,1.0101010101010102,20.24087024087024,9.908700322234157,3.1864803,2574,3.1864803,2574,1.4051739,5837.0,1.0270473,7986.0
031601,804,78.48258706467662,18.53233830845771,0.373134328358209,0.0,0.0,69.40298507462687,10.074626865671641,20.52238805970149,94.77611940298507,86.81592039800995,7.960199004975125,5.223880597014926,85.69651741293532,1.9900497512437811,6.467661691542289,0.0,98.75621890547264,98.2587064676617,0.24875621890547264,0.24875621890547264,1.243781094527363,34.20398009950249,61.19402985074627,3.109452736318408,95.39800995024876,1.492537313432836,88.93034825870647,92.7860696517413,75.0,17.786069651741293,4.850746268656716,0.373134328358209,1.6169154228855722,77.48756218905473,13.805970149253731,0.9950248756218906,6.218905472636816,0.6218905472636815,53.98009950248756,45.646766169154226,0.0,0.0,50.49751243781095,28.48258706467662,19.5273631840796,0.4975124378109453,21.64179104477612,55.223880597014926,20.771144278606965,0.0,18.90547263681592,100.0,72.51243781094527,36.940298507462686,14.552238805970148,19.90049751243781,1.9900497512437811,0.24875621890547264,27.736318407960198,8.582089552238806,12.686567164179104,0.24875621890547264,0.6218905472636815,0.12437810945273632,0.9950248756218906,99.0049751243781,79.85074626865672,61.81592039800995,76.24378109452736,30.34825870646766,40.67164179104478,44.65174129353234,33.582089552238806,4.477611940298507,0.746268656716418,74.0049751243781,90.67164179104478,90.42288557213931,25.870646766169155,66.29353233830845,10.323383084577115,5.597014925373134,53.233830845771145,9.07960199004975,2.8606965174129355,0.9950248756218906,16.54228855721393,11.872509960159363,3.1679103,804,3.1679103,804,1.4765217,1725.0,1.027845,2478.0
031602,2903,74.40578711677576,21.83947640372029,0.7578367206338271,0.5511539786427834,0.17223561832586978,52.7729934550465,22.87289011367551,24.354116431277987,93.83396486393386,60.3169135377196,33.51705132621426,6.166035136066139,68.89424733034791,6.544953496383052,17.636927316569068,0.13778849466069584,98.00206682741991,96.72752325180848,0.6889424733034791,0.10334137099552188,1.9979331725800895,12.88322425077506,81.0885291078195,1.3434378229417843,94.24733034791595,4.374784705477093,63.45160179125043,79.0905959352394,65.07061660351361,14.019979331725802,18.773682397519806,0.5856011023079573,0.861178091629349,58.80124009645195,30.244574578022736,3.272476748191526,5.787116775749225,1.2745435756114365,94.48846021357217,0.06889424733034792,4.581467447468136,0.13778849466069584,61.00585601102308,30.48570444367895,7.475025835342749,0.20668274199104375,5.132621426110919,57.733379262831555,35.20496038580779,0.10334137099552188,42.12883224250775,100.0,85.94557354460902,26.593179469514297,20.04822597313124,20.6338270754392,4.236996210816397,1.584567688598002,6.09714088873579,8.129521184981055,15.50120564932828,1.0678608336203927,0.37891836031691356,1.619014812263176,0.7578367206338271,99.24216327936617,45.81467447468136,52.9107819497072,61.867034102652426,26.28315535652773,35.61832586978987,30.175680330692387,31.58801240096452,5.132621426110919,1.4812263176024802,82.70754392008267,91.1470892180503,91.04374784705477,39.5452979676197,73.16569066482948,12.19428177747158,3.5136066138477435,64.14054426455391,6.303823630726835,3.0313468825353085,6.44161212538753,13.813296589734756,5.274665209073517,2.8997588,2903,2.8997588,2903,1.5862069,5307.0,1.318196,6386.0
040101,96084,90.1534074351609,5.660671912076933,1.3779609508346864,0.8180342200574497,0.5182964905707506,75.33720494567254,15.556180009158654,9.10661504516881,87.10295158403063,73.87806502643521,13.224886557595438,12.89704841596936,75.77848549186129,4.3618084176345695,6.495358228216976,0.10407560051621498,97.53028599975022,96.71641480371342,0.1571541567794846,0.35802006577577955,2.4697140002497813,50.1373797926814,48.31917905166313,0.3850797219099954,98.61163148911369,0.9522917447233671,87.45576786978062,93.16535531410017,78.40639440489572,14.758960909204447,4.728154531451646,0.3601015777861038,1.3810832188501727,66.48557512176845,15.928770659006702,4.7416843595187546,10.483535239998334,0.680654427376046,79.65322009907997,19.53811248490904,0.054119312268431786,0.0031222680154864495,86.94579742725115,4.210898796886058,7.8774822030723115,0.1842138129137005,3.993380791807169,34.71025352816286,40.88922193081054,0.9991257649556637,23.18596228300237,100.0,87.05091378377253,29.503351234336623,21.937055076807795,23.54710461679364,1.3384122226385247,8.012780483743391,5.886515965197119,11.281795095957703,11.659589525831564,0.14362432871237668,0.04058948420132384,0.6015569709837226,1.1188127055493111,98.88118729445068,67.6116731193539,77.80275592190166,89.15324091420007,54.010032887889764,35.39298946754923,52.9338911785521,12.816910203571874,4.583489446734108,1.0855085133841222,87.24865742475335,94.81287207027185,94.52666416885225,55.58365596769493,76.31655634653012,32.20099079971691,18.32875400691062,64.4300820115732,27.597726988884727,19.256067607510094,1.3592273427417676,36.70226052204321,11.229503255365325,3.028985,96084,3.028985,96084,1.467675,198298.0,1.0610442,274293.0
040102,2340,79.44444444444444,8.547008547008547,5.598290598290598,3.376068376068376,0.5982905982905983,52.64957264957265,30.085470085470085,17.264957264957264,65.55555555555556,55.17094017094017,10.384615384615385,34.44444444444444,55.21367521367522,3.247863247863248,6.7094017094017095,0.08547008547008547,97.56410256410257,96.62393162393163,0.2564102564102564,0.42735042735042733,2.4358974358974357,40.0,55.81196581196581,3.4188034188034186,95.94017094017094,0.5128205128205128,84.87179487179488,88.71794871794872,76.53846153846153,12.179487179487179,8.290598290598291,0.8547008547008547,1.9230769230769231,76.15384615384616,10.512820512820513,0.42735042735042733,10.854700854700855,0.7264957264957265,57.17948717948718,42.26495726495727,0.042735042735042736,0.0,91.41025641025641,1.794871794871795,2.393162393162393,4.145299145299146,8.88888888888889,46.282051282051285,24.316239316239315,0.29914529914529914,29.05982905982906,100.0,86.4957264957265,27.00854700854701,19.957264957264957,24.786324786324787,1.1538461538461537,0.5555555555555556,5.555555555555555,14.017094017094017,18.418803418803417,0.29914529914529914,0.2564102564102564,3.9316239316239314,3.076923076923077,96.92307692307692,48.97435897435897,71.11111111111111,81.36752136752136,36.70940170940171,34.27350427350427,51.794871794871796,26.581196581196583,24.700854700854702,1.4102564102564104,79.4017094017094,91.66666666666667,91.66666666666667,28.034188034188034,73.71794871794872,16.666666666666668,2.2222222222222223,39.05982905982906,9.401709401709402,5.0,1.0256410256410255,14.615384615384615,7.418224299065421,3.0675213,2340,3.0675213,2340,1.5614531,4597.0,1.1058389,6491.0
040201,4792,83.70200333889817,8.576794657762939,4.173622704507513,2.7754590984974956,0.14607679465776294,57.637729549248746,27.274624373956595,15.087646076794657,81.21869782971619,71.43155258764608,9.787145242070117,18.781302170283805,74.97913188647746,1.6068447412353923,4.236227045075125,0.020868113522537562,97.60016694490818,96.70283806343906,0.20868113522537562,0.3756260434056761,2.3998330550918197,40.21285475792988,58.03422370617696,0.6886477462437396,98.37228714524207,0.8764607679465777,85.14190317195326,90.02504173622704,78.40150250417362,11.623539232053423,7.220367278797997,0.8555926544240401,1.5651085141903172,72.64190317195326,15.087646076794657,0.8347245409015025,9.515859766277128,0.4590984974958264,61.20617696160267,38.43906510851419,0.020868113522537562,0.0,93.40567612687813,1.4607679465776293,4.319699499165275,0.27128547579298834,5.90567612687813,60.30884808013356,24.31135225375626,0.5217028380634391,25.041736227045075,100.0,83.49332220367279,20.868113522537563,24.41569282136895,19.824707846410686,1.0434056761268782,1.2729549248747913,7.387312186978297,12.06176961602671,12.08263772954925,0.1669449081803005,0.06260434056761269,1.147746243739566,1.6068447412353923,98.39315525876461,67.19532554257096,73.26794657762939,83.1594323873122,37.3330550918197,38.10517529215359,48.664440734557594,17.02838063439065,6.782136894824708,1.0851419031719534,79.40317195325542,91.88230383973288,91.65275459098497,23.080133555926544,75.06260434056762,16.19365609348915,3.2136894824707847,40.713689482470784,8.30550918196995,5.05008347245409,1.0434056761268782,22.43322203672788,11.350574712643677,2.6070535,4792,2.6070535,4792,1.3249549,9429.0,0.93594545,13348.0
040501,1140,83.94736842105263,12.017543859649123,0.9649122807017544,0.5263157894736842,0.0,55.08771929824562,30.0,14.912280701754385,83.6842105263158,54.12280701754386,29.56140350877193,16.31578947368421,73.6842105263158,3.5964912280701755,6.140350877192983,0.08771929824561403,96.57894736842105,95.87719298245614,0.08771929824561403,0.3508771929824561,3.4210526315789473,0.2631578947368421,95.96491228070175,2.807017543859649,96.40350877192982,0.7894736842105263,68.15789473684211,29.912280701754387,9.649122807017545,20.263157894736842,46.75438596491228,1.5789473684210527,18.157894736842106,76.14035087719299,9.912280701754385,0.7017543859649122,11.666666666666666,0.7894736842105263,57.10526315789474,42.01754385964912,0.0,0.0,92.63157894736842,1.8421052631578947,4.56140350877193,0.43859649122807015,3.245614035087719,53.94736842105263,28.596491228070175,0.9649122807017544,40.70175438596491,100.0,89.56140350877193,32.45614035087719,12.894736842105264,27.45614035087719,3.7719298245614037,6.140350877192983,6.140350877192983,12.719298245614034,23.42105263157895,0.3508771929824561,0.5263157894736842,0.6140350877192983,0.9649122807017544,99.03508771929825,49.473684210526315,57.280701754385966,63.771929824561404,15.87719298245614,40.43859649122807,40.6140350877193,6.052631578947368,4.2105263157894735,0.5263157894736842,71.40350877192982,87.80701754385964,87.71929824561404,2.543859649122807,70.78947368421052,5.701754385964913,1.4912280701754386,21.666666666666668,4.385964912280702,4.12280701754386,0.17543859649122806,8.157894736842104,10.797799174690509,3.204386,1140,3.204386,1140,1.9348516,1888.0,1.4765562,2474.0
040502,612,78.43137254901961,6.699346405228758,8.823529411764707,2.9411764705882355,0.0,47.87581699346405,32.6797385620915,19.444444444444443,70.42483660130719,36.60130718954248,33.8235294117647,29.575163398692812,55.22875816993464,4.57516339869281,9.640522875816993,0.32679738562091504,90.84967320261438,85.29411764705883,3.758169934640523,0.49019607843137253,9.15032679738562,0.32679738562091504,80.88235294117646,17.973856209150327,81.20915032679738,0.8169934640522876,68.95424836601308,40.52287581699346,31.69934640522876,8.823529411764707,37.254901960784316,7.189542483660131,12.745098039215685,84.47712418300654,2.7777777777777777,0.0,9.313725490196079,0.6535947712418301,54.411764705882355,42.810457516339866,0.0,0.0,90.84967320261438,3.4313725490196076,0.9803921568627451,4.57516339869281,10.947712418300654,17.320261437908496,29.248366013071895,0.6535947712418301,42.97385620915033,100.0,85.29411764705883,38.72549019607843,15.686274509803921,27.287581699346404,5.882352941176471,0.9803921568627451,3.9215686274509802,10.947712418300654,38.888888888888886,5.065359477124183,3.5947712418300655,0.6535947712418301,9.477124183006536,90.52287581699346,30.555555555555557,68.62745098039215,51.30718954248366,11.601307189542483,31.535947712418302,64.2156862745098,9.967320261437909,4.411764705882353,0.32679738562091504,73.20261437908496,86.60130718954248,86.60130718954248,0.8169934640522876,73.03921568627452,6.699346405228758,0.9803921568627451,17.15686274509804,3.2679738562091503,1.3071895424836601,0.32679738562091504,3.2679738562091503,3.0395136778115504,4.1781044,612,4.1781044,612,2.7260127,938.0,2.0587761,1242.0
040601,1487,89.1055817081372,7.195696032279758,0.26899798251513113,0.06724949562878278,0.06724949562878278,64.49226630800268,25.55480833893746,9.952925353059852,88.02958977807667,62.60928043039677,25.420309347679893,11.970410221923336,78.74915938130464,2.219233355749832,6.590450571620713,0.20174848688634836,97.04102219233356,96.23402824478816,0.06724949562878278,0.13449899125756556,2.9589778076664426,0.13449899125756556,97.78076664425016,1.0087424344317417,98.0497646267653,0.9414929388029589,80.0268997982515,96.03227975790182,87.0880968392737,8.94418291862811,2.89172831203766,0.20174848688634836,0.8742434431741762,64.42501681237391,22.595830531271016,1.3449899125756557,9.011432414256893,1.4794889038332213,53.5305985205111,45.729657027572294,0.0,0.06724949562878278,94.41829186281103,1.0759919300605245,1.9502353732347006,2.2864828513786146,4.774714189643578,31.338264963012776,33.01950235373235,0.8742434431741762,34.90248823133827,100.0,90.85406859448554,41.56018829858776,14.593140551445865,16.072629455279085,1.277740416946873,0.7397444519166106,6.321452589105582,12.037659717552119,20.98184263618023,0.06724949562878278,0.20174848688634836,1.7484868863483525,0.47074646940147946,99.52925353059852,56.48957632817754,79.62340282447882,84.53261600537996,37.05447209145932,34.700739744451916,51.1768661735037,45.39340954942838,5.245460659045057,1.9502353732347006,82.24613315400134,93.54404841963685,93.47679892400807,30.665770006724948,76.39542703429724,30.800268997982513,1.6812373907195697,59.784801613987895,16.812373907195695,3.496973772696705,1.0087424344317417,31.809011432414255,4.7539149888143175,3.1109617,1487,3.1109617,1487,1.8444976,2508.0,1.3251218,3491.0
040701,4810,90.39501039501039,6.507276507276507,1.2474012474012475,0.6652806652806653,0.0,74.84407484407484,17.13097713097713,8.024948024948024,88.64864864864865,75.07276507276508,13.575883575883577,11.35135135135135,77.92099792099792,2.453222453222453,1.975051975051975,6.070686070686071,99.70893970893971,99.29313929313929,0.2494802494802495,0.14553014553014554,0.2910602910602911,55.197505197505194,43.88773388773389,0.062370062370062374,99.23076923076923,0.6652806652806653,91.51767151767152,96.21621621621621,46.59043659043659,49.62577962577963,2.058212058212058,0.04158004158004158,1.5176715176715176,68.8981288981289,14.116424116424117,2.3284823284823286,10.602910602910603,2.2037422037422036,54.0956340956341,44.67775467775468,0.37422037422037424,0.0,97.17255717255718,1.0810810810810811,1.185031185031185,0.14553014553014554,3.367983367983368,36.07068607068607,27.08939708939709,0.4365904365904366,16.091476091476093,100.0,90.47817047817048,35.92515592515593,19.584199584199585,20.51975051975052,1.683991683991684,1.1018711018711018,3.7837837837837838,13.492723492723492,11.164241164241163,0.08316008316008316,0.18711018711018712,0.35343035343035345,0.7692307692307693,99.23076923076923,68.06652806652806,85.36382536382537,92.39085239085239,47.25571725571726,41.891891891891895,44.51143451143451,10.24948024948025,4.864864864864865,1.3097713097713097,84.67775467775468,93.84615384615384,93.78378378378379,40.478170478170476,75.25987525987526,49.70893970893971,2.7442827442827444,69.16839916839916,25.758835758835758,11.767151767151768,1.3721413721413722,34.553014553014556,6.317108088761632,3.2446985,4810,3.2446985,4810,1.5120132,10322.0,1.0177372,15335.0
040702,1074,94.1340782122905,3.35195530726257,1.0242085661080074,0.74487895716946,0.0,75.13966480446928,19.83240223463687,5.027932960893855,85.19553072625699,71.13594040968343,14.059590316573557,14.804469273743017,79.32960893854748,3.538175046554935,2.1415270018621975,0.0,96.8342644320298,95.99627560521415,0.186219739292365,0.27932960893854747,3.165735567970205,0.186219739292365,98.23091247672254,0.6517690875232774,98.60335195530726,0.5586592178770949,84.72998137802607,85.84729981378027,74.11545623836126,11.731843575418994,8.938547486033519,1.0242085661080074,4.003724394785848,75.04655493482309,13.035381750465548,0.74487895716946,8.007448789571695,1.2104283054003724,30.91247672253259,68.43575418994413,0.0,0.0,90.87523277467412,3.817504655493482,0.6517690875232774,4.0968342644320295,6.33147113594041,27.001862197392924,25.884543761638735,0.4655493482309125,22.532588454376164,100.0,89.10614525139665,24.860335195530727,16.666666666666668,26.350093109869647,1.675977653631285,0.37243947858473,12.569832402234637,13.40782122905028,12.383612662942271,0.27932960893854747,0.0931098696461825,0.4655493482309125,0.37243947858473,99.62756052141528,69.1806331471136,82.21601489757914,82.40223463687151,42.737430167597765,24.487895716945996,64.99068901303538,25.046554934823092,8.752327746741155,3.631284916201117,80.16759776536313,92.27188081936686,92.27188081936686,27.560521415270017,75.41899441340782,28.30540037243948,1.675977653631285,55.493482309124765,14.990689013035382,5.21415270018622,1.3966480446927374,21.973929236499067,8.98379970544919,2.9487896,1074,2.9487896,1074,1.535143,2063.0,1.0196394,3106.0
040901,462,80.51948051948052,13.636363636363637,3.2467532467532467,2.5974025974025974,0.21645021645021645,62.77056277056277,20.346320346320347,16.883116883116884,69.48051948051948,35.93073593073593,33.54978354978355,30.51948051948052,59.74025974025974,3.6796536796536796,5.627705627705628,0.0,98.05194805194805,95.45454545454545,0.6493506493506493,0.21645021645021645,1.948051948051948,0.21645021645021645,94.37229437229438,3.2467532467532467,94.58874458874459,2.1645021645021645,62.33766233766234,46.53679653679654,16.233766233766232,30.303030303030305,27.056277056277057,2.1645021645021645,10.173160173160174,40.90909090909091,48.05194805194805,1.0822510822510822,3.6796536796536796,4.545454545454546,69.04761904761905,29.437229437229437,0.21645021645021645,0.0,91.991341991342,1.948051948051948,4.545454545454546,1.0822510822510822,4.761904761904762,39.39393939393939,33.98268398268398,0.6493506493506493,43.93939393939394,100.0,84.63203463203463,27.48917748917749,10.38961038961039,28.571428571428573,25.10822510822511,1.2987012987012987,2.813852813852814,8.008658008658008,45.45454545454545,0.21645021645021645,0.0,0.21645021645021645,0.8658008658008658,99.13419913419914,32.683982683982684,33.98268398268398,50.43290043290043,16.017316017316016,25.10822510822511,35.497835497835496,3.0303030303030303,22.07792207792208,1.0822510822510822,65.15151515151516,84.19913419913419,83.33333333333333,2.813852813852814,64.06926406926407,12.770562770562771,3.2467532467532467,25.757575757575758,6.0606060606060606,4.545454545454546,1.2987012987012987,17.316017316017316,0.6329113924050633,5.034632,462,5.034632,462,2.8024096,830.0,2.2670565,1026.0
041101,873,89.46162657502863,8.132875143184421,0.8018327605956472,0.4581901489117984,0.0,50.28636884306987,40.32073310423826,9.392898052691868,58.07560137457045,51.43184421534937,6.643757159221077,41.92439862542955,44.78808705612829,4.238258877434135,8.47651775486827,0.1145475372279496,96.67812142038946,95.99083619702176,0.1145475372279496,0.3436426116838488,3.3218785796105386,45.58991981672394,52.92096219931271,0.9163802978235968,98.51088201603666,0.4581901489117984,85.2233676975945,42.7262313860252,29.782359679266897,12.943871706758305,17.64032073310424,8.018327605956472,27.949599083619702,80.18327605956472,7.674684994272623,0.4581901489117984,9.392898052691868,0.6872852233676976,43.29896907216495,56.1282932416953,0.0,0.0,91.40893470790378,2.7491408934707904,0.572737686139748,4.696449026345934,9.965635738831615,39.06071019473082,16.83848797250859,0.1145475372279496,24.054982817869416,100.0,86.8270332187858,23.253150057273768,19.014891179839633,19.93127147766323,1.0309278350515463,0.0,8.59106529209622,17.52577319587629,11.912943871706759,0.0,0.1145475372279496,0.9163802978235968,0.4581901489117984,99.5418098510882,43.4135166093929,75.48682703321879,82.70332187857962,25.085910652920962,36.08247422680412,66.55211912943872,28.75143184421535,10.996563573883162,0.9163802978235968,73.08132875143184,88.65979381443299,88.31615120274914,13.058419243986254,69.3012600229095,10.080183276059564,2.176403207331042,28.1786941580756,6.0710194730813285,3.5509736540664374,1.4891179839633448,11.11111111111111,10.986101919258768,2.4936998,873,2.4936998,873,1.3752369,1583.0,0.9033195,2410.0
041401,1146,93.54275741710296,4.450261780104712,0.8726003490401396,0.34904013961605584,0.2617801047120419,69.63350785340315,24.956369982547994,5.4101221640488655,91.01221640488656,74.17102966841186,16.841186736474693,8.987783595113438,86.56195462478185,1.5706806282722514,2.7923211169284468,0.0,98.08027923211169,97.12041884816755,0.2617801047120419,0.2617801047120419,1.9197207678883073,51.65794066317626,45.98603839441536,1.1343804537521816,97.81849912739965,0.9598603839441536,86.73647469458987,95.89877835951134,81.41361256544502,14.485165794066317,2.181500872600349,0.17452006980802792,1.1343804537521816,77.31239092495638,10.55846422338569,0.6108202443280978,8.551483420593367,0.5235602094240838,37.347294938917976,61.78010471204188,0.0,0.0,94.4153577661431,1.0471204188481675,1.5706806282722514,2.268760907504363,8.37696335078534,51.65794066317626,16.49214659685864,0.6108202443280978,20.593368237347295,100.0,87.17277486910994,31.588132635253054,17.452006980802793,27.31239092495637,4.18848167539267,0.6980802792321117,8.987783595113438,13.089005235602095,21.81500872600349,0.34904013961605584,0.08726003490401396,0.0,0.8726003490401396,99.12739965095986,71.46596858638743,72.68760907504362,81.67539267015707,31.50087260034904,30.89005235602094,65.53228621291449,15.008726003490402,11.431064572425829,1.1343804537521816,71.55322862129145,88.8307155322862,88.56893542757417,26.527050610820243,64.57242582897034,9.162303664921465,1.5706806282722514,42.67015706806283,8.464223385689355,7.4171029668411865,0.8726003490401396,11.954624781849914,9.502262443438914,3.7329843,1146,3.7329843,1146,1.9132379,2236.0,1.2785416,3346.0
050101,60712,87.71247858742917,8.63256028462248,0.9767426538410858,0.38048491237317167,0.759322703913559,78.36012649887996,10.223679009092107,11.416194492027936,92.40183159836606,67.0625247068125,25.339306891553566,7.598168401633944,90.22598497825801,0.6868493872710502,0.7708525497430492,0.5254315456581895,97.16036368427987,95.99749637633417,0.10047437079984188,0.5649624456450125,2.839636315720121,55.48655949400448,42.891026485702994,0.42001581235999474,98.50112004216629,1.0212149163262616,82.50757675583081,95.26782184741073,81.01363816049546,14.254183686915272,2.9368164448543945,0.18612465410462511,1.3506390828831203,62.82118856239294,19.9663987350112,4.821122677559626,9.66036368427988,0.9306232705231255,74.57339570430887,24.659045987613652,0.036236658321254445,0.003294241665568586,67.67525365660825,11.745618658584794,18.709645539596785,0.286599024904467,4.658057715113981,48.311701146396096,35.310976413229675,0.6489656081170114,30.75504018974832,100.0,86.20371590459877,29.343457636052182,22.702266438265912,25.29483462906839,1.7624192910791936,6.926143101857952,5.850573198049809,10.933588088022137,15.832125444722625,0.15812359994729214,0.0938858874687047,0.6110818289629727,1.4494663328501778,98.55053366714982,65.89471603636842,75.33107128738965,87.19198840426934,53.365067861378314,35.33897746738701,31.005402556331532,11.338779812887074,2.1840822242719726,1.0080379496639873,89.08288312030571,94.53814731848729,94.20872315193043,61.74067729608644,76.43134800368955,28.730728686256423,13.195084991434971,58.400316247199896,28.45730662801423,15.374225853208591,1.4000527078666491,36.60231914613256,3.9430231734108143,3.1963367,60712,3.1963367,60712,1.5561329,124704.0,1.1534612,168238.0
050201,3551,67.02337369754999,22.13460996902281,2.2528865108420164,1.4362151506617855,2.2528865108420164,56.265840608279355,12.616164460715291,31.117994931005352,67.55843424387497,60.34919740918051,7.209236834694452,32.44156575612504,59.504364967614755,0.8166713601802309,5.632216277105041,1.4080540692762602,93.57927344410025,92.87524640946212,0.25344973246972685,0.28161081385525205,6.420726555899747,41.622078287806254,56.01239087580963,0.5350605463249789,97.7752745705435,1.661503801745987,83.55392847085328,84.82117713320191,75.02112081103914,9.80005632216277,10.363277949873275,0.39425513939735285,4.027034638130104,82.08955223880596,8.054069276260208,1.3798929878907351,6.702337369754998,0.42241622078287805,57.78653900309772,41.73472261334835,0.028161081385525203,0.0,94.02985074626865,0.9856378484933821,4.336806533370882,0.08448324415657561,11.63052661222191,60.23655308363841,19.431146156012392,0.16896648831315123,24.359335398479303,100.0,82.14587440157702,16.896648831315122,23.880597014925375,20.304139678963672,0.8166713601802309,0.45057730216840325,9.659250915235145,11.855815263306111,9.433962264150944,0.056322162771050406,0.45057730216840325,3.294846522106449,3.5201351731906505,96.47986482680935,53.506054632497886,73.24697268375105,81.72345818079414,38.3272317656998,36.80653337088144,30.07603491974092,7.237397916079978,6.336243311743171,1.0419600112644325,76.0912419036891,88.70740636440439,88.62292312024782,25.880033793297663,71.47282455646297,14.756406646015208,2.196564348070966,39.256547451422136,12.588003379329766,3.8299070684314276,0.7885102787947057,15.31962827372571,6.793015332197615,2.4249506,3551,2.4249506,3551,1.2541509,6866.0,0.84446406,10197.0
050202,1044,90.90038314176245,5.459770114942529,0.5747126436781609,0.28735632183908044,0.09578544061302682,70.40229885057471,21.93486590038314,7.662835249042145,78.544061302682,66.57088122605364,11.973180076628353,21.455938697318008,75.95785440613027,0.8620689655172413,1.4367816091954022,0.19157088122605365,94.73180076628353,94.34865900383141,0.09578544061302682,0.19157088122605365,5.268199233716475,0.09578544061302682,96.455938697318,2.203065134099617,96.93486590038314,0.7662835249042146,80.17241379310344,46.55172413793103,34.96168582375479,11.590038314176246,40.229885057471265,1.1494252873563218,10.344827586206897,86.7816091954023,7.567049808429119,0.19157088122605365,3.6398467432950192,0.8620689655172413,43.67816091954023,55.076628352490424,0.0,0.0,96.36015325670498,0.6704980842911877,2.10727969348659,0.28735632183908044,18.582375478927204,56.417624521072796,18.773946360153257,0.09578544061302682,24.61685823754789,100.0,86.01532567049809,19.25287356321839,22.126436781609197,17.720306513409962,2.3946360153256707,0.0,7.950191570881226,13.793103448275861,10.344827586206897,0.09578544061302682,0.28735632183908044,0.3831417624521073,0.6704980842911877,99.32950191570882,65.22988505747126,74.04214559386973,74.61685823754789,35.727969348659,37.06896551724138,43.00766283524904,9.386973180076629,7.662835249042145,0.5747126436781609,70.97701149425288,88.31417624521073,88.31417624521073,3.735632183908046,69.54022988505747,15.708812260536398,1.053639846743295,35.24904214559387,6.896551724137931,1.8199233716475096,0.6704980842911877,7.471264367816092,11.921032649962035,2.441571,1044,2.441571,1044,1.1735728,2172.0,0.78214175,3259.0
050203,13731,80.42385842254753,13.101740586992936,1.5366688515038962,0.3932707013327507,0.3714223290364868,67.13276527565363,14.092200131090234,18.775034593256137,74.73599883475347,55.7060665647076,19.029932270045883,25.264001165246523,70.41002112009322,0.9540455902701915,1.8498288544170125,1.1870948947636735,94.44323064598355,93.51103342800961,0.2184837229626393,0.517078144344913,5.556769354016459,32.96919379506227,63.9429029203991,0.7646930303692375,97.0650353215352,1.9954846697254387,74.67045371786469,87.92513291093147,72.33267788216445,15.592455028767024,8.164008448037288,0.3131600029131163,3.22627630908164,70.67220158764839,17.333042021702717,2.774743281625519,6.270482849027747,0.7355618673075522,59.79171218410895,38.43128686912825,0.1602213968392688,0.03641395382710655,93.18330784356566,1.1506809409365668,4.0783628286359335,0.24761488602432452,10.436239166848736,47.359988347534774,24.462894181050178,0.2985944213822737,33.937804966863304,100.0,83.1549049595805,19.372223436020683,20.78508484451242,21.892069040856455,1.9153739713058044,1.5148204792076323,5.56405214478188,10.705702425169324,13.524142451387371,0.3714223290364868,0.2913116306168524,2.192120020391814,1.8061321098244847,98.19386789017551,52.9750200276746,71.51700531643726,75.75558954191246,44.38132692447746,25.387808608258684,25.169324885296046,6.583642851940864,5.957322846114631,0.7719758211346588,82.52130216298886,91.23151991843274,91.06401573082805,31.69470541111354,76.70963513218265,18.4545917995776,3.313669798266696,41.77408783045663,13.487728497560266,4.289563760833151,0.8156725657271866,16.553783409802637,5.846799062538547,2.614522,13731,2.614522,13731,1.4110526,25442.0,0.97042763,36994.0
050204,677,76.95716395864106,13.589364844903988,5.612998522895126,0.29542097488921715,0.0,52.28951255539143,27.326440177252586,20.38404726735598,58.493353028064995,46.08567208271787,12.407680945347119,41.506646971935005,29.394387001477106,1.329394387001477,2.9542097488921715,24.519940915805023,93.205317577548,92.76218611521418,0.0,0.14771048744460857,6.794682422451994,0.7385524372230429,92.90989660265879,5.1698670605613,93.64844903988183,1.03397341211226,80.79763663220089,84.78581979320532,75.77548005908419,9.010339734121123,13.44165435745938,0.29542097488921715,1.329394387001477,81.83161004431315,10.3397341211226,1.329394387001477,5.317577548005908,0.14771048744460857,62.77695716395864,36.1890694239291,0.0,0.0,89.95568685376662,1.9202363367799113,6.794682422451994,0.29542097488921715,12.259970457902511,45.49483013293944,32.348596750369275,0.5908419497784343,35.450516986706056,100.0,86.55834564254062,43.870014771048744,19.202363367799112,11.225997045790251,0.4431314623338257,2.06794682422452,5.612998522895126,10.782865583456426,14.47562776957164,0.5908419497784343,0.7385524372230429,1.6248153618906942,6.056129985228951,93.94387001477105,24.224519940915805,65.5834564254062,80.50221565731167,26.440177252584935,39.29098966026588,28.212703101920237,4.283604135893649,3.9881831610044314,1.329394387001477,77.69571639586411,88.0354505169867,87.8877400295421,27.326440177252586,71.04874446085672,53.028064992614475,2.806499261447563,61.74298375184638,14.47562776957164,5.612998522895126,1.1816838995568686,10.3397341211226,5.974025974025974,2.985229,677,2.985229,677,1.72,1175.0,1.195858,1690.0
050301,2182,68.6526122823098,15.077910174152153,11.824014665444546,9.578368469294226,0.27497708524289644,57.83684692942255,13.336388634280476,28.826764436296976,79.37671860678277,68.37763519706691,10.999083409715857,20.623281393217233,73.41888175985335,0.7332722273143905,3.9871677360219984,0.6416131989000916,87.53437213565536,84.7846012832264,1.3290559120073326,0.13748854262144822,12.465627864344638,49.17506874427131,46.2878093492209,3.391384051329056,95.5545371219065,1.008249312557287,77.95600366636114,81.80568285976169,67.55270394133822,14.252978918423464,12.144821264894592,0.8707607699358387,4.949587534372136,77.3602199816682,13.519706691109075,0.458295142071494,6.645279560036664,0.36663611365719523,73.37305224564619,25.939505041246562,0.0,0.0,47.662694775435384,18.927589367552702,31.57653528872594,0.27497708524289644,10.724106324472961,70.57745187901008,15.582034830430798,0.229147571035747,33.638863428047664,100.0,73.14390467461045,24.106324472960587,20.07332722273144,22.36480293308891,1.1915673693858846,0.8707607699358387,17.277726856095324,11.228230980751604,15.811182401466544,0.5957836846929423,0.6416131989000916,1.695692025664528,3.1622364802933087,96.8377635197067,63.748854262144825,61.182401466544455,69.06507791017415,25.43538038496792,27.451879010082493,35.93033913840513,13.06141154903758,11.45737855178735,1.5123739688359303,71.81484876260312,87.03024747937671,86.93858845096241,27.772685609532537,64.3904674610449,9.21173235563703,2.9789184234647115,36.617781851512376,7.470210815765353,8.47846012832264,0.687442713107241,10.81576535288726,6.520985084980922,2.8359303,2182,2.8359303,2182,1.500485,4124.0,1.0665288,5802.0
050401,2012,74.85089463220676,11.530815109343937,5.019880715705765,1.0437375745526838,0.44731610337972166,55.46719681908549,20.974155069582505,23.55864811133201,76.8389662027833,36.67992047713717,40.15904572564612,23.1610337972167,74.15506958250496,0.7952286282306164,1.1928429423459244,0.4970178926441352,96.62027833001989,95.62624254473161,0.5964214711729622,0.14910536779324055,3.3797216699801194,0.1988071570576541,98.01192842942346,0.3976143141153082,98.31013916500994,1.242544731610338,65.70576540755467,83.94632206759444,65.15904572564612,18.78727634194831,10.288270377733598,0.2485089463220676,4.870775347912525,55.66600397614314,32.95228628230616,1.9383697813121272,7.256461232604374,0.5964214711729622,56.90854870775348,40.65606361829026,0.2982107355864811,0.0,91.35188866799204,0.8449304174950298,6.461232604373757,0.3976143141153082,14.662027833001988,52.037773359840955,16.50099403578529,0.14910536779324055,53.13121272365805,100.0,77.5844930417495,23.906560636182903,24.30417495029821,12.475149105367793,1.341948310139165,0.9443339960238568,3.727634194831014,10.238568588469185,23.707753479125248,0.09940357852882704,2.0377733598409544,3.5785288270377733,6.461232604373757,93.53876739562624,35.636182902584494,48.409542743538765,75.19880715705766,17.34592445328032,34.89065606361829,15.109343936381709,19.880715705765407,1.1928429423459244,0.44731610337972166,78.08151093439363,90.85487077534792,90.85487077534792,26.73956262425447,72.71371769383698,14.463220675944333,2.5347912524850895,19.63220675944334,5.019880715705765,3.5785288270377733,0.6461232604373758,5.715705765407555,2.425373134328358,2.5656064,2012,2.5656064,2012,1.872325,2757.0,1.2293403,4199.0
050403,1455,63.986254295532646,15.807560137457045,2.6804123711340204,1.7182130584192439,2.611683848797251,33.95189003436426,31.40893470790378,34.63917525773196,34.57044673539519,29.415807560137456,5.154639175257732,65.4295532646048,32.508591065292094,0.27491408934707906,1.3058419243986255,0.27491408934707906,59.175257731958766,57.59450171821306,0.6185567010309279,0.27491408934707906,40.824742268041234,0.06872852233676977,87.62886597938144,8.384879725085911,87.83505154639175,3.7800687285223367,53.402061855670105,46.391752577319586,35.12027491408935,11.271477663230241,40.687285223367695,1.0996563573883162,11.065292096219931,90.79037800687286,4.879725085910653,0.27491408934707906,3.0240549828178693,0.3436426116838488,50.446735395189,47.560137457044675,0.0,0.0,92.30240549828179,1.7182130584192439,4.948453608247423,0.13745704467353953,40.618556701030926,47.2852233676976,8.65979381443299,0.06872852233676977,54.57044673539519,100.0,58.83161512027491,3.986254295532646,14.707903780068728,10.515463917525773,0.20618556701030927,0.13745704467353953,5.360824742268041,9.621993127147766,19.518900343642613,0.27491408934707906,4.948453608247423,5.635738831615121,8.52233676975945,91.47766323024055,27.697594501718214,48.45360824742268,44.192439862542955,19.79381443298969,22.2680412371134,20.893470790378007,9.553264604810996,7.285223367697594,0.6185567010309279,61.92439862542955,81.37457044673539,81.16838487972508,9.484536082474227,59.79381443298969,6.116838487972508,2.611683848797251,19.656357388316152,3.3676975945017182,1.7869415807560138,0.20618556701030927,2.88659793814433,5.420666290231508,1.5257732,1455,1.5257732,1455,1.1449201,1939.0,0.7266776,3055.0
050601,1322,89.78819969742814,5.521936459909228,0.37821482602118,0.15128593040847202,0.15128593040847202,82.29954614220877,8.472012102874432,9.228441754916792,90.69591527987897,82.37518910741301,8.32072617246596,9.304084720121029,84.26626323751891,1.361573373676248,4.614220877458396,0.22692889561270801,93.72163388804842,92.6626323751891,0.45385779122541603,0.07564296520423601,6.278366111951589,0.15128593040847202,94.40242057488653,3.8577912254160363,94.55370650529501,1.51285930408472,80.48411497730712,94.62934947049925,76.70196671709532,17.927382753403933,4.084720121028744,0.15128593040847202,0.983358547655068,83.05597579425114,8.774583963691377,1.059001512859304,5.446293494704992,0.983358547655068,74.28139183055976,24.20574886535552,0.15128593040847202,0.07564296520423601,55.597579425113466,9.228441754916792,28.59304084720121,5.3706505295007565,10.514372163388805,55.29500756429652,32.75340393343419,0.30257186081694404,22.087745839636913,100.0,85.24962178517399,11.875945537065054,17.927382753403933,25.56732223903177,2.4205748865355523,0.75642965204236,12.027231467473525,10.968229954614221,6.505295007564296,0.8320726172465961,1.8154311649016641,0.8320726172465961,2.1936459909228443,97.80635400907715,77.68532526475038,63.61573373676248,79.04689863842663,40.771558245083206,25.71860816944024,39.183055975794254,16.11195158850227,3.3282904689863844,0.983358547655068,81.92133131618759,90.24205748865356,90.16641452344932,26.172465960665658,77.00453857791226,20.423600605143722,2.6475037821482603,59.304084720121025,12.48108925869894,6.42965204236006,1.8910741301059002,27.307110438729197,4.861111111111111,2.4001513,1322,2.4001513,1322,1.0810903,2935.0,0.7693986,4124.0
050701,1026,85.86744639376218,8.284600389863547,0.4873294346978557,0.0,0.0,70.46783625730994,16.179337231968812,13.352826510721247,80.79922027290448,65.98440545808967,14.814814814814815,19.200779727095515,76.21832358674465,0.4873294346978557,3.801169590643275,0.09746588693957114,90.35087719298245,89.47368421052632,0.3898635477582846,0.09746588693957114,9.649122807017545,0.0,91.71539961013646,6.530214424951267,91.71539961013646,1.7543859649122806,71.15009746588694,92.00779727095517,75.63352826510722,16.374269005847953,5.165692007797271,0.4873294346978557,1.949317738791423,80.99415204678363,12.670565302144249,0.5847953216374269,4.1910331384015596,0.09746588693957114,35.28265107212476,63.54775828460039,0.0,0.0,95.80896686159844,1.4619883040935673,1.5594541910331383,0.29239766081871343,25.536062378167642,47.46588693957115,14.132553606237817,0.3898635477582846,31.968810916179336,100.0,78.3625730994152,16.179337231968812,20.662768031189085,16.374269005847953,1.0721247563352827,0.7797270955165692,4.678362573099415,10.916179337231968,11.11111111111111,0.09746588693957114,0.1949317738791423,0.7797270955165692,0.682261208576998,99.317738791423,62.280701754385966,54.67836257309941,66.08187134502924,27.387914230019494,18.61598440545809,23.294346978557506,19.29824561403509,9.941520467836257,0.4873294346978557,66.5692007797271,86.1598440545809,86.06237816764133,8.869395711500974,65.00974658869396,5.360623781676413,0.7797270955165692,31.189083820662766,2.8265107212475633,1.0721247563352827,0.3898635477582846,6.237816764132553,9.687034277198212,2.2270956,1026,2.2270956,1026,1.322338,1728.0,0.8108588,2818.0
050801,9327,94.53200385976199,2.583896215288946,0.5146349308459311,0.37525463707515816,0.2680390264822558,88.9139058646939,6.272113219684786,4.813980915621315,95.90436367535114,79.59686930417068,16.307494371180443,4.0956363246488685,89.08545084164254,1.5439047925377936,5.114184625281441,0.010721561059290233,98.86351452771524,98.43465208534363,0.16082341588935348,0.17154497694864373,1.1364854722847646,46.360030020370964,51.37772059611879,1.0828776669883136,97.82352310496408,1.061434544869733,87.28422858368178,98.53114613487723,89.471427039777,9.059719095100247,1.0399914227511526,0.15010185483006325,0.16082341588935348,63.54669239841321,20.939208748793824,3.6774954433365497,9.64940495336121,0.8255602015653479,70.77302455237482,28.798113005253565,0.0321646831778707,0.0,59.837032271898785,7.4836496193845825,30.974589900289484,1.0292698616918623,3.8168757371073228,61.65969765197813,32.02530288409992,1.2758657660555377,22.215074514849363,100.0,91.27264929773776,29.291304813980915,18.730567170580038,25.109896000857724,1.618955719952825,3.8168757371073228,7.773131767985419,11.182588184839712,9.17765626675244,0.2573174654229656,0.5360780529645116,0.47174868660877023,0.9434973732175405,99.05650262678246,75.15814302562453,75.23319395303956,87.40216575533398,48.740216575533395,28.05832529216254,48.8474321861263,25.33504878310282,2.476680604696044,0.6861799077945749,88.38854937278867,94.15674922268683,94.01736892891606,52.88946070547872,76.75565562345878,43.85118473249705,6.625924734641364,73.17465422965584,21.72188270612201,18.38747721668275,1.5117401093599228,38.98359601157929,5.197468128733173,2.970194,9327,2.970194,9327,1.355399,20439.0,0.95801777,28917.0
050901,711,93.81153305203938,3.938115330520394,1.2658227848101267,0.5625879043600562,0.2812939521800281,72.57383966244726,21.80028129395218,5.625879043600563,90.85794655414908,74.68354430379746,16.17440225035162,9.142053445850914,81.15330520393812,1.969057665260197,7.454289732770746,0.0,98.31223628691983,95.78059071729957,2.390998593530239,0.14064697609001406,1.6877637130801688,0.14064697609001406,96.62447257383967,2.6722925457102673,96.76511954992968,0.5625879043600562,87.0604781997187,96.62447257383967,85.51336146272855,11.11111111111111,2.5316455696202533,0.4219409282700422,0.2812939521800281,75.66807313642757,14.486638537271448,0.9845288326300985,7.172995780590718,0.5625879043600562,85.51336146272855,13.642756680731365,0.0,0.0,95.35864978902954,0.8438818565400844,2.5316455696202533,0.7032348804500703,3.2348804500703237,54.14908579465541,35.16174402250352,0.2812939521800281,22.22222222222222,100.0,91.27988748241913,23.488045007032348,25.59774964838256,19.549929676511955,2.250351617440225,8.438818565400844,3.7974683544303796,5.9071729957805905,9.70464135021097,0.0,0.0,0.2812939521800281,0.9845288326300985,99.0154711673699,68.07313642756681,60.33755274261603,81.29395218002813,48.80450070323488,47.81997187060478,49.36708860759494,18.9873417721519,5.625879043600563,1.6877637130801688,86.91983122362869,93.95218002812939,93.67088607594937,17.58087201125176,83.54430379746836,47.39803094233474,3.5161744022503516,65.40084388185655,37.271448663853725,12.09563994374121,0.9845288326300985,67.79184247538677,5.641025641025641,3.0014064,711,3.0014064,711,1.3472222,1584.0,0.9467613,2254.0
051102,1230,63.577235772357724,14.878048780487806,6.991869918699187,2.845528455284553,0.6504065040650406,46.09756097560975,20.16260162601626,33.739837398373986,67.07317073170732,59.10569105691057,7.967479674796748,32.926829268292686,63.90243902439025,0.8943089430894309,1.6260162601626016,0.24390243902439024,82.35772357723577,80.73170731707317,0.4065040650406504,0.3252032520325203,17.642276422764226,43.739837398373986,46.260162601626014,3.008130081300813,90.0,6.178861788617886,74.8780487804878,86.7479674796748,78.53658536585365,8.211382113821138,10.731707317073171,0.16260162601626016,0.7317073170731707,87.15447154471545,6.991869918699187,0.08130081300813008,4.146341463414634,0.5691056910569106,67.39837398373983,29.59349593495935,0.3252032520325203,0.16260162601626016,64.79674796747967,10.56910569105691,20.32520325203252,0.975609756097561,17.235772357723576,64.71544715447155,15.447154471544716,0.4878048780487805,33.82113821138211,100.0,68.53658536585365,20.650406504065042,19.51219512195122,21.951219512195124,3.252032520325203,0.4878048780487805,14.959349593495935,7.3983739837398375,19.1869918699187,1.951219512195122,0.8130081300813008,2.7642276422764227,5.609756097560975,94.39024390243902,57.15447154471545,54.22764227642276,58.94308943089431,23.252032520325205,38.94308943089431,42.113821138211385,15.772357723577235,18.78048780487805,0.7317073170731707,76.17886178861788,89.51219512195122,89.4308943089431,5.853658536585366,75.36585365853658,16.829268292682926,1.1382113821138211,25.772357723577237,4.308943089430894,2.682926829268293,0.4878048780487805,8.455284552845528,2.52904989747095,2.8471544,1230,2.8471544,1230,1.6526663,2119.0,1.0811979,3239.0
051201,9037,88.00486887241341,5.178709748810446,3.7512448821511564,0.9405776253181366,0.09959057209250857,62.1998450813323,26.41363284275755,11.386522075910147,82.6712404559035,60.772380214673014,21.898860241230498,17.328759544096492,19.099258603518866,7.867655195308178,55.018258271550295,0.033196857364169524,94.71063405997566,93.18357862122386,0.69713400464756,0.2545092397919664,5.289365940024345,28.527166094943013,68.78388845855926,0.486887241341153,97.38851388735199,1.8811552506362732,79.46221091070045,87.67290029877172,61.53590793404891,26.136992364722808,8.36560805577072,0.8631182914684077,2.036073918335731,60.185902401239346,23.359521965253958,1.7704990594223746,9.925860351886689,0.7524621002545092,69.99004094279076,28.50503485670023,0.044262476485559366,0.0,87.29666924864446,2.423370587584375,8.299214341042381,0.3762310501272546,5.145512891446276,51.7428350116189,34.93415956622773,0.3872966692486445,33.772269558481796,100.0,86.68806019696802,22.197631957508023,23.10501272546199,18.479583932721035,2.0139426800929514,4.592231935376784,6.517649662498616,9.08487329866106,13.820958282615912,0.16598428682084762,0.033196857364169524,0.11065619121389841,2.943454686289698,97.0565453137103,20.405001659842867,67.30109549629302,82.93681531481687,46.57519088192984,36.53867433882926,47.914130795618014,9.936925971008078,8.288148721920992,0.8077901958614584,88.28150935044816,94.50038729666925,94.37866548633396,44.06329534137435,80.08188558149828,29.788646674781454,3.4746044041164104,57.31990704879938,23.558703109438973,8.830364058869094,0.840987053225628,51.75390063074029,4.794455520744328,2.6187894,9037,2.6187894,9037,1.4404138,16430.0,1.0021172,23616.0
051203,4114,89.96110841030627,7.754010695187166,0.8507535245503159,0.12153621779290229,0.24307243558580457,67.18522119591638,23.675255226057367,9.139523578026251,95.47885269810403,38.551288283908605,56.92756441419543,4.521147301895965,93.09674282936315,0.3159941662615459,1.2882839086047642,0.4132231404958678,99.31939718035974,97.71511910549344,1.2639766650461837,0.24307243558580457,0.6806028196402528,0.26737967914438504,96.69421487603306,0.583373845405931,97.05882352941177,2.333495381623724,62.42100145843462,97.61789013125912,85.87749149246476,11.74039863879436,1.4827418570734079,0.36460865337870685,0.3159941662615459,38.33252309188138,46.183762761302866,1.8230432668935344,7.99708313077297,3.840544482255712,76.15459406903257,22.28974234321828,0.0,0.0,92.07583859990277,2.382109868740885,4.691298006806028,0.2916869227029655,3.4759358288770055,74.5017015070491,17.57413709285367,0.4132231404958678,60.52503646086534,100.0,91.58969372873116,33.90860476421974,16.188624210014584,12.153621779290228,5.274671852211959,0.9965969859017987,1.7258142926592124,7.024793388429752,27.734564900340303,0.19445794846864364,0.6562955760816723,0.1701507049100632,1.6285853184248906,98.3714146815751,37.263004375303844,51.944579484686436,72.70296548371415,23.91832766164317,34.97812348079728,18.765192027224114,16.52892561983471,1.9445794846864366,0.7049100631988332,86.04764219737481,93.24258629071463,93.04812834224599,35.269810403500244,78.43947496353914,33.179387457462326,2.3578026251823045,35.99902771025766,12.712688381137578,2.9411764705882355,0.7778317938745746,21.584832280019445,1.8769787426503843,2.8074865,4114,2.8074865,4114,2.0743535,5568.0,1.4661082,7878.0
051501,11445,90.32765399737877,4.18523372651813,2.4290083005679337,1.328090869375273,0.3931847968545216,81.04849279161206,10.030581039755353,8.92092616863259,93.43818261249454,76.3302752293578,17.10790738313674,6.561817387505461,87.55788553953691,1.2145041502839669,4.220183486238532,0.24464831804281345,97.32634338138925,96.60987330712102,0.1310615989515072,0.24464831804281345,2.673656618610747,45.61817387505461,52.8003494975972,0.7601572739187418,98.50589777195282,0.7077326343381389,86.26474442988204,96.80209698558322,81.97466142420271,14.827435561380515,2.3066841415465267,0.24464831804281345,0.42813455657492355,69.16557448667541,19.08256880733945,2.0096111839231106,7.619047619047619,0.7164700742682394,64.95412844036697,34.08475316732198,0.10484927916120576,0.09611183923110529,59.973787680209696,7.758846657929227,30.257754477937965,0.672782874617737,6.203582350371341,58.40104849279161,30.790738313674094,2.6212319790301444,23.451288772389688,100.0,86.78899082568807,30.292704237658366,17.859327217125383,29.47138488422892,4.071647007426824,3.3901266928789866,13.123634775010922,11.140235910878113,15.028396679772827,0.8300567933595456,0.5067715159458279,0.41939711664482304,2.00087374399301,97.99912625600699,72.26736566186108,74.6614242027086,84.43861948449104,34.75753604193971,28.20445609436435,57.78942769768458,19.60681520314548,4.989078200087374,0.8824814329401486,83.31148973350808,91.56837046745304,91.33245958934032,36.89820882481433,75.91087811271298,37.745740498034074,3.215377894276977,56.54871122761031,15.342944517256443,21.8523372651813,1.2669287898645696,35.718654434250766,6.829819277108434,3.5319355,11445,3.5319355,11445,1.6746624,24138.0,1.2090387,33434.0
060101,65296,90.27352364616516,3.2544106836559665,5.171832884097035,5.001837784856653,0.32773829943641264,86.6959691252144,8.899473168341093,4.404557706444499,97.69970595442294,73.73805439843176,23.96165155599118,2.3002940455770644,78.47647635383484,3.9221391815731437,14.440394511149227,0.31701788777260476,99.21281548640039,98.61859838274933,0.052070570938495465,0.2526954177897574,0.787184513599608,47.26476353834845,49.77333986767949,0.6401617250673854,97.26016907620681,2.0659764763538346,81.43837294780691,97.22035040431267,84.74944866454301,12.470901739769664,1.8791350159274687,0.297108551825533,0.3981867189414359,59.058747855917666,24.038225925018377,4.551580494976721,9.090909090909092,0.9816834109286939,92.42985787797109,7.046373437882872,0.08882626807155108,0.01378338642489586,39.51696888017643,15.778914481744671,43.73162215143347,0.28945111492281306,2.519296740994854,33.017336437147755,52.43965939720657,10.38195295270767,27.246691987258025,100.0,90.5537858368047,35.97157559421711,16.713121783876502,24.810095564812546,2.7980274442538593,6.700257289879931,6.554765988728253,8.054092134280813,11.146165155599117,0.1179245283018868,0.04288164665523156,0.2435064935064935,0.5406150453320264,99.45938495466797,61.048149963244306,68.65811075716736,85.91644204851752,50.2542269051703,39.13716000980152,44.59538103406028,27.715327125704484,1.5850894388630237,0.9433962264150944,89.13869149718207,93.60604018622887,93.27677039941192,64.96263170791472,75.78565302621907,29.35861308502818,10.677530017152659,78.50863758882628,24.28173241852487,22.37503062974761,3.4887282528791963,39.72218818916932,8.569465474024405,3.2263231,65296,3.2263231,65296,1.5305135,137644.0,1.1934804,176514.0
060202,9414,88.91013384321224,4.19587847886127,4.418950499256427,4.153388570214574,1.2215848735925219,84.09815168897387,9.570851922668366,6.330996388357765,98.11982154238369,78.86127044826854,19.25855109411515,1.880178457616316,88.37900998512853,1.8270660718079457,7.063947312513278,0.4355215636286382,99.16082430422775,98.47036328871893,0.4461440407903123,0.19120458891013384,0.839175695772254,54.047163798597836,42.341193966432975,0.8710431272572764,96.49458253664754,2.602506904610155,74.282982791587,94.06203526662418,81.07074569789675,12.991289568727428,5.0775440832802206,0.36116422349691946,0.2761844062035267,68.4618653069896,18.780539621839814,2.3263224984066286,7.658806033567028,0.9454004673889951,93.99830040365413,3.229233057148927,1.9332908434246867,0.08497981729339282,48.99086466964096,9.538984491183344,39.36690036116423,0.32929679201189715,4.2383683875079665,48.96961971531761,36.03144253239856,9.06097301890801,24.941576375610794,100.0,85.8933503292968,37.96473337582324,14.903335457828765,27.905247503717867,3.112385808370512,2.5281495644784364,8.614828978117696,9.549606968345017,12.693860208200553,0.4036541321436159,0.14871468026343743,0.20182706607180795,1.6358614828978117,98.36413851710219,71.79732313575526,67.69704695134905,84.44869343530911,33.482048013596774,33.26959847036329,47.748034841725094,52.35818992989165,2.4537922243467176,1.3596770766942852,85.6490333545783,91.78882515402591,91.6294879966008,54.66326747397493,74.771616741024,23.996175908221797,4.132143615891226,78.41512640747823,10.048863394943702,12.003399192691736,19.481623114510302,37.05120033991927,4.455730164814105,3.420119,9414,3.420119,9414,1.6774513,19194.0,1.3013622,24741.0
060301,20574,90.67755419461456,4.792456498493244,3.3634684553319723,3.1253037814717604,0.1944201419267036,84.31029454651502,10.04666083406241,5.6430446194225725,98.32312627588219,76.97093418878195,21.352192087100224,1.6768737241178187,82.47788470885584,2.488577816661806,12.603285700398562,0.43258481578691554,99.35841353164187,98.61475648877224,0.06318654612617867,0.42772431223874796,0.6415864683581219,48.49810440361622,48.070380091377466,1.1665208515602217,96.68027607660153,2.099737532808399,80.40731019733644,94.27918732380675,78.65752891999611,15.621658403810635,4.466802760766015,0.2916302128900554,0.7874015748031497,61.98600174978128,22.54787595994945,3.465539029843492,8.364926606396423,1.3171964615534169,95.29989306892195,1.3463594828424226,2.3670652279576165,0.0486050354816759,78.48741129581025,9.162049188295908,11.242344706911636,0.1506756099931953,6.017303392631477,48.080101098473804,39.127053562749104,4.870224555263925,24.53096140760183,100.0,89.60338291046952,37.81957810829202,15.59249538252163,26.353650238164676,3.0669777388937494,2.371925731505784,7.932341790609507,8.496160202196947,11.470788373675513,0.6415864683581219,0.0972100709633518,0.2527461845047147,0.5297948867502673,99.47020511324973,65.7626130067075,69.79197044813843,82.21055701370662,37.92650918635171,31.855740254690385,46.56362399144551,26.470302323320695,2.896860114707884,0.9672402060853504,86.08437834159619,91.78574900359678,91.68367842908525,57.154661222902696,71.61951978224944,28.808204529989307,3.601633129192184,77.94303489841548,14.367648488383397,12.428307572664528,15.728589481870321,36.63361524253913,3.878212049233427,3.410761,20574,3.410761,20574,1.6232477,43230.0,1.3059815,53732.0
060302,1260,96.11111111111111,3.0952380952380953,0.3968253968253968,0.23809523809523808,0.07936507936507936,82.85714285714286,13.73015873015873,3.4126984126984126,96.34920634920636,73.01587301587301,23.333333333333332,3.6507936507936507,82.46031746031746,3.253968253968254,10.238095238095237,0.0,99.60317460317461,99.12698412698413,0.07936507936507936,0.23809523809523808,0.3968253968253968,45.79365079365079,46.904761904761905,1.746031746031746,93.01587301587301,5.238095238095238,74.68253968253968,92.22222222222223,78.33333333333333,13.88888888888889,6.984126984126984,0.23809523809523808,0.23809523809523808,62.38095238095238,27.61904761904762,1.9841269841269842,5.555555555555555,1.5873015873015872,89.44444444444444,8.412698412698413,1.507936507936508,0.07936507936507936,72.14285714285714,18.80952380952381,8.492063492063492,0.0,3.015873015873016,43.80952380952381,49.04761904761905,2.9365079365079363,31.746031746031747,100.0,93.4920634920635,42.93650793650794,16.03174603174603,16.746031746031747,1.746031746031746,1.2698412698412698,5.555555555555555,5.317460317460317,12.301587301587302,0.15873015873015872,0.07936507936507936,0.07936507936507936,0.31746031746031744,99.68253968253968,63.57142857142857,63.65079365079365,79.68253968253968,43.333333333333336,29.682539682539684,42.38095238095238,31.666666666666668,0.6349206349206349,0.873015873015873,86.66666666666667,91.98412698412699,91.66666666666667,48.80952380952381,78.17460317460318,17.38095238095238,1.1904761904761905,73.33333333333333,12.46031746031746,9.920634920634921,9.047619047619047,36.42857142857143,3.6036036036036037,3.1238096,1260,3.1238096,1260,1.6352305,2407.0,1.2455696,3160.0
060303,10331,91.41419030103572,4.743006485335398,1.9068821992062723,1.6939308876197852,0.8808440615622882,77.3206853160391,16.11654244506824,6.562772238892653,96.47662375375084,85.0256509534411,11.450972800309748,3.523376246249153,60.226502758687445,4.733326880263285,30.442357951795568,0.03871842028845223,97.39618623560159,96.40886651824606,0.0677572355047914,0.32910657245184394,2.6038137643984127,31.855580292324074,60.92343432387958,4.936598586777659,93.01132513793438,1.99399864485529,77.27228729067853,93.86313038428032,78.99525699351466,14.867873390765658,5.101151873003581,0.4839802536056529,0.30974736230761785,72.59703804084793,14.199980640789855,2.4586196883167166,6.543413028748427,0.9389216919949666,91.46258832639629,4.123511760720163,1.8584841738457072,0.3194269673797309,88.89749298228632,7.162907753363663,2.836124286129126,0.10647565579324364,13.154583293001645,49.95644177717549,32.05885199883845,1.99399864485529,29.900300067757236,100.0,81.8313812796438,37.934372277611075,16.919949666053625,21.450004839802535,2.6522117897589776,1.3938631303842803,5.769044622979383,6.804762365695479,14.3064562965831,2.371503242667699,0.07743684057690446,0.15487368115380892,1.17123221372568,98.82876778627433,56.141709418255736,62.89807375859065,75.93650179072694,29.309844158358338,25.118575162133386,39.84125447681735,38.58290581744265,1.51969799632175,1.2486690543025845,81.250604975317,89.55570612719,89.45891007646888,44.24547478462879,69.06398218952667,19.030103571774273,2.9716387571387086,69.96418546123319,11.55744845610299,3.16523085858097,20.1626173652115,31.487755299583778,8.884524744697565,3.1469364,10331,3.1469364,10331,1.7094858,19018.0,1.3554157,23986.0
060401,703,92.88762446657184,2.1337126600284493,2.275960170697013,1.5647226173541964,0.1422475106685633,81.79231863442389,14.509246088193457,3.6984352773826457,97.01280227596017,83.21479374110953,13.79800853485064,2.987197724039829,69.70128022759602,4.409672830725462,21.62162162162162,0.0,98.8620199146515,98.29302987197724,0.0,0.1422475106685633,1.1379800853485065,56.6145092460882,39.97155049786629,2.275960170697013,96.72830725462305,0.7112375533428165,86.91322901849217,87.62446657183499,78.37837837837837,9.246088193456615,10.099573257467995,0.5689900426742532,1.2802275960170697,78.37837837837837,11.2375533428165,0.5689900426742532,7.112375533428165,1.7069701280227596,64.15362731152204,35.2773826458037,0.0,0.1422475106685633,25.889046941678522,50.924608819345664,21.62162162162162,0.9957325746799431,4.267425320056899,56.89900426742532,30.15647226173542,6.827880512091038,24.039829302987197,100.0,89.900426742532,38.83357041251778,15.789473684210526,25.604551920341393,2.1337126600284493,0.4267425320056899,5.689900426742532,8.961593172119487,10.953058321479373,0.1422475106685633,0.8534850640113798,0.9957325746799431,1.7069701280227596,98.29302987197724,62.16216216216216,65.00711237553342,86.0597439544808,32.71692745376956,34.13940256045519,47.652916073968704,26.31578947368421,4.125177809388336,1.2802275960170697,81.79231863442389,91.18065433854908,90.61166429587482,39.68705547652916,75.67567567567568,20.483641536273115,6.827880512091038,75.67567567567568,15.5049786628734,7.396870554765291,1.2802275960170697,30.58321479374111,8.102108768035515,3.4537694,703,3.4537694,703,1.6721764,1452.0,1.2262626,1980.0
060501,1762,89.5005675368899,2.0431328036322363,5.448354143019296,4.767309875141884,0.39727582292849034,85.07377979568672,10.385925085130534,4.540295119182747,96.08399545970488,83.65493757094211,12.42905788876277,3.9160045402951194,67.19636776390466,5.334846765039727,22.64472190692395,0.28376844494892167,98.75141884222475,97.72985244040862,0.056753688989784334,0.340522133938706,1.2485811577752555,53.972758229284906,42.508513053348466,2.6674233825198637,96.48127128263337,0.7945516458569807,88.64926220204313,90.06810442678774,77.75255391600454,12.3155505107832,7.604994324631101,0.7945516458569807,1.2485811577752555,76.50397275822928,10.612939841089672,0.5107832009080591,8.51305334846765,2.1566401816118046,72.1339387060159,27.298524404086265,0.11350737797956867,0.0,19.12599318955732,57.20771850170261,22.190692395005676,0.7377979568671964,3.348467650397276,40.40862656072645,44.09761634506243,8.91032917139614,19.750283768444948,100.0,90.5788876276958,42.111237230419974,12.939841089670828,27.241770715096482,2.7809307604994324,0.7377979568671964,8.683314415437003,10.612939841089672,10.839954597048807,0.056753688989784334,0.7945516458569807,0.39727582292849034,1.872871736662883,98.12712826333711,63.33711691259932,72.8717366628831,83.88195232690124,43.870601589103295,46.25425652667423,55.27809307604994,28.774120317820657,4.370034052213394,1.191827468785471,84.4494892167991,92.05448354143019,91.43019296254256,51.8161180476731,74.74460839954597,35.92508513053348,11.748013620885358,78.71736662883087,21.225879682179343,16.458569807037456,1.7026106696935301,33.995459704880815,9.467195068251872,3.3955731,1762,3.3955731,1762,1.5321382,3905.0,1.0977981,5450.0
060601,1292,94.50464396284829,4.7213622291021675,0.0,0.0,0.0,86.84210526315789,7.817337461300309,5.340557275541796,97.91021671826626,79.02476780185758,18.88544891640867,2.0897832817337463,75.23219814241486,6.191950464396285,15.170278637770897,0.8513931888544891,99.61300309597523,99.30340557275542,0.0,0.23219814241486067,0.38699690402476783,37.84829721362229,58.51393188854489,1.08359133126935,96.51702786377709,2.3993808049535605,77.78637770897832,98.83900928792569,83.20433436532508,15.634674922600619,0.8513931888544891,0.07739938080495357,0.07739938080495357,62.538699690402474,24.53560371517028,2.476780185758514,7.198142414860681,1.6253869969040247,77.47678018575851,21.362229102167184,0.541795665634675,0.0,38.31269349845201,34.98452012383901,25.386996904024766,0.541795665634675,3.4055727554179565,47.36842105263158,41.56346749226006,6.037151702786378,27.78637770897833,100.0,92.6470588235294,40.01547987616099,15.24767801857585,21.439628482972136,3.0959752321981426,0.7739938080495357,5.340557275541796,6.424148606811145,12.229102167182663,0.30959752321981426,0.23219814241486067,0.15479876160990713,0.23219814241486067,99.76780185758514,64.24148606811146,68.26625386996903,82.27554179566563,35.294117647058826,30.108359133126935,34.59752321981424,26.006191950464395,1.8575851393188854,1.08359133126935,83.74613003095975,90.71207430340557,90.63467492260062,49.38080495356037,72.75541795665634,22.523219814241486,1.7027863777089782,73.76160990712074,11.687306501547988,7.043343653250774,2.6315789473684212,31.5015479876161,7.786633966891477,3.1896286,1292,3.1896286,1292,1.6179819,2547.0,1.1979651,3440.0
070101,450791,95.36193047332355,3.625848785800959,0.5663378372682685,0.4942423429039178,0.05900738923359162,84.80936842128614,11.212513115834167,3.9781184628796935,98.87375746188367,73.94579749817542,24.927959963708236,1.1262425381163332,70.71059537568408,12.961217060677786,14.647807964222888,0.05545807258796205,99.67435019776349,98.99110674347979,0.03327484355277723,0.3138926908478652,0.32564980223651313,34.199662371254085,61.936684627687775,0.5390524655549911,96.92096780991635,2.4942822727161813,81.09456488705409,97.40345304143162,76.31119521019718,21.09225783123443,1.8935604304433762,0.16459955944107135,0.3651359499191421,54.95739710863793,28.234148419112184,5.331960930897023,8.706030067148633,0.9643049661594841,97.10819426297331,0.7899447859429314,1.1484257671515181,0.021517732164129274,17.99814104540685,65.7792635611625,13.762697125719013,0.1992053967359597,3.0954477795696898,23.80238292246296,63.468436592567286,3.5266897520136826,28.561572879671512,100.0,91.54641507927177,37.72502112952566,14.25782679778434,26.393162241482194,3.9304245204540464,7.418071789365803,8.284992380060826,7.480850327535377,13.384694902959465,0.3933086507938269,0.021517732164129274,0.041038973715091916,0.15262061576207156,99.84737938423793,62.468194795370806,58.30883935127365,85.26634293941095,46.55616460843273,37.09745758012028,46.056154625979666,17.04049104795792,0.5350594843286578,1.1754893065744436,87.37264053630174,91.78665944972282,91.6222817225721,63.07512794177346,75.37927775842907,40.31735327457736,7.090869161096828,79.97453365306761,32.76529478183903,12.059246968107171,29.359947292647814,47.91932403264484,5.723288287847504,3.4840248,450791,3.4840248,450791,1.6447123,954919.0,1.3351064,1.176361e+06
070102,23514,85.51501233307816,6.859743131751297,6.017691587990133,5.443565535425704,0.1233307816619886,66.98987837033256,23.790082504040146,9.220039125627286,94.75631538657821,76.57140426979672,18.184911116781493,5.243684613421792,17.44492642680956,26.33324827762184,48.97082589095858,0.1488474951092966,97.97567406651356,96.1809985540529,1.0291741090414221,0.2976949902185932,2.0243259334864336,11.312409628306542,83.46942247171897,3.5128008845793994,94.99447137875309,1.43744152419835,76.87760483116442,58.025006379178365,45.526069575572,12.498936803606362,35.61282640129285,2.1348983584247683,1.6755975163732244,67.232287148082,15.186697286722804,2.0243259334864336,9.411414476482095,2.917410904142213,93.22956536531429,1.2545717444926427,2.9726971166113803,0.0808029259164753,27.460236454877943,61.05724249383346,6.192055796546738,0.3487284171132092,7.042612911457004,27.524028238496214,45.95134813302713,2.517649060134388,31.194182189334015,100.0,79.40801224802246,42.634175384877096,13.204899208981884,26.13336735561793,3.032236114655099,1.0631963936378328,7.429616398741175,6.621587139576422,20.987496810410818,1.5267500212639278,0.03402228459641065,0.3147061325167985,0.7314791188228289,99.26852088117717,35.319384196648805,55.447818321000256,79.90133537467041,27.621842306710896,25.223271242663944,41.02236965212214,33.39712511695161,1.1610104618525134,1.1525048907034108,80.84545377222081,88.64506251594794,88.52173173428595,38.377137024751214,72.10172663094326,18.725014884749513,3.1683252530407415,71.84230671089564,18.30398911286893,2.74729948116016,13.16662413881092,31.88738623798588,10.325876343138981,3.8078165,23514,3.8078165,23514,1.9932547,44920.0,1.6707158,53592.0
070103,3074,93.9167208848406,1.073519843851659,4.651919323357189,4.39167208848406,0.03253090435914118,88.90696161353286,9.303838646714379,1.789199739752765,98.43851659076122,91.08653220559532,7.351984385165908,1.5614834092387768,55.888093689004556,19.71372804163956,22.055953155497722,0.03253090435914118,99.80481457384515,99.31685100845803,0.357839947950553,0.06506180871828236,0.1951854261548471,34.417696811971375,60.3448275862069,1.236174365647365,97.26740403383214,1.431359791802212,90.82628497072218,82.10800260247235,63.76057254391672,18.347430058555627,4.912166558230319,0.8132726089785296,0.2277163305139883,74.33311646063761,13.532856213402733,2.7651268705270007,3.4157449577098244,4.033832140533507,97.16981132075472,0.878334417696812,0.6506180871828237,0.0,9.433962264150944,65.58230318802863,23.649967469095643,0.4554326610279766,1.9843851659076122,8.392973324658426,84.6779440468445,0.7807417046193884,12.134027325959662,100.0,94.469746258946,52.83018867924528,9.07612231620039,22.18607677293429,3.903708523096942,2.9277813923227067,11.418347430058555,4.521795705920624,8.067664281067014,0.3903708523096942,0.03253090435914118,0.13012361743656473,0.32530904359141183,99.67469095640858,71.99089134677943,75.76447625243982,91.93233571893299,71.9583604424203,73.87768379960963,65.71242680546518,30.77423552374756,0.357839947950553,1.3337670787247886,91.21665582303189,94.30709173715029,94.242029928432,77.81392322706571,85.84905660377359,62.19908913467794,11.678594664931685,90.5985686402082,66.46063760572544,62.06896551724138,69.68119713728042,77.35849056603773,9.720021130480719,3.6363044,3074,3.6363044,3074,1.3267655,8425.0,0.9440081,11841.0
070104,37921,91.62996756414651,6.2524722449302494,1.3264418132433216,1.1945887502966694,0.11603069539305398,74.66047836291237,18.40405052609372,6.935471110993908,97.43413939505815,76.39566467129032,21.038474723767834,2.565860604941853,13.404182379156667,28.261385511985445,54.50541916088711,0.12130481791092007,99.36974235911501,98.5311568787743,0.06592653147332612,0.3981962500988898,0.6302576408849978,27.00350729147438,69.90058279053822,1.1550328314126737,97.12824028902192,1.6666227156456845,79.6023311621529,87.90643706653306,74.17789615252762,13.728540914005432,9.82832731204346,1.0416391972785528,0.7278289074655204,65.69974420505788,19.32965902797922,3.50729147438095,8.31465414941589,1.4846654887793043,97.19680388175418,0.7752960101263152,0.7172806624297883,0.07383771525012527,17.280662429788244,66.0768439650853,13.19058041718309,0.29535086100050106,3.293689512407373,31.38366604256217,57.725270958044355,1.751008675931542,26.507739774794967,100.0,88.27826270404262,43.47986603728805,14.387806228738693,25.51356768017721,2.9113156298620817,1.4477466311542417,8.370032435853485,6.249835183671316,15.2501252604098,0.5168640067508768,0.013185306294665225,0.1634977980538488,0.26106906463437146,99.73893093536563,32.74702671343055,55.34400464122782,84.68658526937581,35.199493684238284,35.62406054692651,44.888056749558295,20.859154558160387,0.8122148677513779,1.115476912528678,86.56680994699506,92.27077345006724,92.18638748978138,52.47488199150866,75.28018775876164,20.998918804883836,2.9825162838532737,79.13029719680388,21.489412199045383,4.308958097096595,14.986419134516495,36.35980063816883,5.210280373831775,3.6630363,37921,3.6630363,37921,1.7938632,77434.0,1.4851333,93531.0
070105,11532,91.53659382587583,6.9632327436697885,0.6330211585154353,0.45091918140825527,0.08671522719389525,68.82587582379466,23.404439819632326,7.7696843565730145,96.86958029830038,75.1647589316684,21.70482136663198,3.1304197016996183,32.37946583420049,9.885535900104058,53.36455081512314,0.1040582726326743,99.21956295525494,98.28303850156088,0.26881720430107525,0.25147415886229624,0.7804370447450573,22.355185570586194,73.49982656954562,2.627471383975026,95.98508498092265,1.3440860215053763,79.68262226847034,82.19736385709331,66.87478321193201,15.32258064516129,15.32258064516129,0.9625390218522373,0.8931668400971211,66.9614984391259,18.331599028789455,3.000346860908776,9.49531737773153,0.9365244536940687,96.78286507110649,1.3007284079084287,0.9278529309746791,0.043357613596947626,13.622962192160944,76.9857787027402,6.252167880679847,0.37287547693374956,3.945542837322234,40.4006243496358,49.52306625043358,2.0378078390565384,28.711411723898717,100.0,90.17516475893167,41.44987859868193,15.88622962192161,24.176205341657994,2.3413111342351716,0.8411377037807839,12.877211238293444,8.36801942421089,14.203954214360042,0.6070065903572668,0.01734304543877905,0.36420395421436,0.2861602497398543,99.71383975026015,30.8792924037461,52.22858133888311,79.34443288241415,28.416579951439473,30.064169268123482,40.46999653139091,32.336108220603535,0.9712105445716268,1.1186264308012488,80.43704474505724,89.86298994103365,89.75026014568158,37.29621921609434,71.24523066250434,22.28581338883108,2.6795005202913633,73.31772459243844,15.123135622615331,2.627471383975026,7.604925424904613,25.641692681234826,4.845814977973569,3.432362,11532,3.432362,11532,1.7261349,22931.0,1.3955505,28363.0
070201,36182,89.03322093858824,7.932120944115859,1.5670775523741087,1.149742966115748,0.18517494886960367,70.11773810181859,20.313968271516224,9.568293626665193,95.13570283566415,77.8232270189597,17.31247581670444,4.8642971643358575,24.29108396440219,25.78906638660107,43.33370184069427,0.1437178707644685,98.48267094135205,97.5181029241059,0.3012547675639821,0.2183406113537118,1.5173290586479464,17.77679509148195,78.61643911337129,1.7771267481067934,96.60328340058592,1.5504947211320546,77.0521253662042,66.66850920347134,50.682659886131226,15.985849317340113,29.321209441158587,1.672102150240451,1.61958985130728,67.48106793433199,17.295892985462384,2.56757503731137,9.150959040406832,0.8042673152396219,95.8902216571776,0.7876844839975679,1.5615499419600907,0.11884362390138743,21.980542811342655,64.77253883146315,7.630866176551876,0.3814051185672434,5.776352882648831,33.262395666353434,47.70880548338953,1.7163230335525952,30.774970980045328,100.0,82.14305455751479,40.580951854513295,14.930075728262672,25.297109059753467,3.054004753744956,0.7268807694433697,8.509756232380742,7.011773810181858,18.523022497374384,1.0530097838704329,0.01934663644906307,0.1685921176275496,0.6218561715770272,99.37814382842298,40.26035045050025,54.151235420927534,79.62522801392957,28.431264164501687,22.793101542203306,40.000552761041405,37.5158918799403,1.0170803161793156,1.0640650046984688,81.18954176109668,89.53070587584988,89.43397269360456,41.722403405008016,70.07351721850644,18.94864849925377,3.1230998839201813,72.65767508705986,17.38986236250069,2.468078049859046,12.685865900171356,28.353877618705432,7.408114103083932,3.6816373,36182,3.6816373,36182,1.9103268,69731.0,1.6026685,83117.0
070202,1436,92.89693593314763,5.571030640668524,0.9749303621169917,0.9052924791086351,0.0,56.19777158774373,37.95264623955432,5.8495821727019495,98.53760445682451,51.67130919220056,46.86629526462396,1.4623955431754874,31.058495821727018,41.08635097493036,24.721448467966574,0.1392757660167131,99.72144846796657,98.95543175487465,0.1392757660167131,0.5571030640668524,0.2785515320334262,17.061281337047355,80.22284122562674,0.34818941504178275,97.35376044568245,2.298050139275766,75.90529247910864,91.5041782729805,80.22284122562674,11.28133704735376,7.7994428969359335,0.20891364902506965,0.06963788300835655,56.61559888579387,22.35376044568245,2.1587743732590527,14.623955431754874,2.785515320334262,95.33426183844011,1.1838440111420614,1.0445682451253482,0.1392757660167131,14.832869080779945,79.73537604456824,2.01949860724234,0.5571030640668524,6.963788300835654,33.42618384401114,47.42339832869081,4.596100278551532,37.883008356545965,100.0,82.38161559888579,41.36490250696379,17.89693593314763,23.955431754874652,1.532033426183844,0.34818941504178275,12.604456824512535,9.052924791086351,22.56267409470752,1.3231197771587744,0.0,0.0,0.06963788300835655,99.93036211699165,37.95264623955432,43.80222841225627,79.03899721448468,28.76044568245125,23.74651810584958,35.23676880222841,61.49025069637883,0.9052924791086351,1.4623955431754874,83.07799442896936,90.18105849582173,90.041782729805,40.459610027855156,74.09470752089136,23.885793871866294,5.0835654596100275,77.7158774373259,21.518105849582174,6.2674094707520895,17.13091922005571,39.9025069637883,4.723926380368098,3.5766017,1436,3.5766017,1436,1.984544,2588.0,1.6253165,3160.0
070301,8746,84.12988794877658,5.15664303681683,5.499656986050766,3.910359021266865,0.8461010747770409,65.72147267322204,22.467413674822776,11.81111365195518,95.04916533272353,73.03910359021266,22.010061742510864,4.950834667276469,26.02332494854791,12.165561399496912,51.52069517493712,0.2744111593871484,93.23119140178368,90.29270523667962,1.7265035444774754,0.43448433569631834,6.768808598216327,16.16739080722616,67.99679853647382,13.526183398124857,84.30139492339354,2.0923850903270065,74.12531442945347,69.90624285387605,57.534873084838786,12.371369769037274,26.835124628401555,1.5892979647839012,1.0519094443174022,65.4241939172193,17.50514520923851,1.6464669563228904,10.553395838097416,1.3263206037045507,56.23142007774983,26.583581065630003,11.113651955179511,0.6517265035444775,29.602103818888637,58.24376857992225,1.1433798307797851,3.83032243311228,22.170134918820033,22.776126229133318,28.515892979647838,1.2119826206265722,35.53624514063572,100.0,72.21587011205122,35.650583123713695,15.138348959524354,26.800823233478162,3.5444774754173336,0.7317630916990624,6.01417790990167,8.049394008689687,20.260690601417792,4.607820718042534,0.17150697461696776,2.4125314429453466,2.60690601417791,97.39309398582209,28.83603933226618,58.71255431054196,71.35833523896639,21.255431054196205,19.117310770638007,23.03910359021267,57.50057168991539,1.7951063343242626,1.1433798307797851,75.36016464669564,85.47907614909673,85.38760576263435,25.05145209238509,68.94580379602104,20.878115710038873,3.3043677109535787,58.804024697004344,10.461925451635032,2.7212439972558884,10.198948090555682,25.451635033158016,4.01290582778786,3.5579693,8746,3.5579693,8746,1.8455608,16861.0,1.5693177,19829.0
070302,1456,94.64285714285714,2.4038461538461537,2.0604395604395602,1.510989010989011,0.0,72.73351648351648,23.695054945054945,3.5714285714285716,97.93956043956044,88.53021978021978,9.409340659340659,2.0604395604395602,47.0467032967033,7.28021978021978,38.94230769230769,0.06868131868131869,98.76373626373626,97.45879120879121,0.6181318681318682,0.27472527472527475,1.2362637362637363,0.20604395604395603,79.0521978021978,18.543956043956044,79.46428571428571,1.9917582417582418,78.09065934065934,53.2967032967033,44.29945054945055,8.997252747252746,40.934065934065934,3.228021978021978,1.6483516483516483,72.32142857142857,15.041208791208792,0.3434065934065934,10.714285714285714,1.0302197802197801,32.3489010989011,53.15934065934066,1.717032967032967,0.06868131868131869,9.340659340659341,87.70604395604396,0.27472527472527475,0.8928571428571429,17.78846153846154,11.881868131868131,18.20054945054945,0.20604395604395603,21.22252747252747,100.0,84.47802197802197,34.61538461538461,14.010989010989011,32.89835164835165,2.60989010989011,0.06868131868131869,8.653846153846153,8.722527472527473,14.766483516483516,1.098901098901099,0.06868131868131869,0.5494505494505495,0.6181318681318682,99.38186813186813,47.73351648351648,59.684065934065934,79.25824175824175,21.84065934065934,12.01923076923077,22.52747252747253,57.3489010989011,1.7857142857142858,0.7554945054945055,74.10714285714286,85.02747252747253,84.89010989010988,35.16483516483517,63.87362637362637,20.74175824175824,2.197802197802198,64.28571428571429,10.576923076923077,2.8846153846153846,8.37912087912088,22.52747252747253,5.858170606372045,3.6387362,1456,3.6387362,1456,1.8174957,2915.0,1.4503148,3653.0
070303,761,95.13797634691196,3.2851511169513796,0.2628120893561104,0.2628120893561104,0.0,62.417871222076215,33.24572930354796,4.336399474375821,97.3718791064389,79.5006570302234,17.871222076215506,2.628120893561104,69.5137976346912,3.8107752956636007,20.630749014454665,0.0,98.94875164257556,97.634691195795,0.1314060446780552,0.2628120893561104,1.0512483574244416,0.39421813403416556,85.15111695137976,12.877792378449408,85.67674113009198,1.445466491458607,81.20893561103811,70.17082785808147,60.31537450722733,9.85545335085414,27.726675427069644,0.7884362680683311,0.39421813403416556,71.22207621550591,14.71747700394218,0.39421813403416556,10.64388961892247,1.8396846254927726,56.76741130091984,7.752956636005257,17.608409986859396,0.2628120893561104,37.450722733245726,57.16162943495401,0.1314060446780552,0.5256241787122208,29.829172141918527,25.09855453350854,36.26806833114323,0.5256241787122208,35.08541392904073,100.0,68.46254927726676,38.107752956636006,14.19185282522996,28.38370565045992,2.759526938239159,0.1314060446780552,4.336399474375821,7.884362680683312,21.419185282522996,2.628120893561104,0.39421813403416556,0.657030223390276,0.39421813403416556,99.60578186596584,59.92115637319316,54.139290407358736,77.1353482260184,19.71090670170828,18.265440210249672,19.71090670170828,52.43101182654402,1.445466491458607,0.657030223390276,65.44021024967148,81.60315374507228,81.07752956636006,25.229960578186596,58.08147174770039,20.893561103810775,5.913272010512483,57.29303547963206,11.957950065703022,2.2339027595269383,11.432325886990801,20.367936925098554,2.672147995889003,3.65703,761,3.65703,761,1.9339819,1439.0,1.6457717,1691.0
070401,1435,94.14634146341463,4.45993031358885,0.13937282229965156,0.13937282229965156,0.0,71.84668989547038,22.78745644599303,5.365853658536586,96.2369337979094,81.39372822299651,14.843205574912892,3.7630662020905925,48.9198606271777,19.860627177700348,25.78397212543554,0.06968641114982578,98.53658536585365,97.5609756097561,0.06968641114982578,0.627177700348432,1.4634146341463414,13.588850174216027,79.1637630662021,5.29616724738676,92.89198606271778,1.8118466898954704,80.34843205574913,73.65853658536585,56.65505226480836,17.00348432055749,22.4390243902439,2.0209059233449476,1.0452961672473868,70.45296167247386,17.00348432055749,0.9059233449477352,7.2473867595818815,2.857142857142857,94.56445993031359,1.951219512195122,1.1149825783972125,0.20905923344947736,45.64459930313589,49.26829268292683,1.7421602787456445,0.8362369337979094,5.156794425087108,31.986062717770036,50.801393728223,1.8118466898954704,25.017421602787458,100.0,88.29268292682927,37.073170731707314,15.679442508710801,29.477351916376307,2.4390243902439024,0.9059233449477352,9.75609756097561,8.08362369337979,14.146341463414634,0.9059233449477352,0.0,0.4181184668989547,0.0,100.0,57.21254355400697,51.0801393728223,75.4006968641115,27.874564459930312,21.463414634146343,33.728222996515676,58.954703832752614,0.975609756097561,0.975609756097561,80.97560975609755,90.03484320557492,90.03484320557492,44.80836236933798,72.9616724738676,28.78048780487805,2.9965156794425085,75.05226480836237,16.585365853658537,2.4390243902439024,12.125435540069686,32.33449477351916,6.016355140186916,3.6383276,1435,3.6383276,1435,1.7825196,2929.0,1.4811348,3525.0
070402,3491,89.37267258665139,7.619593239759381,1.7187052420509883,1.2317387568032083,0.028645087367516472,59.639071899169295,30.76482383271269,9.596104268118017,95.50272128329992,76.22457748496133,19.278143798338586,4.497278716700086,40.76195932397594,22.056717272987683,29.819535949584647,0.14322543683758235,97.76568318533371,96.90633056430822,0.22916069894013177,0.22916069894013177,2.234316814666285,13.520481237467774,81.23746777427671,3.5519908335720425,94.98710971068462,1.3749641936407906,76.25322257232885,76.53967344600402,64.85247780005729,11.687195645946721,21.254654826697223,0.7734173589229447,0.7447722715554282,71.01117158407334,14.69492981953595,1.2890289315382413,10.083070753365798,1.5754798052134058,93.52621025494128,1.4322543683758235,4.182182755657405,0.057290174735032943,73.47464909767974,21.254654826697223,2.979089086221713,0.8020624462904612,5.585792036665712,45.86078487539387,38.90002864508737,1.3176740189057576,29.96276138642223,100.0,86.53680893726725,36.952162704096246,15.640217702663993,27.814379833858492,2.5494127757089657,0.14322543683758235,13.72099684904039,11.228874248066457,16.72873102262962,1.3176740189057576,0.057290174735032943,0.6874820968203953,0.5729017473503294,99.42709825264967,49.126324835290745,49.2122600973933,76.13864222285878,24.806645660269265,24.720710398166716,32.94185047264394,56.05843597822973,1.0598682325981095,1.1171584073331424,77.42767115439702,87.42480664566027,87.36751647092524,34.20223431681467,68.14666284732168,17.158407333142367,2.0910913778287026,69.83672300200516,10.254941277570897,2.0624462904611858,8.507590948152393,25.494127757089657,4.286807859147742,3.5958178,3491,3.5958178,3491,1.817958,6905.0,1.4892633,8429.0
070403,10463,83.2457230239893,14.020835324476728,1.8159227754946001,1.146898595049221,0.11468985950492211,59.103507598203194,24.96415941890471,15.932332982892095,93.98833986428366,67.50453980693874,26.48380005734493,6.011660135716334,44.365860651820704,16.878524323807703,30.622192487814203,0.12424734779699895,98.32743954888656,97.3143457899264,0.5161043677721495,0.21026474242569052,1.6725604511134473,13.743668164006499,82.33776163624199,1.3858358023511421,96.26302207779796,2.303354678390519,72.54133613686324,72.17815158176431,58.49182834751027,13.686323234254038,26.072828060785625,0.9366338526235305,0.4778744146038421,64.69463824906815,21.52346363375705,3.220873554429896,8.066520118512855,1.0130937589601452,94.77205390423397,0.39185701997515054,3.9185701997515054,0.10513237121284526,79.55653254324764,13.19889133135812,5.81095288158272,0.35362706680684314,5.5529006976966455,45.78036891904807,44.76727516008793,1.3380483608907578,34.034215808085634,100.0,89.66835515626494,35.56341393481793,17.06967408964924,25.078849278409635,3.010608812004205,0.9079613877473001,11.918187900219822,8.792889228710695,17.480646086208544,0.7741565516582242,0.03822995316830737,0.21982223071776738,0.8219439931186084,99.17805600688139,41.3934817929848,49.737169071967884,77.12893051706011,29.41794896301252,30.794227277071585,28.376182739176144,57.29714231100067,2.0261875179202904,1.5387556150243715,81.31511038898978,90.42339673133901,90.299149383542,41.30746439835611,72.57000860173946,11.086686418809137,2.656981745197362,71.24151772914078,10.37943228519545,2.3989295613112875,10.398547261779605,24.715664723310713,5.466211825860949,3.394342,10463,3.394342,10463,1.7705269,20059.0,1.4503614,24487.0
070404,1464,86.27049180327869,5.669398907103825,6.557377049180328,5.532786885245901,0.273224043715847,69.87704918032787,22.404371584699454,7.718579234972678,93.23770491803279,74.52185792349727,18.715846994535518,6.762295081967213,59.15300546448088,19.808743169398905,12.978142076502733,0.06830601092896176,98.15573770491804,97.1311475409836,0.1366120218579235,0.34153005464480873,1.8442622950819672,12.226775956284152,84.76775956284153,1.2295081967213115,97.06284153005464,1.5027322404371584,77.80054644808743,90.30054644808743,74.86338797814207,15.437158469945356,7.03551912568306,0.7513661202185792,1.2978142076502732,65.9153005464481,17.62295081967213,1.7076502732240437,8.401639344262295,4.918032786885246,93.51092896174863,0.9562841530054644,3.210382513661202,0.0,68.98907103825137,26.161202185792348,1.9808743169398908,0.6147540983606558,5.8743169398907105,42.82786885245902,44.60382513661202,2.8688524590163933,26.502732240437158,100.0,87.29508196721312,43.85245901639344,13.046448087431694,28.620218579234972,4.2349726775956285,0.8879781420765027,12.363387978142077,9.01639344262295,18.920765027322403,1.092896174863388,0.06830601092896176,0.1366120218579235,1.366120218579235,98.63387978142076,63.25136612021858,53.48360655737705,78.96174863387978,32.8551912568306,24.726775956284154,38.387978142076506,56.4207650273224,1.5710382513661203,2.390710382513661,79.16666666666667,87.5,87.43169398907104,43.169398907103826,68.23770491803279,26.91256830601093,5.737704918032787,72.81420765027322,20.42349726775956,7.308743169398907,18.920765027322403,35.040983606557376,4.477611940298507,4.137978,1464,4.137978,1464,1.9829787,3055.0,1.6342056,3707.0
070501,3535,95.5021216407355,1.669024045261669,1.3295615275813295,1.3012729844413014,0.14144271570014144,72.44695898161245,24.356435643564357,3.1966053748231964,96.26591230551627,76.80339462517681,19.462517680339463,3.7340876944837342,72.44695898161245,8.373408769448373,14.342291371994342,0.14144271570014144,98.64214992927865,97.14285714285714,1.1315417256011315,0.2828854314002829,1.3578500707213579,17.1994342291372,76.01131541725601,4.469589816124469,93.38048090523338,2.0933521923620932,77.34087694483735,84.04526166902404,64.92220650636492,19.123055162659124,14.257425742574258,1.0183875530410185,0.4526166902404526,67.55304101838755,16.973125884016973,2.1216407355021216,9.193776520509195,2.1782178217821784,81.44271570014145,3.932107496463932,2.942008486562942,0.11315417256011315,24.243281471004245,67.07213578500708,1.8387553041018387,0.4526166902404526,12.07920792079208,29.73125884016973,40.763790664780764,2.31966053748232,32.277227722772274,100.0,80.62234794908062,37.31258840169731,14.54031117397454,26.704384724186703,3.2248939179632248,0.6223479490806223,4.073550212164074,9.58981612446959,20.707213578500706,1.8104667609618104,0.028288543140028287,0.4809052333804809,0.19801980198019803,99.8019801980198,63.87553041018388,54.257425742574256,73.06930693069307,22.545968882602548,17.991513437057993,25.035360678925034,49.08062234794908,0.8203677510608204,0.6789250353606789,74.11598302687412,84.80905233380481,84.72418670438472,34.62517680339462,63.53606789250354,22.178217821782177,3.1117397454031117,61.52758132956153,11.796322489391796,2.3479490806223478,12.927864214992928,24.073550212164072,6.066897347174164,3.5932107,3535,3.5932107,3535,1.9292223,6584.0,1.6013616,7932.0
070502,4296,88.89664804469274,5.726256983240224,4.027001862197393,3.7476722532588456,0.0931098696461825,53.445065176908756,39.315642458100555,7.239292364990689,95.22811918063314,72.8584729981378,22.369646182495345,4.771880819366853,9.660148975791435,28.14245810055866,53.18901303538175,0.13966480446927373,97.11359404096834,95.62383612662943,0.41899441340782123,0.5121042830540037,2.8864059590316575,6.634078212290503,87.89571694599627,3.142458100558659,94.71601489757914,2.118249534450652,73.18435754189944,74.86033519553072,67.43482309124767,7.425512104283054,23.13780260707635,0.9543761638733705,0.6284916201117319,67.87709497206704,18.761638733705773,1.8854748603351956,8.449720670391061,1.2802607076350092,91.68994413407822,1.4664804469273742,3.910614525139665,0.04655493482309125,38.12849162011173,53.88733705772812,2.351024208566108,0.4888268156424581,9.217877094972067,32.47206703910614,42.481378026070765,1.0707635009310987,34.12476722532588,100.0,76.95530726256983,39.245810055865924,15.572625698324023,27.257914338919925,3.398510242085661,0.3026070763500931,6.215083798882682,7.635009310986964,23.161080074487895,1.722532588454376,0.023277467411545624,0.23277467411545624,0.3957169459962756,99.60428305400373,28.212290502793294,48.952513966480446,71.3221601489758,25.442271880819366,16.899441340782122,29.515828677839853,52.42085661080075,1.1638733705772812,1.1638733705772812,77.93296089385476,87.52327746741155,87.33705772811918,34.869646182495345,68.69180633147114,22.439478584729983,3.35195530726257,67.20204841713222,12.057728119180632,2.4441340782122905,13.19832402234637,26.256983240223462,3.653926921461571,3.8684824,4296,3.8684824,4296,2.09677,7926.0,1.7425815,9537.0
070503,3268,96.72582619339045,1.499388004895961,0.397796817625459,0.30599755201958384,0.0,70.10403916768666,27.233782129742963,2.6621787025703796,96.66462668298654,81.79314565483476,14.871481028151775,3.335373317013464,53.090575275397796,16.707466340269278,25.3671970624235,0.12239902080783353,98.95960832313341,98.3170134638923,0.09179926560587515,0.1835985312117503,1.040391676866585,19.85924112607099,71.14443084455324,6.731946144430845,91.49326805385557,1.7135862913096696,82.00734394124846,90.5140758873929,75.2141982864137,15.299877600979192,7.619339045287638,1.2239902080783354,0.5507955936352509,72.46022031823746,15.483476132190942,1.8971848225214198,7.527539779681763,1.438188494492044,87.76009791921665,6.64014687882497,1.8665850673194615,0.27539779681762544,16.891064871481028,80.07955936352509,0.795593635250918,0.27539779681762544,9.8531211750306,48.43941248470012,36.10771113831089,2.9069767441860463,28.335373317013463,100.0,82.61933904528763,37.23990208078335,13.739290085679315,27.08078335373317,2.8151774785801713,0.7037943696450428,4.8959608323133414,8.629130966952264,17.717258261933903,1.1015911872705018,0.4589963280293758,0.06119951040391677,0.5507955936352509,99.44920440636474,59.332925336597306,65.75887392900857,77.08078335373317,24.938800489596083,26.621787025703796,28.91676866585067,39.99388004895961,0.795593635250918,0.7649938800489596,77.81517747858017,87.76009791921665,87.72949816401469,37.9436964504284,67.74785801713587,26.591187270501838,3.6413708690330475,67.07466340269278,12.576499388004896,2.050183598531212,17.472460220318236,33.26193390452876,7.890499194847021,3.4335985,3268,3.4335985,3268,1.8458629,6079.0,1.4209193,7897.0
070601,4186,93.35881509794554,1.9827998088867653,4.300047778308648,3.870043000477783,0.0,81.60535117056857,14.524605828953655,3.870043000477783,98.78165312947921,82.96703296703296,15.81462016244625,1.2183468705207836,77.18585762064023,12.709030100334449,8.456760630673674,0.047778308647873864,99.45054945054945,98.59053989488773,0.2866698518872432,0.19111323459149546,0.5494505494505495,17.319636884854276,79.35977066411849,1.79168657429527,96.79885332059246,1.409460105112279,83.97037744863832,91.5910176779742,79.98088867654086,11.61012900143335,7.310081223124701,0.5016722408026756,0.23889154323936931,71.83468705207835,13.831820353559484,1.2900143334925944,6.760630673674152,4.252269469660774,96.79885332059246,1.6722408026755853,0.8600095556617295,0.0,14.524605828953655,82.0831342570473,2.10224558050645,0.33444816053511706,2.388915432393693,23.100812231247012,59.221213569039655,1.6961299569995223,23.578595317725753,100.0,89.32154801720019,37.649307214524605,12.900143334925943,32.393693263258484,3.750597228858098,0.2866698518872432,9.531772575250836,9.19732441471572,15.432393693263258,0.5494505494505495,0.0,0.047778308647873864,0.43000477783086477,99.56999522216914,75.75250836120401,57.62064022933588,81.24701385570951,37.07596751075012,24.82083134257047,38.05542283803153,61.13234591495461,1.0033444816053512,1.1466794075489728,79.78977544194936,87.86430960344003,87.5776397515528,47.94553272814142,68.84854276158624,32.9909221213569,5.4945054945054945,76.92307692307692,22.646918299092214,2.938365981844243,24.175824175824175,40.44433827042523,3.8403451995685005,3.9039657,4186,3.9039657,4186,1.7647948,9260.0,1.4320014,11412.0
070602,1288,90.06211180124224,7.919254658385094,0.9316770186335404,0.7763975155279503,0.0,53.88198757763975,37.34472049689441,8.773291925465838,95.4968944099379,81.36645962732919,14.130434782608695,4.503105590062112,8.229813664596273,44.254658385093165,34.3944099378882,0.6211180124223602,97.82608695652173,96.8167701863354,0.15527950310559005,0.3105590062111801,2.1739130434782608,24.84472049689441,62.577639751552795,11.180124223602485,87.5776397515528,1.1645962732919255,80.04658385093168,64.82919254658385,52.32919254658385,12.5,31.987577639751553,1.2422360248447204,0.7763975155279503,78.72670807453416,8.928571428571429,0.3105590062111801,8.928571428571429,1.1645962732919255,77.09627329192547,2.950310559006211,13.74223602484472,0.2329192546583851,37.11180124223603,57.608695652173914,1.3975155279503106,1.2422360248447204,18.322981366459626,23.91304347826087,33.54037267080745,1.5527950310559007,28.726708074534162,100.0,71.27329192546584,33.61801242236025,13.819875776397515,32.53105590062112,2.0962732919254656,0.0,8.074534161490684,10.79192546583851,19.79813664596273,2.562111801242236,0.07763975155279502,0.5434782608695652,0.2329192546583851,99.76708074534162,44.254658385093165,56.36645962732919,74.30124223602485,20.96273291925466,15.838509316770187,27.17391304347826,54.34782608695652,2.251552795031056,1.3975155279503106,72.98136645962732,85.09316770186335,85.09316770186335,27.32919254658385,64.2080745341615,25.62111801242236,2.872670807453416,71.19565217391305,12.111801242236025,1.8633540372670807,7.919254658385094,22.36024844720497,7.209446861404599,3.6125777,1288,3.6125777,1288,1.906186,2441.0,1.5810398,2943.0
070603,1224,85.86601307189542,8.905228758169935,4.248366013071895,3.5947712418300655,0.5718954248366013,53.51307189542484,36.43790849673203,10.049019607843137,95.1797385620915,75.65359477124183,19.526143790849673,4.8202614379084965,14.950980392156863,33.74183006535948,41.01307189542484,3.9215686274509802,97.87581699346406,96.07843137254902,0.6535947712418301,0.4084967320261438,2.1241830065359477,0.24509803921568626,95.09803921568627,2.7777777777777777,95.42483660130719,1.7973856209150327,80.55555555555556,76.30718954248366,65.0326797385621,11.27450980392157,17.892156862745097,0.4084967320261438,4.8202614379084965,74.18300653594771,11.27450980392157,0.8169934640522876,6.290849673202614,4.493464052287582,85.04901960784314,6.127450980392157,0.16339869281045752,0.32679738562091504,75.32679738562092,22.46732026143791,0.24509803921568626,1.0620915032679739,10.294117647058824,36.029411764705884,32.59803921568628,2.9411764705882355,31.127450980392158,100.0,83.49673202614379,38.23529411764706,10.784313725490197,34.23202614379085,3.1862745098039214,0.9803921568627451,9.15032679738562,10.212418300653594,24.34640522875817,1.7973856209150327,0.0,0.08169934640522876,1.2254901960784315,98.77450980392157,39.950980392156865,60.37581699346405,83.57843137254902,22.30392156862745,16.013071895424837,33.98692810457516,52.205882352941174,1.3888888888888888,1.0620915032679739,77.04248366013071,88.64379084967321,88.56209150326798,18.627450980392158,73.85620915032679,22.794117647058822,5.065359477124183,74.26470588235294,22.54901960784314,2.696078431372549,11.437908496732026,35.78431372549019,4.9640287769784175,4.0612745,1224,4.0612745,1224,2.149157,2313.0,1.7176918,2894.0
070702,1504,90.49202127659575,7.047872340425532,1.7287234042553192,1.5292553191489362,0.0,67.02127659574468,25.53191489361702,7.446808510638298,97.20744680851064,75.93085106382979,21.27659574468085,2.7925531914893615,42.287234042553195,8.976063829787234,42.35372340425532,0.19946808510638298,98.27127659574468,96.875,0.4654255319148936,0.7978723404255319,1.7287234042553192,47.87234042553192,42.5531914893617,7.6462765957446805,90.69148936170212,1.6622340425531914,80.31914893617021,82.04787234042553,68.81648936170212,13.231382978723405,13.563829787234043,2.327127659574468,1.8617021276595744,68.81648936170212,17.08776595744681,1.0638297872340425,9.840425531914894,1.7952127659574468,76.4627659574468,11.303191489361701,0.6648936170212766,0.0,76.32978723404256,20.41223404255319,1.928191489361702,0.13297872340425532,17.02127659574468,39.162234042553195,34.973404255319146,2.526595744680851,27.992021276595743,100.0,88.2313829787234,37.566489361702125,16.622340425531913,23.53723404255319,3.1914893617021276,1.0638297872340425,5.11968085106383,8.24468085106383,17.88563829787234,1.7952127659574468,0.3324468085106383,0.0,0.5319148936170213,99.46808510638297,39.295212765957444,56.44946808510638,70.94414893617021,34.90691489361702,31.914893617021278,28.324468085106382,21.60904255319149,0.8643617021276596,1.1303191489361701,80.78457446808511,88.89627659574468,88.82978723404256,24.73404255319149,75.79787234042553,27.992021276595743,2.7925531914893615,65.95744680851064,14.627659574468085,4.1888297872340425,8.24468085106383,30.45212765957447,8.069620253164556,3.5465426,1504,3.5465426,1504,1.688509,3159.0,1.3631485,3913.0
070703,2248,89.01245551601423,7.02846975088968,1.9572953736654803,1.9128113879003559,0.35587188612099646,54.18149466192171,36.83274021352313,8.98576512455516,95.1067615658363,73.17615658362989,21.930604982206404,4.893238434163701,9.564056939501778,21.48576512455516,60.720640569395016,0.08896797153024912,95.90747330960853,94.52846975088968,0.22241992882562278,0.5338078291814946,4.092526690391459,15.92526690391459,72.90925266903915,8.763345195729537,89.05693950177935,2.1352313167259784,75.22241992882562,75.26690391459074,63.52313167259786,11.743772241992882,22.419928825622776,1.2455516014234875,0.8451957295373665,68.23843416370107,17.081850533807827,1.4234875444839858,8.318505338078293,3.3362989323843415,76.46797153024912,10.676156583629894,2.3576512455516014,0.13345195729537365,60.587188612099645,35.1423487544484,2.090747330960854,0.7117437722419929,19.9288256227758,35.1423487544484,29.937722419928825,3.113879003558719,34.9644128113879,100.0,80.0711743772242,39.54626334519573,15.52491103202847,25.444839857651246,3.113879003558719,0.6672597864768683,7.473309608540926,7.51779359430605,23.176156583629894,2.8469750889679717,0.04448398576512456,0.400355871886121,0.44483985765124556,99.55516014234875,23.35409252669039,48.57651245551602,73.17615658362989,22.330960854092528,17.793594306049823,26.156583629893237,42.34875444839858,1.4679715302491103,1.290035587188612,71.48576512455516,84.65302491103203,84.60854092526691,18.905693950177938,67.0373665480427,24.955516014234874,2.3131672597864767,63.16725978647687,8.629893238434164,1.5569395017793595,6.183274021352313,15.880782918149466,6.264066016504126,3.8309608,2248,3.8309608,2248,2.060287,4180.0,1.7179334,5013.0
070704,546,95.05494505494505,3.663003663003663,0.3663003663003663,0.18315018315018314,0.0,87.91208791208791,7.142857142857143,4.945054945054945,96.88644688644689,88.46153846153847,8.424908424908425,3.1135531135531136,63.553113553113555,6.410256410256411,26.73992673992674,0.0,97.8021978021978,97.43589743589743,0.0,0.18315018315018314,2.197802197802198,0.18315018315018314,93.04029304029304,5.86080586080586,93.22344322344323,0.9157509157509157,82.96703296703296,92.3076923076923,73.44322344322345,18.864468864468865,5.311355311355311,0.3663003663003663,1.098901098901099,74.54212454212454,15.018315018315018,1.2820512820512822,6.043956043956044,2.197802197802198,47.43589743589744,50.91575091575091,0.18315018315018314,0.0,62.27106227106227,34.798534798534796,1.098901098901099,0.18315018315018314,10.43956043956044,40.29304029304029,32.417582417582416,4.212454212454213,13.736263736263735,100.0,91.94139194139194,18.864468864468865,8.608058608058608,49.81684981684982,18.498168498168496,0.18315018315018314,4.212454212454213,9.523809523809524,22.344322344322343,0.5494505494505495,0.0,0.3663003663003663,0.18315018315018314,99.81684981684981,62.45421245421245,73.62637362637362,83.88278388278388,36.08058608058608,28.205128205128204,34.065934065934066,33.15018315018315,0.3663003663003663,0.3663003663003663,78.75457875457876,89.74358974358974,89.74358974358974,30.036630036630036,70.87912087912088,19.78021978021978,0.3663003663003663,70.14652014652015,13.91941391941392,3.2967032967032965,3.2967032967032965,30.21978021978022,3.2414910858995136,4.8333335,546,4.8333335,546,2.0505052,1287.0,1.5606151,1691.0
070706,7611,94.50794902115359,4.046774405465773,0.24963868085665483,0.15766653527788727,0.039416633819471816,87.50492707922743,7.357771646301406,5.13730127447116,98.06858494284589,82.24937590329786,15.819209039548022,1.931415057154119,73.18355012481933,4.953356983313625,18.394429115753514,1.1824990145841545,98.9620286427539,98.01602943108658,0.0656943896991197,0.38102746025489426,1.0379713572460911,62.002364998029165,34.699776639075026,1.2087767704638024,96.96491919590068,1.7737485218762317,83.41873603994219,96.03205886217317,82.64354224149258,13.388516620680594,2.732886611483379,0.43358297201419,0.5649717514124294,65.35277887268427,18.30245697017475,5.6103008803048215,7.541715937458941,1.1956378925239786,71.00249638680857,27.302588358954146,0.21022204703718303,0.0656943896991197,78.89896202864276,15.740375771909079,4.440940743660492,0.22336092497700696,8.921298121140454,50.26934699776639,30.271974773354355,6.884772040467744,21.705426356589147,100.0,90.63198002890553,31.874917882012877,14.728682170542635,29.78583628958087,3.1270529496780974,1.2350545263434503,7.949021153593483,10.077519379844961,10.589935619498094,0.7357771646301405,0.0656943896991197,0.48613848377348573,0.1970831690973591,99.80291683090265,65.27394560504533,71.81710681907765,84.27276310603075,43.97582446459072,31.231112862961503,27.946393378005517,19.65576139797661,0.7751937984496124,0.9985547234266193,85.1267901721193,92.24806201550388,92.10353435816582,54.040204966495864,71.94849559847589,40.612271711995795,4.8351070818552095,77.9923794507949,19.95795559059256,6.6219944816712655,14.229404808829326,43.345158323479176,6.959302966802691,3.342005,7611,3.342005,7611,1.49211,17047.0,1.1618856,21892.0
070707,963,91.06957424714435,6.334371754932502,1.6614745586708204,1.6614745586708204,0.10384215991692627,68.22429906542057,24.091381100726895,7.684319833852544,96.57320872274143,83.90446521287643,12.668743509865005,3.426791277258567,69.98961578400831,4.361370716510903,21.910695742471443,0.0,95.95015576323988,94.91173416407061,0.5192107995846313,0.20768431983385255,4.049844236760125,43.925233644859816,47.66355140186916,6.645898234683282,91.6926272066459,1.6614745586708204,84.52751817237798,75.0778816199377,58.56697819314642,16.510903426791277,22.949117341640704,0.6230529595015576,1.0384215991692627,80.26998961578401,11.838006230529595,1.142263759086189,5.399792315680166,1.2461059190031152,60.74766355140187,37.27933541017653,0.0,0.0,65.6282450674974,31.983385254413292,1.0384215991692627,0.4153686396677051,18.38006230529595,37.07165109034268,33.333333333333336,2.699896157840083,25.752855659397717,100.0,91.17341640706127,31.360332294911736,18.587746625129803,29.595015576323988,3.2191069574247146,0.3115264797507788,4.672897196261682,8.515057113187954,18.69158878504673,1.0384215991692627,0.0,0.3115264797507788,0.10384215991692627,99.89615784008308,63.55140186915888,65.93977154724818,70.30114226375909,21.49532710280374,21.391484942886812,27.51817237798546,28.037383177570092,1.7653167185877465,0.9345794392523364,74.55867082035306,85.98130841121495,85.98130841121495,24.610591900311526,70.40498442367601,37.90238836967809,2.803738317757009,60.53997923156802,10.072689511941848,2.699896157840083,7.165109034267913,23.15680166147456,5.035335689045937,3.7009346,963,3.7009346,963,1.8572173,1919.0,1.4417475,2472.0
070801,3589,97.10225689607132,1.894678183337977,0.13931457230426303,0.08358874338255781,0.027862914460852605,86.31930899972137,11.145165784341042,2.535525215937587,97.29729729729729,76.28865979381443,21.008637503482863,2.7027027027027026,85.5391473948175,2.535525215937587,8.331011423794928,0.5851212036779047,99.10838673725272,98.77403176372249,0.13931457230426303,0.027862914460852605,0.8916132627472834,0.25076623014767346,96.01560323209807,1.421008637503483,96.46140986347172,2.089718584563945,79.38144329896907,97.32516021175815,82.27918640289775,15.045973808860406,1.5881861242685984,0.4179437169127891,0.16717748676511562,58.038450821955976,28.22513234884369,3.2878239063806074,8.35887433825578,1.0030649205906939,63.24881582613541,36.05461131234327,0.11145165784341042,0.0,15.993312900529395,73.66954583449429,8.526051825020897,0.6965728615213151,5.851212036779047,27.472833658400667,51.072722206742824,3.176372248537197,30.983560880468097,100.0,92.25410977988298,31.45723042630259,14.795207578712734,24.296461409863472,3.037057676232934,1.0866536639732516,5.293953747561995,8.526051825020897,12.482585678461968,0.13931457230426303,0.05572582892170521,0.19504040122596825,0.13931457230426303,99.86068542769574,68.76567288938423,65.75647812761216,83.28225132348844,35.41376427974366,37.280579548620786,24.93730844246308,22.23460573976038,0.64084703259961,1.0866536639732516,79.88297575926443,90.47088325438841,90.44302033992756,39.008080245193646,71.83059348007802,14.293675118417386,4.095848425745333,63.33240456951797,15.71468375592087,3.232098077458902,0.8080245193647255,29.11674561159097,7.1891891891891895,2.894121,3589,2.894121,3589,1.4966859,6940.0,1.1184452,9287.0
070901,1760,89.6590909090909,6.6477272727272725,0.625,0.5681818181818182,0.45454545454545453,73.57954545454545,18.920454545454547,7.5,97.04545454545455,73.69318181818181,23.352272727272727,2.9545454545454546,51.64772727272727,15.511363636363637,27.84090909090909,0.6818181818181818,98.75,97.44318181818181,0.7954545454545454,0.3977272727272727,1.25,21.306818181818183,73.35227272727273,1.9318181818181819,95.3409090909091,2.727272727272727,76.30681818181819,95.79545454545455,76.42045454545455,19.375,2.6704545454545454,0.3977272727272727,0.11363636363636363,58.35227272727273,25.28409090909091,1.4204545454545454,7.215909090909091,4.318181818181818,59.82954545454545,38.29545454545455,0.3409090909090909,0.0,9.772727272727273,79.48863636363636,7.159090909090909,0.7386363636363636,3.977272727272727,24.09090909090909,60.05681818181818,2.0454545454545454,31.477272727272727,100.0,91.07954545454545,35.11363636363637,13.295454545454545,18.46590909090909,3.2954545454545454,1.9886363636363635,6.4772727272727275,6.363636363636363,13.125,0.11363636363636363,0.2840909090909091,0.2840909090909091,0.7954545454545454,99.20454545454545,51.30681818181818,54.88636363636363,74.0340909090909,35.85227272727273,35.17045454545455,30.681818181818183,40.45454545454545,0.8522727272727273,0.8522727272727273,82.72727272727273,91.93181818181819,91.64772727272727,45.73863636363637,73.63636363636364,26.875,5.454545454545454,71.5909090909091,18.238636363636363,11.704545454545455,1.9318181818181819,40.79545454545455,7.554517133956386,2.8818183,1760,2.8818183,1760,1.5059383,3368.0,1.1566705,4385.0
070902,1181,92.29466553767993,5.927180355630822,0.9314140558848434,0.5927180355630821,0.1693480101608806,68.33192209991533,24.89415749364945,6.7739204064352245,95.17358171041491,73.07366638441998,22.09991532599492,4.8264182895850976,62.912785774767144,2.8789161727349706,28.704487722269263,0.0,99.06858594411516,98.47586790855208,0.1693480101608806,0.0,0.9314140558848434,0.2540220152413209,95.08890770533446,2.79424216765453,95.34292972057578,1.6934801016088061,76.96867061812024,97.0364098221846,82.47248094834886,14.563928873835733,2.5402201524132093,0.0846740050804403,0.1693480101608806,67.6545300592718,23.539373412362405,3.302286198137172,4.064352243861134,0.9314140558848434,67.99322607959357,31.329381879762913,0.0846740050804403,0.0846740050804403,17.612193056731584,74.93649449618967,6.265876375952582,0.42337002540220153,8.467400508044031,48.09483488569009,37.59525825571549,1.3547840812870449,31.07535986452159,100.0,85.85944115156647,39.712108382726505,13.717188823031329,23.1160033869602,2.963590177815411,0.3386960203217612,10.838272650296359,7.535986452159187,17.442845046570703,0.1693480101608806,0.1693480101608806,0.2540220152413209,0.6773920406435224,99.32260795935647,48.5182049110923,53.852667231160034,80.44030482641828,21.168501270110077,33.700254022015244,23.962743437764605,33.869602032176125,2.2861981371718882,1.0160880609652836,77.7307366638442,90.09314140558848,90.09314140558848,24.47078746824725,71.71888230313294,13.209144792548688,2.116850127011008,59.017781541066896,8.044030482641828,1.8628281117696868,0.8467400508044031,11.685012701100762,4.684014869888476,3.2980525,1181,3.2980525,1181,1.7982457,2166.0,1.3243794,2941.0
070903,2479,86.97055264219443,11.738604275917709,0.40338846308995563,0.36304961678096004,0.0,64.78418717224687,22.912464703509478,12.303348124243646,97.53933037515127,68.73739411052844,28.80193626462283,2.4606696248487294,35.65954013715208,7.6240419524001615,53.28761597418314,0.2823719241629689,99.51593384429205,98.58814037918515,0.08067769261799113,0.36304961678096004,0.48406615570794675,14.925373134328359,79.1044776119403,1.936264622831787,94.23154497781364,3.7515127067365874,74.86889874949577,94.5139169019766,82.65429608713191,11.859620814844696,4.558289632916499,0.12101653892698669,0.44372730939895116,59.0964098426785,27.591770875352964,4.558289632916499,6.696248487293263,1.1698265429608714,80.55667607906413,18.717224687373943,0.12101653892698669,0.12101653892698669,11.415893505445744,80.23396530859218,6.292860024203308,0.20169423154497781,6.534893102057281,33.84429205324728,42.033077853973374,1.9766034691407826,35.13513513513514,100.0,89.59257765227915,39.65308592174264,14.804356595401371,19.120613150463896,2.1379588543767647,1.0488100040338846,7.220653489310206,6.81726502622025,15.570794675272287,0.24203307785397338,0.12101653892698669,0.20169423154497781,0.16135538523598225,99.83864461476402,29.528035498184753,55.99031867688584,79.22549415086729,27.71278741427995,38.644614764017746,35.13513513513514,47.3174667204518,2.2186365469947558,1.0488100040338846,75.59499798305768,91.08511496571198,91.00443727309398,35.215812827753126,67.00282371924163,16.3775716014522,5.00201694231545,60.58894715611134,13.069786204114562,2.3799919322307383,2.2589753933037513,22.83178701089149,6.430228704010607,3.0972166,2479,3.0972166,2479,1.6738609,4587.0,1.2464286,6160.0
071001,33175,86.43858327053505,8.681235870384326,3.864355689525245,2.905802562170309,0.186887716654107,70.13413715146947,18.420497362471743,11.44536548605878,96.32554634513941,73.97739261492087,22.348153730218538,3.6744536548605877,42.031650339110776,24.045214770158253,28.204973624717407,0.14770158251695553,99.30670685757347,98.33308214016579,0.49434815373021856,0.2562170308967596,0.693293142426526,20.952524491333836,75.81009796533534,1.145440844009043,96.93443858327053,1.8507912584777695,77.72720422004521,91.03541823662397,74.58327053504145,16.45214770158252,7.840241145440844,0.4310474755086662,0.4159758854559156,63.63828183873399,20.310474755086663,3.2343632253202714,9.570459683496608,1.2057272042200453,95.65636774679729,1.094197437829691,1.9261492087415222,0.03617181612660136,17.284099472494347,74.06179351921628,4.2833458929917105,0.2712886209495102,5.06706857573474,29.33835719668425,50.22456669178598,4.825923134890731,29.3715146948003,100.0,87.81311228334589,37.950263752825926,15.439336850037678,28.49133383571967,3.044461190655614,0.9073097211755841,11.234363225320271,9.09419743782969,16.506405425772417,0.6721929163526752,0.015071590052750565,0.10851544837980406,1.1605124340617936,98.8394875659382,49.968349660889224,54.69178598342125,80.69630746043708,32.74755086661643,27.318764129615673,35.41522230595328,50.35116804822909,1.012810851544838,1.1906556141672946,82.14619442351169,89.62170308967596,89.4619442351168,47.69856819894499,68.99472494348154,23.626224566691786,5.033911077618689,75.08364732479276,18.63149962321025,3.1017332328560663,18.541070082893746,31.336850037678975,5.3769740871927345,3.6727958,33175,3.6727958,33175,1.7806047,68429.0,1.4850453,82048.0
071002,1986,91.23867069486406,4.431017119838872,3.0211480362537766,2.3162134944612287,0.10070493454179255,57.04934541792548,36.304128902316215,6.646525679758308,94.76334340382678,74.269889224572,20.493454179254783,5.236656596173212,11.782477341389727,35.34743202416919,43.50453172205438,0.25176233635448136,98.03625377643505,96.82779456193353,0.7552870090634441,0.3021148036253776,1.9637462235649548,0.10070493454179255,93.20241691842901,5.438066465256798,93.45417925478348,1.0574018126888218,75.57905337361531,71.34944612286002,59.71802618328298,11.63141993957704,25.629405840886204,1.7119838872104733,0.7552870090634441,75.93152064451158,9.415911379657603,0.553877139979859,8.962739174219537,3.1722054380664653,94.91440080563947,2.014098690835851,0.7552870090634441,0.25176233635448136,16.112789526686807,75.47834843907351,1.107754279959718,1.7119838872104733,7.7039274924471295,32.225579053373615,36.10271903323263,5.387713997985902,35.24672708962739,100.0,78.75125881168177,41.08761329305136,14.551863041289023,29.7079556898288,2.8197381671701915,0.10070493454179255,8.811681772406848,9.768378650553878,23.76636455186304,1.7623363544813695,0.0,0.050352467270896276,0.8056394763343404,99.19436052366567,37.91540785498489,53.423967774420944,77.49244712990937,20.594159113796575,15.861027190332326,40.88620342396777,55.53877139979859,1.1581067472306144,1.1581067472306144,74.62235649546828,85.2467270896274,85.1460221550856,29.506545820745217,66.96878147029204,21.45015105740181,2.5176233635448138,67.5730110775428,11.581067472306144,2.1651560926485396,9.013091641490433,18.68076535750252,4.881386861313868,3.9214501,1986,3.9214501,1986,2.0986257,3711.0,1.7380049,4481.0
071003,4954,91.80460234154219,6.0960839725474365,1.0294711344368188,0.8074283407347598,0.060557125555106985,68.51029471134437,23.89987888574889,7.589826402906742,96.46750100928543,77.31126362535325,19.156237383932176,3.5324989907145743,47.61808639483246,24.545821558336698,22.567622123536538,0.14129995962858297,98.5062575696407,96.87121517965281,0.34315704481227294,0.5450141299959629,1.4937424303593057,0.16148566814695195,96.14452967299152,2.1598708114654825,96.42712959224869,1.3726281792490918,75.99919257165926,82.72103350827614,64.37222446507873,18.348809043197416,15.886152603956399,0.6257569640694388,0.4440855874041179,68.99475171578523,16.08800968914009,2.664513524424707,9.305611626968107,1.0698425514735568,94.61041582559548,0.9487283003633428,2.9067420266451354,0.060557125555106985,13.504238998788857,81.22729107791683,1.6552280985062575,0.5248284214775939,7.710940654016956,31.69156237383932,43.23778764634638,5.732741219216795,31.227291077916835,100.0,85.32498990714573,41.643116673395234,14.735567218409367,28.017763423496163,2.1598708114654825,0.24222850222042794,13.766653209527654,10.21396851029471,21.23536536132418,0.9689140088817118,0.0,0.10092854259184497,0.28259991925716593,99.71740008074283,57.165926524020996,52.079127977392005,80.15744852644328,24.202664513524425,19.559951554299555,36.93984658861526,65.80540976988293,1.1505853855470327,1.4937424303593057,76.40290674202664,85.89018974566007,85.68833266047638,36.051675413807025,65.84578118691967,21.194993944287443,3.875656035526847,70.16552280985063,13.948324586192975,2.8058134840532905,12.979410577311263,30.056519983851434,5.441441441441442,3.7549455,4954,3.7549455,4954,1.9535812,9522.0,1.6070843,11575.0
071004,2870,86.16724738675958,10.975609756097562,1.3588850174216027,1.254355400696864,0.17421602787456447,53.97212543554007,34.11149825783972,11.91637630662021,89.7560975609756,78.08362369337979,11.67247386759582,10.24390243902439,36.34146341463415,15.19163763066202,33.03135888501742,0.20905923344947736,95.36585365853658,94.14634146341463,0.4529616724738676,0.313588850174216,4.634146341463414,0.313588850174216,95.60975609756098,2.7874564459930316,96.06271777003484,1.0452961672473868,74.3205574912892,48.88501742160279,38.397212543554005,10.487804878048781,48.745644599303134,1.7073170731707317,0.34843205574912894,77.24738675958189,10.905923344947736,0.5574912891986062,8.954703832752614,0.8362369337979094,89.12891986062718,0.6968641114982579,6.829268292682927,0.8362369337979094,12.926829268292684,77.45644599303135,2.4041811846689893,3.1010452961672472,10.696864111498257,28.39721254355401,47.142857142857146,5.818815331010453,33.55400696864111,100.0,82.36933797909407,37.45644599303136,15.574912891986063,28.850174216027874,2.4041811846689893,0.13937282229965156,13.344947735191637,11.184668989547038,21.916376306620208,3.3101045296167246,0.03484320557491289,0.2787456445993031,0.313588850174216,99.68641114982579,44.84320557491289,51.46341463414634,74.42508710801394,26.480836236933797,24.250871080139373,42.33449477351916,70.66202090592334,1.2195121951219512,1.7421602787456445,78.71080139372822,88.78048780487805,88.67595818815332,31.010452961672474,71.98606271777004,25.714285714285715,3.3101045296167246,70.48780487804878,11.358885017421603,2.64808362369338,13.170731707317072,20.975609756097562,6.527018822100789,3.695122,2870,3.695122,2870,2.0127158,5269.0,1.6469948,6439.0
071005,2347,80.78397954835961,7.83979548359608,10.14060502769493,9.629314017895185,0.08521516829995739,50.53259480187474,31.231359181934383,18.236046016190883,93.82190029825308,73.83894333191309,19.98295696634001,6.178099701746911,10.992756710694504,21.51682999573924,49.25436727737537,0.21303792074989347,91.47848317000427,87.21772475500639,2.7268853855986364,0.6391137622496804,8.52151682999574,0.21303792074989347,91.09501491265445,5.965061780997018,91.77673625905412,2.2582019599488707,73.45547507456327,8.223263740945889,2.812100553898594,5.411163187047294,85.5986365573072,1.7469109501491265,3.1529612270984235,77.50319556881125,11.205794631444396,0.6391137622496804,7.967618236046016,1.7043033659991478,72.68853855986366,1.2782275244993608,23.050703025138475,1.0651896037494675,31.06092884533447,57.136770345121434,1.832126118449084,3.621644652748189,22.667234767788667,21.644652748189177,39.7954835960801,6.774605879846613,35.790370685982104,100.0,66.89390711546655,33.02087771623349,15.466553046442266,25.053259480187474,2.684277801448658,0.21303792074989347,9.288453344695355,8.095440988495952,18.789944610140605,1.661695781849169,0.0,0.42607584149978694,0.5965061780997017,99.4034938219003,25.351512569237325,58.11674478057094,68.001704303366,26.07584149978696,19.55688112484022,40.94588836812953,62.888794205368555,1.3634426927993182,2.684277801448658,70.34512143161483,85.08734554750745,84.87430762675756,25.86280357903707,64.67831273966766,27.52449936088624,2.982530890498509,64.93395824456753,12.143161482743928,2.4712398806987643,12.611844908393694,34.08606731998296,4.972375690607735,3.5078824,2347,3.5078824,2347,1.8792514,4381.0,1.5634258,5266.0
071101,4163,70.40595724237329,5.092481383617583,20.946432860917607,5.548883017055008,0.6966130194571223,48.955080470814316,24.429497958203218,26.615421570982466,95.67619505164545,74.34542397309633,21.330771078549123,4.323804948354552,20.12971414845064,16.718712466970935,49.55560893586356,0.24021138601969733,95.6281527744415,93.37016574585635,0.7446552966610618,0.2161902474177276,4.371847225558492,0.33629594042757627,76.4352630314677,20.874369445111697,76.91568580350709,2.2099447513812156,73.84098006245496,77.63631996156617,64.52077828489071,13.115541676675475,20.033629594042758,1.3211626231083353,0.5524861878453039,69.61325966850829,15.27744415085275,1.3932260389142446,9.055969252942589,1.969733365361518,47.99423492673553,25.558491472495795,24.35743454239731,0.1441268316118184,44.3670429978381,48.282488589959165,0.48042277203939465,2.1138601969733366,28.441028104732165,33.55753062695172,29.61806389622868,0.9368244054768196,35.383137160701416,100.0,63.19961566178237,38.00144126831612,15.27744415085275,25.22219553206822,2.6663463848186404,1.1049723756906078,4.588037472976219,8.14316598606774,19.697333653615182,3.6512130674993997,0.3843382176315157,0.7926975738650012,16.478501080951236,83.52149891904877,28.128753302906556,56.185443190007206,69.42109055969253,22.267595484025943,16.694691328368965,24.069180879173672,64.18448234446313,1.4652894547201538,0.9608455440787893,73.55272639923132,85.61133797742013,85.56329570021619,28.272880134518378,65.98606773961086,20.393946673072303,2.402113860196973,55.36872447754023,9.272159500360317,2.1138601969733366,6.966130194571223,17.91976939706942,8.444022770398481,3.5435984,4163,3.5435984,4163,1.89834,7771.0,1.6094261,9166.0
071102,2107,88.609397247271,7.214048410061699,1.9933554817275747,0.7119126720455624,0.04746084480303749,63.73991457047936,25.296630280018984,10.96345514950166,95.53868058851448,68.53345989558615,27.005220692928333,4.461319411485524,8.49549121974371,37.39914570479355,45.799715234931185,0.09492168960607499,97.57949691504508,96.44043663977219,0.6169909824394875,0.04746084480303749,2.420503084954912,0.23730422401518747,93.02325581395348,5.0308495491219745,93.40294257237778,1.5662078785002373,76.03227337446607,90.8875177978168,79.3545325106787,11.53298528713811,8.448030374940673,0.14238253440911247,0.47460844803037494,66.9672520170859,15.804461319411486,1.7085904129093499,12.007593735168486,1.8035121025154248,61.03464641670622,22.92358803986711,11.390602752728999,0.5695301376364499,56.668248694826765,36.78215472235406,0.23730422401518747,4.081632653061225,26.53061224489796,17.27574750830565,35.35832937826293,1.3289036544850499,38.25344091124822,100.0,71.71333649738965,34.9311817750356,17.513051732320836,29.093497864261984,4.983388704318937,0.33222591362126247,5.932605600379687,8.49549121974371,24.44233507356431,3.559563360227812,0.33222591362126247,0.23730422401518747,1.6611295681063123,98.33887043189368,34.07688656858092,54.95965828191742,67.86900806834362,19.601328903654483,14.57047935453251,18.17750355956336,58.09207403891789,0.23730422401518747,0.8068343616516374,74.32368296155671,86.09397247271002,85.9515899383009,26.483151400094922,68.8656858092074,33.79212149976269,2.7527289985761745,61.03464641670622,11.817750355956337,1.7560512577123872,8.020882771713337,19.12672045562411,4.288747346072187,3.7356431,2107,3.7356431,2107,2.0223536,3892.0,1.7436863,4514.0
071103,7582,85.67660247955685,11.830651543128463,0.883671854391981,0.751780532840939,0.013189132155104194,47.32260617251385,39.356370350830915,13.321023476655236,92.95700342917436,74.78237931944078,18.17462410973358,7.04299657082564,6.726457399103139,19.691374307570563,56.99024004220522,0.3561065681878132,97.4940648905302,95.84542337114218,0.8968609865470852,0.3165391717225007,2.505935109469797,16.24901081508837,78.13241888683724,2.4663677130044843,94.56607755209707,2.8752308098127144,74.36032709047744,61.14481667106305,46.99287786863624,14.1519388024268,37.523080981271434,0.5935109469796888,0.40886309680823,71.45871801635452,14.297019256132947,1.6222632550778158,10.366657873911896,1.0419414402532314,90.70166183065155,0.9100501187021894,7.29359008177262,0.09232392508572936,40.89949881297811,47.375362701134264,4.233711421788446,0.3824848324980216,9.759957794777103,27.23555790029016,54.339224479029276,1.503561065681878,32.01002374043788,100.0,83.48720654180956,26.958586125032973,21.801635452387234,24.96702716961224,2.1498285412819835,0.9364283830123978,8.99498812978106,8.361909786336058,15.022421524663677,1.081508836718544,0.0,0.4352413611184384,0.14508045370614614,99.85491954629386,20.62780269058296,50.883671854391984,72.31601160643629,32.26061725138486,29.042469005539434,26.89264046425745,65.24663677130044,1.213400158269586,1.015563175943023,81.60116064362965,90.79398575573727,90.68847269849644,37.246109206014246,74.59773146926932,17.501978369823266,3.0203112635188605,69.99472434713796,10.709575309944606,2.426800316539172,15.813769453969929,20.667370087048273,4.688023216876884,3.0754418,7582,3.0754418,7582,1.5818466,14741.0,1.3086766,17818.0
071105,1959,90.04594180704441,4.747320061255743,0.9698825931597754,0.8167432363450741,0.20418580908626852,53.80296069423175,39.356814701378255,6.840224604389995,94.33384379785605,71.10770801429301,23.22613578356304,5.666156202143951,10.617662072485961,35.068912710566615,43.74680959673303,0.15313935681470137,96.06942317508933,94.18070444104134,0.45941807044410415,0.30627871362940273,3.9305768249106685,0.40837161817253703,91.32210311383359,5.615109749872384,92.3940786115365,1.9397651863195509,71.15875446656457,53.44563552833078,41.24553343542624,12.200102092904544,44.15518121490556,0.8677896886166412,0.8677896886166412,69.62736089841756,15.671260847371109,1.174068402246044,9.698825931597755,2.2970903522205206,81.2149055640633,4.747320061255743,8.933129147524246,0.40837161817253703,46.19703930576825,44.05308831036243,0.8677896886166412,3.9816232771822357,21.694742215416028,27.71822358346095,41.44971924451251,0.45941807044410415,38.28483920367535,100.0,69.93363961204696,40.020418580908625,14.19091373149566,27.71822358346095,3.8795303726391017,0.30627871362940273,6.227667177131189,8.831036242981114,23.22613578356304,3.8284839203675345,0.9698825931597754,2.092904543134252,1.3272077590607452,98.67279224093926,34.55844818785094,50.94435936702399,69.16794282797346,18.580908626850434,15.26288922919857,17.04951505870342,58.7034201123022,0.9698825931597754,0.7656967840735069,69.47422154160286,83.35885655946912,83.25676365492598,23.481368044920877,63.85911179173048,19.959162838182746,2.6033690658499236,59.1628381827463,9.698825931597755,2.7054619703930576,15.26288922919857,18.019397651863194,2.454840203798055,3.695763,1959,3.695763,1959,2.1163402,3421.0,1.8027889,4016.0
071106,3053,84.3432689158205,13.134621683589911,1.5722240419259745,1.5722240419259745,0.03275466754012447,53.684900098264,31.54274484113986,14.772355060596135,95.5781198820832,68.06419914837865,27.513920733704552,4.421880117916803,53.29184408778251,9.400589584015723,30.6583688175565,0.16377333770062233,98.10022928267279,96.75728791352768,0.13101867016049787,0.32754667540124466,1.8997707173272191,17.720275139207338,78.28365542089747,1.0153946937438585,96.06943989518507,2.816901408450704,72.61709793645595,88.14281035047495,64.1336390435637,24.009171306911234,11.464133639043563,0.09826400262037341,0.09826400262037341,64.72322305928594,23.288568621028496,2.2273173927284637,7.664592204389125,1.048149361283983,94.46446118571896,1.1464133639043563,2.4893547330494594,0.16377333770062233,51.16279069767442,39.40386505076973,4.683917458237799,0.45856534556174255,6.1906321650835245,30.167048804454634,56.501801506714706,1.1791680314444808,37.83164100884376,100.0,87.42220766459221,35.440550278414676,19.259744513593187,23.124795283327874,2.718637405830331,0.39305601048149363,6.583688175565018,8.05764821487062,19.88208319685555,1.6377333770062235,0.0,0.13101867016049787,0.03275466754012447,99.96724533245988,42.45004913200131,46.93743858499836,73.66524729773992,25.74516868653783,27.022600720602686,29.806747461513265,53.521126760563384,1.2446773665247297,0.9171306911234851,80.67474615132656,88.7651490337373,88.69963969865705,35.40779561087455,72.19128725843433,16.11529642974124,2.653128070750082,68.88306583688176,11.267605633802816,2.456600065509335,15.034392400917131,25.941696691778578,5.900447427293065,3.4579103,3053,3.4579103,3053,1.8556864,5689.0,1.5529567,6798.0
071201,2079,65.36796536796537,3.6075036075036073,29.533429533429533,15.921115921115922,0.2886002886002886,57.142857142857146,21.596921596921597,21.26022126022126,95.14189514189515,83.26118326118326,11.88071188071188,4.858104858104858,8.177008177008178,24.723424723424724,56.998556998557,0.1443001443001443,96.72919672919673,96.1038961038961,0.1443001443001443,0.1924001924001924,3.270803270803271,15.584415584415584,71.81337181337182,10.197210197210197,87.68638768638769,2.1164021164021163,82.2029822029822,42.27994227994228,35.3054353054353,6.9745069745069745,52.14045214045214,2.5974025974025974,2.1164021164021163,73.88167388167388,13.804713804713804,1.9721019721019721,6.83020683020683,1.7316017316017316,85.18518518518519,12.794612794612794,0.8177008177008177,0.2405002405002405,14.814814814814815,72.67917267917268,0.7215007215007215,7.744107744107744,16.546416546416545,40.83694083694084,40.54834054834055,0.5772005772005772,28.61952861952862,100.0,83.5978835978836,38.57623857623857,12.073112073112073,28.763828763828762,3.1265031265031267,0.4329004329004329,8.60990860990861,6.4935064935064934,18.566618566618565,1.5873015873015872,0.0,0.2405002405002405,13.900913900913901,86.0990860990861,28.427128427128427,46.657046657046656,73.06397306397307,19.095719095719097,21.837421837421836,46.17604617604618,48.34054834054834,0.481000481000481,1.3468013468013469,74.89177489177489,82.87638287638288,82.68398268398268,30.3992303992304,67.38816738816739,16.161616161616163,2.6936026936026938,66.76286676286676,9.523809523809524,2.4531024531024532,22.7994227994228,45.79124579124579,6.216550020584603,3.6195285,2079,3.6195285,2079,1.9616789,3836.0,1.6224666,4638.0
071301,2031,89.70950270802561,6.499261447562777,1.329394387001477,1.0832102412604627,0.14771048744460857,70.7533234859675,20.433284096504185,8.813392417528311,96.5534219596258,72.87050713934023,23.682914820285575,3.4465780403741997,83.01329394387001,2.1664204825209255,10.635155096011816,0.19694731659281142,98.71984244214673,96.5534219596258,0.39389463318562284,0.09847365829640571,1.2801575578532742,28.163466272772034,67.89758739537174,0.7877892663712457,96.20876415558838,3.003446578040374,75.43082225504678,95.27326440177252,80.15755785327426,15.115706548498277,3.5942885278188084,0.19694731659281142,0.4431314623338257,59.72427375677007,26.19399310684392,5.416051206302314,6.3023141309699655,1.3786312161496799,62.92466765140325,36.779911373707534,0.049236829148202856,0.0,50.76317085179714,33.382570162481535,13.884785819793205,0.6400787789266371,8.074839980305269,38.45396356474643,47.66125061546037,0.7877892663712457,32.890201870999505,100.0,89.5125553914328,38.01083210241261,17.479074347612013,17.626784835056622,2.511078286558346,1.8709995076317085,11.029049729197439,7.385524372230428,14.721811915312653,0.049236829148202856,0.4431314623338257,1.2309207287050714,0.8370260955194485,99.16297390448055,63.761693746922695,61.49679960610537,74.59379615952733,33.13638601674052,34.26883308714919,37.71541112752339,34.367306745445596,1.674052191038897,0.6893156080748399,84.83505662235352,92.12210733628754,92.02363367799114,50.27080256031512,75.38158542589858,20.088626292466767,3.2988675529295914,62.48153618906942,13.047759724273757,2.9542097488921715,0.8370260955194485,28.606597735105858,5.017921146953405,3.0477598,2031,3.0477598,2031,1.6153445,3832.0,1.1650668,5313.0
071302,1186,88.44856661045532,7.251264755480607,0.5059021922428331,0.42158516020236086,0.16863406408094436,72.76559865092749,17.537942664418214,9.696458684654301,94.43507588532884,70.32040472175379,24.114671163575043,5.564924114671164,48.4822934232715,5.311973018549747,39.713322091062395,0.08431703204047218,98.56661045531197,97.13322091062395,0.5902192242833052,0.42158516020236086,1.433389544688027,50.0,44.18212478920742,2.782462057335582,94.2664418212479,2.866779089376054,76.55986509274874,92.32715008431703,83.55817875210792,8.768971332209107,5.902192242833053,0.8431703204047217,0.6745362563237775,66.86340640809443,22.09106239460371,2.1079258010118043,6.913996627318719,1.2647554806070826,67.70657672849916,31.618887015177066,0.25295109612141653,0.16863406408094436,56.323777403035415,36.677908937605395,5.39629005059022,0.5059021922428331,18.29679595278246,47.97639123102867,30.860033726812816,0.927487352445194,33.55817875210793,100.0,83.97976391231029,43.25463743676222,16.61045531197302,12.39460370994941,2.360876897133221,0.25295109612141653,7.166947723440135,7.419898819561552,15.430016863406408,0.3372681281618887,0.6745362563237775,0.927487352445194,0.927487352445194,99.0725126475548,37.09949409780776,53.45699831365936,77.74030354131534,18.465430016863408,37.18381112984823,34.56998313659359,47.807757166947724,1.854974704890388,1.93929173693086,74.78920741989882,89.3760539629005,89.3760539629005,26.644182124789207,70.32040472175379,10.961214165261383,1.7706576728499157,59.78077571669477,6.998313659359191,1.349072512647555,1.2647554806070826,18.465430016863408,4.3383947939262475,3.0826306,1186,3.0826306,1186,1.6988847,2152.0,1.2520548,2920.0
071401,3361,92.41297232966379,5.177030645641178,0.6545670931270455,0.5950609937518596,0.6248140434394526,76.55459684617674,17.46504016661708,5.980362987206188,96.04284439155013,84.7366855102648,11.30615888128533,3.9571556084498662,13.924427253793514,24.129723296637906,56.94733710205296,0.20827134781315085,98.24457006843201,97.23296637905385,0.5058018446890806,0.23802439750074383,1.7554299315679858,5.89110383814341,89.4376673609045,2.558762273132996,95.68580779529901,1.6959238321927999,81.13656649806605,75.48348705742339,58.881285331746504,16.60220172567688,22.07676286819399,0.7140731925022314,1.309134186254091,68.67003867896459,18.417137756620054,2.0827134781315086,7.5572746206486165,1.0116036893781613,92.50223147872657,0.7140731925022314,4.19518000595061,0.2677774471883368,10.621838738470693,84.43915501338887,1.8149360309431717,0.5355548943766736,9.074680154715859,41.86254091044332,42.96340374888426,3.09431716750967,28.116631954775364,100.0,85.48051175245463,37.54834870574234,12.37726867003868,25.706634930080334,3.1835763165724487,0.5950609937518596,5.266289794703957,8.836655757215114,16.721213924427254,1.8149360309431717,0.0,0.6843201428146385,0.6843201428146385,99.31567985718536,33.62094614698007,64.56411782207677,80.5117524546266,29.96132103540613,36.98304076167807,31.27045522166022,25.37935138351681,0.6545670931270455,1.7256768818803927,74.26361202023207,84.79619160963999,84.67717941088962,43.6477238916989,62.95745313894674,31.300208271347813,3.1538232668848556,65.36745016364178,12.97232966379054,2.4992561737578103,23.683427551324012,33.32341565010414,10.024691358024691,3.3507884,3361,3.3507884,3361,1.785352,6308.0,1.4290065,7881.0
071402,4821,88.63306367973449,7.9651524579962665,0.6637627048330222,0.352623936942543,0.7674756274631819,74.75627463181912,15.660651317154118,9.583074051026758,97.09603816635553,78.26177141671852,18.834266749637006,2.903961833644472,13.752333540759178,20.099564405724955,62.41443683883012,0.020742584526031945,98.61024683675586,97.26197884256378,0.22816842978635138,0.45633685957270276,1.3897531632441402,3.360298693217175,91.80667911221738,1.9705455299730346,95.43663140427297,2.5098527276498652,72.32939224227339,90.35469819539514,72.70275876374197,17.651939431653183,8.089607965152458,0.1451980916822236,1.0163866417755651,58.74299937772246,24.932586600290396,4.210744658784485,8.380004148516905,1.7631196847127153,93.67351171956025,0.5600497822028625,4.1277743206803565,0.08297033810412778,10.080896079651525,82.11989213856046,5.600497822028625,0.20742584526031943,8.131093134204521,41.236258037751504,46.484131922837584,1.6179215930304915,31.17610454262601,100.0,86.89068657954782,36.8180875337067,11.74030284173408,25.990458411118027,5.310101638664178,1.2030699025098528,6.056834681601328,8.317776394938809,18.046048537647792,1.3067828251400124,0.0,0.6222775357809583,1.078614395353661,98.92138560464633,27.75357809583074,55.81829495955196,76.35345364032358,26.301597179008503,38.99605890894006,34.225264467952705,26.13565650280025,0.8089607965152458,1.9498029454470027,76.51939431653184,85.35573532462145,85.065339141257,42.543040862891516,65.89919103920349,25.554864136071355,3.1736154324828876,67.43414229412984,11.118025305953122,2.7172785729101845,28.27214270898154,43.80833851897947,6.779961055053992,3.490977,4821,3.490977,4821,1.9260701,8738.0,1.5754001,10683.0
071403,1002,95.10978043912175,3.6926147704590817,0.3992015968063872,0.3992015968063872,0.1996007984031936,65.36926147704591,30.139720558882235,4.491017964071856,96.00798403193613,83.43313373253493,12.574850299401197,3.992015968063872,71.15768463073853,5.888223552894211,17.065868263473053,0.1996007984031936,97.60479041916167,95.80838323353294,0.5988023952095808,0.7984031936127745,2.395209580838323,0.2994011976047904,82.83433133732535,15.568862275449101,83.33333333333333,1.0978043912175648,80.53892215568862,26.84630738522954,18.263473053892216,8.582834331337326,63.572854291417165,5.089820359281437,2.7944111776447107,74.750499001996,15.169660678642714,1.596806387225549,5.588822355289421,1.7964071856287425,83.93213572854292,3.7924151696606785,7.285429141716567,0.3992015968063872,12.075848303393213,81.3373253493014,0.5988023952095808,0.6986027944111777,15.169660678642714,51.89620758483034,28.043912175648703,1.8962075848303392,30.439121756487026,100.0,79.44111776447106,35.528942115768466,13.972055888223553,29.64071856287425,3.3932135728542914,0.0,6.187624750499002,11.477045908183634,23.15369261477046,1.7964071856287425,0.0,0.1996007984031936,0.1996007984031936,99.8003992015968,66.26746506986028,70.05988023952096,64.17165668662675,15.768463073852296,21.656686626746506,24.65069860279441,34.4311377245509,1.0978043912175648,0.499001996007984,69.96007984031937,83.83233532934132,83.83233532934132,10.27944111776447,66.46706586826348,27.84431137724551,3.992015968063872,54.99001996007984,6.686626746506986,2.2954091816367264,9.780439121756487,21.457085828343313,3.5454545454545454,3.7155688,1002,3.7155688,1002,2.058043,1809.0,1.6938126,2198.0
071501,6193,66.75278540287421,6.7172614241886,21.89568868076861,6.604230582916196,0.20991441950589376,48.02196027773292,23.203616986920718,28.77442273534636,94.84902309058614,77.6844824802196,17.164540610366544,5.150976909413854,7.944453415146133,20.05490069433231,58.7275956725335,0.22606168254480866,91.73260132407557,87.50201840787986,1.6954626190860649,0.7427740997900856,8.267398675924431,11.367673179396093,68.7873405457775,17.61666397545616,80.46181172291297,1.8892297755530438,75.03633134183755,31.987728080090424,23.946391086710804,8.041336993379621,63.28112384950751,1.856935249475214,1.5985790408525755,70.88648474083642,12.546423381236881,1.1303084127240433,12.433392539964476,1.1303084127240433,55.38511222347812,9.930566768932666,32.47214597125787,0.4682706281285322,61.585661230421444,32.11690618440174,1.2917810431131924,2.7288874535766188,32.73050217988051,25.28661391894074,22.81608267398676,1.2756337800742774,32.43985144518004,100.0,54.62619086064912,38.70498950427903,15.129985467463264,27.111254642338125,3.1487162925884062,0.14532536735023413,8.848700145325367,9.236234458259325,20.829969320200227,2.8742128209268527,0.16147263038914905,1.0980138866462135,15.662845147747456,84.33715485225254,23.155175197803974,48.70014532536735,65.92927498788956,17.535927660261585,14.839334732762797,17.035362506055225,65.15420636202164,1.0818666236072985,1.6470208299693203,70.43436137574682,81.28532213789762,81.22073308574197,26.917487485871145,62.715969643145485,11.448409494590667,2.551267560148555,48.34490553851122,7.6860972065234945,1.6954626190860649,8.590343936702729,14.532536735023413,7.04381586245147,3.7414823,6193,3.7414823,6193,1.9048833,12164.0,1.6145914,14351.0
071502,1265,82.92490118577075,3.399209486166008,10.909090909090908,4.822134387351778,0.0,49.1699604743083,38.18181818181818,12.648221343873518,95.17786561264822,86.00790513833992,9.1699604743083,4.822134387351778,50.98814229249012,7.905138339920948,29.09090909090909,0.15810276679841898,93.04347826086956,91.30434782608695,0.3952569169960474,0.3952569169960474,6.956521739130435,0.31620553359683795,58.41897233201581,39.92094861660079,59.130434782608695,0.9486166007905138,78.41897233201581,7.58893280632411,1.976284584980237,5.612648221343873,71.38339920948617,2.6877470355731226,14.940711462450594,83.71541501976284,3.3201581027667983,0.07905138339920949,10.118577075098814,1.1857707509881423,39.60474308300395,50.43478260869565,7.66798418972332,0.3952569169960474,42.21343873517787,39.209486166007906,0.15810276679841898,15.256916996047432,39.44664031620553,18.656126482213438,19.604743083003953,1.3438735177865613,24.9802371541502,100.0,70.67193675889328,43.47826086956522,9.960474308300395,32.72727272727273,1.8972332015810276,0.0,9.960474308300395,11.778656126482213,23.557312252964426,3.6363636363636362,0.31620553359683795,0.07905138339920949,6.403162055335969,93.59683794466403,52.88537549407115,62.134387351778656,57.4703557312253,15.57312252964427,8.300395256916996,31.620553359683793,57.15415019762846,1.8181818181818181,3.3201581027667983,54.07114624505929,75.49407114624506,75.49407114624506,14.150197628458498,51.462450592885375,16.442687747035574,1.2648221343873518,36.91699604743083,3.6363636363636362,1.4229249011857708,2.766798418972332,5.770750988142293,4.175365344467641,4.218972,1265,4.218972,1265,2.075039,2572.0,1.7283031,3088.0
071503,778,79.04884318766067,5.012853470437018,7.712082262210797,3.5989717223650386,0.2570694087403599,41.25964010282777,41.77377892030848,16.966580976863753,93.18766066838046,75.32133676092545,17.866323907455012,6.812339331619537,7.069408740359897,25.06426735218509,51.79948586118252,0.3856041131105398,92.54498714652956,88.81748071979435,0.8997429305912596,0.12853470437017994,7.455012853470437,0.0,87.66066838046272,9.511568123393316,87.7892030848329,2.6992287917737787,72.87917737789203,15.167095115681233,3.8560411311053984,11.311053984575835,75.706940874036,2.056555269922879,5.526992287917738,74.93573264781492,13.496143958868895,0.6426735218508998,7.969151670951157,1.6709511568123394,66.19537275064268,17.866323907455012,13.753213367609254,0.3856041131105398,57.58354755784062,28.663239074550127,0.3856041131105398,9.511568123393316,28.27763496143959,34.318766066838045,29.82005141388175,0.7712082262210797,33.67609254498715,100.0,66.83804627249357,32.64781491002571,14.010282776349614,29.948586118251928,2.3136246786632393,0.2570694087403599,7.069408740359897,8.611825192802057,28.14910025706941,3.8560411311053984,1.1568123393316196,1.2853470437017995,5.526992287917738,94.47300771208226,25.32133676092545,39.33161953727507,66.32390745501286,19.408740359897173,12.467866323907455,19.151670951156813,58.868894601542415,0.6426735218508998,1.4138817480719794,71.33676092544987,82.51928020565553,82.39074550128535,23.26478149100257,64.65295629820051,16.323907455012854,1.7994858611825193,58.9974293059126,8.997429305912597,1.2853470437017995,5.526992287917738,13.881748071979434,6.988694758478931,3.6426735,778,3.6426735,778,2.1901083,1294.0,1.6939629,1673.0
080101,31030,48.25974863035772,6.525942636158557,7.998710924911376,7.428295198195295,32.46213341927167,52.858524009023526,12.552368675475346,34.58910731550113,96.03287141475991,77.9407025459233,18.09216886883661,3.9671285852400904,30.16113438607799,47.41862713503062,14.892039961327747,0.721882049629391,98.54334514985499,97.13180792781179,0.2707057686110216,0.37383177570093457,1.456654850145021,5.990976474379632,88.38543345149856,1.824041250402836,94.72446019980664,3.3902674830808897,69.90654205607477,94.17338059941991,79.50048340315823,14.672897196261681,4.9468256525942635,0.2578150177247825,0.3770544634224944,65.79761521108604,16.587173702868192,2.484692233322591,9.436029648727038,1.956171446986787,80.37060908797937,0.47695778279084755,14.173380599419916,1.1247180148243636,48.67225265871737,45.8975185304544,4.034805027392846,0.43184015468901066,28.64969384466645,19.832420238478893,45.32710280373832,3.209796970673542,31.040928134063808,100.0,62.36223009990332,32.5878182404125,12.906864324846921,33.68675475346439,4.734128262971318,1.8337093135675153,6.91266516274573,9.461811150499516,17.78601353528843,1.9787302610377056,0.07734450531743474,3.3838221076377697,33.109893651305185,66.89010634869481,62.37834353851112,49.55204640670319,71.75314212052852,35.31098936513052,18.217853689977442,26.16500161134386,77.20915243312923,0.5929745407669996,1.5952304221720914,82.47824685787947,88.41121495327103,88.27586206896552,52.78762487914921,70.29004189494039,29.12020625201418,5.095069287786013,64.67611988398325,15.73316145665485,3.4933934901708024,22.0754108926845,28.736706413148568,4.926308460020889,3.817048,31030,3.817048,31030,1.8343349,64570.0,1.5995436,74048.0
080201,23889,21.31524969651304,3.3823098497216293,70.01130227301269,30.91380970321068,0.5483695424672443,37.90028883586588,10.125999413956214,51.973711750177905,96.65117836661224,85.44937000293022,11.20180836368203,3.3488216333877516,21.214785047511405,18.883167985265185,39.599815814810164,0.4688350286742852,94.49956046716062,92.9046841642597,0.47720708275775464,0.38511448783959146,5.5004395328393825,6.597178617773871,82.9000795345138,8.15019465025744,89.69400142324919,2.0469672234082634,75.94290259115074,81.37636569132236,65.825275231278,15.551090460044373,16.75248022102223,0.7911591108878563,0.7074385700531626,69.05270208045545,9.100422788731215,1.1679015446439784,10.314370630834276,1.6744108166938758,59.5629787768429,1.025576625224999,37.16773410356231,0.3725564067143874,91.14655280673114,6.207878102892544,1.0004604629745908,0.7241826782201013,39.189585164720164,24.605466951316505,30.424044539327724,1.0172045711415296,25.944995604671607,100.0,41.19469211771108,33.2328686843317,13.767842940265394,34.593327472895474,3.9306793921888734,0.5232533802168362,8.464146678387543,10.561346226296623,19.59060655531835,1.3981330319393863,0.33906819038050984,0.661392272594081,39.98493030264976,60.01506969735024,35.42216082715894,52.84021934781698,66.03457658336472,23.92314454351375,12.616685503788354,22.466407132990078,77.15266440621207,1.0590648415588764,2.01766503411612,75.7084850768136,83.83356356482062,83.67868056427645,39.45749089539118,65.49876512202269,27.150571392691198,4.227887312152037,52.095106534388215,7.786010297626523,2.7460337393779564,7.279501025576625,24.906860898321405,6.371713508612874,4.0276694,23889,4.0276694,23889,1.951505,49304.0,1.6192969,59419.0
080202,9025,78.8808864265928,9.329639889196676,8.941828254847646,3.988919667590028,0.42105263157894735,68.28808864265928,12.875346260387811,18.83656509695291,96.34349030470914,85.16343490304709,11.18005540166205,3.656509695290859,36.686980609418285,31.33518005540166,22.64819944598338,0.1883656509695291,97.91689750692521,97.08587257617728,0.34349030470914127,0.32132963988919666,2.0831024930747923,6.0055401662049865,86.04986149584488,5.285318559556787,92.29916897506925,2.3157894736842106,76.21052631578948,91.86703601108033,72.11080332409972,19.75623268698061,7.146814404432133,0.24376731301939059,0.47645429362880887,65.98337950138504,14.725761772853186,1.3185595567867037,12.199445983379501,2.193905817174515,80.26592797783934,0.6759002770083102,17.761772853185594,0.1883656509695291,58.57063711911357,37.65096952908587,0.8864265927977839,0.7645429362880887,21.6398891966759,28.509695290858726,41.95013850415513,4.642659279778393,21.628808864265928,100.0,66.47091412742382,31.213296398891966,12.908587257617729,34.393351800554015,4.1551246537396125,0.7534626038781164,9.484764542936288,10.570637119113574,15.578947368421053,0.9861495844875346,0.4986149584487535,0.6426592797783933,5.872576177285318,94.12742382271468,60.498614958448755,45.16343490304709,69.15235457063712,24.57617728531856,14.038781163434903,29.085872576177284,75.10249307479225,0.7091412742382271,2.227146814404432,74.30470914127424,82.47091412742382,82.29362880886427,43.4792243767313,61.81717451523546,22.304709141274238,3.5346260387811634,58.470914127423825,9.385041551246537,2.260387811634349,12.686980609418283,38.448753462603875,7.00630854521124,3.765097,9025,3.765097,9025,1.8070623,18804.0,1.4947433,22733.0
080301,1884,9.288747346072187,3.8747346072186835,84.76645435244161,80.14861995753715,0.05307855626326964,45.859872611464965,21.86836518046709,32.27176220806794,96.3375796178344,82.6963906581741,13.641188959660298,3.662420382165605,7.006369426751593,54.830148619957534,27.070063694267517,0.10615711252653928,96.65605095541402,95.16985138004246,0.7961783439490446,0.37154989384288745,3.343949044585987,0.47770700636942676,87.10191082802548,9.607218683651805,87.73885350318471,2.653927813163482,79.61783439490446,87.20806794055201,73.51380042462846,13.694267515923567,11.94267515923567,0.1592356687898089,0.1592356687898089,72.13375796178345,9.978768577494693,0.3184713375796178,12.845010615711253,1.910828025477707,78.1316348195329,2.7070063694267517,15.92356687898089,0.1592356687898089,90.60509554140127,4.033970276008493,0.10615711252653928,3.9278131634819533,30.307855626326965,34.76645435244161,28.18471337579618,0.47770700636942676,25.690021231422506,100.0,50.530785562632694,34.182590233545646,15.711252653927813,28.927813163481954,3.821656050955414,0.37154989384288745,11.146496815286625,10.19108280254777,14.437367303609342,2.4416135881104033,0.05307855626326964,0.2653927813163482,4.7239915074309975,95.276008492569,53.34394904458599,47.29299363057325,68.63057324840764,22.08067940552017,15.074309978768577,30.042462845010615,72.66454352441613,1.326963906581741,0.8492569002123143,79.98938428874735,88.1104033970276,87.95116772823779,38.16348195329087,68.84288747346072,16.348195329087048,3.0254777070063694,62.367303609341825,10.40339702760085,1.7515923566878981,8.81104033970276,29.61783439490446,8.253692441355343,3.494692,1884,3.494692,1884,1.6899384,3896.0,1.4131788,4659.0
080302,6406,70.324695597877,10.646269122697472,10.084295972525757,6.931002185451139,1.0302841086481425,49.68779269434905,27.38058070558851,22.93162660006244,89.91570402747425,75.25757102716203,14.658133000312207,10.084295972525757,15.969403684046206,43.771464252263506,26.100530752419605,0.21854511395566656,93.33437402435217,92.10115516703091,0.35903840149859506,0.3122073056509522,6.66562597564783,9.537933187636591,78.86356540743053,7.867624102403997,88.66687480487043,3.387449266312832,73.72775522947236,60.177958164221046,49.48485794567593,10.693100218545114,36.9497346237902,1.2176084920387138,0.9522322822354043,71.72962847330628,11.582891039650328,1.4985950671245707,11.551670309085232,1.9200749297533561,71.37059007180768,1.6390883546674992,24.320949110209177,0.32781767093349984,94.61442397752107,2.2322822354043086,1.1395566656259757,1.2956603184514517,35.35747736497034,37.012176084920384,24.352169840774273,0.3746487667811427,32.29784576959101,100.0,50.73368716827974,30.237277552294724,14.470808616921635,27.926943490477676,3.8089291289416174,0.4214798626287855,9.41305026537621,9.428660630658758,17.733374960974086,2.965969403684046,0.7336871682797378,4.527005931938807,4.917265064002498,95.08273493599751,50.46831095847643,48.95410552606931,63.7371214486419,21.620355916328442,19.263190758663754,23.13456134873556,69.35685295035904,3.215735248204808,1.1863877614736185,77.19325632219794,86.65313768342179,86.5282547611614,32.6568841710896,67.57727130814861,19.575398064314705,2.3103340618170467,55.71339369341243,8.117389946924758,1.888854199188261,8.69497346237902,14.611301904464565,5.9066967644845745,3.4500468,6406,3.4500468,6406,1.8472918,11964.0,1.4830896,14902.0
080303,1374,75.69141193595343,17.394468704512374,5.312954876273653,4.439592430858807,0.0,55.53129548762737,22.852983988355167,21.61572052401747,96.79767103347889,81.6593886462882,15.138282387190683,3.2023289665211063,10.262008733624453,54.51237263464338,24.16302765647744,0.29112081513828236,98.10771470160117,96.5065502183406,1.3828238719068413,0.07278020378457059,1.8922852983988354,0.07278020378457059,91.3391557496361,5.531295487627365,91.63027656477438,2.8384279475982535,79.25764192139738,59.67976710334789,49.490538573508005,10.189228529839884,37.77292576419214,1.0189228529839884,0.8005822416302766,73.36244541484716,12.08151382823872,0.4366812227074236,9.67976710334789,2.4745269286754,83.33333333333333,2.2561863173216885,6.622998544395925,0.2183406113537118,92.5764192139738,2.9839883551673947,0.5094614264919942,3.3478893740902476,32.532751091703055,32.532751091703055,29.694323144104803,0.8733624454148472,23.871906841339158,100.0,53.56622998544396,32.02328966521106,14.992721979621543,32.38719068413391,5.676855895196507,0.363901018922853,7.860262008733624,10.480349344978166,17.103347889374092,2.183406113537118,0.0,0.727802037845706,0.8733624454148472,99.12663755458516,55.385735080058225,37.11790393013101,63.901018922852984,20.014556040756915,19.43231441048035,26.71033478893741,69.5778748180495,1.455604075691412,3.63901018922853,78.09315866084425,86.8995633187773,86.82678311499272,39.88355167394469,66.5938864628821,17.540029112081513,2.4017467248908297,62.44541484716157,8.58806404657933,1.8922852983988354,10.698689956331878,27.00145560407569,5.259822560202788,3.962882,1374,3.962882,1374,1.8958913,2872.0,1.6133333,3375.0
080304,4265,71.69988276670574,22.97772567409144,2.4150058616647128,2.157092614302462,0.04689331770222743,53.05978898007034,19.4841735052755,27.456037514654163,92.28604923798359,76.5767878077374,15.70926143024619,7.713950762016412,45.06447831184056,19.812426729191092,24.642438452520516,0.6565064478311841,95.54513481828839,94.51348182883939,0.37514654161781946,0.25791324736225085,4.4548651817116065,10.363423212192263,79.08558030480657,6.799531066822977,89.87104337631888,3.305978898007034,73.41148886283705,85.65064478311841,71.65298944900351,13.997655334114889,11.746776084407973,1.2661195779601406,0.6565064478311841,69.21453692848769,15.357561547479484,1.64126611957796,8.13599062133646,1.735052754982415,62.46189917936694,0.9144196951934349,33.739742086752635,0.6799531066822978,93.78663540445487,1.6647127784290738,1.570926143024619,2.086752637749121,33.20046893317702,39.76553341148886,24.056271981242674,0.5392731535756154,39.906213364595544,100.0,42.64947245017585,34.372801875732705,16.178194607268463,23.35287221570926,2.6025791324736227,1.3130128956623681,10.058616647127785,8.065650644783119,18.2883939038687,1.9929660023446658,0.18757327080890973,1.3599062133645956,0.492379835873388,99.5076201641266,52.73153575615475,49.61313012895663,67.73739742086752,24.454865181711607,16.412661195779602,22.508792497069166,63.188745603751464,3.212192262602579,3.634232121922626,77.96014067995311,86.96365767878078,86.91676436107855,29.894490035169987,69.75381008206331,15.96717467760844,2.6025791324736227,55.63892145369285,8.980070339976553,2.3681125439624853,7.057444314185228,24.337631887456038,6.437156243634141,3.196483,4265,3.196483,4265,1.8690704,7294.0,1.5507905,8791.0
080401,2971,63.54762706159542,16.526422080107707,17.940087512622014,15.987882867721305,0.06731740154830024,58.667115449343655,16.99764389094581,24.335240659710536,96.29754291484349,82.22820599124874,14.069336923594749,3.702457085156513,63.412992258498825,12.722988892628745,17.03130259171996,0.26926960619320095,98.41804106361495,97.20632783574554,0.30292830696735107,0.47122181083810166,1.5819589363850555,2.82733086502861,88.95994614607876,4.745876809155167,91.85459441265567,3.3322113766408616,73.71255469538876,94.21070346684618,80.44429485021878,13.766408616627398,4.846852911477617,0.23561090541905083,0.3702457085156513,70.21204981487715,10.535173342308987,1.178054527095254,13.194210703466846,3.0292830696735105,68.76472568158869,10.636149444631437,11.30932346011444,2.457085156512959,39.71726691349714,57.79198922921575,0.9761023224503534,0.7741501178054527,39.380679905755635,20.19522046449007,29.754291484348705,1.0434197239986536,25.109390777515987,100.0,55.536856277347695,30.158195893638506,11.847862672500842,37.36115785930663,5.1834399192191185,0.3702457085156513,5.89027263547627,11.645910467855941,21.204981487714573,1.5483002356109055,0.06731740154830024,0.6058566139347021,2.086839447997307,97.9131605520027,65.49983170649612,42.47728037697745,70.7842477280377,22.181083810164928,13.833726018175698,27.263547627061595,71.8613261528105,1.5483002356109055,5.75563783237967,78.45843150454392,85.66139347021205,85.59407606866375,37.93335577246718,70.01009761023225,18.747896331201616,1.8848872433524066,59.407606866374955,11.814203971726691,2.6926960619320095,14.47324133288455,25.277684281386737,5.913348946135831,4.326153,2971,4.326153,2971,2.054836,6255.0,1.7541968,7327.0
080402,242,85.53719008264463,2.8925619834710745,4.132231404958677,4.132231404958677,0.0,59.09090909090909,29.75206611570248,11.15702479338843,95.45454545454545,87.1900826446281,8.264462809917354,4.545454545454546,6.198347107438017,30.165289256198346,47.93388429752066,0.0,96.28099173553719,92.56198347107438,2.8925619834710745,0.8264462809917356,3.71900826446281,1.2396694214876034,78.51239669421487,18.181818181818183,80.16528925619835,1.6528925619834711,69.42148760330579,1.6528925619834711,0.0,1.6528925619834711,84.29752066115702,3.3057851239669422,7.851239669421488,64.0495867768595,16.94214876033058,2.479338842975207,9.090909090909092,3.3057851239669422,73.96694214876032,4.545454545454546,15.289256198347108,2.479338842975207,69.83471074380165,22.31404958677686,0.4132231404958678,6.198347107438017,35.950413223140494,38.429752066115704,9.090909090909092,1.6528925619834711,13.636363636363637,100.0,60.743801652892564,7.43801652892562,0.4132231404958678,34.710743801652896,56.611570247933884,0.0,4.545454545454546,7.43801652892562,52.06611570247934,5.785123966942149,6.6115702479338845,0.0,6.6115702479338845,93.38842975206612,32.64462809917355,44.62809917355372,45.04132231404959,12.396694214876034,5.785123966942149,27.272727272727273,66.52892561983471,4.132231404958677,16.94214876033058,66.11570247933884,80.16528925619835,80.16528925619835,1.6528925619834711,65.2892561983471,10.330578512396695,1.6528925619834711,45.04132231404959,1.6528925619834711,2.8925619834710745,2.8925619834710745,12.396694214876034,1.2048192771084338,8.206612,242,8.206612,242,3.2664473,608.0,2.8616714,694.0
080501,2611,85.5993872079663,8.119494446572194,2.9490616621983916,2.297970126388357,0.6510915358100344,66.44963615472999,21.52432018383761,12.026043661432402,96.32324779777863,80.23745691306013,16.0857908847185,3.6767522022213712,9.80467253925699,49.63615472998851,30.02680965147453,0.34469551895825357,97.6254308693987,96.66794331673688,0.34469551895825357,0.497893527384144,2.3745691306013024,9.766373037150517,75.25852163921869,12.4473381846036,85.33129069322099,2.068173113749521,73.30524703178858,52.08732286480276,45.11681348142474,6.970509383378016,43.43163538873995,2.680965147453083,1.0340865568747606,70.54768288012257,10.877058598238223,1.2638835695135964,12.983531214094217,2.7575641516660285,66.48793565683646,0.995787054768288,28.916124090386823,1.3404825737265416,53.849099961700496,40.71237073918039,1.1872845653006512,3.791650708540789,47.108387590961314,17.234775947912677,29.988510149368057,2.0298736116430485,30.29490616621984,100.0,46.11260053619303,32.899272309459974,13.213328226733053,32.82267330524703,3.523554193795481,0.38299502106472616,8.157793948678668,11.068556108770586,18.766756032171582,3.4469551895825354,0.19149751053236308,1.8383761011106856,1.493680582152432,98.50631941784756,48.37227116047492,55.18958253542704,64.53466104940635,25.08617387973956,11.872845653006511,26.273458445040216,65.99004212945232,1.6085790884718498,1.9149751053236308,75.25852163921869,84.10570662581387,84.0674071237074,28.68632707774799,69.0923018000766,13.941018766756033,2.1447721179624666,52.24052087322865,7.276905400229797,2.3362696284948297,9.345078513979319,12.485637686710072,5.968253968253968,3.8697817,2611,3.8697817,2611,1.9453216,5194.0,1.6331017,6187.0
080602,696,80.02873563218391,14.224137931034482,3.0172413793103448,2.586206896551724,0.14367816091954022,39.51149425287356,42.81609195402299,17.67241379310345,90.66091954022988,79.16666666666667,11.494252873563218,9.339080459770114,12.931034482758621,25.14367816091954,46.839080459770116,0.28735632183908044,96.55172413793103,94.82758620689656,0.8620689655172413,0.5747126436781609,3.4482758620689653,0.43103448275862066,91.0919540229885,5.603448275862069,91.8103448275862,2.1551724137931036,70.25862068965517,15.660919540229886,11.206896551724139,4.454022988505747,78.30459770114942,2.1551724137931036,2.7298850574712645,77.72988505747126,10.488505747126437,0.5747126436781609,8.045977011494253,2.0114942528735633,47.12643678160919,0.14367816091954022,48.85057471264368,0.8620689655172413,76.00574712643679,18.67816091954023,2.586206896551724,0.43103448275862066,48.85057471264368,26.436781609195403,21.408045977011493,1.7241379310344827,29.310344827586206,100.0,34.62643678160919,24.85632183908046,18.53448275862069,31.03448275862069,3.0172413793103448,0.5747126436781609,6.32183908045977,7.183908045977011,19.25287356321839,1.0057471264367817,0.14367816091954022,1.5804597701149425,0.7183908045977011,99.2816091954023,31.60919540229885,40.37356321839081,66.8103448275862,15.517241379310345,22.126436781609197,26.29310344827586,64.51149425287356,1.293103448275862,2.1551724137931036,63.9367816091954,79.45402298850574,79.16666666666667,2.2988505747126435,63.64942528735632,23.275862068965516,2.0114942528735633,48.275862068965516,6.32183908045977,1.4367816091954022,5.603448275862069,13.074712643678161,3.341288782816229,3.5014367,696,3.5014367,696,1.7879677,1363.0,1.539482,1583.0
080701,1027,67.9649464459591,14.313534566699124,16.94255111976631,8.95813047711782,0.09737098344693282,64.65433300876339,10.223953261927946,25.121713729308667,98.539435248296,91.33398247322297,7.205452775073028,1.4605647517039921,15.774099318403115,45.56962025316456,33.398247322297955,0.0,98.92891918208375,98.34469328140214,0.19474196689386564,0.19474196689386564,1.071080817916261,0.09737098344693282,88.80233690360272,7.8870496592015575,88.9970788704966,3.0185004868549172,81.69425511197663,92.98928919182083,70.39922103213243,22.590068159688414,6.329113924050633,0.3894839337877313,0.09737098344693282,71.76241480038948,15.092502434274586,0.3894839337877313,8.95813047711782,2.044790652385589,76.53359298928919,15.481986368062318,5.744888023369036,0.2921129503407984,49.46445959104187,47.41966893865628,0.7789678675754625,2.044790652385589,23.563777994157743,30.477117818889973,39.92210321324245,2.142161635832522,18.208373904576437,100.0,70.88607594936708,30.08763388510224,10.613437195715676,38.75365141187926,8.179162609542356,1.1684518013631937,3.11587147030185,8.276533592989288,19.668938656280428,1.557935735150925,0.09737098344693282,0.19474196689386564,8.179162609542356,91.82083739045764,56.28042843232716,37.682570593963,61.24634858812074,18.500486854917234,13.729308666017527,30.866601752677703,67.86757546251218,1.1684518013631937,2.629016553067186,64.45959104186953,79.8442064264849,79.64946445959104,38.36416747809153,51.50925024342746,17.234664070107108,2.3369036027263874,55.59883154819864,10.808179162609543,2.239532619279455,12.950340798442065,34.177215189873415,6.540447504302926,4.3281403,1027,4.3281403,1027,1.9703014,2256.0,1.6837121,2640.0
080702,867,80.27681660899654,14.53287197231834,4.1522491349480966,1.3840830449826989,0.0,70.93425605536332,9.573241061130334,19.492502883506344,97.92387543252595,87.88927335640139,10.034602076124568,2.0761245674740483,13.956170703575548,40.94579008073818,37.60092272202999,0.11534025374855825,99.30795847750865,98.73125720876585,0.2306805074971165,0.0,0.6920415224913494,0.3460207612456747,85.58246828143022,11.995386389850058,86.04382929642445,1.9607843137254901,81.43021914648212,48.55824682814302,36.90888119953864,11.649365628604382,47.75086505190311,0.922722029988466,2.0761245674740483,74.39446366782006,8.419838523644753,0.2306805074971165,12.456747404844291,2.0761245674740483,64.70588235294117,24.682814302191463,5.536332179930795,2.5374855824682814,50.2883506343714,39.33102652825836,0.11534025374855825,9.22722029988466,33.21799307958477,26.066897347174162,33.44867358708189,0.8073817762399077,17.76239907727797,100.0,69.3194925028835,33.333333333333336,11.995386389850058,37.94694348327566,4.728950403690888,0.11534025374855825,7.612456747404845,13.14878892733564,16.839677047289506,3.8062283737024223,0.0,0.0,2.7681660899653977,97.2318339100346,50.2883506343714,35.294117647058826,67.01268742791234,18.33910034602076,14.878892733564014,31.257208765859286,67.82006920415225,1.4994232987312572,3.9215686274509802,74.16378316032295,83.73702422145328,83.50634371395617,43.59861591695502,64.12918108419838,19.261822376009228,1.9607843137254901,61.707035755478664,12.918108419838523,2.306805074971165,15.22491349480969,39.792387543252595,3.9800995024875623,4.3644753,867,4.3644753,867,1.9188641,1972.0,1.6310345,2320.0
080801,2118,49.71671388101983,12.22851746931067,36.59112370160529,12.086874409820586,0.0,49.244570349386215,10.19830028328612,40.55712936732767,96.69499527856469,86.02455146364495,10.670443814919736,3.305004721435316,9.442870632672332,39.47119924457035,38.479697828139756,0.42492917847025496,98.11142587346554,96.78942398489141,0.9915014164305949,0.2360717658168083,1.8885741265344664,0.2360717658168083,76.48725212464589,20.821529745042493,76.81775259678942,2.3135033050047213,80.83097261567517,55.85457979225684,45.04249291784703,10.81208687440982,39.51841359773371,0.8970727101038716,2.26628895184136,78.65911237016053,8.262511803588291,0.56657223796034,9.06515580736544,2.360717658168083,62.27573182247403,26.015108593012275,9.63172804532578,0.42492917847025496,64.06987724268177,28.98961284230406,0.28328611898017,6.232294617563739,38.432483474976394,22.001888574126536,27.856468366383382,0.7082152974504249,20.915958451369217,100.0,63.36166194523135,32.90840415486308,11.048158640226628,37.91312559017941,5.240793201133145,0.18885741265344666,4.721435316336166,7.837582625118036,21.246458923512748,1.9357884796978282,0.09442870632672333,0.18885741265344666,24.598677998111427,75.40132200188857,44.57034938621341,37.0632672332389,66.52502360717658,16.80830972615675,9.301227573182247,26.959395656279508,67.56373937677054,1.1803588290840414,7.129367327667611,69.97167138810198,81.16147308781869,81.06704438149197,35.12747875354108,59.91501416430595,14.683663833805477,3.8715769593956564,55.288007554296506,7.459867799811143,1.9830028328611897,7.412653446647781,28.37582625118036,5.049208386820711,4.570822,2118,4.570822,2118,2.1004555,4609.0,1.7452677,5547.0
080802,586,70.64846416382252,11.262798634812286,17.576791808873722,3.242320819112628,0.0,53.58361774744027,20.98976109215017,25.426621160409557,95.90443686006826,86.3481228668942,9.556313993174061,4.09556313993174,9.215017064846416,22.013651877133107,62.62798634812287,0.0,98.63481228668942,97.95221843003414,0.5119453924914675,0.0,1.3651877133105803,0.5119453924914675,73.54948805460751,23.208191126279864,74.2320819112628,2.5597269624573378,84.81228668941979,90.61433447098976,81.0580204778157,9.556313993174061,6.996587030716723,1.1945392491467577,0.5119453924914675,81.39931740614334,8.19112627986348,0.17064846416382254,9.215017064846416,0.6825938566552902,28.498293515358363,69.45392491467577,1.3651877133105803,0.0,83.10580204778157,14.334470989761092,0.3412969283276451,2.04778156996587,37.8839590443686,29.522184300341298,24.744027303754265,0.6825938566552902,19.453924914675767,100.0,84.81228668941979,31.911262798634812,15.52901023890785,31.22866894197952,4.948805460750854,0.0,10.750853242320819,10.238907849829351,13.310580204778157,0.5119453924914675,0.0,0.17064846416382254,14.334470989761092,85.66552901023891,28.32764505119454,38.05460750853242,63.99317406143345,18.600682593856654,7.679180887372014,29.86348122866894,68.43003412969283,1.023890784982935,3.583617747440273,71.160409556314,82.93515358361775,82.76450511945393,27.133105802047783,62.28668941979522,27.303754266211605,2.218430034129693,55.460750853242324,5.631399317406143,1.5358361774744027,6.143344709897611,22.866894197952217,3.0973451327433628,3.6296928,586,3.6296928,586,1.6488372,1290.0,1.3335423,1595.0
080803,538,62.45353159851301,13.011152416356877,23.42007434944238,8.550185873605948,0.0,57.806691449814124,10.780669144981413,31.412639405204462,95.72490706319702,87.73234200743494,7.992565055762082,4.275092936802974,8.178438661710038,34.572490706319705,47.76951672862454,0.18587360594795538,95.91078066914498,92.19330855018588,2.973977695167286,0.5576208178438662,4.089219330855019,0.37174721189591076,70.07434944237919,25.092936802973977,70.817843866171,4.089219330855019,81.78438661710037,54.83271375464684,38.47583643122677,16.356877323420075,39.77695167286245,1.1152416356877324,2.2304832713754648,76.2081784386617,8.736059479553903,0.37174721189591076,8.550185873605948,5.018587360594796,59.29368029739777,38.47583643122677,0.7434944237918215,0.37174721189591076,66.54275092936803,26.022304832713754,0.18587360594795538,6.691449814126394,24.53531598513011,38.47583643122677,21.189591078066915,1.1152416356877324,21.189591078066915,100.0,81.78438661710037,34.75836431226766,10.037174721189592,32.52788104089219,5.5762081784386615,0.0,9.107806691449815,8.921933085501859,15.055762081784387,1.486988847583643,0.18587360594795538,0.18587360594795538,15.055762081784387,84.94423791821562,39.962825278810406,63.01115241635688,67.1003717472119,17.65799256505576,10.594795539033457,31.412639405204462,67.28624535315986,3.345724907063197,3.5315985130111525,74.72118959107807,85.8736059479554,85.8736059479554,26.394052044609666,67.84386617100371,30.855018587360593,2.973977695167286,55.57620817843866,10.966542750929367,1.6728624535315986,6.133828996282528,38.66171003717472,2.936378466557912,4.1394053,538,4.1394053,538,1.9298093,1154.0,1.536922,1449.0
090101,14979,72.62834635155885,7.517190733693838,10.454636491087523,7.89772347953802,6.075171907336938,63.46885639895854,17.164029641498097,19.36711395954336,96.95573803324655,82.20842512851326,14.747312904733294,3.0442619667534547,41.51144936244075,30.188931170305093,19.794378796982443,1.755791441351225,98.23085653247881,97.18272247813606,0.5741371253087656,0.18692836637959812,1.7691434675211963,6.462380666266106,88.6507777555244,1.1415982375325455,95.58715535082449,3.231190333133053,75.42559583416784,90.29307697443087,57.36030442619668,32.9327725482342,8.545296748781627,0.26704052339942586,0.6075171907336938,64.02296548501235,19.64083049602777,2.1029441217704785,9.266306161960078,1.4219907871019428,74.60444622471461,0.10681620935977035,24.147139328393084,0.18692836637959812,90.86721409973964,5.714667200747713,2.5769410508044595,0.2136324187195407,6.549168836370919,19.40049402496829,56.77949128780293,0.754389478603378,26.42365979037319,100.0,64.05634555043729,33.46017758194806,16.569864476934374,26.877628680152213,3.8253554976967754,2.436744776019761,4.913545630549436,7.430402563589024,13.145069764336737,0.9680218973229188,0.18025235329461245,1.1950063422124306,8.812337272181054,91.18766272781895,60.745043060284395,55.04372788570666,73.02890713665799,42.77321583550304,18.38574003605047,24.240603511582883,75.20528740236331,0.7677415047733493,1.321850590827158,86.66800186928366,91.10755057079912,91.00741037452434,62.39401829227585,72.36130582815942,23.105681287135322,2.8773616396288135,74.56439014620469,13.47887041858602,3.471526804192536,18.886441017424396,54.049001936043794,9.96866535663073,3.3606381,14979,3.3606381,14979,1.7075065,29481.0,1.4157269,35557.0
090102,1677,69.40966010733453,16.33870005963029,6.91711389385808,5.18783542039356,0.2385211687537269,53.66726296958855,21.049493142516397,25.28324388789505,95.46809779367919,89.2665474060823,6.2015503875969,4.531902206320811,18.66428145497913,37.0304114490161,33.631484794275494,0.2385211687537269,94.87179487179488,92.24806201550388,1.1329755515802027,0.35778175313059035,5.128205128205129,0.5366726296958855,93.14251639833036,4.233750745378653,93.7984496124031,1.4311270125223614,78.29457364341086,40.608228980322004,23.792486583184257,16.815742397137747,53.24985092426953,1.6100178890876566,2.802623732856291,75.84973166368515,10.196779964221825,0.4770423375074538,9.123434704830053,2.802623732856291,56.529516994633276,0.4770423375074538,40.7871198568873,0.7751937984496124,90.28026237328562,4.83005366726297,0.655933214072749,3.041144901610018,9.898628503279665,22.957662492546213,37.924865831842574,0.7155635062611807,20.39355992844365,100.0,44.00715563506261,32.438878950506854,11.985688729874777,37.74597495527728,7.4537865235539655,0.2385211687537269,3.2200357781753133,6.082289803220036,21.586165772212283,2.444841979725701,1.073345259391771,1.72927847346452,3.041144901610018,96.95885509838998,51.81872391174717,52.892069171138935,70.00596302921885,22.12283840190817,12.999403697078115,33.810375670840784,67.02444841979725,1.4907573047107932,4.353011329755516,65.53369111508647,78.89087656529517,78.41383422778772,30.76923076923077,56.11210494931425,15.20572450805009,4.651162790697675,54.50208706022659,7.334525939177102,3.697078115682767,7.2748956469886705,45.915324985092425,9.707724425887266,4.2576027,1677,4.2576027,1677,2.1037123,3394.0,1.7217265,4147.0
090201,984,65.7520325203252,15.955284552845528,15.853658536585366,7.520325203252033,0.0,36.483739837398375,34.552845528455286,28.963414634146343,96.54471544715447,70.52845528455285,26.016260162601625,3.4552845528455283,8.028455284552846,32.6219512195122,47.86585365853659,0.3048780487804878,95.22357723577235,94.0040650406504,0.508130081300813,0.7113821138211383,4.776422764227642,0.2032520325203252,90.65040650406505,4.166666666666667,91.26016260162602,4.573170731707317,67.27642276422765,67.47967479674797,55.28455284552845,12.195121951219512,30.08130081300813,1.524390243902439,0.7113821138211383,59.2479674796748,26.829268292682926,1.2195121951219512,8.841463414634147,1.829268292682927,67.17479674796748,0.0,31.504065040650406,0.3048780487804878,96.95121951219512,0.9146341463414634,0.7113821138211383,0.9146341463414634,19.51219512195122,32.520325203252035,39.329268292682926,0.508130081300813,41.46341463414634,100.0,49.69512195121951,33.333333333333336,13.109756097560975,22.459349593495936,3.7601626016260163,0.7113821138211383,2.540650406504065,9.146341463414634,17.479674796747968,1.7276422764227641,0.508130081300813,0.508130081300813,8.841463414634147,91.15853658536585,28.048780487804876,42.98780487804878,50.8130081300813,44.3089430894309,6.7073170731707314,20.630081300813007,67.88617886178862,2.7439024390243905,7.82520325203252,81.09756097560975,90.44715447154472,90.44715447154472,28.252032520325205,76.01626016260163,19.91869918699187,1.9308943089430894,59.552845528455286,4.2682926829268295,2.33739837398374,4.979674796747967,29.26829268292683,16.760168302945303,3.2022357,984,3.2022357,984,1.8394629,1713.0,1.535575,2052.0
090301,343,2.3323615160349855,0.5830903790087464,54.518950437317784,21.574344023323615,2.3323615160349855,8.454810495626822,3.206997084548105,88.33819241982508,89.50437317784257,73.46938775510205,16.034985422740526,10.495626822157435,0.5830903790087464,12.244897959183673,49.27113702623907,0.5830903790087464,90.96209912536443,84.25655976676384,2.3323615160349855,0.5830903790087464,9.037900874635568,0.0,68.22157434402332,29.154518950437318,68.5131195335277,1.4577259475218658,70.26239067055394,1.749271137026239,0.8746355685131195,0.8746355685131195,82.21574344023324,8.16326530612245,4.956268221574344,60.349854227405245,9.037900874635568,0.2915451895043732,16.034985422740526,1.1661807580174928,47.23032069970846,0.8746355685131195,39.067055393586,2.623906705539359,76.67638483965014,2.0408163265306123,0.0,12.244897959183673,46.06413994169096,28.862973760932945,18.950437317784257,1.1661807580174928,31.778425655976676,100.0,19.24198250728863,18.075801749271136,10.204081632653061,34.40233236151604,29.154518950437318,0.2915451895043732,2.9154518950437316,5.247813411078718,46.35568513119534,5.539358600583091,6.122448979591836,11.078717201166182,41.39941690962099,58.60058309037901,10.787172011661808,49.85422740524781,47.521865889212826,13.70262390670554,6.122448979591836,18.075801749271136,73.17784256559767,2.0408163265306123,2.0408163265306123,62.68221574344023,78.71720116618076,78.42565597667638,7.871720116618076,60.349854227405245,18.367346938775512,1.4577259475218658,34.40233236151604,4.664723032069971,0.5830903790087464,3.498542274052478,10.787172011661808,1.7142857142857142,5.4723034,343,5.4723034,343,3.2030716,586.0,2.6215084,716.0
090303,1155,30.043290043290042,21.125541125541126,36.01731601731602,16.450216450216452,0.3463203463203463,19.74025974025974,25.02164502164502,55.23809523809524,92.55411255411255,77.57575757575758,14.978354978354979,7.445887445887446,5.021645021645021,18.00865800865801,56.103896103896105,0.17316017316017315,88.91774891774892,85.28138528138528,1.5584415584415585,1.0389610389610389,11.082251082251082,0.17316017316017315,87.79220779220779,7.792207792207792,88.13852813852814,3.896103896103896,66.49350649350649,23.72294372294372,15.41125541125541,8.311688311688311,67.53246753246754,3.2034632034632033,3.722943722943723,68.13852813852814,14.285714285714286,0.2597402597402597,12.294372294372295,3.116883116883117,35.58441558441559,0.4329004329004329,61.904761904761905,0.4329004329004329,93.76623376623377,0.9523809523809523,1.2987012987012987,3.0303030303030303,48.83116883116883,27.61904761904762,19.653679653679653,0.4329004329004329,40.77922077922078,100.0,26.753246753246753,36.277056277056275,11.948051948051948,25.28138528138528,5.714285714285714,0.5194805194805194,3.722943722943723,8.484848484848484,27.272727272727273,2.1645021645021645,2.1645021645021645,2.7705627705627704,22.07792207792208,77.92207792207792,18.26839826839827,45.02164502164502,48.65800865800866,17.835497835497836,12.207792207792208,16.536796536796537,74.97835497835497,1.2987012987012987,6.666666666666667,76.19047619047619,86.58008658008659,86.58008658008659,25.627705627705627,70.12987012987013,19.913419913419915,2.3376623376623376,46.666666666666664,3.29004329004329,2.2510822510822512,3.722943722943723,17.056277056277057,8.650519031141869,3.7116883,1155,3.7116883,1155,2.1629667,1982.0,1.7877398,2398.0
