cod_ine,poblacion,n_mujeres,pct_0_14,_den_pct_0_14,pct_15_64,_den_pct_15_64,pct_65_mas,_den_pct_65_mas,pct_menor20,_den_pct_menor20,pct_60_mas,_den_pct_60_mas,edad_mediana,edad_promedio,indice_masculinidad,pob_hombres,pct_0_4,_den_pct_0_4,pct_15_29,_den_pct_15_29,pct_80_mas,_den_pct_80_mas,razon_dependencia,dep_juvenil,dep_senil,indice_envejecimiento,indice_juventud,pct_analfabetismo,_den_pct_analfabetismo,pct_analfabetismo_mujeres,_den_pct_analfabetismo_mujeres,pct_asistencia_4_17,_den_pct_asistencia_4_17,pct_educacion_publica,_den_pct_educacion_publica,tasa_asistencia_4_5,_den_tasa_asistencia_4_5,tasa_asistencia_18_24,_den_tasa_asistencia_18_24,pct_edu_ninguno,_den_pct_edu_ninguno,pct_edu_primaria,_den_pct_edu_primaria,pct_edu_secundaria,_den_pct_edu_secundaria,pct_edu_superior,_den_pct_edu_superior,pct_secundaria_mas,_den_pct_secundaria_mas,pct_primaria_completa,_den_pct_primaria_completa,brecha_alfabetismo,brecha_alfabetismo_muj,brecha_alfabetismo_hom,_den_brecha_alfabetismo_muj,_den_brecha_alfabetismo_hom,brecha_edu_superior,brecha_edu_superior_muj,brecha_edu_superior_hom,_den_brecha_edu_superior_muj,_den_brecha_edu_superior_hom,brecha_anios_estudio,brecha_anios_estudio_muj,brecha_anios_estudio_hom,_den_brecha_anios_estudio_muj,_den_brecha_anios_estudio_hom,pct_catocu_asalariado,_den_pct_catocu_asalariado,pct_catocu_cuenta_propia,_den_pct_catocu_cuenta_propia,pct_catocu_empleador,_den_pct_catocu_empleador,pct_catocu_familiar,_den_pct_catocu_familiar,pct_catocu_hogar,_den_pct_catocu_hogar,pct_catocu_cooperativista,_den_pct_catocu_cooperativista,pct_catocu_asalariado_amplio,_den_pct_catocu_asalariado_amplio,tasa_participacion,tasa_ocupacion,_den_tasa_participacion,_den_tasa_ocupacion,_den_tasa_desocupacion,tasa_desocupacion,tasa_participacion_fem,tasa_ocupacion_fem,_den_tasa_participacion_fem,_den_tasa_ocupacion_fem,pct_sector_primario,_den_pct_sector_primario,pct_sector_secundario,_den_pct_sector_secundario,pct_sector_servicios,_den_pct_sector_servicios,brecha_participacion,brecha_participacion_hom,brecha_participacion_muj,_den_brecha_participacion_hom,_den_brecha_participacion_muj,pct_ocu_profesionales,_den_pct_ocu_profesionales,pct_ocu_no_calificado,_den_pct_ocu_no_calificado,pct_rama_agricultura,_den_pct_rama_agricultura,pct_rama_manufactura,_den_pct_rama_manufactura,pct_rama_construccion,_den_pct_rama_construccion,pct_rama_comercio,_den_pct_rama_comercio,pct_rama_transporte,_den_pct_rama_transporte,pct_rama_alojamiento,_den_pct_rama_alojamiento,pct_rama_mineria,_den_pct_rama_mineria,pct_rama_adm_publica,_den_pct_rama_adm_publica,pct_rama_ensenanza,_den_pct_rama_ensenanza,pct_rama_salud,_den_pct_rama_salud,pct_salud_publica,_den_pct_salud_publica,pct_salud_caja,_den_pct_salud_caja,pct_salud_privada,_den_pct_salud_privada,pct_salud_tradic,_den_pct_salud_tradic,pct_salud_autome,_den_pct_salud_autome,pct_salud_casera,_den_pct_salud_casera,pct_registro_civil,_den_pct_registro_civil,pct_cedula,_den_pct_cedula,pct_autoident_indigena,_den_pct_autoident_indigena,pct_nacido_otro_municipio,_den_pct_nacido_otro_municipio,pct_nacido_extranjero,_den_pct_nacido_extranjero,pct_migrante_reciente,_den_pct_migrante_reciente,paridez_media,_den_paridez_media,paridez_media_12mas,pct_hijos_fallecidos,_den_pct_hijos_fallecidos,pct_parto_calificado,_den_pct_parto_calificado,pct_jefatura_femenina,_den_pct_jefatura_femenina,edad_media_jefe,prom_anios_estudio,_den_prom_anios_estudio,pct_ecivil_casado,_den_pct_ecivil_casado,pct_ecivil_conviviente,_den_pct_ecivil_conviviente,pct_ecivil_separado_divorciado,_den_pct_ecivil_separado_divorciado,pct_ecivil_viudo,_den_pct_ecivil_viudo,pct_ecivil_soltero,_den_pct_ecivil_soltero,pct_pueblo_quechua,_den_pct_pueblo_quechua,pct_pueblo_aymara,_den_pct_pueblo_aymara,pct_pueblo_guarani,_den_pct_pueblo_guarani,pct_pueblo_chiquitano,_den_pct_pueblo_chiquitano,pct_pueblo_afroboliviano,_den_pct_pueblo_afroboliviano,pct_pueblo_guarayo,_den_pct_pueblo_guarayo,pct_pueblo_mojeno,_den_pct_pueblo_mojeno,pct_pueblo_trinitario,_den_pct_pueblo_trinitario,pct_pueblo_yuracare,_den_pct_pueblo_yuracare,pct_pueblo_movima,_den_pct_pueblo_movima,pct_disc_ver,_den_pct_disc_ver,pct_disc_oir,_den_pct_disc_oir,pct_disc_caminar,_den_pct_disc_caminar,pct_disc_comunicar,_den_pct_disc_comunicar,pct_discapacidad,_den_pct_discapacidad,pct_afiliado_sus,_den_pct_afiliado_sus,pct_afiliado_caja,_den_pct_afiliado_caja,pct_afiliado_privado,_den_pct_afiliado_privado,pct_afiliado_ninguno,_den_pct_afiliado_ninguno,pct_seguro_salud,_den_pct_seguro_salud,pct_madres_adolescentes,_den_pct_madres_adolescentes,edad_1er_hijo,pct_idioma_castellano,_den_pct_idioma_castellano,pct_idioma_materno_originario,_den_pct_idioma_materno_originario,pct_bilingue,_den_pct_bilingue,pct_registro_menores5,_den_pct_registro_menores5,pct_residia_otro_mun,_den_pct_residia_otro_mun,pct_rezago_escolar,_den_pct_rezago_escolar,pct_hogar_con_menores,_den_pct_hogar_con_menores,pct_hogar_con_am,_den_pct_hogar_con_am,pct_hogar_unipersonal,_den_pct_hogar_unipersonal,pct_am_solo,_den_pct_am_solo,hogares,tam_hogar_pers,autocontencion_laboral,pct_trabaja_fuera,dependencia_capital,_den_autocontencion_laboral,_den_pct_trabaja_fuera,_den_dependencia_capital
010101,261622,136738,30.34377842841963,261622,63.668193041869564,261622,5.988028529710804,261622,42.095465977631854,261622,8.470235683543432,261622,23.0,27.08350597426822,91.33086632830668,124884,10.415026259259543,261622,32.64251477322244,261622,1.73418137618396,261622,57.06429729242961,47.65924236056913,9.405054931860478,19.73395812863729,506.7407123707392,5.2239179662940725,179731,7.452717136455999,95965,89.82074090144818,73748,71.39234009148413,66241,57.778489116517285,9372,30.02605051534715,44145,7.735222094390919,155587,20.576911952798113,155587,29.38805941370423,155587,41.62751386683978,155587,71.015573280544,155587,74.52486390251113,155587,4.7821825520184,7.452717136455999,2.6705345844376,95965,83766,-1.9038238913796945,40.74623650767058,42.650060399050275,83566,72021,-0.2760577632555954,11.311027129167229,11.587084892422824,74090,68416,43.13725490196079,103479,38.20968505687144,103479,3.4122865508943843,103479,2.756114767247461,103479,2.4691000106301764,103479,0.6117183196590612,103479,45.60635491259096,103479,57.787923514120806,56.30259505661541,181576,181576,104929,2.5703094473405828,48.40302692894552,47.04214606787909,96996,96996,7.715575140849834,103479,22.842315832197837,103479,62.00968312411214,103479,20.1474578192219,68.55048474816742,48.40302692894552,84580,96996,23.943988635375295,103479,6.999487818784488,103479,7.2681413620154816,103479,9.877366422172615,103479,12.698228626098048,103479,19.884227717701176,103479,7.018815411822689,103479,5.247441509871568,103479,0.44743377883435287,103479,3.9418626001410915,103479,6.985958503657747,103479,4.758453406005083,103479,62.5283806407718,261622,28.590485509628394,261622,17.759974314086737,261622,14.668108951082095,261622,57.575433258670905,261622,50.696806843461175,261622,99.00524403146419,260868,79.90286275050984,260868,36.18539895140327,181576,31.952175046383612,260868,1.1212567275403653,260868,11.974374556005374,233674,1.8431548395512654,61328,2.5895715529824477,16.003130009924426,209584.0,,,41.036670455035896,69511,42.073959517198716,10.414705482687442,154541,33.93978833819563,181327,12.069906853364364,181327,3.0034137221704436,181327,4.014846106757405,181327,46.972044979512155,181327,29.536392474776402,181576,1.0667709388906024,181576,0.3199762083094682,181576,0.07600123364321276,181576,0.1624664052517954,181576,0.017072740890866633,181576,0.0457108869013526,181576,0.0022029343084989206,181576,0.009362470811120412,181576,0.006058069348372032,181576,,,,,,,,,,,,0,,0,,0,,0,,0,8.659676604345629,15832,,66.58348381487427,239232,31.874916399143927,239232,55.488415484820734,233674,93.70449363830257,27194,2.264363586181517,260868,7.506398537477148,54700,56.866765920391025,71198,17.67886738391528,71198,17.593190819966853,71198,2.7079412343043345,71198,71198,3.6639793252619457,,,,0,0,0
010102,9461,4757,31.740830778987423,9461,59.12694218370151,9461,9.132227037311067,9461,42.63819892188987,9461,13.613782898213719,9461,24.0,30.05570235704471,98.88585242800085,4704,9.808688299334108,9461,25.124194059824543,9461,2.1984991015748863,9461,69.12763675366465,53.68251698248123,15.44511977118341,28.77122877122877,347.56944444444446,12.660206314473273,6398,18.449279803861476,3263,90.10951403148529,2922,76.49069502468667,2633,61.06194690265487,339,32.18283582089552,1072,19.44847605224964,5512,38.73367198838897,5512,25.290275761973874,5512,16.164731494920176,5512,41.45500725689405,5512,46.42597968069666,5512,11.814511063829578,18.449279803861476,6.634768740031898,3263,3135,-4.055188185473082,14.215857492141112,18.271045677614193,2863,2649,-0.26654317176083087,7.963414634146342,8.229957805907173,2050,2370,25.031289111389235,3995,53.66708385481852,3995,1.7772215269086358,3995,6.257822277847309,3995,1.7772215269086358,3995,0.2753441802252816,3995,26.80851063829787,3995,61.3033359193173,60.89992242048099,6445,6445,3951,0.6580612503163756,48.23493609251369,47.961046865489955,3286,3286,42.92866082603254,3995,20.67584480600751,3995,30.81351689612015,3995,26.662183249050088,74.89711934156378,48.23493609251369,3159,3286,9.236545682102628,3995,6.708385481852315,3995,42.453066332916144,3995,6.658322903629537,3995,13.967459324155193,3995,9.637046307884857,3995,5.156445556946183,3995,2.5031289111389237,3995,0.4755944931163955,3995,1.4768460575719649,3995,3.6795994993742176,3995,1.7521902377972465,3995,83.68037205369411,9461,13.159285487791989,9461,10.580276926329141,9461,31.687982242891874,9461,46.0522143536624,9461,65.6590212451115,9461,99.15227296810427,9437,83.71304439970329,9437,72.07137315748642,6445,28.11274769524213,9437,1.2080110204514147,9437,9.722874589008924,8516,2.7487061529614722,1739,4.146892655367232,20.33883728930168,11628.0,,,35.08234392952892,2611,49.4147836078131,6.473051711580481,5492,42.09872710338404,6442,12.18565662837628,6442,1.443651040049674,6442,8.38248990996585,6442,35.88947531822416,6442,72.66097750193948,6445,0.21722265321955003,6445,0.2948021722265322,6445,0.031031807602792862,6445,0.0,6445,0.0,6445,0.015515903801396431,6445,0.0,6445,0.0,6445,0.0,6445,,,,,,,,,,,,0,,0,,0,,0,,0,12.658227848101266,474,,32.63013070396698,8722,65.99403806466407,8722,67.50821982151244,8516,95.54831704668838,921,5.118151955070467,9437,9.31174089068826,2223,51.486988847583646,2690,25.650557620817843,2690,23.04832713754647,2690,7.4721189591078065,2690,2690,3.50817843866171,,,,0,0,0
010103,16532,8232,39.589886281151706,16532,51.35494797967578,16532,9.055165739172514,16532,47.82845390757319,16532,12.62400193563997,16532,22.0,28.352165497217516,100.82604470359573,8300,13.295427050568595,16532,18.60633922090491,16532,2.7340914589886283,16532,94.72320376914017,77.0906949352179,17.632508833922262,22.872421695951108,437.20774883099534,21.52452676572359,9826,28.970438328236494,4905,74.62632811093103,5553,48.11776061776062,4144,27.92452830188679,795,26.887519260400616,1298,30.504957343786028,8674,52.00599492736915,8674,13.71916071016832,8674,3.689186073322573,8674,17.40834678349089,8674,23.35715932672354,8674,14.867613699096076,28.970438328236494,14.102824629140418,4905,4921,-0.582308307388693,3.3991731740927884,3.9814814814814814,4354,4320,0.04068778669802331,5.286047415468325,5.245359628770301,2573,3448,9.797399455700031,6614,53.71938312670094,6614,1.0130027214998487,6614,16.162685213184155,6614,0.8164499546416691,6614,0.48382219534321136,6614,10.6138494103417,6614,65.49443943492636,65.11371606051497,9981,9981,6537,0.5813064096680435,48.83720930232558,48.63672814755413,4988,4988,74.49349863925008,6614,10.523132748714847,6614,9.6310855760508,6614,33.29777968225283,82.13498898457841,48.83720930232558,4993,4988,3.5984275778651345,6614,4.203205322044149,6614,74.32718475960084,6614,5.488358028424554,6614,5.019655276685818,6614,2.4039915331115815,6614,1.2246749319625039,6614,0.9978832778953735,6614,0.16631387964922892,6614,0.33262775929845784,6614,2.4493498639250078,6614,0.7710916238282431,6614,73.54827002177595,16532,5.625453665618195,16532,3.345027824824583,16532,46.20735543188967,16532,26.016210984756835,16532,60.16815872247762,16532,94.75850381309769,16522,60.76746156639632,16522,87.63650936779882,9981,12.84953395472703,16522,0.09078804018883913,16522,3.9857601563590674,14326,3.845472837022133,2485,4.8177987109568665,28.575125511101906,19321.0,,,30.94413165872672,4618,48.04634040710264,3.6478596977039346,8667,43.07198716663325,9974,14.808502105474233,9974,0.8221375576498897,9974,6.206135953479046,9974,35.09123721676359,9974,81.32451658150485,9981,0.44083759142370504,9981,0.020038072337441138,9981,0.0,9981,0.03005710850616171,9981,0.0,9981,0.010019036168720569,9981,0.0,9981,0.0,9981,0.0,9981,,,,,,,,,,,,0,,0,,0,,0,,0,18.13953488372093,645,,3.94754630255509,14794,93.52440178450723,14794,50.86555912327237,14326,83.92531876138433,2196,3.2078440866723157,16522,12.082262210796916,3890,57.63495064062172,4761,25.330812854442343,4761,23.020373871035495,4761,5.587061541692922,4761,4761,3.4702793530770846,,,,0,0,0
010201,10652,5238,40.968832144198274,10652,50.4600075103267,10652,8.571160345475029,10652,50.18775816748028,10652,12.044686443860307,10652,19.0,27.165133308298913,103.36006109201986,5414,12.711227938415322,10652,20.38114907998498,10652,2.609838527975967,10652,98.1767441860465,81.1906976744186,16.986046511627908,20.921173235563703,477.98466593647316,24.596774193548388,6200,34.36381386267491,3073,74.00824317362185,3882,93.63035154890359,2873,25.68093385214008,514,21.244635193133046,932,30.6934374419037,5379,46.421267893660534,5379,13.850158021937164,5379,8.88641011340398,5379,22.73656813534114,5379,27.904815021379438,5379,19.36541283932985,34.36381386267491,14.998401023345059,3073,3127,-1.4029901258162116,8.18452380952381,9.587513935340022,2688,2691,0.25159426662841344,6.413905133203379,6.162310866574965,1539,2181,12.506610259122157,3782,65.12427287149656,3782,1.2427287149656268,3782,5.499735589635113,3782,0.5288207297726071,3782,0.21152829190904285,3782,13.035430988894765,3782,59.137217446673034,58.86660299267749,6282,6282,3715,0.4576043068640646,34.959871589085076,34.73515248796148,3115,3115,71.97250132205183,3782,6.028556319407721,3782,15.124272871496563,3782,47.957716033270465,82.91758762235554,34.959871589085076,3167,3115,8.778424114225277,3782,4.0190375462718135,3782,71.94606028556319,3782,2.538339502908514,3782,3.4108937070333156,3782,2.617662612374405,3782,1.1369645690111052,3782,1.6922263352723428,3782,0.026441036488630356,3782,1.0840824960338444,3782,5.050237969328398,3782,1.6657852987837123,3782,83.86218550506948,10652,5.8580548253849045,10652,3.8490424333458506,10652,46.939541870071345,10652,33.92790086368757,10652,62.52346977093504,10652,94.94645876385496,10646,69.0588014277663,10646,68.17892390958293,6282,7.75878264136765,10646,0.10332519256058613,10646,6.166594920361601,9292,3.6288659793814433,1649,4.821332306507509,21.090143354661052,12347.0,,,28.40729001584786,2524,48.18541996830428,4.327871904673245,5371,41.21589277166108,6267,16.690601563746608,6267,1.1648316578905378,6267,6.111377054411999,6267,34.81729695228977,6267,69.35689270932824,6282,0.01591849729385546,6282,0.04775549188156638,6282,0.0,6282,0.01591849729385546,6282,0.0,6282,0.0,6282,0.0,6282,0.0,6282,0.0,6282,,,,,,,,,,,,0,,0,,0,,0,,0,20.12987012987013,462,,45.87585919600083,9602,51.31222661945428,9602,32.985363753766684,9292,86.77991137370753,1354,2.5079842194251363,10646,10.745296671490593,2764,67.13848508033665,2614,27.850038255547055,2614,14.728385615914307,2614,5.241009946442234,2614,2614,4.0726855394032135,,,,0,0,0
010202,14261,7024,40.635299067386576,14261,49.898324100694204,14261,9.46637683191922,14261,49.82820279082813,14261,13.196830516794053,14261,20.0,28.136175583759904,103.03246013667426,7237,11.380688591262885,14261,18.876656615945585,14261,2.7557674777364842,14261,100.40753232152895,81.43620011242271,18.97133220910624,23.295944779982744,429.25925925925924,24.2966142107773,8388,34.08437200383509,4172,79.59259951410951,5351,95.46841981685841,4259,38.05668016194332,741,26.226583407671722,1121,35.150427822246755,7246,43.858680651393875,7246,13.262489649461772,7246,7.645597571073695,7246,20.908087220535467,7246,25.97295059343086,7246,19.473366311235473,34.08437200383509,14.61100569259962,4172,4216,-1.4349579002221544,6.930693069306931,8.365650969529085,3636,3610,0.33546052856313224,6.275806451612903,5.940345923049771,1860,2833,13.188908145580589,5770,56.08318890814558,5770,1.1265164644714039,5770,10.277296360485268,5770,1.0398613518197575,5770,0.2772963604852686,5770,14.228769497400346,5770,67.13998343391314,66.92699088865223,8451,8451,5674,0.31723651744800846,51.45168967158496,51.28510233222275,4202,4202,69.60138648180242,5770,8.856152512998268,5770,16.51646447140381,5770,31.20305262071912,82.65474229230408,51.45168967158496,4249,4202,7.55632582322357,5770,4.748700173310225,5770,69.44540727902947,5770,4.696707105719238,5770,4.1421143847487,5770,3.2062391681109186,5770,1.2478336221837087,5770,1.9064124783362217,5770,0.1559792027729636,5770,1.074523396880416,5770,4.818024263431543,5770,2.079722703639515,5770,85.54098590561672,14261,6.7807306640488045,14261,3.6042353271159104,14261,44.91971110020335,14261,29.01619802257906,14261,59.89762288759554,14261,95.23976690304009,14243,64.71249034613494,14243,86.21464915394628,8451,17.67183879800604,14243,0.08425191322052938,14243,6.274758358421804,12622,3.895204262877442,2252,5.142301278488049,23.8121096931849,18415.0,,,28.064992614475628,3385,49.300147710487444,3.9299723756906078,7240,44.66295462622912,8441,14.109702641867077,8441,0.9240611301978439,8441,6.752754412984244,8441,33.550527188721716,8441,86.47497337593184,8451,0.35498757543485976,8451,0.07099751508697195,8451,0.011832919181161992,8451,0.0,8451,0.0,8451,0.0,8451,0.0,8451,0.0,8451,0.0,8451,,,,,,,,,,,,0,,0,,0,,0,,0,17.694805194805195,616,,11.858162560442091,13029,85.37109524905979,13029,53.359214070670255,12622,85.50277606415793,1621,2.6890402302885628,14243,13.420365535248042,3830,64.20536486876262,3467,30.1990193250649,3467,16.32535333141044,3467,5.278338621286415,3467,3467,4.108162676665705,,,,0,0,0
010301,11362,5567,30.2851610631931,11362,62.33937687026932,11362,7.375462066537581,11362,41.27794402393945,11362,10.746347474036261,11362,24.0,28.991550783312796,104.09556313993174,5795,9.707797922900898,11362,27.74159478964971,11362,1.6634395352930822,11362,60.41225469433856,48.58110969927996,11.83114499505859,24.353385643708226,410.62052505966585,13.222929936305732,7850,18.061674008810574,3859,77.95031055900621,3220,94.62151394422311,2510,40.72289156626506,415,33.90044108380592,1587,19.915746658919232,6884,43.69552585705985,6884,21.99302730970366,6884,14.076118535735038,6884,36.0691458454387,6884,40.96455549099361,6884,9.517449503674017,18.061674008810574,8.544224505136556,3859,3991,-0.6170938283187386,13.762551683402245,14.379645511720984,3386,3498,0.1949499754377806,7.624745624745625,7.429795649307844,2457,3034,21.149144254278728,4908,48.85900570497147,4908,1.691116544417278,4908,7.620211898940505,4908,1.8948655256723717,4908,0.3463732681336593,4908,23.0440097799511,4908,61.49570490146539,60.93986862051541,7916,7916,4868,0.903861955628595,42.666324171590034,42.2810172103776,3893,3893,50.38712306438468,4908,13.101059494702527,4908,29.421352893235532,4908,37.050305209468874,79.71662938105891,42.666324171590034,4023,3893,10.941320293398533,4908,5.093724531377343,4908,50.183374083129586,4908,4.176854115729421,4908,8.883455582722087,4908,9.576202118989405,4908,3.3211083944580277,4908,2.852485737571312,4908,0.20374898125509372,4908,1.487367563162184,4908,4.88997555012225,4908,1.9356153219233905,4908,84.01689843337441,11362,10.807956345713782,11362,7.9123393768702694,11362,51.760253476500615,11362,48.25734905826439,11362,69.18676289385671,11362,97.75409547296107,11354,74.88990664083143,11354,81.88479029813037,7916,15.166461159062885,11354,0.18495684340320592,11354,6.690724665951429,10253,2.7647331786542924,2155,3.772640911969601,18.46023688663283,11820.0,,,34.4733773804897,2573,48.01282549553051,5.993296415039347,6862,30.283114256825076,7912,21.840242669362993,7912,1.5798786653185035,7912,5.270475227502528,7912,41.0262891809909,7912,83.18595250126326,7916,0.48004042445679634,7916,0.20212228398180898,7916,0.025265285497726123,7916,0.012632642748863061,7916,0.0,7916,0.0,7916,0.0,7916,0.0,7916,0.0,7916,,,,,,,,,,,,0,,0,,0,,0,,0,13.980263157894736,608,,24.95002379819134,10505,73.50785340314137,10505,69.16024578172242,10253,89.64577656675749,1101,4.227584992073278,11354,12.776831345826235,2348,56.83776695391533,2669,24.840764331210192,2669,16.710378418883476,2669,3.9340576995129264,2669,2669,4.254027725739977,,,,0,0,0
010302,12385,6080,35.78522406136455,12385,57.23052079127977,12385,6.984255147355672,12385,45.942672587807834,12385,10.238191360516755,12385,22.0,27.271538150989098,103.70065789473684,6305,12.531287848203473,12385,25.44206701655228,12385,2.067016552280985,12385,74.73194130925508,62.52821670428894,12.20372460496614,19.517148014440433,512.3699421965318,25.00636618283677,7854,29.378818737270876,3928,75.33539731682147,3876,92.77397260273973,2920,34.552102376599635,547,24.05693950177936,1405,34.96626576708712,6818,37.79700792021121,6818,18.80316808448225,6818,8.257553534760927,6818,27.06072161924318,6818,31.930184804928132,6818,8.747132542670773,29.378818737270876,20.631686194600103,3928,3926,-0.053024733172520655,8.231173380035026,8.284198113207546,3426,3392,0.29462879940772346,7.083414634146341,6.788785834738618,2050,2372,17.0921420023933,5014,47.96569605105704,5014,1.8747506980454727,5014,5.404866374152373,5014,2.632628639808536,5014,0.2991623454327882,5014,19.724770642201836,5014,62.98627722522976,62.268664232657684,7943,7943,5003,1.1393164101539077,43.30728510209226,42.8283337534661,3967,3967,53.8093338651775,5014,17.770243318707617,5014,20.542481053051457,5014,39.3134392439842,82.62072434607646,43.30728510209226,3976,3967,6.940566414040686,5014,6.202632628639808,5014,53.64978061428002,5014,5.424810530514559,5014,12.265656162744316,5014,7.1400079776625445,5014,1.3761467889908257,5014,1.316314319904268,5014,0.15955325089748704,5014,0.817710410849621,5014,3.649780614280016,5014,1.2165935380933386,5014,74.88090431974162,12385,6.653209527654421,12385,4.117884537747275,12385,47.32337505046427,12385,22.95518772708922,12385,57.32741219216795,12385,94.37530305479231,12374,67.98933247131082,12374,75.81518318015863,7943,11.200905123646356,12374,0.16971068369161144,12374,4.1855308140072065,10823,2.9827006246996635,2081,3.8104531921931857,20.120724346076457,11431.0,,,25.898203592814372,2672,47.98615269461078,4.481193064942698,6806,32.22095815952471,7911,22.133737833396538,7911,1.2767033244848944,7911,5.372266464416635,7911,38.996334218177225,7911,70.09945864283017,7943,0.1384867178647866,7943,0.02517940324814302,7943,0.0,7943,0.10071761299257208,7943,0.01258970162407151,7943,0.01258970162407151,7943,0.0,7943,0.0,7943,0.0,7943,,,,,,,,,,,,0,,0,,0,,0,,0,17.207792207792206,616,,11.145982783357246,11152,86.83644189383071,11152,48.239859558347966,10823,82.97872340425532,1551,2.2062388879909487,12374,13.850017940437747,2787,63.823008849557525,2825,24.38938053097345,2825,13.061946902654867,2825,4.0,2825,2825,4.380176991150442,,,,0,0,0
010303,8068,4083,36.46504709965295,8068,55.35448686167575,8068,8.180466038671295,8068,46.988101140307386,8068,11.923648983639067,8068,22.0,28.257932573128407,97.59980406563801,3985,11.712940009915716,8068,22.84333168071393,8068,2.14427367377293,8068,80.653828929691,65.87550380653829,14.77832512315271,22.433718558803534,445.75757575757575,14.989123986553292,5057,20.2020202020202,2574,82.69018743109152,2721,93.64444444444445,2250,45.79124579124579,297,33.804627249357324,778,25.699745547073793,4323,43.14133703446681,4323,21.327781633125145,4323,9.461022438121676,4323,30.78880407124682,4323,37.31205181586861,4323,10.616840983333129,20.2020202020202,9.585179218687072,2574,2483,-3.0104861773117246,8.0,11.010486177311725,2225,2098,-0.13837904024347303,6.972991222147198,7.111370262390671,1481,1715,18.68300153139357,3265,54.027565084226644,3265,1.6232771822358345,3265,7.197549770290965,3265,2.23583460949464,3265,0.15313935681470137,3265,20.918836140888207,3265,63.05197342711997,62.85658460336069,5118,5118,3227,0.3098853424233034,48.212226066897344,48.01999231064975,2601,2601,64.59418070444104,3265,6.830015313935681,3265,23.43032159264931,3265,30.174742546531334,78.38696861342868,48.212226066897344,2517,2601,7.71822358346095,3265,5.206738131699847,3265,64.59418070444104,3265,2.419601837672282,3265,4.3797856049004595,3265,5.727411944869831,3265,2.7258805513016844,3265,3.1852986217457886,3265,0.0,3265,1.1026033690658499,3265,4.961715160796325,3265,1.7457886676875958,3265,83.10609816559247,8068,10.324739712444224,8068,4.66038671294001,8068,50.68170550322261,8068,52.02032721864155,8068,64.14229053049083,8068,97.02196302270754,8059,72.31666459858543,8059,82.610394685424,5118,18.50105472142946,8059,0.2357612607023204,8059,8.756148981026001,7115,2.940334128878282,1257,4.217968351199592,20.39843559032022,8182.0,,,34.145077720207254,1930,48.34455958549223,5.214998839099141,4307,32.53813062182245,5114,20.19945248337896,5114,1.6621040281579977,5114,6.628861947594838,5114,38.97145091904576,5114,82.43454474404064,5118,0.17584994138335286,5118,0.019538882375928098,5118,0.0,5118,0.07815552950371239,5118,0.0,5118,0.19538882375928096,5118,0.0,5118,0.0,5118,0.0,5118,,,,,,,,,,,,0,,0,,0,,0,,0,10.473815461346634,401,,19.547128631837403,7331,78.36584367753376,7331,70.99086437104708,7115,90.46610169491525,944,4.60354882739794,8059,9.880668257756563,2095,64.42115768463074,2004,25.898203592814372,2004,16.26746506986028,2004,4.391217564870259,2004,2004,4.021457085828343,,,,0,0,0
010304,7774,3890,37.99845639310522,7774,52.77849241059943,7774,9.223051196295344,7774,48.49498327759197,7774,13.442243375353744,7774,21.0,28.583354772317982,99.84575835475579,3884,10.84383843581168,7774,21.237458193979933,7774,3.0614870079753023,7774,89.4711186936388,71.99610041433098,17.475018279307825,24.272173324306024,411.9944211994421,24.388701517706576,4744,32.522031053294164,2383,77.69038255273507,2797,94.10952600092038,2173,36.33720930232558,344,31.054977711738484,673,36.19753086419753,4050,40.19753086419753,4050,16.864197530864196,4050,6.666666666666667,4050,23.530864197530864,4050,28.691358024691358,4050,16.342446131650792,32.522031053294164,16.17958492164337,2383,2361,-1.5214685135055035,5.919456574478408,7.440925087983912,2061,1989,0.1263656061545122,6.46843549862763,6.342069892473118,1093,1488,15.6758669497523,2826,58.881811748053785,2826,1.4508138711960368,2826,6.1571125265392785,2826,1.2384996461429583,2826,0.035385704175513094,2826,16.91436659589526,2826,58.13905079100749,57.8059950041632,4804,4804,2793,0.572860723236663,40.77750206782465,40.69478908188586,2418,2418,61.74805378627035,2826,15.994338287331917,2826,18.86058032554848,2826,34.95594302857099,75.73344509639564,40.77750206782465,2386,2418,6.935598018400566,2826,4.387827317763623,2826,61.6065109695683,2826,9.094125973106864,2826,6.829440905874027,2826,4.352441613588111,2826,2.1939136588818116,2826,2.653927813163482,2826,0.14154281670205238,2826,1.3092710544939845,2826,4.3170559094125975,2826,1.875442321302194,2826,80.8978646771289,7774,7.3835863133521995,7774,4.708001029071263,7774,41.65165937741189,7774,27.952148186261898,7774,58.39979418574736,7774,97.16202270381837,7752,78.14757481940144,7752,84.92922564529559,4804,16.292569659442723,7752,0.37409700722394224,7752,7.712342642164665,6911,3.442786069651741,1206,4.905025125628141,22.864192453994036,9727.0,,,30.39647577092511,1816,50.179515418502206,4.07091672844082,4047,36.69380087664371,4791,16.57274055520768,4791,1.0853683990816114,4791,6.09476101022751,4791,39.55332915883949,4791,84.86677768526228,4804,0.12489592006661115,4804,0.18734388009991673,4804,0.020815986677768527,4804,0.0,4804,0.0,4804,0.0,4804,0.0,4804,0.0,4804,0.0,4804,,,,,,,,,,,,0,,0,,0,,0,,0,11.653116531165312,369,,6.316826111423748,7108,92.0090039392234,7108,59.0218492258718,6911,87.27705112960761,841,5.921052631578948,7752,14.201762977473066,2042,59.26921010209565,1861,30.252552391187532,1861,18.860827512090275,1861,5.212251477700161,1861,1861,4.1655024180548095,,,,0,0,0
010401,10383,5129,32.254647019165944,10383,58.49947028797072,10383,9.245882692863335,10383,41.67389001252047,10383,13.011653664644129,10383,25.0,30.073870750264856,102.43712224605186,5254,9.94895502263315,10383,23.03765770971781,10383,2.0225368390638545,10383,70.9417188014488,55.13664800790254,15.805070793546262,28.66527321588534,348.8541666666667,13.05672421296968,6893,18.098068350668647,3365,77.09208400646203,3095,86.756077116513,2386,40.0,360,24.686595949855352,1037,18.092105263157894,6080,51.71052631578947,6080,17.1875,6080,12.828947368421053,6080,30.01644736842105,6080,35.23026315789474,6080,9.849769030940756,18.098068350668647,8.248299319727892,3365,3528,-0.3405543631822834,12.655253440751931,12.995807803934214,2979,3101,0.2885080223001628,6.974107142857143,6.68559912055698,2240,2729,15.083798882681565,5012,61.03351955307262,5012,1.7757382282521947,5012,5.58659217877095,5012,0.6584197924980048,5012,0.19952114924181963,5012,15.742218675179569,5012,70.49273711193392,70.1651951011108,7022,7022,4950,0.46464646464646464,54.23827556073405,54.005243227497814,3433,3433,68.61532322426177,5012,6.384676775738228,5012,20.73024740622506,5012,31.80240429437879,86.04067985511284,54.23827556073405,3589,3433,8.180367118914605,5012,3.5315243415802073,5012,68.53551476456505,5012,2.254588986432562,5012,4.1101356743814845,5012,6.40462889066241,5012,1.5363128491620113,5012,1.8954509177972865,5012,0.07980845969672785,5012,1.5163607342378291,5012,4.549082202713488,5012,1.8954509177972865,5012,85.61109505923143,10383,14.186651256862179,10383,4.85408841375325,10383,47.61629586824617,10383,53.635750746412405,10383,69.84493884233844,10383,96.65284074467058,10367,76.43484132343012,10367,36.12930788949017,7022,32.410533423362594,10367,0.25079579434744864,10367,10.453036307165043,9337,2.70682302771855,1876,4.177823549605218,18.69615639496355,12072.0,,,32.01010465535908,2771,47.59076145795741,5.561047948591201,6069,37.76383342840844,7012,18.397033656588704,7012,1.6828294352538506,7012,6.146605818596691,7012,36.00969766115231,7012,33.76530902876673,7022,0.24209626886926802,7022,0.21361435488464825,7022,0.04272287097692965,7022,0.07120478496154942,7022,0.014240956992309883,7022,0.014240956992309883,7022,0.0,7022,0.0,7022,0.0,7022,,,,,,,,,,,,0,,0,,0,,0,,0,16.42105263157895,475,,90.58835845896148,9552,6.92001675041876,9552,21.752168790832172,9337,86.40776699029126,1030,5.006269894858686,10367,10.986159169550174,2312,57.1527537235885,2887,26.25562868029096,2887,17.73467267059231,2887,5.195704883962591,2887,2887,3.5909248354693455,,,,0,0,0
010402,8494,4200,35.10713444784554,8494,56.993171650576876,8494,7.899693901577584,8494,45.42029668000942,8494,11.443371791853073,8494,22.0,28.378384742170944,102.23809523809524,4294,11.231457499411349,8494,23.79326583470685,8494,2.3192842006121968,8494,75.45961578186325,61.59884321421194,13.860772567651312,22.50167672702884,444.4113263785395,16.36096845194424,5452,22.247107129525943,2679,78.97454813721873,2711,95.32928538066324,2141,48.28660436137071,321,24.542518837459635,929,26.45749417002332,4717,47.933008267966926,4717,17.108331566673733,4717,8.352766588933644,4717,25.461098155607377,4717,32.94466822132711,4717,11.572747230499619,22.247107129525943,10.674359899026324,2679,2773,-0.851227173105932,7.922912205567452,8.774139378673384,2335,2382,0.3677596565122281,6.649263721552878,6.28150406504065,1494,1968,20.343680709534368,3608,54.850332594235034,3608,1.4689578713968958,3608,6.1529933481153,3608,2.9379157427937916,3608,0.3325942350332594,3608,23.28159645232816,3608,64.40924813398871,63.97232841798653,5493,5493,3538,0.6783493499152063,43.576453165494264,43.24324324324324,2701,2701,61.55764966740576,3608,12.278270509977826,3608,20.676274944567627,3608,40.9865840837894,84.56303724928367,43.576453165494264,2792,2701,7.317073170731708,3608,7.012195121951219,3608,61.169623059866964,3608,3.464523281596452,3608,8.592017738359202,3608,5.099778270509978,3608,1.3026607538802661,3608,2.9933481152993346,3608,0.38802660753880264,3608,1.080931263858093,3608,3.6031042128603104,3608,1.4135254988913526,3608,90.20485048269367,8494,13.126913115140098,8494,4.956439839886979,8494,49.36425712267483,8494,40.07534730397928,8494,65.4461973157523,8494,97.11890423898926,8469,70.46876844963987,8469,78.73657382122701,5493,25.32766560396741,8469,0.5195418585429212,8469,10.240723500465487,7519,3.1800916830386377,1527,4.250108932461874,19.43844492440605,9723.0,,,28.0,2075,47.683855421686744,4.726963906581741,4710,35.94461650573875,5489,21.24248496993988,5489,1.348150847148843,5489,5.410821643286573,5489,36.05392603388595,5489,82.30475150191153,5493,0.2184598580010923,5493,0.12743491716730385,5493,0.054614964500273075,5493,0.10922992900054615,5493,0.018204988166757693,5493,0.018204988166757693,5493,0.0,5493,0.0,5493,0.036409976333515386,5493,,,,,,,,,,,,0,,0,,0,,0,,0,18.333333333333332,420,,21.247412008281575,7728,77.21273291925466,7728,67.97446468945338,7519,89.05263157894737,950,4.876608808596056,8469,11.670020120724345,1988,59.97223507635354,2161,25.312355391022674,2161,16.936603424340582,2161,4.673762147154095,2161,2161,3.9190189726978253,,,,0,0,0
010403,7312,3638,36.39223194748359,7312,55.14223194748359,7312,8.465536105032823,7312,45.842450765864335,7312,12.458971553610503,7312,22.0,28.296088621444202,100.98955470038483,3674,11.802516411378555,7312,22.11433260393873,7312,2.065098468271335,7312,81.34920634920636,65.99702380952381,15.35218253968254,23.261931604659903,429.8869143780291,19.93891797556719,4584,25.85601404741001,2278,75.99660729431722,2358,93.30357142857143,1792,31.076923076923077,325,24.297752808988765,712,31.64179104477612,4020,41.09452736318408,4020,17.437810945273633,4020,9.552238805970148,4020,26.99004975124378,4020,32.014925373134325,4020,11.76234535703707,25.85601404741001,14.09366869037294,2278,2306,1.563529138328816,10.33283656234476,8.769307424015944,2013,2007,0.6541716312751289,7.0998307952622675,6.445659163987139,1182,1555,16.486580690135934,2869,57.37190658766121,2869,1.673056814220983,2869,7.180202161031718,2869,0.7668177065179506,2869,0.13942140118508192,2869,17.253398396653886,2869,61.209122203098104,60.75731497418244,4648,4648,2845,0.7381370826010545,37.07865168539326,36.81936041486603,2314,2314,61.24085047054723,2869,11.01429069362147,2869,21.993726036946672,2869,48.054167509122585,85.13281919451585,37.07865168539326,2334,2314,8.818403624956431,2869,4.182642035552457,2869,61.20599512025096,2869,4.531195538515162,2869,6.413384454513768,2869,7.563611014290694,2869,0.9759498082955733,2869,2.405019170442663,2869,0.03485535029627048,2869,1.1850819100731962,2869,4.879749041477867,2869,2.1610317183687697,2869,84.80579868708972,7312,7.6039387308533914,7312,3.8566739606126914,7312,45.090262582056894,7312,29.52680525164114,7312,58.30142231947484,7312,96.00383194197344,7307,75.63979745449569,7307,70.33132530120481,4648,18.98179827562611,7307,0.36950869029697553,7307,8.395406579764122,6444,2.963023829087921,1217,4.185283218634198,21.633018144646055,7826.0,,,33.8368580060423,1986,47.041289023162136,4.581192317286106,4009,37.343951786483,4646,17.412828239345675,4646,1.0331467929401636,4646,6.134309083082221,4646,38.075764098148944,4646,74.84939759036145,4648,0.1721170395869191,4648,0.193631669535284,4648,0.043029259896729774,4648,0.0,4648,0.021514629948364887,4648,0.021514629948364887,4648,0.0,4648,0.0,4648,0.0,4648,,,,,,,,,,,,0,,0,,0,,0,,0,15.09433962264151,318,,20.834588731545647,6638,76.46881590840614,6638,59.0471756672874,6444,88.64426419466976,863,3.708772410017791,7307,10.826542491268917,1718,58.19154107924162,2057,24.258629071463297,2057,21.19591638308216,2057,4.521147301895965,2057,2057,3.552260573650948,,,,0,0,0
010404,4902,2412,29.620563035495717,4902,63.1374949000408,4902,7.241942064463484,4902,40.35087719298246,4902,10.281517747858016,4902,25.0,28.86842105263158,103.23383084577114,2490,10.199918400652795,4902,28.437372501019993,4902,1.8563851489188086,4902,58.38449111470113,46.91437802907916,11.470113085621971,24.449035812672175,409.01408450704224,10.857477319285923,3417,14.658753709198812,1685,83.36964415395788,1377,93.29268292682927,1148,42.22222222222222,180,23.565891472868216,645,16.303253941630324,2981,37.705467963770545,2981,25.226434082522644,2981,20.462931902046293,2981,45.68936598456894,2981,50.98960080509896,2981,7.4994003604690205,14.658753709198812,7.159353348729792,1685,1732,0.15724671933733703,20.54237288135593,20.385126162018594,1475,1506,0.44531690140845015,8.86531690140845,8.42,1136,1350,23.42093130474873,2169,49.79253112033195,2169,1.1987090825265099,2169,6.224066390041494,2169,3.4578146611341634,2169,0.13831258644536654,2169,26.878745965882896,2169,62.73940800928613,62.217063261752756,3446,3446,2162,0.8325624421831638,48.20482636845203,47.85167745732784,1699,1699,52.4665744582757,2169,10.235131396957122,2169,29.50668510834486,2169,28.669815875394562,76.8746422438466,48.20482636845203,1747,1699,14.891655140617797,2169,6.316274781005071,2169,52.374366067312124,2169,3.826648224988474,2169,6.4084831719686495,2169,4.840940525587828,2169,2.812355924389119,2169,2.996772706316275,2169,0.09220839096357769,2169,1.8441678192715538,2169,7.514983863531581,2169,3.227293683725219,2169,86.71970624235006,4902,19.930640554875563,4902,7.241942064463484,4902,58.64953080375357,4902,39.12688698490412,4902,69.78784169726642,4902,96.10044916292364,4898,81.60473662719477,4898,42.426001160766106,3446,19.538587178440178,4898,0.2041649652919559,4898,9.095043201455207,4398,2.3804123711340206,970,3.485443959243086,15.118243243243246,4736.0,,,35.349716446124766,1058,46.57561436672968,7.171938088829071,2972,32.87750945592086,3437,17.457084666860634,3437,1.6002327611288916,3437,5.004364271166716,3437,43.060808844922896,3437,37.84097504352873,3446,0.05803830528148578,3446,0.2901915264074289,3446,0.05803830528148578,3446,0.9866511897852582,3446,0.0,3446,0.0,3446,0.0,3446,0.0,3446,0.0,3446,,,,,,,,,,,,0,,0,,0,,0,,0,10.612244897959183,245,,87.7410773664376,4511,10.55198403901574,4511,30.445657116871306,4398,86.4,500,5.165373621886484,4898,8.704253214638971,1011,63.26905417814509,1089,25.895316804407713,1089,14.50872359963269,1089,2.6629935720844813,1089,1089,4.497704315886134,,,,0,0,0
010405,4465,2154,31.758118701007838,4465,59.88801791713326,4465,8.353863381858902,4465,42.53079507278835,4465,11.399776035834266,4465,24.0,29.43269876819709,107.28876508820798,2311,9.563269876819708,4465,24.613661814109744,4465,1.8365061590145577,4465,66.97830964846672,53.029169783096485,13.949139865370231,26.304654442877293,380.16085790884716,16.495528320635973,3019,24.267782426778243,1434,81.38686131386861,1370,97.57847533632287,1115,31.818181818181817,154,27.1484375,512,24.885496183206108,2620,41.06870229007634,2620,23.549618320610687,2620,10.114503816793894,2620,33.66412213740458,2620,38.587786259541986,2620,14.804060029301903,24.267782426778243,9.46372239747634,1434,1585,-1.5812673366018881,9.293089753772836,10.874357090374724,1259,1361,0.5982294520437001,7.662077596996245,7.063848144952545,799,1159,16.417910447761194,2077,60.13480982185845,2077,1.1555127587867116,2077,4.333172845450169,2077,3.0813673567645643,2077,0.14443909484833894,2077,19.499277804525757,2077,67.70594026911716,67.24647193961273,3047,3047,2063,0.6786233640329618,53.310344827586206,53.10344827586207,1450,1450,65.43090996629755,2077,10.303322099181512,2077,20.173326913818006,2077,27.46611102714141,80.77645585472762,53.310344827586206,1597,1450,7.414540202214733,2077,6.547905633124699,2077,65.43090996629755,2077,3.996148290804044,2077,6.307173808377468,2077,4.381319210399615,2077,1.8777082330284063,2077,2.311025517573423,2077,0.0,2077,1.1073663938372653,2077,3.8517091959557055,2077,1.492537313432836,2077,92.2508398656215,4465,11.198208286674133,4465,4.479283314669653,4465,48.26427771556551,4465,35.4087346024636,4465,60.29115341545353,4465,98.54423292273236,4465,79.05935050391938,4465,58.12274368231047,3047,14.893617021276595,4465,0.2911534154535274,4465,3.5165923724616146,4038,2.737819025522042,862,4.2142298670836595,19.01909397229502,5342.0,,,30.242272347535504,1197,47.21553884711779,5.472030651340996,2610,38.07023301608139,3047,16.63931736133902,3047,1.3455858221201182,3047,6.531014112241549,3047,37.41384968821792,3047,56.711519527404,3047,0.5907449950771251,3047,0.06563833278634723,3047,0.0,3047,0.1969149983590417,3047,0.0,3047,0.0,3047,0.0,3047,0.0,3047,0.0,3047,,,,,,,,,,,,0,,0,,0,,0,,0,9.813084112149532,214,,86.7618586640852,4132,11.302032913843176,4132,36.03268945022288,4038,94.84777517564403,427,0.6942889137737962,4465,12.244897959183673,1029,56.50406504065041,1230,24.715447154471544,1230,19.1869918699187,1230,4.959349593495935,1230,1230,3.630081300813008,,,,0,0,0
010501,24303,11884,32.75727276467926,24303,59.85680780150599,24303,7.385919433814755,24303,44.22087808089536,24303,10.583055589844875,24303,23.0,28.50203678558203,104.50185122854258,12419,10.480187631156648,24303,25.28494424556639,24303,1.6788050857918775,24303,67.0653743039802,54.72606035608717,12.339313947893036,22.547418665996734,443.50974930362116,10.36192364898364,16136,13.912492073557388,7885,85.423463395537,7663,89.39810571341278,6546,49.88986784140969,908,29.849624060150376,2660,16.433084017137464,13771,40.94836976254448,13771,26.468666037324812,13771,15.859414712076102,13771,42.32808074940092,13771,48.28988453997531,13771,6.943639813225307,13.912492073557388,6.968852260332081,7885,8251,0.5667742365716286,16.149160600207992,15.582386363636363,6731,7040,0.46166451205644865,8.290971822886716,7.829307310830267,5217,6251,25.653489865174723,10903,52.930386132257176,10903,1.2840502613959461,10903,3.787948271118041,10903,1.403283499954141,10903,0.19260753920939191,10903,27.056773365128862,10903,66.3110784133407,65.83287352093679,16311,16311,10816,0.7211538461538461,50.0,49.62406015037594,7980,7980,45.492066403742086,10903,13.014766578006054,10903,35.228836100155924,10903,31.93494178369943,81.93494178369943,50.0,8331,7980,11.804090617261304,10903,5.5397596991653675,10903,44.75832339723012,10903,5.8240851141887555,10903,6.878840686049711,10903,11.20792442447033,10903,4.631752728606806,10903,3.80629184628084,10903,0.7337430065119692,10903,1.6967807025589288,10903,5.393011097862973,10903,2.13702650646611,10903,87.52417397029173,24303,14.286302102621075,24303,7.188412953133358,24303,36.66625519483191,24303,49.26140805661853,24303,59.77862815290293,24303,96.5842604037907,24270,77.15286361763494,24270,33.46208080436515,16311,42.43510506798517,24270,0.32138442521631644,24270,17.013441355183208,21724,2.668869936034115,4690,3.9036860879904873,15.921349604070233,26141.0,,,34.1978387364921,6015,46.44638403990025,6.684218192411332,13731,32.56241948346727,16301,22.3728605607018,16301,2.5029139316606344,16301,4.754309551561254,16301,37.807496472609046,16301,16.185396358285818,16311,0.44755073263441847,16311,6.468027711360431,16311,0.10422414321623444,16311,0.06130831953896144,16311,0.012261663907792287,16311,0.024523327815584573,16311,0.0,16311,0.0,16311,0.01839249586168843,16311,,,,,,,,,,,,0,,0,,0,,0,,0,14.518518518518519,1350,,89.58922558922559,22275,8.210998877665544,22275,16.787884367519794,21724,90.1413982717989,2546,4.334569427276473,24270,9.490303758366226,5827,63.508322663252244,6248,22.791293213828425,6248,13.316261203585148,6248,3.729193341869398,6248,6248,3.884443021766965,,,,0,0,0
010502,8349,3949,35.52521260031141,8349,56.401964307102645,8349,8.072823092585939,8349,44.99940112588334,8349,11.13905856988861,8349,24.0,28.559947299077734,111.42061281337047,4400,11.761887651215714,8349,21.84692777578153,8349,1.9643071026470236,8349,77.29878955192186,62.98577192609896,14.313017625822892,22.7242076871207,440.0593471810089,13.310580204778157,5274,16.67344448962993,2459,82.25058004640371,2586,95.20451339915374,2127,47.74193548387097,310,22.84263959390863,788,20.056374674761493,4612,41.99913269731136,4612,27.038161318300087,4612,10.667823070251519,4612,37.705984388551606,4612,44.47094535993062,4612,6.300442713430995,16.67344448962993,10.373001776198935,2459,2815,-1.4813766690721124,9.885057471264368,11.36643414033648,2175,2437,-0.21571433385647865,7.239401496259352,7.4551158301158305,1604,2072,25.166112956810633,3612,50.83056478405316,3612,2.3255813953488373,3612,4.73421926910299,3612,2.104097452934662,3612,0.16611295681063123,3612,27.270210409745292,3612,66.56139699052572,66.28274196544677,5383,5383,3583,0.4186435947530003,47.602061038446294,47.44351961950059,2523,2523,61.04651162790697,3612,8.803986710963455,3612,23.504983388704318,3612,35.684652248267,83.2867132867133,47.602061038446294,2860,2523,8.554817275747508,3612,6.616832779623477,3612,60.8250276854928,3612,3.654485049833887,3612,5.094130675526024,3612,5.647840531561462,3612,1.6611295681063123,3612,2.740863787375415,3612,0.22148394241417496,3612,1.7995570321151717,3612,5.287929125138428,3612,1.744186046511628,3612,86.98047670379687,8349,8.755539585579111,8349,5.1024074739489755,8349,44.9634686788837,8349,40.651575038926815,8349,68.12791951131872,8349,96.56246257036771,8349,75.50604862857827,8349,41.612483745123534,5383,39.14241226494191,8349,0.32339202299676606,8349,15.135061761911226,7367,3.3946415640839973,1381,4.629132726401533,16.558915537017725,9590.0,,,34.51284537081919,2063,46.3766359670383,5.874592479895675,4601,30.252882112309408,5378,29.41613982893269,5378,2.6031982149497956,5378,5.187802156935664,5378,32.53997768687244,5378,12.37228311350548,5383,0.2972320267508824,5383,27.438231469440833,5383,0.0371540033438603,5383,0.13003901170351106,5383,0.0,5383,0.0371540033438603,5383,0.0,5383,0.0,5383,0.0,5383,,,,,,,,,,,,0,,0,,0,,0,,0,23.05389221556886,334,,75.98888741897076,7559,20.47889932530758,7559,28.152572281797205,7367,90.52953156822811,982,5.928853754940712,8349,11.006781429316641,1917,62.7689429373246,2138,23.99438727782975,2138,13.283442469597755,2138,3.1337698783910195,2138,2138,3.9050514499532274,,,,0,0,0
010601,16944,8653,37.848205854579795,16944,51.80594900849859,16944,10.345845136921625,16944,47.007790368271955,16944,14.323654390934845,16944,22.0,29.77012511803588,95.81647983358373,8291,10.735363550519358,16944,19.02148253068933,16944,3.4820585457979227,16944,93.02802460697198,73.05764411027569,19.970380496696286,27.335100576953064,365.83000570450656,26.22411457325334,10334,33.10241527803782,5341,79.83406705045716,5906,92.40721102863202,4715,33.7465564738292,726,28.622927180966116,1387,36.75364882795223,9044,41.97257850508625,9044,14.495798319327731,9044,6.667403803626714,9044,21.163202122954445,9044,26.36001769128704,9044,14.236002299868382,33.10241527803782,18.866412978169436,5341,4993,-0.7784687439551892,6.295040271301399,7.0735090152565885,4718,4326,0.39770290394638863,6.409411764705882,6.0117088607594935,2550,3160,14.524714828897338,6575,51.5893536121673,6575,2.5247148288973382,6575,10.844106463878328,6575,0.8365019011406845,6575,0.12167300380228137,6575,15.361216730038024,6575,61.4909194637254,61.215175430255776,10517,10517,6467,0.4484304932735426,45.66335905916942,45.51635428151415,5442,5442,64.66920152091255,6575,14.64638783269962,6575,14.980988593155894,6575,32.79969512802269,78.46305418719211,45.66335905916942,5075,5442,5.505703422053232,6575,5.0494296577946765,6575,64.56273764258555,6575,8.334600760456274,6575,6.281368821292776,6575,4.547528517110266,6575,1.1863117870722433,6575,1.8098859315589353,6575,0.10646387832699619,6575,0.8669201520912547,6575,3.5285171102661597,6575,1.231939163498099,6575,75.90887629839472,16944,7.67823418319169,16944,3.8538715769593956,16944,37.12818696883853,16944,23.176345609065155,16944,53.75354107648725,16944,97.7903816613494,16926,78.2523927685218,16926,80.6789008272321,10517,15.532317145220372,16926,0.2894954507857734,16926,5.473196558570483,15110,3.609942638623327,2615,4.807009857612267,23.867595818815335,21812.0,,,31.23989840683445,4331,50.39159547448626,3.9004870489262786,9034,42.24359584801447,10501,14.1415103323493,10501,0.6951718883915817,10501,8.34206266069898,10501,34.57765927054566,10501,68.84092421793287,10517,0.4754207473614149,10517,0.07606731957782638,10517,0.0,10517,0.0,10517,0.0,10517,0.0,10517,0.0,10517,0.0,10517,0.0,10517,,,,,,,,,,,,0,,0,,0,,0,,0,14.401076716016151,743,,8.3134933401969,15541,90.29663470819123,15541,51.608206485771014,15110,90.80396475770925,1816,3.0308401276143213,16926,12.589678315204814,4321,56.12657091561939,4456,31.014362657091564,4456,19.973070017953322,4456,7.38330341113106,4456,4456,3.7984739676840213,,,,0,0,0
010602,10111,5064,32.45969735931164,10111,56.1665512807833,10111,11.373751359905054,10111,41.38067451290674,10111,16.80348135693799,10111,27.0,32.04915438631194,99.66429699842023,5047,9.919889229551973,10111,19.909009989120758,10111,2.957175353575314,10111,78.04190878675823,57.7918647649234,20.25004402183483,35.039609993906154,285.39130434782606,18.832615476013665,6733,25.77803875513799,3406,84.37290409121395,2982,92.6470588235294,2516,50.561797752808985,356,29.04707233065442,871,27.565493075254462,5993,47.00483897880861,5993,17.787418655097614,5993,7.458701818788587,5993,25.2461204738862,5993,30.385449691306523,5993,14.055766437734926,25.77803875513799,11.722272317403066,3406,3327,0.15759923314927082,7.536041939711665,7.378442706562394,3052,2941,0.1285576673874509,6.347346295323174,6.218788627935723,1903,2427,16.879432624113477,4230,58.321513002364064,4230,1.4184397163120568,4230,6.643026004728132,4230,0.7092198581560284,4230,0.3546099290780142,4230,17.588652482269502,4230,61.75047646972585,61.310658261252016,6821,6821,4212,0.7122507122507122,42.03360370799537,41.83082271147161,3452,3452,60.638297872340424,4230,13.049645390070921,4230,21.465721040189127,4230,39.919498102630925,81.9531018106263,42.03360370799537,3369,3452,6.122931442080378,4230,4.775413711583925,4230,60.26004728132388,4230,4.8936170212765955,4230,8.108747044917259,4230,5.933806146572104,4230,5.200945626477542,4230,1.3711583924349882,4230,0.37825059101654845,4230,1.2765957446808511,4230,3.4988179669030735,4230,1.702127659574468,4230,80.64484225101374,10111,13.411136386114134,10111,7.744041143309267,10111,37.019088121847496,10111,37.53337948768668,10111,54.940164177628326,10111,98.39635715699862,10102,77.58859631756089,10102,70.8840345990324,6821,14.769352603444862,10102,0.6533359730746386,10102,8.384615384615385,9100,3.0350877192982457,1596,4.497803311929706,21.528720036182726,13266.0,,,32.31292517006803,2940,51.71530612244898,4.528752925442996,5982,48.98797301261367,6818,10.501613376356703,6818,0.8066881783514227,6818,8.770900557348195,6818,30.93282487533001,6818,63.17255534379123,6821,0.2638909250842985,6821,0.08796364169476616,6821,0.0,6821,0.04398182084738308,6821,0.0,6821,0.014660606949127694,6821,0.0,6821,0.0,6821,0.0,6821,,,,,,,,,,,,0,,0,,0,,0,,0,10.256410256410257,429,,13.42433361994841,9304,85.26440240756664,9304,63.34065934065934,9100,93.41317365269461,1002,6.869926747178776,10102,11.231393775372124,2217,49.324101549620835,3033,29.937355753379492,3033,24.530168150346192,3033,7.31948565776459,3033,3033,3.3306956808440487,,,,0,0,0
010701,15644,7909,34.34543594988494,15644,57.21682434160061,15644,8.437739708514446,15644,44.29174124264894,15644,11.787266683712605,15644,24.0,28.854576834569166,97.79997471235302,7735,10.726156993096394,15644,23.683201227307595,15644,2.1733571976476607,15644,74.77376829404535,60.02681264663166,14.746955647413698,24.567280848687883,407.04545454545456,11.369458128078819,10150,16.09793715056873,5187,77.3,5000,89.00388098318241,3865,31.61397670549085,601,24.269377382465056,1574,16.243482203581955,8822,42.45069145318522,8822,25.561097256857856,8822,15.427340739061437,8822,40.98843799591929,8822,46.100657447290864,8822,9.670373177165544,16.09793715056873,6.427563973403184,5187,4963,-2.3492190055767797,14.28255582577935,16.63177483135613,4523,4299,-0.12628498612391237,7.897347174163783,8.023632160287695,3468,3893,26.283185840707965,6780,49.70501474926254,6780,1.7846607669616519,6780,4.3952802359882,6780,3.3185840707964602,6780,0.3392330383480826,6780,29.601769911504423,6780,65.91309453904874,65.41397533763946,10218,10218,6735,0.7572383073496659,49.41537281962814,49.05117883841288,5217,5217,45.28023598820059,6780,15.265486725663717,6780,33.45132743362832,6780,33.70800250530687,83.12337532493501,49.41537281962814,5001,5217,10.737463126843657,6780,7.1976401179941005,6780,45.1622418879056,6780,4.852507374631268,6780,10.14749262536873,6780,11.35693215339233,6780,4.410029498525073,6780,2.3451327433628317,6780,0.11799410029498525,6780,1.3864306784660767,6780,4.115044247787611,6780,2.005899705014749,6780,70.35285093326515,15644,16.696497059575556,15644,23.47864996164664,15644,25.102275632830477,15644,49.52058297110713,15644,53.67553055484531,15644,98.19010333098004,15581,84.2500481355497,15581,49.4128009395185,10218,17.598356973236633,15581,0.9306206276875681,15581,12.467644521138913,13908,2.7140864714086472,2868,3.863914719891132,17.592483158019146,16922.0,,,35.58611046376136,4291,47.20624563038918,6.633500113713896,8794,37.62977473065622,10210,14.995102840352596,10210,1.831537708129285,10210,6.5915768854064645,10210,38.95200783545543,10210,41.974946173419454,10218,0.4795458993932276,10218,0.09786651008025053,10218,0.0,10218,0.03914660403210021,10218,0.019573302016050106,10218,0.009786651008025053,10218,0.0,10218,0.0,10218,0.0,10218,,,,,,,,,,,,0,,0,,0,,0,,0,13.689700130378096,767,,71.05705874106266,14266,27.120426188139632,14266,32.89473684210526,13908,90.7949790794979,1673,4.415634426545151,15581,11.048839071257005,3747,56.7714221116889,4423,23.64910694099028,4423,21.523852588740674,4423,5.833144924259552,4423,4423,3.5227221342979878,,,,0,0,0
010702,32520,16661,40.42127921279213,32520,50.42127921279213,32520,9.157441574415744,32520,49.99384993849939,32520,12.644526445264452,32520,20.0,27.40879458794588,95.1863633635436,15859,13.216482164821649,32520,20.987084870848708,32520,2.38929889298893,32520,98.32896261511252,80.16710373848875,18.16185887662377,22.655001901863827,441.40362659503023,16.07237329383134,18902,23.20977679022321,9901,78.31966497993369,11462,79.67026846385207,8977,36.61792752701844,1573,24.66898954703833,2870,26.96015226868054,16287,44.85786209860625,16287,21.336034874439736,16287,6.631055442991343,16287,27.96709031743108,16287,34.86216000491189,16287,14.988468046750262,23.20977679022321,8.221308743472948,9901,9001,-2.6482581511839314,5.384079832907867,8.032337984091798,8618,7669,-0.5432138279652508,6.182876455125798,6.7260902830910485,5326,6535,11.64869029275809,12980,55.62403697996918,12980,1.7642526964560863,12980,9.745762711864407,12980,1.1171032357473036,12980,0.21571648690292758,12980,12.765793528505393,12980,66.7880743014725,66.50710234663615,19219,19219,12836,0.4206918043004051,54.510232465726205,54.410888138287305,10066,10066,70.35439137134053,12980,9.214175654853621,12980,14.884437596302003,12980,25.780382633148477,80.29061509887468,54.510232465726205,9153,10066,5.523882896764253,12980,4.329738058551618,12980,69.44530046224962,12980,4.514637904468413,12980,4.691833590138675,12980,4.429892141756548,12980,1.1325115562403698,12980,1.2865947611710324,12980,0.9090909090909091,12980,0.7318952234206472,12980,3.8983050847457625,12980,1.1556240369799693,12980,81.94956949569496,32520,9.85239852398524,32520,4.649446494464945,32520,41.09778597785978,32520,30.239852398523986,32520,52.59225092250922,32520,95.63321478274315,32335,78.39492809648988,32335,84.27077371351267,19219,14.41781351476728,32335,1.0267511983918354,32335,4.477718360071301,28050,3.661362709098327,4902,4.719437115215479,24.02613049182083,37351.0,,,32.329291640076576,7835,48.097383535418,4.719726802855034,16252,45.790104791199624,19181,10.823210468692977,19181,0.7924508628330118,19181,7.382305406391742,19181,35.21192847088265,19181,88.57380716998803,19219,0.21333055830168063,19219,0.036422290441750355,19219,0.005203184348821479,19219,0.005203184348821479,19219,0.0,19219,0.0,19219,0.0,19219,0.0,19219,0.0,19219,,,,,,,,,,,,0,,0,,0,,0,,0,14.854111405835544,1508,,8.961759939312438,29001,89.1383055756698,29001,63.72905525846702,28050,86.11435239206534,4285,2.0225761558682542,32335,10.084341767510084,8181,62.33045622688039,8110,29.05055487053021,8110,17.632552404438965,8110,6.140567200986436,8110,8110,3.9870530209617754,,,,0,0,0
010703,13056,6474,40.0735294117647,13056,54.66452205882353,13056,5.2619485294117645,13056,51.478247549019606,13056,7.575061274509804,13056,19.0,24.31020220588235,101.66821130676553,6582,13.756127450980392,13056,27.221200980392158,13056,1.3250612745098038,13056,82.93400588482555,73.30811265237494,9.62589323245061,13.130733944954128,761.5720524017468,15.021571447248006,7649,21.1040676175383,3786,70.75700728316045,4531,92.35807860262008,3206,25.542570951585976,599,16.778523489932887,1639,20.574534161490682,6440,48.80434782608695,6440,23.167701863354036,6440,7.329192546583851,6440,30.496894409937887,6440,35.88509316770186,6440,12.043751800815544,21.1040676175383,9.060315816722754,3786,3863,-0.3030789363225601,7.178217821782178,7.4812967581047385,3232,3208,0.19564999647577697,6.77319587628866,6.577545879812883,2328,2779,11.230562488001535,5209,43.94317527356498,5209,1.0366673065847571,5209,24.11211364945287,5209,0.5375311960069111,5209,0.249568055288923,5209,11.768093684008447,5209,66.8947708198838,65.93931568754034,7745,7745,5181,1.4282956958116193,49.35981186307813,48.94172981447609,3827,3827,79.03628335573046,5209,5.087348819351123,5209,11.345747744288731,5209,34.66264857592136,84.02246043899949,49.35981186307813,3918,3827,5.682472643501632,5209,2.6108658091764254,5209,79.03628335573046,5209,1.7853714724515262,5209,3.263582261470532,5209,2.7836436936072184,5209,1.5741985025916683,5209,0.3071606834325206,5209,0.0,5209,0.7295066231522365,5209,3.724323286619313,5209,0.9022845075830294,5209,79.4500612745098,13056,5.46109068627451,13056,2.4280024509803924,13056,32.720588235294116,13056,27.44332107843137,13056,52.466299019607845,13056,93.76641433647458,12946,75.79947474123281,12946,65.34538411878631,7745,12.706627529738915,12946,0.5793295226324734,12946,3.833064660576751,11166,3.2082961641391616,2242,4.130347593582887,19.469895287958117,12224.0,,,29.668729523116127,2747,43.70076447033127,5.287313432835821,6432,38.96859247770454,7737,13.958898797983714,7737,0.8918185343156262,7737,5.066563267416311,7737,41.114126922579814,7737,67.51452550032279,7745,0.19367333763718528,7745,0.11620400258231117,7745,0.0,7745,0.012911555842479019,7745,0.0,7745,0.0,7745,0.0,7745,0.0,7745,0.0,7745,,,,,,,,,,,,0,,0,,0,,0,,0,17.251461988304094,684,,52.327098738581995,11495,45.541539799913004,11495,45.91617409994627,11166,78.82022471910112,1780,1.30542252433184,12946,14.127764127764127,3256,70.05689900426742,2812,19.665718349928877,2812,11.984352773826458,2812,2.6315789473684212,2812,2812,4.603840682788051,,,,0,0,0
010704,16150,8154,39.59752321981424,16150,54.421052631578945,16150,5.981424148606811,16150,49.82043343653251,16150,8.594427244582043,16150,20.0,25.222910216718265,98.06230071130733,7996,13.61609907120743,16150,25.78328173374613,16150,1.6160990712074303,16150,83.75241779497098,72.76140630333371,10.991011491637273,15.105551211884285,662.008281573499,14.540523625743194,9587,19.91014907085971,4897,70.00545355389929,5501,92.72916125681641,3851,28.280254777070063,785,12.975951903807616,1996,19.852049478535047,8246,53.747271404317246,8246,21.53771525588164,8246,4.7416929420325005,8246,26.27940819791414,8246,33.57991753577492,8246,10.976247151883165,19.91014907085971,8.933901918976545,4897,4690,-0.5271777178821431,4.483985765124555,5.0111634830066984,4215,4031,-0.14025957097823927,5.990544506031953,6.130804077010192,3067,3532,9.53259532595326,6504,60.25522755227552,6504,0.8763837638376384,6504,9.547970479704796,6504,2.0141451414514147,6504,0.06150061500615006,6504,11.546740467404675,6504,66.5770423991727,65.9358841778697,9670,9670,6438,0.9630319975147561,48.06641020449484,47.62097590605386,4939,4939,74.32349323493234,6504,6.841943419434195,6504,13.437884378843789,6504,37.83509053530647,85.9015007398013,48.06641020449484,4731,4939,3.7515375153751536,6504,3.9514145141451413,6504,74.32349323493234,6504,2.4138991389913897,6504,4.381918819188192,6504,4.3357933579335795,6504,1.4760147601476015,6504,0.9993849938499385,6504,0.0,6504,0.5227552275522755,6504,2.65990159901599,6504,0.5842558425584256,6504,81.46749226006192,16150,4.470588235294118,16150,4.006191950464396,16150,39.73374613003096,16150,23.808049535603715,16150,48.69969040247678,16150,95.00592306253508,16039,80.05486626348277,16039,79.78283350568769,9670,10.779973813828793,16039,0.8541679655838893,16039,2.440257021153707,13851,3.2711062590975253,2748,4.269011898603208,21.973917835057854,16333.0,,,26.81645754304056,3427,45.000875401225564,4.859154929577465,8236,43.24268216732406,9634,13.9402117500519,9634,1.0379904504878554,9634,5.781606809217355,9634,35.99750882291883,9634,81.47880041365046,9670,0.3516028955532575,9670,0.05170630816959669,9670,0.0,9670,0.031023784901758014,9670,0.0,9670,0.0,9670,0.0,9670,0.0,9670,0.0,9670,,,,,,,,,,,,0,,0,,0,,0,,0,17.985611510791365,834,,33.682446585672395,14322,63.9086719731881,14322,61.85834957764782,13851,86.06032906764169,2188,1.0786208616497288,16039,14.660218885212522,3929,69.87306064880113,3545,22.059238363892806,3545,12.29901269393512,3545,4.005641748942172,3545,3545,4.524400564174894,,,,0,0,0
010801,11161,5453,32.676283487142726,11161,57.43212973747872,11161,9.891586775378551,11161,42.962100170235644,11161,13.968282411970254,11161,24.0,30.26511961293791,104.6763249587383,5708,10.447092554430606,11161,23.152047307588926,11161,2.419138070065406,11161,74.1185647425897,56.89547581903276,17.223088923556944,30.271455991225665,330.34420289855075,15.005417118093174,7384,20.38058466629895,3626,82.44776119402985,3350,94.49674149167271,2762,47.07379134860051,393,36.04838709677419,1240,20.514419329696025,6415,46.45362431800468,6415,16.009353078721745,6415,16.710833982852687,6415,32.720187061574435,6415,38.00467653936087,6415,10.561531978699163,20.38058466629895,9.819052687599788,3626,3758,-0.4819939632142223,16.466117796073465,16.948111759287688,3158,3257,0.3997012051486388,7.509226713532513,7.109525508383874,2276,2803,16.424815983175606,4755,57.28706624605678,4755,1.3669821240799158,4755,5.657202944269191,4755,1.5141955835962144,4755,0.6098843322818086,4755,17.939011566771818,4755,62.403410604849455,62.27018385291767,7506,7506,4684,0.2134927412467976,45.901194353963085,45.792616720955486,3684,3684,63.63827549947424,4755,7.318611987381703,4755,24.248159831756045,4755,32.408591098679516,78.3097854526426,45.901194353963085,3822,3684,10.788643533123029,4755,4.773922187171398,4755,63.575184016824394,4755,2.5236593059936907,4755,4.647739221871714,4755,6.0988433228180865,4755,1.0304942166140905,4755,3.1545741324921135,4755,0.06309148264984227,4755,1.3459516298633019,4755,7.507886435331231,4755,1.4721345951629863,4755,82.7345219962369,11161,12.194247827255623,11161,5.053310635247738,11161,46.30409461517785,11161,46.97607741241824,11161,67.28787743033779,11161,97.0319225251076,11152,71.38629842180775,11152,53.104183320010655,7506,24.354375896700144,11152,0.12553802008608322,11152,9.49329060684959,9986,3.1309207025013306,1879,4.440705651747795,22.31270358306189,13508.0,,,29.891650732950925,3138,48.56309751434034,5.773416731821736,6395,34.28495197438634,7496,21.744930629669156,7496,1.360725720384205,7496,6.216648879402348,7496,36.392742796157954,7496,57.07434052757794,7506,0.759392486011191,7506,0.18651745270450307,7506,0.02664535038635758,7506,0.05329070077271516,7506,0.0,7506,0.01332267519317879,7506,0.0,7506,0.0,7506,0.0,7506,,,,,,,,,,,,0,,0,,0,,0,,0,13.333333333333334,555,,78.34051724137932,10208,19.278996865203762,10208,24.143801321850592,9986,90.13722126929675,1166,3.4522955523672882,11152,9.066041422430636,2559,54.52599388379205,3270,26.207951070336392,3270,19.724770642201836,3270,5.474006116207951,3270,3270,3.4103975535168196,,,,0,0,0
010901,3514,1725,31.07569721115538,3514,60.27319294251565,3514,8.65110984632897,3514,40.8651109846329,3514,12.606715993170177,3514,25.0,29.35885031303358,103.71014492753623,1789,11.269208878770632,3514,27.347751849743883,3514,2.191235059760956,3514,65.91123701605288,51.55807365439094,14.353163361661945,27.83882783882784,359.2105263157895,10.016764459346186,2386,15.666666666666666,1200,80.35160289555326,967,96.3963963963964,777,49.65034965034965,143,16.588785046728972,428,16.824644549763033,2110,43.317535545023695,2110,25.497630331753555,2110,14.218009478672986,2110,39.71563981042654,2110,44.12322274881517,2110,11.366498032602586,15.666666666666666,4.300168634064081,1200,1186,-4.576720717612558,11.931818181818182,16.50853889943074,1056,1054,-0.30790993223824703,7.523017902813299,7.830927835051546,782,970,23.11860325105358,1661,57.25466586393739,1661,1.7459361830222757,1661,4.876580373269115,1661,2.046959662853703,1661,0.12040939193257075,1661,25.165562913907284,1661,68.81270903010034,68.43645484949833,2392,2392,1646,0.5467800729040098,49.45878434637802,49.04246461282265,1201,1201,49.42805538832029,1661,16.676700782661047,1661,30.0421432871764,1661,38.87035083414255,88.32913518052057,49.45878434637802,1191,1201,9.030704394942806,1661,7.706201083684528,1661,49.30764599638772,1661,3.1908488862131246,1661,13.245033112582782,1661,8.007224563515955,1661,3.4316676700782662,1661,3.552077062010837,1661,0.12040939193257075,1661,1.5051173991571343,1661,3.7928958458759783,1661,1.2040939193257074,1661,87.9624359704041,3514,18.326693227091635,3514,14.428002276607854,3514,43.45475241889584,3514,68.75355719977235,3514,77.06317586795674,3514,98.81844380403459,3470,80.97982708933718,3470,36.62207357859532,2392,28.414985590778098,3470,1.440922190201729,3470,14.600908500973395,3082,2.332869080779944,718,3.7341772151898733,15.678172095284392,4114.0,,,38.42931937172775,955,48.85130890052356,6.382059800664452,2107,34.11371237458194,2392,17.307692307692307,2392,1.7976588628762542,2392,6.8561872909699,2392,39.924749163879596,2392,24.122073578595316,2392,0.3762541806020067,2392,0.1254180602006689,2392,0.04180602006688963,2392,0.0,2392,0.0,2392,0.0,2392,0.0,2392,0.0,2392,0.0,2392,,,,,,,,,,,,0,,0,,0,,0,,0,14.772727272727273,176,,93.60759493670886,3160,5.6645569620253164,3160,18.234912394548996,3082,93.81443298969072,388,6.1671469740634,3470,13.96011396011396,702,52.760736196319016,978,26.380368098159508,978,24.948875255623722,978,7.770961145194274,978,978,3.5480572597137012,,,,0,0,0
010902,17731,9100,38.08019852236197,17731,52.800180474874516,17731,9.119621002763521,17731,47.72432462918053,17731,12.638881055778016,17731,21.0,27.883762901133608,94.84615384615384,8631,12.261011787265241,17731,22.514240595567085,17731,2.4702498449044046,17731,89.39329203161718,72.12134159367656,17.27195043794061,23.94845971563981,417.56338899196044,15.802583025830259,10840,22.157485875706215,5664,72.13415651593526,5993,94.93407356002776,4323,39.87951807228916,830,13.93939393939394,1815,21.970748371944058,9367,53.53901996370236,9367,17.081242660403543,9367,7.312907013985267,9367,24.39414967438881,9367,30.404611935518307,9367,13.308954191007606,22.157485875706215,8.848531684698608,5664,5176,0.17906110260674346,7.397648966355898,7.218587863749154,4934,4433,0.08806595669004569,6.191316931982634,6.103250975292588,3455,3845,12.970873786407767,7725,59.94822006472492,7725,1.1650485436893203,7725,7.598705501618123,7725,1.203883495145631,7725,0.18122977346278318,7725,14.174757281553399,7725,69.94780697738302,69.06876659646552,10921,10921,7639,1.2567089933237334,54.91329479768786,54.66806796286565,5709,5709,75.2621359223301,7725,5.786407766990291,7725,15.067961165048544,7725,31.50266836424614,86.415963161934,54.91329479768786,5212,5709,5.566343042071197,7725,3.9611650485436893,7725,75.24919093851133,7725,2.3042071197411005,7725,3.469255663430421,7725,4.686084142394822,7725,1.2427184466019416,7725,1.1779935275080906,7725,0.012944983818770227,7725,0.8802588996763754,7725,3.4045307443365695,7725,0.9838187702265372,7725,78.52348993288591,17731,5.340928317635779,17731,4.224240031583103,17731,27.04303197789183,17731,32.4177993344989,17731,50.172015114770744,17731,95.28125531071206,17653,74.84846768254688,17653,40.13368739126454,10921,10.859344020846315,17653,0.9403500821390132,17653,5.100723140495868,15488,3.1627832748164697,3133,4.267216494845361,19.623302671922904,20547.0,,,28.27906976744186,4300,48.65627906976744,4.784569352425732,9358,43.24349101576824,10908,14.603960396039604,10908,0.935093509350935,10908,6.353135313531353,10908,34.864319765309865,10908,31.965937185239447,10921,0.12819338888380186,10921,0.8515703690138265,10921,0.009156670634557275,10921,0.009156670634557275,10921,0.01831334126911455,10921,0.0,10921,0.0,10921,0.0,10921,0.0,10921,,,,,,,,,,,,0,,0,,0,,0,,0,17.437722419928825,843,,82.71333417117003,15914,15.470654769385447,15914,23.043646694214875,15488,84.24942263279446,2165,1.841046847561321,17653,14.954787850683978,4313,62.54272043745728,4389,28.36637047163363,4389,15.994531784005469,4389,6.0606060606060606,4389,4389,4.022100706311233,,,,0,0,0
010903,4088,1965,28.840508806262232,4088,61.2279843444227,4088,9.931506849315069,4088,38.282778864970645,4088,13.820939334637965,4088,26.0,30.97431506849315,108.04071246819339,2123,9.49119373776908,4088,26.125244618395303,4088,2.519569471624266,4088,63.32401118657611,47.10347582900519,16.220535357570913,34.43596268023749,290.39408866995075,10.647181628392484,2874,15.905848787446505,1402,79.24701561065197,1089,95.48088064889919,863,55.86206896551724,145,20.883534136546185,498,15.378579835229502,2549,43.38956453511181,2549,28.364064338956453,2549,12.75009807767752,2549,41.114162416633974,2549,46.01804629266379,2549,10.267261830924767,15.905848787446505,5.638586956521739,1402,1472,1.133318720723473,13.322759714512292,12.18944099378882,1261,1288,0.24520012507817412,7.7144308943089435,7.469230769230769,984,1170,24.37411431270666,2117,49.787435049598486,2117,1.7005196032120926,2117,4.204062352385451,2117,6.8020784128483704,2117,0.1889466225791214,2117,31.17619272555503,2117,72.97297297297297,72.38392238392238,2886,2886,2106,0.8072174738841406,57.913413768630235,57.20369056068134,1409,1409,58.52621634388285,2117,11.478507321681626,2117,27.01936702881436,2117,29.425787314646684,87.33920108327692,57.913413768630235,1477,1409,7.982994803967879,2117,10.014170996693434,2117,56.82569674067076,2117,3.2120925838450636,2117,8.219178082191782,2117,7.274444969296174,2117,2.9286726499763818,2117,1.5588096362777515,2117,1.7005196032120926,2117,1.1336797354747283,2117,3.3538025507794047,2117,1.6532829475673123,2117,88.8454011741683,4088,12.181996086105675,4088,11.374755381604697,4088,34.34442270058708,4088,48.336594911937375,4088,63.33170254403131,4088,96.99655342195963,4062,82.37321516494337,4062,17.706167706167705,2886,34.416543574593796,4062,1.2063023141309699,4062,12.758433079434168,3676,2.374025974025974,770,3.5948136142625606,14.405436013590034,4415.0,,,37.24007561436673,1058,50.35727788279773,6.396700706991359,2546,28.69022869022869,2886,21.275121275121275,2886,1.4206514206514207,2886,6.618156618156618,2886,41.99584199584199,2886,15.107415107415108,2886,0.2079002079002079,2886,0.0693000693000693,2886,0.0,2886,0.03465003465003465,2886,0.0,2886,0.0,2886,0.0,2886,0.0,2886,0.0,2886,,,,,,,,,,,,0,,0,,0,,0,,0,20.118343195266274,169,,91.86386599308695,3761,7.498005849508109,3761,12.295973884657236,3676,90.93264248704664,386,2.8311176760216643,4062,12.296110414052698,797,50.18348623853211,1090,29.63302752293578,1090,22.477064220183486,1090,7.155963302752293,1090,1090,3.726605504587156,,,,0,0,0
011001,9720,4597,33.7962962962963,9720,58.62139917695473,9720,7.582304526748971,9720,44.681069958847736,9720,10.96707818930041,9720,23.0,28.025411522633746,111.44224494235371,5123,11.224279835390947,9720,25.997942386831276,9720,1.7489711934156378,9720,70.58617058617058,57.65180765180765,12.934362934362934,22.43531202435312,445.7259158751696,10.877742946708464,6380,12.903225806451612,2945,79.78268027658874,3037,95.21254643004539,2423,43.54838709677419,372,24.957698815566836,1182,20.018165304268848,5505,37.03905540417802,5505,26.23069936421435,5505,16.475930971843777,5505,42.706630336058126,5505,48.19255222524977,5505,3.7620322111095454,12.903225806451612,9.141193595342067,2945,3435,-0.36037596100477387,16.283599532528243,16.643975493533016,2567,2938,0.1312168068697428,8.344555497106786,8.213338690237043,1901,2489,27.07761417519341,4007,52.30846019465935,4007,2.1212877464437234,4007,2.6703269278762165,4007,0.9483404042924881,4007,0.2246069378587472,4007,28.025954579485898,4007,62.28615863141524,61.61741835147745,6430,6430,4005,1.0736579275905118,42.57325698888515,42.23644324688447,2969,2969,56.50112303468929,4007,10.831045670077364,4007,26.029448465185926,4007,36.62350695217235,79.1967639410575,42.57325698888515,3461,2969,10.506613426503618,4007,6.813077115048665,4007,56.37634140254554,4007,3.7933616171699525,4007,6.638382830047417,4007,6.763164462191165,4007,2.3708510107312204,4007,2.545545295732468,4007,0.12478163214374845,4007,1.9965061142999752,4007,5.440479161467432,4007,1.9965061142999752,4007,86.80041152263375,9720,10.977366255144032,9720,5.504115226337449,9720,37.489711934156375,9720,41.666666666666664,9720,62.33539094650206,9720,96.32451353855657,9713,77.40142077627921,9713,50.04665629860031,6430,43.49840420055595,9713,0.38093277051374447,9713,15.051020408163266,8624,3.056581986143187,1732,4.280786201363819,17.23033443240697,10615.0,,,29.892814608971815,2519,45.39102818578801,6.584668608885652,5492,28.627023661270236,6424,25.49813200498132,6424,2.1170610211706102,6424,5.090286425902864,6424,38.66749688667497,6424,16.609642301710732,6430,0.5443234836702955,6430,27.371695178849144,6430,0.06220839813374806,6430,0.0,6430,0.15552099533437014,6430,0.06220839813374806,6430,0.0,6430,0.0,6430,0.0,6430,,,,,,,,,,,,0,,0,,0,,0,,0,17.582417582417584,455,,72.79403457236471,8851,24.64128347079426,8851,31.98051948051948,8624,86.86868686868686,1089,4.159374034798724,9713,13.224956063268893,2276,57.61996161228407,2605,22.226487523992322,2605,19.11708253358925,2605,3.5700575815738964,2605,2605,3.728598848368522,,,,0,0,0
011002,2541,1139,37.22943722943723,2541,55.80480125934671,2541,6.965761511216057,2541,48.091302636757185,2541,10.035419126328216,2541,21.0,26.920110192837466,123.09043020193153,1402,12.00314836678473,2541,23.96694214876033,2541,1.6528925619834711,2541,79.19605077574047,66.71368124118477,12.482369534555712,18.710359408033828,534.4632768361582,5.923125393824827,1587,8.011444921316166,699,87.52886836027713,866,91.55672823218997,758,65.34653465346534,101,19.661016949152543,295,13.200589970501476,1356,41.51917404129794,1356,32.817109144542776,1356,12.389380530973451,1356,45.206489675516224,1356,50.442477876106196,1356,3.732165642036886,8.011444921316166,4.2792792792792795,699,888,1.319210060188409,13.122923588039868,11.803713527851459,602,754,-0.11111111111111072,7.761904761904762,7.873015873015873,483,693,36.14103819784525,1021,39.27522037218413,1021,1.6650342801175317,1021,6.464250734573947,1021,0.3917727717923604,1021,0.0979431929480901,1021,36.53281096963761,1021,63.8871473354232,63.44827586206897,1595,1595,1019,0.6869479882237488,42.61363636363637,42.32954545454545,704,704,47.796278158667974,1021,20.176297747306563,1021,22.722820763956904,1021,38.08221099887766,80.69584736251403,42.61363636363637,891,704,10.38197845249755,1021,5.484818805093046,1021,47.60039177277179,1021,5.386875612144956,1021,13.320274240940254,1021,6.8560235063663075,1021,1.860920666013712,1021,1.9588638589618022,1021,0.1958863858961802,1021,1.6650342801175317,1021,5.190989226248775,1021,2.742409402546523,1021,85.91105863833137,2541,13.144431326249508,2541,7.43801652892562,2541,44.82487209759937,2541,34.120425029515935,2541,76.11176702085793,2541,97.4399369830642,2539,74.71445450964947,2539,76.67711598746081,1595,29.972430090586844,2539,0.11815675462780623,2539,12.38819320214669,2236,3.532994923857868,394,4.793515358361775,16.38580136249552,2789.0,,,27.887788778877887,606,47.18316831683168,6.793357933579336,1355,31.28526645768025,1595,23.197492163009404,1595,2.0689655172413794,1595,5.2037617554858935,1595,38.244514106583075,1595,2.884012539184953,1595,0.438871473354232,1595,67.02194357366771,1595,0.0,1595,0.12539184952978055,1595,0.18808777429467086,1595,0.0,1595,0.0,1595,0.0,1595,0.0,1595,,,,,,,,,,,,0,,0,,0,,0,,0,19.65811965811966,117,,78.232477144101,2297,20.113191118850676,2297,41.59212880143113,2236,88.77887788778878,303,4.174871996849153,2539,8.688783570300158,633,62.82051282051282,624,23.71794871794872,624,15.384615384615385,624,3.5256410256410255,624,624,4.068910256410256,,,,0,0,0
011003,7418,3377,32.83904017255325,7418,60.2992720409814,7418,6.861687786465355,7418,43.96063629010515,7418,9.908331086546239,7418,23.0,27.786330547317338,119.66242226828545,4041,11.283364788352655,7418,27.554596926395256,7418,1.523321650040442,7418,65.83948133243908,54.460093896713616,11.379387435725464,20.894909688013136,478.5854616895874,5.036704730831974,4904,6.929784304726939,2179,85.59633027522936,2180,93.67631296891747,1866,61.74242424242424,264,25.313807531380753,956,8.578835729436719,4243,39.759604053735565,4243,36.67216592033938,4243,14.683007306151309,4243,51.35517322649069,4243,57.17652604289418,4243,3.4068485249104254,6.929784304726939,3.522935779816514,2179,2725,-1.1415638969382478,14.052631578947368,15.194195475885616,1900,2343,-0.48440015729281605,7.898192771084338,8.382592928377154,1660,2206,40.75655887736425,3278,40.51250762660159,3278,1.5558267236119585,3278,3.2641854789505795,3278,1.1592434411226358,3278,0.42708968883465526,3278,41.91580231848688,3278,65.22001205545509,64.8583484026522,4977,4977,3246,0.5545286506469501,45.29491220171094,45.20486267447096,2221,2221,47.01037217815741,3278,13.575350823672972,3278,30.14032946918853,3278,35.98230115097411,81.27721335268505,45.29491220171094,2756,2221,10.982306284319707,3278,8.11470408785845,3278,44.50884685784015,3278,4.087858450274558,3278,9.273947528981086,3278,8.23672971323978,3278,2.8370957901159244,3278,3.538743136058572,3278,2.5015253203172665,3278,2.165954850518609,3278,5.979255643685174,3278,2.0134228187919465,3278,85.26557023456458,7418,18.279859800485305,7418,8.762469668374225,7418,31.8145052574818,7418,39.4715556753842,7418,63.480722566729575,7418,97.5853230810738,7413,80.38580871442062,7413,48.52320675105485,4977,47.713476325374344,7413,0.4046944556859571,7413,18.385036496350367,6576,2.739030023094688,1299,3.9210239651416123,13.126224461237058,7146.0,,,29.75301550832855,1741,47.04997128087306,7.438534278959811,4230,26.62102295610149,4966,24.90938380990737,4966,2.436568666935159,4966,4.3294401933145386,4966,41.70358437374144,4966,4.3399638336347195,4977,0.3013863773357444,4977,33.95619851316054,4977,0.6027727546714888,4977,0.08036970062286518,4977,0.16073940124573036,4977,0.683142455294354,4977,0.04018485031143259,4977,0.020092425155716295,4977,0.04018485031143259,4977,,,,,,,,,,,,0,,0,,0,,0,,0,17.83625730994152,342,,82.34423560751813,6757,14.429480538700608,6757,24.057177615571778,6576,91.51732377538829,837,6.38068258464859,7413,11.707905853952926,1657,60.66557555919258,1833,22.367703218767048,1833,15.875613747954173,1833,3.5460992907801416,1833,1833,4.044189852700491,,,,0,0,0
020101,766468,398726,24.299253197785166,766468,68.18901767588471,766468,7.511729126330128,766468,33.826722054932496,766468,10.98571629865826,766468,28.0,31.10522813737821,92.22925016176522,367742,8.217955609366602,766468,27.981076835562607,766468,1.9422859140890423,766468,46.65118139011608,35.6351418835275,11.016039506588577,30.91341559013348,323.4841511072514,1.8125984635341497,575086,2.958224277274414,304507,93.02629273063377,176893,60.338970691006764,164557,67.60728982951206,23814,26.295299979161538,105574,2.9658248839375796,517394,12.086726943103322,517394,36.992311468629325,517394,47.22822452521676,517394,84.22053599384608,517394,86.66316192302192,517394,2.434902068233801,2.958224277274414,0.5233222090406129,304507,270579,-5.439800744260836,44.68787961200254,50.127680356263376,275775,241619,-0.8719299265697344,12.106618673664158,12.978548600233893,261427,236861,52.180367668770025,365764,32.9775483645192,365764,4.00258089915902,365764,2.0915125600113735,365764,2.1297886068612546,365764,0.5385986592447589,365764,54.31015627563128,365764,64.63947673513177,63.01569448530048,577910,577910,373558,2.5120597069263675,57.874858283589646,56.39153262826356,306069,306069,2.1694316553843462,365764,17.24117190319441,365764,71.73970100939404,365764,14.380982446837336,72.25584073042698,57.874858283589646,271841,306069,31.751347863649784,365764,6.67042136459575,365764,1.4692533983661595,365764,10.53548189542984,365764,6.431196071783992,365764,21.384553974694064,365764,6.107763475902495,365764,5.601699456480135,365764,0.7001782570181866,365764,6.2387222361960175,365764,6.430649271114707,365764,5.28537526929933,365764,45.31917836100137,766468,34.60013986232954,766468,23.781162422958296,766468,10.591309748091245,766468,50.61842112129926,766468,43.04002254497252,766468,99.50662631361234,763924,87.4738848367115,763924,25.0372895433545,577910,14.093941282117068,763924,1.38364549353077,763924,4.47036068136627,701062,1.6426168409248325,181914,2.2509242426557083,13.830067551382164,584444.0,,,37.78137400518744,225545,46.70555321554457,11.935660286624886,513633,38.033589923023094,577316,9.671652959557678,577316,5.94700302780453,577316,4.674909408365609,577316,41.67284468124909,577316,2.4034884324548806,577910,19.35751241542801,577910,0.07440604938485232,577910,0.0304545690505442,577910,0.29675901091865514,577910,0.011939575366406534,577910,0.04896956273468187,577910,0.003114671834714748,577910,0.020245366925645863,577910,0.016611583118478657,577910,,,,,,,,,,,,0,,0,,0,,0,,0,6.2921101119269585,36363,,86.68064722818347,714802,11.743671674113951,714802,37.467442251897836,701062,95.2133244249308,62862,0.90859823752101,763924,4.570216754900228,130147,47.843202362799886,228881,20.25244559399863,228881,17.143843307220784,228881,3.8941633425229703,228881,228881,3.337647074243821,,,,0,0,0
020102,16622,8094,31.63879196245939,16622,60.00481289856816,16622,8.356395138972447,16622,42.24521718204789,16622,11.767536999157743,16622,24.0,29.42191072073156,105.3619965406474,8528,10.131151485982432,16622,25.255685236433642,16622,1.7567079773793768,16622,66.65329857629838,52.727090435131345,13.926208141167034,26.41186537364518,378.6177105831533,8.973107304517617,11267,13.581378299120235,5456,82.6025744167337,4972,95.95812028244461,4107,37.29071537290715,657,20.663265306122447,1960,14.421213666496685,9805,47.9449260581336,9805,34.013258541560425,9805,3.5594084650688425,9805,37.572667006629274,9805,43.488016318205,9805,8.935017948061898,13.581378299120235,4.646360351058338,5456,5811,-0.6942423349385662,3.2013479359730415,3.8955902709116077,4748,5057,-1.2296100024269698,5.951813608684141,7.181423611111111,3777,4608,10.876261285183219,9415,67.38183749336166,9415,1.9224641529474242,9415,2.899628252788104,9415,0.8178438661710037,9415,0.8284652150823154,9415,11.694105151354222,9415,81.89184428395279,81.71569490928307,11354,11354,9298,0.21510002151000215,76.02105645307678,75.94844799419133,5509,5509,78.42804036112587,9415,6.394052044609666,9415,11.842804036112586,9415,11.404093247522027,87.42514970059881,76.02105645307678,5845,5509,1.6250663834306958,9415,3.388210302708444,9415,71.00371747211896,9415,1.8693574083908657,9415,4.492830589484864,9415,4.673393520977164,9415,2.655337227827934,9415,0.8815719596388741,9415,7.424322889006904,9415,0.18056293149229952,9415,0.8284652150823154,9415,0.3292618162506638,9415,47.54542173023704,16622,7.472025027072554,16622,5.0354951269402,16622,30.12272891348815,16622,40.99386355432559,16622,54.42185055949946,16622,97.72426249247441,16610,81.83022275737507,16610,86.09300686982562,11354,12.937989163154725,16610,0.13245033112582782,16610,7.6170697393984055,14927,3.2673564753004007,2996,4.130193290379916,19.93811746824449,18422.0,,,27.868513541451314,4837,47.673557990489975,5.6684355546484335,9799,41.71610732312052,11293,19.02948729301337,11293,1.9746745771716994,11293,6.198530062870805,11293,31.081200743823608,11293,0.4403734366742998,11354,85.55575127708296,11354,0.008807468733485996,11354,0.0,11354,0.008807468733485996,11354,0.0,11354,0.0,11354,0.0,11354,0.0,11354,0.0,11354,,,,,,,,,,,,0,,0,,0,,0,,0,17.336394948335247,871,,28.414801279122887,15323,68.28949944527834,15323,69.25035171166343,14927,85.97742127153892,1683,3.5580975316074652,16610,11.377899045020463,3665,50.97077457592479,4893,23.27815246270182,4893,23.74821173104435,4893,6.723891273247497,4893,4893,3.394645411812794,,,,0,0,0
020103,15834,7802,26.923076923076923,15834,63.35101679929266,15834,9.725906277630415,15834,37.77314639383605,15834,13.862574207401794,15834,28.0,31.744031830238725,102.94796206101,8032,8.374384236453203,15834,25.306302892509787,15834,2.387267904509284,15834,57.8506629448709,42.49825540823447,15.352407536636427,36.1247947454844,276.8181818181818,6.010833478944609,11446,9.559346126510306,5628,90.20666979802725,4258,80.57797448581098,3841,56.91699604743083,506,27.941176470588236,1768,9.273308045518068,10018,35.436214813335994,10018,39.1096027151128,10018,15.811539229387103,10018,54.9211419444999,10018,59.61269714513875,10018,6.9811405575862775,9.559346126510306,2.578205568924029,5628,5818,-3.116433507113417,14.233724221593206,17.350157728706623,4946,5072,-1.3067569016512373,8.012011304757419,9.318768206408656,4246,4806,17.966499519897578,9373,62.09324655926598,9373,2.443187880081084,9373,5.142430385148832,9373,0.7574949322522138,9373,0.32006828123332975,9373,18.723994452149793,9373,80.48865014728817,80.14208975914053,11542,11542,9290,0.43057050592034446,75.237927388086,74.90306661966866,5674,5674,61.01568334578043,9373,10.594260108823216,9373,23.215619332124188,9373,10.327853116344798,85.5657805044308,75.237927388086,5868,5674,8.16174117144991,9373,4.37426651018884,9373,60.610263522884885,9373,3.222020697748853,9373,7.2228742131654755,9373,6.998826416302144,9373,4.139549770617732,9373,2.0804438280166435,9373,0.40541982289555106,9373,0.7895017603755468,9373,1.5256588072122053,9373,1.5896724634588713,9373,50.119994947581155,15834,14.475179992421372,15834,11.090059365921435,15834,23.140078312492104,15834,45.11178476695718,15834,51.69256031324997,15834,98.9180639038279,15805,86.11198987662132,15805,71.22682377404263,11542,21.961404618791523,15805,0.7845618475166086,15805,9.579390841908971,14479,2.596311475409836,2928,3.4707435107787066,18.166101043734393,15617.0,,,26.941696484950537,4751,48.72111134498,7.777777777777778,9981,50.86289133639754,11531,10.354696036770445,11531,2.35018645390686,11531,5.2640707657618595,11531,31.168155407163297,11531,0.8923929994801594,11542,69.97920637671115,11542,0.008664009703690868,11542,0.008664009703690868,11542,0.12129613585167215,11542,0.03465603881476347,11542,0.008664009703690868,11542,0.0,11542,0.0,11542,0.0,11542,,,,,,,,,,,,0,,0,,0,,0,,0,8.865248226950355,846,,48.066373179817134,14765,49.78665763630207,14765,64.23095517646246,14479,91.77978883861236,1326,3.701360329009807,15805,8.785046728971963,3210,48.23848238482385,4797,25.349176568688765,4797,20.867208672086722,4797,6.066291432145091,4797,4797,3.294767563060246,,,,0,0,0
020104,22431,11276,30.15469662520619,22431,62.60978110650439,22431,7.2355222682894205,22431,40.53319067362133,22431,10.788640720431546,22431,25.0,29.404707770496188,98.92692444129123,11155,9.442289688377691,22431,25.80803352503232,22431,1.4800945120592037,22431,59.71945314725149,48.162916547992026,11.55653659925947,23.994677705499704,416.7590881084412,5.116731517509727,15420,8.57796416317194,7869,88.76889848812095,6482,88.16475495307613,5754,46.78007290400972,823,26.182495344506517,2685,8.327176001182208,13534,34.55002216639574,13534,43.29835968671494,13534,13.233338259199055,13534,56.531697945914,13534,61.733412147184865,13534,7.068230353080561,8.57796416317194,1.5097338100913786,7869,7551,-4.02792039533116,11.277115356988938,15.305035752320098,6961,6573,-1.5407688041415533,7.854018227009114,9.394787031150667,6035,6292,29.239818198021567,11221,49.48756795294537,11221,3.2350057927100972,11221,3.6627751537296143,11221,1.550663933695749,11221,0.516887977898583,11221,30.790482131717315,11221,71.64036040641575,70.92465972266598,15649,15649,11211,0.999018820800999,63.412191763675054,62.76129678307673,7989,7989,29.275465644773192,11221,23.37581320737902,11221,40.29943855271366,11221,16.809740351207452,80.2219321148825,63.412191763675054,7660,7989,8.047411104179663,11221,7.174048658764816,11221,28.223865965600215,11221,10.854647535870244,11221,12.405311469565993,11221,16.861242313519295,11221,8.216736476249888,11221,3.056768558951965,11221,1.0515996791729791,11221,1.3813385616255236,11221,1.818019784332947,11221,1.149630157739952,11221,48.37947483393518,22431,14.82323570059293,22431,11.270117248450804,22431,23.95345726895814,22431,56.31046319825242,22431,54.31322723017253,22431,99.12092815707274,22410,84.95314591700134,22410,68.02351587960892,15649,17.822400713966978,22410,0.6470325747434181,22410,9.79648154536047,20293,2.5843332578673306,4417,3.3914478855525862,17.048858105578436,21368.0,,,36.23717858648307,7117,45.22874806800618,7.862048461424112,13454,45.122029338287106,15611,13.125360322849273,15611,2.312471974889501,15611,5.047722759592595,15611,34.392415604381526,15611,1.7636909706690522,15649,66.12563103073678,15649,0.025560738705348585,15649,0.0,15649,0.2939484951115087,15649,0.0,15649,0.006390184676337146,15649,0.0,15649,0.006390184676337146,15649,0.0,15649,,,,,,,,,,,,0,,0,,0,,0,,0,8.131487889273357,1156,,56.20367696602175,20778,41.96746558860333,20778,61.656728921302914,20293,92.34766178554558,2117,2.1686746987951806,22410,6.967213114754099,4880,48.45175559856234,7234,18.5374619850705,7234,25.58750345590268,7234,5.557091512303013,7234,7234,3.097871163948023,,,,0,0,0
020105,848452,439468,32.37661058020961,848452,63.893891463512375,848452,3.7294979562780215,848452,43.48955509563299,848452,5.744579540150768,848452,23.0,25.81308312078939,93.06343123958969,408984,10.922715722280106,848452,30.187682980298238,848452,0.8323393662811803,848452,56.509484255011444,50.672466238339524,5.837018016671924,11.519111758281761,868.1224915463135,3.026452683228591,569016,4.987881870680111,300789,89.71458351292681,255206,82.79458588293872,228957,48.204048204048206,34188,25.59812290141187,123595,5.210291854312435,492506,22.928451633076552,492506,47.386427779560044,492506,23.838288264508453,492506,71.2247160440685,492506,75.10609007809042,492506,4.1609703367927695,4.987881870680111,0.8269115338873417,300789,268227,-4.181051070351884,21.878260869565217,26.0593119399171,261625,230881,-1.3084574056823488,9.59646242475133,10.904919830433679,239373,224337,42.47088577656295,372069,42.387836664704665,372069,2.867747648957586,372069,2.3673028389895423,372069,1.37071349669013,372069,0.49963850791116704,372069,43.84159927325308,372069,65.60441861682635,64.35718897788946,573030,573030,375933,1.9011366387095572,56.500674901899956,55.41951176045438,303007,303007,3.015838460070578,372069,28.606790675923015,372069,61.5668061569225,372069,19.319533006315268,75.82020790821522,56.500674901899956,270023,303007,14.78354821283149,372069,5.915031889246349,372069,2.4498144161432425,372069,19.178431957513258,372069,9.226514436838329,372069,27.034232897661454,372069,9.018219738811887,372069,5.401686246368281,372069,0.5660240439273361,372069,3.1217327968736983,372069,5.213280332411461,372069,2.3044112785531716,372069,52.14696883265052,848452,22.32253562959366,848452,17.639772196895052,848452,17.620560738851463,848452,62.48509049421771,848452,51.96699400791088,848452,99.05437547487695,847588,80.30753148935568,847588,54.321065214735704,573030,21.161342539063792,847588,0.46248885071520596,847588,5.572649210387938,754991,2.1882564222690717,192105,2.765660171674177,16.190143306536175,658030.0,,,39.79362152724767,255453,40.56726677705879,9.664414115262245,489371,37.615735481728734,572210,15.535729889376277,572210,3.040492127016305,572210,3.4351024973348947,572210,40.372940004543786,572210,2.4099959862485383,573030,51.73446416417988,573030,0.036996317819311376,573030,0.012041254384587195,573030,0.25653107167164024,573030,0.007154948257508333,573030,0.01832364797654573,573030,0.0017451093310995934,573030,0.0033157077290892276,573030,0.003664729595309146,573030,,,,,,,,,,,,0,,0,,0,,0,,0,7.657021154594418,48831,,70.85865932820553,774731,27.31141518798138,774731,47.75474144724904,754991,92.58939274490534,92597,0.9481021439661722,847588,5.907053373701497,186946,56.04690078502136,259356,10.706133654127918,259356,20.761038880920434,259356,2.710174432054782,259356,259356,3.2680485510263884,,,,0,0,0
020201,46058,23499,27.914803074384473,46058,61.468148855790524,46058,10.617048069825003,46058,39.393807807547006,46058,15.065786616874377,46058,27.0,31.907269095488296,95.99982977999063,22559,8.274349732945417,46058,25.26814017108863,46058,2.6488340787702462,46058,62.68588181272297,45.41344353784748,17.27243827487549,38.03375593062145,262.9243353783231,11.959094495357165,32954,19.356909430438844,17136,89.85329134342115,13019,91.30620618909215,11698,47.991831177671884,1469,30.570231371834577,5489,18.680434021701085,28570,29.74448722436122,28570,38.834441722086105,28570,12.48512425621281,28570,51.31956597829892,28570,55.484774238711935,28570,15.41203650086494,19.356909430438844,3.9448729295739033,17136,15818,-10.80190209409351,7.359797522312508,18.16169961640602,15014,13556,-1.8564099150501017,7.717456452519198,9.5738663675693,10678,12482,15.256685374711125,24232,61.352756685374715,24232,1.3742159128425222,24232,4.659128425222846,24232,0.3590293826345328,24232,0.45394519643446685,24232,15.615714757345659,24232,72.89096667169356,72.26964258784497,33155,33155,24167,0.8524020358339885,67.83042394014963,67.45345937481876,17243,17243,58.30719709475074,24232,13.345988775173325,24232,23.662925057774842,24232,10.544387522897125,78.37481146304675,67.83042394014963,15912,17243,8.35671838890723,24232,2.3605150214592276,24232,58.10085836909871,24232,7.47358864311654,24232,5.83938593595246,24232,9.289369428854407,24232,3.004291845493562,24232,1.4113568834598877,24232,0.20633872565203037,24232,1.0853416969296799,24232,6.2933311323869265,24232,0.5282271376691977,24232,52.31013070476356,46058,10.897129706022842,46058,5.5364974597246945,46058,33.69230101176777,46058,43.71444700160667,46058,51.16375005427939,46058,98.83928183280442,46006,83.06742598791462,46006,89.59734580003015,33155,8.3597791592401,46006,0.18693213928618008,46006,3.801037939287661,42199,2.9127811989443257,7957,4.1512920673076925,19.63677432282274,54897.0,,,36.34843982169391,16152,48.68988360574542,7.075235989753307,28497,49.57076355722145,33082,10.869959494589203,33082,1.3360739979445015,33082,6.595731817907019,33082,31.627471132337828,33082,0.2322424973608807,33155,93.99185643191072,33155,0.018096817976172522,33155,0.003016136329362087,33155,0.015080681646810435,33155,0.003016136329362087,33155,0.0,33155,0.0,33155,0.0,33155,0.0,33155,,,,,,,,,,,,0,,0,,0,,0,,0,8.840635905389686,2579,,17.985644932754177,43051,77.62421314255185,43051,69.20306168392617,42199,91.06908326766482,3807,1.5084988914489414,46006,6.51890482398957,9971,41.20676968359088,16308,24.141525631591858,16308,29.813588422859947,16308,8.652195241599214,16308,16308,2.8210694137846457,,,,0,0,0
020202,13136,6684,25.510048721071865,13136,60.95462850182704,13136,13.535322777101097,13136,36.594092570036544,13136,19.419914738124238,13136,32.0,34.97213763702801,96.52902453620587,6452,7.2168087697929355,13136,22.046285018270403,13136,3.1059683313032886,13136,64.05645060572,41.85088047958037,22.205570126139627,53.058788421366756,188.47019122609674,15.78839239856189,9735,25.30604053782862,4983,88.33952557873678,3499,92.42963442251698,3091,41.06666666666667,375,44.637462235649544,1324,25.38172421893352,8514,36.76297862344374,8514,32.41719520789288,8514,5.2266854592435985,8514,37.64388066713648,8514,42.17758985200846,8514,19.497959729747812,25.30604053782862,5.808080808080808,4983,4752,-4.812965426795239,2.894257064721969,7.707222491517208,4388,4126,-1.6793526215908177,6.340314136125654,8.019666757716472,2674,3661,9.013040143185886,7822,62.28586039376118,7822,0.8309895167476349,7822,6.03426233699821,7822,0.1917668115571465,7822,0.4346714395295321,7822,9.204806954743033,7822,79.26592372968,79.10234127389838,9781,9781,7753,0.20637172707339094,76.22754491017965,76.12774451097805,5010,5010,73.75351572487855,7822,10.508821273331629,7822,12.439273843006903,7822,6.228963159407442,82.45650806958709,76.22754491017965,4771,5010,3.5157248785476862,7822,1.866530299156226,7822,73.15264638199949,7822,4.180516491945794,7822,6.328304781385834,7822,6.226029148555357,7822,1.5469189465609818,7822,0.5753004346714395,7822,0.600869342879059,7822,0.3963180772181028,7822,2.096650473024802,7822,0.42188698542572234,7822,47.53349573690621,13136,9.888855054811206,13136,4.095615103532277,13136,36.19062119366626,13136,28.74543239951279,13136,51.90316686967113,13136,99.05574169966494,13132,86.42247943953701,13132,88.85594519987731,9781,5.909229363387146,13132,0.06853487663722205,13132,3.2255416940249506,12184,3.391809908998989,1978,4.783303730017762,20.607386848847142,18736.0,,,38.049560351718625,5004,52.30815347721823,5.441148775894539,8496,53.77059244858283,9773,6.650977182032129,9773,1.1869436201780414,9773,8.922541696510795,9773,29.468945052696203,9773,0.13291074532256417,9781,95.90021470197321,9781,0.010223903486351089,9781,0.0,9781,0.1022390348635109,9781,0.0,9781,0.0,9781,0.0,9781,0.0,9781,0.0,9781,,,,,,,,,,,,0,,0,,0,,0,,0,8.24891461649783,691,,10.616686819830713,12405,87.5534058847239,12405,66.65298752462246,12184,91.87763713080169,948,2.4063356685957964,13132,12.10310048561823,2677,34.57888493475682,5058,28.944246737841045,5058,34.816132858837484,5058,11.209964412811388,5058,5058,2.5962831158560697,,,,0,0,0
020203,7948,4155,22.181680926019123,7948,60.39255158530448,7948,17.425767488676396,7948,31.454453950679415,7948,23.905385002516358,7948,36.0,37.78573225968797,91.28760529482551,3793,6.4418721690991445,7948,21.41419224962255,7948,4.101660795168596,7948,65.58333333333333,36.729166666666664,28.854166666666668,78.55927396483267,127.29241877256318,12.98342541436464,6154,21.170343137254903,3264,89.32038834951456,1854,93.84057971014492,1656,42.009132420091326,219,32.590529247910865,718,19.207096307023896,5524,36.83924692251991,5524,32.83852280955829,5524,10.662563359884142,5524,43.50108616944243,5524,47.88196958725561,5524,17.433318915801618,21.170343137254903,3.737024221453287,3264,2890,-8.195023751211783,6.832087015635622,15.027110766847406,2942,2582,-2.0802171781400274,6.845598845598846,8.925816023738873,2079,2359,13.910163527220037,4831,65.51438625543366,4831,1.3454771268888428,4831,3.167046160215276,4831,0.206996481059822,4831,0.2690954253777686,4831,14.117160008279859,4831,77.63221737020864,77.43813682678312,6183,6183,4800,0.25,72.93508076805851,72.7826882048156,3281,3281,65.16249223763197,4831,9.418339888221901,4831,20.782446698406126,4831,10.007717302237836,82.94279807029635,72.93508076805851,2902,3281,6.830883874974125,4831,2.6288553094597393,4831,65.03829434899606,4831,5.588904988615194,4831,3.7880356033947424,4831,9.583937073069757,4831,2.2355619954460773,4831,1.2005795901469676,4831,0.12419788863589319,4831,0.9728834609811633,4831,4.346926102256262,4831,0.7037880356033948,4831,52.17664821338702,7948,16.696024157020634,7948,8.140412682435834,7948,30.674383492702567,7948,37.267237040764975,7948,49.609964771011576,7948,99.48401711552982,7946,86.78580417820287,7946,85.67038654374899,6183,8.117291719103951,7946,0.22652907123080795,7946,3.537799300511165,7434,2.3859649122807016,1368,4.009239516702204,20.66262914143213,11228.0,,,41.71237050578915,3282,54.71176112126752,6.396617566830333,5499,50.84910237748666,6183,7.504447679120168,6183,1.7143781335921073,6183,9.736373928513666,6183,30.1956978812874,6183,0.11321365033155426,6183,90.27979945010513,6183,0.0,6183,0.0,6183,0.016173378618793467,6183,0.0,6183,0.0,6183,0.0,6183,0.0,6183,0.0,6183,,,,,,,,,,,,0,,0,,0,,0,,0,8.311688311688311,385,,22.30748875363853,7558,76.34294786980682,7558,71.06537530266344,7434,95.703125,512,1.434684117795117,7946,7.067137809187279,1415,30.71342200725514,3308,34.915356711003625,3308,38.02902055622733,3308,15.689238210399033,3308,3308,2.402055622732769,,,,0,0,0
020204,8562,4382,22.483064704508294,8562,59.623919644942774,8562,17.893015650548936,8562,31.14926419060967,8562,24.959121700537256,8562,39.0,38.640154169586545,95.39023277042446,4180,7.031067507591684,8562,19.761737911702873,8562,4.9170754496612945,8562,67.7179236043095,37.70812928501469,30.00979431929481,79.58441558441558,125.65274151436032,13.12395691093916,6591,21.501906717512465,3409,90.57591623036649,1910,92.94797687861272,1730,56.126482213438734,253,33.3743842364532,812,18.487535552952988,5977,28.576208800401538,5977,33.1102559812615,5977,19.59176844570855,5977,52.70202442697005,5977,56.43299314037142,5977,17.353572336619944,21.501906717512465,4.14833438089252,3409,3182,-19.014996591683705,10.429447852760736,29.444444444444443,3097,2880,-2.8407946610507544,7.740757644911,10.581552305961754,2191,2667,20.029057700290576,4818,56.35118306351183,4818,1.6604400166044002,4818,5.064342050643421,4818,0.518887505188875,4818,0.518887505188875,4818,20.54794520547945,4818,72.30931564666868,72.09828157974073,6634,6634,4797,0.29184907233687724,63.8905066977286,63.774024461269654,3434,3434,59.58904109589041,4818,9.38148609381486,4818,26.463262764632628,4818,17.453243302271403,81.34375,63.8905066977286,3200,3434,15.566625155666252,4818,3.3208800332088004,4818,59.40224159402241,4818,3.7775010377750102,4818,5.56247405562474,4818,6.205894562058946,4818,2.096305520963055,4818,0.8302200083022001,4818,0.18679950186799502,4818,1.432129514321295,4818,13.40805313408053,4818,0.7471980074719801,4818,49.754730203223545,8562,22.86848867087129,8562,7.743517869656622,8562,36.75543097407148,8562,32.90119131044148,8562,52.34758234057463,8562,99.54417952314165,8556,89.76157082748948,8556,85.25776303889056,6634,10.986442262739597,8556,0.09350163627863488,8556,5.165912518853696,7956,3.008835341365462,1245,4.420570623458964,18.255366869593082,12484.0,,,40.92838196286472,3770,54.820689655172416,7.556095924870032,5963,52.95715147857574,6628,9.88231744115872,6628,1.5992757996379,6628,9.490042245021122,6628,26.07121303560652,6628,0.21103406692794693,6634,89.16189327705759,6634,0.0,6634,0.0,6634,0.045221585770274346,6634,0.0,6634,0.0,6634,0.0,6634,0.0,6634,0.0,6634,,,,,,,,,,,,0,,0,,0,,0,,0,10.723860589812332,373,,20.19753086419753,8100,77.81481481481481,8100,74.04474610356964,7956,95.33333333333333,600,3.2024310425432443,8556,7.250341997264022,1462,27.758846657929226,3815,33.47313237221494,3815,45.16382699868939,3815,15.753604193971167,3815,3815,2.2427260812581915,,,,0,0,0
020205,3927,2006,22.459893048128343,3927,61.955691367456076,3927,15.584415584415584,3927,29.717341482047363,3927,21.517697988286223,3927,35.0,36.943213649096,95.76271186440678,1921,8.683473389355742,3927,20.295390883626176,3927,3.6669213139801373,3927,61.40567200986437,36.25154130702836,25.154130702836007,69.38775510204081,144.11764705882354,7.966942148760331,3025,13.851132686084142,1545,87.67123287671232,803,87.92613636363636,704,43.83561643835616,146,32.241813602015114,397,12.070200573065902,2792,21.812320916905446,2792,31.375358166189113,2792,33.703438395415475,2792,65.07879656160459,2792,68.40974212034384,2792,12.026808361759818,13.851132686084142,1.8243243243243243,1545,1480,-25.93263355016755,20.997191011235955,46.92982456140351,1424,1368,-2.6527168562677748,9.42232142857143,12.075038284839204,1120,1306,31.943746860873933,1991,44.39979909593169,1991,1.6072325464590658,1991,3.365143144148669,1991,0.25113008538422904,1991,0.3515821195379206,1991,32.19487694625816,1991,65.52744002628985,65.16595465001643,3043,3043,1994,0.551654964894684,58.087291399229784,57.958921694480104,1558,1558,30.53741838272225,1991,7.584128578603717,1991,57.15720743345053,1991,15.246041934103545,73.33333333333333,58.087291399229784,1485,1558,27.624309392265193,1991,2.0090406830738323,1991,30.386740331491712,1991,5.876443997990959,1991,1.7076845806127574,1991,18.031140130587644,1991,4.419889502762431,1991,1.7076845806127574,1991,0.15067805123053743,1991,6.077348066298343,1991,20.441988950276244,1991,2.6619789050728278,1991,57.3720397249809,3927,38.018843901196846,3927,12.197606315253374,3927,22.663610898905016,3927,43.69747899159664,3927,51.769798828622356,3927,99.69426751592357,3925,89.07006369426752,3925,81.89286887939534,3043,11.872611464968152,3925,0.07643312101910828,3925,6.082589285714286,3584,2.3827361563517915,614,3.7062652563059397,23.776690391459077,4496.0,,,39.175257731958766,1649,53.26622195269861,9.479189287006877,2763,52.64715554094048,3041,7.431765866491285,3041,1.2167050312397238,3041,8.352515619861888,3041,30.351857941466623,3041,0.5915215248110417,3043,94.24909628655932,3043,0.0,3043,0.0,3043,0.0,3043,0.0,3043,0.0,3043,0.0,3043,0.0,3043,0.03286230693394676,3043,,,,,,,,,,,,0,,0,,0,,0,,0,7.382550335570469,149,,34.08108108108108,3700,65.08108108108108,3700,76.11607142857143,3584,98.24046920821114,341,4.917197452229299,3925,5.506216696269982,563,31.305903398926656,1677,30.709600477042336,1677,40.54859868813357,1677,15.623136553369111,1677,1677,2.3404889683959453,,,,0,0,0
020206,5003,2479,22.52648410953428,5003,62.78233060163902,5003,14.691185288826704,5003,33.49990005996402,5003,20.407755346791927,5003,34.0,36.08534879072556,101.8152480839048,2524,6.576054367379572,5003,23.106136318209074,5003,3.3379972016789927,5003,59.280483922317735,35.880292900350206,23.400191021967526,65.21739130434783,153.33333333333334,11.908476339053562,3846,20.16675351745701,1919,90.63573883161511,1164,92.60663507109005,1055,42.5,120,32.280701754385966,570,19.4021101992966,3412,27.930832356389214,3412,40.005861664712775,3412,11.840562719812427,3412,51.84642438452521,3412,55.45134818288394,3412,16.48226986410984,20.16675351745701,3.6844836533471716,1919,1927,-11.134881268920902,6.35470826112074,17.48958953004164,1731,1681,-2.661258615847739,7.40383014154871,10.065088757396449,1201,1521,21.153111874761358,2619,57.61741122565865,2619,2.0618556701030926,2619,4.009163802978236,2619,0.3436426116838488,2619,0.572737686139748,2619,21.49675448644521,2619,68.12080536912751,67.32059886422303,3874,3874,2639,1.1746873815839334,63.603510583376355,63.08724832214765,1937,1937,50.59182894234441,2619,12.638411607483773,2619,30.50782741504391,2619,9.034589571502316,72.63810015487867,63.603510583376355,1937,1937,7.980145093547155,2619,3.016418480336006,2619,50.32455135547919,2619,6.987399770904926,2619,5.61282932416953,2619,11.989308896525392,2619,4.238258877434135,2619,1.6036655211912945,2619,0.26727758686521574,2619,3.9709812905689192,2619,4.772814051164566,2619,0.4963726613211149,2619,50.10993403957625,5003,21.407155706576056,5003,5.776534079552269,5003,33.699780131920846,5003,38.59684189486308,5003,38.516889866080355,5003,99.3,5000,86.66,5000,88.25503355704699,3874,10.0,5000,0.18,5000,7.234589041095891,4672,2.8607095926412613,761,4.325049051667757,22.237442922374427,6570.0,,,40.297766749379655,2015,51.94888337468983,7.1427304964539005,3384,50.60739209097958,3869,9.382269320237787,3869,1.757560093047299,3869,8.47764280175756,3869,29.775135693977774,3869,0.5162622612287042,3874,88.0485286525555,3874,0.0,3874,0.0,3874,0.07743933918430562,3874,0.0,3874,0.02581311306143521,3874,0.0,3874,0.0,3874,0.0,3874,,,,,,,,,,,,0,,0,,0,,0,,0,4.867256637168142,226,,30.22325189553496,4748,68.40775063184499,4748,70.50513698630137,4672,94.8170731707317,328,3.24,5000,4.772475027746948,901,31.491442542787286,2045,29.682151589242054,2045,38.43520782396088,2045,12.37163814180929,2045,2045,2.444987775061125,,,,0,0,0
020301,10647,5032,26.82445759368836,10647,61.341222879684416,10647,11.834319526627219,10647,38.37700760777684,10647,16.38020099558561,10647,29.0,33.10124917817225,111.58585055643879,5615,8.171315863623557,10647,24.16643185873955,10647,3.371841833380295,10647,63.02250803858521,43.72990353697749,19.292604501607716,44.11764705882353,226.66666666666666,5.971316818774446,7670,10.72511717673008,3627,86.04982206405694,2810,90.48800661703888,2418,44.193548387096776,310,28.58267716535433,1270,10.659670164917541,6670,38.065967016491754,6670,41.52923538230885,6670,9.385307346326837,6670,50.91454272863568,6670,58.26086956521739,6670,9.018463701587859,10.72511717673008,1.706653475142221,3627,4043,-4.870242598437324,6.865486175831004,11.735728774268328,3219,3451,-1.8075108071811492,7.062876506024097,8.870387313205246,2656,3279,17.789203084832906,5835,61.52527849185947,5835,1.2682090831191088,5835,4.644387317909168,5835,0.23993144815766923,5835,0.39417309340188517,5835,18.029134532990575,5835,74.32206657242,74.05217838324123,7781,7781,5783,0.3631333218052914,70.52289352479004,70.27905716607965,3691,3691,61.04541559554413,5835,11.996572407883463,5835,20.46272493573265,5835,7.227717722153727,77.75061124694376,70.52289352479004,4090,3691,5.535561268209083,5835,2.210796915167095,5835,54.25878320479863,5835,7.523564695801199,5835,4.335904027420737,5835,8.397600685518423,5835,3.821765209940017,5835,1.3024850042844902,5835,6.786632390745501,5835,1.5081405312767782,5835,3.0505569837189372,5835,0.7883461868037703,5835,47.80689396074011,10647,16.9061707523246,10647,6.170752324598478,10647,27.397388935850476,10647,26.908988447449985,10647,45.2615760308068,10647,99.01287957130769,10637,85.22139701043527,10637,81.89178768795784,7781,12.20268872802482,10637,0.04700573469963336,10637,8.71301320774035,9767,2.9035202086049545,1534,4.226599204915071,18.89081455805892,11540.0,,,39.238455306508236,3703,50.73318930596813,7.1864279265723745,6646,45.98868603754178,7778,8.202622782206223,7778,1.8385188994600155,7778,7.804062741064541,7778,36.16610953972744,7778,0.34699910037270276,7781,84.24367047937284,7781,0.02570363706464465,7781,0.0,7781,0.02570363706464465,7781,0.0,7781,0.02570363706464465,7781,0.0,7781,0.0,7781,0.0,7781,,,,,,,,,,,,0,,0,,0,,0,,0,13.36116910229645,479,,37.10761207501755,9971,58.29906729515595,9971,67.34923722739838,9767,92.98850574712644,870,3.741656482090815,10637,7.333948339483395,2168,39.331754801368064,3801,28.308339910549854,3801,34.675085503814785,3801,10.418310970797158,3801,3801,2.7984740857669035,,,,0,0,0
020302,14687,7221,27.126029822291823,14687,58.248791448219514,14687,14.625178729488663,14687,36.03186491455028,14687,19.650030639340915,14687,31.0,34.808333900728535,103.39288187231685,7466,8.272622046707973,14687,20.759855654660583,14687,3.9763055763600463,14687,71.67738164815897,46.56925774400935,25.108123904149622,53.91566265060241,185.47486033519553,5.212735981966751,10647,8.704722169542954,5273,88.58329008822002,3854,94.14176918570591,3414,45.535714285714285,448,28.550404709345106,1359,10.70040953481046,9523,37.4041793552452,9523,42.05607476635514,9523,9.681822954951171,9523,51.73789772130631,9523,57.28236900136512,9523,6.9183433083594785,8.704722169542954,1.7863788611834759,5273,5374,-8.53872891523749,5.377937751429176,13.916666666666666,4723,4800,-2.4951254039666546,6.79209926563687,9.287224669603525,3949,4540,11.857614332861857,8484,63.17774634606318,8484,1.2965582272512965,8484,6.388495992456389,8484,0.5657708628005658,8484,0.15322960867515323,8484,12.423385195662423,8484,78.94835329341318,78.75187125748504,10688,10688,8438,0.2488741407916568,73.22879274513508,73.1721141129794,5293,5293,64.15605846298915,8484,11.574728901461574,8484,19.99057048561999,8484,11.330984826690681,84.55977757182576,73.22879274513508,5395,5293,5.893446487505893,8484,2.9820839226779823,8484,62.234794908062234,8484,7.732201791607732,8484,3.8071664309288074,8484,8.875530410183876,8484,2.8524280999528524,8484,0.7779349363507779,8484,1.9212635549269212,8484,0.884016973125884,8484,4.137199434229137,8484,0.5186232909005186,8484,47.00755770409205,14687,10.628446925852796,14687,4.323551440049023,14687,33.80540614148567,14687,19.854292912099137,14687,52.652005174644245,14687,99.30456125997136,14667,86.92984250357947,14667,88.67889221556887,10688,10.411127019840459,14667,0.040908161178155045,14667,5.455626579455924,13454,2.944704779756326,2134,4.232315891472868,18.32749411291712,17411.0,,,37.92777908897805,4237,54.15836676894029,7.2474758098443415,9508,50.84222346996069,10686,8.702975856260528,10686,1.7218790941418678,10686,7.935616694740783,10686,30.797304884896125,10686,0.2994011976047904,10688,89.96070359281437,10688,0.0187125748502994,10688,0.09356287425149701,10688,0.0280688622754491,10688,0.0,10688,0.0093562874251497,10688,0.0,10688,0.0,10688,0.0,10688,,,,,,,,,,,,0,,0,,0,,0,,0,10.26438569206843,643,,24.19742301812623,13737,72.09725558710053,13737,75.41251672365095,13454,94.55894476504534,1213,3.0953841958137316,14667,6.392536281962681,2894,45.85661080074488,4296,39.03631284916201,4296,26.070763500931097,4296,9.706703910614525,4296,4296,3.4141061452513966,,,,0,0,0
020303,9879,4682,25.012653102540742,9879,59.0343152140905,9879,15.953031683368762,9879,33.17137362081182,9879,21.196477376252655,9879,33.0,36.07915780949489,110.99957283212302,5197,7.217329689239802,9879,20.872557951209636,9879,4.737321591254176,9879,69.39300411522633,42.369684499314126,27.023319615912207,63.77984621610684,156.78934010152284,4.234172906739278,7345,7.3428571428571425,3500,88.06343906510851,2396,94.36018957345972,2110,48.25174825174825,286,25.05133470225873,974,9.092275323113917,6654,39.540126239855724,6654,44.19897805831079,6654,6.807935076645626,6654,51.00691313495642,6654,57.123534715960325,6654,5.938435816459223,7.3428571428571425,1.4044213263979193,3500,3845,-7.076775181673021,3.1132075471698113,10.189982728842832,3180,3474,-2.2180402513107937,6.5462928808557725,8.764333132166566,2711,3314,9.286840721920449,5707,67.84650429297353,5707,1.121429823024356,5707,2.3830383739267567,5707,0.2978797967408446,5707,0.17522340984755563,5707,9.584720518661292,5707,76.97501688048615,76.54287643484132,7405,7405,5700,0.5614035087719298,70.85341650127587,70.68330025517437,3527,3527,71.66637462765026,5707,7.096548098826003,5707,16.295777115822673,5707,11.689131203726703,82.54254770500258,70.85341650127587,3878,3527,4.240406518310846,5707,3.1364990362712457,5707,70.15945330296128,5707,4.152794813387069,5707,2.926230944454179,5707,7.114070439810758,5707,3.329244787103557,5707,0.8410723672682671,5707,1.5069213246889785,5707,0.4906255475731558,5707,2.9437532854389348,5707,0.45558086560364464,5707,41.036542160137664,9879,8.928029152748254,9879,5.668589938252859,9879,35.88419880554712,9879,29.385565340621522,9879,63.508452272497216,9879,99.2,9875,89.80253164556962,9875,86.1850101282917,7405,7.6455696202531644,9875,0.0810126582278481,9875,3.8306231583542507,9163,3.1648270787343633,1359,4.66690988690259,20.673076923076927,12688.0,,,36.34298693923907,3522,53.82509937535491,7.044645550527903,6630,50.62195781503515,7396,11.195240670632774,7396,1.6495402920497566,7396,8.166576527852893,7396,28.36668469442942,7396,0.3106009453072249,7405,86.36056718433491,7405,0.0,7405,0.0,7405,0.0675219446320054,7405,0.0,7405,0.0,7405,0.0,7405,0.0,7405,0.0,7405,,,,,,,,,,,,0,,0,,0,,0,,0,12.664907651715039,379,,26.270733012306046,9345,70.59390048154093,9345,78.76241405653171,9163,93.96067415730337,712,2.410126582278481,9875,6.862202545655783,1807,36.30252100840336,3570,36.61064425770308,3570,34.061624649859944,3570,12.969187675070028,3570,3570,2.7661064425770308,,,,0,0,0
020304,3880,1922,29.149484536082475,3880,56.675257731958766,3880,14.175257731958762,3880,38.68556701030928,3880,19.149484536082475,3880,31.0,34.20103092783505,101.87304890738814,1958,8.376288659793815,3880,19.45876288659794,3880,3.2731958762886597,3880,76.44383810823102,51.432469304229194,25.01136880400182,48.62953138815208,205.63636363636363,8.024917552216928,2729,12.336719883889696,1378,90.31674208144797,1105,96.69338677354709,998,50.467289719626166,107,25.825825825825827,333,12.94993793959454,2417,43.897393462970626,2417,35.788167149358706,2417,7.240380637153496,2417,43.028547786512206,2417,47.745138601572194,2417,8.709776878708348,12.336719883889696,3.626943005181347,1378,1351,-5.67030640348078,4.4298605414273995,10.10016694490818,1219,1198,-2.0093328529525225,6.282520325203252,8.291853178155774,984,1117,13.64551863041289,1986,70.69486404833837,1986,2.0644511581067473,1986,6.998992950654582,1986,0.1510574018126888,1986,0.2014098690835851,1986,13.796576032225579,1986,72.50821467688938,72.25264695144213,2739,2739,1986,0.35246727089627394,65.63176895306859,65.5595667870036,1385,1385,64.19939577039275,1986,16.062437059415913,1986,18.328298086606242,1986,13.910328535853125,79.54209748892171,65.63176895306859,1354,1385,6.042296072507553,1986,2.618328298086606,1986,62.99093655589124,1986,11.48036253776435,1986,4.481369587109769,1986,6.948640483383686,1986,2.366565961732125,1986,1.2588116817724069,1986,1.2084592145015105,1986,0.9566968781470292,1986,3.2225579053373616,1986,1.0574018126888218,1986,45.644329896907216,3880,7.860824742268041,3880,6.108247422680412,3880,38.608247422680414,3880,34.5360824742268,3880,60.33505154639175,3880,99.2248062015504,3870,86.8733850129199,3870,94.34100036509675,2739,9.58656330749354,3870,0.20671834625322996,3870,3.8363892806770097,3545,2.8640226628895182,706,4.284469096671949,15.384615384615385,5382.0,,,37.07692307692308,1300,53.86538461538461,6.38069594034797,2414,51.07703541438481,2739,8.178167214311793,2739,1.7524644030668126,2739,9.784592917123037,2739,29.207740051113547,2739,0.14603870025556773,2739,96.56809054399416,2739,0.0,2739,0.0,2739,0.0,2739,0.0,2739,0.0,2739,0.0,2739,0.0,2739,0.0,2739,,,,,,,,,,,,0,,0,,0,,0,,0,12.29946524064171,187,,23.622265300470783,3611,74.85461091110496,3611,74.69675599435826,3545,93.23076923076923,325,2.2997416020671833,3870,6.595995288574794,849,42.310577644411104,1333,33.30832708177044,1333,27.68192048012003,1333,9.377344336084022,1333,1333,2.903225806451613,,,,0,0,0
020305,3246,1604,27.572396796056687,3246,61.98398028342576,3246,10.44362292051756,3246,36.38324091189156,3246,15.157116451016636,3246,28.0,32.32409118915589,102.36907730673316,1642,8.687615526802219,3246,24.52248921749846,3246,2.92667898952557,3246,61.33200795228628,44.4831013916501,16.848906560636184,37.87709497206704,264.0117994100295,3.2618025751072963,2330,5.989583333333333,1152,85.79881656804734,845,89.79310344827586,725,39.42307692307692,104,28.14207650273224,366,5.3460620525059666,2095,41.71837708830549,2095,45.536992840095465,2095,6.968973747016706,2095,52.50596658711217,2095,58.99761336515513,2095,5.395355829088851,5.989583333333333,0.5942275042444821,1152,1178,-3.284131966851514,5.308880308880309,8.593012275731823,1036,1059,-1.678564670067467,6.93114406779661,8.609708737864077,944,1030,14.94910941475827,1572,55.979643765903305,1572,1.0178117048346056,1572,8.01526717557252,1572,0.2544529262086514,1572,0.06361323155216285,1572,15.20356234096692,1572,67.91808873720136,66.76621160409556,2344,2344,1592,1.6959798994974875,58.757549611734255,58.23986194995686,1159,1159,55.089058524173026,1572,13.104325699745548,1572,24.80916030534351,1572,18.120087519067432,76.87763713080169,58.757549611734255,1185,1159,4.262086513994911,1572,3.6259541984732824,1572,53.81679389312977,1572,6.1704834605597965,1572,6.933842239185751,1572,10.114503816793894,1572,6.552162849872774,1572,1.5267175572519085,1572,1.272264631043257,1572,1.5903307888040712,1572,1.5903307888040712,1572,1.0178117048346056,1572,46.79605668515096,3246,7.208872458410351,3246,4.990757855822551,3246,25.261860751694392,3246,25.662353666050524,3246,59.51940850277264,3246,99.41321803582458,3238,89.4070413835701,3238,77.94368600682594,2344,19.085855466337247,3238,0.339715873996294,3238,8.423545331529093,2956,2.9281867145421905,557,4.1,18.561422413793103,3712.0,,,42.3202614379085,1224,48.03186274509804,7.384467881112176,2086,42.448805460750854,2344,13.651877133105803,2344,1.493174061433447,2344,7.465870307167235,2344,34.94027303754266,2344,0.3839590443686007,2344,86.98805460750853,2344,0.0,2344,0.042662116040955635,2344,0.0,2344,0.0,2344,0.0,2344,0.0,2344,0.0,2344,0.0,2344,,,,,,,,,,,,0,,0,,0,,0,,0,4.861111111111111,144,,51.27272727272727,3025,47.33884297520661,3025,69.14749661705007,2956,96.80851063829788,282,2.285361334156887,3238,8.585055643879173,629,36.54301499605367,1267,22.65193370165746,1267,37.72691397000789,1267,9.155485398579321,1267,1267,2.5556432517758485,,,,0,0,0
020306,5069,2470,33.30045373840994,5069,62.319984217794435,5069,4.37956204379562,5069,47.03097257841783,5069,6.727165121325705,5069,20.0,25.297889130005917,105.22267206477733,2599,10.25843361609785,5069,31.97869402248964,5069,1.1836654172420595,5069,60.46217157328268,53.43463121240899,7.027540360873695,13.151658767772512,760.3603603603603,2.926246640788295,3349,4.513668150031786,1573,89.9822169531713,1687,91.43610013175231,1518,50.0,188,27.13903743315508,748,6.896551724137931,2755,21.306715063520873,2755,64.68239564428312,2755,6.932849364791289,2755,71.61524500907441,2755,76.62431941923775,2755,2.993397879761516,4.513668150031786,1.5202702702702702,1573,1776,-4.621373256960271,4.507257448433919,9.12863070539419,1309,1446,-1.5447883862047789,8.62127659574468,10.166064981949459,1175,1385,15.784908933217693,2306,49.00260190806591,2306,1.821335646140503,2306,2.862098872506505,2306,1.1274934952298352,2306,0.9540329575021682,2306,16.91240242844753,2306,69.15304606240713,67.93462109955424,3365,3365,2327,1.7619252256123765,62.6026531901453,61.59191408717625,1583,1583,52.211621856027755,2306,16.08846487424111,2306,25.845620121422375,2306,12.369288448463003,74.9719416386083,62.6026531901453,1782,1583,5.507372072853426,2306,3.5993061578490892,2306,49.2194275802255,2306,9.063313096270598,2306,7.025151777970511,2306,11.014744145706851,2306,4.900260190806591,2306,1.2142237640936686,2306,2.992194275802255,2306,1.4310494362532524,2306,3.5125758889852556,2306,0.8673026886383348,2306,67.13355691457882,5069,5.405405405405405,5069,3.274807654369698,5069,39.83034129019531,5069,19.09646873150523,5069,26.415466561451964,5069,98.81046788263284,5044,89.43298969072166,5044,81.3670133729569,3365,11.34020618556701,5044,0.753370340999207,5044,4.397790055248619,4525,2.586206896551724,841,3.2416427889207258,15.099970158161746,3351.0,,,31.173708920187792,1065,43.391549295774645,8.785454545454545,2750,42.13967310549777,3365,9.598811292719168,3365,2.109955423476969,3365,4.695393759286776,3365,41.45616641901932,3365,0.4160475482912333,3365,84.21991084695394,3365,0.0,3365,0.0,3365,0.029717682020802376,3365,0.0,3365,0.029717682020802376,3365,0.0,3365,0.0,3365,0.0,3365,,,,,,,,,,,,0,,0,,0,,0,,0,8.387096774193548,310,,31.40513706022016,4633,66.9328728685517,4633,70.65193370165746,4525,93.0635838150289,519,0.63441712926249,5044,5.747126436781609,1305,68.8539741219963,1082,17.097966728280962,1082,7.578558225508318,1082,1.9408502772643252,1082,1082,4.66173752310536,,,,0,0,0
020307,619,285,25.363489499192244,619,66.07431340872375,619,8.562197092084006,619,37.64135702746365,619,12.116316639741518,619,26.0,30.961227786752826,117.19298245614036,334,9.208400646203554,619,29.40226171243942,619,2.10016155088853,619,51.344743276283616,38.386308068459655,12.95843520782396,33.75796178343949,296.22641509433964,2.380952380952381,462,4.8076923076923075,208,85.71428571428571,147,96.03174603174604,126,25.0,16,26.53061224489796,98,6.127450980392157,408,27.69607843137255,408,59.068627450980394,408,6.862745098039215,408,65.93137254901961,408,73.52941176470588,408,4.4139915202907325,4.8076923076923075,0.3937007874015748,208,254,-1.9424512575197506,5.8201058201058204,7.762557077625571,189,219,-0.9906599041046533,8.374269005847953,9.364928909952607,171,211,13.47305389221557,334,62.5748502994012,334,5.9880239520958085,334,3.592814371257485,334,0.2994011976047904,334,0.8982035928143712,334,13.77245508982036,334,72.5108225108225,72.07792207792208,462,462,335,0.5970149253731343,62.5,62.5,208,208,48.50299401197605,334,20.059880239520957,334,27.54491017964072,334,18.20866141732283,80.70866141732283,62.5,254,208,2.9940119760479043,334,2.395209580838323,334,47.90419161676647,334,12.275449101796408,334,7.7844311377245505,334,14.67065868263473,334,2.095808383233533,334,4.790419161676646,334,0.5988023952095808,334,1.1976047904191616,334,1.4970059880239521,334,1.7964071856287425,334,78.51373182552504,619,2.4232633279483036,619,1.4539579967689822,619,28.75605815831987,619,8.239095315024233,619,33.60258481421648,619,99.51534733441034,619,86.59127625201938,619,86.14718614718615,462,7.431340872374798,619,0.9693053311793215,619,4.092526690391459,562,1.8709677419354838,124,2.377906976744186,15.02463054187192,406.0,,,35.932203389830505,295,43.52881355932203,8.336609336609337,407,42.20779220779221,462,12.337662337662337,462,1.0822510822510822,462,5.8441558441558445,462,38.52813852813853,462,0.0,462,90.25974025974025,462,0.0,462,0.0,462,0.0,462,0.0,462,0.0,462,0.0,462,0.0,462,0.0,462,,,,,,,,,,,,0,,0,,0,,0,,0,6.666666666666667,30,,19.78984238178634,571,74.78108581436076,571,73.48754448398577,562,96.49122807017544,57,0.9693053311793215,619,5.3097345132743365,113,29.0,300,16.0,300,47.333333333333336,300,8.333333333333334,300,300,2.0633333333333335,,,,0,0,0
020308,7289,3357,25.29839484154205,7289,59.32226642886541,7289,15.379338729592536,7289,33.43394155576897,7289,22.06063931952257,7289,35.0,36.52037316504322,117.12838844206136,3932,7.353546439840856,7289,18.94635752503773,7289,3.800246947455069,7289,68.57076780758557,42.64569842738205,25.925069380203514,60.79175704989154,164.49598572702945,9.60577456968351,5403,17.440912795436024,2454,86.83779355543419,1831,95.40880503144655,1590,38.46153846153846,221,30.64516129032258,558,14.431516636048173,4899,43.33537456623801,4899,36.966727903653805,4899,5.0418452745458255,4899,42.00857317819963,4899,47.234129414166155,4899,14.355121001607607,17.440912795436024,3.0857917938284163,2454,2949,-2.7124380819789553,3.5585585585585586,6.270996640537514,2220,2679,-1.873309721502915,5.945378151260504,7.8186878727634195,1666,2515,13.89207807118255,4355,64.13318025258324,4355,1.079219288174512,4355,7.1182548794489096,4355,0.36739380022962115,4355,0.2296211251435132,4355,14.25947187141217,4355,79.5404411764706,79.26470588235294,5440,5440,4327,0.3466605038132655,71.80936995153473,71.72859450726979,2476,2476,64.84500574052812,4355,11.366245694603904,4355,19.01262916188289,4355,14.189280520799954,85.99865047233469,71.80936995153473,2964,2476,3.8346727898966706,4355,2.571756601607348,4355,64.24799081515499,4355,5.648679678530425,4355,5.6716417910447765,4355,8.70264064293915,4355,4.225028702640643,4355,0.8495981630309989,4355,0.5970149253731343,4355,0.8495981630309989,4355,2.456946039035591,4355,0.48220436280137774,4355,38.386609960214024,7289,7.518178076553711,7289,4.417615585128275,7289,33.80436273837289,7289,20.9630950747702,7289,61.54479352448896,7289,99.28610653487095,7284,88.75617792421747,7284,87.57352941176471,5440,11.312465678198793,7284,0.08237232289950576,7284,7.202133965619443,6748,3.4385775862068964,928,5.284573140289566,23.407083847687783,10531.0,,,31.734583483591777,2773,54.32527948070682,6.043371522094926,4888,55.20794994479205,5434,8.373205741626794,5434,1.214574898785425,5434,9.31174089068826,5434,25.892528524107473,5434,0.3125,5440,92.07720588235294,5440,0.0,5440,0.0,5440,0.0,5440,0.0,5440,0.0,5440,0.0,5440,0.0,5440,0.0,5440,,,,,,,,,,,,0,,0,,0,,0,,0,6.985294117647059,272,,16.72716712647016,6887,79.36692318861623,6887,72.4510966212211,6748,94.02985074626865,536,5.628775398132894,7284,8.641975308641975,1377,34.20865862313698,2818,32.71823988644429,2818,35.73456352022711,2818,12.065294535131299,2818,2818,2.5848119233498936,,,,0,0,0
020401,11290,5667,24.517271922054917,11290,58.520814880425156,11290,16.96191319751993,11290,34.720992028343666,11290,22.843224092116916,11290,36.0,37.08051372896369,99.2235750838186,5623,6.99734278122232,11290,19.71656333038087,11290,4.1186891054030115,11290,70.87937036476464,41.89495989102467,28.984410473739974,69.18352601156069,144.54308093994777,16.542597187758478,8463,27.173407717340773,4302,85.62543192812716,2894,94.59241323648104,2478,39.88919667590028,361,37.4085684430512,957,22.998661311914326,7470,41.204819277108435,7470,29.089692101740294,7470,6.613119143239625,7470,35.70281124497992,7470,40.50870147255689,7470,21.621857609193693,27.173407717340773,5.55155010814708,4302,4161,-6.8138454177586905,3.304709862086911,10.118555279845602,3843,3627,-1.6300464555106577,6.097392013039935,7.727438468550592,2454,3291,8.746810320385597,7054,69.08137227105189,7054,1.0206974766090162,7054,5.514601644457046,7054,0.22682166146867025,7054,0.1559398922597108,7054,8.973631981854266,7054,82.20577871740663,82.00610758750294,8514,8514,6999,0.24289184169167025,78.48890942698706,78.39648798521257,4328,4328,76.43889991494187,7054,5.713070598242132,7054,14.998582364615821,7054,7.559824447833762,86.04873387482083,78.48890942698706,4186,4328,4.35214062943011,7054,2.6509781684150835,7054,76.32548908420755,7054,3.274737737453927,7054,2.3816274454210378,7054,5.99659767507797,7054,3.0337397221434648,7054,0.8931102920328892,7054,0.11341083073433512,7054,0.5670541536716757,7054,3.2180323220867595,7054,0.21264530762687836,7054,41.6563330380868,11290,9.052258635961028,11290,5.252435783879539,11290,36.34189548272808,11290,23.569530558015945,11290,56.811337466784764,11290,98.49317496897713,11282,86.40312001418188,11282,88.70096311956777,8514,9.909590498138629,11282,0.12409147314305974,11282,6.204727411361037,10492,3.325522482583914,1579,4.577328396468243,19.874765184721355,15970.0,,,41.76706827309237,4980,52.897590361445786,5.403055071686989,7463,51.66784120272492,8514,7.763683345078694,8514,1.7500587268029129,8514,10.418134836739489,8514,28.400281888653982,8514,0.2349072116513977,8514,87.03312191684284,8514,0.011745360582569885,8514,0.0,8514,0.02349072116513977,8514,0.0,8514,0.0,8514,0.0,8514,0.0,8514,0.0,8514,,,,,,,,,,,,0,,0,,0,,0,,0,7.824427480916031,524,,15.20478773143819,10694,83.44866280157098,10694,66.75562333206253,10492,90.88607594936708,790,3.2263783017195533,11282,9.288354898336413,2164,29.72007147111376,5037,32.459797498511016,5037,45.225332539209845,5037,16.140559857057774,5037,5037,2.2398252928330353,,,,0,0,0
020402,15665,7487,27.213533354612192,15665,59.4893073731248,15665,13.297159272263007,15665,37.618895627194384,15665,19.06160229811682,15665,30.0,34.13309926587935,109.22933084012288,8178,8.477497606128312,15665,21.474624960102137,15665,2.9428662623683373,15665,68.09743534714025,45.74525163644168,22.352183710698572,48.862303542106496,204.65674507921267,18.409151370045226,11277,30.01497005988024,5344,83.75682735692234,4211,94.41451658633399,3527,36.10586011342155,529,34.97304582210243,1484,27.297598540885602,9869,41.97993717701895,9869,25.808085925625697,9869,4.7218563177626915,9869,30.529942243388387,9869,35.16060391123721,9869,22.059466941727536,30.01497005988024,7.955503118152706,5344,5933,-3.726950411832372,2.7683134582623508,6.495263870094723,4696,5173,-1.2540239329518803,5.8309963099630995,7.08502024291498,2710,4446,7.779078429285942,9397,68.64956901138662,9397,0.808768755985953,9397,5.480472491220603,9397,0.3086091305735873,9397,0.18090880068106843,9397,8.08768755985953,9397,81.55263157894737,81.2719298245614,11400,11400,9297,0.34419705281273527,78.23116691285081,78.0834564254062,5416,5416,79.31254655741193,9397,6.842609343407471,9397,10.631052463552198,9397,6.327656616560958,84.55882352941177,78.23116691285081,5984,5416,2.8519740342662554,9397,2.1709056081728213,9397,78.88687879110354,9397,2.5965733744812174,9397,4.214110886453123,9397,4.756837288496329,9397,1.383420240502288,9397,0.585293178674045,9397,0.4256677663083963,9397,0.4256677663083963,9397,1.7133127593912951,9397,0.2979674364158774,9397,43.4471752314076,15665,6.830513884455793,15665,3.1854452601340566,15665,42.457708266836896,15665,19.8723268432812,15665,57.625279285030324,15665,98.42941965140777,15663,83.89197471748707,15663,85.87719298245614,11400,4.8202770861265405,15663,0.051075783694056055,15663,3.4461109173351936,14335,3.3636363636363638,2101,4.61437908496732,20.88757708322353,18973.0,,,37.414135246527245,6551,49.66966875286216,4.794619289340101,9850,49.292307692307695,11375,9.142857142857142,11375,1.2395604395604396,11375,8.087912087912088,11375,32.23736263736264,11375,0.38596491228070173,11400,84.5,11400,0.0,11400,0.0,11400,0.043859649122807015,11400,0.0,11400,0.0,11400,0.0,11400,0.0,11400,0.0,11400,,,,,,,,,,,,0,,0,,0,,0,,0,9.733333333333333,750,,8.667758667758667,14652,89.33933933933933,14652,68.30136030694105,14335,92.92168674698796,1328,1.9728021451829152,15663,11.642078255291853,3118,33.7890625,6656,26.7578125,6656,42.36778846153846,6656,11.853966346153847,6656,6656,2.353215144230769,,,,0,0,0
020403,14589,7010,25.97162245527452,14589,60.621015833847416,14589,13.407361710878059,14589,36.27390499691548,14589,19.117143052985124,14589,31.0,34.53327849749812,108.1169757489301,7579,8.890259784769347,14589,22.201658784015354,14589,3.009116457605045,14589,64.95929443690638,42.84260515603799,22.116689280868385,51.62311955661124,193.7116564417178,13.50898426589703,10741,23.043818466353677,5112,86.88796680497926,3615,89.68481375358166,3141,46.20390455531454,461,29.1994750656168,1524,20.163831127914303,9522,39.708044528460405,9522,33.28082335643772,9522,6.469229153539173,9522,39.750052509976896,9522,44.91703423650494,9522,18.193933939794785,23.043818466353677,4.849884526558891,5112,5629,-4.634277198738527,4.055238930293731,8.689516129032258,4562,4960,-1.7325092384774088,6.304404996712689,8.036914235190098,3042,4524,8.265438658637384,8469,67.32790175935766,8469,1.4169323414806942,8469,3.4242531585783444,8469,0.21253985122210414,8469,1.0626992561105206,8469,8.477978509859488,8469,78.03093451884783,77.73455589515606,10797,10797,8425,0.3798219584569733,73.30219887137575,73.20490367775832,5139,5139,75.8531113472665,8469,8.088322115952296,8469,12.764198842838589,8469,9.023711344248142,82.32591021562389,73.30219887137575,5658,5139,3.2235210768685794,8469,1.794780965875546,8469,74.164600307002,8469,4.274412563466761,8469,3.8021017829731965,8469,5.419766206163656,8469,2.14901405124572,8469,0.5667729365922777,8469,1.688511040264494,8469,0.9328137914747904,8469,1.9482819695359546,8469,0.4486952414688865,8469,56.27527589279594,14589,9.274110631297553,14589,4.784426622797999,14589,36.7811364726849,14589,33.655493865240935,14589,48.70793063266845,14589,98.62872814535481,14585,83.09907439149812,14585,89.51560618690377,10797,8.570449091532396,14585,0.10284538909838875,14585,5.94521372667068,13288,3.0574162679425836,2090,4.28009828009828,17.791375627778095,17323.0,,,34.91079812206573,5325,51.93408450704225,5.845561880666245,9486,47.758013711321105,10794,10.468778951269224,10794,1.4915693904020753,10794,8.597368908652955,10794,31.684269038354643,10794,0.42604427155691393,10797,92.40529776789849,10797,0.018523663980735388,10797,0.0,10797,0.018523663980735388,10797,0.018523663980735388,10797,0.027785495971103084,10797,0.0,10797,0.009261831990367694,10797,0.0,10797,,,,,,,,,,,,0,,0,,0,,0,,0,11.26126126126126,666,,16.766114180478823,13575,81.61325966850829,13575,73.21643588199879,13288,92.98380878951427,1297,2.0774768597874527,14585,8.89218228973694,2699,35.78713146671611,5393,29.686630817726684,5393,35.6944186908956,5393,10.272575560912294,5393,5393,2.70443167068422,,,,0,0,0
020404,5342,2632,27.761138150505428,5342,59.69674279296144,5342,12.542119056533133,5342,38.80569075252714,5342,17.57768625982778,5342,28.0,33.29689254960689,102.96352583586626,2710,7.824784724822164,5342,23.54923249719206,5342,2.508423811306627,5342,67.51332706177485,46.50360614612731,21.009720915647538,45.17869184086312,221.34328358208955,18.616881409413622,3803,30.341207349081365,1905,84.67251856853477,1481,89.63317384370016,1254,25.149700598802394,167,47.42951907131012,603,27.81316348195329,3297,41.97755535335153,3297,27.145890203215043,3297,2.911737943585077,3297,30.05762814680012,3297,36.24507127691841,3297,23.491892280588214,30.341207349081365,6.8493150684931505,1905,1898,-3.5520275904502068,1.1459589867310012,4.697986577181208,1658,1639,-0.9378947368421056,5.910526315789474,6.848421052631579,950,1425,5.3133948456888325,3143,55.17021953547566,3143,1.2090359529112313,3143,7.731466751511295,3143,0.1590836780146357,3143,0.19090041361756283,3143,5.472478523703468,3143,80.54474708171206,80.0,3855,3855,3105,0.6763285024154589,77.97927461139896,77.8238341968912,1930,1930,83.64619790009544,3143,6.045179764556156,3143,7.158765510658607,3143,5.1376085054841525,83.11688311688312,77.97927461139896,1925,1930,1.4953865733375755,3143,1.55902004454343,3143,83.48711422208082,3143,3.34075723830735,3143,2.704422526248807,3143,3.372573973910277,3143,0.922685332484887,3143,0.44543429844098,3143,0.1590836780146357,3143,0.2545338848234171,3143,0.6681514476614699,3143,0.22271714922049,3143,39.12392362411082,5342,8.14301759640584,5342,3.032572070385623,5342,46.27480344440284,5342,8.985398727068514,5342,40.64020965930363,5342,97.7894342450356,5338,80.9666541775946,5338,80.83009079118028,3855,2.5103034844511054,5338,0.11240164855751218,5338,1.910569105691057,4920,3.904255319148936,658,5.38134328358209,21.950877192982453,7125.0,,,39.25818882466281,2076,49.472061657032754,4.668590522478737,3292,53.36625942292696,3847,6.290616064465818,3847,0.7018455939693268,3847,7.798284377436964,3847,31.842994541200937,3847,0.07782101167315175,3855,92.19195849546044,3855,0.0,3855,0.0,3855,0.0,3855,0.0,3855,0.0,3855,0.0,3855,0.0,3855,0.0,3855,,,,,,,,,,,,0,,0,,0,,0,,0,6.8728522336769755,291,,4.922279792746114,5018,93.4037465125548,5018,61.707317073170735,4920,86.60287081339713,418,1.6298239040839266,5338,9.608540925266905,1124,35.575556608242536,2111,26.859308384651825,2111,40.40738986262435,2111,10.990052108005685,2111,2111,2.5286594031264804,,,,0,0,0
020405,7186,3637,22.362927915391037,7186,61.56415251878653,7186,16.07291956582243,7186,31.241302532702477,7186,23.51795157250209,7186,38.0,37.99220706930142,97.58042342590046,3549,6.498747564709157,7186,20.09462844419705,7186,3.7990537155580295,7186,62.43218806509946,36.324593128390596,26.10759493670886,71.87305538270068,139.13419913419912,17.01476413395751,5554,28.551286570320762,2837,92.55643685173887,1639,87.2775214238629,1517,58.79120879120879,182,38.41059602649007,604,25.4749050189962,5001,33.993201359728054,5001,31.05378924215157,5001,9.118176364727054,5001,40.17196560687862,5001,44.13117376524695,5001,23.58257107528948,28.551286570320762,4.968715495031285,2837,2717,-9.540117745789614,4.497867390461419,14.037985136251033,2579,2422,-1.8669269567769655,6.752142386288727,8.619069343065693,1517,2192,11.07002542177028,4327,66.25837762884215,4327,1.2710885139819736,4327,5.176796856944765,4327,0.16177490177952392,4327,0.6008782066096603,4327,11.231800323549804,4327,77.40720817643894,76.88721534875381,5577,5577,4317,0.6717627982395182,73.14165497896214,72.72089761570828,2852,2852,70.97296048070257,4327,8.643401895077421,4327,17.98012479778137,4327,8.729904654065379,81.87155963302752,73.14165497896214,2725,2852,6.355442569909869,4327,2.2879593251675527,4327,70.85740697943147,4327,4.206147446267622,4327,4.367922348047146,4327,7.64964178414606,4327,2.0337416223711577,4327,0.7626531083891842,4327,0.11555350127108852,4327,0.48532470533857175,4327,4.714582851860412,4327,0.32354980355904783,4327,57.890342332312834,7186,13.595880879487893,7186,7.946006123016978,7186,42.137489563039246,7186,40.161424993042026,7186,55.59421096576677,7186,98.71937639198218,7184,89.26781737193764,7184,91.23184507799893,5577,12.458240534521158,7184,0.26447661469933187,7184,6.43144260830728,6717,2.9366336633663366,1010,4.449758666081615,22.328848436881678,10108.0,,,39.40298507462686,3015,53.17611940298507,5.824001605458559,4983,56.98905436928046,5573,6.4058855194688675,5573,1.5790418087206173,5573,8.810335546384353,5573,26.215682756145704,5573,0.2331002331002331,5577,96.80831988524297,5577,0.017930787161556393,5577,0.017930787161556393,5577,0.03586157432311279,5577,0.0,5577,0.0,5577,0.0,5577,0.0,5577,0.0,5577,,,,,,,,,,,,0,,0,,0,,0,,0,5.901639344262295,305,,11.251283555816341,6817,87.19378025524425,6817,66.07116272145304,6717,89.72162740899357,467,3.660913140311804,7184,6.067961165048544,1236,29.15844838921762,3042,30.76923076923077,3042,43.0637738330046,3042,13.576594345825114,3042,3042,2.361604207758054,,,,0,0,0
020501,11473,5518,28.388390133356577,11473,60.237078357883725,11473,11.374531508759697,11473,40.23359191144426,11473,15.880763531770244,11473,26.0,31.88503442865859,107.91953606379123,5955,8.96888346552776,11473,25.390046195415323,11473,2.5625381330079318,11473,66.01070756764578,47.12776732744899,18.88294024019679,40.06754682222905,249.5785440613027,12.870801667075263,8158,20.158002038735983,3924,85.63484708063021,3237,83.69408369408369,2772,43.50132625994695,377,33.45780433159074,1339,18.572448251249106,7005,42.312633832976445,7005,33.57601713062098,7005,5.310492505353319,7005,38.886509635974306,7005,44.75374732334047,7005,14.040855132736928,20.158002038735983,6.117146905999055,3924,4234,-3.1992481835815285,3.632542779945962,6.8317909635274905,3331,3674,-1.2436472354387842,6.3612984822934235,7.604945717732208,2372,3316,7.619760479041916,6680,67.91916167664671,6680,0.8532934131736527,6680,5.658682634730539,6680,0.4341317365269461,6680,0.1347305389221557,6680,8.053892215568862,6680,80.27293773607896,80.07798221030828,8207,8207,6588,0.24286581663630843,74.93043258284847,74.80394636984569,3953,3953,80.02994011976048,6680,5.718562874251497,6680,9.446107784431138,6680,10.30699101846794,85.23742360131641,74.93043258284847,4254,3953,3.8922155688622753,6680,1.901197604790419,6680,79.62574850299401,6680,2.2604790419161676,6680,3.42814371257485,6680,3.3682634730538923,6680,1.0029940119760479,6680,0.4491017964071856,6680,0.4041916167664671,6680,0.4940119760479042,6680,2.1407185628742513,6680,0.5239520958083832,6680,68.59583369650484,11473,8.123420203957117,11473,3.538743136058572,11473,36.96504837444435,11473,24.239518870391354,11473,54.327551642987885,11473,97.94992584838175,11463,79.65628544011166,11463,85.07371755818204,8207,9.299485300532147,11463,0.043618598970601066,11463,4.159080019166267,10435,3.234891676168757,1754,4.2691924227318045,19.806649375147366,12723.0,,,35.101204201895975,3903,48.7289264668204,5.755902131921591,6989,44.54467877605754,8203,11.751798122638059,8203,1.5238327441180055,8203,6.997439960989881,8203,35.182250396196515,8203,17.80187644693554,8207,72.13354453515292,8207,0.0,8207,0.0,8207,0.0,8207,0.0,8207,0.0,8207,0.0,8207,0.0,8207,0.0,8207,,,,,,,,,,,,0,,0,,0,,0,,0,10.650887573964496,676,,10.359051279647511,10667,86.19105652948345,10667,71.78725443219933,10435,88.91050583657588,1028,2.0762453110006107,11463,11.291632818846466,2462,43.707267662699415,3949,27.500633071663714,3949,29.627753861737148,3949,8.407191694099772,3949,3949,2.9027601924537856,,,,0,0,0
020502,8410,4026,32.54458977407848,8410,58.03804994054697,8410,9.417360285374555,8410,44.76813317479191,8410,12.865636147443519,8410,23.0,29.275743162901307,108.89220069547939,4384,10.594530321046374,8410,25.766944114149823,8410,2.330558858501784,8410,72.30075804138497,56.07457488219627,16.22618315918869,28.936792108147607,345.5808080808081,20.54551895147007,5646,30.434782608695652,2668,83.11195445920303,2635,79.54337899543378,2190,33.225806451612904,310,39.66535433070866,1016,30.012557555462536,4778,37.777312683131015,4778,26.098786102971953,4778,5.818334030975303,4778,31.917120133947257,4778,36.542486395981584,4778,18.749087511314862,30.434782608695652,11.685695097380792,2668,2978,-3.8113972793645576,3.822495606326889,7.633892885691447,2276,2502,-1.229689439999329,6.327599687255669,7.557289127254998,1279,2051,8.177720540888602,4659,61.601201974672676,4659,1.1375831723545826,4659,7.598197037990985,4659,0.25756600128783,4659,0.9658725048293625,4659,8.435286542176433,4659,80.7936507936508,80.63492063492063,5670,5670,4581,0.19646365422396855,75.54975773387999,75.40067089079389,2683,2683,84.07383558703584,4659,4.786434857265507,4659,7.941618373041425,4659,9.954092282859222,85.50385001673921,75.54975773387999,2987,2683,3.3268941833011376,4659,1.9102811762180725,4659,81.75574157544537,4659,2.14638334406525,4659,2.5971238463189525,4659,2.4039493453530802,4659,0.6224511697789226,4659,0.5795235028976176,4659,2.3180940115904702,4659,0.6224511697789226,4659,2.1249195106245975,4659,0.4936681691350075,4659,75.57669441141498,8410,4.887039239001189,8410,2.2829964328180736,8410,34.89892984542212,8410,9.334126040428062,8410,36.789536266349586,8410,96.8835494230998,8407,75.52039966694421,8407,86.63139329805996,5670,10.455572737004877,8407,0.05947424765076722,8407,3.432676955827568,7516,3.6506024096385543,1328,4.500941619585688,21.52005038841066,9526.0,,,33.87215282880235,2722,46.36958119030125,4.93975650713686,4764,43.42221437400671,5663,11.760550944728942,5663,1.342044852551651,5663,5.120960621578669,5663,38.354229207134026,5663,54.14462081128748,5670,37.795414462081126,5670,0.0,5670,0.0,5670,0.0,5670,0.0,5670,0.0,5670,0.0,5670,0.0,5670,0.0,5670,,,,,,,,,,,,0,,0,,0,,0,,0,9.010989010989011,455,,6.675341574495771,7685,91.73715029277814,7685,68.97285790313997,7516,84.28731762065095,891,1.391697395027953,8407,13.952308472856418,1971,49.16907514450867,2768,23.807803468208093,2768,27.854046242774565,2768,8.164739884393063,2768,2768,3.0372109826589595,,,,0,0,0
020503,5495,2555,32.1565059144677,5495,60.2729754322111,5495,7.570518653321201,5495,44.240218380345766,5495,11.010009099181074,5495,23.0,28.550682438580527,115.06849315068493,2940,11.028207461328481,5495,26.551410373066425,5495,1.910828025477707,5495,65.91183574879227,53.35144927536232,12.560386473429952,23.54272778720996,424.75961538461536,15.205627705627705,3696,25.37855844942459,1651,80.56052474657126,1677,94.74463360473723,1351,24.102564102564102,195,26.88821752265861,662,22.615629984051036,3135,40.92503987240829,3135,32.503987240829346,3135,3.8596491228070176,3135,36.36363636363637,3135,41.75438596491228,3135,18.385893412749773,25.37855844942459,6.992665036674817,1651,2045,-1.9640836813198113,2.775800711743772,4.7398843930635834,1405,1730,-0.9813458586982273,6.301587301587301,7.282933160285529,882,1541,8.79765395894428,2728,64.18621700879766,2728,6.744868035190616,2728,2.4926686217008798,2728,0.47653958944281527,2728,2.089442815249267,2728,9.274193548387096,2728,72.7589908749329,72.38325281803543,3726,3726,2711,0.5164146071560309,63.069544364508396,62.76978417266187,1668,1668,81.89149560117302,2728,4.36217008797654,2728,8.834310850439882,2728,17.54270053345079,80.61224489795919,63.069544364508396,2058,1668,2.6759530791788855,2728,1.9428152492668622,2728,63.52639296187683,2728,1.5395894428152492,2728,2.7859237536656893,2728,3.4457478005865103,2728,0.7331378299120235,2728,1.3563049853372433,2728,18.365102639296186,2728,0.18328445747800587,2728,1.3563049853372433,2728,0.4398826979472141,2728,72.64786169244768,5495,8.225659690627843,5495,4.713375796178344,5495,39.78161965423112,5495,32.37488626023658,5495,52.047315741583255,5495,97.68754552075747,5492,69.06409322651129,5492,81.8840579710145,3726,26.74799708667152,5492,0.03641660597232338,5492,8.26683036627788,4887,3.3892543859649122,912,4.312359550561798,19.507079181961196,5721.0,,,31.07255520504732,1902,44.61356466876972,5.351532567049809,3132,41.54589371980676,3726,18.276972624798713,3726,2.0933977455716586,3726,5.689747718733226,3726,32.39398819108964,3726,67.4718196457327,3726,13.231347289318304,3726,0.0,3726,0.0,3726,0.026838432635534086,3726,0.0,3726,0.0,3726,0.0,3726,0.0,3726,0.0,3726,,,,,,,,,,,,0,,0,,0,,0,,0,16.49484536082474,291,,14.471057884231536,5010,82.39520958083833,5010,73.72621240024554,4887,90.08264462809917,605,3.095411507647487,5492,12.40126382306477,1266,45.09405185561769,1967,18.657854600915098,1967,35.79054397559736,1967,6.9649211997966445,1967,1967,2.7920691408235894,,,,0,0,0
020601,23512,11357,28.73001020755359,23512,62.00238176250425,23512,9.267608029942156,23512,38.58455256890099,23512,13.078428036747193,23512,26.0,30.62517012589316,107.02650347803117,12155,9.595100374276965,23512,26.093058863559033,23512,2.1435862538278325,23512,61.28412676636027,46.336946083138976,14.947180683221292,32.25758697261288,310.00458926112896,10.286333012512031,16624,16.038210155857215,7956,83.66789786414003,6227,89.07869481765835,5210,36.737400530503976,754,20.998336106489184,3005,14.578665037006859,14727,39.81123107218035,14727,38.724791199837036,14727,6.735927208528553,14727,45.46071840836559,14727,51.09662524614653,14727,11.031288143859062,16.038210155857215,5.006922011998154,7956,8668,-2.2391371533258795,5.565044121833191,7.8041812751590705,7026,7701,-1.1576646436795315,6.911543402459166,8.069208046138698,5449,7109,13.068716661437088,12748,65.72011295889551,12748,3.3809224976466896,12748,2.5180420458111077,12748,0.5177282711013492,12748,1.2707875745214936,12748,13.586444932538438,12748,75.7168458781362,75.33452807646356,16740,16740,12675,0.504930966469428,65.69324847123424,65.44365406214901,8013,8013,76.41198619391277,12748,5.27925949168497,12748,14.88860997803577,12748,19.227113623414553,84.9203620946488,65.69324847123424,8727,8013,3.1534358330718546,12748,2.4709758393473487,12748,61.85283966112331,12748,2.1101349231251962,12748,3.129902729839975,12748,6.777533730781299,12748,2.737684342641983,12748,1.537496077816128,12748,14.559146532789457,12748,0.3137747097583935,12748,1.113900219642297,12748,0.5177282711013492,12748,58.20006805035727,23512,7.715209254848588,23512,5.533344675059544,23512,23.23919700578428,23512,41.79567880231371,23512,47.72881932630146,23512,98.27615561419937,23494,82.71899208308504,23494,85.14934289127838,16740,16.00408614965523,23494,0.17025623563463013,23494,6.709355431046659,21239,2.7383956200904547,4201,3.7384568185304494,18.67927645163955,24214.0,,,36.48493213710605,8694,45.65102369450196,6.451207072424346,14705,41.75837320574163,16720,16.967703349282296,16720,2.2188995215311005,16720,6.830143540669856,16720,32.22488038277512,16720,1.027479091995221,16740,83.78733572281959,16740,0.011947431302270013,16740,0.0,16740,0.08960573476702509,16740,0.005973715651135006,16740,0.005973715651135006,16740,0.0,16740,0.0,16740,0.005973715651135006,16740,,,,,,,,,,,,0,,0,,0,,0,,0,16.75485008818342,1134,,27.08131766873992,21705,70.39852568532596,21705,70.0550873393286,21239,88.73614190687361,2255,2.294202775176641,23494,9.782135076252723,4590,41.47997284453496,8838,20.977596741344197,8838,35.030549898167,8838,7.875084860828242,8838,8838,2.658293731613487,,,,0,0,0
020602,14788,6717,30.99134433324317,14788,63.78820665404382,14788,5.2204490127130105,14788,41.979983770624834,14788,7.844197998377062,14788,24.0,27.442859074925614,120.15780854548161,8071,10.975114958074114,14788,28.90181228022721,14788,0.9602380308358128,14788,56.768790416622494,48.584755645075795,8.184034771546697,16.844861444468687,593.6528497409327,4.136011135414595,10058,6.611759322809426,4371,81.77387914230019,4104,84.11799761620978,3356,35.714285714285715,560,18.442427138079314,2093,6.142645887839836,8791,36.059606415652375,8791,49.254919804345356,8791,8.29257194858378,8791,57.54749175292913,8791,63.96314412467296,8791,4.378595967789204,6.611759322809426,2.2331633550202215,4371,5687,-1.9633974022534435,7.178543255324744,9.141940657578187,3803,4988,-0.8776585769935608,7.734169827837759,8.61182840483132,3427,4802,19.45216355696705,7557,57.88011115522033,7557,3.294958316792378,7557,2.659785629217944,7557,0.29112081513828236,7557,3.440518724361519,7557,19.743284372105332,7557,73.65322343244038,73.19203218526151,10191,10191,7506,0.6261657340794031,59.972954699121026,59.7025016903313,4437,4437,61.836707688236075,7557,6.960434034669842,7557,26.67725287812624,7557,24.229339357187634,84.20229405630866,59.972954699121026,5754,4437,5.928278417361387,7557,2.2760354638083897,7557,40.35993118962551,7557,3.546380838957258,7557,3.3214238454413127,7557,11.56543601958449,7557,4.075691411935954,7557,3.9433637686912797,7557,21.47677649861056,7557,1.4291385470424771,7557,2.2363371708349873,7557,0.6351726875744343,7557,70.57749526643224,14788,6.985393562347849,14788,7.492561536380849,14788,19.995942656207735,14788,42.53448742223424,14788,41.635109548282394,14788,97.1095918229202,14773,78.04102078115481,14773,71.29820429790992,10191,38.53651932579706,14773,0.29784065524944153,14773,15.147137099840316,13151,2.8712038053421147,2733,3.6626973137635006,16.660318427668162,13127.0,,,28.448646325741297,4654,42.26149548775247,7.730870110616946,8769,24.87204724409449,10160,30.787401574803148,10160,3.188976377952756,10160,4.192913385826771,10160,36.95866141732284,10160,7.26130899813561,10191,30.4386223138063,10191,0.08831321754489255,10191,0.02943773918163085,10191,0.2551270729074674,10191,0.02943773918163085,10191,0.04906289863605142,10191,0.009812579727210283,10191,0.0,10191,0.04906289863605142,10191,,,,,,,,,,,,0,,0,,0,,0,,0,18.653576437587656,713,,72.35778387599198,13483,25.11310539197508,13483,37.17588016120447,13151,82.73736128236744,1622,3.6756244500101536,14773,9.539918809201623,2956,48.34450963956412,4772,13.725901089689858,4772,28.730092204526404,4772,4.253981559094719,4772,4772,3.095766974015088,,,,0,0,0
020603,8182,3714,29.882669274016134,8182,64.62967489611341,8182,5.487655829870447,8182,40.369102908824246,8182,7.846492300171107,8182,24.0,27.846125641652407,120.30156165858912,4468,10.86531410413102,8182,29.30823759472012,8182,1.5032999266682963,8182,54.72768532526475,46.23676248108926,8.490922844175492,18.3640081799591,544.543429844098,8.093398876404494,5696,12.171837708830548,2514,83.42541436464089,2172,92.66004415011038,1812,44.48160535117057,299,18.181818181818183,1166,11.79169992019154,5012,35.594573024740626,5012,46.02952913008779,5012,6.324820430965683,5012,52.354349561053475,5012,58.22027134876297,5012,7.300687488843119,12.171837708830548,4.871150219987429,2514,3182,-1.686723953824723,5.382180009045681,7.068903962870404,2211,2801,-1.1574570407844718,7.296559257236483,8.454016298020955,1831,2577,17.29608938547486,4475,57.675977653631286,4475,4.893854748603352,4475,3.8435754189944134,4475,0.2681564245810056,4475,3.82122905027933,4475,17.564245810055866,4475,77.53357753357753,77.04517704517704,5733,5733,4445,0.6299212598425197,63.783570300157976,63.34913112164297,2532,2532,78.77094972067039,4475,3.35195530726257,4475,13.564245810055866,4475,24.62630161486858,88.40987191502656,63.783570300157976,3201,2532,3.553072625698324,4475,2.3240223463687153,4475,56.134078212290504,4475,1.1620111731843576,4475,2.1675977653631286,4475,6.88268156424581,4475,1.6312849162011174,4475,1.452513966480447,4475,22.636871508379887,4475,0.37988826815642457,4475,1.6312849162011174,4475,0.49162011173184356,4475,75.45832314837448,8182,5.230994866780738,8182,6.465411879736006,8182,21.046198973356148,8182,31.055976533854803,8182,47.88560254216573,8182,97.43213499633163,8178,81.65810711665443,8178,76.05093319379034,5733,27.80630961115187,8178,0.09782342871117633,8178,11.565372479078063,7289,2.7065508021390374,1496,3.4752128192288434,16.008708272859216,6890.0,,,35.217983651226156,2936,40.60183923705722,7.0266053210642125,4999,34.322625698324025,5728,23.376396648044693,5728,2.147346368715084,5728,4.277234636871508,5728,35.87639664804469,5728,7.134135705564277,5733,68.69004011861155,5733,0.052328623757195186,5733,0.0,5733,0.15698587127158556,5733,0.0,5733,0.017442874585731728,5733,0.017442874585731728,5733,0.0,5733,0.0,5733,,,,,,,,,,,,0,,0,,0,,0,,0,16.452442159383033,389,,43.18394648829432,7475,52.78929765886288,7475,63.835917135409524,7289,83.91451068616423,889,2.702372218146246,8178,9.906542056074766,1605,43.80952380952381,3045,12.610837438423646,3045,36.1576354679803,3045,4.433497536945813,3045,3045,2.6857142857142855,,,,0,0,0
020604,2684,1282,30.663189269746645,2684,60.581222056631894,2684,8.75558867362146,2684,43.032786885245905,2684,13.152011922503727,2684,24.0,29.801043219076007,109.3603744149766,1402,9.985096870342772,2684,25.59612518628912,2684,1.6766020864381521,2684,65.06765067650676,50.615006150061504,14.452644526445264,28.554070473876063,350.21276595744683,11.621621621621621,1850,17.04035874439462,892,85.76687116564418,815,95.13590844062946,699,40.59405940594059,101,28.703703703703702,324,19.897959183673468,1568,44.13265306122449,1568,28.8265306122449,1568,7.079081632653061,1568,35.90561224489796,1568,42.21938775510204,1568,10.464158326858087,17.04035874439462,6.576200417536534,892,958,-1.557294213528932,6.266666666666667,7.823960880195599,750,818,-0.771811404392504,6.642857142857143,7.414668547249647,546,709,11.055900621118013,1610,54.6583850931677,1610,2.422360248447205,1610,10.496894409937887,1610,0.3105590062111801,1610,2.298136645962733,1610,11.366459627329192,1610,84.79312197743148,84.79312197743148,1861,1861,1578,0.0,79.93311036789298,79.93311036789298,897,897,78.38509316770187,1610,4.3478260869565215,1610,13.29192546583851,1610,9.382242329202455,89.31535269709543,79.93311036789298,964,897,3.540372670807453,1610,2.422360248447205,1610,71.61490683229813,1610,1.3043478260869565,1610,3.0434782608695654,1610,6.832298136645963,1610,1.1180124223602483,1610,1.2422360248447204,1610,6.770186335403727,1610,0.37267080745341613,1610,1.6149068322981366,1610,0.6211180124223602,1610,71.3859910581222,2684,13.561847988077496,2684,7.339791356184799,2684,30.588673621460508,2684,51.378539493293594,2684,47.28017883755589,2684,97.7645305514158,2684,80.25335320417288,2684,83.87963460505105,1861,16.28166915052161,2684,0.037257824143070044,2684,10.885761589403973,2416,3.0872340425531917,470,4.05524861878453,18.87246476452389,2909.0,,,40.71566731141199,1034,45.112185686653774,5.663050414805361,1567,39.21463152232383,1859,13.179128563743948,1859,1.506186121570737,1859,6.562668101129639,1859,39.53738569123185,1859,0.6985491671144546,1861,80.22568511552929,1861,0.0,1861,0.0,1861,0.21493820526598603,1861,0.0,1861,0.0,1861,0.0,1861,0.0,1861,0.0,1861,,,,,,,,,,,,0,,0,,0,,0,,0,14.024390243902438,164,,23.380281690140844,2485,75.29175050301811,2485,70.81953642384106,2416,89.17910447761194,268,5.663189269746646,2684,10.447761194029852,603,45.04249291784703,1059,19.07459867799811,1059,35.316336166194525,1059,6.798866855524079,1059,1059,2.534466477809254,,,,0,0,0
020605,3731,1800,22.299651567944252,3731,65.55883141248995,3731,12.1415170195658,3731,32.270168855534706,3731,17.555615116590726,3731,31.0,34.60734387563656,107.27777777777777,1931,6.298579469311177,3731,25.596354864647548,3731,2.573036719378183,3731,52.53475061324612,34.01471790678659,18.520032706459524,54.44711538461539,183.6644591611479,12.984764542936288,2888,20.845272206303726,1396,89.46772366930918,883,87.46835443037975,790,38.27160493827161,81,29.71014492753623,414,18.58475894245723,2572,35.69206842923795,2572,37.636080870917574,2572,7.9315707620528775,2572,45.56765163297045,2572,50.233281493001556,2572,15.21524539665225,20.845272206303726,5.630026809651475,1396,1492,-4.9546179751070705,5.377207062600321,10.331825037707391,1246,1326,-1.4886533226341099,7.102708803611738,8.591362126245848,886,1204,8.364859184531316,2379,72.6775956284153,2379,0.8827238335435057,2379,7.103825136612022,2379,0.2101723413198823,2379,0.25220680958385877,2379,8.575031525851198,2379,81.26940324249742,81.13142462918248,2899,2899,2356,0.1697792869269949,76.5379113018598,76.46638054363376,1398,1398,79.48717948717949,2379,6.431273644388399,2379,11.601513240857503,2379,9.138304554236143,85.67621585609594,76.5379113018598,1501,1398,3.951240016813787,2379,1.7234131988230348,2379,78.47835224884405,2379,3.32072299285414,2379,3.110550651534258,2379,5.002101723413199,2379,1.3451029844472469,2379,0.46237915090374104,2379,1.008827238335435,2379,0.6725514922236234,2379,2.269861286254729,2379,0.7145859604875998,2379,61.59206647011525,3731,9.032430983650496,3731,3.3235057625301527,3731,24.443848834092737,3731,25.3819351380327,3731,55.18627713749665,3731,98.98150629857948,3731,87.40284106137764,3731,89.20317350810625,2899,6.432591798445457,3731,0.08040739748056822,3731,2.145308924485126,3496,2.496217851739788,661,3.7844155844155845,21.7451205510907,4355.0,,,31.180625630676087,991,53.96165489404642,6.4587227414330215,2568,45.60193170058641,2899,7.41635046567782,2899,1.7937219730941705,2899,6.726457399103139,2899,38.46153846153846,2899,0.20696791997240427,2899,94.20489824077268,2899,0.0,2899,0.0,2899,0.0,2899,0.0,2899,0.0,2899,0.0,2899,0.0,2899,0.0,2899,,,,,,,,,,,,0,,0,,0,,0,,0,5.747126436781609,174,,7.800619543790481,3551,91.29822585187271,3551,75.51487414187643,3496,94.04255319148936,235,0.8308764406325382,3731,11.436950146627566,682,42.55952380952381,1008,35.11904761904762,1008,23.80952380952381,1008,7.837301587301587,1008,1008,3.701388888888889,,,,0,0,0
020606,9985,4649,32.058087130696045,9985,63.92588883324987,9985,4.016024036054081,9985,42.43365047571357,9985,6.259389083625438,9985,24.0,27.03825738607912,114.77737147773715,5336,11.086629944917377,9985,27.611417125688533,9985,0.7010515773660491,9985,56.4311452295159,50.14883283722388,6.282312392292026,12.527335207747578,798.2543640897755,3.1085748610902537,6659,4.846103470857892,3054,86.69600541638457,2954,96.01718078875439,2561,52.88461538461539,416,18.181818181818183,1254,5.753048256912245,5823,31.87360467113172,5823,52.825004293319594,5823,8.998797870513481,5823,61.82380216383308,5823,68.69311351537009,5823,3.2094876594847985,4.846103470857892,1.6366158113730929,3054,3605,0.949653882493589,9.518392112248767,8.568738229755178,2637,3186,-0.47262983617985377,8.335264900662251,8.807894736842105,2416,3040,28.033730974907446,4862,48.436857260386674,4862,5.944055944055944,4862,1.563142739613328,4862,0.7610037021801728,4862,5.429864253393665,4862,28.794734677087618,4862,71.42857142857143,70.97107438016529,6776,6776,4840,0.640495867768595,55.284291680051396,54.96305814327016,3113,3113,53.18798848210613,4862,5.327025915261209,4862,36.87782805429864,4862,29.864493468733755,85.14878514878515,55.284291680051396,3663,3113,5.944055944055944,4862,3.681612505141917,4862,7.754010695187166,4862,2.8589058000822707,4862,2.385849444672974,4862,17.852735499794324,4862,3.8872891814068287,4862,6.807897984368573,4862,45.433977786918966,4862,0.8432743726861374,4862,3.290826820238585,4862,0.9872480460715755,4862,76.39459188783175,9985,8.793189784677015,9985,12.168252378567852,9985,17.235853780671007,9985,58.948422633950926,9985,38.67801702553831,9985,97.40402926731483,9977,78.15976746516989,9977,42.47343565525384,6776,48.571714944372054,9977,0.25057632554876214,9977,20.23675310033822,8870,2.742640075973409,2106,3.2304129679660365,19.002289432461737,8299.0,,,31.7016317016317,3432,41.61713286713287,8.088758418235193,5791,22.299703264094955,6740,35.01483679525222,6740,4.005934718100891,6740,4.629080118694362,6740,34.05044510385757,6740,10.832349468713105,6776,28.291027154663517,6776,0.1770956316410862,6776,0.10330578512396695,6776,0.5608028335301063,6776,0.0295159386068477,6776,0.10330578512396695,6776,0.01475796930342385,6776,0.01475796930342385,6776,0.0,6776,,,,,,,,,,,,0,,0,,0,,0,,0,15.869980879541108,523,,78.79087118718455,9114,18.959842001316655,9114,34.71251409244645,8870,84.64317976513098,1107,3.7185526711436303,9977,7.116104868913857,2136,46.47408666100255,3531,9.997167941093174,3531,33.021806853582554,3531,4.502973661852167,3531,3531,2.825545171339564,,,,0,0,0
020607,13891,6361,35.20264919732201,13891,61.13310776761932,13891,3.664243035058671,13891,46.46893672161831,13891,5.593549780433374,13891,21.0,24.96976459578144,118.37761358277001,7530,12.979627096681304,13891,29.285148657404076,13891,0.6910949535670579,13891,63.57748469147433,57.58360810174282,5.993876589731512,10.408997955010225,960.7072691552063,3.9937353171495693,8939,6.414807302231237,3944,84.40388170055454,4328,66.87653983027649,3653,45.588235294117645,612,16.502845318158304,1933,6.998302650476563,7659,32.589110849980415,7659,52.89202245723985,7659,7.298602950776864,7659,60.190625408016714,7659,66.64055359707534,7659,4.332725220149155,6.414807302231237,2.0820820820820822,3944,4995,-0.8981859119035471,6.792339916217833,7.69052582812138,3342,4317,-0.9520497375725254,7.842490842490842,8.794540580063368,3003,4103,26.195899772209568,6585,53.8496583143508,6585,4.829157175398633,6585,2.050113895216401,6585,0.5466970387243736,6585,1.70083523158694,6585,26.74259681093394,6585,72.74141571285699,72.41915768418713,8999,8999,6546,0.44301863733577757,53.28798185941043,53.08641975308642,3969,3969,61.21488230827639,6585,6.469248291571754,6585,26.378132118451024,6585,34.80346943283609,88.09145129224652,53.28798185941043,5030,3969,5.694760820045558,6585,2.915717539863326,6585,25.618830675778284,6585,2.7638572513287776,6585,3.6142748671222473,6585,11.87547456340167,6585,4.085041761579347,6585,3.978739559605163,6585,35.5960516324981,6585,0.5315110098709187,6585,2.7790432801822322,6585,0.6985573272589218,6585,81.96674105535959,13891,9.128212511698221,13891,9.092217982866604,13891,15.456050680296595,13891,48.081491613274785,13891,36.879994240875384,13891,96.37122903016775,13889,77.91777665778673,13889,67.02966996332925,8999,42.54445964432284,13889,0.23759809921520628,13889,21.297368856528216,12086,3.09906191369606,2665,3.708013509364446,15.14593961696078,11957.0,,,30.138682516097077,4038,39.690936106983656,7.790107301753467,7642,25.0222816399287,8976,34.93761140819964,8976,2.5401069518716577,8976,3.1194295900178255,8976,34.38057040998218,8976,29.74774974997222,8999,24.658295366151794,8999,0.222246916324036,8999,0.055561729081009,8999,0.3111456828536504,8999,0.055561729081009,8999,0.0222246916324036,8999,0.0111123458162018,8999,0.0,8999,0.0777864207134126,8999,,,,,,,,,,,,0,,0,,0,,0,,0,20.220082530949107,727,,70.69700136666934,12439,27.220837687917037,12439,48.254178388217774,12086,78.97947864669995,1803,3.815969472244222,13889,8.751197700415203,3131,55.29356283895308,4241,9.997642065550577,4241,24.286724829049753,4241,2.405093138410752,4241,4241,3.274935156802641,,,,0,0,0
020608,9349,4197,31.415124612257994,9349,64.16729061931757,9349,4.4175847684244305,9349,43.40571184083859,9349,7.038185902235533,9349,23.0,26.711840838592362,122.75434834405527,5152,11.24184404749171,9349,30.056690555139586,9349,0.7915285057225372,9349,55.842640440073346,48.95815969328221,6.884480746791132,14.061967994552264,711.138014527845,3.5453100158982513,6290,5.551387846961741,2666,80.50847457627118,2714,93.77574370709382,2185,41.27423822714682,361,19.00075700227101,1321,7.1495066095699125,5371,35.356544405138706,5371,49.078383913610125,5371,8.024576428970397,5371,57.10296034258052,5371,64.34555948612922,5371,3.4818514231206814,5.551387846961741,2.0695364238410594,2666,3624,-1.5772170161277206,7.10455764075067,8.68177465687839,2238,3133,-0.8507561855981924,7.783663366336634,8.634419551934826,2020,2946,15.646518745218057,5228,67.25325172149962,5228,1.8936495791889825,5228,1.7597551644988523,5228,0.13389441469013008,5228,0.612088752869166,5228,15.780413159908187,5228,80.74582618193166,80.41816195974411,6409,6409,5175,0.4057971014492754,70.04033736707004,69.63696369636963,2727,2727,76.43458301453711,5228,3.5960214231063503,5228,15.206579954093344,5228,18.634295984369402,88.67463335143944,70.04033736707004,3682,2727,3.481254781943382,5228,1.8553940321346596,5228,64.28844682478959,5228,1.6449885233358836,5228,1.8936495791889825,5228,6.541698546289212,5228,2.314460596786534,5228,2.237949502677888,5228,12.146136189747514,5228,0.5164498852333589,5228,1.5684774292272379,5228,0.5164498852333589,5228,78.46828537811531,9349,7.776232752166007,9349,5.850893143651727,9349,24.29136806075516,9349,47.37405070060969,9349,48.01583057011445,9349,97.54975390541408,9346,77.16670233254868,9346,68.20096738960837,6409,45.85919109779585,9346,0.19259576289321634,9346,14.924653405666064,8295,2.8072360616844603,1686,3.4761904761904763,15.199784017278617,7408.0,,,33.78730802665894,3451,39.93914807302231,7.672336448598131,5350,27.429467084639498,6380,27.25705329153605,6380,2.413793103448276,6380,3.2445141065830723,6380,39.6551724137931,6380,8.706506475269153,6409,42.98642533936651,6409,0.0936183491964425,6409,0.062412232797628336,6409,0.4212825713839913,6409,0.031206116398814168,6409,0.04680917459822125,6409,0.015603058199407084,6409,0.015603058199407084,6409,0.015603058199407084,6409,,,,,,,,,,,,0,,0,,0,,0,,0,19.96124031007752,516,,68.69279511851678,8522,28.537901900962215,8522,42.67631103074141,8295,87.9162702188392,1051,3.0815322062914614,9346,10.259014728288472,1969,43.786816269284714,3565,10.32258064516129,3565,38.064516129032256,3565,3.9551192145862553,3565,3565,2.6215988779803645,,,,0,0,0
020701,20308,9326,35.9661217254284,20308,57.922986015363406,20308,6.110892259208194,20308,48.749261374827654,20308,8.750246208390783,20308,20.0,26.025851881032107,117.7568089212953,10982,12.285798700019697,20308,27.851093165255072,20308,1.5166436872168603,20308,72.64303323981977,62.0930034855054,10.550029754314375,16.99069003285871,588.5576148267526,6.786628403009385,12893,9.639184242635524,5737,83.8642141468521,6687,86.48359486447931,5608,39.57597173144876,849,30.607734806629836,2715,13.362348365589407,10799,33.74386517270118,10799,44.735623668858224,10799,7.630336142235392,10799,52.36595981109362,10799,59.079544402259465,10799,5.1394637283817515,9.639184242635524,4.499720514253773,5737,7156,-2.8826768338495405,6.034840315221899,8.91751714907144,4822,5977,-0.9673255406200729,7.72108162243365,8.688407163053723,3994,5305,10.86276262852034,8948,58.86231560125167,8948,1.4640143048725973,8948,3.308001788109075,8948,1.4640143048725973,8948,0.42467590523021903,8948,12.326776933392937,8948,68.88273314866113,67.97476146506618,12996,12996,8952,1.318141197497766,60.431778929188255,59.94818652849741,5790,5790,67.51229324988824,8948,6.414841305319625,8948,20.01564595440322,8948,15.241271306726262,75.67305023591452,60.431778929188255,7206,5790,5.531962449709432,8948,3.67679928475637,8948,63.70138578453285,8948,2.5257040679481446,8948,3.8556101922217256,8948,6.906571300849352,8948,2.235136343316942,8948,1.6204738489047832,8948,3.8109074653553865,8948,1.5310683951721056,8948,3.5985695127402773,8948,0.8381761287438534,8948,61.62103604490841,20308,7.863896001575734,20308,4.023045105377191,20308,26.62989954697656,20308,38.29525310222572,20308,53.998424266299,20308,96.21144940388216,20298,75.16011429697507,20298,62.819329024315174,12996,17.218445167011527,20298,0.15765100009853186,20298,8.1723208267805,17804,3.619205298013245,3020,4.5080606922712185,13.81589467512393,18761.0,,,25.447402880838062,4582,45.45220427760803,7.115434742133681,10742,32.277944688390726,12981,18.912256374701485,12981,2.6577305292350357,12981,4.337108081041523,12981,41.81496032663123,12981,44.69836872883964,12996,4.162819329024315,12996,0.046168051708217916,12996,0.007694675284702986,12996,0.09233610341643583,12996,0.0,12996,0.015389350569405972,12996,0.0,12996,0.0,12996,0.007694675284702986,12996,,,,,,,,,,,,0,,0,,0,,0,,0,13.771377137713772,1111,,41.72442019099591,18325,53.15143246930423,18325,56.89170972815098,17804,85.64554931836408,2494,1.9854172824908858,20298,8.795056642636457,4855,60.548119821542386,4707,20.7138304652645,4707,18.46186530698959,4707,4.1427660930529,4707,4707,4.3123008285532185,,,,0,0,0
020702,6780,2872,30.14749262536873,6780,64.41002949852508,6780,5.442477876106195,6780,41.22418879056047,6780,8.274336283185841,6780,23.0,27.244395280235988,136.07242339832868,3908,11.622418879056047,6780,31.8141592920354,6780,1.3274336283185841,6780,55.255324021067096,46.805587359743534,8.449736661323563,18.052837573385517,553.9295392953929,8.354700854700855,4680,14.525432616675406,1907,74.36040044493882,1798,94.91398653702319,1337,28.30188679245283,265,14.089661482159196,1093,14.11418769909336,4081,39.62264150943396,4081,40.112717471208036,4081,5.807400147022789,4081,45.920117618230826,4081,51.38446459201176,4081,10.414361574482836,14.525432616675406,4.111071042192571,1907,2773,-2.622808508270052,4.256594724220624,6.8794032324906755,1668,2413,-1.7909554490536488,6.534214618973562,8.32517006802721,1286,2205,28.27845176198729,3462,49.71114962449451,3462,3.3506643558636626,3462,2.7729636048526864,3462,0.5777007510109763,3462,1.559792027729636,3462,28.856152512998268,3462,73.14853999153618,72.40795598815066,4726,4726,3457,1.01243853051779,59.87590486039297,59.56566701137539,1934,1934,71.72154823801272,3462,6.123627960716349,3462,15.135759676487579,3462,22.46650201639786,82.34240687679083,59.87590486039297,2792,1934,4.15944540727903,3462,2.166377816291161,3462,40.901213171577126,3462,2.1086077411900637,3462,4.015020219526285,3462,6.123627960716349,3462,2.368573079145003,3462,1.6753321779318313,3462,30.820335066435586,3462,0.6643558636626228,3462,2.2819179664933564,3462,0.43327556325823224,3462,62.640117994100294,6780,7.064896755162242,6780,5.958702064896755,6780,32.389380530973455,6780,37.62536873156342,6780,47.10914454277286,6780,98.09453471196456,6770,84.63810930576071,6770,82.71265340668641,4726,21.122599704579024,6770,0.4874446085672083,6770,14.359745904379807,5982,3.0484018264840183,1095,3.909694555112882,21.0454622850332,5873.0,,,30.568285976168653,2182,42.32859761686526,6.577329727071551,4067,31.92030521407376,4718,24.96820686731666,4718,1.2293344637558288,4718,5.277660025434506,4718,36.60449342941924,4718,37.91790097333897,4726,39.61066440964875,4726,0.0,4726,0.0,4726,0.14811680067710536,4726,0.0,4726,0.0,4726,0.0,4726,0.0,4726,0.0,4726,,,,,,,,,,,,0,,0,,0,,0,,0,15.986394557823129,294,,15.462239583333334,6144,81.72200520833333,6144,78.31828819792712,5982,89.21319796954315,788,7.444608567208272,6770,12.268518518518519,1296,44.67353951890034,2328,14.04639175257732,2328,34.965635738831615,2328,5.927835051546392,2328,2328,2.9080756013745703,,,,0,0,0
020801,80724,41029,30.268569446509094,80724,63.06922352707993,80724,6.6622070264109805,80724,40.427877706753875,80724,9.62415142956246,80724,25.0,28.6804048362321,96.74864120500133,39695,10.071354244090976,80724,26.87428769634805,80724,1.622813537485754,80724,58.55593966059082,47.992614707730986,10.563324952859837,22.010313497585333,454.332465600595,3.8508557457212715,55624,6.403563722419434,28734,88.85656746475722,22345,88.6426592797784,19855,47.40020127474002,2981,26.954536808065438,10514,6.721455227685217,49037,29.655158349817484,49037,45.877602626588086,49037,17.182943491649162,49037,63.06054611823725,49037,67.96296673940085,49037,5.280469635398236,6.403563722419434,1.1230940870211974,28734,26890,-4.586693003726889,14.98018597716483,19.56687898089172,25487,23550,-1.5717831311897097,8.47069404229183,10.04247717348154,22794,22671,37.59059901939885,37528,44.64932850138563,37528,2.366233212534641,37528,2.7312939671711787,37528,0.9299722873587721,37528,0.5489234704753784,37528,38.520571306757624,37528,66.88834752920675,66.18951935558441,56237,56237,37616,1.044768183751595,57.44812635490864,56.85970888820068,29061,29061,19.753250905990193,37528,29.75111916435728,37528,43.36495416755489,37528,19.535241322453743,76.98336767736238,57.44812635490864,27176,29061,10.640055425282457,37528,5.329354082285227,37528,19.32956725644852,37528,19.103069707951395,37528,10.493498188019611,37528,16.68887230867619,37528,8.273822212747815,37528,3.749200596887657,37528,0.42368364954167553,37528,2.6566830100191856,37528,4.090279258153911,37528,1.7666808782775527,37528,48.606362420098115,80724,24.002774887270206,80724,12.188444576581933,80724,17.58213170804222,80724,51.13720826519994,80724,46.5326297012041,80724,99.27477840451249,80665,84.64637699126015,80665,65.29153404342337,56237,21.399615694539143,80665,0.2851298580549185,80665,12.987675425294329,72538,2.5511848624127023,16753,3.382895807460066,16.438303735456216,78384.0,,,39.38377059182428,26224,44.08110890787065,8.61173888968643,48761,44.37448721150073,56066,13.254022045446439,56066,2.7574644169371814,56066,4.83358898441123,56066,34.78043734170442,56066,1.635933637996337,56237,64.2228426125149,56237,0.030229208528193184,56237,0.02133826484343048,56237,0.2382772907516404,56237,0.00533456621085762,56237,0.01066913242171524,56237,0.0,56237,0.0017781887369525402,56237,0.0017781887369525402,56237,,,,,,,,,,,,0,,0,,0,,0,,0,9.857748939356126,4007,,60.07009503268855,74185,37.672036125901464,74185,54.353580192450856,72538,94.32755014150364,8127,2.3764953821359946,80665,5.941745196426386,16342,47.60422915416917,26672,17.062837432513497,26672,27.770695860827836,26672,5.5413917216556685,26672,26672,3.024332633473305,,,,0,0,0
020802,7278,3682,22.726023632866173,7278,60.01648804616653,7278,17.257488320967298,7278,34.10277548777137,7278,23.907666941467436,7278,35.0,37.281670788678205,97.66431287343835,3596,6.183017312448475,7278,22.217642209398186,7278,4.286892003297609,7278,66.62087912087912,37.866300366300365,28.754578754578755,75.93712212817412,131.68789808917197,11.278735632183908,5568,18.70202372644801,2866,89.5368782161235,1749,95.53001277139208,1566,48.78048780487805,205,23.850931677018632,805,17.900101936799185,4905,39.44954128440367,4905,34.454638124362894,4905,7.767584097859327,4905,42.22222222222222,4905,46.788990825688074,4905,15.297138456277768,18.70202372644801,3.404885270170244,2866,2702,-3.70910794062545,6.018518518518518,9.727626459143968,2592,2313,-1.815229087868853,6.570295983086681,8.385525070955534,1892,2114,14.25881086898036,3717,60.29055690072639,3717,1.694915254237288,3717,2.1253699219800914,3717,0.43045466774280333,3717,0.3497444175410277,3717,14.689265536723164,3717,65.71784380003558,65.4509873687956,5621,5621,3694,0.4060638873849486,62.69430051813472,62.52158894645941,2895,2895,56.954533225719665,3717,11.972020446596717,3717,23.675006725854182,3717,6.234532937477901,68.92883345561262,62.69430051813472,2726,2895,5.246166263115415,3717,2.6365348399246704,3717,56.793112725316114,3717,5.380683346785042,3717,6.429916599408124,3717,11.702986279257466,3717,2.824858757062147,3717,1.802528921172989,3717,0.16142050040355124,3717,2.044659671778316,3717,1.7487220877051386,3717,0.6725854183481302,3717,57.88678208298983,7278,19.263533937895026,7278,6.51277823577906,7278,22.19016213245397,7278,31.148667216268205,7278,35.53173948887057,7278,99.24357034795764,7271,85.517810479989,7271,75.76943604340865,5621,9.723559345344519,7271,0.2750653280154037,7271,6.683277150813425,6823,2.96526508226691,1094,4.500208768267224,17.578819346992237,10689.0,,,41.792141020932796,2723,55.00918105031216,6.160728910728911,4884,51.53996795442407,5617,6.426918283781378,5617,1.3886416236425139,5617,9.097382944632367,5617,31.54708919351967,5617,0.28464685998932576,5621,80.4483188044832,5621,0.0,5621,0.0,5621,0.10674257249599715,5621,0.0,5621,0.01779042874933286,5621,0.0,5621,0.0,5621,0.0,5621,,,,,,,,,,,,0,,0,,0,,0,,0,7.547169811320755,318,,39.89913544668588,6940,57.53602305475504,6940,68.7820606771215,6823,93.08035714285714,448,3.02571860816944,7271,7.426856714178545,1333,32.08575581395349,2752,36.991279069767444,2752,36.40988372093023,2752,14.716569767441861,2752,2752,2.642078488372093,,,,0,0,0
020803,12189,6144,25.170235458200015,12189,63.073262777914515,12189,11.75650176388547,12189,38.15735499220609,12189,16.047255722372633,12189,28.0,32.88965460661252,98.388671875,6045,6.661744195586184,12189,27.15563212732792,12189,2.9698908852243826,12189,58.545785639958375,39.90634755463059,18.639438085327782,46.70795306388527,214.0963014654571,9.984537221117739,9054,15.556036347901342,4622,88.20754716981132,3392,96.05614973262033,2992,40.9375,320,31.25819134993447,1526,18.075877249773406,7723,33.14774051534378,7723,41.603004013984204,7723,6.979153178816522,7723,48.58215719280072,7723,53.411886572575426,7723,11.381848622269573,15.556036347901342,4.174187725631769,4622,4432,-4.998301819670701,4.553459119496855,9.551760939167556,3975,3748,-1.5408442957317616,7.237597030037125,8.778441325768886,2963,3349,11.806256306760847,5946,66.34712411705348,5946,1.4799865455768584,5946,2.943155062226707,5946,0.3363605785401951,5946,0.35317860746720486,5946,12.142616885301043,5946,65.53312856516015,64.5129442738043,9116,9116,5974,1.5567458988952125,58.55855855855856,58.022308022308025,4662,4662,62.008072653884966,5946,13.03397241843256,5946,17.440295997309114,5946,14.274849613870714,72.83340817242927,58.55855855855856,4454,4662,4.372687521022536,5946,2.6572485704675413,5946,61.92398250924992,5946,7.3326606121762525,5946,5.667675748402287,5946,7.938109653548604,5946,2.1527077026572488,5946,1.715438950554995,5946,0.08409014463504877,5946,0.824083417423478,5946,2.0517995290951903,5946,0.3868146653212243,5946,56.66584625481992,12189,12.035441791779473,12189,6.046435310525884,12189,38.32964148002297,12189,42.579374846172776,12189,58.99581589958159,12189,99.38438808175326,12183,90.65911516046951,12183,85.96972356296621,9116,6.032996798818025,12183,0.07387343018960847,12183,3.253891478322047,11371,2.921698113207547,2120,4.200055881531154,16.53538005790076,14853.0,,,38.60619469026549,3616,51.54867256637168,6.585625324338349,7708,48.82928437946576,9097,7.222161152028141,9097,1.2531603825436957,9097,6.837418929317358,9097,35.85797515664505,9097,0.0767880649407635,9116,86.86924089512944,9116,0.0,9116,0.0,9116,0.0,9116,0.0,9116,0.0,9116,0.0,9116,0.0,9116,0.0,9116,,,,,,,,,,,,0,,0,,0,,0,,0,9.656084656084657,756,,19.858094661244266,11557,77.64990914597213,11557,74.3030516225486,11371,93.34975369458128,812,1.4692604448822129,12183,8.107116654438737,2726,42.01541850220264,3632,30.97466960352423,3632,24.201541850220263,3632,8.810572687224669,3632,3632,3.354350220264317,,,,0,0,0
020804,6987,3521,27.35079433233147,6987,61.31386861313869,6987,11.335337054529841,6987,35.53742664949191,6987,15.485902390153141,6987,29.0,32.62487476742522,98.43794376597558,3466,9.33161585802204,6987,23.07141834836124,6987,3.1343924431086303,6987,63.095238095238095,44.6078431372549,18.48739495798319,41.444270015698585,241.28787878787878,7.731958762886598,5044,13.71951219512195,2624,88.18443804034582,1735,95.0326797385621,1530,49.642857142857146,280,21.232876712328768,730,11.21311475409836,4575,34.09836065573771,4575,45.814207650273225,4575,8.306010928961749,4575,54.12021857923497,4575,58.60109289617486,4575,12.479842773634347,13.71951219512195,1.2396694214876034,2624,2420,-3.1779287632101614,6.794497707378074,9.972426470588236,2399,2176,-1.7701248345462517,7.381347150259067,9.151471984805319,1930,2106,12.589928057553957,3892,66.18705035971223,3892,1.2846865364850977,3892,8.504624871531346,3892,0.8478931140801644,3892,0.3340184994861254,3892,13.437821171634122,3892,76.93522906793049,76.4218009478673,5064,5064,3896,0.6673511293634496,69.65438663121914,69.3885301936954,2633,2633,38.07810894141829,3892,7.399794450154163,3892,48.89516957862281,3892,15.166674660430388,84.82106129164953,69.65438663121914,2431,2633,4.059609455292908,3892,4.290853031860226,3892,37.94964028776978,3892,2.9033915724563206,3892,4.496402877697841,3892,21.942446043165468,3892,17.317574511819117,3892,3.28879753340185,3892,0.12846865364850976,3892,1.5416238437821173,3892,1.644398766700925,3892,0.5652620760534429,3892,62.10104479748104,6987,10.29053957349363,6987,9.10261914984972,6987,30.055817947617005,6987,49.42035208243882,6987,54.873336195792184,6987,97.99254373386866,6974,85.17350157728707,6974,80.27251184834124,5064,15.400057355893319,6974,1.6346429595640952,6974,6.3577415783647,6323,2.6103423160961396,1373,3.71875,16.848484848484844,8250.0,,,33.83793410507569,2246,50.098842386464824,7.359199824137173,4549,50.05926511260371,5062,15.705254839984196,5062,1.7977084156459897,5062,7.013038324772817,5062,25.424733306993282,5062,0.8886255924170616,5064,83.4913112164297,5064,0.019747235387045814,5064,0.0,5064,0.11848341232227488,5064,0.0,5064,0.03949447077409163,5064,0.0,5064,0.0,5064,0.0,5064,,,,,,,,,,,,0,,0,,0,,0,,0,8.865248226950355,282,,50.98948670377242,6468,47.38713667285096,6468,67.64194211608414,6323,90.3225806451613,651,2.5379982793232005,6974,6.683587140439933,1182,43.668690372940155,2306,27.01647875108413,2306,26.799653078924546,2306,9.8438855160451,2306,2306,3.024284475281873,,,,0,0,0
020805,6145,3060,23.970707892595605,6145,59.34906427990236,6145,16.680227827502033,6145,32.56305939788446,6145,22.359641985353946,6145,34.0,36.64605370219691,100.81699346405229,3085,7.990235964198535,6145,20.878763222131816,6145,4.328722538649308,6145,68.49465313956676,40.38936111872772,28.105292020839045,69.58587915818059,143.70731707317074,8.717500546209308,4577,14.609681639773223,2293,89.00602409638554,1328,96.19289340101523,1182,36.434108527131784,129,29.845626072041167,583,14.726440106049651,4149,37.045071101470235,4149,38.70812243914196,4149,9.20703784044348,4149,47.91516027958544,4149,51.65100024102193,4149,11.807580063591086,14.609681639773223,2.8021015761821366,2293,2284,-8.541752449397096,4.949543488707352,13.491295938104448,2081,2068,-2.2372456023519094,6.91974921630094,9.15699481865285,1595,1930,12.013632490769668,3521,62.90826469752911,3521,1.4768531667140017,3521,7.639875035501278,3521,0.3408122692416927,3521,0.1988071570576541,3521,12.35444476001136,3521,75.57317334476109,75.03749732161988,4667,4667,3527,0.7088176920895946,71.3796058269066,71.16538131962297,2334,2334,67.76483953422323,3521,8.719113888099972,3521,19.59670548139733,3521,8.388932535716634,79.76853836262323,71.3796058269066,2333,2334,5.8506106219823915,3521,2.3288838398182334,3521,67.67963646691281,3521,4.260153365521159,3521,4.402158477705197,3521,8.009088327179779,3521,3.408122692416927,3521,0.7668276057938086,3521,0.08520306731042318,3521,1.7324623686452711,3521,3.408122692416927,3521,0.8804316955410395,3521,58.81204231082181,6145,11.733116354759968,6145,6.623270951993491,6145,30.61025223759154,6145,26.444263628966638,6145,44.2473555736371,6145,98.42019543973942,6140,88.53420195439739,6140,90.76494536104563,4667,5.11400651465798,6140,0.016286644951140065,6140,2.6022304832713754,5649,2.3702928870292888,956,3.9662802950474183,17.681702583322178,7471.0,,,42.17830109335576,2378,53.71194280908326,6.933752417794971,4136,49.4206008583691,4660,6.802575107296137,4660,1.8025751072961373,4660,8.88412017167382,4660,33.09012875536481,4660,0.17141632740518534,4667,91.7720162845511,4667,0.0,4667,0.0,4667,0.0,4667,0.0,4667,0.0,4667,0.0,4667,0.0,4667,0.0,4667,,,,,,,,,,,,0,,0,,0,,0,,0,8.582089552238806,268,,18.62284820031299,5751,79.95131281516258,5751,76.45600991325898,5649,86.35437881873727,491,1.0749185667752443,6140,6.551059730250482,1038,33.58147229114971,2418,35.359801488833746,2418,34.40860215053763,2418,11.41439205955335,2418,2418,2.5392886683209266,,,,0,0,0
020806,15039,7591,26.384733027461934,15039,60.70882372498171,15039,12.906443247556354,15039,37.07693330673582,15039,17.840281933639204,15039,29.0,33.662943014828116,98.11619022526676,7448,7.7132788084314114,15039,23.971008710685553,15039,3.165104062770131,15039,64.72070098576123,43.461117196056954,21.259583789704273,48.91633064516129,204.43070582174138,5.758776375195798,10853,9.640729373533128,5539,89.92343788589775,4049,91.54078549848943,3641,50.54466230936819,459,34.96081977094635,1659,11.821725845537879,9491,35.09640712253714,9491,45.169107575597934,9491,7.670424612791066,9491,52.839532188389,9491,57.781055737014015,9491,7.9282717145192025,9.640729373533128,1.7124576590139255,5539,5314,-6.747904688730507,4.380012338062924,11.127917026793432,4863,4628,-1.8821879248849473,7.247602221100454,9.129790145985401,3962,4384,10.352687140115163,8336,65.271113243762,8336,1.067658349328215,8336,3.7787907869481767,8336,0.29990403071017274,8336,0.45585412667946257,8336,10.652591170825335,8336,75.14915928403543,74.81468088953173,11062,11062,8313,0.4450860098640683,70.0,69.87610619469027,5650,5650,67.92226487523992,8336,11.360364683301343,8336,15.786948176583493,8336,10.524759793052482,80.52475979305248,70.0,5412,5650,5.026391554702495,8336,2.1833013435700575,8336,67.33445297504798,8336,7.257677543186181,8336,4.066698656429942,8336,6.25,8336,2.3152591170825336,8336,0.8517274472168906,8336,0.5878119001919386,8336,0.6597888675623801,8336,3.2629558541266794,8336,0.6118042226487524,8336,68.20267305006982,15039,8.019150209455416,15039,2.8326351486136048,15039,37.58893543453687,15039,23.505552230866414,15039,44.25826185251679,15039,99.26147704590818,15030,89.84697272122422,15030,87.82317844874345,11062,4.896872920825016,15030,0.046573519627411845,15030,2.2782984859408795,13870,2.7414548641542504,2282,4.187738549618321,17.602245388933436,17458.0,,,37.91488495214824,4911,51.89757686825494,7.247148288973384,9468,49.3300742350172,11046,7.025167481441246,11046,1.4575411913814955,11046,8.32880680789426,11046,33.858410284265794,11046,0.08135960947387452,11062,92.50587597179533,11062,0.0,11062,0.0,11062,0.00903995660820828,11062,0.0,11062,0.0,11062,0.0,11062,0.0,11062,0.0,11062,,,,,,,,,,,,0,,0,,0,,0,,0,8.322981366459627,805,,15.99266003246524,14169,81.65713882419367,14169,78.03172314347512,13870,93.62068965517241,1160,1.0179640718562875,15030,4.974326059050064,3116,41.466826538768984,5004,31.354916067146284,5004,28.09752198241407,5004,8.613109512390087,5004,5004,3.0035971223021583,,,,0,0,0
020807,6603,3293,21.687111918824776,6603,60.54823565046191,6603,17.764652430713312,6603,30.319551718915644,6603,23.989095865515676,6603,38.0,38.66696955929123,100.51624658366231,3310,5.542935029532031,6603,19.233681659851584,6603,4.558533999697107,6603,65.15757878939469,35.81790895447724,29.33966983491746,81.91340782122904,122.08013640238704,11.34682755936162,5138,18.67283950617284,2592,89.07506702412869,1492,93.45372460496614,1329,44.5859872611465,157,29.078014184397162,564,18.002148227712137,4655,41.245972073039745,4655,36.11170784103115,4655,4.360902255639098,4655,40.472610096670245,4655,45.628356605800214,4655,14.784387031703082,18.67283950617284,3.8884524744697564,2592,2546,-4.414222271464052,2.1940928270042193,6.608315098468271,2370,2285,-1.8795503569868703,6.138824884792626,8.018375241779497,1736,2068,8.600546855580413,4023,59.35868754660701,4023,0.9942828734775043,4023,15.38652746706438,4023,0.07457121551081283,4023,0.17399950285856325,4023,8.675118071091225,4023,78.0643910007758,77.52133436772692,5156,5156,4025,0.6956521739130435,73.70242214532873,73.43329488658209,2601,2601,73.77578921203083,4023,10.638826746209297,4023,12.329107631121055,4023,8.802470222577341,82.50489236790607,73.70242214532873,2555,2601,2.9579915485955754,4023,1.9388516032811334,4023,73.70121799652001,4023,7.407407407407407,4023,3.1817051951280138,4023,6.313696246582152,4023,1.9885657469550087,4023,0.42257022122793936,4023,0.07457121551081283,4023,0.5468555804126274,4023,1.5162813820531942,4023,0.5468555804126274,4023,66.4849310919279,6603,15.129486597001364,6603,9.26851431167651,6603,32.69725882174769,6603,44.0102983492352,6603,66.66666666666667,6603,99.46865037194473,6587,91.33141035372704,6587,91.60201706749419,5156,12.02368301199332,6587,0.22772126916654015,6587,7.619353801639607,6221,3.209051724137931,928,4.837602706621556,17.92254578204743,9993.0,,,32.87444933920705,1816,58.47411894273128,5.856311934510987,4642,56.34212567882079,5156,6.923972071373157,5156,1.5709852598913887,5156,8.145849495733126,5156,27.017067494181536,5156,0.07757951900698215,5156,92.72692009309543,5156,0.0,5156,0.0,5156,0.019394879751745538,5156,0.0,5156,0.0,5156,0.0,5156,0.0,5156,0.0,5156,,,,,,,,,,,,0,,0,,0,,0,,0,9.25925925925926,270,,17.620935765265664,6305,81.20539254559873,6305,76.91689438996946,6221,92.89617486338798,366,4.083801427053287,6587,6.304728546409807,1142,38.04585152838428,1832,46.506550218340614,1832,21.670305676855897,1832,9.825327510917031,1832,1832,3.5955240174672487,,,,0,0,0
020901,11139,5454,26.14238261962474,11139,64.17990842984109,11139,9.677708950534159,11139,36.25100996498788,11139,13.933028099470329,11139,29.0,32.48334679953317,104.23542354235424,5685,7.945057904659305,11139,24.113475177304963,11139,2.5226681030613163,11139,55.81200167855644,40.73296964610435,15.07903203245209,37.01923076923077,270.12987012987014,8.182926829268293,8200,12.85250811080609,4007,89.43905817174515,2888,95.00580720092915,2583,52.7027027027027,296,24.408783783783782,1184,12.890786393058807,7261,37.584354772069965,7261,43.4650874535188,7261,5.97713813524308,7261,49.44222558876188,7261,54.77206996281504,7261,9.132021585645107,12.85250811080609,3.7204865251609824,4007,4193,-1.9590693875816134,4.977502812148481,6.936572199730095,3556,3705,-1.3367169207666745,7.023734729493892,8.360451650260567,2865,3454,7.570838252656435,6776,79.2060212514758,6776,1.3429752066115703,6776,1.5495867768595042,6776,0.1180637544273908,6776,0.10330578512396695,6776,7.688902007083826,6776,81.64456878725215,81.21882982605523,8221,8221,6712,0.5214541120381406,74.32197063946255,73.94874346852451,4019,4019,81.8624557260921,6776,4.132231404958677,6776,11.73258559622196,6776,14.326292092569815,88.64826273203236,74.32197063946255,4202,4019,3.040141676505313,6776,1.9923258559622197,6776,81.7443919716647,6776,2.0808736717827627,6776,2.0365997638724913,6776,5.681818181818182,6776,1.2839433293978748,6776,1.0035419126328218,6776,0.1180637544273908,6776,0.5312868949232585,6776,1.6824085005903189,6776,0.4574970484061393,6776,70.29356315647725,11139,7.801418439716312,11139,5.269772870096059,11139,22.34491426519436,11139,35.83804650327678,11139,61.54951072807254,11139,99.08380490433845,11133,89.98473008173897,11133,90.93784211166525,8221,10.82367735560945,11133,0.33234527979879636,11133,3.8836846213895395,10248,2.702167766258247,2122,3.7663157894736843,19.26443427286597,12453.0,,,34.18432473832014,3917,47.943323972427876,6.746243969676086,7255,45.83384016543,8221,14.621092324534729,8221,1.8489234886266877,8221,6.215788833475246,8221,31.48035518793334,8221,0.6203624863155334,8221,93.04220897701009,8221,0.0,8221,0.0,8221,0.024327940639824838,8221,0.024327940639824838,8221,0.0,8221,0.0,8221,0.0,8221,0.0,8221,,,,,,,,,,,,0,,0,,0,,0,,0,9.94475138121547,543,,35.98045789826612,10439,60.436823450522084,10439,73.9168618266979,10248,92.31638418079096,885,1.6168148746968471,11133,9.297052154195011,2205,40.42338709677419,3968,22.65625,3968,31.325604838709676,3968,6.804435483870968,3968,3968,2.805695564516129,,,,0,0,0
020902,12484,6175,28.220121755847483,12484,61.8792053828901,12484,9.900672861262416,12484,37.776353732777956,12484,14.851009291893623,12484,29.0,32.45706504325537,102.17004048582996,6309,8.114386414610701,12484,22.140339634732456,12484,2.5152194809355977,12484,61.605177993527505,45.605177993527505,16.0,35.08373545273914,285.0323624595469,9.265498652291106,8904,13.668903803131991,4470,87.35730593607306,3504,95.62234563868017,3061,43.00254452926209,393,27.074235807860262,1145,15.266302275327316,7867,42.8371679166137,7867,37.68908097114529,7867,4.16931485953985,7867,41.85839583068514,7867,48.290326681072834,7867,8.842561899658829,13.668903803131991,4.826341903473162,4470,4434,-2.810472319023918,2.7749747729566097,5.5854470919805275,3964,3903,-1.4593418720529714,6.364705882352941,7.824047754405912,3145,3518,5.635491606714628,7506,77.44471089794831,7506,1.465494271249667,7506,2.411404209965361,7506,0.2664535038635758,7506,0.22648547828403945,7506,5.901945110578204,7506,82.95352993744415,82.8083109919571,8952,8952,7426,0.17506059789927284,78.124303853865,78.03519714858542,4489,4489,80.72208899547029,7506,3.876898481215028,7506,10.631494804156675,7506,9.686585682321422,87.81088953618642,78.124303853865,4463,4489,1.7585931254996003,7506,2.051691979749534,7506,80.5355715427658,7506,2.4380495603517187,7506,1.4388489208633093,7506,5.768718358646416,7506,1.9451105782041034,7506,0.6128430588862244,7506,0.18651745270450307,7506,0.253130828670397,7506,0.7727151612043698,7506,0.23980815347721823,7506,60.67766741429029,12484,6.432233258570971,12484,3.7968599807753924,12484,22.717077859660364,12484,34.13168856135854,12484,56.752643383530916,12484,98.46079846079846,12474,84.11095077761745,12474,84.94191242180518,8952,13.548180214846882,12474,0.18438351771685105,12474,4.572026873745746,11461,2.9479553903345725,2152,3.982318271119843,17.2872908508366,14045.0,,,36.72672020837855,4607,48.331018016062515,6.04145473041709,7864,45.59579700424771,8946,12.541918175720992,8946,1.743796109993293,8946,6.282137268052761,8946,33.836351441985244,8946,0.25692582663092045,8952,83.91420911528151,8952,0.03351206434316354,8952,0.0,8952,0.044682752457551385,8952,0.0,8952,0.0,8952,0.0,8952,0.022341376228775692,8952,0.0,8952,,,,,,,,,,,,0,,0,,0,,0,,0,8.419243986254296,582,,32.31467214518062,11682,65.35695942475604,11682,71.5033592182183,11461,90.12833168805528,1013,2.3007856341189674,12474,7.477341389728097,2648,40.36363636363637,4675,22.37433155080214,4675,34.95187165775401,4675,7.679144385026738,4675,4675,2.6682352941176473,,,,0,0,0
020903,7315,3511,31.838687628161313,7315,57.66233766233766,7315,10.498974709501026,7315,42.720437457279566,7315,14.90088858509911,7315,25.0,30.985919343814082,108.34520079749359,3804,9.460013670539986,7315,23.171565276828435,7315,2.488038277511962,7315,73.42342342342343,55.21574205784732,18.207681365576104,32.97552597681408,303.2552083333333,7.556726094003242,4936,13.074957410562181,2348,86.61971830985915,2272,95.630081300813,1968,36.015325670498086,261,29.20469361147327,767,12.740497419052089,4262,44.157672454246836,4262,38.831534490849364,4262,4.1529798216799625,4262,42.98451431252933,4262,49.6715157203191,4262,10.524725571304067,13.074957410562181,2.5502318392581143,2348,2588,-3.4187926670449365,2.363367799113737,5.782160466158674,2031,2231,-1.640825804809773,6.183886838868388,7.824712643678161,1626,2088,9.291581108829568,3896,70.7905544147844,3896,0.8470225872689938,3896,2.8234086242299794,3896,0.1026694045174538,3896,0.12833675564681724,3896,9.394250513347023,3896,77.48796147672552,77.26725521669341,4984,4984,3862,0.28482651475919213,70.71217867678045,70.67003792667509,2373,2373,77.48973305954826,3896,5.313141683778234,3896,12.936344969199178,3896,12.933933923755745,83.6461126005362,70.71217867678045,2611,2373,3.080082135523614,3896,1.6683778234086242,3896,75.61601642710473,3896,2.1047227926078027,3896,3.1570841889117043,3896,6.057494866529774,3896,2.1303901437371664,3896,1.0523613963039014,3896,1.873716632443532,3896,0.6930184804928131,3896,1.822381930184805,3896,0.2053388090349076,3896,60.39644565960356,7315,7.08133971291866,7315,3.8140806561859195,7315,22.365003417635,7315,16.773752563226246,7315,42.41968557758032,7315,98.41378367291125,7313,86.96841241624504,7313,85.07223113964687,4984,10.966771502803228,7313,0.06837139340899767,7313,5.678900468207219,6621,3.3994778067885116,1149,4.636836628511967,22.357861421950943,8847.0,,,29.939077458659703,2298,49.759791122715406,6.189570119802678,4257,50.682456844640704,4982,10.879164993978321,4982,1.3849859494179044,4982,7.346447209955841,4982,29.706945002007227,4982,0.16051364365971107,4984,90.50963081861958,4984,0.04012841091492777,4984,0.0,4984,0.020064205457463884,4984,0.0,4984,0.0,4984,0.0,4984,0.0,4984,0.0,4984,,,,,,,,,,,,0,,0,,0,,0,,0,11.671087533156498,377,,21.21972829297106,6772,74.57176609568813,6772,76.89170820117808,6621,90.17341040462428,692,3.4595925064952824,7313,8.957845433255269,1708,45.67266495287061,2334,26.563838903170524,2334,31.491002570694086,2334,9.511568123393316,2334,2334,3.13324764353042,,,,0,0,0
020904,5180,2477,29.594594594594593,5180,62.2972972972973,5180,8.108108108108109,5180,40.4054054054054,5180,11.023166023166024,5180,25.0,29.26988416988417,109.12394025030278,2703,10.366795366795367,5180,27.43243243243243,5180,2.258687258687259,5180,60.52060737527115,47.50542299349241,13.015184381778742,27.397260273972602,365.0,7.90273556231003,3619,11.888111888111888,1716,86.75733715103794,1397,92.65676567656766,1212,42.30769230769231,182,25.179856115107913,695,15.05511811023622,3175,29.79527559055118,3175,46.20472440944882,3175,8.62992125984252,3175,54.83464566929134,3175,60.53543307086614,3175,7.579126076235903,11.888111888111888,4.308985811875985,1716,1903,-4.015593563772085,6.501340482573727,10.516934046345812,1492,1683,-1.3889889031175882,7.709760273972603,9.098749177090191,1168,1519,12.094281298299846,2588,52.51159196290572,2588,3.438948995363215,2588,3.9412673879443587,2588,0.46367851622874806,2588,5.023183925811438,2588,12.557959814528594,2588,71.41678129298487,70.39889958734526,3635,3635,2596,1.4252696456086287,59.663377829367384,59.082994776552525,1723,1723,68.81761978361669,2588,6.105100463678516,2588,20.44049459041731,2588,22.344990371469443,82.00836820083683,59.663377829367384,1912,1723,6.105100463678516,2588,2.125193199381762,2588,51.42967542503864,2588,3.6321483771251932,2588,2.434312210200927,2588,9.003091190108192,2588,2.8979907264296756,2588,1.1591962905718702,2588,17.387944358578054,2588,0.9659969088098919,2588,3.8639876352395675,2588,0.7341576506955177,2588,67.04633204633204,5180,11.196911196911197,5180,6.196911196911197,5180,32.7027027027027,5180,27.56756756756757,5180,56.15830115830116,5180,96.7685758513932,5168,83.59133126934985,5168,84.40165061898212,3635,11.842105263157896,5168,0.05804953560371517,5168,7.687324551932628,4631,2.4662236987818384,903,3.273890142964635,18.407613741875583,4308.0,,,31.20452708164915,1237,46.36459175424414,7.198736176935229,3165,45.03858875413451,3628,11.3561190738699,3628,2.6460859977949283,3628,5.237045203969129,3628,35.722160970231535,3628,0.6052269601100413,3635,89.16093535075653,3635,0.027510316368638238,3635,0.0,3635,0.08253094910591471,3635,0.0,3635,0.0,3635,0.0,3635,0.0,3635,0.0,3635,,,,,,,,,,,,0,,0,,0,,0,,0,6.2717770034843205,287,,27.03157894736842,4750,71.6421052631579,4750,70.24400777369898,4631,83.05400372439479,537,2.8831269349845203,5168,7.8125,1024,56.5251572327044,1272,23.270440251572328,1272,15.172955974842766,1272,2.830188679245283,1272,1272,4.062893081761007,,,,0,0,0
020905,11355,5452,32.355790400704535,11355,60.04403346543373,11355,7.600176133861735,11355,43.337736679876706,11355,11.07001321003963,11355,24.0,28.919506825187142,108.27219369038885,5903,10.339057683839718,11355,25.160722148833113,11355,1.682078379568472,11355,66.54444118509826,53.88677031387504,12.657670871223232,23.489384866630374,425.7242178447277,7.337883959044369,7618,11.451024417625597,3563,86.43776824034335,3495,78.05362462760675,3021,43.24942791762014,437,24.822134387351777,1265,12.76207839562443,6582,38.012762078395625,6582,43.55818900030386,6582,5.499848070495291,6582,49.05803707079915,6582,55.02886660589486,6582,7.727226637107718,11.451024417625597,3.723797780517879,3563,4055,-1.5398031596998942,4.679883002924927,6.219686162624821,3077,3505,-1.0793581019604543,7.0763694522191125,8.155727554179567,2501,3230,6.06973058637084,6310,69.98415213946117,6310,2.3771790808240887,6310,3.629160063391442,6310,0.09508716323296355,6310,2.4881141045958794,6310,6.164817749603803,6310,81.09128792811563,80.90897252246386,7679,7679,6227,0.22482736470210374,72.21140472878999,72.10013908205842,3595,3595,84.23137876386687,6310,2.456418383518225,6310,10.41204437400951,6310,16.696528669838813,88.9079333986288,72.21140472878999,4084,3595,3.312202852614897,6310,1.4421553090332806,6310,73.24881141045958,6310,1.2044374009508716,6310,1.2044374009508716,6310,4.690966719492868,6310,1.8066561014263074,6310,0.36450079239302696,6310,10.98256735340729,6310,0.25356576862123614,6310,2.155309033280507,6310,0.5071315372424723,6310,64.02465874064289,11355,14.39894319682959,11355,4.623513870541611,11355,21.541171290180536,11355,24.262439453985028,11355,50.13650374284456,11355,97.74469209761254,11351,84.52999735706105,11351,83.70881625211616,7679,13.575896396793235,11351,0.11452735441811294,11351,3.6644071126829747,10179,3.233030464991983,1871,4.162882882882883,17.68654114365411,11472.0,,,26.069911793531524,3061,47.7703364913427,6.696697610713742,6571,40.83626416568972,7677,17.011853588641397,7677,1.7845512570014328,7677,5.431809300508011,7677,34.93552168815944,7677,0.9376220862091418,7679,87.51139471285323,7679,0.013022528975126969,7679,0.0,7679,0.0,7679,0.0,7679,0.0,7679,0.0,7679,0.0,7679,0.013022528975126969,7679,,,,,,,,,,,,0,,0,,0,,0,,0,9.19732441471572,598,,41.0632183908046,10440,55.32567049808429,10440,66.17545927890755,10179,84.55631399317406,1172,0.9690776143071095,11351,9.108602569093032,2569,52.910903827597295,3109,22.57960759086523,3109,20.649726600192988,3109,4.953361209392088,3109,3109,3.651013187520103,,,,0,0,0
021001,14717,6828,32.97547054426853,14717,57.403003329482914,14717,9.621526126248556,14717,43.47353400828973,14717,13.610110756268261,14717,25.0,30.18291771420806,115.53895723491506,7889,10.552422368689271,14717,22.30753550315961,14717,1.9501257049670448,14717,74.20691287878788,57.44554924242424,16.761363636363637,29.177828147537607,342.725988700565,6.371247702675107,9794,11.128668171557562,4430,81.39686684073106,4596,93.3440256615878,3741,33.62369337979094,574,24.40225035161744,1422,9.73503666903241,8454,51.66784953867992,8454,33.10858765081618,8454,5.405725100544121,8454,38.5143127513603,8454,45.753489472439085,8454,8.686460863578443,11.128668171557562,2.4422073079791202,4430,5364,-2.2101387811186326,4.198174706649283,6.4083134877679155,3835,4619,-1.4319980215336177,5.763659069622229,7.195657091155847,3203,4421,7.336956521739131,7728,70.3027950310559,7728,0.9704968944099379,7728,6.66407867494824,7728,0.43995859213250516,7728,0.21997929606625258,7728,7.7769151138716355,7728,77.60649087221095,77.34279918864097,9860,9860,7652,0.3397804495556717,65.73285522187359,65.55356342447332,4462,4462,82.44047619047619,7728,4.321946169772256,7728,10.144927536231885,7728,21.6884119141027,87.4212671359763,65.73285522187359,5398,4462,3.843167701863354,7728,2.3162525879917184,7728,81.6123188405797,7728,1.8633540372670807,7728,2.4197722567287783,7728,3.5973084886128364,7728,1.125776397515528,7728,0.5564182194616977,7728,0.8281573498964804,7728,0.4787784679089027,7728,2.7820910973084887,7728,0.4528985507246377,7728,54.82095535774954,14717,4.396276415030237,14717,4.117687028606373,14717,25.446762247740708,14717,25.399198206156147,14717,65.80824896378338,14717,96.47250730646367,14713,74.55311629171482,14713,86.48073022312373,9860,21.124175898864948,14713,0.10874736627472303,14713,8.99696048632219,13160,3.6082651743435212,2323,4.881021321400368,19.9458141425088,18455.0,,,25.82236842105263,4864,48.06126644736842,5.946134722386646,8447,47.78904665314402,9860,15.446247464503042,9860,1.2981744421906694,9860,6.176470588235294,9860,29.290060851926977,9860,12.058823529411764,9860,78.30628803245436,9860,0.0,9860,0.0,9860,0.04056795131845842,9860,0.0,9860,0.0,9860,0.0,9860,0.0,9860,0.0,9860,,,,,,,,,,,,0,,0,,0,,0,,0,13.688760806916427,694,,21.22805718094956,13501,76.98688986001036,13501,77.52279635258358,13160,78.42884739214423,1553,4.31591109902807,14713,11.527122641509434,3392,44.263959390862944,4925,23.6751269035533,4925,31.878172588832488,4925,7.451776649746193,4925,4925,2.98741116751269,,,,0,0,0
021002,8266,3731,27.558674086619888,8266,62.38809581417856,8266,10.05323009920155,8266,36.607790950883135,8266,14.444713283329301,8266,28.0,31.759375756109364,121.54918252479229,4535,9.170094362448584,8266,25.50205661746915,8266,2.6252117106218242,8266,60.286988559239866,44.172968780298625,16.114019778941245,36.4793678665496,274.1275571600481,8.3248730964467,5910,15.036162923486867,2627,84.26754592557701,2123,94.35438792621576,1789,34.642857142857146,280,20.151679306608884,923,12.043864624692759,5289,37.39837398373984,5289,42.76800907543959,5289,7.581773492153526,5289,50.34978256759312,5289,56.513518623558326,5289,12.081548241793293,15.036162923486867,2.954614681693573,2627,3283,-2.7031187177854195,6.073567151411463,8.776685869196882,2338,2951,-1.3772921473854831,7.032449972958356,8.40974212034384,1849,2792,16.06217616580311,4246,52.94394724446538,4246,5.2991050400376825,4246,3.626943005181347,4246,0.3297220913801225,4246,8.101742816768724,4246,16.391898257183232,4246,70.71500167056465,70.28065486134314,5986,5986,4233,0.6142215922513584,52.18045112781955,51.766917293233085,2660,2660,67.16910032972208,4246,8.125294394724447,4246,20.136599152143194,4246,33.35773287699104,85.53818400481059,52.18045112781955,3326,2660,5.157795572303344,4246,3.3678756476683938,4246,38.17710786622704,4246,3.462081959491286,4246,3.8153556288271315,4246,10.904380593499765,4246,2.2845030617051343,4246,1.8134715025906736,4246,28.991992463495055,4246,0.5652378709373528,4246,2.2138483278379653,4246,0.659444182760245,4246,67.06992499395112,8266,20.723445439148318,8266,8.395838374062425,8266,21.521896927171547,8266,44.91894507621583,8266,53.23009920154851,8266,98.53581800580832,8264,85.55179090029041,8264,69.62913464751085,5986,28.291384317521782,8264,0.08470474346563407,8264,11.604050093258726,7506,2.8327427356484765,1411,4.044493392070485,22.488195893268916,9107.0,,,36.379874962786545,3359,45.54361417088419,6.905456612353164,5278,43.59618282270216,5973,17.930688096433954,5973,2.528042859534572,5973,7.852000669680228,5973,28.093085551649086,5973,1.5870364183093886,5986,68.76044102906782,5986,0.05011693952555964,5986,0.01670564650851988,5986,0.684931506849315,5986,0.0,5986,0.03341129301703976,5986,0.0,5986,0.0,5986,0.0,5986,,,,,,,,,,,,0,,0,,0,,0,,0,18.88888888888889,360,,57.27876971197706,7673,40.34927668447804,7673,61.41753264055422,7506,88.7862796833773,758,4.94917715392062,8264,9.102564102564102,1560,35.5819339895773,3454,20.09264620729589,3454,42.269832078749275,3454,7.961783439490445,3454,3454,2.392588303416329,,,,0,0,0
021003,10458,4979,32.13807611397973,10458,60.833811436221076,10458,7.028112449799197,10458,42.876266972652516,10458,10.269650028686174,10458,24.0,28.17096959265634,110.04217714400482,5479,10.986804360298336,10458,26.43908969210174,10458,1.3578122011856952,10458,64.38226972650111,52.82929896259038,11.55297076391072,21.86849152038084,457.27891156462584,6.067034365719135,7071,9.41141320585599,3347,82.20284237726098,3096,94.93123772102162,2545,35.83535108958838,413,18.98332009531374,1259,9.10868502525664,6137,42.59410135245234,6137,41.71419260224866,6137,6.306012709793058,6137,48.02020531204172,6137,55.466840475802506,6137,6.350188716060071,9.41141320585599,3.061224489795918,3347,3724,-0.9601567394111408,5.799102519848119,6.7592592592592595,2897,3240,-0.8254590613398323,7.006405124099279,7.831864185439112,2498,3063,14.161220043572985,5967,70.92341209988268,5967,1.240154181330652,5967,2.4300318417965476,5967,0.2849002849002849,5967,0.5027652086475616,5967,14.44612032847327,5967,82.6662908680947,82.62401352874859,7096,7096,5866,0.05114217524718718,75.71428571428571,75.68452380952381,3360,3360,83.69364839953076,5967,3.385285738226915,5967,10.491034020445785,5967,13.204343836035491,88.9186295503212,75.71428571428571,3736,3360,3.402044578515167,5967,1.6088486676721971,5967,79.40338528573822,5967,1.1731188201776437,5967,2.195408077761019,5967,4.541645718116306,5967,1.1731188201776437,5967,0.6535947712418301,5967,4.290263113792525,5967,0.5027652086475616,5967,2.1116138763197587,5967,0.620077090665326,5967,82.16676228724421,10458,9.686364505641613,10458,6.167527251864601,10458,16.121629374641422,10458,39.75903614457831,10458,47.71466819659591,10458,97.33193076408148,10457,81.55302668069235,10457,65.16347237880495,7096,40.29836473175863,10457,0.2582002486372765,10457,12.215298667812634,9308,2.9575113808801214,1977,3.902118334550767,17.552941176470593,10625.0,,,30.036387694343368,3023,45.227919285478,6.774019607843138,6120,31.50028200789622,7092,26.607445008460235,7092,3.299492385786802,7092,5.019740552735477,7092,33.57304004512126,7092,19.405298759864714,7096,46.29368658399098,7096,0.09864712514092447,7096,0.014092446448703494,7096,2.677564825253664,7096,0.0,7096,0.042277339346110485,7096,0.0,7096,0.0,7096,0.014092446448703494,7096,,,,,,,,,,,,0,,0,,0,,0,,0,19.360902255639097,532,,68.91891891891892,9546,28.55646344018437,9546,46.46540610227761,9308,84.07310704960835,1149,3.6339294252653724,10457,12.43825774584643,2227,54.37908496732026,3060,20.0,3060,22.15686274509804,3060,5.098039215686274,3060,3060,3.4173202614379083,,,,0,0,0
021004,19620,9035,33.99592252803262,19620,59.576962283384304,19620,6.427115188583079,19620,43.86340468909276,19620,10.0,19620,23.0,27.939449541284404,117.15550636413946,10585,11.16717635066259,19620,25.23445463812436,19620,1.4984709480122325,19620,67.85011549319873,57.06219522628112,10.787920266917615,18.90554722638681,528.9452815226011,8.525726893073832,12691,14.78352692713833,5682,83.96132044014672,5998,94.42017474185862,5036,34.2398022249691,809,22.925078510542843,2229,13.633087042710399,11098,41.701207424761215,11098,37.13281672373401,11098,7.379708055505496,11098,44.512524779239506,11098,50.23427644620652,11098,11.330823260424106,14.78352692713833,3.4527036667142244,5682,7009,-1.591385253710822,6.494824436776943,8.086209690487765,4927,6171,-1.009825420784325,6.869072708113804,7.878898128898129,3796,5772,18.972816399286987,8976,57.20811051693405,8976,1.3814616755793225,8976,4.723707664884135,8976,0.40106951871657753,8976,2.874331550802139,8976,19.373885918003566,8976,69.3002780352178,68.75965400061786,12948,12948,8973,0.7801181321743007,50.472914875322445,50.24935511607911,5815,5815,75.54590017825312,8976,5.848930481283422,8976,13.692067736185383,8976,34.17590048988154,84.64881536520399,50.472914875322445,7133,5815,4.244652406417113,8976,2.272727272727273,8976,56.52852049910874,8976,1.8716577540106951,8976,3.8881461675579323,8976,5.915775401069519,8976,1.983065953654189,8976,0.7575757575757576,8976,19.017379679144383,8976,0.6795900178253119,8976,2.1836007130124777,8976,0.7464349376114082,8976,46.8348623853211,19620,17.303771661569826,19620,6.758409785932722,19620,22.426095820591232,19620,21.646279306829765,19620,49.123343527013255,19620,98.09868488123152,19618,83.69354674278723,19618,78.6144578313253,12948,15.975124885309409,19618,0.04587623610969518,19618,7.012107649050324,17427,3.4758245276977267,3123,4.6980400603058365,23.717948717948723,21684.0,,,22.55561303673047,5799,45.01000172443525,6.44950816713293,11081,54.774929665520474,12796,11.902156924038762,12796,1.1644263832447639,12796,5.532979055954986,12796,26.625507971241014,12796,3.0120481927710845,12948,77.93481618782823,12948,0.0,12948,0.0,12948,0.17763361136855113,12948,0.007723200494284831,12948,0.0,12948,0.0,12948,0.007723200494284831,12948,0.0,12948,,,,,,,,,,,,0,,0,,0,,0,,0,14.112458654906284,907,,33.8458110516934,17952,63.89817290552585,17952,65.81740976645435,17427,89.22866271109082,2191,3.3591599551432356,19618,8.371665133394664,4348,52.01017811704835,5895,17.438507209499576,5895,24.410517387616625,5895,4.563189143341815,5895,5895,3.327905004240882,,,,0,0,0
021005,7913,3751,33.59029445216732,7913,58.11955010741817,7913,8.290155440414507,7913,45.07772020725388,7913,11.904461013522052,7913,23.0,28.490585113105016,110.95707811250334,4162,11.184127385315303,7913,25.186402123088588,7913,1.465942120561102,7913,72.05914329202001,57.79517286366602,14.26397042835399,24.680210684725356,405.1829268292683,6.876790830945558,5235,11.375770020533881,2435,86.84422921711057,2478,96.60780669144981,2152,37.59124087591241,274,30.216647662485748,877,10.816876122082585,4456,41.00089766606822,4456,43.37971274685817,4456,4.533213644524237,4456,47.912926391382406,4456,54.17414721723519,4456,8.411484306248166,11.375770020533881,2.9642857142857144,2435,2800,-2.154581537798104,3.380009657170449,5.534591194968553,2071,2385,-1.4478867770963015,6.522753792298716,7.970640569395018,1714,2248,10.917137939513154,4067,67.29776247848537,4067,1.5982296533071059,4067,3.9341037619867225,4067,0.24588148512417016,4067,0.1475288910745021,4067,11.163019424637325,4067,76.67111026471149,76.3283184155399,5251,5251,4026,0.44709388971684055,66.93944353518822,66.69394435351882,2444,2444,78.41160560609787,4067,6.024096385542169,4067,13.228423899680354,4067,18.20483861657523,85.14428215176345,66.93944353518822,2807,2444,3.368576346201131,4067,1.549053356282272,4067,70.98598475534793,4067,2.2866978116547823,4067,3.712810425374969,4067,6.614211949840177,4067,1.9670518809933613,4067,0.4917629702483403,4067,7.425620850749938,4067,0.5901155642980084,4067,2.1883452176051144,4067,0.39341037619867225,4067,57.55086566409705,7913,8.618728674333376,7913,4.32200176924049,7913,25.451788196638443,7913,18.475925691899405,7913,64.90585113105017,7913,97.81261853584525,7909,83.80326210646099,7909,89.79242049133498,5251,9.887469970919206,7909,0.03793147047667215,7909,6.0222095671981775,7024,3.6176975945017182,1164,4.835975943138327,20.09618687736173,8733.0,,,26.104890984089568,1697,50.99351797289334,6.5438793879387935,4444,49.03754526396036,5247,9.719839908519154,5247,1.8867924528301887,5247,5.831903945111493,5247,33.523918429578806,5247,0.4760997905160922,5251,95.41039801942487,5251,0.0,5251,0.0,5251,0.019043991620643685,5251,0.0,5251,0.0,5251,0.0,5251,0.0,5251,0.0,5251,,,,,,,,,,,,0,,0,,0,,0,,0,9.027777777777779,432,,34.246954595791806,7224,63.24750830564784,7224,77.3490888382688,7024,83.954802259887,885,2.617271462890378,7909,9.217577706323688,1866,62.25433526011561,1730,29.53757225433526,1730,15.606936416184972,1730,5.895953757225434,1730,1730,4.5716763005780345,,,,0,0,0
021006,5488,2628,26.585276967930028,5488,66.85495626822157,5488,6.559766763848397,5488,39.467930029154516,5488,9.438775510204081,5488,24.0,28.814868804664723,108.82800608828006,2860,7.434402332361516,5488,32.41618075801749,5488,1.348396501457726,5488,49.57754156445898,39.76560370673208,9.811937857726901,24.674434544208363,405.27777777777777,5.791697738006463,4023,8.221302998965873,1934,89.98073217726397,1557,96.0028551034975,1401,46.26865671641791,134,20.88167053364269,862,8.68929198361615,3418,34.81568168519602,3418,52.16500877706261,3418,4.271503803393798,3418,56.43651258045641,3418,62.11234640140433,3418,4.678938231134374,8.221302998965873,3.5423647678314985,1934,2089,0.5145421921512776,4.537205081669692,4.022662889518414,1653,1765,-0.49324905461152113,7.8086717136958015,8.301920768307323,1453,1666,8.706125258086717,2906,77.21954576737784,2906,1.5141087405368203,2906,1.445285615966965,2906,0.06882312456985547,2906,0.1720578114246387,2906,8.774948382656573,2906,73.1198808637379,71.65549764209482,4029,4029,2946,2.002715546503734,63.57069143446852,62.745098039215684,1938,1938,74.05368203716449,2906,4.335856847900895,2906,20.302821748107363,2906,18.399657680787335,81.97034911525586,63.57069143446852,2091,1938,2.5808671713695803,2906,0.9635237439779766,2906,71.36958017894013,2906,2.615278733654508,2906,1.7205781142463867,2906,12.76668960770819,2906,3.33792154163799,2906,1.3764624913971095,2906,2.684101858224363,2906,0.24088093599449414,2906,1.2732278045423262,2906,0.41293874741913283,2906,88.33819241982508,5488,2.496355685131195,5488,1.803935860058309,5488,21.06413994169096,5488,16.59985422740525,5488,56.541545189504376,5488,98.72448979591837,5488,90.10568513119533,5488,81.2608587738893,4029,8.491253644314869,5488,0.16399416909620992,5488,1.4960629921259843,5080,2.22834008097166,1235,3.0379901960784315,13.370416151627529,4854.0,,,31.506849315068493,1022,50.71232876712329,7.368852459016393,3416,30.702407545296598,4029,16.70389674857285,4029,3.052866716306776,4029,4.070488955075701,4029,45.47034003474808,4029,3.3010672623479773,4029,78.62993298585256,4029,0.02482005460412013,4029,0.07446016381236038,4029,0.04964010920824026,4029,0.0,4029,0.02482005460412013,4029,0.0,4029,0.0,4029,0.0,4029,,,,,,,,,,,,0,,0,,0,,0,,0,9.30930930930931,333,,68.70999030067895,5155,27.623666343355964,5155,49.25196850393701,5080,92.6470588235294,408,0.4008746355685131,5488,6.929895245769541,1241,62.62135922330097,1030,26.699029126213592,1030,8.058252427184467,1030,2.912621359223301,1030,1030,5.328155339805825,,,,0,0,0
021101,17823,8861,29.25994501486843,17823,63.799584806149355,17823,6.940470178982214,17823,39.5107445435673,17823,10.312517533524098,17823,26.0,29.266172922628066,101.1398262047173,8962,10.054424058800427,17823,26.56679571340403,17823,1.3353531953094315,17823,56.7408319409023,45.86228124175534,10.878550699146952,23.720038350910833,421.5844785772029,4.607154263813478,12524,6.923444214547191,6283,87.44282744282744,4810,90.15691868758915,4206,53.74592833876221,614,23.40832934418382,2089,7.442661590064364,11031,34.330523071344395,11031,47.547819780618255,11031,10.407034720333606,11031,57.95485450095186,11031,64.74481008068172,11031,4.648167816534052,6.923444214547191,2.2752763980131387,6283,6241,-2.015137056301448,9.400470929179496,11.415607985480944,5521,5510,-0.9111753248599612,8.03180713128039,8.942982456140351,4936,5244,9.829338804439056,10723,76.01417513755479,10723,1.594702974913737,10723,2.4713233236967267,10723,0.20516646460878485,10723,0.11190898069570084,10723,10.034505269047841,10723,84.38590923516344,84.21929546175818,12604,12604,10636,0.19744264761188415,82.11574952561669,81.97343453510436,6324,6324,81.38580621094843,10723,3.5344586403058846,10723,12.822904038049053,10723,4.556224996676306,86.671974522293,82.11574952561669,6280,6324,4.131306537349622,10723,1.296279026391868,10723,81.2365942366875,10723,1.4734682458267276,10723,2.0330131493052317,10723,4.877366408654295,10723,1.4268395038701855,10723,1.529422736174578,10723,0.14921197426093444,10723,0.5502191550871958,10723,1.7252634523920545,10723,0.6248251422176629,10723,77.79273971834147,17823,11.642260001122146,17823,9.016439432194355,17823,20.96728945744263,17823,59.26611681535095,17823,52.31442518094597,17823,98.63067512206072,17819,82.56916774229755,17819,73.7146937480165,12604,30.119535327459452,17819,0.2862113474381278,17819,9.346727397516691,16027,2.392105946507401,3851,3.1610217596972565,16.80849779709095,16569.0,,,37.00527704485488,6064,45.25296833773087,7.854376874829561,11001,28.86401524172422,12597,27.31602762562515,12597,3.9771374136699214,12597,5.683892990394538,12597,34.158926728586174,12597,2.0311012377023165,12604,67.90701364646144,12604,0.05553792446842272,12604,0.015867978419549348,12604,4.3081561409076485,12604,0.007933989209774674,12604,0.015867978419549348,12604,0.0,12604,0.007933989209774674,12604,0.007933989209774674,12604,,,,,,,,,,,,0,,0,,0,,0,,0,13.95101171458999,939,,79.78288711349637,16397,18.44239799963408,16397,43.05234916079117,16027,90.56919642857143,1792,2.272854817891015,17819,10.527833862128642,3467,47.458172458172456,6216,17.47104247104247,6216,28.42664092664093,6216,6.6763191763191765,6216,6216,2.8666344916344917,,,,0,0,0
021102,17276,7946,28.322528363047002,17276,64.30886779347071,17276,7.368603843482288,17276,37.65339198888632,17276,11.119472100023154,17276,27.0,29.994790460754803,117.41756858796879,9330,9.973373466080112,17276,26.157675387821254,17276,1.5744385274369066,17276,55.4995499549955,44.041404140414045,11.458145814581458,26.016758634784384,384.3676355066771,6.38780804150454,12336,10.112156295224313,5528,85.74994327206717,4407,95.23683514157185,3779,48.758865248226954,564,17.88235294117647,2125,8.971792538671519,10990,39.90900818926297,10990,43.639672429481344,10990,7.21565059144677,10990,50.85532302092812,10990,56.660600545950864,10990,6.748466518491059,10.112156295224313,3.363689776733255,5528,6808,-0.5996000030030606,6.883169934640523,7.4827699376435834,4896,6094,-0.966857978346737,7.246549262256068,8.213407240602805,4202,5773,11.64983164983165,10395,69.40836940836941,10395,5.3872053872053876,10395,2.0779220779220777,10395,0.4329004329004329,10395,2.260702260702261,10395,12.082732082732083,10395,83.44509978185344,83.2996687404056,12377,12377,10328,0.17428350116189,76.35610019823392,76.28401513786268,5549,5549,84.16546416546417,10395,3.4054834054834053,10395,10.524290524290524,10395,12.850109526429236,89.20620972466315,76.35610019823392,6828,5549,3.5978835978835977,10395,3.0206830206830206,10395,68.18662818662818,10395,1.2121212121212122,10395,2.0875420875420874,10395,4.011544011544012,10395,1.3083213083213083,10395,0.9716209716209716,10395,15.97883597883598,10395,0.4521404521404521,10395,1.7123617123617123,10395,0.6060606060606061,10395,74.31118314424636,17276,9.110905302153276,17276,8.989349386432044,17276,24.20699235934244,17276,54.32391757351239,17276,61.33943042370919,17276,98.55223534862172,17268,82.52837618716701,17268,75.58374404136705,12377,31.71183692378967,17268,0.2895529302756544,17268,9.011384833086769,15547,2.569186046511628,3440,3.392099792099792,15.900253070798097,16201.0,,,35.55452722505013,6483,44.34737004473238,7.094516923638354,10961,33.36296775236402,12373,24.367574557504245,12373,2.7964115412591934,12373,5.318031196961125,12373,34.15501495191142,12373,3.1106083865233902,12377,67.82742183081523,12377,0.04847701381594894,12377,0.0,12377,4.274056718106165,12377,0.016159004605316312,12377,0.02423850690797447,12377,0.0,12377,0.0,12377,0.0,12377,,,,,,,,,,,,0,,0,,0,,0,,0,18.30065359477124,765,,63.88452103905906,15899,34.19082961192528,15899,50.22833987264424,15547,88.78558977338757,1721,1.905258281213806,17268,10.26438569206843,3215,42.178812922614576,6655,16.63410969196093,6655,35.25169045830203,6655,7.317806160781368,6655,6655,2.594740796393689,,,,0,0,0
021103,6420,2985,26.806853582554517,6420,66.37071651090342,6420,6.822429906542056,6420,35.373831775700936,6420,10.404984423676012,6420,27.0,30.271339563862927,115.07537688442211,3435,9.361370716510903,6420,26.978193146417446,6420,1.2461059190031152,6420,50.6688570758038,40.38957991081906,10.279277164984745,25.45031958163858,392.92237442922374,4.421549688774415,4659,6.6891241578440805,2078,89.68609865470852,1561,93.07142857142857,1400,60.80402010050251,199,18.11023622047244,762,6.67302192564347,4196,32.62631077216397,4196,49.30886558627264,4196,10.867492850333651,4196,60.17635843660629,4196,65.5862726406101,4196,4.093231093140478,6.6891241578440805,2.595893064703603,2078,2581,-0.8896409341505684,10.37433155080214,11.263972484952708,1870,2326,-0.9568858446629864,8.22373887240356,9.180624717066546,1685,2209,19.520451339915375,3545,63.441466854724965,3545,3.8928067700987308,3545,2.0310296191819464,3545,0.7616361071932299,3545,0.5923836389280677,3545,20.282087447108605,3545,75.71428571428571,75.26652452025586,4690,4690,3551,0.5913827090960293,62.55969436485196,62.225405921680995,2094,2094,71.50916784203103,3545,5.952045133991537,3545,18.081805359661494,3545,23.76542119755174,86.3251155624037,62.55969436485196,2596,2094,5.585331452750353,3545,3.0465444287729198,3545,47.81382228490832,3545,1.8899858956276445,3545,3.1311706629055007,3545,6.741889985895628,3545,2.397743300423131,3545,2.2849083215796897,3545,23.695345557122707,3545,0.5923836389280677,3545,2.002820874471086,3545,0.6770098730606487,3545,73.5202492211838,6420,16.79127725856698,6420,9.174454828660435,6420,12.22741433021807,6420,39.190031152647975,6420,36.79127725856698,6420,98.89252846669787,6411,84.4642021525503,6411,69.3816631130064,4690,31.399157697707064,6411,0.15598190609889254,6411,11.428571428571429,5810,2.3171733771569434,1217,3.147866744593805,15.381743513160352,5357.0,,,30.53501522401044,2299,44.60939538929969,8.149976042165788,4174,35.196245733788395,4688,21.011092150170647,4688,3.7542662116040955,4688,5.354095563139932,4688,34.684300341296925,4688,2.1108742004264394,4690,68.99786780383795,4690,0.08528784648187633,4690,0.08528784648187633,4690,0.10660980810234541,4690,0.021321961620469083,4690,0.0,4690,0.021321961620469083,4690,0.0,4690,0.0,4690,,,,,,,,,,,,0,,0,,0,,0,,0,13.765182186234817,247,,77.3763295627216,5923,21.424953570825593,5923,47.93459552495697,5810,92.34608985024958,601,2.4177195445328343,6411,8.214285714285714,1120,39.436026936026934,2376,16.035353535353536,2376,35.18518518518518,2376,6.397306397306397,2376,2376,2.698232323232323,,,,0,0,0
021104,24731,11281,34.717560955885325,24731,61.32384456754681,24731,3.9585944765678702,24731,46.79956330112005,24731,6.408960414055234,24731,21.0,25.371355788281914,119.22701888130484,13450,11.83534834822692,24731,29.084954106182526,24731,0.6429177954793579,24731,63.06870631676118,56.613477515495184,6.4552288012659895,11.402282785930584,877.0173646578141,4.87409623535278,16044,8.165846802529867,7115,84.01449818772653,8001,84.64742636120202,6722,36.61417322834646,1016,25.57924003707136,3237,8.374019825417962,13518,33.45909158159491,13518,47.314691522414556,13518,10.54150022192632,13518,57.856191744340876,13518,63.79641958869655,13518,5.914754854943351,8.165846802529867,2.2510919475865157,7115,8929,-1.5634674919161533,9.664926755346018,11.228394247262171,5939,7579,-0.7380722394588339,8.113006396588487,8.85107863604732,5159,7185,15.144883791125867,13252,68.75188650769695,13252,1.4639299728342892,13252,2.859945668578328,13252,0.2641110775731965,13252,0.23392695442197403,13252,15.408994868699065,13252,81.05863394074625,80.83550266517912,16134,16134,13078,0.2752714482336749,71.81957827119118,71.66596844016199,7161,7161,69.58194989435557,13252,5.629338967702989,13252,21.47600362209478,13252,16.612384283138482,88.43196255432966,71.81957827119118,8973,7161,5.184123151222457,13252,1.977060066405071,13252,69.37820706308482,13252,2.6109266525807424,13252,2.935405976456384,13252,9.832478116510716,13252,2.588288560217326,13252,2.626018714156354,13252,0.20374283127075157,13252,0.5885904014488379,13252,2.4750980984002413,13252,0.822517355870812,13252,82.12365047915571,24731,8.337713800493308,24731,5.0220371194047955,24731,23.339129028344992,24731,52.771824835227044,24731,48.623185475718735,24731,97.82731833630037,24716,83.78378378378379,24716,75.24482459402505,16134,39.403625182068296,24716,0.15779252306198413,24716,11.93153136616034,21791,2.8765641569459173,4715,3.615686274509804,16.127351115743593,21107.0,,,37.3072295745379,9143,38.7511757628787,7.814262392401306,13476,28.63078258712638,16126,26.491380379511348,16126,2.5796849807763857,16126,3.2742155525238745,16126,39.023936500062014,16126,15.228709557456304,16134,46.51047477376968,16134,0.12396181975951406,16134,0.055782818891781334,16134,0.7871575554729143,16134,0.030990454939878516,16134,0.6693938267013759,16134,0.42766827817032355,16134,0.043386636915829925,16134,0.09916945580761126,16134,,,,,,,,,,,,0,,0,,0,,0,,0,16.375545851528383,1374,,67.08510163055618,22385,30.82867991958901,22385,46.61557523748336,21791,88.54700854700855,2925,2.3547499595403787,24716,11.569537562317345,5817,48.360569319978914,9485,9.19346336320506,9485,35.73010015814444,9485,3.500263574064312,9485,9485,2.6057986294148656,,,,0,0,0
021105,40178,18870,35.337747025735474,40178,62.06879386729056,40178,2.593459106973966,40178,46.861466474189854,40178,4.178903877744039,40178,21.0,23.710861665588133,112.91997880233174,21308,14.323759271242968,40178,32.15939071133456,40178,0.47040669022848325,40178,61.11155666051808,56.93319432191836,4.178362338599728,7.339061839695732,1362.5719769673703,4.311214590609236,25770,6.827748779255767,11878,77.94601711652403,12152,92.26140202702703,9472,32.28655544651619,2038,16.464613368283093,6104,7.3685167507613984,21999,41.68371289604073,21999,46.7793990635938,21999,4.004727487613073,21999,50.784126551206874,21999,58.22991954179736,21999,4.668232510899879,6.827748779255767,2.159516268355888,11878,13892,-0.8517944157823343,3.543072647876141,4.3948670636584755,10076,11923,-1.142381753173531,6.88820980108901,8.030591554262541,8999,11343,7.5940598346105554,23097,76.53807853833831,23097,1.5716326795687752,23097,3.4593237216954584,23097,0.030306966272676105,23097,0.10823916525955751,23097,7.624366800883232,23097,87.98213873277389,87.85510816845023,25978,25978,22856,0.14438221911095556,86.1159783062161,85.98247809762202,11985,11985,90.68710222106768,23097,1.640905745334892,23097,6.182621119625925,23097,3.4645262317671666,89.58050453798327,86.1159783062161,13993,11985,1.827077109581331,23097,0.5065592934147292,23097,90.509589990042,23097,0.5455253929081699,23097,1.0434255531021346,23097,2.8575139628523183,23097,0.6710828246092566,23097,0.6277871585054337,23097,0.17751223102567432,23097,0.17318266441529204,23097,1.125687318699398,23097,0.2814218296748495,23097,69.02284832495396,40178,5.796704664244114,40178,6.369157250236448,40178,17.375180447010802,40178,43.720444024092785,40178,45.10179700333516,40178,96.55009334163037,40175,76.93341630367144,40175,76.68026791900839,25978,50.334785314250155,40175,0.13690105787181084,40175,9.706283954562622,34421,2.605361671295737,8281,3.0939632003307835,15.33149171270718,29684.0,,,33.49859405061418,13514,37.03588870800651,6.9642580703911126,21963,26.24850795117631,25971,31.512071156289707,25971,2.6067536868045127,25971,3.1265642447345114,25971,36.50610296099496,25971,10.512741550542767,25978,60.68596504734776,25978,0.08468704288243899,25978,0.007698822080221726,25978,0.6313034105781815,25978,0.003849411040110863,25978,0.030795288320886904,25978,0.007698822080221726,25978,0.007698822080221726,25978,0.007698822080221726,25978,,,,,,,,,,,,0,,0,,0,,0,,0,19.06474820143885,2224,,59.02795265676152,35739,38.66084669408769,35739,54.14427239185381,34421,82.60340632603406,5754,1.6652146857498444,40175,13.473126054470956,8298,54.53491741524196,13804,6.831353230947552,13804,29.375543320776586,13804,2.209504491451753,13804,13804,2.910388293248334,,,,0,0,0
021201,30124,15527,29.292258664188022,30124,60.80201832425973,30124,9.90572301155225,30124,40.661930686495815,30124,14.188022838932413,30124,25.0,31.005377771876244,94.01043343852643,14597,9.371265436197053,30124,25.733634311512414,30124,2.3536050989244455,30124,64.46822450316662,48.176457741865036,16.291766761301595,33.816863100634635,295.71045576407505,10.515806988352745,21035,16.846749504772195,11106,86.24192059095107,8664,91.47483940042827,7472,38.99082568807339,1090,30.431244914564687,3687,17.92234931808183,18184,37.07105147382314,18184,38.57787065552134,18184,6.170259568851738,18184,44.74813022437308,18184,49.279586449626045,18184,13.412365377468337,16.846749504772195,3.4343841273038573,11106,9929,-4.229716399818222,4.185661002900953,8.415377402719175,9652,8532,-1.5810960147683826,6.871327683615819,8.452423698384202,7080,7798,12.453251099009252,15241,59.628633291778755,15241,1.4434748376090807,15241,3.87769831375894,15241,0.314939964569254,15241,0.27557246899809723,15241,12.768191063578506,15241,71.23783555074985,70.64547976117719,21271,21271,15153,0.8315185111859038,63.943762235273184,63.596725395977934,11238,11238,61.820090545239815,15241,12.518863591627847,15241,18.948887868250115,15241,15.464191517343181,79.40795375261636,63.943762235273184,10033,11238,3.9301883078538156,15241,2.1848960041991994,15241,60.0091857489666,15241,6.89587297421429,15241,5.57050062331868,15241,8.647726527130766,15241,3.8448920674496425,15241,1.2728823568007348,15241,1.8109047962732103,15241,0.8726461518273079,15241,1.8437110425825076,15241,0.5773899350436323,15241,51.400876377639094,30124,9.59035984596999,30124,6.878236621962555,30124,33.119771610675876,30124,43.141681051653165,30124,51.08551321205683,30124,99.11607350546639,30093,84.67085368690392,30093,83.63029476752386,21271,8.430532017412688,30093,0.119629149636128,30093,4.2317565089842315,27270,3.046530284797433,4986,4.177098495875788,18.459370596524195,34064.0,,,41.21535953631589,11042,47.2530338706756,6.3047913105805815,18137,50.188146754468484,21260,9.021636876763877,21260,1.3405456255879586,21260,6.970837253057384,21260,32.4788334901223,21260,0.10812843777913592,21271,89.92995157726482,21271,0.0,21271,0.0,21271,0.02350618212589911,21271,0.0,21271,0.0,21271,0.0,21271,0.0,21271,0.0,21271,,,,,,,,,,,,0,,0,,0,,0,,0,10.062182023742228,1769,,18.11353149479558,27957,79.33970025396144,27957,72.98863219655298,27270,93.55295784626284,2823,1.6914232545774766,30093,8.976522940003068,6517,41.08540925266904,11240,22.384341637010674,11240,34.22597864768683,11240,9.332740213523131,11240,11240,2.6773131672597863,,,,0,0,0
021202,24531,12401,27.61403937874526,24531,62.524968407321346,24531,9.86099221393339,24531,38.68574456809751,24531,13.80701968937263,24531,27.0,31.380008968244262,97.81469236351907,12130,8.540214422567363,24531,26.207655619420326,24531,2.286902286902287,24531,59.93610640239927,44.16481940279046,15.771286999608815,35.71006790670209,280.03307151715586,8.80949676246734,17606,13.244811426020977,8962,87.31765406370944,6718,93.84589157858848,5866,42.876165113182424,751,32.0108511359783,2949,15.063851967683085,15348,38.239510033880634,15348,40.578577013291635,15348,5.772739119103466,15348,46.3513161323951,15348,53.40761011206672,15348,9.033798006307881,13.244811426020977,4.211013419713096,8962,8644,-3.3540742029501622,4.135912445914991,7.489986648865154,7858,7490,-1.5062715011837167,6.926351570087407,8.432623071271124,6178,6805,13.462279417430839,12977,59.8982815750944,12977,1.3408337828465746,12977,6.026046081528858,12977,0.30823765122909763,12977,0.23888417970255066,12977,13.770517068659936,12977,72.74366197183099,72.25352112676056,17750,17750,12912,0.6737918215613383,64.54605699138503,64.30307046609234,9054,9054,64.13654927949449,12977,13.092394235955922,12977,17.176543114741467,12977,16.73269185866097,81.278748850046,64.54605699138503,8696,9054,3.090082453571704,12977,2.797256684904061,12977,63.84372351082685,12977,7.536410572551437,12977,5.525159898281575,12977,7.4978808661478,12977,3.7142636973106264,12977,1.1096555444247516,12977,0.29282576866764276,12977,1.225244663635663,12977,1.3331278415658472,12977,0.4161208291592818,12977,47.53577106518283,24531,8.813338225102932,24531,4.798010680363621,24531,33.810280869104396,24531,34.97207614854673,24531,44.20529126411479,24531,99.25783957917058,24523,84.34938629042124,24523,83.54929577464789,17750,9.60322962117196,24523,0.11010072177139828,24523,3.3039058319957197,22428,2.831054939386123,3877,3.990269930947897,16.312622055717185,25091.0,,,35.25831930596918,7723,48.62333290172213,6.540176528277215,15295,46.531694112339274,17732,9.840965486126777,17732,1.8159260094743965,17732,6.716670426347846,17732,35.09474396571171,17732,0.4112676056338028,17750,86.66478873239437,17750,0.005633802816901409,17750,0.0,17750,0.03380281690140845,17750,0.0,17750,0.0,17750,0.0,17750,0.0,17750,0.0,17750,,,,,,,,,,,,0,,0,,0,,0,,0,11.045218680504076,1349,,21.097874940000874,22917,76.94288083082428,22917,69.93044408774746,22428,94.94033412887828,2095,0.9134282102516006,24523,8.543200309957381,5162,44.47432449737482,7809,25.035215776667947,7809,26.50787552823665,7809,7.555384812395953,7809,7809,3.1403508771929824,,,,0,0,0
021203,17426,8975,27.613910249053138,17426,60.3351314128314,17426,12.050958338115459,17426,39.26316997589808,17426,16.963158498794904,17426,28.0,32.99827843452313,94.16155988857939,8451,8.527487662114082,17426,23.77481923562493,17426,2.852060140020659,17426,65.74091687274111,45.7675480311965,19.97336884154461,43.64089775561097,229.14285714285714,10.642714570858283,12525,16.77821721934895,6574,88.50174216027875,4879,93.46919870310329,4318,42.279411764705884,544,34.49001051524711,1902,18.306339657565943,10805,34.53956501619621,10805,39.15779731605738,10805,7.801943544655252,10805,46.959740860712635,10805,51.03192966219343,10805,12.913320563324753,16.77821721934895,3.8648966560241975,6574,5951,-5.258015015485101,5.323060759936964,10.581075775422065,5711,5094,-1.5651185795704574,7.190900337024555,8.756018916595012,4154,4652,12.854463202030233,9063,67.28456361028357,9063,0.9599470374048328,9063,3.3101621979476996,9063,0.4192872117400419,9063,0.22067747986317995,9063,13.273750413770275,9063,71.64723610119756,71.30620985010707,12609,12609,9034,0.4759796324994465,66.3137195583119,66.10195129329905,6611,6611,63.6985545625069,9063,11.839346794659605,9063,21.1519364448858,9063,11.212122389003866,77.52584194731577,66.3137195583119,5998,6611,4.40251572327044,9063,1.9640295707823017,9063,63.61028357056163,9063,6.454816285998014,9063,5.340395012688955,9063,9.996689837802052,9063,3.3873993158998124,9063,1.4123358711243517,9063,0.08827099194527198,9063,1.1364890212953769,9063,2.5157232704402515,9063,0.45238883371951893,9063,47.98576839205784,17426,10.81143119476644,17426,6.5476873637094,17426,40.27315505566395,17426,42.49397452083094,17426,54.53919430735682,17426,99.22507318753229,17421,88.78365191435624,17421,89.49956380363233,12609,6.652890190000574,17421,0.12054417082831066,17421,3.0436146846564167,15935,2.9790893760539627,2965,4.290254237288136,19.99909506357178,22101.0,,,38.50880106276984,6022,51.2879442045832,6.54209940652819,10784,49.924633082110276,12605,8.012693375644586,12605,1.3328044426814756,12605,7.988893296310987,12605,32.74097580325268,12605,0.23792529145848204,12609,94.43254817987152,12609,0.0,12609,0.0,12609,0.023792529145848205,12609,0.0,12609,0.0,12609,0.0,12609,0.0,12609,0.0,12609,,,,,,,,,,,,0,,0,,0,,0,,0,8.771929824561404,1026,,23.619820484446084,16266,74.59731956227714,16266,73.56761844995293,15935,93.94347240915208,1486,1.7450203777050686,17421,9.192944949225014,3742,40.387456903628305,6091,28.04137251682811,6091,30.832375636184533,6091,9.998358233459202,6091,6091,2.860121490724019,,,,0,0,0
021204,6498,3266,25.453985841797476,6498,60.064635272391506,6498,14.481378885811019,6498,35.27239150507849,6498,20.17543859649123,6498,32.0,35.237765466297326,98.95897121861604,3232,7.771622037550015,6498,21.637426900584796,6498,3.185595567867036,6498,66.48731744811683,42.37765821163208,24.109659236484756,56.89238210399033,175.77045696068012,15.400711445909186,4779,23.544093178036604,2404,85.74029126213593,1648,89.52583156404812,1413,30.569948186528496,193,28.457869634340224,629,23.90691114245416,4254,35.966149506346966,4254,35.33145275035261,4254,4.513399153737659,4254,39.84485190409027,4254,44.89891866478608,4254,16.386198441194498,23.544093178036604,7.157894736842105,2404,2375,-3.068563442426461,3.005085529357374,6.073648971783835,2163,2091,-1.6515522527067406,6.462328767123288,8.113881019830028,1460,1765,7.982456140350878,3420,72.19298245614036,3420,0.6432748538011696,3420,1.9298245614035088,3420,0.4093567251461988,3420,0.17543859649122806,3420,8.391812865497077,3420,70.90833850610387,70.18415063107801,4833,4833,3427,1.0213014298220018,62.453684643886376,62.16550020584603,2429,2429,57.45614035087719,3420,14.912280701754385,3420,21.637426900584796,3420,16.997230497544578,79.45091514143095,62.453684643886376,2404,2429,3.888888888888889,3420,2.1637426900584797,3420,57.19298245614035,3420,10.2046783625731,3420,4.707602339181286,3420,13.362573099415204,3420,2.017543859649123,3420,1.3157894736842106,3420,0.2631578947368421,3420,0.672514619883041,3420,1.5789473684210527,3420,0.5847953216374269,3420,63.4041243459526,6498,9.402893197907048,6498,5.1092643890427825,6498,31.80978762696214,6498,35.19544475223145,6498,45.46014158202524,6498,98.87449892075239,6486,90.68763490595128,6486,91.88909579971032,4833,8.341042244835029,6486,0.12334258402713537,6486,4.948177866934135,5982,2.828109201213347,989,4.157181571815718,21.027542372881356,7552.0,,,30.090012858979854,2333,52.82768966995285,5.590994813767091,4242,53.80784395102718,4819,8.902261880058104,4819,0.8300477277443453,4819,8.528740402573147,4819,27.931106038597218,4819,0.10345541071798055,4833,92.5512104283054,4833,0.02069108214359611,4833,0.0,4833,0.0,4833,0.0,4833,0.0,4833,0.0,4833,0.0,4833,0.0,4833,,,,,,,,,,,,0,,0,,0,,0,,0,9.183673469387756,294,,11.4004914004914,6105,84.7010647010647,6105,65.22902039451688,5982,92.46031746031746,504,3.5923527597903178,6486,6.175771971496437,1263,36.6060093101989,2363,31.739314430808296,2363,32.416419805332204,2363,12.23021582733813,2363,2363,2.744815911976301,,,,0,0,0
021301,31312,15230,31.12864077669903,31312,60.73390393459377,31312,8.137455288707205,31312,42.59070005109862,31312,11.749489013796628,31312,24.0,29.379662749105773,105.59422193040052,16082,10.002554931016862,31312,26.26149718957588,31312,1.9704905467552376,31312,64.65267918178472,51.25414103170847,13.398538150076247,26.14137683389761,382.5353218210361,6.013383873835931,21369,10.130970724191064,10384,86.59117366917134,9449,95.31899291126864,8182,38.59964093357271,1114,26.908602150537636,3720,9.9989096063679,18342,38.071093664813,18342,42.203685530476506,18342,9.431904917675281,18342,51.63559044815178,18342,57.196597971867845,18342,8.009896532110954,10.130970724191064,2.1210741920801093,10384,10985,-4.883564716692738,6.921696208211801,11.80526092490454,8914,9428,-1.767118447179798,7.089817162685173,8.856935609864971,7493,8961,10.842764114560284,15817,67.971170259847,15817,1.6058671050135929,15817,3.8060314851109567,15817,0.3540494404754378,15817,0.2465701460453942,15817,11.196813555035721,15817,73.18884299438437,72.67369007286398,21547,21547,15770,0.703868103994927,65.09964718222561,64.79450748545818,10487,10487,61.56034646266675,15817,9.091483846494278,15817,25.20705569956376,15817,15.759303993181263,80.85895117540687,65.09964718222561,11060,10487,4.811279003603717,15817,2.0673958399190746,15817,61.32009862805842,15817,4.05260163115635,15817,5.0009483467155595,15817,14.307390782069925,15817,3.420370487450212,15817,1.3340077132199533,15817,0.2402478346083328,15817,0.8977682240627173,15817,2.6996269836252136,15817,0.41095024340899033,15817,63.28564128768523,31312,7.2049054675523765,31312,5.374936126724578,31312,31.44800715380685,31312,38.18344404701073,31312,55.3429994890138,31312,98.38276655586806,31288,85.68141140373307,31288,84.55933540632107,21547,12.110074149833801,31288,0.14382510866785989,31288,4.0558298114145686,28157,3.008358208955224,5025,4.1937325551890385,20.291356820675365,32812.0,,,31.464274271066966,9363,47.74815764178148,7.233978565179353,18288,46.99428146357339,21509,12.845785485145752,21509,1.678367195127621,21509,6.0067878562462225,21509,32.47477799990702,21509,0.6497424235392398,21547,89.34422425395647,21547,0.00928203462198914,21547,0.00928203462198914,21547,0.11138441546386968,21547,0.0,21547,0.0,21547,0.0,21547,0.0,21547,0.0,21547,,,,,,,,,,,,0,,0,,0,,0,,0,8.803222094361335,1738,,34.021404079936275,28873,63.987115990717975,28873,73.0013850907412,28157,89.39635899073778,3131,1.981590386090514,31288,7.881154972799553,7169,48.636411498367906,9497,21.985890281141412,9497,24.723596925344847,9497,7.360219016531536,9497,9497,3.294514057070654,,,,0,0,0
021302,8903,4320,25.946310232505898,8903,59.32831629787712,8903,14.725373469616983,8903,35.5385825002808,8903,20.76828035493654,8903,33.0,35.5836234976974,106.08796296296296,4583,8.57014489497922,8903,20.285297090868248,8903,3.2797933280916545,8903,68.55357819007952,43.73343430518743,24.820143884892087,56.753246753246756,176.20137299771167,7.653374233128834,6520,13.673857868020304,3152,87.03786191536749,2245,94.98464687819856,1954,40.816326530612244,294,37.04663212435233,772,12.560303239145417,5804,42.28118538938663,5804,38.07718814610613,5804,6.926257753273604,5804,45.00344589937974,5804,51.03376981392143,5804,11.654855492723392,13.673857868020304,2.019002375296912,3152,3368,-4.76719672360848,4.472843450479234,9.240040174087714,2817,2987,-1.9147654052034566,6.330967169476486,8.245732574679943,2254,2812,6.2665958576739245,5649,73.69445919631794,5649,1.009028146574615,5649,7.912904938927244,5649,0.19472473004071517,5649,0.21242697822623474,5649,6.461320587714639,5649,84.69945355191257,84.54766241651488,6588,6588,5580,0.17921146953405018,81.3169502205419,81.2224322621298,3174,3174,79.92565055762081,5649,6.0541688794476896,5649,11.842804036112586,5649,6.527220839797877,87.84417106033978,81.3169502205419,3414,3174,2.5491237387148167,5649,1.982651796778191,5649,79.8194370685077,5649,3.398831651619756,5649,2.655337227827934,5649,7.1871127633209415,5649,1.3099663657284475,5649,0.38944946008143033,5649,0.10621348911311737,5649,0.283235970968313,5649,1.416179854841565,5649,0.35404496371039124,5649,54.610805346512414,8903,7.345838481410761,8903,5.5823879591149055,8903,30.25946310232506,8903,26.88981242277884,8903,52.83612265528473,8903,98.76376713868285,8898,84.52461227242077,8898,86.24772313296903,6588,17.599460552933245,8898,0.123623286131715,8898,10.09219422249539,8135,3.637873754152824,1204,5.252822580645161,22.879057875571394,12907.0,,,32.476780185758514,3230,53.40495356037152,6.455220017256256,5795,54.6678910315274,6534,9.121518212427304,6534,1.9895928986838078,6534,8.76951331496786,6534,25.451484542393633,6534,0.7437765634486946,6588,88.91924711596843,6588,0.04553734061930783,6588,0.0,6588,0.12143290831815422,6588,0.0,6588,0.0,6588,0.0,6588,0.0,6588,0.030358227079538554,6588,,,,,,,,,,,,0,,0,,0,,0,,0,8.312958435207824,409,,28.435734038715882,8317,70.02524948899844,8317,79.4099569760295,8135,89.38401048492791,763,4.944931445268599,8898,12.115732368896927,1659,34.02692778457772,3268,33.414932680538556,3268,35.434516523867806,3268,12.729498164014688,3268,3268,2.722766217870257,,,,0,0,0
021303,7798,3821,30.30264170300077,7798,59.37419851243909,7798,10.323159784560143,7798,40.536034880738654,7798,15.04231854321621,7798,27.0,31.507694280584765,104.08270086364826,3977,9.46396511926135,7798,22.941779943575277,7798,2.231341369581944,7798,68.42332613390928,51.03671706263499,17.386609071274297,34.06686415573424,293.54037267080747,6.717246484085862,5404,11.642017444065226,2637,84.56493222562308,2287,93.846949327818,1934,30.44982698961938,289,28.95069532237674,791,13.688212927756654,4734,41.93071398394592,4734,39.94507815800591,4734,4.245880861850444,4734,44.19095901985636,4734,51.499788762146174,4734,9.61816489617943,11.642017444065226,2.023852547885797,2637,2767,-3.5049723046250074,2.440087145969499,5.945059450594506,2295,2439,-1.8027495908506355,6.324354040681693,8.127103631532329,1819,2258,9.14422241529105,4604,71.98088618592529,4604,1.368375325803649,4604,2.2806255430060816,4604,0.10860121633362294,4604,0.4126846220677672,4604,9.252823631624674,4604,83.85790539296889,83.61862690962636,5433,5433,4556,0.2853380158033363,79.50263752825923,79.35192162773173,2654,2654,76.86794092093831,4604,8.145091225021721,4604,11.164205039096437,4604,8.51463487188471,88.01727240014394,79.50263752825923,2779,2654,1.9765421372719374,4604,2.0851433536055604,4604,76.62901824500435,4604,4.126846220677671,4604,3.9965247610773242,4604,5.147697654213728,4604,2.780191138140747,4604,0.8688097306689835,4604,0.23892267593397046,4604,0.39096437880104257,4604,0.5864465682015638,4604,0.3475238922675934,4604,54.706334957681456,7798,11.772249294690946,7798,4.655039753783021,7798,20.453962554501153,7798,28.507309566555527,7798,38.44575532187741,7798,98.99948691636737,7796,85.08209338122114,7796,88.58825694827904,5433,3.1682914315033353,7796,0.07696254489481785,7796,2.0685746670444884,7058,3.233305853256389,1213,4.423712342079689,17.97566371681416,9040.0,,,33.6062655749377,2809,48.65076539693841,6.3096296296296295,4725,50.110823790173626,5414,9.844846693756926,5414,1.3668267454746952,5414,7.332840783154784,5414,31.34466198743997,5414,0.12884226026136572,5433,86.60040493281797,5433,0.0,5433,0.0,5433,0.0,5433,0.0,5433,0.0,5433,0.0,5433,0.0,5433,0.0,5433,,,,,,,,,,,,0,,0,,0,,0,,0,12.285012285012286,407,,33.47615756738079,7235,64.98963372494816,7235,74.72371776707283,7058,93.22493224932249,738,0.9235505387378142,7796,7.919621749408983,1692,41.675503711558854,2829,23.612583951926474,2829,31.954754330151996,2829,8.412866737363025,2829,2829,2.755744079179922,,,,0,0,0
021304,12413,6106,30.347216627728994,12413,61.00056392491742,12413,8.65221944735358,12413,40.93289293482639,12413,12.78498348505599,12413,26.0,30.692741480705713,103.29184408778251,6307,8.394425199387738,12413,24.19237895754451,12413,1.9737372109884799,12413,63.93291072371896,49.74907554146857,14.183835182250396,28.510751260950357,350.7448789571695,5.537956118737534,8523,9.246901811248808,4196,87.33225979602791,3726,95.32882606023355,3254,37.906976744186046,430,34.42379182156134,1345,11.118625727039092,7393,39.564452860814285,7393,43.93345056134181,7393,5.167049912078993,7393,49.1005004734208,7393,56.1747599080211,7393,7.3056029898945205,9.246901811248808,1.941298821354287,4196,4327,-3.4623726912769413,3.4084661902144036,6.870838881491345,3638,3755,-1.8710439239020156,6.650459921156373,8.521503845058389,3044,3511,14.721636098036033,6161,57.50689823080669,6161,1.20110371692907,6161,2.726830060055186,6161,0.600551858464535,6161,0.35708488881675055,6161,15.322187956500569,6161,71.08433734939759,70.42400370713624,8632,8632,6136,0.9289439374185137,61.786133960047,61.57461809635723,4255,4255,61.67829897743873,6161,11.702645674403506,6161,19.44489530920305,6161,18.337238212674045,80.12337217272105,61.786133960047,4377,4255,3.1975328680409025,6161,2.8242168479142995,6161,61.61337445219932,6161,6.768381756208408,6161,4.918032786885246,6161,7.028079857166045,6161,6.508683655250771,6161,0.6817075150137965,6161,0.06492452523940918,6161,1.1686414543093653,6161,1.6231131309852296,6161,0.5193962019152735,6161,54.71682913075002,12413,11.278498348505599,12413,3.923306211230162,12413,29.009908966406186,12413,29.759123499556917,12413,39.52308064126319,12413,99.22568156154219,12398,85.35247620583965,12398,84.60379981464318,8632,5.307307630262946,12398,0.12905307307630262,12398,2.5977456851003873,11356,3.5574034334763946,1864,4.565845648604269,16.894580710512987,13821.0,,,31.594202898550726,3795,48.65401844532279,6.787447471872035,7377,52.96914868939921,8622,9.440964973324055,8622,1.264207840408258,8622,6.692182788216191,8622,29.633495708652283,8622,0.2201112140871177,8632,86.04031510658017,8632,0.0,8632,0.0,8632,0.04633920296570899,8632,0.0,8632,0.0,8632,0.0,8632,0.0,8632,0.0,8632,,,,,,,,,,,,0,,0,,0,,0,,0,7.441860465116279,645,,28.370568446476323,11593,68.3343396877426,11593,71.48643888693202,11356,93.47408829174664,1042,1.4599128891756734,12398,7.117688513037351,2838,45.50401658460741,3859,22.70018139414356,3859,26.97590049235553,3859,7.333506089660534,3859,3859,3.212749416947396,,,,0,0,0
021305,22858,11483,32.27316475632164,22858,59.9396272639776,22858,7.787207979700761,22858,44.32583778108321,22858,10.906466007524719,22858,23.0,28.359305276052147,99.05947923016633,11375,10.731472569778633,22858,27.57459095283927,22858,1.8768046198267565,22858,66.83453762499087,53.84278519816072,12.991752426830159,24.12904974922055,414.438202247191,6.5489861539471095,15239,11.047495120364346,7685,86.72654690618762,7014,90.53098799934243,6083,38.63134657836645,906,28.272251308900522,2865,11.358368103847937,12942,36.89537938494823,12942,41.92551383093803,12942,9.43439962911451,12942,51.35991346005254,12942,57.20908669448308,12942,9.075030201116265,11.047495120364346,1.9724649192480805,7685,7554,-4.23325943742238,7.350479379089941,11.583738816512321,6571,6371,-1.5552619064655424,7.338798820928519,8.894060727394061,5428,5994,16.341484947470644,11327,59.759865807362935,11327,1.7656925929195728,11327,3.9551514081398427,11327,0.5208793149112739,11327,0.30016774079632735,11327,16.86236426238192,11327,72.78378553389885,72.34993200802953,15443,15443,11240,0.5960854092526691,66.49557295008341,66.21326831772103,7793,7793,49.05094023130573,11327,11.618257261410788,11327,33.60113004325947,11327,12.69396953357672,79.18954248366013,66.49557295008341,7650,7793,5.146993908360554,11327,3.2753597598658075,11327,48.750772490509405,11327,4.740884611989053,11327,6.718460316058974,11327,16.800565021629733,11327,6.4182925752626465,11327,3.1959035931844264,11327,0.30016774079632735,11327,1.5008387039816369,11327,1.9246049262823341,11327,0.7151055001324269,11327,55.64353836731122,22858,10.39023536617377,22858,8.045323300376236,22858,26.428383935602415,22858,50.79184530580103,22858,51.583690611602066,22858,98.55345636260027,22813,83.50063560250734,22813,81.08528135724924,15443,20.8477622408276,22813,0.3550607109981151,22813,8.916822154571344,20366,2.894698795180723,4150,4.050666227998026,20.23085770621098,24344.0,,,37.97773903714631,7457,44.42309239640606,7.204778156996587,12892,46.48645144561131,15426,12.115908206923375,15426,1.6011927913911579,15426,5.691689355633346,15426,34.10475820044081,15426,1.0878715275529367,15443,82.37389108333873,15443,0.01942627727773101,15443,0.0,15443,0.09065596062941138,15443,0.0,15443,0.012950851518487341,15443,0.0,15443,0.0,15443,0.0,15443,,,,,,,,,,,,0,,0,,0,,0,,0,10.128495842781557,1323,,45.352839931153184,20916,52.61522279594569,20916,69.33123833840715,20366,89.6608091540662,2447,3.121027484329111,22813,7.4715963797419604,5193,47.37670514165792,7624,19.21563483735572,7624,29.0398740818468,7624,6.7943336831059815,7624,7624,2.9922612801678907,,,,0,0,0
021306,9879,4819,29.365320376556333,9879,62.658163781759285,9879,7.976515841684381,9879,40.621520396801294,9879,10.97277052333232,9879,25.0,29.817390424131997,105.00103755965968,5060,9.110233829334954,9879,26.763842494179574,9879,2.2573134932685495,9879,59.59612277867528,46.865912762520196,12.73021001615509,27.163047225094793,368.1472081218274,4.175728577642453,6897,6.648857227663996,3369,87.71681415929204,2825,91.64648910411623,2478,38.109756097560975,328,34.424920127795524,1252,7.866868381240544,5949,36.964195663136664,5949,49.167927382753405,5949,5.664817616406118,5949,54.83274499915952,5949,61.57337367624811,5949,4.834798270747896,6.648857227663996,1.8140589569160999,3369,3528,-4.317289311517861,3.450655624568668,7.767944936086529,2898,3051,-1.9006103100204639,6.983542319749216,8.88415262976968,2552,2909,18.28,5000,49.34,5000,1.62,5000,5.72,5000,0.56,5000,0.66,5000,18.84,5000,71.20321239064965,70.71561738132797,6973,6973,4965,0.6847935548841894,61.88800938141308,61.62415713866901,3411,3411,57.76,5000,11.74,5000,23.56,5000,18.235516727514486,80.12352610892756,61.88800938141308,3562,3411,3.44,5000,2.84,5000,54.34,5000,6.42,5000,5.28,5000,8.46,5000,8.72,5000,1.14,5000,3.42,5000,0.72,5000,2.02,5000,0.52,5000,70.38161757262881,9879,8.604109727705234,9879,3.5529911934406315,9879,23.170361372608564,9879,20.518271080068832,9879,31.52140904949894,9879,99.22009520915628,9873,84.37151828218373,9873,82.36053348630432,6973,3.5652790438569837,9873,0.20257267294641954,9873,2.7972807310821355,8973,3.1109778044391123,1667,4.144950495049505,15.819482025512176,10348.0,,,31.829652996845425,3170,46.43028391167192,7.353516613256873,5929,51.17047249748671,6963,8.272296423955192,6963,1.306907941979032,6963,4.552635358322562,6963,34.6976877782565,6963,0.17209235623117738,6973,83.13494908934462,6973,0.0,6973,0.0,6973,0.2007744156030403,6973,0.0,6973,0.01434102968593145,6973,0.0,6973,0.0,6973,0.0,6973,,,,,,,,,,,,0,,0,,0,,0,,0,12.658227848101266,553,,36.26829801179812,9154,62.311557788944725,9154,74.67959433857126,8973,95.0,900,1.3572369087410108,9873,7.994389901823282,2139,44.54828660436137,3210,20.623052959501557,3210,29.937694704049843,3210,7.414330218068536,3210,3210,3.075700934579439,,,,0,0,0
021307,5042,2581,27.727092423641412,5042,64.35938119793732,5042,7.9135263784212615,5042,38.1594605315351,5042,11.562871876239587,5042,27.0,30.38516461721539,95.35063928709802,2461,9.658865529551765,5042,26.576755255850852,5042,2.2015073383577946,5042,55.377503852080125,43.08166409861325,12.295839753466872,28.540772532188843,350.37593984962405,2.4517906336088156,3630,3.535083020889127,1867,88.89733840304183,1315,82.37810094097519,1169,44.97041420118343,169,31.595576619273302,633,5.693614344133375,3179,28.59389745202894,3179,57.47090279962252,3179,7.895564642969488,3179,65.36646744259201,3179,71.31173324944952,3179,2.230488579595877,3.535083020889127,1.3045944412932502,1867,1763,-0.9929738490863631,7.416413373860182,8.409387222946545,1645,1534,-0.9269683279023191,8.326101249178173,9.253069577080492,1521,1466,22.608695652173914,2645,53.119092627599244,2645,1.9281663516068053,2645,2.1172022684310017,2645,0.11342155009451796,2645,0.2646502835538752,2645,22.722117202268432,2645,73.14662273476112,72.15815485996706,3642,3642,2664,1.3513513513513513,62.70010672358591,62.219850586979724,1874,1874,48.69565217391305,2645,11.568998109640832,2645,31.266540642722116,2645,21.519350289988743,84.21945701357465,62.70010672358591,1768,1874,5.141776937618148,2645,2.1172022684310017,2645,45.103969754253306,2645,8.015122873345936,2645,3.553875236294896,2645,10.094517958412098,2645,13.081285444234405,2645,1.66351606805293,2645,3.5916824196597354,2645,0.831758034026465,2645,2.4574669187145557,2645,0.945179584120983,2645,72.59024196747322,5042,12.832209440698136,5042,7.318524395081317,5042,18.722729075763585,5042,36.05712019040063,5042,46.489488298294326,5042,98.94820400873189,5039,87.10061520142885,5039,77.1554091158704,3642,4.544552490573526,5039,0.31752331811867435,5039,2.32813529540962,4553,2.7389830508474575,885,3.6597014925373132,15.820957095709575,4848.0,,,30.20504731861199,1268,49.81545741324921,8.263573232323232,3168,46.895604395604394,3640,10.467032967032967,3640,1.6758241758241759,3640,5.549450549450549,3640,35.41208791208791,3640,0.1372872048325096,3642,73.22899505766063,3642,0.027457440966501923,3642,0.0,3642,0.21965952773201539,3642,0.0,3642,0.027457440966501923,3642,0.0,3642,0.0,3642,0.0,3642,,,,,,,,,,,,0,,0,,0,,0,,0,6.7669172932330826,266,,49.129967776584316,4655,49.06552094522019,4655,67.20843399956073,4553,93.4156378600823,486,1.4288549315340344,5039,7.265388496468214,991,53.224553224553226,1287,24.630924630924632,1287,19.036519036519035,1287,6.682206682206682,1287,1287,3.9153069153069153,,,,0,0,0
021401,19397,9256,27.906377274836316,19397,64.70588235294117,19397,7.387740372222509,19397,38.325514254781666,19397,11.115120894983761,19397,26.0,29.988090941898232,109.56136560069145,10141,9.346806207145434,19397,27.08150744960561,19397,1.6033407227921843,19397,54.54545454545455,43.128037606565215,11.417416938889332,26.473305006465914,377.7390090718772,4.710380148596985,13863,7.538836430094426,6566,86.9263401465484,5186,86.13575865128661,4508,45.48238897396631,653,24.48644207066557,2434,7.837016347654646,12173,35.0529861168159,12173,41.953503655631316,12173,14.745748788301979,12173,56.6992524439333,12173,61.71034256140639,12173,5.373563030067017,7.538836430094426,2.1652734000274085,6566,7297,-2.3829025553579832,13.487643578141316,15.8705461334993,5746,6427,-1.0789773866130101,8.070472440944881,9.149449827557891,5080,6089,18.042918454935624,11650,67.09871244635193,11650,1.871244635193133,11650,1.888412017167382,11650,0.22317596566523606,11650,0.2918454935622318,11650,18.266094420600858,11650,83.13218390804597,82.816091954023,13920,13920,11572,0.38022813688212925,78.46200515698467,78.14348551494008,6593,6593,67.21888412017168,11650,8.71244635193133,11650,20.523605150214593,11650,8.872511016073872,87.33451617305855,78.46200515698467,7327,6593,6.8927038626609445,11650,3.2703862660944205,11650,65.65665236051503,11650,1.5965665236051503,11650,7.03862660944206,11650,6.635193133047211,11650,2.6008583690987126,11650,3.6566523605150216,11650,1.5622317596566524,11650,0.9699570815450643,11650,2.2145922746781115,11650,1.0472103004291846,11650,72.06269010671754,19397,14.022787028921998,19397,6.671134711553333,19397,22.44677011909058,19397,54.77135639531886,19397,55.21987936278806,19397,98.77928929809134,19333,86.77390989499818,19333,76.14942528735632,13920,32.42124864221797,19333,0.5069052914705426,19333,10.844748858447488,17520,2.3884625562318074,3779,3.1631284916201117,17.130481219960835,16853.0,,,36.5224863935835,6982,44.7191349183615,7.93722675905304,12123,33.37643678160919,13920,21.645114942528735,13920,3.735632183908046,13920,4.813218390804598,13920,36.429597701149426,13920,3.3045977011494254,13920,69.97126436781609,13920,0.09339080459770115,13920,0.021551724137931036,13920,3.4195402298850577,13920,0.028735632183908046,13920,0.04310344827586207,13920,0.0,13920,0.007183908045977011,13920,0.0,13920,,,,,,,,,,,,0,,0,,0,,0,,0,12.461695607763023,979,,68.6805516779273,17909,28.890501982243563,17909,51.210045662100455,17520,91.28516271373414,1813,3.1707443231779857,19333,8.05404001039231,3849,42.433980718178006,7157,17.325695123655162,7157,33.10046108704765,7157,6.175771971496437,7157,7157,2.70127148246472,,,,0,0,0
021402,16930,8470,28.334317779090373,16930,64.98523331364441,16930,6.68044890726521,16930,39.25575900767868,16930,9.728292971057295,16930,26.0,29.27330183106911,99.8819362455726,8460,9.858239810986415,16930,27.607796810395747,16930,1.346721795629061,16930,53.88111252499546,43.601163424831846,10.279949100163607,23.577235772357724,424.13793103448273,4.339464882943144,11960,6.25207848353841,6014,85.84782608695652,4600,84.5277285388706,3949,39.42307692307692,624,23.225806451612904,2015,7.185284537267676,10438,37.89998083924123,10438,48.61084498946158,10438,5.958995976240659,10438,54.56984096570224,10438,60.816248323433605,10438,3.847100346976015,6.25207848353841,2.404978136562395,6014,5946,-1.7135587628039355,5.104186580003823,6.817745342807759,5231,5207,-1.3895965336098124,7.272206911172355,8.661803444782167,4717,4935,7.038123167155425,10571,74.72329959322676,10571,1.3149181723583387,10571,2.204143411219374,10571,0.3878535616308769,10571,0.17973701636552833,10571,7.425976728786302,10571,86.18898416886543,86.13126649076517,12128,12128,10453,0.06696642112312255,84.78439088375143,84.76799475323824,6099,6099,86.22646864062057,10571,2.50685838615079,10571,8.57061772774572,10571,2.8254946694083003,87.60988555315973,84.78439088375143,6029,6099,2.1095449815533063,10571,1.1824803708258442,10571,85.36562293065936,10571,0.9270646107274619,10571,1.541954403556901,10571,3.5758206413773532,10571,1.3054583293917321,10571,0.8230063380947876,10571,0.8608457099612147,10571,0.22703623119856212,10571,1.191940213792451,10571,0.2743354460315959,10571,76.58003544004725,16930,7.395156526875369,16930,5.31600708800945,16930,16.154754873006496,16930,47.78499704666273,16930,40.401653868871826,16930,98.36317437806535,16923,83.88583584470838,16923,77.26748021108179,12128,18.14099154996159,16923,0.26591029959227086,16923,6.444211354398846,15254,2.4517221908526254,3542,3.199468628653178,17.319587628865985,15520.0,,,32.63099011747156,5363,44.85250792466903,7.398673332051529,10402,30.40232268768146,12055,26.52011613438407,12055,2.9116549149730404,12055,5.342181667357943,12055,34.82372459560349,12055,1.6985488126649078,12128,75.90699208443272,12128,0.024736147757255935,12128,0.0,12128,2.061345646437995,12128,0.008245382585751979,12128,0.024736147757255935,12128,0.0,12128,0.008245382585751979,12128,0.008245382585751979,12128,,,,,,,,,,,,0,,0,,0,,0,,0,12.48688352570829,953,,68.41432225063939,15640,29.36061381074169,15640,55.60508719024518,15254,88.07669263031755,1669,2.0977368078945813,16923,11.34517002708396,3323,49.211587825449215,5454,17.601760176017603,5454,23.102310231023104,5454,5.0788412174550785,5454,5454,3.1028602860286028,,,,0,0,0
021501,9362,4146,36.12475966673787,9362,60.70284127323222,9362,3.172399060029908,9362,47.094637897885065,9362,5.212561418500321,9362,21.0,24.596560563982056,125.80800771828268,5216,14.03546250801111,9362,28.167058320871607,9362,0.5127109591967528,9362,64.73693471757875,59.51082174907619,5.226112968502552,8.781785925487878,1138.7205387205388,2.994725199931938,5877,5.04885993485342,2456,81.0632383599722,2878,93.1847406772396,2333,44.67120181405895,441,18.47826086956522,1196,5.119047619047619,5040,34.90079365079365,5040,50.138888888888886,5040,9.444444444444445,5040,59.583333333333336,5040,67.79761904761905,5040,3.5288365498782666,5.04885993485342,1.5200233849751534,2456,3421,-3.532380151387721,7.375478927203065,10.907859078590786,2088,2952,-0.7502091313831105,7.996304118268215,8.746513249651326,1894,2868,29.517929232961293,4211,46.3785324151033,4211,2.1610068867252434,4211,2.493469484682973,4211,0.8074091664687723,4211,1.11612443600095,4211,30.325338399430063,4211,70.20421827920991,69.78573819886174,5974,5974,4194,0.5960896518836433,49.48165869218501,49.04306220095694,2508,2508,50.8905248159582,4211,14.984564236523392,4211,24.649726905723107,4211,35.71741805334298,85.19907674552799,49.48165869218501,3466,2508,6.9817145571123245,4211,5.081928283068155,4211,48.91949655663738,4211,11.27998100213726,4211,3.6808359059605795,4211,8.881500831156496,4211,4.417003087152695,4211,3.063405366896224,4211,1.9710282593208264,4211,1.306103063405367,4211,2.873426739491807,4211,0.6411778674899073,4211,70.39094210638753,9362,11.066011535996582,9362,10.254219183935056,9362,29.01089510788293,9362,41.82866908780175,9362,52.232428968169195,9362,95.22231722958529,9356,72.8516460025652,9356,60.44526280549046,5974,50.6626763574177,9356,1.6139375801624627,9356,23.38970405371798,8042,3.367359413202934,1636,4.079739217652959,14.738667327223187,8074.0,,,24.755989352262645,2254,39.755545696539485,8.003386454183268,5020,27.638444706278403,5941,32.80592492846322,5941,2.5416596532570273,5941,2.2386803568422824,5941,34.775290355159065,5941,7.833947104117844,5974,13.441580180783395,5974,0.3515232674924674,5974,0.2008704385671242,5974,0.6528289253431536,5974,0.11717442249748912,5974,0.5691329092735186,5974,0.2008704385671242,5974,0.05021760964178105,5974,0.2008704385671242,5974,,,,,,,,,,,,0,,0,,0,,0,,0,23.12775330396476,454,,78.48543221767397,8306,15.290151697568023,8306,24.88187018154688,8042,81.7351598173516,1314,3.847798204360838,9356,9.856364536899456,2019,57.46938775510204,2450,10.244897959183673,2450,21.551020408163264,2450,1.8775510204081634,2450,2450,3.8187755102040817,,,,0,0,0
021502,8711,4091,37.45838594880037,8711,57.91527953162668,8711,4.6263345195729535,8711,48.226380438526,8711,7.105957984157961,8711,21.0,25.153598897945127,112.930823759472,4620,13.523131672597865,8711,26.437837217311444,8711,0.8150614165997015,8711,72.66600594648166,64.67789890981169,7.9881070366699705,12.350597609561753,809.6774193548387,4.013993739642792,5431,6.391585760517799,2472,83.32172701949861,2872,94.6510656080234,2393,39.34426229508197,427,23.891129032258064,992,6.97524219590958,4645,33.39074273412271,4645,46.80301399354144,4645,12.357373519913885,4645,59.160387513455326,4645,65.23143164693218,4645,4.363873695631013,6.391585760517799,2.027712064886786,2472,2959,-0.42750183046363865,12.121212121212121,12.54871395167576,2079,2566,-0.4118857407754888,8.399134667387777,8.811020408163266,1849,2450,36.067325674592574,3743,49.47902751803366,3743,1.8167245524979962,3743,4.889126369222549,3743,0.6946299759551162,3743,0.32059845044082286,3743,36.76195565054769,3743,68.7488517361749,68.19768510012861,5443,5443,3742,0.8017103153393907,49.63680387409201,49.23325262308313,2478,2478,42.10526315789474,3743,17.152017098584025,3743,35.265829548490515,3743,35.08494992017444,84.72175379426645,49.63680387409201,2965,2478,8.97675661234304,3743,4.621960993855196,3743,41.86481432006412,3743,11.514827678332889,3743,5.396740582420518,3743,10.312583489179802,3743,7.133315522308309,3743,4.43494523109805,3743,0.24044883783061716,3743,1.4961261020571734,3743,4.007480630510286,3743,1.4694095645204381,3743,87.42968660314544,8711,16.634140741591093,8711,9.424865113075422,8711,41.31557800482149,8711,67.58121914820342,8711,73.92951440707152,8711,97.438548127728,8706,73.9030553641167,8706,66.52581297078817,5443,41.270388237996784,8706,0.5513439007580979,8706,16.166312433581297,7528,2.9552150854449026,1697,3.919214970333181,17.174320524835984,8536.0,,,21.467257508616445,2031,43.34268833087149,8.0108154877785,4623,27.899283219996324,5441,31.942657599705935,5441,2.315750781106414,5441,3.032530784782209,5441,34.809777614409114,5441,10.06797721844571,5443,9.737277236817931,5443,0.18372221201543268,5443,0.018372221201543266,5443,0.23883887562006245,5443,0.09186110600771634,5443,0.09186110600771634,5443,0.0,5443,0.03674444240308653,5443,0.1102333272092596,5443,,,,,,,,,,,,0,,0,,0,,0,,0,20.815450643776824,466,,83.93615651950059,7769,13.631097953404556,7769,30.658873538788523,7528,90.0679117147708,1178,3.5148173673328738,8706,8.452792881858626,2023,66.00676001931434,2071,16.224046354418157,2071,17.189763399323997,2071,2.7522935779816513,2071,2071,4.203766296475133,,,,0,0,0
021601,13023,6251,34.12424172617676,13023,57.951316900867695,13023,7.92444137295554,13023,45.081778392075556,13023,11.24164938954158,13023,22.0,28.01481993396299,108.33466645336746,6772,11.932734392997006,13023,26.146049297396914,13023,1.7123550641173308,13023,72.55863256923281,58.88432489731019,13.674307671922618,23.222322232223224,430.62015503875966,15.597513779758414,8527,24.41860465116279,4042,83.45088161209068,3970,94.92906731059463,3313,36.016949152542374,472,26.86472819216182,1582,24.263502454991816,7332,35.97926895799236,7332,33.1696672122204,7332,6.382978723404255,7332,39.55264593562466,7332,44.29896344789962,7332,16.770890046926446,24.41860465116279,7.647714604236343,4042,4485,-2.953976506836126,4.823801270941652,7.777777777777778,3462,3870,-1.048171731107912,6.964235949837436,8.012407680945348,2153,3385,8.358570563294974,6604,66.83827983040581,6604,0.9993943064809206,6604,7.389460932768019,6604,0.3634161114476075,6604,0.5451241671714112,6604,8.72198667474258,6604,76.72303206997084,76.23323615160349,8575,8575,6579,0.6383948928408573,69.60471397004665,69.48195433341517,4073,4073,77.3167777104785,6604,5.632949727437916,6604,13.567534827377347,6604,13.558324679442464,83.16303864948911,69.60471397004665,4502,4073,4.98182919442762,6604,2.013930950938825,6604,73.80375529981829,6604,2.786190187764991,6604,2.8013325257419748,6604,5.31496062992126,6604,1.1205330102967899,6604,1.1811023622047243,6604,3.513022410660206,6604,0.7722592368261659,6604,1.241671714112659,6604,2.2562083585705635,6604,66.36719649850265,13023,4.860631190969823,13023,3.547569684404515,13023,55.39430238808262,13023,22.552407279428703,13023,53.106043154419105,13023,97.95667537256107,13018,79.33630357965893,13018,87.19533527696792,8575,9.87862958979874,13018,0.03840835765862652,13018,3.244940683879972,11464,3.0801955990220047,2045,4.032991672005125,20.738545338032676,12484.0,,,28.466327108092813,3534,46.98981324278438,5.736777367773677,7317,41.617080854042705,8571,12.973982032434956,8571,1.3884027534710068,8571,5.7519542643798856,8571,38.26858009567145,8571,15.650145772594753,8575,4.746355685131196,8575,0.0,8575,0.0,8575,0.011661807580174927,8575,0.0,8575,0.0,8575,0.0,8575,0.0,8575,0.0,8575,,,,,,,,,,,,0,,0,,0,,0,,0,10.822510822510823,693,,7.967009608026529,11761,89.92432616274127,11761,73.0460572226099,11464,89.96138996138995,1554,0.7143954524504532,13018,11.572498298162015,2938,54.33268319866258,3589,23.32125940373363,3589,21.25940373363054,3589,6.129841181387573,3589,3589,3.627194204513792,,,,0,0,0
021602,3285,1631,33.759512937595126,3285,57.564687975646876,3285,8.67579908675799,3285,43.926940639269404,3285,11.780821917808218,3285,23.0,28.034398782343988,101.41017780502759,1654,12.237442922374429,3285,26.14916286149163,3285,2.2222222222222223,3285,73.71760973030143,58.64621893178212,15.071390798519301,25.69882777276826,389.12280701754383,14.529520295202952,2168,21.038251366120218,1098,78.80928355196771,991,94.36619718309859,781,33.80281690140845,142,28.645833333333332,384,24.443266171792153,1886,39.87274655355249,1886,30.16967126193001,1886,5.461293743372217,1886,35.63096500530223,1886,40.4559915164369,1886,13.187784076400591,21.038251366120218,7.850467289719626,1098,1070,-5.065134410054196,2.9958677685950414,8.061002178649238,968,918,-1.5352230287859827,6.2032,7.7384230287859825,625,799,14.150943396226415,1590,58.42767295597484,1590,1.6981132075471699,1590,3.207547169811321,1590,0.18867924528301888,1590,0.6918238993710691,1590,14.339622641509434,1590,73.24137931034483,72.27586206896552,2175,2175,1593,1.3182674199623352,68.05807622504537,67.6043557168784,1102,1102,70.44025157232704,1590,8.30188679245283,1590,16.79245283018868,1590,10.506695443174578,78.56477166821995,68.05807622504537,1073,1102,6.352201257861635,1590,2.2641509433962264,1590,64.59119496855345,1590,4.591194968553459,1590,3.710691823899371,1590,6.10062893081761,1590,1.8867924528301887,1590,1.320754716981132,1590,5.849056603773585,1590,0.8805031446540881,1590,1.320754716981132,1590,3.710691823899371,1590,69.92389649923896,3285,3.34855403348554,3285,2.1613394216133943,3285,60.57838660578387,3285,11.47640791476408,3285,30.47184170471842,3285,95.91836734693878,3283,73.28662808406945,3283,86.4367816091954,2175,3.1069144075540662,3283,0.06091989034419738,3283,1.5619576535925026,2881,2.829136690647482,556,3.5838359469240046,21.711193777477177,2957.0,,,34.26212590299278,969,45.08152734778122,5.321485411140584,1885,34.71264367816092,2175,18.666666666666668,2175,2.2988505747126435,2175,5.793103448275862,2175,38.52873563218391,2175,15.080459770114942,2175,26.57471264367816,2175,0.0,2175,0.0,2175,0.04597701149425287,2175,0.0,2175,0.0,2175,0.0,2175,0.0,2175,0.0,2175,,,,,,,,,,,,0,,0,,0,,0,,0,15.723270440251572,159,,3.3636057854019508,2973,93.40733266061217,2973,75.32106907323846,2881,86.56716417910448,402,0.7310386841303685,3283,8.142857142857142,700,51.71370967741935,992,22.278225806451612,992,21.875,992,6.048387096774194,992,992,3.309475806451613,,,,0,0,0
021701,14931,7662,27.761034090148016,14931,59.279351684414976,14931,12.95961422543701,14931,36.82941531042797,14931,17.527292210836514,14931,30.0,33.5311097716161,94.87079091620987,7269,8.1374321880651,14931,21.63954189270645,14931,2.853124372111714,14931,68.69280307309909,46.83086656874929,21.861936504349792,46.682750301568156,214.21188630490957,11.368997075195773,10599,18.085678436995877,5579,89.64074803149606,4064,91.18858083996706,3643,48.459958932238195,487,30.147058823529413,1360,17.01789685481309,9443,38.038758869003495,9443,36.52440961558827,9443,8.164778142539447,9443,44.689187758127716,9443,49.0627978396696,9443,14.181295966876355,18.085678436995877,3.904382470119522,5579,5020,-3.779332999556966,6.389776357827476,10.169109357384443,5008,4435,-1.419766707986608,7.045173433718742,8.46494014170535,3719,4093,15.85010914382731,8246,64.309968469561,8246,2.2920203735144313,8246,3.0439000727625514,8246,0.2546689303904924,8246,0.30317729808391947,8246,16.1047780742178,8246,76.87693317086887,76.48326928484394,10669,10669,8202,0.5120702267739575,72.24300730447176,72.01140210226261,5613,5613,43.839437302934755,8246,18.82124666504972,8246,32.694639825369876,8246,9.778353455021914,82.02136075949367,72.24300730447176,5056,5613,6.645646373999515,8246,3.6623817608537474,8246,43.76667475139462,8246,11.52073732718894,8246,7.252000970167354,8246,11.55711860295901,8246,5.1782682512733444,8246,7.336890613630851,8246,0.07276255154014068,8246,1.0308028134853262,8246,2.0494785350472955,8246,0.5335920446276983,8246,51.84515437679995,14931,11.365615163083518,14931,7.588239233808854,14931,32.47605652668944,14931,56.93523541624808,14931,59.33293148483022,14931,98.50070912406294,14807,86.9926386168704,14807,82.0133095885275,10669,15.040183696900115,14807,1.0265415006415883,14807,9.407178581935863,13596,2.765185185185185,2700,4.092840450393032,19.156249999999996,19200.0,,,40.30172413793103,5104,51.370297805642636,6.4459072088332094,9419,47.22977406956033,10667,13.190212805849818,10667,2.184306740414362,10667,7.57476328864723,10667,29.820943095528264,10667,0.4499015840284938,10669,82.0882931858656,10669,0.05623769800356172,10669,0.018745899334520574,10669,0.009372949667260287,10669,0.0,10669,0.0,10669,0.0,10669,0.009372949667260287,10669,0.0,10669,,,,,,,,,,,,0,,0,,0,,0,,0,8.88888888888889,675,,36.76290589675283,13889,61.883504931960545,13889,69.71167990585467,13596,87.86127167630057,1211,4.443844127777402,14807,6.972176759410802,3055,40.37728658536585,5248,30.259146341463413,5248,32.41234756097561,5248,12.271341463414634,5248,5248,2.8214557926829267,,,,0,0,0
021702,6052,3107,22.604097818902844,6052,57.48512888301388,6052,19.910773298083278,6052,30.386649041639128,6052,27.42894910773298,6052,39.0,39.28916060806345,94.78596717090441,2945,5.882352941176471,6052,17.894910773298083,6052,4.395241242564442,6052,73.95803391779246,39.32164415061799,34.63638976717448,88.08479532163743,113.52697095435684,14.150943396226415,4664,23.70156636438582,2426,89.41524796447077,1351,95.1158940397351,1208,55.88235294117647,136,26.470588235294116,510,22.32895970009372,4268,36.597938144329895,4268,33.03655107778819,4268,7.661668228678538,4268,40.698219306466726,4268,44.7282099343955,4268,19.90353240549395,23.70156636438582,3.798033958891868,2426,2238,-4.194616717274679,5.681313803817133,9.875930521091812,2253,2015,-1.3954705563550327,6.850367401469606,8.245837957824639,1497,1802,15.247700978938001,3371,67.19074458617621,3371,1.7798872738059923,3371,1.868881637496292,3371,0.385642242657965,3371,0.17798872738059923,3371,15.633343221595966,3371,72.29585292860196,71.71868319794784,4678,4678,3382,0.7983441750443524,65.18518518518519,65.02057613168725,2430,2430,51.883714031444676,3371,13.408484129338476,3371,30.376742806288934,3371,14.797021220508753,79.98220640569394,65.18518518518519,2248,2430,4.360723820824681,3371,3.826757638682883,3371,51.76505487985761,3371,8.217146247404331,3371,5.191337881934144,3371,12.281222189261348,3371,7.772174428952833,3371,3.3224562444378525,3371,0.11865915158706615,3371,2.2248590922574905,3371,2.046870364876891,3371,0.8009492732126965,3371,64.17713152676801,6052,16.490416391275613,6052,9.814937210839393,6052,22.488433575677462,6052,45.902181097157964,6052,61.235955056179776,6052,99.40436796823296,6044,89.12971542025149,6044,83.83924754168449,4678,11.945731303772336,6044,0.34745201853077434,6044,8.472490771664615,5689,2.931339977851606,903,4.281086231538828,18.521846568572386,8903.0,,,40.633888663145065,2461,57.06745225518082,5.8929915333960485,4252,50.898587933247754,4674,9.477963200684638,4674,1.8827556696619598,4674,10.462130937098845,4674,27.278562259306803,4674,0.44890979050876445,4678,84.20265070542968,4678,0.0,4678,0.021376656690893545,4678,0.04275331338178709,4678,0.0,4678,0.021376656690893545,4678,0.0,4678,0.0,4678,0.0,4678,,,,,,,,,,,,0,,0,,0,,0,,0,7.547169811320755,212,,38.2506074279764,5762,60.82957306490802,5762,73.17630515029003,5689,94.36619718309859,355,4.831237590999338,6044,7.578740157480315,1016,28.348035284683238,2494,38.973536487570165,2494,42.542101042502004,2494,17.762630312750602,2494,2494,2.4234161988773057,,,,0,0,0
021703,6261,3177,21.354416227439707,6261,71.15476760900815,6261,7.490816163552148,6261,33.34930522280786,6261,10.685194058457116,6261,28.0,31.274077623382848,97.07271010387157,3084,6.0373742213703885,6261,31.560453601661077,6261,1.5013576106053346,6261,40.53872053872054,30.01122334455668,10.52749719416386,35.07853403141361,285.07462686567163,11.17671009771987,4912,15.887096774193548,2480,91.09311740890688,1482,92.51851851851852,1350,49.65986394557823,147,29.13907284768212,906,20.308483290488432,4279,25.66020098153774,4279,47.6746903482122,4279,6.146295863519514,4279,53.820986211731714,4279,58.02757653657397,4279,9.513741511035654,15.887096774193548,6.373355263157895,2480,2432,-2.985620315129265,4.681046351537402,7.666666666666667,2179,2100,-0.7232724773221975,8.378056426332288,9.101328903654485,1595,1806,11.268020005884084,3399,66.7843483377464,3399,1.0885554574874963,3399,3.824654310091203,3399,0.14710208884966167,3399,0.176522506619594,3399,11.415122094733745,3399,69.97765590087346,68.81982530977047,4923,4923,3445,1.6545718432510885,66.04987932421561,65.32582461786002,2486,2486,50.13239187996469,3399,24.007060900264783,3399,23.036187113857018,3399,7.934527733642412,73.98440705785802,66.04987932421561,2437,2486,3.5892909679317446,3399,1.3533392174168872,3399,50.01471020888496,3399,18.564283612827303,3399,5.383936451897617,3399,12.62135922330097,3399,4.942630185348632,3399,0.6472491909385113,3399,0.11768167107972934,3399,0.794351279788173,3399,2.206531332744925,3399,0.529567519858782,3399,74.95607730394505,6261,3.881169142309535,6261,5.670020763456317,6261,33.06181121226641,6261,31.033381249001756,6261,48.075387318319756,6261,97.44408945686901,6260,89.15335463258786,6260,88.38106845419459,4923,2.3003194888178915,6260,0.09584664536741214,6260,0.6630397823869432,5882,1.7810831426392066,1311,2.646719160104987,15.513415372200923,4957.0,,,33.25581395348837,1290,50.59069767441861,6.953161592505855,4270,38.752286120707176,4921,9.063198536882748,4921,2.9059134322292217,4921,4.531599268441374,4921,44.747002641739485,4921,0.22344099126548853,4923,92.95145236644322,4923,0.0,4923,0.0,4923,0.0,4923,0.0,4923,0.0,4923,0.0,4923,0.0,4923,0.0,4923,,,,,,,,,,,,0,,0,,0,,0,,0,3.910614525139665,358,,24.29984906926044,5963,73.75482139862486,5963,68.20809248554913,5882,89.15343915343915,378,0.01597444089456869,6260,3.2967032967032965,1183,55.19630484988453,1299,27.79060816012317,1299,4.926866820631255,1299,1.8475750577367205,1299,1299,4.819091608929946,,,,0,0,0
021801,8858,4161,23.87672160758636,8858,64.42763603522239,8858,11.69564235719124,8858,34.82727477986001,8858,16.222623617069317,8858,30.0,33.5736057800858,112.8815188656573,4697,7.157371867238655,8858,25.942650711221496,8858,3.2512982614585684,8858,55.21289644296478,37.05975118275801,18.153145260206763,48.983451536643024,204.15057915057915,4.827586206896552,6670,8.349267049075845,3138,89.62522851919562,2188,93.93166751657317,1961,52.232142857142854,224,25.83955223880597,1072,8.799863037151173,5841,31.124807395993837,5841,52.919020715630886,5841,6.899503509673001,5841,59.81852422530389,5841,65.53672316384181,5841,6.650512802190228,8.349267049075845,1.6987542468856172,3138,3532,-4.936787645388415,4.249815225424982,9.186602870813397,2706,3135,-1.5991647515045644,7.639740820734342,9.238905572238906,2315,2997,8.96389040101615,5511,65.10615133369625,5511,0.5806568680820178,5511,4.935583378697151,5511,0.326619488296135,5511,0.14516421702050444,5511,9.290509889312284,5511,81.69622894619168,81.47264868087643,6709,6709,5481,0.27367268746579093,76.01895734597156,75.95576619273302,3165,3165,78.8786064235166,5511,4.935583378697151,5511,12.611141353656324,5511,10.747408342516025,86.76636568848758,76.01895734597156,3544,3165,4.0101614951914355,5511,2.014153511159499,5511,78.76973326075122,5511,2.322627472328071,5511,2.61295590636908,5511,5.9880239520958085,5511,1.5423698058428597,5511,0.45363817818907637,5511,0.10887316276537834,5511,0.326619488296135,5511,2.61295590636908,5511,0.4173471239339503,5511,68.83043576428088,8858,7.575073379995485,8858,6.1074734703093245,8858,39.433280650259654,8858,34.116053285165954,8858,47.99051704673741,8858,99.33068633011912,8815,92.36528644356211,8815,87.44969444030407,6709,5.467952353942144,8815,0.21554169030062392,8815,2.113880742913001,8184,3.0809112333071487,1273,4.613089937666963,18.37229605199341,10309.0,,,25.8836129953588,2801,51.57158157800785,7.782183316168898,5826,52.46195165622202,6702,7.535064159952253,6702,1.3130408833184124,6702,6.729334527006864,6702,31.960608773500446,6702,0.2981070204203309,6709,85.79520047697123,6709,0.0,6709,0.0,6709,0.014905351021016545,6709,0.0,6709,0.0,6709,0.0,6709,0.0,6709,0.0,6709,,,,,,,,,,,,0,,0,,0,,0,,0,9.760956175298805,502,,15.955785173615283,8323,81.10056470022829,8323,78.09139784946237,8184,93.81933438985737,631,1.3272830402722633,8815,6.474396703943496,1699,37.53521126760563,2840,28.943661971830984,2840,29.401408450704224,2840,9.964788732394366,2840,2840,3.1038732394366195,,,,0,0,0
021802,7003,3300,25.91746394402399,7003,62.273311437955165,7003,11.809224618020847,7003,35.27059831500785,7003,16.80708267885192,7003,29.0,33.36812794516636,112.21212121212122,3703,8.710552620305583,7003,24.51806368699129,7003,3.098671997715265,7003,60.582435221279525,41.6188947489108,18.963540472368724,45.56473829201102,219.46795646916567,6.382978723404255,5123,11.204717775905644,2374,85.40945790080738,1734,95.0033760972316,1481,50.37593984962406,266,25.857519788918207,758,9.914828565188905,4579,38.196112688359904,4579,43.262721118148065,4579,8.320594016160733,4579,51.5833151343088,4579,57.39244376501419,4579,8.985729052733582,11.204717775905644,2.2189887231720626,2374,2749,-6.018060214035594,5.057251908396947,11.07531212243254,2096,2483,-1.8437038812967845,6.891179839633448,8.734883720930233,1746,2365,7.610837438423645,4060,70.73891625615764,4060,0.7389162561576355,4060,4.359605911330049,4060,0.12315270935960591,4060,0.24630541871921183,4060,7.733990147783251,4060,78.22892498066511,77.95823665893272,5172,5172,4046,0.3460207612456747,71.6910229645094,71.48225469728601,2395,2395,74.55665024630542,4060,5.467980295566503,4060,14.285714285714286,4060,12.176459930701256,83.86748289521066,71.6910229645094,2777,2395,4.4088669950738915,4060,1.9211822660098523,4060,74.50738916256158,4060,2.2660098522167487,4060,3.1773399014778323,4060,7.019704433497537,4060,1.6748768472906403,4060,0.49261083743842365,4060,0.04926108374384237,4060,0.6896551724137931,4060,2.6354679802955663,4060,0.7389162561576355,4060,71.71212337569612,7003,5.783235756104527,7003,4.283878337855205,7003,33.114379551620736,7003,27.95944595173497,7003,51.6064543766957,7003,98.88172043010752,6975,86.66666666666667,6975,85.34416086620263,5172,7.612903225806452,6975,0.32974910394265233,6975,5.009422110552764,6368,3.1732435033686235,1039,4.742622950819672,19.40713293191292,8636.0,,,25.964330153463294,2411,49.72169224388221,7.149616648411829,4565,53.753869969040245,5168,8.939628482972136,5168,1.1803405572755419,5168,6.3467492260061915,5168,29.779411764705884,5168,0.5413766434648105,5172,84.76411446249033,5172,0.019334880123743233,5172,0.0,5172,0.0,5172,0.0,5172,0.0,5172,0.0,5172,0.0,5172,0.0,5172,,,,,,,,,,,,0,,0,,0,,0,,0,12.386706948640484,331,,23.760552570990022,6515,73.76822716807368,6515,77.33982412060301,6368,93.73970345963757,607,2.4372759856630823,6975,5.755395683453237,1251,37.868852459016395,2440,26.229508196721312,2440,30.614754098360656,2440,9.139344262295081,2440,2440,2.8586065573770494,,,,0,0,0
021803,2004,918,30.139720558882235,2004,60.27944111776447,2004,9.580838323353293,2004,39.321357285429144,2004,14.820359281437126,2004,28.0,31.276946107784433,118.30065359477125,1086,9.830339321357286,2004,22.355289421157686,2004,1.996007984031936,2004,65.89403973509934,50.0,15.894039735099337,31.788079470198674,314.5833333333333,6.8493150684931505,1387,11.92368839427663,629,88.72727272727273,550,92.21311475409836,488,34.54545454545455,55,27.956989247311828,186,12.944983818770227,1236,36.16504854368932,1236,44.983818770226534,1236,5.744336569579288,1236,50.728155339805824,1236,57.362459546925564,1236,9.285165966835997,11.92368839427663,2.638522427440633,629,758,-2.868686440790153,4.159132007233273,7.027818448023426,553,683,-2.174598508746773,6.661363636363636,8.83596214511041,440,634,8.226221079691516,1167,62.03941730934019,1167,0.1713796058269066,1167,4.027420736932305,1167,0.4284490145672665,1167,0.5141388174807198,1167,8.654670094258783,1167,82.78571428571429,82.64285714285714,1400,1400,1159,0.1725625539257981,77.48031496062993,77.32283464566929,635,635,81.31962296486718,1167,4.1988003427592115,1167,11.225364181662382,1167,9.709227523030208,87.18954248366013,77.48031496062993,765,635,3.513281919451585,1167,1.5424164524421593,1167,79.00599828620395,1167,2.3136246786632393,1167,1.8851756640959725,1167,4.284490145672665,1167,2.056555269922879,1167,0.856898029134533,1167,2.3136246786632393,1167,0.5141388174807198,1167,2.227934875749786,1167,0.4284490145672665,1167,56.287425149700596,2004,6.2375249500998,2004,2.4451097804391217,2004,44.510978043912175,2004,25.698602794411176,2004,47.455089820359284,2004,98.70259481037924,2004,86.22754491017965,2004,87.14285714285714,1400,6.287425149700598,2004,0.0,2004,1.770890979524073,1807,2.623853211009174,327,4.150557620817844,16.233183856502244,2230.0,,,28.06788511749347,766,47.82375979112272,6.906807131280389,1234,51.716738197424895,1398,11.516452074391989,1398,1.0014306151645207,1398,6.723891273247497,1398,29.0414878397711,1398,0.5714285714285714,1400,90.85714285714286,1400,0.0,1400,0.0,1400,0.07142857142857142,1400,0.0,1400,0.0,1400,0.0,1400,0.0,1400,0.0,1400,,,,,,,,,,,,0,,0,,0,,0,,0,16.3265306122449,98,,14.247166756610902,1853,83.59417161359957,1853,82.45711123408965,1807,90.35532994923858,197,0.4491017964071856,2004,7.785888077858881,411,39.637305699481864,772,21.243523316062177,772,40.803108808290155,772,9.067357512953368,772,772,2.5958549222797926,,,,0,0,0
021901,4593,2246,24.2760722839103,4593,59.351186588286524,4593,16.372741127803177,4593,33.02852166340083,4593,22.468974526453298,4593,34.0,36.88830829523187,104.49688334817453,2347,6.792945787067277,4593,20.77073807968648,4593,4.593947311125626,4593,68.48862802641233,40.9024211298606,27.586206896551722,67.4439461883408,148.2712765957447,3.5828721235071366,3433,6.432748538011696,1710,86.25,1120,95.75569358178053,966,40.65040650406504,123,26.076555023923444,418,7.533139346912383,3093,44.84319430973165,3093,37.89201422567087,3093,9.37601034594245,3093,47.26802457161332,3093,52.667313288069835,3093,5.678250569352381,6.432748538011696,0.7544979686593152,1710,1723,-6.763405009019045,5.977907732293697,12.741312741312742,1539,1554,-2.016278288534405,6.564992614475628,8.581270903010033,1354,1495,14.329384791746275,2617,59.11348872755063,2617,1.6813144822315629,2617,8.291937332823844,2617,0.34390523500191056,2617,0.6878104700038211,2617,14.673290026748186,2617,75.6203115983843,75.10098095787652,3466,3466,2621,0.6867607783288822,69.0614136732329,68.88760139049826,1726,1726,56.5533053114253,2617,14.329384791746275,2617,23.30913259457394,2617,13.065023108376295,82.1264367816092,69.0614136732329,1740,1726,6.801681314482232,2617,2.5601834161253345,2617,56.324035154757354,2617,8.062667176155903,2617,6.07565915170042,2617,10.164310278945358,2617,2.8658769583492547,2617,2.254489873901414,2617,0.2292701566679404,2617,1.2227741688956821,2617,4.356132976690867,2617,0.6495987772258311,2617,56.542564772479864,4593,10.66840844763771,4593,4.11495754408883,4593,37.404746353146095,4593,28.238623993032878,4593,55.105595471369476,4593,99.34469200524246,4578,89.05635648754915,4578,82.19849971148298,3466,10.332022717343818,4578,0.4150283966797728,4578,8.438818565400844,4266,2.6949640287769783,695,4.0299358517462585,16.325440626669042,5617.0,,,37.6243093922652,1810,53.728729281767954,7.036340038935756,3082,50.07231703789413,3457,8.417703210876482,3457,2.227364767139138,3457,8.388776395718832,3457,30.89383858837142,3457,0.28851702250432776,3466,88.94979803808425,3466,0.0,3466,0.0,3466,0.0,3466,0.0,3466,0.0,3466,0.0,3466,0.0,3466,0.0,3466,,,,,,,,,,,,0,,0,,0,,0,,0,11.557788944723619,199,,36.07011070110701,4336,62.96125461254613,4336,74.00375058602907,4266,94.87179487179488,312,3.910004368719965,4578,7.042253521126761,852,32.88263926446728,1849,33.20713899405084,1849,37.96646836127636,1849,13.899405083829096,1849,1849,2.4759329367225527,,,,0,0,0
021902,2881,1393,29.816036098576884,2881,63.3113502256161,2881,6.8726136758070115,2881,43.38771259979174,2881,8.955223880597014,2881,23.0,27.561263450190907,106.81981335247667,1488,9.684137452273516,2881,31.34328358208955,2881,1.770218674071503,2881,57.949561403508774,47.094298245614034,10.855263157894736,23.050058207217695,433.83838383838383,1.791044776119403,2010,2.522704339051463,991,88.87587822014052,854,94.33465085638998,759,45.63106796116505,103,31.80778032036613,437,6.516587677725118,1688,33.53080568720379,1688,53.791469194312796,1688,5.805687203791469,1688,59.59715639810427,1688,63.981042654028435,1688,1.4432146432712862,2.522704339051463,1.0794896957801767,991,1019,-1.3942936720517967,5.10688836104513,6.501182033096927,842,846,-1.2969147675390031,7.669250645994832,8.966165413533835,774,798,9.156785243741766,1518,70.15810276679842,1518,1.1857707509881423,1518,2.30566534914361,1518,0.1976284584980237,1518,0.32938076416337286,1518,9.354413702239789,1518,75.53244180287271,74.64091134224864,2019,2019,1525,1.180327868852459,69.94974874371859,69.44723618090453,995,995,60.67193675889328,1518,18.511198945981555,1518,14.492753623188406,1518,11.007282506281413,80.95703125,69.94974874371859,1024,995,3.6231884057971016,1518,1.5810276679841897,1518,60.54018445322793,1518,14.492753623188406,1518,4.0184453227931485,1518,6.91699604743083,1518,3.096179183135705,1518,0.1976284584980237,1518,0.13175230566534915,1518,0.922266139657444,1518,1.976284584980237,1518,0.6587615283267457,1518,63.5196112460951,2881,4.19993057965984,2881,2.013189864630337,2881,50.08677542519958,2881,16.730301978479694,2881,53.28011107254426,2881,97.49826268241834,2878,89.88881167477415,2878,80.63397721644378,2019,6.914523974982627,2878,0.5559416261292565,2878,2.116198537899192,2599,2.545275590551181,508,3.2337662337662336,15.461121157323687,2212.0,,,22.47956403269755,734,44.29700272479564,7.771700356718193,1682,43.98216939078752,2019,12.431896978702328,2019,0.8420009905894007,2019,4.70529965329371,2019,38.03863298662704,2019,0.1981178801386825,2019,87.76622090143636,2019,0.0,2019,0.0,2019,0.0,2019,0.0,2019,0.0,2019,0.0,2019,0.0,2019,0.0,2019,,,,,,,,,,,,0,,0,,0,,0,,0,8.51063829787234,188,,38.71089332830758,2653,59.81907274783264,2653,73.91304347826087,2599,83.87096774193549,279,1.18137595552467,2878,5.22273425499232,651,57.83132530120482,747,19.67871485943775,747,12.449799196787149,747,3.4805890227576977,747,747,3.852744310575636,,,,0,0,0
022001,50330,23815,32.55712298827737,50330,62.465726207033576,50330,4.977150804689052,50330,45.18776077885953,50330,7.5044704947347505,50330,22.0,26.481263659845023,111.33739239974805,26515,11.06695807669382,50330,30.057619709914565,50330,0.9000596065964633,50330,60.087789051814624,52.11997837081332,7.967810681001304,15.287440497986086,654.1317365269462,4.469406555525839,33651,6.819630337794774,15690,85.14385240614115,15502,86.59746950526555,13199,39.43152454780362,1935,25.56557945870923,7205,7.607586473837926,28419,34.392483901615115,28419,46.30352932897006,28419,11.3726732115838,28419,57.67620254055385,28419,63.17252542313241,28419,4.4032838092050515,6.819630337794774,2.416346528589722,15690,17961,-3.0146122436955682,9.761994710993578,12.776606954689147,13235,15184,-1.1242506756420285,7.9006470287757535,9.024897704417782,11746,14419,14.031164590210485,28173,68.0793667696021,28173,1.497888048841089,28173,3.4394633159407944,28173,0.32655379263834167,28173,0.20587086927199802,28173,14.357718382848827,28173,81.92810168391873,81.7246158836887,33909,33909,27781,0.2483711889420827,77.9737074958918,77.84730122614081,15822,15822,67.86639690483797,28173,5.97735420438008,28173,22.376033791218543,28173,7.413587246188143,85.38729474207994,77.9737074958918,18087,15822,5.001242324211124,28173,2.3533170056437016,28173,67.39786320235687,28173,2.2858765484683916,28173,3.5849927235296204,28173,10.265147481631349,28173,2.8750931743158343,28173,2.6479253185674225,28173,0.46853370248109893,28173,0.9867603734071629,28173,1.9699712490682568,28173,0.8447804635644056,28173,70.09537055434134,50330,7.981323266441486,50330,6.79713888336976,50330,20.967613749254916,50330,47.329624478442284,50330,47.291873634015495,50330,97.73531633992127,50294,80.59410665288105,50294,69.483028104633,33909,40.12407046566191,50294,0.19883087445818587,50294,9.743991056456121,44725,2.556739879414298,9288,3.2755639716779186,16.343279801408382,39478.0,,,38.50765760417903,16846,41.02024219399264,7.8531789458820205,28327,32.5019209173119,33838,20.565636266918847,33838,2.8370471068030025,33838,3.936402860689166,33838,40.15899284827709,33838,6.402430033324486,33909,62.65888112300569,33909,0.05898139137102244,33909,0.020643486979857854,33909,0.60455926155298,33909,0.02949069568551122,33909,0.02949069568551122,33909,0.0,33909,0.01179627827420449,33909,0.020643486979857854,33909,,,,,,,,,,,,0,,0,,0,,0,,0,12.344850721234485,2981,,66.22425629290618,45885,31.762013729977117,45885,50.13974287311347,44725,87.28676602621655,5569,2.248777190122082,50294,9.740428856671587,11519,52.79990763191317,17322,12.729476965708347,17322,26.134395566331833,17322,3.475349266828311,17322,17322,2.903475349266828,,,,0,0,0
022002,11194,4989,32.713953903877076,11194,63.10523494729319,11194,4.18081114882973,11194,44.827586206896555,11194,6.994818652849741,11194,22.0,26.106842951581203,124.37362196833033,6205,11.631231016616045,11194,29.935679828479543,11194,0.5717348579596212,11194,58.46545866364666,51.84031710079275,6.625141562853907,12.7799016930639,782.4786324786324,4.8133333333333335,7500,7.726130653266332,3184,81.8395533352924,3403,75.58348294434471,2785,29.62962962962963,432,23.027581783194357,1559,8.66635323616988,6381,34.97884344146686,6381,47.21830434101238,6381,8.66635323616988,6381,55.88465757718226,6381,60.78984485190409,6381,5.061626482738065,7.726130653266332,2.664504170528267,3184,4316,-2.1717279090598565,7.408786299329859,9.580514208389715,2686,3695,-0.915807481842208,7.716680997420465,8.632488479262673,2326,3472,10.034066274388355,6458,73.31991328584701,6458,1.2078042737689687,6458,5.915144007432642,6458,0.2632393930009291,6458,0.20130071229482813,6458,10.297305667389285,6458,84.68791500664011,84.5019920318725,7530,7530,6377,0.21953896816684962,77.97563261480788,77.81943142767885,3201,3201,82.8894394549396,6458,2.5085165685970887,6458,12.217404769278414,6458,11.675557036381775,89.65118965118965,77.97563261480788,4329,3201,3.158872716011149,6458,1.3781356457107463,6458,82.71910808299783,6458,1.1148962527098172,6458,1.3161969650046454,6458,5.404149891607309,6458,1.1768349334159183,6458,1.610405698358625,6458,0.17033137194177764,6458,0.8516568597088882,6458,1.5639516878290491,6458,0.49550944564880767,6458,83.67875647668394,11194,6.396283723423262,11194,8.218688583169556,11194,25.47793460782562,11194,54.98481329283545,11194,59.415758442022515,11194,98.21284961129479,11191,79.34054150656777,11191,74.72775564409031,7530,30.050933786078097,11191,0.17871503887052095,11191,6.188068756319515,9890,2.5146341463414634,2050,3.3122378955394587,14.803204458376873,8613.0,,,36.354939009806266,4181,39.69911504424779,7.539600062982207,6351,26.54714475431607,7530,26.16201859229748,7530,2.4701195219123506,7530,3.798140770252324,7530,41.02257636122178,7530,9.455511288180611,7530,62.53652058432935,7530,0.013280212483399735,7530,0.02656042496679947,7530,0.9561752988047809,7530,0.0,7530,0.199203187250996,7530,0.013280212483399735,7530,0.0,7530,0.02656042496679947,7530,,,,,,,,,,,,0,,0,,0,,0,,0,18.120805369127517,596,,66.70600963902822,10167,31.690764237238124,10167,49.18099089989889,9890,90.62259800153728,1301,0.8935751943526048,11191,13.185483870967742,2480,50.46360686138155,4314,9.71256374594344,4314,29.50857672693556,4314,2.96708391284191,4314,4314,2.5941121928604542,,,,0,0,0
030101,632013,327336,28.403687898824867,632013,65.16653929586892,632013,6.42977280530622,632013,38.89350377286543,632013,9.20993713736901,632013,25.0,28.460988935354177,93.07775496737297,304677,9.927802117994409,632013,30.529277087654844,632013,1.715154593339061,632013,53.452985351854146,43.58630703077009,9.866678321084056,22.63710553435646,441.7525900041834,2.427962474098679,447371,3.9044828621318013,236523,90.25143547899667,165450,62.66164839506834,149321,58.64547524443056,22399,25.69006309148265,96368,3.8902736831450153,395165,18.083585337770298,395165,38.649677982614854,395165,38.642086217149796,395165,77.29176419976466,395165,80.6574468892741,395165,3.132836937105242,3.9044828621318013,0.7716459250265594,236523,210848,-3.117864060315611,37.1783986949927,40.29626275530831,209654,185511,-0.8084703943091114,11.091716837477213,11.900187231786324,195831,181059,45.22357136669458,277048,39.21558719066732,277048,3.6740925760157084,277048,2.4259334122606915,277048,1.4979353758193525,277048,0.5208483728451387,277048,46.72150674251393,277048,62.292340382115874,61.03207661835877,450858,450858,280850,2.0231440270607086,52.83925036072615,51.74406899097346,238408,238408,3.309895758135774,277048,22.86282521440328,277048,64.13798330975138,277048,20.06119680331245,72.9004471640386,52.83925036072615,212450,238408,23.17901591060033,277048,6.5291934971557275,277048,3.0233028211717827,277048,12.081299991337241,277048,10.409026594669516,277048,24.370867142155873,277048,7.478487482313534,277048,5.404117698016228,277048,0.2865929369639918,277048,2.478992809910196,277048,5.624296150847506,277048,4.1047038780283565,277048,53.15871667196719,632013,24.120548153281657,632013,25.953421844170926,632013,11.286793151406696,632013,57.77650143272369,632013,46.57309264208173,632013,98.82438449990319,630138,81.43692334060158,630138,30.093954194003434,450858,29.517026429131395,630138,1.829599230644716,630138,8.42964401317308,567521,1.8317801220492929,147973,2.533741725613699,14.669732350789456,507119.0,,,38.56024506466984,176280,43.64355003403676,10.889571537463386,392263,37.74323300839336,450237,11.273840221927562,450237,4.516954404013886,450237,4.186239691540234,450237,42.27973267412496,450237,20.35984722462505,450858,6.636679397947913,450858,0.098035301580542,450858,0.05500623256102809,450858,0.15281973481672723,450858,0.014416956114785587,450858,0.06498720217895657,450858,0.006875779070128511,450858,0.02395432708302836,450858,0.03083010615315687,450858,,,,,,,,,,,,0,,0,,0,,0,,0,9.318095460789758,34213,,75.88461975556083,580758,21.467289301223573,580758,46.99667501290701,567521,90.60957886835843,62617,1.3144739723679575,630138,7.1386596700904645,120821,53.858216743215266,179189,17.897303963971,179189,17.27059138674807,179189,2.8361115916713637,179189,179189,3.5166109526812472,,,,0,0,0
030201,23267,11616,37.383418575665104,23267,54.88889843985043,23267,7.727682984484463,23267,48.188421369321354,23267,11.58722654403232,23267,21.0,28.04800790819616,100.3013085399449,11651,11.475480293978597,23267,21.743241500838096,23267,1.5171702411140242,23267,82.18620311643568,68.10743089812857,14.078772218307103,20.671418716946423,483.7597330367075,12.132123814140295,14441,17.219370056889137,7207,83.4455736500551,8167,88.46661775495231,6815,46.88715953307393,1028,30.33131124591694,2143,18.272994129158512,12264,48.40998043052838,12264,22.480430528375734,12264,10.616438356164384,12264,33.096868884540115,12264,39.554794520547944,12264,10.155504975329833,17.219370056889137,7.063865081559303,7207,7234,-1.3425054377805647,9.951534733441035,11.2940401712216,6190,6074,-0.2222349066478806,6.791765466695408,7.014000373343289,4639,5357,19.099378881987576,9016,57.08740017746229,9016,1.7635314995563443,9016,3.7156166814551908,9016,1.6304347826086956,9016,0.15527950310559005,9016,20.729813664596275,9016,61.678004535147394,61.03208960351817,14553,14553,8976,1.0472370766488412,43.65964477488641,43.30166597824591,7263,7263,50.942768411712514,9016,13.154392191659273,9016,28.748890860692104,9016,35.969984854743224,79.62962962962963,43.65964477488641,7290,7263,9.594055013309672,9016,4.769299023957409,9016,50.787488908606925,9016,5.490239574090506,9016,7.630878438331854,9016,9.449866903283052,9016,2.9059449866903284,9016,3.2165039929015085,9016,0.15527950310559005,9016,0.8207630878438332,9016,5.445874001774623,9016,1.375332741792369,9016,73.76971676623545,23267,8.720505436884858,23267,15.472557699746423,23267,38.66420251858856,23267,56.13959685391327,23267,61.03064426011089,23267,97.16964900206469,23248,84.17928423950447,23248,74.34206005634577,14553,21.184618031658637,23248,0.46025464556090845,23248,7.531950046163565,20579,3.4335556695741407,3898,4.649457415323907,21.24391024501262,28121.0,,,32.59143968871595,6425,47.59003891050584,5.62597041758601,12237,37.99174690508941,14540,18.86519944979367,14540,2.0220082530949104,14540,7.125171939477304,14540,33.99587345254471,14540,76.04617604617604,14553,0.5772005772005772,14553,0.027485741771456056,14553,0.02061430632859204,14553,0.02061430632859204,14553,0.0,14553,0.0,14553,0.0,14553,0.0,14553,0.0,14553,,,,,,,,,,,,0,,0,,0,,0,,0,14.713430282292558,1169,,20.696334089191232,21168,76.15268329554044,21168,55.13873366052772,20579,85.20044960659423,2669,3.0712319339298,23248,10.983715520106347,6018,57.46109246261825,6554,22.50534025022887,6554,20.85749160817821,6554,6.316753127860848,6554,6554,3.547146780592005,,,,0,0,0
030202,6853,3260,29.446957536845176,6853,63.50503429155115,6853,7.048008171603677,6853,41.25200642054575,6853,10.21450459652707,6853,25.0,28.854954034729314,110.21472392638037,3593,9.616226470159054,6853,28.16284838756749,6853,1.5321756894790604,6853,57.46783088235294,46.369485294117645,11.098345588235293,23.934588701684838,417.8053830227743,7.071547420965058,4808,9.845474613686534,2265,87.0489372219476,2023,94.77569562748438,1761,53.93700787401575,254,31.796116504854368,824,11.078574914592485,4098,35.99316739873109,4098,38.14055636896047,4098,14.348462664714495,4098,52.489019033674964,4098,58.22352367008297,4098,5.244609493749452,9.845474613686534,4.600865119937082,2265,2543,1.2787005513715517,15.020576131687243,13.741875580315691,1944,2154,0.21552469723842904,8.585913782635094,8.370389085396665,1647,1979,19.314938154138915,3153,59.18173168411037,3153,1.2686330478908976,3153,3.964478274659055,3153,0.9197589597209007,3153,0.12686330478908975,3153,20.234697113859816,3153,65.04452267550218,64.56823358873473,4829,4829,3141,0.7322508755173511,46.836555360281196,46.44112478031634,2276,2276,61.24326038693308,3153,9.73675864256264,3153,23.723437995559784,3153,34.44037374273486,81.27692910301606,46.836555360281196,2553,2276,9.831906121154455,3153,3.108150967332699,3153,61.17982873453853,3153,5.233111322549952,3153,4.4402156676181415,3153,7.54836663495084,3153,2.093244529019981,3153,1.585791309863622,3153,0.06343165239454487,3153,0.9197589597209007,3153,5.137963843958135,3153,1.649222962258167,3153,87.07135561068145,6853,4.975922953451043,6853,6.916678826791187,6853,34.59798628337954,6853,35.82372683496279,6853,63.98657522253028,6853,98.52490141667884,6847,82.98524901416678,6847,23.98012010768275,4829,11.08514677961151,6847,0.13144442821673727,6847,6.092436974789916,6188,2.2725958062183658,1383,3.4353846153846153,13.94578313253012,6640.0,,,26.12966601178782,1527,48.060248853962015,7.5075980392156865,4080,36.11513770967074,4829,14.205839718368193,4829,2.3400289915096293,4829,5.9639676951749845,4829,41.37502588527646,4829,23.234624145785876,4829,0.16566576931041624,4829,0.12424932698281217,4829,0.0,4829,0.02070822116380203,4829,0.0,4829,0.04141644232760406,4829,0.0,4829,0.0,4829,0.0,4829,,,,,,,,,,,,0,,0,,0,,0,,0,6.318681318681318,364,,88.09711492984393,6343,6.180040990067791,6343,9.324499030381384,6188,92.86798179059181,659,4.77581422520812,6847,8.607095926412615,1522,58.57605177993528,1545,24.271844660194176,1545,15.728155339805825,1545,4.336569579288026,1545,1545,4.431715210355987,,,,0,0,0
030203,5643,2746,35.123161438950916,5643,59.80861244019139,5643,5.0682261208577,5643,48.30763778132199,5643,7.566897040581251,5643,20.0,25.96703880914407,105.49890750182082,2897,11.040226829700513,5643,28.40687577529683,5643,1.187311713627503,5643,67.2,58.72592592592593,8.474074074074075,14.42986881937437,693.006993006993,8.846153846153847,3640,12.734741784037558,1704,80.84994753410284,1906,93.83517196625567,1541,46.42857142857143,224,27.163781624500665,751,14.309319233311301,3026,48.8433575677462,3026,29.37871777924653,3026,7.204230006609385,3026,36.582947785855914,3026,43.853271645736946,3026,7.3111880650292935,12.734741784037558,5.4235537190082646,1704,1936,0.09041797085617809,7.251381215469613,7.160963244613435,1448,1578,-0.15204844149802277,6.697916666666667,6.84996510816469,1152,1433,19.061268362594053,2791,59.69186671443927,2791,6.556789681117879,2791,4.192045861698316,2791,0.4657828735220351,2791,0.14331780723754928,2791,19.527051236116087,2791,74.97267759562841,74.64480874316939,3660,3660,2744,0.43731778425655976,59.929906542056074,59.87149532710281,1712,1712,72.37549265496239,2791,6.019347903977069,2791,15.908276603367968,2791,28.263111938436737,88.19301848049281,59.929906542056074,1948,1712,5.33858831959871,2791,2.328914367610176,2791,72.3038337513436,2791,1.719813686850591,2791,4.26370476531709,2791,5.947689000358294,2791,1.4331780723754926,2791,1.6481547832318166,2791,0.07165890361877464,2791,0.9315657470440702,2791,3.045503403797922,2791,0.5732712289501971,2791,89.27875243664717,5643,5.4049264575580365,5643,6.574517100832891,5643,19.581782739677475,5643,44.3558390926812,5643,53.41130604288499,5643,96.13612194257355,5642,73.55547678128323,5642,80.43715846994536,3660,21.446295639844028,5642,0.21269053527118043,5642,7.73062363020522,5019,3.0850869167429096,1093,4.05777166437414,16.266300617707618,5828.0,,,31.06591865357644,1426,44.60518934081347,5.793903247183565,3018,32.06670311645708,3658,23.37342810278841,3658,2.569710224166211,3658,5.358119190814652,3658,36.63203936577365,3658,83.08743169398907,3660,0.32786885245901637,3660,0.1092896174863388,3660,0.0,3660,0.0,3660,0.0,3660,0.0,3660,0.0,3660,0.0,3660,0.0,3660,,,,,,,,,,,,0,,0,,0,,0,,0,14.14790996784566,311,,38.758486905916584,5155,58.001939864209504,5155,64.17613070332736,5019,80.89887640449439,623,1.7015242821694434,5642,19.32536893886156,1423,61.799307958477506,1445,16.747404844290656,1445,16.67820069204152,1445,4.775086505190312,1445,1445,3.9044982698961936,,,,0,0,0
030301,23658,11478,35.489052329021895,23658,55.152591089694816,23658,9.358356581283287,23658,46.18310930763378,23658,12.972356074055288,23658,22.0,28.727407219545185,106.11604809200209,12180,12.617296474765407,23658,22.922478654155043,23658,2.193761095612478,23658,81.31514408338442,64.34702636419375,16.96811771919068,26.369699857074796,379.223125564589,15.663366336633663,15150,23.59443231441048,7328,81.59243200630667,7611,60.450885668276975,6210,43.96396396396396,1110,29.22275293095962,2303,28.21915697002389,12977,46.09694074131155,12977,20.335979039839717,12977,5.2631578947368425,12977,25.59913693457656,12977,30.214995761732297,12977,15.361243871556988,23.59443231441048,8.233188442853491,7328,7822,-0.050352222991310036,5.237106817818937,5.287459040810247,6263,6714,-0.17681173740984502,5.973453749315818,6.150265486725663,3654,5650,8.13974108884554,11278,65.49920198616776,11278,1.6137613051959567,11278,7.004788082993438,11278,0.20393686823904947,11278,3.759531831885086,11278,8.343677957084589,11278,73.28219249934435,72.94125360608444,15252,15252,11177,0.4652411201574662,56.929955290611026,56.80802059341553,7381,7381,79.86345096648341,11278,4.149671927646746,11278,10.994857244192232,11278,31.68648480594596,88.61644009655699,56.929955290611026,7871,7381,4.043270083348111,11278,1.5782940237630785,11278,69.48927114736655,11278,1.7910977123603475,11278,2.2965064727788613,11278,3.9812023408405746,11278,1.143819826210321,11278,0.9753502394041497,11278,10.374179819116865,11278,0.5852101436424898,11278,2.633445646391204,11278,0.540876041851392,11278,72.06441795587116,23658,12.025530475948939,23658,7.029334685941331,23658,26.20677994758644,23658,30.687293938625412,23658,68.89001606221997,23658,96.36271358484181,23644,76.34495009304686,23644,88.9325990034094,15252,12.387920825579428,23644,0.17340551514126207,23644,6.122942884801549,20660,3.656857593273778,3806,4.9442172419434,24.779676859393774,29956.0,,,26.606508066721357,7314,46.69797648345639,4.357473391948172,12966,54.86865494765949,15189,11.1067219698466,15189,0.8097965633023899,15189,6.471788794522352,15189,26.74303772466917,15189,87.98846052976658,15252,3.6519800681877785,15252,0.013113034356150013,15252,0.0065565171780750066,15252,0.03933910306845004,15252,0.0,15252,0.0065565171780750066,15252,0.0,15252,0.0,15252,0.0,15252,,,,,,,,,,,,0,,0,,0,,0,,0,16.384180790960453,1239,,10.833099053509512,21342,87.52225658326304,21342,59.293320425943854,20660,82.54021447721179,2984,2.821011673151751,23644,15.581781301862438,5423,50.20724695814948,7479,23.238400855729374,7479,27.24963230378393,7479,7.260328920978741,7479,7479,3.1613852119267283,,,,0,0,0
030302,12797,6292,33.87512698288661,12797,57.091505821676954,12797,9.03336719543643,12797,44.92459170117996,12797,13.17496288192545,12797,23.0,29.432757677580682,103.38525111252385,6505,11.682425568492615,12797,22.942877236852386,12797,2.3130421192466986,12797,75.15740487270736,59.33479332055845,15.822611552148919,26.666666666666668,375.0,15.54329575437755,8338,22.94403892944039,4110,79.19837645865043,3942,90.99935938500961,3122,41.94831013916501,503,29.36202920830131,1301,26.756604834176503,7116,54.31422147273749,7116,16.512085441259135,7116,2.332771219786397,7116,18.84485666104553,7116,25.379426644182125,7116,14.594937699544456,22.94403892944039,8.349101229895933,4110,4228,-0.34499934626297435,2.158477705197387,2.5034770514603615,3521,3595,-0.3598623092236233,4.938412408759124,5.298274717982747,2192,3014,7.328863246530485,6413,63.72992359270232,6413,1.0291595197255574,6413,4.522064556369874,6413,0.24949321690316545,6413,0.18711991267737407,6413,7.57835646343365,6413,74.87579843860894,74.69836763662171,8454,8454,6330,0.23696682464454977,59.995200383969284,59.92320614350852,4167,4167,79.86901606112583,6413,4.428504600031187,6413,10.650241696553875,6413,29.34466432328521,89.33986470725449,59.995200383969284,4287,4167,1.6996725401528145,6413,1.3254327147980665,6413,79.72867612661781,6413,1.6217059098705755,6413,2.8067986901606115,6413,3.617651645095899,6413,3.4617183845314203,6413,1.0135661936691096,6413,0.14033993450803056,6413,0.3118665211289568,6413,0.9979728676126618,6413,0.21830656479026977,6413,72.90771274517465,12797,8.009689771040087,12797,5.95452059076346,12797,21.622255216066264,12797,29.194342424005626,12797,45.01054934750332,12797,95.07389162561576,12789,67.13581984517946,12789,84.45706174591909,8454,6.427398545625147,12789,0.08601141606067715,12789,4.267752789091553,11294,3.8464360587002098,1908,5.003494282083863,25.367788154023284,15634.0,,,31.56952965235174,3912,48.491308793456035,3.7648382559774967,7110,54.2657673648089,8451,9.336173233936812,8451,1.0176310495799314,8451,6.377943438646314,8451,29.002484913028045,8451,89.79181452566833,8454,0.26023184291459667,8454,0.0,8454,0.0,8454,0.6150934468890467,8454,0.0,8454,0.0,8454,0.0,8454,0.0,8454,0.0,8454,,,,,,,,,,,,0,,0,,0,,0,,0,13.421828908554572,678,,3.3276010318142735,11630,92.9664660361135,11630,55.04692757216221,11294,77.9933110367893,1495,6.153725858159356,12789,12.624356775300171,2915,49.25823485038974,3977,23.635906462157404,3977,27.03042494342469,3977,7.367362333417149,3977,3977,3.2157405079205432,,,,0,0,0
030303,18076,8480,37.8844877185218,18076,56.395220181456075,18076,5.720292100022129,18076,50.03872538172162,18076,8.370214649258685,18076,19.0,25.381113078114627,113.16037735849056,9596,13.487497233901305,18076,27.118831599911484,18076,1.4107103341447222,18076,77.31999215224641,67.1767706494016,10.14322150284481,15.09929906542056,662.2823984526112,10.105187449429112,11123,16.263043906280764,5079,71.98290036172311,6082,92.41662859753312,4378,17.878426698450536,839,19.682259488084732,2266,16.265124745690116,9339,59.51386658100439,9339,19.97001820323375,9339,4.133204839918621,9339,24.103223043152372,9339,29.42499196916158,9339,11.332534309986919,16.263043906280764,4.930509596293845,5079,6044,-2.6709170772387005,2.6792009400705052,5.350118017309206,4255,5084,-1.2537801290345083,4.800761421319797,6.054541550354306,3152,4657,9.125214408233276,8745,67.84448256146369,8745,0.8805031446540881,8745,7.261292166952544,8745,0.21726700971983992,8745,0.38879359634076616,8745,9.342481417953117,8745,76.85795758331848,76.5104259490287,11222,11222,8625,0.45217391304347826,63.47503900156006,63.37753510140406,5128,5128,80.01143510577472,8745,4.791309319611206,8745,9.708404802744425,8745,24.644422764111084,88.11946176567115,63.47503900156006,6094,5128,2.1269296740994856,8745,1.5437392795883362,8745,79.42824471126357,8745,2.02401372212693,8745,2.698684962835906,8745,2.698684962835906,8745,2.778730703259005,8745,0.34305317324185247,8745,0.5831903945111492,8745,1.4179531160663237,8745,1.486563750714694,8745,0.34305317324185247,8745,68.11241425094047,18076,5.4381500331931845,18076,7.794866120823191,18076,23.95994689090507,18076,38.127904403629124,18076,59.10599690196946,18076,94.7202390835132,18069,67.40273396424816,18069,85.77793619675637,11222,17.997675576955007,18069,0.14389285516630693,18069,7.68295803480041,15632,3.5625220147939416,2839,4.488667496886675,20.193328490808515,17897.0,,,22.950819672131146,4880,42.94672131147541,4.640544596912521,9328,49.66101694915254,11210,12.337198929527208,11210,1.1239964317573594,11210,4.8706512042818915,11210,32.007136485281,11210,69.78256995188023,11222,18.793441454286224,11222,0.044555337729459986,11222,0.026733202637675993,11222,0.03564427018356799,11222,0.0,11222,0.0,11222,0.044555337729459986,11222,0.0,11222,0.0,11222,,,,,,,,,,,,0,,0,,0,,0,,0,16.295546558704455,988,,8.617494440326167,16188,87.85520138374105,16188,73.40711361310133,15632,74.1075092326631,2437,5.058387293154021,18069,17.80285582680792,4342,56.62769962353874,5047,16.50485436893204,5047,23.736873390132754,5047,4.0221914008321775,5047,5047,3.5801466217554982,,,,0,0,0
030401,8242,4102,29.458869206503277,8242,60.31303081776268,8242,10.228099975734045,8242,41.04586265469546,8242,13.843727250667314,8242,23.0,30.224460082504248,100.92637737688932,4140,9.233195826255763,8242,28.80368842513953,8242,2.5479252608590146,8242,65.80164956749145,48.84329108831221,16.95835847917924,34.71993410214168,288.01897983392644,8.722039188486214,5767,14.096762965541247,2873,89.34075342465754,2336,94.68136080498323,2087,59.38697318007663,261,25.606060606060606,1320,13.051287168229894,5011,36.539612851726204,5011,26.082618239872282,5011,24.007184194771504,5011,50.08980243464379,5011,54.55996807024546,5011,10.710446448609664,14.096762965541247,3.3863165169315828,2873,2894,-7.077874574562518,20.498614958448755,27.576489533011273,2527,2484,-0.9598548956201274,8.295106277805239,9.254961173425366,2023,2318,24.844352208716277,3373,49.184702045656685,3373,1.2748295286095463,3373,5.3957900978357545,3373,0.4743551734361103,3373,0.5040023717758672,3373,25.318707382152386,3373,58.13190607734806,57.59668508287293,5792,5792,3367,0.9207009207009207,47.74618585298197,47.399445214979195,2884,2884,37.088645123035874,3373,18.173732582270976,3373,32.107915801956715,3373,20.68572611400566,68.43191196698763,47.74618585298197,2908,2884,14.052772013044768,3373,2.9943670323154463,3373,36.91076193299733,3373,9.398161873702936,3373,8.68662911354877,3373,8.834865105247554,3373,3.9430773791876668,3373,3.05366142899496,3373,0.17788319003854136,3373,1.3341239252890602,3373,7.4117995849392235,3373,1.423065520308331,3373,75.45498665372483,8242,13.103615627274934,8242,13.224945401601554,8242,16.34312060179568,8242,42.028633826741085,8242,44.10337296772628,8242,98.52780143569777,8219,76.01898041124224,8219,61.550414364640886,5792,18.615403333738897,8219,0.997688283246137,8219,8.3266291230893,7458,2.5425318151373073,1493,3.788870703764321,23.975073794686786,9147.0,,,44.059213089209194,2567,47.719127386053756,7.633033033033033,4995,45.21092669432918,5784,6.36237897648686,5784,1.7634854771784232,5784,6.224066390041494,5784,40.43914246196404,5784,62.67265193370166,5792,2.1408839779005526,5792,0.05179558011049724,5792,0.017265193370165747,5792,0.08632596685082873,5792,0.0,5792,0.0,5792,0.0,5792,0.017265193370165747,5792,0.0,5792,,,,,,,,,,,,0,,0,,0,,0,,0,11.627906976744185,430,,36.65265370467682,7612,61.087756174461376,7612,68.73156342182891,7458,92.11563731931669,761,1.9588757756418056,8219,8.286674132138858,1786,46.060144651693946,2627,25.999238675295015,2627,29.653597259231063,2627,9.51655881233346,2627,2627,3.1286638751427485,,,,0,0,0
030402,7192,3665,33.59288097886541,7192,54.25472747497219,7192,12.152391546162402,7192,43.33982202447164,7192,17.60289210233593,7192,25.0,31.619299221357064,96.23465211459754,3527,11.457174638487208,7192,20.78698553948832,7192,2.8921023359288096,7192,84.31573552024602,61.9169656586366,22.39876986160943,36.175496688741724,276.43020594965674,17.19380174060709,4711,24.708333333333332,2400,81.5716911764706,2176,75.77464788732394,1775,41.19601328903654,301,33.28173374613003,646,24.617253948967193,4115,52.39368165249088,4115,17.424058323207777,4115,5.492102065613609,4115,22.916160388821385,4115,29.185905224787362,4115,15.318458820135582,24.708333333333332,9.38987451319775,2400,2311,-1.7933985908166639,4.622641509433962,6.416040100250626,2120,1995,-0.674152078705494,5.401154401154401,6.075306479859895,1386,1713,12.042682926829269,3280,62.042682926829265,3280,2.1341463414634148,3280,4.5426829268292686,3280,0.6707317073170732,3280,0.21341463414634146,3280,12.713414634146341,3280,68.38358458961474,67.8391959798995,4776,4776,3266,0.7960808328230251,54.00739827373613,53.76078914919852,2433,2433,67.7439024390244,3280,10.091463414634147,3280,15.792682926829269,3280,29.304594897411974,83.3119931711481,54.00739827373613,2343,2433,4.2682926829268295,3280,2.957317073170732,3280,67.71341463414635,3280,2.8963414634146343,3280,7.134146341463414,3280,4.298780487804878,3280,2.8658536585365852,3280,1.524390243902439,3280,0.03048780487804878,3280,0.6707317073170732,3280,1.8597560975609757,3280,1.25,3280,67.47775305895439,7192,7.313681868743048,7192,13.153503893214683,7192,29.50500556173526,7192,27.363737486095662,7192,52.71134593993326,7192,97.21913236929922,7192,75.76473859844272,7192,86.34840871021775,4776,10.038932146829811,7192,0.30589543937708563,7192,3.4233668341708543,6368,3.5746907706945765,1051,4.943405511811024,26.87568867074026,9983.0,,,38.31848120883379,2581,50.283223556760944,4.331468871595331,4112,50.56603773584906,4770,7.9245283018867925,4770,1.090146750524109,4770,9.454926624737945,4770,30.964360587002098,4770,91.18509212730318,4776,0.16750418760469013,4776,0.020938023450586266,4776,0.0,4776,0.020938023450586266,4776,0.0,4776,0.0,4776,0.0,4776,0.0,4776,0.0,4776,,,,,,,,,,,,0,,0,,0,,0,,0,15.548780487804878,328,,5.604629911666159,6566,91.50167529698446,6566,46.41959798994975,6368,88.10679611650485,824,2.989432703003337,7192,10.839598997493734,1596,42.16277317256971,2654,26.940467219291634,2654,35.90806330067822,2654,11.228334589299171,2654,2654,2.7098718914845517,,,,0,0,0
030403,17445,9022,31.01175121811407,17445,61.1865864144454,17445,7.801662367440527,17445,40.871309830897104,17445,11.000286615075954,17445,25.0,29.061335626253943,93.36067390822434,8423,9.911149326454572,17445,26.219547148179995,17445,1.8400687876182287,17445,63.4345137717819,50.683904815439384,12.750608956342514,25.157116451016638,397.50183688464364,6.4358108108108105,11840,10.467169690158935,6229,88.79551820728291,4998,90.87426768814781,4438,53.63489499192246,619,27.573358174196553,2147,9.965404574284067,10406,42.773399961560635,10406,34.60503555640977,10406,12.233326926773016,10406,46.83836248318278,10406,52.80607341918124,10406,8.506734830062696,10.467169690158935,1.9604348600962396,6229,5611,-2.1857287060767128,11.207676987144668,13.39340569322138,5523,4883,-1.0563691050703872,7.283107963082206,8.339477068152593,4659,4666,33.15667889658921,7359,46.13398559586901,7359,2.296507677673597,7359,3.0303030303030303,7359,1.141459437423563,7359,0.38048647914118766,7359,34.298138334012776,7359,62.16442251400853,61.08555657773689,11957,11957,7433,1.735503834252657,46.828803051979015,46.129391193768875,6291,6291,27.761924174480228,7359,28.849028400597906,7359,34.13507270009512,7359,32.362866556210186,79.1916696081892,46.828803051979015,5666,6291,6.984644652806088,7359,6.509036553879604,7359,27.462970512297865,7359,6.278026905829597,7359,22.353580649544774,7359,12.92295148797391,7359,5.150156271232505,7359,4.389183312950129,7359,0.29895366218236175,7359,1.005571409158853,7359,3.0031254246500882,7359,1.5355347193912217,7359,73.02952135282315,17445,11.986242476354256,17445,20.303811980510176,17445,19.610203496703928,17445,60.27515047291487,17445,54.26196617942104,17445,98.14494757460537,17358,77.58958405346237,17358,59.864514510328675,11957,32.521027768176054,17358,1.5151515151515151,17358,13.970447131068893,15633,2.5358744394618835,3568,3.4657637321294206,20.071448200054963,18195.0,,,42.23100413148913,5567,44.43829710795761,6.984462458984752,10362,43.194177194009875,11953,12.1977746172509,11953,2.041328536769012,11953,5.463063666025266,11953,37.103655985944954,11953,57.82386886342728,11957,2.9940620556995903,11957,0.041816509157815505,11957,0.016726603663126203,11957,0.1254495274734465,11957,0.016726603663126203,11957,0.0,11957,0.0,11957,0.008363301831563101,11957,0.008363301831563101,11957,,,,,,,,,,,,0,,0,,0,,0,,0,14.788732394366198,852,,36.00926041797022,15982,61.62557877612314,15982,71.63692189598925,15633,89.73913043478261,1725,3.041825095057034,17358,9.370706237977465,3639,47.09312599399187,5659,19.29669552924545,5659,28.80367556105319,5659,5.230606114154444,5659,5659,3.0673263827531367,,,,0,0,0
030404,4366,2230,33.6921667430142,4366,56.91708657810353,4366,9.390746678882271,4366,44.52588181401741,4366,13.994502977553825,4366,24.0,29.7743930371049,95.7847533632287,2136,10.76500229042602,4366,23.018781493357764,4366,1.923957856161246,4366,75.69416498993964,59.19517102615694,16.498993963782695,27.87219578518015,358.780487804878,13.020277481323372,2811,20.108695652173914,1472,85.73476702508961,1395,82.44147157190635,1196,50.0,198,31.310679611650485,412,22.15320910973085,2415,46.666666666666664,2415,25.25879917184265,2415,5.755693581780538,2415,31.014492753623188,2415,39.50310559006211,2415,14.880913725362861,20.108695652173914,5.227781926811053,1472,1339,-2.566046771490142,4.545454545454546,7.111501316944688,1276,1139,-0.9734607182266739,5.9988439306358385,6.972304648862512,865,1011,14.46808510638298,2115,52.71867612293144,2115,1.5602836879432624,2115,5.673758865248227,2115,0.37825059101654845,2115,0.28368794326241137,2115,14.846335697399526,2115,72.54495159059475,71.99170124481327,2892,2892,2098,0.7626310772163966,61.224489795918366,60.8294930875576,1519,1519,70.2127659574468,2115,8.605200945626478,2115,14.609929078014185,2115,23.84470175542905,85.06919155134742,61.224489795918366,1373,1519,3.735224586288416,2115,2.647754137115839,2115,70.16548463356973,2115,2.127659574468085,2115,6.430260047281324,2115,4.869976359338062,2115,2.2222222222222223,2115,1.8912529550827424,2115,0.04728132387706856,2115,0.6619385342789598,2115,2.4113475177304964,2115,0.9456264775413712,2115,79.24874026568942,4366,6.161245991754466,4366,6.229958772331654,4366,19.46862116353642,4366,25.996335318369216,4366,37.01328447091159,4366,97.77675911070365,4363,77.05707082282832,4363,82.36514522821577,2892,8.18244327297731,4363,0.0,4363,3.54482404315438,3893,3.640552995391705,651,4.879895561357702,28.022963760315754,5574.0,,,43.5229609321453,1459,48.180260452364635,5.068851099128992,2411,46.10820244328098,2865,10.401396160558464,2865,1.3263525305410122,2865,9.214659685863875,2865,32.94938917975567,2865,90.35269709543569,2892,0.48409405255878285,2892,0.034578146611341634,2892,0.0,2892,0.0,2892,0.0,2892,0.034578146611341634,2892,0.0,2892,0.0,2892,0.0,2892,,,,,,,,,,,,0,,0,,0,,0,,0,12.389380530973451,226,,6.275,4000,88.0,4000,51.88800410994092,3893,86.80851063829788,470,3.300481320192528,4363,9.30930930930931,999,45.1935914552737,1498,23.030707610146862,1498,33.5781041388518,1498,8.477970627503337,1498,1498,2.9125500667556743,,,,0,0,0
030501,9504,4972,28.093434343434343,9504,60.73232323232323,9504,11.174242424242424,9504,39.83585858585859,9504,16.182659932659934,9504,26.0,32.172348484848484,91.15044247787611,4532,8.88047138047138,9504,25.883838383838384,9504,2.704124579124579,9504,64.65696465696466,46.25779625779626,18.3991683991684,39.7752808988764,251.41242937853107,11.783815711754283,6772,18.373493975903614,3652,90.1815487217488,2699,94.86442070665571,2434,50.32258064516129,310,34.21955403087478,1166,17.05982905982906,5850,38.85470085470085,5850,24.871794871794872,5850,18.854700854700855,5850,43.72649572649573,5850,47.914529914529915,5850,14.302981155390793,18.373493975903614,4.07051282051282,3652,3120,-3.5473968426659432,17.257462686567163,20.804859529233106,3216,2634,-1.078998190119699,7.780629139072848,8.859627329192547,2416,2415,19.223946784922394,4510,57.472283813747225,4510,1.352549889135255,4510,5.121951219512195,4510,0.4878048780487805,4510,0.4878048780487805,4510,19.711751662971174,4510,66.13873001906438,65.34682504766094,6819,6819,4510,1.1973392461197339,57.06122448979592,56.38095238095238,3675,3675,52.4390243902439,4510,13.569844789356985,4510,28.802660753880264,4510,19.68813937788856,76.74936386768448,57.06122448979592,3144,3675,10.57649667405765,4510,2.5277161862527717,4510,52.28381374722838,4510,5.631929046563193,4510,7.804878048780488,4510,9.42350332594235,4510,4.855875831485587,4510,1.6407982261640799,4510,0.15521064301552107,4510,1.4634146341463414,4510,7.073170731707317,4510,1.0864745011086474,4510,75.91540404040404,9504,12.07912457912458,9504,21.517255892255893,9504,20.107323232323232,9504,61.121632996633,9504,55.387205387205384,9504,98.84015183466892,9484,79.29143821172501,9484,69.80495673852471,6819,11.819907212146774,9484,0.9384226064951497,9484,4.349838037945395,8644,2.401685393258427,1780,3.9095795131204554,25.95257563368766,12230.0,,,45.163377547719186,3091,50.888385635716595,6.867730313947503,5829,47.82672540381792,6810,6.857562408223201,6810,1.4390602055800295,6810,7.665198237885463,6810,36.21145374449339,6810,73.39785892359583,6819,0.3079630444346678,6819,0.08798944126704795,6819,0.014664906877841326,6819,0.02932981375568265,6819,0.014664906877841326,6819,0.02932981375568265,6819,0.0,6819,0.0,6819,0.0,6819,,,,,,,,,,,,0,,0,,0,,0,,0,7.677902621722846,534,,23.984613644077385,8839,74.88403665573028,8839,71.71448403516891,8644,92.97619047619048,840,1.5710670603121046,9484,9.585741811175337,2076,44.35305283138248,3161,26.985131287567224,3161,27.269851312875673,3161,10.344827586206897,3161,3161,3.000316355583676,,,,0,0,0
030502,8940,4679,29.6420581655481,8940,57.38255033557047,8940,12.975391498881432,8940,42.50559284116331,8940,17.416107382550337,8940,24.0,32.00492170022371,91.06646719384484,4261,10.145413870246085,8940,25.27964205816555,8940,3.3333333333333335,8940,74.26900584795321,51.65692007797271,22.612085769980506,43.77358490566038,228.44827586206895,16.185434712864936,6234,25.105612552806278,3314,87.81977854142802,2619,92.34782608695652,2300,42.40506329113924,316,40.72657743785851,1046,28.291476407914764,5256,45.70015220700152,5256,19.996194824961947,5256,5.745814307458143,5256,25.74200913242009,5256,29.756468797564686,5256,19.04396871718984,25.105612552806278,6.061643835616438,3314,2920,-3.0871406357589173,4.327938071780436,7.415078707539354,2842,2414,-0.8910089642809469,5.68222090962788,6.573229873908827,1693,2062,8.436776772564697,4753,63.72817168104355,4753,1.1782032400589102,4753,5.701662108142226,4753,0.3155901535872081,4753,0.1683147485798443,4753,8.752366926151904,4753,75.14349489795919,74.58545918367346,6272,6272,4713,0.7426267769997879,67.26726726726727,66.996996996997,3330,3330,76.03618767094467,4753,6.501157163896487,4753,11.739953713444141,4753,16.79119636291628,84.05846363018355,67.26726726726727,2942,3330,2.73511466442247,4753,2.0408163265306123,4753,76.03618767094467,4753,1.7673048600883652,4753,4.712812960235641,4753,5.070481800967809,4753,1.998737639385651,4753,0.9257311171891437,4753,0.0,4753,0.25247212286976645,4753,1.8093835472333264,4753,0.4207868714496108,4753,82.21476510067114,8940,10.100671140939598,8940,13.534675615212528,8940,32.75167785234899,8940,52.718120805369125,8940,64.77628635346755,8940,98.59865470852019,8920,75.99775784753363,8920,88.87117346938776,6272,5.986547085201794,8920,0.1905829596412556,8920,3.3940603943099577,8014,3.331693605059733,1423,5.008666164280331,31.3089802130898,13140.0,,,44.76372924648787,3132,50.295338441890166,4.4105303319343765,5242,49.3935525055857,6266,8.123204596233641,6266,0.9575486753909991,6266,8.809447813597192,6266,32.716246409192465,6266,92.36288265306122,6272,0.1434948979591837,6272,0.0,6272,0.0,6272,0.0,6272,0.0,6272,0.0,6272,0.0,6272,0.0,6272,0.0,6272,,,,,,,,,,,,0,,0,,0,,0,,0,11.956521739130435,552,,4.920828258221681,8210,91.74177831912301,8210,57.9361118043424,8014,91.05960264900662,906,2.6121076233183858,8920,9.802930773117737,1979,42.19671113869066,3223,28.917157927396836,3223,33.81942289792119,3223,12.752094322060193,3223,3223,2.767607818802358,,,,0,0,0
030601,10597,5369,39.33188638293857,10597,53.45852599792394,10597,7.2095876191374915,10597,51.34472020383127,10597,10.314239879211097,10597,19.0,26.008587336038502,97.37381262804992,5228,15.372275172218552,10597,24.280456733037653,10597,1.8023969047843729,10597,87.06090026478375,73.57458075904678,13.486319505736981,18.330134357005758,545.5497382198953,23.887403679823873,6359,33.57865685372585,3261,75.75,3600,94.05940594059406,2727,23.81930184804928,487,31.244323342415985,1101,39.25659017637019,5273,46.14071685947279,5273,11.720083443959796,5273,2.768822302294709,5273,14.488905746254504,5273,18.926607244452875,5273,19.892407660698094,33.57865685372585,13.68624919302776,3261,3098,-0.3464276084266129,2.601685599120557,2.94811320754717,2729,2544,-0.06844531066331516,4.935148118494796,5.003593429158111,1249,1948,6.897934630038099,4987,55.9053539201925,4987,1.0627631842791256,4987,20.51333467014237,4987,0.2606777621816723,4987,0.782033286545017,4987,7.158612392219771,4987,76.13936848654534,75.81272359620469,6429,6429,4895,0.4290091930541369,64.42831215970962,64.30732002419843,3306,3306,85.14136755564468,4987,5.153398836976138,4987,6.577100461199118,4987,24.10835130490773,88.53666346461735,64.42831215970962,3123,3306,2.3059955885301786,4987,1.3234409464607981,4987,82.85542410266693,4987,1.1830759975937437,4987,3.950270703829958,4987,1.7645879286143975,4987,0.8221375576498897,4987,0.7018247443352718,4987,2.285943452977742,4987,0.5013033888109084,4987,1.503910166432725,4987,0.42109484660116303,4987,75.51193734075682,10597,2.7838067377559685,10597,3.0952156270642637,10597,44.46541474002076,10597,24.39369632914976,10597,70.5293951118241,10597,96.64055864867416,10597,74.22855525148627,10597,91.36724218385442,6429,6.7849391337170895,10597,0.07549306407473813,10597,3.2002676181980374,8968,3.8625075711689885,1651,4.906931464174455,26.486572890025574,12512.0,,,34.373069796170476,3238,44.54539839407041,3.015758496297703,5267,52.839583009180025,6427,6.799439863077641,6427,1.1047144857631865,6427,7.779679477205539,6427,31.47658316477361,6427,95.27142634935448,6429,0.326644890340644,6429,0.0,6429,0.0,6429,0.0,6429,0.0,6429,0.0,6429,0.0,6429,0.0,6429,0.0,6429,,,,,,,,,,,,0,,0,,0,,0,,0,15.275590551181102,635,,3.6091359620771386,9282,93.01874595992243,9282,46.409455842997325,8968,86.24923265807244,1629,2.1704255921487214,10597,21.754250386398763,2588,53.471596032461676,3327,18.935978358881876,3327,28.67448151487827,3327,6.85302073940487,3327,3327,3.185151788397956,,,,0,0,0
030602,10253,5191,34.79957085731006,10253,55.61299131961377,10253,9.587437823076172,10253,47.312981566370816,10253,13.683799863454599,10253,22.0,29.255730030235053,97.51492968599499,5062,12.015995318443382,10253,23.573588218082513,10253,2.4480639812737737,10253,79.81410031567871,62.5745352507892,17.23956506488951,27.550448430493272,362.970498474059,19.29121725731895,6490,28.88620585571989,3313,78.35689045936395,3396,86.99736940999624,2661,35.59322033898305,472,33.26653306613226,998,31.248847076185207,5421,51.57719977863863,5421,14.406935989669803,5421,2.6378896882494005,5421,17.044825677919203,5421,21.121564287031912,5421,19.60071640025876,28.88620585571989,9.285489455461127,3313,3177,-1.0386517178314292,2.1299638989169676,3.1686156167483968,2770,2651,-0.22690654927517784,4.861129568106312,5.08803611738149,1505,2215,5.8702944465150955,5366,67.79724189340291,5366,0.7081625046589638,5366,7.845695117405889,5366,0.11181513231457324,5366,0.09317927692881103,5366,5.982109578829668,5366,79.0238059589759,78.85911064530619,6679,6679,5278,0.2084122773777946,73.10284207442133,72.95634339290946,3413,3413,84.30860976518822,5366,5.441669772642564,5366,5.441669772642564,5366,12.108425531212475,85.21126760563381,73.10284207442133,3266,3413,1.7890421170331718,5366,0.8199776369735371,5366,84.28997390980246,5366,1.7517704062616475,5366,3.6898993663809168,5366,2.0685799478196047,5366,0.6708907938874394,5366,0.3354453969437197,5366,0.018635855385762207,5366,0.2795378307864331,5366,1.080879612374208,5366,0.5218039508013418,5366,69.17975226762898,10253,3.794011508826685,10253,3.0430118014239733,10253,20.998732078416072,10253,14.766409831268897,10253,55.80805617867941,10253,97.71640480140529,10247,76.00273250707524,10247,88.51624494684833,6679,9.300283009661364,10247,0.06831267688103836,10247,4.803105934553522,9015,3.656319290465632,1353,4.84188393608074,26.338273757628595,11470.0,,,36.31319358816276,3244,48.41214549938348,3.4292574806058367,5414,53.36329588014981,6675,3.8951310861423223,6675,0.8239700374531835,6675,7.655430711610487,6675,34.262172284644194,6675,92.01976343764036,6679,0.23955681988321606,6679,0.0,6679,0.0,6679,0.014972301242701004,6679,0.0,6679,0.0,6679,0.0,6679,0.0,6679,0.0,6679,,,,,,,,,,,,0,,0,,0,,0,,0,7.03125,640,,3.6089098307988863,9338,93.28550010708932,9338,52.82307265668331,9015,89.20454545454545,1232,3.4937054747731042,10247,16.90084303492573,2491,49.85110184633711,3358,24.091721262656343,3358,28.975580702799284,3358,7.861822513400834,3358,3358,3.0515187611673613,,,,0,0,0
030701,19477,9909,33.562663654566926,19477,58.53570878472044,19477,7.901627560712636,19477,45.95676952302716,19477,11.131077681367767,19477,22.0,27.841197309647278,96.55868402462409,9568,11.516147250603275,19477,27.33993941572111,19477,1.7353801920213585,19477,70.83589158845716,57.337075695114464,13.49881589334269,23.54290959155576,424.7563352826511,10.102192058662922,12819,15.194824732962239,6647,88.31380208333333,6144,85.88278658311832,5426,52.477763659466326,787,33.50785340314136,2483,14.996294924045943,10796,42.95109299740645,10796,29.964801778436456,10796,11.726565394590589,10796,41.69136717302705,10796,46.3505001852538,10796,10.57719673555459,15.194824732962239,4.617627997407648,6647,6172,-1.10373156957783,11.19800924280128,12.30174081237911,5626,5170,-0.47181444949241946,7.341552511415525,7.813366960907945,4380,4758,30.292905668782716,8979,49.89419757211271,8979,1.6371533578349482,8979,5.1787504176411625,8979,0.34525002784274417,8979,0.37866132085978393,8979,30.63815569662546,8979,69.11229780976704,68.4389753115084,12921,12921,8930,0.9742441209406495,57.170571556484106,56.722877182510075,6701,6701,56.47622229646954,8979,15.079630248357278,8979,21.706203363403496,8979,24.80692040493068,81.97749196141478,57.170571556484106,6220,6701,5.379218175743401,8979,3.1183873482570443,8979,56.32030292905669,8979,6.771355384786725,8979,8.163492593830048,8979,8.007573226417195,8979,4.755540706091993,8979,1.8710324089542265,8979,0.1559193674128522,8979,0.7907339347366077,8979,2.34992760886513,8979,0.9355162044771133,8979,70.43692560455922,19477,18.51927914976639,19477,12.958874570005648,19477,20.151974123324948,19477,57.35996303332136,19477,54.20752682651332,19477,98.35517861732203,19455,77.78977126702647,19455,66.15587028867735,12921,27.381135954767412,19455,0.8121305576972501,19455,9.329073482428115,17215,2.873428331936295,3579,4.037690751976466,22.279246666361175,21823.0,,,39.84308374552277,5863,46.133037694013304,6.4251185274704845,10757,44.245246410554905,12885,11.26115638339154,12885,1.6841288319751648,12885,6.309662398137369,12885,36.499805975941015,12885,67.50251528519465,12921,0.8203699404070892,12921,0.1006114077857751,12921,0.015478678120888476,12921,0.1780047983902175,12921,0.03095735624177695,12921,0.015478678120888476,12921,0.0,12921,0.007739339060444238,12921,0.0,12921,,,,,,,,,,,,0,,0,,0,,0,,0,14.827018121911038,1214,,32.29490586306326,17687,65.47746932775485,17687,67.28434504792332,17215,92.23214285714286,2240,3.17142122847597,19455,11.405068919519787,4498,53.72358269037236,5962,21.569942972156994,5962,26.065078832606506,5962,7.849714860784972,5962,5962,3.2631667225763166,,,,0,0,0
030702,6527,3347,25.677953117818294,6527,61.31453960471886,6527,13.007507277462846,6527,37.45978244216332,6527,18.277922475869467,6527,27.0,33.19564884326643,95.01045712578428,3180,8.947449057760073,6527,27.210050559215567,6527,3.171441703692355,6527,63.093453273363316,41.879060469765115,21.2143928035982,50.656324582338904,197.40871613663134,9.087119633180492,4798,14.016820184221066,2497,88.78107944208611,1649,62.77322404371585,1464,52.71739130434783,184,25.3880266075388,902,15.586899354530242,4183,44.2983504661726,4183,30.31317236433182,4183,9.180014343772411,4183,39.49318670810423,4183,45.27850824766914,4183,10.27931475180038,14.016820184221066,3.7375054324206864,2497,2301,-3.8018800606648817,7.39404869251578,11.195928753180661,2218,1965,-0.9844805756314541,6.735207967193907,7.719688542825361,1707,1798,25.123326286116985,2838,46.37068357998591,2838,2.783650458069063,2838,4.721634954193093,2838,0.24665257223396758,2838,0.28188865398167723,2838,25.36997885835095,2838,58.97435897435897,58.126550868486355,4836,4836,2852,1.4375876577840112,45.03968253968254,44.523809523809526,2520,2520,51.374207188160675,2838,16.13812544045102,2838,18.53417899929528,2838,29.096759601940953,74.13644214162349,45.03968253968254,2316,2520,4.510218463706836,2838,3.06553911205074,2838,50.95137420718816,2838,5.708245243128964,2838,10.429880197322058,2838,6.025369978858351,2838,5.07399577167019,2838,1.409443269908386,2838,0.42283298097251587,2838,0.8809020436927414,2838,1.6913319238900635,2838,0.916138125440451,2838,77.8611919718094,6527,10.173127010877892,6527,12.731729738011337,6527,20.95909299831469,6527,42.07139574076911,6527,43.87927072161789,6527,98.89366933005532,6508,82.88260602335588,6508,71.07113316790736,4836,15.657652120467118,6508,1.4290104486785495,6508,7.8299021262234225,5926,2.610497237569061,1086,4.413508260447036,28.112851271798288,9003.0,,,46.16357504215851,2372,50.648819561551434,6.088044262689439,4157,44.88824503311258,4832,9.995860927152318,4832,1.6970198675496688,4832,7.28476821192053,4832,36.134105960264904,4832,77.66749379652606,4836,1.1166253101736974,4836,0.062034739454094295,4836,0.0,4836,0.0,4836,0.0,4836,0.0,4836,0.0,4836,0.062034739454094295,4836,0.0,4836,,,,,,,,,,,,0,,0,,0,,0,,0,13.841807909604519,354,,24.731004800529714,6041,72.5211057771892,6041,69.91225109686128,5926,93.98625429553265,582,2.581438229870928,6508,10.431372549019608,1275,37.191103789126856,2428,28.13014827018122,2428,37.31466227347611,2428,11.532125205930807,2428,2428,2.6803953871499178,,,,0,0,0
030703,3740,1776,33.74331550802139,3740,58.07486631016043,3740,8.181818181818182,3740,44.786096256684495,3740,11.764705882352942,3740,23.0,28.106417112299464,110.58558558558559,1964,12.67379679144385,3740,26.550802139037433,3740,1.6844919786096257,3740,72.19152854511971,58.103130755064456,14.088397790055248,24.247226624405705,412.41830065359477,14.333472628499791,2393,20.91388400702988,1138,82.3529411764706,1122,92.42424242424242,924,52.57142857142857,175,30.67632850241546,414,21.348314606741575,2047,49.09623839765511,2047,25.2076209086468,2047,4.298974108451392,2047,29.506595017098192,2047,36.24816805080606,2047,12.547350142488046,20.91388400702988,8.366533864541832,1138,1255,-0.604358188627852,3.9836567926455566,4.588014981273409,979,1068,-0.23488531064864038,6.101321585903084,6.336206896551724,681,928,12.752452394691288,1733,61.9734564339296,1733,2.8851702250432774,1733,6.058857472590883,1733,0.4616272360069244,1733,0.51933064050779,1733,13.214079630698212,1733,69.43656262667207,68.99067693554925,2467,2467,1713,0.642148277875073,52.40506329113924,52.151898734177216,1185,1185,75.93768032313906,1733,5.1933064050779,1733,12.117714945181765,1733,32.774343885147815,85.17940717628706,52.40506329113924,1282,1185,2.7697634160415463,1733,1.788805539526832,1733,71.95614541257935,1733,1.7311021350259665,1733,3.4045008655510673,1733,5.020196191575303,1733,2.3658395845354874,1733,0.6924408540103866,1733,3.981534910559723,1733,0.5770340450086555,1733,1.6156953260242355,1733,0.8655510675129833,1733,81.3903743315508,3740,6.25668449197861,3740,8.155080213903743,3740,24.037433155080215,3740,32.62032085561497,3740,42.16577540106952,3740,98.14963797264683,3729,80.93322606596944,3729,87.79894608836643,2467,7.48189863234111,3729,0.053633681952266025,3729,1.9969278033794162,3255,3.594782608695652,575,4.729667812142039,25.25104090129806,4083.0,,,32.33923578751165,1073,47.00093196644921,4.896383186705767,2046,42.35294117647059,2465,13.793103448275861,2465,2.0689655172413794,2465,7.0182555780933065,2465,34.766734279918865,2465,91.77138224564249,2467,0.16214025131738954,2467,0.12160518848804215,2467,0.0,2467,0.0,2467,0.0,2467,0.0,2467,0.0,2467,0.0,2467,0.0,2467,,,,,,,,,,,,0,,0,,0,,0,,0,17.46031746031746,189,,7.867185163027221,3343,83.72719114567754,3343,57.757296466973884,3255,93.0379746835443,474,0.32180209171359614,3729,15.82360570687419,771,52.52062328139322,1091,23.281393217231898,1091,24.47296058661778,1091,8.157653528872594,1091,1091,3.4179651695692024,,,,0,0,0
030801,21899,11295,28.91912872733915,21899,60.81556235444541,21899,10.265308918215444,21899,39.558883967304446,21899,14.014338554271884,21899,25.0,30.81912416092059,93.8822487826472,10604,10.005023060413718,21899,26.923603817525915,21899,2.876843691492762,21899,64.43159633578615,47.55218501276468,16.879411323021476,35.496605084478134,281.7170818505338,6.737266112266112,15392,10.61925199264255,8155,89.65284799460734,5934,93.49624060150376,5320,54.85232067510549,711,28.65745660644704,2823,9.850059382422803,13472,33.22446555819477,13472,33.81086698337292,13472,22.661817102137768,13472,56.472684085510686,13472,61.67606888361045,13472,8.256394454988826,10.61925199264255,2.3628575376537237,8155,7237,-4.406836000566734,20.613122485781663,25.019958486348397,7209,6263,-1.266478610223432,8.559477124183006,9.825955734406438,6120,5964,26.877062706270628,9696,49.26773927392739,9696,2.341171617161716,9696,4.393564356435643,9696,1.2273102310231023,9696,0.5775577557755776,9696,28.10437293729373,9696,62.69176227923166,61.87959262601521,15514,15514,9726,1.2954966070326959,50.6207400194742,50.0,8216,8216,26.753300330033003,9696,19.482260726072607,9696,46.008663366336634,9696,25.660432904614595,76.28117292408879,50.6207400194742,7298,8216,15.717821782178218,9696,3.7231848184818483,9696,26.58828382838284,9696,7.250412541254126,9696,12.108085808580858,9696,16.821369636963695,9696,7.167904290429043,9696,3.3003300330033003,9696,0.16501650165016502,9696,1.247937293729373,9696,9.375,9696,1.5367161716171618,9696,76.25918991734783,21899,10.63518882140737,21899,31.060779031005982,21899,16.932280012785974,21899,62.24028494451802,21899,53.55495684734463,21899,97.77513275956784,21844,77.3713605566746,21844,65.54724764728633,15514,18.79692364035891,21844,1.6938289690532868,21844,5.637242431951157,19655,2.162756952841596,4135,3.4121641570711545,20.2390299223589,22926.0,,,37.171443106664405,5897,49.47057826013227,8.243605995078667,13411,48.29655439411537,15498,6.639566395663957,15498,2.0905923344947737,15498,6.510517486127243,15498,36.462769389598655,15498,69.35026427742685,15514,0.5414464354776332,15514,0.05156632718834601,15514,0.025783163594173004,15514,0.012891581797086502,15514,0.0,15514,0.012891581797086502,15514,0.0,15514,0.2642774268402733,15514,0.0,15514,,,,,,,,,,,,0,,0,,0,,0,,0,9.586631486367635,1137,,39.50131886726721,20093,58.71696610759966,20093,76.05698295599085,19655,87.39150296939242,2189,1.4557773301593115,21844,8.20627802690583,4460,53.783469150174625,6013,28.637951105937137,6013,16.181606519208383,6013,6.40279394644936,6013,6013,3.6327956095127223,,,,0,0,0
030802,7057,3585,23.055122573331445,7057,64.7300552642766,7057,12.21482216239195,7057,33.71120872892164,7057,16.79183789145529,7057,29.0,33.60280572481224,96.84797768479777,3472,7.269377922630013,7057,27.632138302394786,7057,3.2308346322800054,7057,54.487740805604204,35.617338003502624,18.870402802101577,52.98094652735095,188.74709976798144,11.43335192414947,5379,17.72793053545586,2764,89.58333333333333,1680,84.85049833887044,1505,50.56818181818182,176,30.454545454545453,880,19.568892645815723,4732,38.989856297548606,4732,31.72020287404903,4732,9.446322907861369,4732,41.166525781910394,4732,46.47083685545224,4732,12.947815812702515,17.72793053545586,4.780114722753346,2764,2615,-1.3423213923021091,8.803245436105477,10.145566828407587,2465,2267,-0.8961215988981417,7.1407284768211925,8.036850075719334,1812,1981,12.985915492957746,3550,60.70422535211268,3550,1.408450704225352,3550,2.9014084507042255,3550,0.11267605633802817,3550,0.4788732394366197,3550,13.098591549295774,3550,65.62038404726735,64.91875923190547,5416,5416,3554,1.0692177827799663,53.306973400431346,52.94751976994968,2782,2782,68.4225352112676,3550,9.464788732394366,3550,16.08450704225352,3550,25.318690988331,78.62566438876235,53.306973400431346,2634,2782,3.887323943661972,3550,1.2394366197183098,3550,68.3943661971831,3550,1.8591549295774648,3550,7.52112676056338,3550,7.464788732394366,3550,3.1549295774647885,3550,0.704225352112676,3550,0.028169014084507043,3550,0.676056338028169,3550,1.4366197183098592,3550,1.0422535211267605,3550,78.43276179679751,7057,12.639931982428793,7057,17.06107411081196,7057,18.93155731897407,7057,53.70554059798781,7057,52.21765622785886,7057,98.67953996876331,7043,81.54195655260543,7043,80.26218611521418,5416,4.131762033224478,7043,0.4117563538264944,7043,1.3169984686064318,6530,2.265973254086181,1346,3.5755839576906125,23.842970023830425,7973.0,,,36.78048780487805,2050,52.18487804878049,6.0870947234583594,4719,49.46454948301329,5416,4.22821270310192,5416,1.9202363367799113,5416,7.551698670605613,5416,36.835302806499264,5416,82.84711964549483,5416,0.27695716395864106,5416,0.03692762186115214,5416,0.0,5416,0.055391432791728215,5416,0.0,5416,0.0,5416,0.0,5416,0.0,5416,0.0,5416,,,,,,,,,,,,0,,0,,0,,0,,0,8.285714285714286,350,,15.46919716824823,6639,81.63880102425064,6639,72.86370597243491,6530,89.66861598440546,513,0.34076387902882294,7043,13.043478260869565,1311,40.29995162070634,2067,32.41412675374939,2067,22.157716497339138,2067,8.514755684567005,2067,2067,3.4073536526366714,,,,0,0,0
030803,5542,2756,28.798267773367016,5542,62.901479610249005,5542,8.300252616383977,5542,44.76723204619271,5542,12.251894622879826,5542,22.0,28.8985925658607,101.08853410740203,2786,8.913749548899315,5542,32.29880909418982,5542,2.1111512089498374,5542,58.97877223178428,45.78313253012048,13.195639701663797,28.82205513784461,346.95652173913044,5.115089514066496,3910,8.602711157455683,1918,89.00427611484423,1637,90.39121482498284,1457,61.702127659574465,188,19.81981981981982,999,9.031858954531396,3233,37.488400866068666,3233,36.622332199195796,3233,16.115063408598825,3233,52.73739560779462,3233,57.53170429941231,3233,6.8456830450058845,8.602711157455683,1.7570281124497993,1918,1992,-3.4738262856792286,14.454976303317535,17.928802588996763,1688,1545,-1.6785279442196837,7.701513067400275,9.380041011619959,1454,1463,33.66045142296369,2038,43.277723258096174,2038,3.5328753680078506,2038,3.140333660451423,2038,0.7360157016683022,2038,0.6869479882237488,2038,34.39646712463199,2038,51.779359430604984,50.991357397051345,3934,3934,2037,1.5218458517427589,42.20611082340756,41.58467115484205,1931,1931,33.36604514229637,2038,26.398429833169775,2038,30.176643768400393,2038,18.802376445688793,61.008487269096356,42.20611082340756,2003,1931,8.537782139352306,2038,4.661432777232581,2038,33.218842001962706,2038,5.8390578999018645,2038,20.363101079489695,2038,8.684985279685966,2038,4.36702649656526,2038,5.691854759568204,2038,0.14720314033366044,2038,1.3738959764474976,2038,2.551521099116781,2038,1.4720314033366044,2038,79.68242511728617,5542,12.432334897149044,5542,18.098159509202453,5542,11.782749909779863,5542,61.43991338866835,5542,55.46734031035727,5542,98.55308374027854,5529,80.23150660155544,5529,53.355363497712254,3934,32.863085548923856,5529,2.1161150298426477,5529,13.463065925337569,5036,2.269267364414843,1051,3.267076923076923,18.44363913789815,5243.0,,,43.71997254632807,1457,48.124914207275225,7.7276410096603305,3209,37.49045558666327,3929,8.526342580809366,3929,1.9343344362433188,3929,5.293967930771188,3929,46.75489946551286,3929,50.25419420437214,3934,2.7961362480935437,3934,0.02541942043721403,3934,0.0,3934,0.02541942043721403,3934,0.0,3934,0.0,3934,0.0,3934,0.0,3934,0.0,3934,,,,,,,,,,,,0,,0,,0,,0,,0,10.0,290,,50.01942501942502,5148,48.36829836829837,5148,73.74900714853058,5036,91.48073022312373,493,1.826731777898354,5529,7.8509119746233145,1261,54.53934095494284,1487,24.747814391392065,1487,18.3591123066577,1487,6.7921990585070615,1487,1487,3.7182246133154,,,,0,0,0
030901,137182,70531,30.859733784315726,137182,63.33119505474479,137182,5.809071160939482,137182,42.39987753495357,137182,8.428219445699874,137182,23.0,27.268839935268474,94.4988728360579,66651,10.60488985435407,137182,30.39976090157601,137182,1.3471155107812978,137182,57.90006791054225,48.72754060244708,9.172527308095168,18.824113006094393,531.2335299284729,3.2901741982196855,93916,5.29293666727505,49311,89.80710659898477,39400,80.3103097445173,35384,55.60469140549894,5201,26.557155932366683,20759,5.022949044507611,81267,23.72549743438296,81267,40.26234510933097,81267,30.394871226943287,81267,70.65721633627426,81267,74.6354608881834,81267,4.216824123838216,5.29293666727505,1.0761125434368344,49311,44605,-1.5499702929351535,29.663209416151965,31.213179709087118,42905,38362,-0.7557563240948557,10.125085736059951,10.880842060154807,39365,37337,42.24373635066119,58153,41.4303647275291,58153,2.7616803948205595,58153,2.6705415025880006,58153,1.1177411311540246,58153,0.4608532663835056,58153,43.361477481815214,58153,61.97824731262354,60.933949201450176,94609,94609,58637,1.6849429541074747,51.4399565296142,50.572561331481815,49689,49689,11.103468436710058,58153,23.120045397485942,58153,56.917098000103174,58153,22.195395206806104,73.6353517364203,51.4399565296142,44920,49689,17.97155778721648,58153,5.3599986243186075,58153,10.862724193076883,58153,13.289082248551235,58153,9.505958420029922,58153,21.508778566883908,58153,8.924733031829827,58153,4.737502794352828,58153,0.24074424363317456,58153,2.299107526696817,58153,6.2696679449039605,58153,2.925042560143071,58153,50.71146360309662,137182,23.03144727442376,137182,29.20572669883804,137182,10.389847064483678,137182,55.73982009301512,137182,49.701855928620375,137182,98.61579816218901,136902,81.17631590480782,136902,40.53525563107104,94609,30.816934741640004,136902,0.9941417948605572,136902,8.89353739551074,122381,2.04435033812619,30462,2.8726959224809967,16.043314645572536,117189.0,,,36.31474270987983,35699,43.87699935572425,9.911504753416517,80784,39.60942048160889,94475,12.179941783540619,94475,3.4527652818205876,94475,4.330246096851019,94475,40.427626356178884,94475,32.659683539620964,94609,5.269054741092285,94609,0.06658985931570992,94609,0.04862116711940725,94609,0.1416355737826211,94609,0.010569818939001574,94609,0.028538511135304253,94609,0.006341891363400945,94609,0.015854728408502362,94609,0.013740764620702048,94609,,,,,,,,,,,,0,,0,,0,,0,,0,9.855649576903932,8036,,68.22820332929396,125432,28.75422539702787,125432,50.007762642893915,122381,90.01446181392465,14521,1.1782150735562664,136902,7.598404716490376,28835,61.072344650688144,36257,17.660038061615687,36257,13.539454450175139,36257,2.9290895551203904,36257,36257,3.7758777615357033,,,,0,0,0
030902,41571,21287,34.15121118087128,41571,59.48618026989969,41571,6.36260854922903,41571,46.07298357027736,41571,9.013494984484376,41571,21.0,26.611628298573525,95.28820406821065,20284,11.731736066007553,41571,29.068340910731038,41571,1.587645233456015,41571,68.10627198835375,57.41032795503255,10.695944033321203,18.630696626047758,536.7485822306238,7.218943695950711,26943,11.235795454545455,14080,86.77296886864085,13170,91.12705635281765,11428,44.76576055523424,1729,28.234477974332293,5766,12.626328914555716,22857,38.780242376514856,22857,34.2258389114932,22857,13.851336570853567,22857,48.07717548234677,22857,53.46283414271339,22857,8.413747720735302,11.235795454545455,2.822047733810153,14080,12863,-2.275152714961143,12.776718348395656,15.0518710633568,12061,10796,-0.8243649365035965,7.679825007630481,8.504189944134078,9829,10024,31.78011354055421,17791,49.62621550222023,17791,2.2876735428025405,17791,3.2488336799505366,17791,0.5452194930020797,17791,0.4046990051149458,17791,32.32533303355629,17791,64.95917395921057,64.16462231335359,27311,27311,17741,1.2231554027394171,51.87622514701764,51.21114533744049,14284,14284,43.049856669102354,17791,16.980495756281265,17791,30.071384407846665,17791,27.42829623165742,79.30452137867506,51.87622514701764,13027,14284,6.480804901354618,17791,3.5748412118486876,17791,42.01562587825305,17791,7.852284863133045,17791,8.892136473497835,17791,11.578888201899836,17791,8.009667809566634,17791,2.765443201618796,17791,1.0342307908493058,17791,0.9049519419931426,17791,2.074082401214097,17791,1.1185430835815862,17791,66.71958817444853,41571,11.224170695917827,41571,22.86449688484761,41571,12.448581944143754,41571,52.748310120035605,41571,48.39912438959852,41571,97.77825971710162,41499,78.06935106870046,41499,57.00633444399693,27311,29.09708667678739,41499,0.5783271886069544,41499,11.198776925386989,36629,2.5344242424242425,8250,3.444870231666957,19.430111667308438,38955.0,,,39.5820688459204,11533,43.802133009624555,7.04410923963235,22739,42.080933338225044,27257,13.585500972227317,27257,1.9224419415196097,27257,4.945518582382507,27257,37.46560516564552,27257,53.817143275603236,27311,2.7205155431877266,27311,0.04393833986305884,27311,0.01830764160960785,27311,0.1830764160960785,27311,0.00732305664384314,27311,0.01098458496576471,27311,0.0,27311,0.01098458496576471,27311,0.0,27311,,,,,,,,,,,,0,,0,,0,,0,,0,13.629032258064516,2480,,42.638313688011046,37668,53.85473080598917,37668,63.837396598323735,36629,87.72073921971253,4870,2.149449384322514,41499,9.50696900353651,9614,58.035638161821126,11729,18.560832125500895,11729,18.739875522209907,11729,5.0814221161224316,11729,11729,3.538153295251087,,,,0,0,0
030903,53904,27819,31.60989907984565,53904,63.397892549718016,53904,4.992208370436331,53904,43.22128227960819,53904,7.366800237459187,53904,22.0,26.532502226179876,93.766849994608,26085,10.55951320866726,53904,31.288958147818345,53904,1.1316414366280796,53904,57.73394978638731,49.85954234213145,7.874407444255867,15.793180350959563,633.1846897064288,3.577896065411842,36446,5.43523749738439,19116,89.8215507057141,16083,70.56624671189256,14446,62.2848948374761,2092,27.30778500843577,8298,5.407473536538707,31364,24.46435403647494,31364,38.94273689580411,31364,30.468052544318326,31364,69.41078944012243,31364,73.35480168345875,31364,3.9060972781114534,5.43523749738439,1.529140219272937,19116,17330,-2.211587162548561,29.416413373860184,31.628000536408745,16450,14914,-0.6916768860101055,10.106103973906677,10.797780859916783,15023,14420,40.48884165781084,23525,41.024442082890545,23525,3.3113708820403827,23525,3.902231668437832,23525,1.8108395324123272,23525,0.620616365568544,23525,42.29968119022317,23525,64.51472547793217,63.4188127158513,36773,36773,23724,1.6987017366380037,53.98207160992798,53.00792787191046,19299,19299,15.38788522848034,23525,23.404888416578107,23525,52.1615302869288,23525,22.165347412619802,76.14741902254778,53.98207160992798,17474,19299,16.442082890541975,23525,8.136025504782147,23525,15.179596174282677,23525,10.20616365568544,23525,12.841657810839532,23525,17.43251859723698,23525,8.378320935175346,23525,4.51009564293305,23525,0.20828905419766205,23525,1.6833156216790648,23525,4.233793836344314,23525,3.1370882040382573,23525,62.79125853368952,53904,16.880008904719503,53904,23.430543187889583,53904,11.897076283763727,53904,52.940412585336894,53904,49.82005046007718,53904,98.4034644264367,53804,79.08148093078582,53804,39.50996655154597,36773,31.256040443089734,53804,1.9106386142294254,53804,10.323184038241713,48115,2.0464097363083162,12325,2.7891690009337067,15.264086099303608,44228.0,,,35.67693201626961,13768,42.713901801278325,9.784578823982788,31139,38.34051371543873,36674,13.142825980258493,36674,3.473850684408573,36674,3.7165294213884494,36674,41.326280198505756,36674,31.882087401082316,36773,5.063497674924537,36773,0.09789791423054958,36773,0.029913251570445706,36773,0.1278111658009953,36773,0.013596932532020775,36773,0.05710711663448726,36773,0.0,36773,0.02719386506404155,36773,0.02719386506404155,36773,,,,,,,,,,,,0,,0,,0,,0,,0,10.558069381598793,3315,,67.2093919179221,49319,28.948275512479977,49319,50.601683466694375,48115,88.8732641940587,5689,1.2694223477808342,53804,8.575052854122621,11825,60.29527137864632,14021,15.548106411810855,14021,14.521075529562799,14021,2.6888239069966478,14021,14021,3.837386776977391,,,,0,0,0
030904,51968,26771,33.47059729064039,51968,61.295412561576356,51968,5.233990147783251,51968,45.42603140394089,51968,7.635467980295567,51968,22.0,26.050492610837438,94.12050352993911,25197,11.535945197044335,51968,30.389855295566502,51968,1.1911176108374384,51968,63.14434607898537,54.60538707854587,8.538959000439505,15.637576175692768,639.4852941176471,4.989065461437527,34295,7.674059362242083,18126,88.7802463023702,16159,80.94939355918027,14346,49.73519499277805,2077,27.743510665638652,7782,7.785147702407002,29248,30.08410831509847,29248,38.163293216630194,29248,23.434080962800877,29248,61.59737417943107,29248,66.29855032822758,29248,5.694963561635985,7.674059362242083,1.9790958006060981,18126,16169,-1.02022835653721,22.95556986477785,23.97579822131506,15530,13718,-0.714461666725823,9.191187234665495,9.905648901391318,13662,13153,38.47373082839961,21451,43.224092116917625,21451,2.013892126241201,21451,3.239942193837117,21451,0.7039298867185679,21451,0.45219337093841777,21451,39.17766071511818,21451,62.35222531293463,61.43660176170607,34512,34512,21519,1.468469724429574,50.13437174354193,49.35007952613393,18233,18233,24.912591487576336,21451,21.654002144422172,21451,45.12610134725654,21451,25.9022398419363,76.03661158547823,50.13437174354193,16279,18233,13.798890494615636,21451,4.727052351871707,21451,24.446412754650133,21451,10.614889748729663,21451,10.806023029229406,21451,16.4188149736609,21451,8.773483753671158,21451,3.5336347955806255,21451,0.46617873292620393,21451,1.2586825789007505,21451,6.708311966808075,21451,2.0838189361801316,21451,59.58474445812808,51968,17.772475369458128,51968,25.213592980295566,51968,11.333897783251231,51968,54.273783866995075,51968,50.887084359605915,51968,98.18469128189317,51892,77.86749402605412,51892,52.02538247566064,34512,37.90565019656209,51892,1.2063516534340553,51892,13.869583215320596,45899,2.298836279648219,11257,3.170373338676284,17.105852732199633,46867.0,,,37.797828845340476,14186,42.17883829127309,8.753437371098585,29092,41.266844795539036,34432,13.109897769516728,34432,2.567379182156134,34432,4.240241635687732,34432,38.815636617100374,34432,44.317918405192394,34512,8.527468706536856,34512,0.08982382939267501,34512,0.06954102920723226,34512,0.13908205841446453,34512,0.017385257301808066,34512,0.0260778859527121,34512,0.005795085767269356,34512,0.011590171534538712,34512,0.011590171534538712,34512,,,,,,,,,,,,0,,0,,0,,0,,0,10.868207370393504,3202,,57.71597080787509,47136,39.87186014935506,47136,58.957711496982505,45899,88.50325379609545,5993,1.7652046558236336,51892,8.116964960927653,11901,60.39975015615241,14409,15.448677909639809,14409,17.41966826289125,14409,3.365951835658269,14409,14409,3.6013602609480184,,,,0,0,0
030905,51990,26715,28.574725908828622,51990,65.54529717253318,51990,5.879976918638199,51990,39.267166762839004,51990,8.57472590882862,51990,24.0,28.227197537988076,94.60976979225154,25275,9.83266012694749,51990,30.465474129640317,51990,1.3637237930371224,51990,52.56624702878774,43.59538691786249,8.970860110925258,20.577544426494345,485.9666339548577,2.4712190077021474,36743,4.012041314164115,19267,90.62206487970522,13841,71.62560790879375,12543,59.22174840085288,1876,26.305658924675992,7793,3.7207862559975236,32305,18.659650208945983,32305,40.36217303822938,32305,36.73734715988237,32305,77.09952019811175,32305,80.99984522519733,32305,3.239553330643859,4.012041314164115,0.7724879835202564,19267,17476,-1.5327147702845636,36.0131447684995,37.545859538784065,17041,15264,-0.6543622378197842,10.972056888666124,11.626419126485908,15961,14974,48.53189785568111,22478,35.01201174481715,22478,2.896165139247264,22478,2.3756561971705668,22478,1.1299937716878725,22478,0.5427529139603168,22478,49.66189162736898,22478,61.2922395397207,60.279300937305855,37021,37021,22691,1.6526376096249615,50.09529696595065,49.250502240766494,19413,19413,5.13390871073939,22478,24.753091912091822,22478,59.4714832280452,22478,23.54168622350869,73.63698318945934,50.09529696595065,17608,19413,21.794643651570425,22478,6.544176528160868,22478,4.800249132485097,22478,14.636533499421656,22478,9.738410890648634,22478,20.09075540528517,22478,8.861998398434025,22478,4.955956935670433,22478,0.3336595782542931,22478,2.3756561971705668,22478,6.174926594892784,22478,3.9549782009075543,22478,53.298711290632816,51990,29.16330063473745,51990,26.77245624158492,51990,9.088286208886323,51990,53.4775918445855,51990,45.12213887286016,51990,98.97014579958343,51852,80.48098434004474,51852,30.488101347883635,37021,35.298542004165704,51852,1.7781377767492093,51852,10.508866120510792,46751,1.9490276706930523,11673,2.7113376116773624,14.936995610930204,42378.0,,,34.2189476817742,13437,44.27922899456724,10.776830444658804,32137,40.396238176545516,36897,10.678374935631624,36897,3.6940672683415996,36897,4.246957747242323,36897,40.984361872238935,36897,23.251667972231978,37021,4.510953242754113,37021,0.08913859701250641,37021,0.056724561735231355,37021,0.11885146268334189,37021,0.01620701763863753,37021,0.054023392128791765,37021,0.013505848032197941,37021,0.024310526457956293,37021,0.024310526457956293,37021,,,,,,,,,,,,0,,0,,0,,0,,0,9.769094138543517,2815,,78.55351170568562,47840,18.62458193979933,47840,44.392633312656415,46751,92.27602430895902,5101,1.45413870246085,51852,6.584887144259078,10190,59.0631664092948,13599,17.83954702551658,13599,12.706816677696889,13599,2.4413559820575044,13599,13599,3.812927421133907,,,,0,0,0
031001,172466,88436,31.35284635812276,172466,63.25130750408776,172466,5.395846137789477,172466,42.481416627045334,172466,7.894889427481359,172466,23.0,26.951619449630652,95.01786602740965,84030,10.60962740482182,172466,30.684308791297994,172466,1.217051476812821,172466,58.09949856536526,49.568692878161464,8.530805687203792,17.21006787121114,581.0552331828927,4.078811512829484,117191,6.462952063305212,61164,89.03872201418214,50204,78.53962998590636,44701,52.85540704738761,6584,27.464201833472234,26398,6.467827760215202,101858,26.600757917885684,101858,36.882719079502834,101858,29.474366274617605,101858,66.35708535412044,101858,70.34891711991203,101858,4.98687802757244,6.462952063305212,1.4760740357327717,61164,56027,-1.8699453729826914,28.585858585858585,30.455803958841276,53460,48398,-0.6614369683596486,9.888316831683168,10.549753800042817,47975,46710,40.23931201230904,72792,43.19293328937246,72792,2.931640839652709,72792,2.7736564457632706,72792,1.2034289482360698,72792,0.44785141224310365,72792,41.442740960545116,72792,62.10578005807997,61.05085807658767,118113,118113,73355,1.6985890532342718,49.72339838743693,48.84898038643111,61641,61641,15.422024398285526,72792,23.32948675678646,72792,52.356028134959885,72792,25.89814857388903,75.62154696132596,49.72339838743693,56472,61641,16.271018793273985,72792,5.956698538300913,72792,15.158259149357072,72792,10.780030772612376,72792,12.241729860424222,72792,18.59957138147049,72792,9.406253434443345,72792,4.196889768106385,72792,0.26376524892845365,72792,2.121112210132982,72792,4.415320364875261,72792,2.890427519507638,72792,63.532522352231744,172466,18.749782565839062,172466,22.80391497454571,172466,12.540442753934109,172466,59.62044692867,172466,47.83957417693922,172466,98.63995770564757,172127,79.36000743636966,172127,42.45002666937594,118113,30.112649380980322,172127,1.1869143132686912,172127,11.026907578317951,153860,2.0925925925925926,38880,2.9015487151828023,17.053961950250894,149068.0,,,38.48762292302475,47184,42.66653950491692,9.467380249424822,101273,38.52864870364404,117946,13.149237786783782,117946,3.144659420412731,117946,4.090007291472369,117946,41.08744679768708,117946,36.85877083809572,118113,3.027609153945798,118113,0.06942504212068104,118113,0.051645458162945655,118113,0.17525589901196312,118113,0.008466468551302566,118113,0.06434516098989951,118113,0.009313115406432823,118113,0.018626230812865647,118113,0.021166171378256417,118113,,,,,,,,,,,,0,,0,,0,,0,,0,11.088274586373446,9731,,62.07989653139245,157729,35.60283777872173,157729,56.50656440920317,153860,90.22828050583018,18267,1.7028124582430415,172127,8.118570655116406,36940,58.207401856708714,48042,15.91732234294992,48042,17.32234294991882,48042,3.132675575538071,48042,48042,3.582844178010907,,,,0,0,0
031002,19285,9545,34.57609541094114,19285,59.49701840808919,19285,5.926886180969666,19285,48.3795696136894,19285,8.561057816956184,19285,20.0,26.106352087114338,102.04295442640125,9740,12.278973295307233,19285,29.30775213896811,19285,1.389681099299974,19285,68.07564929405612,58.11399686247167,9.961652431584453,17.141571685662868,583.3770778652669,11.11378012651133,12489,16.900726392251816,6195,83.88722633485588,6349,87.06346226060833,5326,40.61085972850679,884,29.739063699155793,2606,17.881759052519172,10301,49.849529171925056,10301,26.337248810795067,10301,5.601397922531793,10301,31.938646733326863,10301,37.22939520434909,10301,11.482868114526998,16.900726392251816,5.417858277724817,6195,6294,-1.6691780750654006,4.771102955379564,6.4402810304449645,5177,5124,-0.9544003756027335,5.947492163009405,6.901892538612138,3828,4597,10.310151370805547,9447,67.40764263787446,9447,1.6089763946226314,9447,4.5411241664020325,9447,0.2858050174658622,9447,0.31756113051762463,9447,10.595956388271409,9447,74.1449091341957,73.65288469169114,12601,12601,9343,0.6635984159263619,63.56378732236947,63.260418329873865,6263,6263,73.70593839314068,9447,5.684344236265481,9447,15.751032073674182,9447,21.037033125721415,84.60082044809089,63.56378732236947,6338,6263,2.6886842383825553,9447,1.1220493278289405,9447,73.64242616703716,9447,2.3181962527786597,9447,3.080342966020959,9447,6.689954482904626,9447,4.1812215518153915,9447,0.9738541335873823,9447,0.06351222610352493,9447,0.9950248756218906,9447,0.9103419074838573,9447,0.40224409865565786,9447,65.13352346383199,19285,9.100337049520352,19285,13.212341197822141,19285,18.90588540316308,19285,54.7835105003889,19285,46.31578947368421,19285,97.72113787375416,19264,72.45120431893687,19264,82.98547734306801,12601,17.592400332225914,19264,0.4620016611295681,19264,6.591325957043962,16901,3.08461323652611,3581,4.028814935064935,20.85392571457686,19627.0,,,39.32243384459801,5933,42.5814933423226,5.299503262881076,10267,37.77989518818485,12594,17.476576147371766,12594,1.2466253771637288,12594,4.787994282991901,12594,38.708909004287754,12594,85.51702245853504,12601,1.1903817157368464,12601,0.023807634314736925,12601,0.023807634314736925,12601,0.007935878104912308,12601,0.0,12601,0.007935878104912308,12601,0.0,12601,0.007935878104912308,12601,0.0,12601,,,,,,,,,,,,0,,0,,0,,0,,0,13.928273561301085,1199,,17.031169278457035,17421,78.04374031341484,17421,67.6113839417786,16901,87.8967414303851,2363,2.2632890365448506,19264,15.04443962714069,4613,53.14388371713213,6123,15.482606565409114,6123,28.678752245631227,6123,5.438510534051935,6123,6123,3.1461701780173117,,,,0,0,0
031003,71386,32301,35.20438181155969,71386,62.044378449555936,71386,2.751239738884375,71386,47.38324041128513,71386,4.733421118986916,71386,21.0,24.500518308912113,121.00244574471378,39085,13.438209172666909,71386,30.101140279606646,71386,0.4342588182556804,71386,61.17495653744553,56.740647084057706,4.434309453387821,7.815049142493335,1279.582484725051,5.654167672290848,45577,9.054797311061316,19636,83.36832700469064,22385,89.41699710641946,18662,43.23157570151095,3243,24.02657128257537,9785,11.616030017197353,38378,51.44092969930689,38378,30.353327427171816,38378,6.318724269112512,38378,36.67205169628433,38378,42.8657043097608,38378,5.974731006755391,9.054797311061316,3.080066304305925,19636,25941,-0.5544559782432605,6.002546534893591,6.557002513136852,16493,21885,-0.48218543796038826,6.332101684895064,6.814287122855452,13532,20284,13.47410759175465,35802,65.1863024412044,35802,1.8043684710351378,35802,3.5389084408692253,35802,0.3659013462935032,35802,0.39662588682196526,35802,13.840008938048154,35802,76.7238581535732,76.37768017481989,46219,46219,35461,0.45119990976001806,63.1020857300055,62.85199819936978,19993,19993,72.54901960784314,35802,5.871180380984303,35802,16.124797497346517,35802,24.006127493513148,87.10821322351865,63.1020857300055,26226,19993,3.9997765487961567,35802,1.6591251885369533,35802,72.49594994693034,35802,1.927266633148986,35802,3.8908440869225185,35802,6.524775152226133,35802,2.3993073012680854,35802,1.7708507904586337,35802,0.05306966091279817,35802,0.8072174738841406,35802,1.9551980336294061,35802,0.8128037539802245,35802,79.75373322500211,71386,7.8923038130725915,71386,12.995545345025635,71386,18.541450704619955,71386,46.99941164934301,71386,40.893172330709106,71386,96.7986095537116,71344,72.3228302309935,71344,72.95917263463078,46219,45.6884951782911,71344,0.2663153173357255,71344,14.303526897043106,61754,3.0575949367088606,12640,3.622094915695593,18.699807405792356,55038.0,,,32.73648519943617,26249,37.929749704750655,5.836860531953807,38274,33.83286051497499,46177,23.663295580050676,46177,1.9620157221127401,46177,3.04264027546181,46177,37.49918790739979,46177,71.96391094571497,46219,2.206884614552457,46219,0.0713992081178736,46219,0.058417533914623856,46219,0.118998680196456,46219,0.0475994720785824,46219,0.9606438910404812,46219,0.14928925333737209,46219,1.6724723598520088,46219,0.01947251130487462,46219,,,,,,,,,,,,0,,0,,0,,0,,0,20.228298380674275,3767,,31.17035415526542,63955,64.63450863888671,63955,67.14706739644396,61754,84.19186652763295,9590,4.304496523884279,71344,12.477305452951857,15973,46.28069023384773,27411,6.475502535478458,27411,39.96570719784028,27411,2.5719601619787675,27411,27411,2.6027507205136624,,,,0,0,0
031101,24625,12119,34.310659898477155,24625,57.10456852791878,24625,8.58477157360406,24625,46.209137055837566,24625,12.052791878172588,24625,22.0,28.36178680203046,103.19333278323295,12506,11.801015228426396,24625,25.571573604060912,24625,2.1563451776649747,24625,75.11733750533352,60.08391409472337,15.033423410610155,25.020712510356255,399.66887417218544,18.43896347174524,16015,26.955201214882308,7902,80.71891273974343,7873,89.45712037765539,6355,42.631058358061324,1011,31.884057971014492,2898,32.42524916943522,13545,46.43779992617202,13545,17.851605758582505,13545,3.1893687707641196,13545,21.040974529346624,13545,25.839793281653748,13545,16.810988223387177,26.955201214882308,10.144212991495131,7902,8113,-1.4623633210401907,2.4531668153434434,3.915530136383634,6726,6819,-0.6181605290182635,5.302863436123348,5.921023965141612,3632,5508,8.364624111208757,12517,65.76655748182472,12517,0.8867939602141088,12517,5.192937604857394,12517,0.5192937604857394,12517,0.19173923464088838,12517,8.883917871694495,12517,76.66398365426289,76.3915547024952,16151,16151,12382,0.35535454692295265,65.75943810359965,65.59638780885489,7973,7973,78.38939042901654,12517,6.694894942877687,12517,9.810657505792122,12517,21.53574409253632,87.29518219613597,65.75943810359965,8178,7973,2.268914276583846,12517,2.0691859071662537,12517,77.69433570344331,12517,3.3714148757689544,12517,3.2835343932252137,12517,3.4193496844291764,12517,1.8375009986418471,12517,0.982663577534553,12517,0.6950547255732205,12517,0.33554366062155466,12517,1.4700007989134776,12517,0.31157625629144364,12517,67.5248730964467,24625,5.291370558375634,24625,4.231472081218274,24625,30.04263959390863,24625,23.22030456852792,24625,54.03045685279188,24625,97.91446459061713,24598,78.5958207984389,24598,89.59816729614265,16151,6.720058541344825,24598,0.04878445402065208,24598,2.420135527589545,21693,3.4266283023803297,3823,4.432007854688267,25.404380322016884,26893.0,,,34.14179104477612,8040,45.78084577114428,3.8313626958321017,13532,54.332465600595015,16134,5.844799801661089,16134,0.942109830172307,16134,6.712532539977687,16134,32.1680922275939,16134,66.78224258559841,16151,27.354343384310567,16151,0.006191567085629373,16151,0.006191567085629373,16151,0.0,16151,0.0,16151,0.0,16151,0.0,16151,0.0,16151,0.0,16151,,,,,,,,,,,,0,,0,,0,,0,,0,13.910574875798439,1409,,4.1651721664275465,22304,92.93848637015782,22304,57.6775918499055,21693,89.77624784853701,2905,1.9351166761525327,24598,17.125171939477305,5816,50.09127418765973,8217,21.39466958744067,8217,27.771692831933795,8217,7.594012413289522,8217,8217,2.993549957405379,,,,0,0,0
031201,14665,7083,37.06102966246164,14665,56.1745652915104,14665,6.7644050460279574,14665,49.47834981247869,14665,9.396522332083192,14665,20.0,26.09055574497102,107.04503741352534,7582,12.826457551994546,14665,26.764405046027957,14665,1.3501534265257416,14665,78.01650886137412,65.97475115319253,12.041757708181597,18.25206991720331,547.883064516129,11.960569550930996,9130,18.225695242472995,4351,73.60304426196676,4993,93.08843537414965,3675,26.426426426426428,666,24.495515695067265,1784,19.37811598005773,7622,58.50170558908423,7622,17.659406979795328,7622,4.250852794542115,7622,21.910259774337444,7622,27.748622408816583,7622,11.969156217572387,18.225695242472995,6.256539024900607,4351,4779,-0.6435313040575403,3.9156626506024095,4.55919395465995,3652,3970,-0.5249596500923976,5.156561780506523,5.681521430598921,2606,3523,9.173179761415055,7293,65.02125325654737,7293,1.4123131770190593,7293,8.610996846290965,7293,0.5073358014534485,7293,0.16454134101192924,7293,9.680515562868504,7293,77.70306908144453,77.42110400173517,9221,9221,7165,0.3628750872295883,64.72991375397186,64.52564684521107,4406,4406,80.0082270670506,7293,4.387769093651446,7293,10.599204716851776,7293,24.844333390368746,89.5742471443406,64.72991375397186,4815,4406,2.797202797202797,7293,1.919648978472508,7293,79.8985328397093,7293,1.6591251885369533,7293,2.6600850130261895,7293,3.894145070615659,7293,1.2477718360071302,7293,1.563142739613328,7293,0.10969422734128617,7293,0.4250651309474839,7293,1.6454134101192925,7293,0.5210475798711093,7293,72.56051824070917,14665,4.848278213433344,14665,7.7122400272758265,14665,21.356972383225365,14665,32.76508694169792,14665,54.00613706102966,14665,97.48908296943232,14656,77.03329694323143,14656,84.89317861403319,9221,11.578875545851528,14656,0.2183406113537118,14656,4.328767123287672,12775,3.5127478753541075,2471,4.590505274847307,21.09104178069695,16443.0,,,31.33362106171774,4634,42.95813552006906,4.394819879042861,7606,36.110207180822215,9219,20.305890009762447,9219,2.050113895216401,9219,5.879162598980367,9219,35.65462631521857,9219,88.3418284350938,9221,0.5422405379026136,9221,0.0,9221,0.010844810758052272,9221,0.03253443227415682,9221,0.03253443227415682,9221,0.0,9221,0.0,9221,0.010844810758052272,9221,0.0,9221,,,,,,,,,,,,0,,0,,0,,0,,0,20.927467300832344,841,,8.58313728466267,13177,89.07186764817484,13177,56.681017612524464,12775,87.50664540138224,1881,2.197052401746725,14656,16.722129783693845,3606,51.20116983496971,4787,17.359515354083978,4787,31.251305619385835,4787,6.496762063923125,4787,4787,3.0616252350114896,,,,0,0,0
031202,10156,4885,38.184324537219375,10156,56.13430484442694,10156,5.681370618353682,10156,50.56124458448208,10156,8.339897597479322,10156,19.0,25.456675856636473,107.90174002047083,5271,13.322174084285152,10156,26.043717999212287,10156,1.0831035840882237,10156,78.1441852306613,68.02315383266094,10.121031398000351,14.878803506962353,672.0970537261699,9.16988416988417,6216,14.426675740047635,2939,77.3463687150838,3580,93.46334416756952,2769,27.054108216432866,499,28.25719120135364,1182,15.496227510156704,5169,60.99825885084156,5169,20.390791255562004,5169,2.901915264074289,5169,23.292706519636294,5169,29.773650609402207,5169,9.971381263392157,14.426675740047635,4.455294476655477,2939,3277,-1.0828085727412775,2.331288343558282,3.4140969162995596,2445,2724,-0.6061463007095353,5.007434944237918,5.613581244947453,1883,2474,9.673494220239302,4931,65.9906712634354,4931,1.9671466234029609,4931,6.083958629081322,4931,0.06083958629081322,4931,0.1419590346785642,4931,9.734333806530115,4931,77.62717269972892,77.34013713921225,6271,6271,4868,0.3697617091207888,66.86868686868686,66.76767676767676,2970,2970,82.98519570066924,4931,3.447576556479416,4931,7.097951733928209,4931,20.438189835342214,87.30687670402908,66.86868686868686,3301,2970,1.6021091056580816,4931,1.3790306225917663,4931,82.90407625228148,4931,1.2370715879132022,4931,2.190225106469276,4931,2.6161022105049687,4931,0.6692354491989454,4931,1.1356722774285135,4931,0.08111944838775097,4931,0.4461569661326303,4931,0.7909146217805719,4931,0.4055972419387548,4931,79.63765261914139,10156,7.4537219377707755,10156,18.284757778653013,10156,27.14651437573848,10156,46.33714060653801,10156,60.22055927530524,10156,97.70352848413168,10146,71.6735659373152,10146,85.23361505342051,6271,17.484723043563967,10146,0.12812931204415534,10146,6.025466120964075,8796,3.5909365558912385,1655,4.578354978354978,19.67809925273041,10438.0,,,29.00943396226415,2968,42.98685983827493,4.518611865063979,5158,44.166001596169195,6265,15.227454110135675,6265,1.1971268954509178,6265,5.171588188347965,6265,34.23782920989625,6265,88.7258810397066,6271,0.3348748206027747,6271,0.0,6271,0.0,6271,0.07973210014351778,6271,0.0,6271,0.0,6271,0.0,6271,0.015946420028703556,6271,0.0,6271,,,,,,,,,,,,0,,0,,0,,0,,0,19.965870307167236,586,,11.271167802946998,9094,81.05344182977788,9094,60.39108685766257,8796,88.96296296296296,1350,1.9416518825152769,10146,15.044590926715781,2579,53.40158520475561,3028,16.281373844121532,3028,28.963011889035666,3028,5.647291941875825,3028,3028,3.3507265521796565,,,,0,0,0
031203,10750,5334,30.781395348837208,10750,61.02325581395349,10750,8.195348837209302,10750,44.353488372093025,10750,11.972093023255814,10750,23.0,29.378046511627907,101.53730783652044,5416,10.66046511627907,10750,26.21395348837209,10750,1.8976744186046512,10750,63.8719512195122,50.44207317073171,13.429878048780488,26.624357812027803,375.59591373439275,12.125359244560011,7307,18.880738929638685,3681,81.43928035982009,3335,88.0338733431517,2716,39.722863741339495,433,32.45469522240527,1214,18.021434460016486,6065,56.158285243198684,6065,20.85737840065952,6065,4.732069249793899,6065,25.589447650453423,6065,32.250618301731244,6065,13.613226519269132,18.880738929638685,5.267512410369553,3681,3626,-2.018952203571082,3.737406564835879,5.756358768406961,3077,2988,-0.7322875702892429,5.381987577639752,6.1142751479289945,2254,2704,8.393608074011775,5945,63.145500420521444,5945,1.9680403700588731,5945,8.259041211101767,5945,0.6728343145500421,5945,0.23549201009251472,5945,9.066442388561816,5945,78.98423817863397,78.72827697696349,7423,7423,5863,0.3240661777247143,68.91205560010692,68.5912857524726,3741,3741,81.76619007569386,5945,3.7846930193439867,5945,9.520605550883095,5945,20.30576080402126,89.21781640412819,68.91205560010692,3682,3741,3.061396131202691,5945,1.6484440706476031,5945,81.71572750210261,5945,1.2279226240538268,5945,2.5399495374264087,5945,3.010933557611438,5945,1.4297729184188395,5945,0.6728343145500421,5945,0.050462573591253154,5945,0.5382674516400336,5945,1.7325483599663583,5945,0.4878048780487805,5945,83.0139534883721,10750,4.102325581395349,10750,7.227906976744186,10750,21.358139534883723,10750,32.12093023255814,10750,50.95813953488372,10750,97.58620689655173,10730,76.28145386766076,10730,85.0330055233733,7423,9.319664492078285,10730,0.5498602050326188,10730,4.047569372000835,9586,3.39887323943662,1775,4.650364203954214,22.601968001201833,13313.0,,,37.74663997712325,3497,47.585930797826705,4.729300941993059,6051,42.27916385704653,7415,16.547538772757925,7415,0.9575185434929198,7415,7.808496291301416,7415,32.407282535401215,7415,90.00404149265796,7423,0.3367910548295837,7423,0.040414926579550044,7423,0.0,7423,0.026943284386366697,7423,0.0,7423,0.013471642193183348,7423,0.0,7423,0.0,7423,0.0,7423,,,,,,,,,,,,0,,0,,0,,0,,0,14.305750350631136,713,,6.0387699177915355,9853,88.71409722927028,9853,59.8163989150845,9586,88.81118881118881,1144,2.3112767940354146,10730,17.401861594496154,2471,46.44733204312966,3617,20.624827204865912,3617,29.748410284766383,3617,8.90240530826652,3617,3617,2.966546862040365,,,,0,0,0
031204,21736,10059,35.4020979020979,21736,62.13654766286345,21736,2.4613544350386456,21736,48.74861980125138,21736,4.324622745675377,21736,20.0,23.83916083916084,116.08509792225867,11677,13.272911299227088,21736,31.514538093485463,21736,0.34965034965034963,21736,60.93588034947431,56.97467792092404,3.961202428550274,6.9525666016894085,1438.3177570093458,4.442036836403034,13845,7.0476802054904475,6229,83.45853799479919,6922,82.17067682187987,5777,45.088408644400786,1018,26.211793763507256,3239,8.503608381879836,11501,42.0832971045996,11501,35.36214242239805,11501,13.72924093557082,11501,49.09138335796887,11501,54.92565863837927,11501,4.7367558357425485,7.0476802054904475,2.310924369747899,6229,7616,-4.247637833625561,11.37736216637444,15.625,5133,6368,-0.7996996079061347,7.523937360178971,8.323636968085106,4470,6016,23.337420998019056,10601,53.9949061409301,10601,2.6223941137628524,10601,3.160079237807754,10601,0.603716630506556,10601,0.452787472879917,10601,23.94113762852561,10601,74.93405574962573,74.58472945034576,14027,14027,10511,0.4661782894110931,61.74188440221695,61.3618368962787,6315,6315,60.550891425337234,10601,7.461560230166965,10601,24.667484199603813,10601,23.994630120604633,85.73651452282158,61.74188440221695,7712,6315,6.8484105273087446,10601,3.0846146589944343,10601,60.50372606357891,10601,3.3298745401377228,10601,3.9996226771059336,10601,8.716158852938403,10601,3.282709178379398,10601,2.726157909631167,10601,0.047165361758324684,10601,2.6789925478728422,10601,3.0846146589944343,10601,0.8395434392981794,10601,79.2464114832536,21736,10.595325726904674,21736,11.768494663231506,21736,18.54066985645933,21736,49.18108207581892,21736,39.763525947736476,21736,96.21051662215673,21718,71.81140068146239,21718,71.43366364867755,14027,44.68643521502901,21718,0.3591490929183166,21718,14.657323352975526,18837,3.009063444108761,3972,3.6095218208394235,17.451588369507988,17093.0,,,36.10143514003065,7177,37.536714504667685,7.272766922540126,11464,29.855549199084667,13984,24.22053775743707,13984,2.3598398169336385,13984,2.345537757437071,13984,41.21853546910755,13984,63.8768090111927,14027,3.2009695587082057,14027,0.17109859556569473,14027,0.18535681186283595,14027,0.12832394667427105,14027,0.014258216297141227,14027,1.2547230341484281,14027,0.3564554074285307,14027,7.506950880444856,14027,0.13545305482284167,14027,,,,,,,,,,,,0,,0,,0,,0,,0,20.524344569288388,1335,,48.54568854568855,19425,47.64478764478765,19425,59.303498433933214,18837,82.15897257896563,2881,3.4994014181784694,21718,12.515312372396897,4898,50.375637241749395,7454,6.399248725516501,7454,34.5049637778374,7454,1.8916018245237456,7454,7454,2.913603434397639,,,,0,0,0
031205,46627,21872,35.09554549938876,46627,62.6032127308212,46627,2.301241769790036,46627,48.70568554700066,46627,4.18212623587192,46627,20.0,24.072511634889658,113.18123628383321,24755,12.220387329229846,46627,31.606150942586915,46627,0.35816158020031313,46627,59.73621103117506,56.0602946214457,3.6759164097293593,6.557076509410902,1525.0698974836905,5.871553508244876,29958,9.29639081297849,13715,83.3494925990563,15471,77.96820473051571,12895,41.53465346534654,2020,23.876525484565686,6965,11.146612740141558,24725,46.9201213346815,24725,32.65520728008089,24725,9.071789686552073,24725,41.72699696663296,24725,47.29221435793731,24725,6.316645692003301,9.29639081297849,2.9797451209751893,13715,16243,-1.1191559461175355,8.467422843576893,9.586578789694428,11373,13352,-0.5239876148278464,6.871389124893798,7.3953767397216446,9416,12502,20.523807441738445,22871,57.29526474574789,22871,2.3129727602640897,22871,4.324253421363299,22871,0.4284902277993966,22871,0.5246819115910979,22871,20.952297669537842,22871,74.91320305525245,74.50980392156863,30243,30243,22656,0.5384887005649718,61.599480781711975,61.26775798658686,13867,13867,64.7326308425517,22871,7.559791876175069,22871,22.390800577150102,22871,24.587622295962674,86.18710307767465,61.599480781711975,16376,13867,5.1724891784355735,22871,2.5141008263740106,22871,64.68016265139259,22871,3.2923789952341393,22871,4.2368064360981155,22871,9.391806217480653,22871,3.2442831533382885,22871,2.820165274802151,22871,0.05246819115910979,22871,0.9007039482313848,22871,2.4747496830046782,22871,0.8088846137029426,22871,76.89750573701933,46627,10.333068822785082,46627,28.155360627962338,46627,18.403500117957407,46627,63.752761275655736,46627,47.193686061723895,46627,97.12464862777074,46603,70.97826320193978,46603,73.03508249842939,30243,48.44108748363839,46603,0.40126172134841104,46603,14.146377236726313,40908,2.830253545337344,9308,3.391667414923229,17.835967053899605,37273.0,,,39.43704057849758,16733,37.38080439849399,6.3560427980870555,24674,29.62754697009791,30232,24.315295051600952,30232,1.8556496427626357,30232,2.7851283408309078,30232,41.4163799947076,30232,73.31613927189763,30243,2.0566742717323017,30243,0.191779916013623,30243,0.07935720662632675,30243,0.14879476242436265,30243,0.05290480441755117,30243,0.6745362563237775,30243,0.12234236021558707,30243,0.43646463644479716,30243,0.06613100552193896,30243,,,,,,,,,,,,0,,0,,0,,0,,0,19.642857142857142,2856,,35.62089176811182,42141,60.73894781803944,42141,64.31015938202796,40908,85.53116769095698,5695,2.6951054653133917,46603,12.385039852851012,11417,49.49904441999189,17267,5.6292349568541145,17267,35.99351363873284,17267,2.03857068396363,17267,17267,2.6989633404760527,,,,0,0,0
031206,31550,14845,34.36133122028526,31550,63.4041204437401,31550,2.2345483359746434,31550,48.15530903328051,31550,3.832012678288431,31550,20.0,23.969001584786053,112.52947120242506,16705,12.072900158478605,31550,32.6053882725832,31550,0.37717908082408874,31550,57.718456308738254,54.194161167766445,3.5242951409718057,6.5030901208375615,1537.7304964539007,5.437386924844751,20451,8.74451460986835,9343,82.28083938027063,10198,85.12692170182338,8391,36.5761689291101,1326,24.60542290570619,4942,10.763417370254473,16937,46.808761882269586,16937,33.695459644565155,16937,8.360394402786799,16937,42.05585404735195,16937,47.94237468264746,16937,6.088771001658051,8.74451460986835,2.6557436082102988,9343,11108,-1.9524868949613738,7.302936630602782,9.255423525564156,7764,9173,-0.7795415771532292,6.7357936998147006,7.51533527696793,6476,8575,19.553637650866428,14831,59.44980109230666,14831,2.0093048344683435,14831,3.1016114894477784,14831,0.44501382239902904,14831,0.39781538669004113,14831,19.998651473265458,14831,71.2118283726324,70.72381136451489,20696,20696,14738,0.6853032975980459,56.86543535620053,56.401055408970976,9475,9475,62.70649315622682,14831,7.855168228710134,14831,23.2957993392219,14831,26.46047142572622,83.32590678192675,56.86543535620053,11221,9475,4.9086373137347445,14831,2.0227901018137686,14831,62.079428224664554,14831,3.2971478659564424,14831,4.47710875868114,14831,10.10720787539613,14831,3.964668599554986,14831,2.555458161958061,14831,0.6270649315622682,14831,1.308070932506237,14831,1.9958195671229182,14831,0.7012339019621064,14831,73.29318541996831,31550,9.419968304278923,31550,20.263074484944532,31550,17.759112519809825,31550,59.54041204437401,31550,37.175911251980985,31550,97.3584067990106,31534,71.53231432739265,31534,69.6608040201005,20696,49.15646603665884,31534,0.4059110801040147,31534,14.534569192483861,27727,2.722813144943642,6299,3.2767244856797095,17.126680820948337,24021.0,,,41.88335657452219,12191,36.10663604298253,6.394512267393623,16874,27.994772760272976,20661,22.93209428391656,20661,2.245777067905716,20661,2.8701418130777796,20661,43.95721407482697,20661,66.00792423656745,20696,2.2516428295322766,20696,0.2850792423656745,20696,0.09180517974487824,20696,0.48801700811751064,20696,0.014495554696559722,20696,0.06281407035175879,20696,0.009663703131039814,20696,0.038654812524159254,20696,0.004831851565519907,20696,,,,,,,,,,,,0,,0,,0,,0,,0,19.396110542476972,1954,,41.46853146853147,28600,55.77622377622377,28600,64.86457243841743,27727,87.050170738114,3807,3.231432739265555,31534,12.370311252992817,7518,45.644517492369104,12777,5.040306801283556,12777,42.08343116537528,12777,1.9096814588714095,12777,12777,2.468028488690616,,,,0,0,0
031301,19864,9900,35.80849778493758,19864,57.59162303664922,19864,6.59987917841321,19864,48.53000402738623,19864,9.962746677406363,19864,20.0,26.853000402738623,100.64646464646465,9964,12.973217881594845,19864,26.107531212243256,19864,1.3491743858236005,19864,73.63636363636364,62.17657342657343,11.45979020979021,18.43104175453395,542.5629290617849,13.758921490880255,12610,19.593404834320474,6247,81.94086429112964,6595,92.3019985196151,5404,42.16589861751152,868,32.145886344359624,2358,20.759034995708973,10487,48.536283017068754,10487,23.066653952512635,10487,7.390102031086107,10487,30.45675598359874,10487,36.00648421855631,10487,11.562601754012443,19.593404834320474,8.030803080308031,6247,6363,-0.5078764365803128,7.136042739935127,7.64391917651544,5241,5246,-0.3087982416924371,6.276437847866419,6.585236089558856,3773,4511,15.558683412732785,9236,58.55348635773062,9236,3.009961022087484,9236,7.470766565612819,9236,0.36812472932005197,9236,0.8336942399307059,9236,15.926808142052836,9236,71.22460186710599,70.92649250804111,12747,12747,9079,0.41854829827073464,55.26024363233665,55.10204081632653,6321,6321,72.71546123863145,9236,6.247293200519706,9236,15.677782589865743,9236,31.66786094282675,86.9281045751634,55.26024363233665,6426,6321,5.46773495019489,9236,1.775660459073192,9236,66.55478562148116,9236,1.84062364660026,9236,4.374187960155911,9236,5.35946297098311,9236,1.84062364660026,9236,1.8297964486790819,9236,6.1606756171502814,9236,0.682113469034214,9236,3.0424426158510176,9236,0.7903854482459939,9236,77.68828030608135,19864,5.733991139750302,19864,10.274869109947645,19864,26.122633910592025,19864,41.592831252517115,19864,44.135118807893676,19864,95.86040187339478,19857,72.43793120813818,19857,81.14850553071311,12747,12.660522737573652,19857,0.3525205217303722,19857,5.532087263468549,17281,3.2176573426573425,3432,4.3692368059642925,20.8405035775745,22082.0,,,33.40177960301163,5844,45.303901437371664,5.094924003441354,10461,33.84155925809494,12724,22.98805407104684,12724,1.9412134548884,12724,5.682175416535681,12724,35.54699779943414,12724,85.29850160822154,12747,0.48638895426374834,12747,0.02353494939985879,12747,0.02353494939985879,12747,0.007844983133286264,12747,0.0,12747,0.0,12747,0.0,12747,0.015689966266572528,12747,0.0,12747,,,,,,,,,,,,0,,0,,0,,0,,0,16.499162479061976,1194,,14.495433406174707,17847,81.48148148148148,17847,58.897054568601355,17281,81.75465838509317,2576,1.4402981316412349,19857,17.216345156606515,4821,55.76569037656904,5975,18.326359832635983,5975,24.0836820083682,5975,5.924686192468619,5975,5975,3.323347280334728,,,,0,0,0
031302,5459,2785,39.1830005495512,5459,54.808572998717715,5459,6.008426451731086,5459,50.796849239787505,5459,9.36068877083715,5459,19.0,25.7532515112658,96.01436265709157,2674,14.233376076204433,5459,24.528301886792452,5459,0.9342370397508701,5459,82.45320855614973,71.49064171122994,10.962566844919786,15.334268349696119,652.1341463414634,20.553846153846155,3250,27.651747394236665,1631,76.13454351308062,1873,89.55119214586256,1426,30.147058823529413,272,34.266886326194395,607,30.74087725764836,2713,50.202727607814225,2713,14.706966457795797,2713,4.349428676741614,2713,19.05639513453741,2713,24.179874677478807,2713,14.248412002019247,27.651747394236665,13.403335392217418,1631,1619,-0.05451027706220568,4.322344322344322,4.376854599406528,1365,1348,0.08132176822622039,5.507334963325183,5.426013195098963,818,1061,9.511993382961125,2418,54.96277915632754,2418,1.5301902398676592,2418,6.823821339950372,2418,0.6617038875103392,2418,0.12406947890818859,2418,10.173697270471465,2418,72.00964145827056,71.49743898764689,3319,3319,2390,0.7112970711297071,60.14362657091562,59.78456014362657,1671,1671,77.95698924731182,2418,7.07196029776675,2418,10.835401157981803,2418,23.897635565006702,84.04126213592232,60.14362657091562,1648,1671,2.8535980148883375,2418,2.729528535980149,2418,77.46071133167908,2418,1.3647642679900744,2418,5.665839536807279,2418,4.011579818031431,2418,1.2820512820512822,2418,1.1579818031430935,2418,0.49627791563275436,2418,0.49627791563275436,2418,1.6129032258064515,2418,0.7030603804797353,2418,75.63656347316358,5459,4.066678878915552,5459,6.777798131525921,5459,46.98662758747023,5459,29.14453196556146,5459,49.294742626854735,5459,92.90819131390874,5457,61.187465640461795,5457,86.38144019282916,3319,4.709547370350009,5457,0.1832508704416346,5457,1.6663106173894466,4681,3.715394566623545,773,4.692372881355932,25.717920756088695,5502.0,,,39.49967083607637,1519,44.94799210006583,3.7762624401032068,2713,36.31705846895721,3318,11.362266425557564,3318,1.3863773357444245,3318,6.871609403254973,3318,44.06268836648584,3318,91.50346489906599,3319,0.15064778547755348,3319,0.0,3319,0.0,3319,0.0,3319,0.0,3319,0.0,3319,0.0,3319,0.0,3319,0.0,3319,,,,,,,,,,,,0,,0,,0,,0,,0,13.015873015873016,315,,5.106470953070085,4837,92.68141409964855,4837,43.19589831232643,4681,70.87628865979381,776,1.3743815283122596,5457,20.13422818791946,1341,57.25288831835687,1558,18.22849807445443,1558,24.71116816431322,1558,6.033376123234916,1558,1558,3.5025673940949935,,,,0,0,0
031303,3447,1709,35.71221351900203,3447,56.193791702930085,3447,8.093994778067884,3447,47.37452857557296,3447,11.22715404699739,3447,21.0,27.78096895851465,101.69689877121124,1738,12.30055120394546,3447,24.310995068175224,3447,1.6826225703510298,3447,77.95560144553433,63.551884357253485,14.403717088280846,22.664500406173843,441.21863799283153,17.82133090246126,2194,26.719576719576718,1134,72.74305555555556,1152,95.34606205250597,838,25.146198830409357,171,24.462365591397848,372,25.420054200542005,1845,52.520325203252035,1845,18.15718157181572,1845,3.794037940379404,1845,21.951219512195124,1845,26.504065040650406,1845,18.417689927123888,26.719576719576718,8.30188679245283,1134,1060,-0.97710743237357,3.3264033264033266,4.303510758776897,962,883,-1.0261314517093512,4.733226837060703,5.759358288770054,626,748,11.167836630504148,1567,73.13337587747287,1567,0.5105296745373324,1567,9.253350350989152,1567,0.1276324186343331,1567,0.1914486279514997,1567,11.29546904913848,1567,69.4043321299639,68.99819494584838,2216,2216,1538,0.5851755526657998,54.34027777777778,54.166666666666664,1152,1152,80.85513720485004,1567,9.125717932354819,1567,7.97702616464582,1567,31.37400793650793,85.71428571428571,54.34027777777778,1064,1152,2.6802807913209956,1567,0.7019783024888322,1567,80.85513720485004,1567,1.148691767708998,1567,7.97702616464582,1567,2.4888321633694956,1567,1.2125079770261646,1567,0.7019783024888322,1567,0.0,1567,0.4467134652201659,1567,1.2763241863433312,1567,1.148691767708998,1567,74.44154337104729,3447,3.075137800986365,3447,10.995068175224834,3447,35.7412242529736,3447,39.88975921090804,3447,65.6803017116333,3447,94.33962264150944,3445,62.58345428156749,3445,91.51624548736461,2216,7.72133526850508,3445,0.11611030478955008,3445,4.434149569821311,3022,3.5510534846029174,617,4.6263048016701465,26.99749601638971,4393.0,,,38.08664259927798,1108,45.891696750902526,3.9451980466630494,1843,44.661095636026,2154,11.884865366759517,2154,1.1142061281337048,2154,7.892293407613742,2154,34.44753946146704,2154,92.46389891696751,2216,0.27075812274368233,2216,0.04512635379061372,2216,0.0,2216,0.0,2216,0.0,2216,0.0,2216,0.0,2216,0.0,2216,0.0,2216,,,,,,,,,,,,0,,0,,0,,0,,0,16.097560975609756,205,,2.9458853666346463,3123,94.97278258085174,3123,42.42223692918597,3022,79.66903073286052,423,4.063860667634253,3445,21.341463414634145,820,48.93805309734513,1130,20.884955752212388,1130,31.150442477876105,1130,7.433628318584071,1130,1130,3.0486725663716814,,,,0,0,0
031304,7036,3566,34.57930642410461,7036,59.39454235361001,7036,6.02615122228539,7036,49.3888573052871,7036,8.726549175667992,7036,20.0,25.837976122797045,97.3079080201907,3470,15.278567367822626,7036,28.97953382603752,7036,1.3217737350767482,7036,68.36563771237138,58.21966977745872,10.145967934912658,17.427044800657626,573.8207547169811,21.924778761061948,4520,28.95548699867783,2269,71.47406733393994,2198,86.37810311903246,1571,31.27962085308057,422,58.22784810126582,948,35.00548245614035,3648,51.09649122807018,3648,12.390350877192983,3648,1.343201754385965,3648,13.733552631578947,3648,21.600877192982455,3648,14.117637154164282,28.95548699867783,14.83784984451355,2269,2251,-0.4950696267874126,1.1058451816745656,1.6009148084619782,1899,1749,-0.22711949282546673,4.80765639589169,5.0347758887171565,1071,1294,3.3666491320357705,3802,61.309836927932665,3802,0.7101525512887954,3802,8.600736454497634,3802,0.10520778537611783,3802,0.5260389268805892,3802,3.4718569174118885,3802,80.76086956521739,80.45652173913044,4600,4600,3715,0.3768506056527591,68.91774891774892,68.78787878787878,2310,2310,91.24145186743819,3802,1.4203051025775908,3802,2.472382956338769,3802,23.789674663037104,92.70742358078603,68.91774891774892,2290,2310,0.9468700683850605,3802,0.631246712256707,3802,88.76906891109942,3802,0.4997369805365597,3802,0.920568122041031,3802,0.8153603366649133,3802,0.2630194634402946,3802,0.15781167806417676,3802,2.472382956338769,3802,0.07890583903208838,3802,0.5523408732246187,3802,0.23671751709626512,3802,64.6247868106879,7036,4.5622512791358725,7036,3.9795338260375215,7036,57.09209778283115,7036,13.445139283683911,7036,40.07959067652075,7036,94.73908716052894,7033,57.82738518413195,7033,87.73913043478261,4600,2.744205886534907,7033,0.08531210009953079,7033,2.014098690835851,5958,4.081708449396472,1077,4.739432176656152,28.750835003340015,7485.0,,,32.11340206185567,1940,44.29329896907217,3.201263042284459,3642,34.68321358589157,4593,19.29022425430002,4593,0.9797517962116263,4593,6.2050947093403,4593,38.841715654256475,4593,94.52173913043478,4600,0.21739130434782608,4600,0.0,4600,0.0,4600,0.021739130434782608,4600,0.0,4600,0.0,4600,0.0,4600,0.0,4600,0.0,4600,,,,,,,,,,,,0,,0,,0,,0,,0,12.307692307692308,455,,1.715568382235049,6237,96.31232964566298,6237,21.416582745887883,5958,85.11627906976744,1075,0.7535902175458552,7033,32.162534435261705,1452,57.05,2000,17.95,2000,21.45,2000,5.0,2000,2000,3.5165,,,,0,0,0
031401,28887,15411,28.33108318620833,28887,61.8651988783882,28887,9.80371793540347,28887,39.675286461037835,28887,13.656662166372417,28887,25.0,30.791670993872675,87.44403348257738,13476,9.409076747325786,28887,27.548724339668365,28887,2.4197736005815766,28887,61.64176598959207,45.79486318616753,15.846902803424543,34.604105571847505,288.9830508474576,6.701181986910227,20474,10.751445086705202,11245,89.89287964713296,7935,89.99018645731108,7133,50.10570824524313,946,30.977290125031896,3919,9.701408450704225,17750,34.89014084507042,17750,30.68169014084507,17750,24.43943661971831,17750,55.12112676056338,17750,59.712676056338026,17750,8.985273237100694,10.751445086705202,1.7661718496045076,11245,9229,-4.785341949129414,22.30800487606664,27.093346825196054,9844,7906,-1.1429737118412824,8.613513837306817,9.7564875491481,8347,7630,26.459713449391465,12982,54.822061315667845,12982,1.9334463102757664,12982,3.766753967031274,12982,0.7548913880757973,12982,0.4159605607764597,12982,27.214604837467263,12982,63.182633134661046,62.30072200416727,20637,20637,13039,1.3958125623130608,55.12005649717514,54.369703389830505,11328,11328,26.590663996302574,12982,19.996918810660915,12982,47.32706824834386,12982,17.87382039615389,72.99387689332903,55.12005649717514,9309,11328,14.242797719919889,12982,3.2814666461254043,12982,26.498228316130024,12982,10.483746726236328,12982,9.359112617470343,12982,19.84285934370667,12982,7.394854413803729,12982,3.296872592820829,12982,0.09243568017254661,12982,1.56370358958558,12982,6.378061931905716,12982,2.334000924356802,12982,74.33447571571988,28887,12.74275625713989,28887,28.178765534669573,28887,14.508256309066361,28887,65.80122546474192,28887,50.33406030394295,28887,98.72600409622662,28807,84.50723782413996,28807,54.208460532054076,20637,9.528933939667441,28807,1.4059082861804422,28807,3.831858067977162,26097,1.9998384230085635,6189,3.234996906578676,20.013557571257945,30979.0,,,42.17075699965434,8679,48.63014172139648,8.24922311995028,17699,43.81956933845331,20573,8.229232489184854,20573,2.187332912069217,20573,6.659213532299616,20573,39.104651727993,20573,54.828705722731016,20637,0.6929301739593933,20637,0.03876532441730872,20637,0.00969133110432718,20637,0.08722197993894461,20637,0.0,20637,0.00969133110432718,20637,0.0,20637,0.00484566555216359,20637,0.0,20637,,,,,,,,,,,,0,,0,,0,,0,,0,8.29326923076923,1664,,42.19083654890795,26693,55.31038099876372,26693,73.92803770548339,26097,90.18450184501845,2710,0.7602318880827577,28807,8.6106971352873,6039,50.232505387319954,8817,25.58693433140524,8817,20.61925825110582,8817,7.281388227288193,8817,8817,3.2672110695247816,,,,0,0,0
031402,8135,4139,31.382913337430853,8135,59.20098340503995,8135,9.416103257529194,8135,41.78242163491088,8135,13.054701905347265,8135,25.0,29.801352181929932,96.5450591930418,3996,11.10018438844499,8135,25.703749231714813,8135,2.188076213890596,8135,68.91611295681064,53.01079734219269,15.90531561461794,30.0039169604387,333.289817232376,10.132558561830397,5507,15.906717716672468,2873,87.53709198813057,2359,94.14043583535108,2065,41.10032362459547,309,30.32608695652174,920,18.41117597998332,4796,37.71893244370309,4796,28.502919099249375,4796,14.824854045037531,4796,43.32777314428691,4796,48.56130108423687,4796,12.072245431175125,15.906717716672468,3.8344722854973425,2873,2634,-4.436239948517981,12.740857255210381,17.177097203728362,2543,2253,-1.344338420200489,7.3729442970822285,8.717282717282718,1885,2002,22.13209733487833,3452,47.0162224797219,3452,2.6361529548088063,3452,3.2444959443800694,3452,0.8111239860950173,3452,0.6662804171494786,3452,22.94322132097335,3452,62.48876101420608,61.62560690523287,5561,5561,3475,1.381294964028777,50.39641502930024,49.98276456394347,2901,2901,46.14716106604867,3452,15.295480880648899,3452,31.22827346465817,3452,25.280276700023066,75.67669172932331,50.39641502930024,2660,2901,10.86326767091541,3452,3.186558516801854,3452,46.03128621089223,3452,4.171494785631518,3452,11.037079953650059,3452,11.848203939745074,3452,4.953650057937428,3452,1.4484356894553883,3452,0.11587485515643106,3452,0.7531865585168018,3452,7.6477404403244496,3452,1.361529548088065,3452,76.79164105716042,8135,13.362015980331899,8135,18.893669330055317,8135,18.67240319606638,8135,56.69330055316534,8135,48.162261831591884,8135,98.32305795314427,8110,76.37484586929716,8110,80.86675058442727,5561,24.9691738594328,8110,0.5548705302096177,8110,16.88167568317381,7209,2.562223626026532,1583,3.6314724919093853,22.89319513294277,8876.0,,,42.93823038397329,2995,44.9008347245409,6.549056603773585,4770,46.48318042813456,5559,10.307609282245009,5559,2.248605864364094,5559,5.720453318942256,5559,35.24015110631409,5559,83.92375472037403,5561,0.34166516813522746,5561,0.07192950908110052,5561,0.0,5561,0.3057004135946772,5561,0.0,5561,0.01798237727027513,5561,0.0,5561,0.0,5561,0.0,5561,,,,,,,,,,,,0,,0,,0,,0,,0,13.580246913580247,405,,17.43762643290627,7415,79.95954146999325,7415,70.71715910667221,7209,91.00998890122086,901,2.3551171393341552,8110,8.576329331046312,1749,44.26552744002629,3043,20.40749260598094,3043,34.472559973710155,3043,7.91981597108117,3043,3043,2.6651330923430825,,,,0,0,0
031403,13562,7067,28.837929508921988,13562,61.27414835569975,13562,9.887922135378263,13562,40.92316767438431,13562,13.604188172835865,13562,25.0,30.492700191712135,91.90604216782228,6495,9.371774074620262,13562,27.503318094676303,13562,2.3226662734110013,13562,63.20096269554753,47.06377858002407,16.137184115523464,34.2879059064178,291.648023862789,7.96608395268502,9553,12.5390625,5120,88.95737031330252,3894,82.27482678983834,3464,46.10091743119266,436,32.43395165823496,1779,13.110948191593353,8184,36.64467253176931,8184,30.535190615835777,8184,19.52590420332356,8184,50.06109481915934,8184,55.69403714565005,8184,9.854650138168283,12.5390625,2.6844123618317166,5120,4433,-4.25008749025444,17.59300761990139,21.84309511015583,4462,3722,-1.1290928600173444,7.988873435326843,9.117966295344187,3595,3501,24.365397461589847,5988,52.12090848363393,5988,2.2712090848363395,5988,4.843019372077488,5988,0.8350033400133601,5988,0.30060120240480964,5988,25.200400801603205,5988,62.29593428304045,61.63044608505771,9617,9617,5991,1.0682690702720747,50.90203685741998,50.45586808923375,5155,5155,42.267869071476284,5988,18.48697394789579,5988,32.014028056112224,5988,24.557398373418216,75.4594352308382,50.90203685741998,4462,5155,10.838343353373414,5988,3.306613226452906,5988,41.91716766867067,5988,8.11623246492986,5988,10.220440881763528,5988,12.34134936539746,5988,5.511022044088176,5988,1.4362057448229792,5988,0.35070140280561124,5988,0.8851035404141616,5988,6.295925183700735,5988,1.402805611222445,5988,77.2452440642973,13562,12.71936292582215,13562,28.2775401858133,13562,19.92331514525881,13562,66.03008405839847,13562,63.97286535909158,13562,98.54965221252034,13514,80.15391445907947,13514,69.56431319538318,9617,16.035222731981648,13514,1.35415125055498,13514,6.357107883140199,12254,2.232189973614776,2653,3.63012104283054,22.55785311466909,15427.0,,,38.950633238562936,3869,48.789609718273454,7.399559309585016,8169,46.80296234484197,9587,8.12558673203296,9587,1.4603108375925733,9587,6.9677688536559925,9587,36.6433712318765,9587,72.028699178538,9617,0.7694707289175419,9617,0.020796506186960592,9617,0.020796506186960592,9617,0.08318602474784237,9617,0.0,9617,0.020796506186960592,9617,0.0,9617,0.0,9617,0.010398253093480296,9617,,,,,,,,,,,,0,,0,,0,,0,,0,9.022556390977444,798,,37.353340250618565,12529,60.10854816824966,12529,74.4246776562755,12254,92.3015873015873,1260,2.1163238123427557,13514,7.609427609427609,2970,50.79888409840223,3943,26.17296474765407,3943,20.4666497590667,3943,7.633781384732437,3943,3943,3.427339589145321,,,,0,0,0
031404,1303,683,27.321565617805064,1303,61.780506523407524,1303,10.897927858787414,1303,38.60322333077514,1303,14.581734458940906,1303,27.0,31.697620874904068,90.77598828696925,620,8.365310821181888,1303,25.095932463545665,1303,2.1488871834228704,1303,61.86335403726708,44.22360248447205,17.63975155279503,39.8876404494382,250.70422535211267,6.263269639065817,942,8.875739644970414,507,85.95988538681948,349,92.66666666666667,300,46.51162790697674,43,43.19526627218935,169,10.012062726176115,829,28.226779252110976,829,35.464414957780455,829,26.29674306393245,829,61.76115802171291,829,66.1037394451146,829,5.657348840372713,8.875739644970414,3.218390804597701,507,435,-7.5477002002881335,22.818791946308725,30.36649214659686,447,382,-1.3911197466896965,9.261658031088082,10.652777777777779,386,360,28.163992869875223,561,47.771836007130126,561,3.3868092691622103,561,2.4955436720142603,561,1.4260249554367201,561,0.7130124777183601,561,29.590017825311943,561,59.682539682539684,58.94179894179894,945,945,564,1.2411347517730495,45.275590551181104,44.881889763779526,508,508,37.78966131907308,561,14.260249554367201,561,41.1764705882353,561,31.15461539847565,76.43020594965675,45.275590551181104,437,508,22.10338680926916,561,3.5650623885918002,561,37.4331550802139,561,4.09982174688057,561,10.16042780748663,561,11.05169340463458,561,3.9215686274509802,561,1.6042780748663101,561,0.35650623885918004,561,1.7825311942959001,561,15.686274509803921,561,2.4955436720142603,561,79.43207981580967,1303,19.33998465080583,1303,24.17498081350729,1303,27.398311588641597,1303,48.58019953952417,1303,58.25019186492709,1303,98.6164488854727,1301,76.47963105303613,1301,80.63492063492063,945,8.83935434281322,1301,0.6917755572636434,1301,3.0201342281879193,1192,2.2048192771084336,249,3.6514423076923075,29.751511081262592,1489.0,,,41.971830985915496,355,51.24225352112676,8.833534378769603,829,47.407407407407405,945,4.444444444444445,945,2.433862433862434,945,8.677248677248677,945,37.03703703703704,945,89.31216931216932,945,0.31746031746031744,945,0.21164021164021163,945,0.0,945,0.0,945,0.0,945,0.0,945,0.0,945,0.0,945,0.0,945,,,,,,,,,,,,0,,0,,0,,0,,0,14.473684210526315,76,,22.450657894736842,1216,75.0,1216,74.74832214765101,1192,89.90825688073394,109,2.8439661798616447,1301,4.6875,256,46.81440443213297,361,33.51800554016621,361,19.94459833795014,361,9.418282548476455,361,361,3.6038781163434903,,,,0,0,0
031405,2768,1485,30.057803468208093,2768,61.380057803468205,2768,8.5621387283237,2768,40.17341040462428,2768,11.958092485549132,2768,25.0,29.525650289017342,86.3973063973064,1283,10.440751445086706,2768,27.3121387283237,2768,2.3121387283236996,2768,62.919364331959976,48.969982342554445,13.949381989405532,28.485576923076923,351.0548523206751,7.904316172646906,1923,11.11111111111111,1017,88.7012987012987,770,91.50805270863836,683,53.398058252427184,103,32.80757097791798,317,15.582089552238806,1675,34.38805970149254,1675,31.104477611940297,1675,18.746268656716417,1675,49.850746268656714,1675,54.02985074626866,1675,6.8064753495217065,11.11111111111111,4.304635761589404,1017,906,-7.966084222462758,15.022421524663677,22.988505747126435,892,783,-1.5837401902282018,7.826516220028209,9.41025641025641,709,702,17.15610510046368,1294,49.84544049459042,1294,1.1591962905718702,1294,6.182380216383308,1294,1.6228748068006182,1294,0.23183925811437403,1294,18.778979907264297,1294,67.8220382824625,66.52871184687015,1933,1933,1311,1.9069412662090008,57.421875,56.34765625,1024,1024,52.31839258114374,1294,9.505409582689335,1294,31.761978361669243,1294,22.116078795379536,79.53795379537954,57.421875,909,1024,10.664605873261205,1294,3.1684698608964452,1294,52.24111282843895,1294,2.6275115919629055,1294,6.723338485316847,1294,12.287480680061824,1294,3.4775888717156107,1294,2.472952086553323,1294,0.07727975270479134,1294,1.545595054095827,1294,7.650695517774343,1294,1.1591962905718702,1294,80.27456647398844,2768,9.645953757225433,2768,15.426300578034683,2768,31.502890173410403,2768,50.32514450867052,2768,68.42485549132948,2768,98.26401446654612,2765,75.44303797468355,2765,88.92912571132953,1933,6.943942133815551,2765,0.10849909584086799,2765,3.4733441033925687,2476,2.4594594594594597,518,3.556257901390645,22.302679217957998,2762.0,,,42.06008583690987,699,50.04005722460658,7.252392344497608,1672,44.21380384016606,1927,6.123508043591074,1927,3.217436429683446,1927,7.265179034769071,1927,39.18007265179035,1927,95.24055871702018,1933,0.10346611484738748,1933,0.0,1933,0.0,1933,0.0,1933,0.0,1933,0.0,1933,0.0,1933,0.0,1933,0.0,1933,,,,,,,,,,,,0,,0,,0,,0,,0,7.194244604316546,139,,12.135539795114264,2538,86.48542159180457,2538,72.81906300484653,2476,89.61937716262976,289,3.1103074141048825,2765,7.4866310160427805,561,53.333333333333336,705,26.382978723404257,705,21.56028368794326,705,6.24113475177305,705,705,3.921985815602837,,,,0,0,0
031501,7279,3459,31.10317351284517,7279,60.104409946421214,7279,8.792416540733617,7279,43.01415029537024,7279,12.089572743508723,7279,24.0,29.630718505289188,110.4365423532813,3820,10.894353620002748,7279,25.42931721390301,7279,2.0607226267344414,7279,66.37714285714286,51.74857142857143,14.628571428571428,28.268551236749115,353.75,16.214574898785425,4940,27.081545064377682,2330,75.19558214450069,2173,90.26927784577724,1634,28.62190812720848,283,28.843861740166865,839,24.78591817316841,4204,51.902949571836345,4204,19.600380589914366,4204,3.4728829686013323,4204,23.0732635585157,4204,28.90104662226451,4204,20.56813510269186,27.081545064377682,6.513409961685824,2330,2610,-0.7744872540168597,3.0596634370219276,3.8341506910387873,1961,2243,-0.6600942282915998,5.232853513971211,5.892947742262811,1181,1971,6.648070664807067,4302,67.13156671315667,4302,1.0692701069270107,4302,8.205485820548581,4302,0.11622501162250116,4302,0.3486750348675035,4302,6.764295676429568,4302,84.3238930993219,84.24411647387315,5014,5014,4228,0.0946073793755913,77.06925675675676,77.02702702702703,2368,2368,81.58995815899581,4302,6.671315667131567,4302,7.926545792654579,4302,13.747069773855486,90.81632653061224,77.06925675675676,2646,2368,2.2547652254765227,4302,0.9762900976290098,4302,80.4044630404463,4302,2.8358902835890283,4302,3.812180381218038,4302,3.184565318456532,4302,0.99953509995351,4302,0.5113900511390052,4302,1.185495118549512,4302,0.6741050674105067,4302,1.3482101348210134,4302,0.7438400743840075,4302,62.54980079681275,7279,5.467784036268719,7279,3.489490314603654,7279,31.638961395796127,7279,17.433713422173376,7279,64.73416678115126,7279,97.93899422918385,7278,78.90904094531464,7278,83.78540087754288,5014,11.624072547403133,7278,0.21984061555372356,7278,4.33307632999229,6485,3.6846673095467697,1037,4.59331797235023,27.679250063339246,7894.0,,,28.365180467091296,2355,47.02547770700637,4.2343824511206485,4194,57.17421672320894,5011,2.4545998802634204,5011,0.7184194771502694,5011,8.441428856515666,5011,31.211335062861703,5011,81.99042680494615,5014,0.7179896290386917,5014,0.0,5014,0.0,5014,0.03988831272437176,5014,0.0,5014,0.0,5014,0.0,5014,0.0,5014,0.0,5014,,,,,,,,,,,,0,,0,,0,,0,,0,5.373831775700935,428,,3.955056179775281,6675,90.2621722846442,6675,57.347725520431766,6485,89.53341740226986,793,3.819730695245947,7278,16.435768261964736,1588,44.616026711185306,2396,22.245409015025043,2396,29.674457429048413,2396,8.180300500834724,2396,2396,3.0375626043405677,,,,0,0,0
031601,21231,10821,36.00866657246479,21231,56.61061655126937,21231,7.380716876265837,21231,49.39946304931468,21231,10.767274268757948,21231,20.0,27.181950920823326,96.20182977543665,10410,11.87414629551128,21231,25.971456831990956,21231,1.9593989920399415,21231,76.64531158998253,63.607621266328316,13.037690323654214,20.4970568999346,487.87492022973834,10.84884586746091,13430,16.415770609318997,6975,84.08384043272481,7395,84.36796397555484,6218,38.02672147995889,973,39.12116040955632,2344,17.41659849104627,11001,56.95845832197073,11001,21.534405963094265,11001,3.954185983092446,11001,25.48859194618671,11001,31.124443232433414,11001,11.582308177095914,16.415770609318997,4.833462432223083,6975,6455,-0.7097229278096595,3.620452985586822,4.330175913396482,5828,5173,-0.926820682603827,5.296796338672769,6.2236170212765956,4370,4700,6.439130866157357,10079,66.56414326818137,10079,1.2302807818235937,10079,9.72318682408969,10079,0.09921619208254787,10079,0.12898104970731222,10079,6.538347058239904,10079,73.09592273095923,72.77888372778884,13563,13563,9914,0.43373007867661895,61.58968546330405,61.29215075092094,7058,7058,83.94682012104376,10079,3.621391011012997,10079,7.679333267189206,10079,23.990637365289345,85.5803228285934,61.58968546330405,6505,7058,1.8354995535271357,10079,0.8234943942851474,10079,83.91705526341899,10079,1.2005159241988292,10079,2.4109534676059132,10079,2.748288520686576,10079,2.053775176108741,10079,0.5754539140787777,10079,0.02976485762476436,10079,0.2976485762476436,10079,0.8334160134934021,10079,0.32741343387240796,10079,69.68583674815129,21231,7.032169940181809,21231,19.603410107861148,21231,21.704111911827045,21231,51.82516132071028,21231,57.354811360746076,21231,97.82567682294123,21202,69.28119988680314,21202,86.33783086337831,13563,3.6553155362701633,21202,0.4622205452315819,21202,1.4663384351921225,18686,3.6244052616848585,3573,5.029202409198759,26.93210148115559,27276.0,,,36.77581863979849,6352,46.020938287153655,4.760331330784635,10986,44.0,13550,13.749077490774908,13550,1.2250922509225093,13550,7.136531365313653,13550,33.88929889298893,13550,91.41782791417828,13563,0.10322200103222001,13563,0.007373000073730001,13563,0.0,13563,0.0,13563,0.0,13563,0.0,13563,0.0,13563,0.0,13563,0.0,13563,,,,,,,,,,,,0,,0,,0,,0,,0,12.51840942562592,1358,,6.642775527163187,19254,90.0903708320349,19254,63.58236112597667,18686,89.82511923688395,2516,1.0234883501556458,21202,12.045329921403765,5471,53.78009507744211,6521,19.628891274344426,6521,27.1430762153044,6521,7.790216224505444,6521,6521,3.251341818739457,,,,0,0,0
031602,20841,9640,34.1058490475505,20841,62.91924571757593,20841,2.9749052348735665,20841,47.056283287750105,20841,4.812628952545463,20841,21.0,24.639604625497817,116.19294605809128,11201,12.283479679477953,20841,31.068566767429587,20841,0.4654287222302193,20841,58.93388240677191,54.20575001906505,4.7281323877068555,8.722566122678671,1146.4516129032259,5.818475310000734,13629,9.370424597364568,6147,82.9693660903852,6594,84.00658014988119,5471,37.34533183352081,889,23.116715163271905,3093,10.860243283451474,11427,46.83644001050144,11427,33.15830926752429,11427,8.821212916776057,11427,41.97952218430034,11427,47.68530672967533,11427,6.47013055833757,9.370424597364568,2.9002940390269982,6147,7482,-1.4258852005840676,8.036582992800156,9.462468193384224,5139,6288,-0.5919555387058315,6.844086021505376,7.4360415602112075,4278,5871,18.885777734865307,10357,62.3249975861736,10357,1.3903640050207589,10357,3.4565994013710535,10357,0.5793183354253162,10357,0.38621222361687746,10357,19.465096070290624,10357,74.9253078772863,74.5318079137215,13723,13723,10282,0.5251896518187124,60.84220716360116,60.535656663439816,6198,6198,58.192526793473014,10357,10.582214927102443,10357,25.586559814618134,10357,25.68270977992043,86.52491694352159,60.84220716360116,7525,6198,5.2524862411895334,10357,3.514531234913585,10357,58.15390557111132,10357,3.9103987641208846,10357,6.6331949406198705,10357,11.866370570628561,10357,3.842811624987931,10357,2.713140870908564,10357,0.038621222361687746,10357,0.9269093366805059,10357,2.0179588683981846,10357,0.8400115863667085,10357,80.52876541432752,20841,7.739551844921069,20841,14.173983973897606,20841,18.002974905234872,20841,66.82021016266015,20841,47.08507269324888,20841,97.10952129447352,20827,70.66308157679934,20827,72.0615025868979,13723,47.91376578479858,20827,0.3601094732798771,20827,15.162296786906783,18269,2.814456035767511,4026,3.4694788075441085,19.8283007696862,16890.0,,,38.198509845662585,7516,37.88783927621075,6.386479367866549,11390,30.275630742307133,13714,24.026542219629576,13714,2.5740119585824703,13714,2.843809246025959,13714,40.280005833454865,13714,71.62428040515923,13723,2.4192960722874006,13723,0.09473147271004882,13723,0.07287036362311448,13723,0.1676018363331633,13723,0.02914814544924579,13723,0.03643518181155724,13723,0.02914814544924579,13723,0.03643518181155724,13723,0.014574072724622895,13723,,,,,,,,,,,,0,,0,,0,,0,,0,20.211898940505296,1227,,37.46215541509534,18827,59.32437456843894,18827,67.2888499644206,18269,84.55824863174355,2558,3.8219618764104286,20827,13.105472845460264,4769,47.784974093264246,7720,7.16321243523316,7720,37.5,7720,2.6036269430051813,7720,7720,2.69779792746114,,,,0,0,0
040101,264943,138117,30.582049723902877,264943,64.34629335366475,264943,5.071656922432372,264943,41.19452108566748,264943,7.5940862751610725,264943,24.0,27.068558142694844,91.82504688054331,126826,11.2031644542411,264943,30.66206693515209,264943,1.236869817281453,264943,55.40910717323338,47.527290431191744,7.881816742041635,16.583770441221844,602.999181364888,2.371243513336525,181719,3.924619284109877,97054,90.34473267735498,72665,79.49397553656567,65649,57.744043043812454,10408,26.130640675502995,39911,3.8041329626677878,159353,15.961418988032857,159353,39.115046469159665,159353,40.331214348019806,159353,79.44626081717946,159353,82.45153840843912,159353,3.334056477755421,3.924619284109877,0.5905628063544558,97054,84665,-5.074136051462041,37.99056438930631,43.06470044076835,85845,73508,-0.9158300291455905,11.257181362150291,12.173011391295882,80138,71897,42.97012712062003,107221,40.799843314276124,107221,3.6177614459853946,107221,2.3568144300090466,107221,0.9895449585435689,107221,0.7601122914354465,107221,43.959672079163596,107221,59.52284938912079,58.07603021154622,183506,183506,109228,2.4306954260812246,50.17497321838494,48.94148854767128,98015,98015,4.46274517118848,107221,21.79050745656168,107221,66.6613816323295,107221,20.06516901880962,70.24014223719456,50.17497321838494,85491,98015,24.892511728112964,107221,5.691981981141754,107221,1.8811613396629392,107221,10.211618992548102,107221,11.31401497840908,107221,24.633234161218418,107221,8.147657641693325,107221,6.349502429561373,107221,2.5815838315255406,107221,3.4116451068354148,107221,7.435110659292489,107221,3.878904319116591,107221,55.502881751924,264943,26.882008582978226,264943,17.77325688921768,264943,10.730609980259905,264943,52.43467462812756,264943,43.47954088237847,264943,98.82473946122548,264452,83.70101190386157,264452,31.507961592536486,183506,24.75231800099829,264452,0.5475473809991983,264452,8.841703610014521,234819,2.0297821796013906,57249,2.7384867352111577,17.00619295958279,208624.0,,,41.29784964643605,75941,42.06842153777274,11.150173627583067,158097,38.32676327025345,183154,10.776177424462475,183154,3.5522019721109013,183154,4.05014359500748,183154,43.2947137381657,183154,15.281789151308404,183506,15.339007988839603,183506,0.03651106775800246,183506,0.009808943576776781,183506,0.13732521007487494,183506,0.0027247065491046614,183506,0.017983063224090764,183506,0.0,183506,0.0016348239294627968,183506,0.005994354408030255,183506,,,,,,,,,,,,0,,0,,0,,0,,0,8.762886597938145,14162,,80.15870053052268,241083,17.534210209761785,241083,39.1246023533019,234819,91.54996119191442,29633,1.6649524299305734,264452,5.50131751056852,52751,56.5193882280241,77676,14.447190895514701,77676,18.12271486688295,77676,2.5902466656367475,77676,77676,3.404552242648952,,,,0,0,0
040102,23115,11720,32.55894440839282,23115,59.62794722041964,23115,7.813108371187541,23115,42.86394116374648,23115,11.261085874972961,23115,24.0,28.77810945273632,97.22696245733789,11395,10.772225827384815,23115,26.229720960415314,23115,1.8862210685701926,23115,67.70659508089676,54.60349706159762,13.103098019299136,23.9968110550093,416.7220376522702,4.936988437053397,15394,8.044084114517355,7894,86.79326715580493,6951,94.59638654069286,6033,44.73398479913138,921,29.119318181818183,2816,8.555431131019036,13395,35.274356103023514,13395,38.87271369914147,13395,16.939156401642403,13395,55.81187010078388,13395,60.29861888764464,13395,6.377417447850688,8.044084114517355,1.6666666666666667,7894,7500,-6.4732584100398824,13.794104835196748,20.26736324523663,6887,6508,-1.5294094990117335,7.960120140163524,9.489529639175258,5993,6208,19.790973871733968,10525,58.47980997624703,10525,1.8907363420427554,10525,5.0736342042755345,10525,0.2755344418052256,10525,0.4085510688836104,10525,20.06650831353919,10525,67.8330658105939,67.02407704654895,15575,15575,10565,1.1926171320397538,58.39799749687109,57.87234042553192,7990,7990,52.21852731591449,10525,12.294536817102138,10525,29.605700712589073,10525,19.373920762852045,77.77191825972314,58.39799749687109,7585,7990,8.332541567695962,10525,3.3729216152019004,10525,48.99762470308789,10525,4.1520190023752965,10525,8.0,10525,11.410926365795724,10525,5.415676959619953,10525,3.3064133016627077,10525,3.2209026128266034,10525,1.0261282660332542,10525,4.9691211401425175,10525,0.9691211401425178,10525,64.5727882327493,23115,12.035474799913477,23115,6.982478909798832,23115,27.09063378758382,23115,43.945489941596364,23115,55.383949816136706,23115,97.94381195619238,23101,82.05705380719449,23101,77.90048154093098,15575,20.817280637201854,23101,0.1558374096359465,23101,9.029159186841978,20611,2.8705708661417324,4064,4.003732554365466,18.398887889443127,24458.0,,,36.048787833157654,6641,46.714350248456554,7.967408406383457,13347,46.514168219494955,15563,11.000449784745872,15563,2.1011373128574182,15563,6.22630598213712,15563,34.15793870076463,15563,13.32263242375602,15575,67.80738362760835,15575,0.019261637239165328,15575,0.006420545746388443,15575,0.038523274478330656,15575,0.0,15575,0.0,15575,0.0,15575,0.0,15575,0.0,15575,,,,,,,,,,,,0,,0,,0,,0,,0,9.555189456342669,1214,,48.304844650108606,21178,48.72981395788082,21178,66.15399543932851,20611,88.11244979919678,2490,4.800657980174019,23101,5.432870822747704,5117,54.031305375073835,6772,21.544595392793855,6772,21.057294743059657,6772,5.818074424099232,6772,6772,3.4112522150029534,,,,0,0,0
040103,8725,4481,28.53868194842407,8725,62.97994269340974,8725,8.48137535816619,8725,37.82234957020057,8725,12.286532951289399,8725,26.0,30.405042979942692,94.71100200848025,4244,10.063037249283667,8725,26.521489971346703,8725,1.9484240687679084,8725,58.78070973612375,45.31392174704277,13.466787989080983,29.718875502008032,336.4864864864865,4.487075272313445,6151,7.496902106567534,3228,85.47085201793722,2230,91.55299055613851,1906,46.875,320,28.36946277097078,1061,7.0581798285610065,5483,40.05106693416013,5483,42.98741564836768,5483,9.575050155024622,5483,52.56246580339231,5483,58.41692504103593,5483,6.333713601606877,7.496902106567534,1.163188504960657,3228,2923,-2.7469310488760748,8.29051044878383,11.037441497659906,2919,2564,-1.2588195129823774,7.300618238021638,8.559437751004015,2588,2490,7.419420231096696,4933,71.8224204338131,4933,0.7500506790999392,4933,1.9663490776403811,4933,0.040543279951348064,4933,0.10135819987837016,4933,7.459963511048044,4933,79.27652733118971,78.79421221864952,6220,6220,4931,0.6083958629081322,75.90435315757205,75.62844880441448,3262,3262,74.0725724711129,4933,8.534360429758767,4933,14.514494222582607,4933,7.090913914774134,82.99526707234618,75.90435315757205,2958,3262,3.4259071558889116,4933,1.6420028380295966,4933,73.86985607135617,4933,5.574700993310358,4933,2.9191161564970605,4933,7.987026150415568,4933,2.1285221974457733,4933,0.4459760794648287,4933,0.20271639975674033,4933,0.5067909993918508,4933,1.35819987837016,4933,0.6689641191972431,4933,74.62464183381088,8725,5.512893982808023,8725,3.5530085959885387,8725,28.2865329512894,8725,43.53008595988538,8725,67.30085959885386,8725,98.11624167240983,8706,86.19342981851597,8706,84.32475884244373,6220,3.939811624167241,8706,0.14932230645531816,8706,2.503512581428024,7829,2.4791800128122996,1561,3.538557213930348,18.52290211859392,8449.0,,,43.69383328168578,3227,46.30213820886272,7.338883806038426,5465,49.46911196911197,6216,7.271557271557271,6216,2.155727155727156,6216,6.386743886743886,6216,34.716859716859716,6216,85.14469453376206,6220,2.4758842443729905,6220,0.0,6220,0.0,6220,0.0,6220,0.0,6220,0.0,6220,0.0,6220,0.0,6220,0.0,6220,,,,,,,,,,,,0,,0,,0,,0,,0,10.485933503836318,391,,49.296125576180394,8027,48.137535816618914,8027,70.31549367735343,7829,88.48346636259977,877,1.906730990121755,8706,7.551766138855055,1642,42.09884075655888,3278,19.554606467358145,3278,32.5503355704698,3278,7.74862721171446,3278,3278,2.655887736424649,,,,0,0,0
040104,12846,6273,32.500389226218275,12846,60.11988167522964,12846,7.379729098552079,12846,42.581348279620116,12846,10.820488868130157,12846,24.0,28.798380818931964,104.78240076518412,6573,10.151019772691889,12846,25.579947065234315,12846,1.7748715553479681,12846,66.33432603910397,54.05930337951573,12.275022659588243,22.706586826347305,440.40084388185653,7.009781089892874,8588,11.608623548922056,4221,84.75531642326416,3903,94.0447400241838,3308,44.201312910284464,457,24.0,1525,11.345153979469405,7501,50.19330755899213,7501,31.902413011598455,7501,6.252499666711105,7501,38.15491267830956,7501,44.007465671243835,7501,9.043933830579945,11.608623548922056,2.564689718342111,4221,4367,-2.0085236816183336,5.231770127405801,7.240293809024134,3689,3812,-1.4966998785512748,6.0069192751235585,7.503619153674833,3035,3592,10.622431897732461,6571,69.09146248668391,6571,1.6131486836098006,6571,3.4545731243341957,6571,0.16740222188403592,6571,0.41089636280626995,6571,10.789834119616497,6571,75.23655665820448,74.93653357950612,8666,8666,6520,0.3987730061349693,67.3076923076923,67.19043151969981,4264,4264,76.45716024958149,6571,6.467813118246842,6571,12.174707046111703,6571,15.609163666864717,82.91685597455702,67.3076923076923,4402,4264,2.2827575711459445,6571,2.6023436311063763,6571,74.73748287931822,6571,1.8414244407243952,6571,4.611170293714808,6571,4.519859990868969,6571,3.5763201947953127,6571,1.2935626236493685,6571,1.719677370263278,6571,0.6391721199208644,6571,0.4717698980368285,6571,0.5022066656521077,6571,60.3689864549276,12846,10.952825782344698,12846,8.259380351860502,12846,24.038611240853182,12846,50.49042503503036,12846,57.34859100108984,12846,97.91261001635641,12839,82.71672248617493,12839,82.57558273713363,8666,12.944933406028508,12839,0.031155074382740088,12839,4.265279583875163,11535,3.29607250755287,1986,4.466314398943197,20.582538736591182,13424.0,,,24.424366074030896,3431,46.73331390265229,6.029954533297674,7478,50.762124711316396,8660,8.452655889145497,8660,0.9006928406466512,8660,5.150115473441109,8660,34.73441108545035,8660,79.43687975998154,8666,3.8541426263558733,8666,0.0,8666,0.0,8666,0.0,8666,0.0,8666,0.0,8666,0.0,8666,0.0,8666,0.0,8666,,,,,,,,,,,,0,,0,,0,,0,,0,8.386075949367088,632,,21.547427992229075,11839,76.29867387448265,11839,79.51452102297355,11535,88.8036809815951,1304,3.170028818443804,12839,9.760216143194867,2961,54.576757532281206,3485,21.922525107604017,3485,18.220946915351508,3485,5.0215208034433285,3485,3485,3.684074605451937,,,,0,0,0
040201,28918,14118,33.7748115360675,28918,58.61747008783457,28918,7.607718376097932,28918,44.64001659865828,28918,10.709592641261498,28918,23.0,28.003250570578878,104.83071256551919,14800,11.491112801715195,28918,26.3330797427208,28918,1.7947299259976486,28918,70.59760486107014,57.61901952687157,12.978585334198572,22.524828504146615,443.95454545454544,9.616506656765502,18853,15.236237537928044,9228,83.40903929139223,8806,94.58134785568414,7345,37.659033078880405,1179,24.69713656387665,3632,15.317406977454635,16367,42.8056455062015,16367,30.592044968534246,16367,10.79611413209507,16367,41.388159100629316,16367,46.68540355593572,16367,11.007666109356617,15.236237537928044,4.228571428571429,9228,9625,-1.9844997693567414,9.792284866468842,11.776784635825583,8088,8279,-0.7859368788156038,7.121617268041237,7.907554146856841,6208,7572,13.510724552222305,13567,62.93211469005676,13567,1.6805483894744602,13567,4.0097294906759045,13567,0.3832829660204909,13567,0.39802461855974053,13567,13.894007518242795,13567,70.34789432382945,69.96076379806435,19115,19115,13447,0.5503086190228303,63.05345140296597,62.7973967779793,9373,9373,56.652170708336406,13567,9.987469595341638,13567,28.539839315987322,13567,14.312592530517911,77.36604393348388,63.05345140296597,9742,9373,5.874548536890986,13567,3.3832092577577946,13567,56.40893344143878,13567,4.311933367730522,13567,5.6239404437237415,13567,15.301835335741137,13567,2.52082258421169,13567,2.9630721603891796,13567,0.24323726689761924,13567,1.2530404658362202,13567,2.233360359696322,13567,0.9508365887816024,13567,57.638840860363786,28918,9.938446642229753,28918,4.1669548378172765,28918,29.67701777439657,28918,36.49629988242617,28918,44.54664914586071,28918,98.32380952380953,28875,87.4978354978355,28875,72.58697358095736,19115,22.715151515151515,28875,0.3220779220779221,28875,11.723733124633144,25555,3.3217372515125323,4628,4.571611253196931,26.518123332810294,31865.0,,,37.282373544864534,9707,44.09457092819615,6.369190151654694,16287,48.419065596979706,19071,10.083372660059776,19071,1.6359918200408998,19071,6.281789103874994,19071,33.57978081904462,19071,40.51268637195919,19115,36.636149620716715,19115,0.01569448077426105,19115,0.0,19115,0.052314935914203504,19115,0.0,19115,0.0,19115,0.0,19115,0.0,19115,0.0,19115,,,,,,,,,,,,0,,0,,0,,0,,0,11.735769501054111,1423,,40.37430103845715,26289,57.36239491802655,26289,70.31891997652123,25555,88.79518072289157,3320,4.827705627705628,28875,8.302354399008674,6456,47.38470752645239,10018,18.356957476542224,10018,33.02056298662408,10018,6.687961668995808,10018,10018,2.8823118386903572,,,,0,0,0
040202,4051,1905,29.572944951863736,4051,59.29400148111577,4051,11.13305356702049,4051,37.84250802271044,4051,15.625771414465564,4051,28.0,32.01481115773883,112.6509186351706,2146,11.08368304122439,4051,22.463589237225378,4051,2.4685262898049865,4051,68.6511240632806,49.87510407993339,18.77601998334721,37.646076794657766,265.6319290465632,5.1901884109491645,2813,10.337078651685394,1335,88.6829268292683,1025,94.4994499449945,909,58.86524822695036,141,24.55242966751918,391,8.573686290003952,2531,40.06321612011063,2531,37.96918214144607,2531,12.880284472540497,2531,50.849466613986564,2531,54.60292374555512,2531,9.795806662510833,10.337078651685394,0.5412719891745602,1335,1478,-3.8975885531318806,10.855263157894736,14.752851711026617,1216,1315,-1.3271435125009559,7.320975609756098,8.648119122257054,1025,1276,10.06974716652136,2294,74.19354838709677,2294,1.3513513513513513,2294,2.2667829119442024,2294,0.043591979075850044,2294,0.34873583260680036,2294,10.11333914559721,2294,80.27426160337552,80.028129395218,2844,2844,2283,0.3066141042487954,73.44213649851632,73.21958456973294,1348,1348,74.49869224062772,2294,6.364428945074106,2294,15.344376634699215,2294,12.988344784906147,86.43048128342247,73.44213649851632,1496,1348,5.841325196163906,2294,2.8334786399302527,2294,73.71403661726242,2294,2.3103748910200523,2294,3.966870095902354,2294,6.320836965998256,2294,1.6564952048823016,2294,1.5693112467306016,2294,0.7846556233653008,2294,0.3923278116826504,2294,3.095030514385353,2294,0.6974716652136007,2294,74.82103184398913,4051,12.935077758578128,4051,6.270056776104665,4051,41.69340903480622,4051,47.12416687237719,4051,73.29054554431005,4051,98.1674096087172,4038,84.52204061416543,4038,83.82559774964838,2844,28.355621594848934,4038,0.3219415552253591,4038,13.414973559699416,3593,3.0434027777777777,576,4.720545277507303,24.834162520729684,4824.0,,,35.86387434554974,1528,48.5032722513089,7.339158061953932,2518,50.49226441631505,2844,11.286919831223628,2844,1.371308016877637,2844,6.434599156118144,2844,30.414908579465543,2844,9.880450070323487,2844,72.81997187060479,2844,0.035161744022503515,2844,0.0,2844,0.0,2844,0.0,2844,0.0,2844,0.0,2844,0.0,2844,0.0,2844,,,,,,,,,,,,0,,0,,0,,0,,0,9.722222222222221,144,,59.15989159891599,3690,38.02168021680217,3690,63.512385193431676,3593,89.21348314606742,445,7.949479940564636,4038,5.706521739130435,736,40.16445287792536,1581,24.035420619860847,1581,36.11638203668564,1581,9.424414927261227,1581,1581,2.554079696394687,,,,0,0,0
040301,9221,4354,27.87116364819434,9221,60.10194122112569,9221,12.02689513067997,9221,36.55785706539421,9221,17.557748617286627,9221,29.0,33.34757618479558,111.78226917776757,4867,10.204966923327188,9221,22.557206376748727,9221,3.264288038173734,9221,66.38397690364489,46.37315048718874,20.010826416456155,43.15175097276265,231.74030658250678,6.084977238239757,6590,11.334848976940565,3079,86.97385910500664,2257,94.6510443199185,1963,49.03047091412743,361,25.73673870333988,1018,9.344069786948499,5961,35.363194094950515,5961,43.41553430632444,5961,11.424257674886764,5961,54.83979198121121,5961,60.54353296426774,5961,9.853789449740336,11.334848976940565,1.4810595272002278,3079,3511,-5.552041169171938,8.476394849785407,14.028436018957345,2796,3165,-1.6773679889421187,7.42368533561351,9.101053324555629,2339,3038,14.091834426600316,4421,63.175752092286814,4421,1.62859081655734,4421,4.478624745532685,4421,0.565482922415743,4421,0.6107215562090025,4421,14.65731734901606,4421,67.24397590361446,66.43072289156626,6640,6640,4465,1.2094064949608063,57.15664200707623,56.67417175940817,3109,3109,61.660257860212624,4421,11.33227776521149,4421,23.818140692151097,4421,18.969101408386805,76.12574341546303,57.15664200707623,3531,3109,7.5322325265776975,4421,4.591721330015834,4421,61.47930332503958,4421,4.365528161049537,4421,6.944130287265325,4421,8.708437005202443,4421,4.6143406469124635,4421,1.1988237955213752,4421,0.18095453517303778,4421,1.3119203800045238,4421,4.953630400361909,4421,0.6785795068988917,4421,64.55915844268517,9221,8.036004771716733,9221,6.181542132089795,9221,32.675414814011496,9221,28.901420670209305,9221,60.416440733109205,9221,98.4901151422985,9206,86.99761025418205,9206,89.2921686746988,6640,17.825331305670215,9206,0.27156202476645663,9206,9.072214830047175,8267,2.7505407354001443,1387,4.419432227109156,21.81287616268466,10966.0,,,30.351953503390376,3097,51.162415240555376,7.5701044826423995,5934,51.00903614457831,6640,11.039156626506024,6640,1.6265060240963856,6640,6.9879518072289155,6640,29.337349397590362,6640,1.8975903614457832,6640,91.355421686747,6640,0.015060240963855422,6640,0.0,6640,0.0,6640,0.0,6640,0.0,6640,0.0,6640,0.0,6640,0.0,6640,,,,,,,,,,,,0,,0,,0,,0,,0,13.333333333333334,345,,34.03504645419264,8503,63.29530753851582,8503,72.46885206241684,8267,91.3738019169329,939,3.9322181186182923,9206,5.819774718397998,1598,40.237425804436114,3201,28.02249297094658,3201,30.959075288972198,3201,10.121836925960638,3201,3201,2.8759762574195564,,,,0,0,0
040302,1850,898,30.16216216216216,1850,60.21621621621622,1850,9.621621621621621,1850,39.08108108108108,1850,14.054054054054054,1850,27.0,31.028648648648648,106.01336302895324,952,9.837837837837839,1850,23.945945945945947,1850,2.7567567567567566,1850,66.06822262118492,50.08976660682226,15.978456014362656,31.899641577060933,313.4831460674157,4.6875,1280,8.191653786707883,647,89.96062992125984,508,92.77899343544858,457,61.42857142857143,70,27.860696517412936,201,7.287093942054434,1139,30.114135206321336,1139,43.1079894644425,1139,19.315188762071994,1139,62.42317822651449,1139,66.37401229148375,1139,7.085808605033318,8.191653786707883,1.1058451816745656,647,633,-13.798068621888953,12.43432574430823,26.232394366197184,571,568,-2.875,8.012096774193548,10.887096774193548,496,558,15.141955835962145,951,67.29758149316508,951,2.5236593059936907,951,2.7339642481598316,951,0.6309148264984227,951,0.0,951,15.772870662460567,951,74.01086113266098,73.62296353762606,1289,1289,954,0.5241090146750524,67.07692307692308,66.76923076923077,650,650,58.88538380651946,951,10.515247108307046,951,26.708727655099896,951,13.987239677380515,81.0641627543036,67.07692307692308,639,650,11.987381703470032,951,2.3133543638275498,951,58.67507886435331,951,5.047318611987381,951,5.467928496319663,951,8.622502628811777,951,3.7854889589905363,951,1.2618296529968454,951,0.2103049421661409,951,1.0515247108307044,951,8.412197686645635,951,1.6824395373291272,951,79.83783783783784,1850,14.108108108108109,1850,6.27027027027027,1850,55.24324324324324,1850,51.62162162162162,1850,65.94594594594595,1850,98.86302111532214,1847,85.4899837574445,1847,85.41505042668736,1289,7.0925825663237685,1847,0.10828370330265295,1847,3.4834834834834836,1665,2.9205298013245033,302,4.368836291913215,17.94171220400729,2196.0,,,30.223123732251523,493,50.82961460446248,8.755496921723834,1137,46.54771140418929,1289,11.016291698991466,1289,1.6291698991466252,1289,7.525213343677269,1289,33.28161365399534,1289,1.2412723041117144,1289,93.25058184639255,1289,0.0,1289,0.0,1289,0.0,1289,0.0,1289,0.0,1289,0.0,1289,0.0,1289,0.0,1289,,,,,,,,,,,,0,,0,,0,,0,,0,6.976744186046512,86,,54.39624853458382,1706,43.72801875732708,1706,69.84984984984985,1665,92.85714285714286,182,1.2994044396318354,1847,5.6,375,55.96153846153846,520,28.26923076923077,520,20.0,520,6.730769230769231,520,520,3.5519230769230767,,,,0,0,0
040401,4184,1972,27.939770554493307,4184,62.04588910133843,4184,10.01434034416826,4184,41.10898661567877,4184,14.053537284894837,4184,25.0,30.767925430210326,112.17038539553752,2212,9.416826003824092,4184,27.461759082217974,4184,2.2227533460803057,4184,61.17103235747304,45.03081664098613,16.140215716486903,35.84260051325919,278.99761336515513,6.433142472212866,2969,11.428571428571429,1400,86.7026055705301,1113,95.02590673575129,965,51.36986301369863,146,23.424878836833603,619,12.37682301931415,2537,36.854552621206146,2537,39.2983839180134,2537,10.327158060701617,2537,49.62554197871502,2537,54.51320457232952,2537,9.452790676500046,11.428571428571429,1.975780752071383,1400,1569,-5.153594523388864,7.704654895666132,12.858249419054996,1246,1291,-1.9015002290907415,7.151174668028601,9.052674897119342,979,1215,15.727459016393443,1952,57.9405737704918,1952,2.7151639344262297,1952,7.274590163934426,1952,0.25614754098360654,1952,0.4610655737704918,1952,15.98360655737705,1952,64.80801335559265,64.57429048414023,2995,2995,1941,0.36063884595569295,60.83274523641496,60.69160197600564,1417,1417,60.91188524590164,1952,10.092213114754099,1952,22.899590163934427,1952,7.544948046221286,68.37769328263624,60.83274523641496,1578,1417,5.48155737704918,1952,3.0737704918032787,1952,60.65573770491803,1952,3.4836065573770494,1952,6.557377049180328,1952,9.221311475409836,1952,3.2274590163934427,1952,1.2807377049180328,1952,0.25614754098360654,1952,3.3299180327868854,1952,2.5102459016393444,1952,0.9221311475409836,1952,60.20554493307839,4184,17.447418738049713,4184,6.716061185468451,4184,39.55544933078394,4184,36.233269598470365,4184,59.799235181644356,4184,99.20654003366194,4159,93.09930271699928,4159,83.67278797996661,2995,17.792738639095937,4159,0.48088482808367394,4159,12.708941363756965,3769,2.7656903765690375,717,4.404823428079242,21.300844959717036,5089.0,,,38.1777108433735,1328,48.829819277108435,7.1566985645933014,2508,40.26060808553291,2993,14.767791513531574,2993,1.6037420648179084,2993,6.314734380220514,2993,37.05312395589709,2993,3.2387312186978297,2995,81.23539232053422,2995,0.0333889816360601,2995,0.0333889816360601,2995,0.0667779632721202,2995,0.0,2995,0.0333889816360601,2995,0.0,2995,0.0,2995,0.0,2995,,,,,,,,,,,,0,,0,,0,,0,,0,15.934065934065934,182,,50.375550375550375,3861,47.163947163947164,3861,74.55558503581852,3769,94.61538461538461,390,2.6448665544602066,4159,5.331753554502369,844,45.72680788897005,1369,24.68955441928415,1369,29.43754565376187,1369,8.765522279035793,1369,1369,3.0379839298758218,,,,0,0,0
040402,5207,2549,29.575571346264645,5207,59.592855771077396,5207,10.83157288265796,5207,37.372767428461685,5207,14.710966007297868,5207,28.0,31.81563280199731,104.276186739898,2658,10.024966391396198,5207,22.296908008450163,5207,2.842327635874784,5207,67.80534966161778,49.629390912020625,18.175958749597164,36.62337662337662,273.0496453900709,4.502237136465324,3576,7.8295912492803685,1737,90.17857142857143,1344,92.65676567656766,1212,57.06521739130435,184,25.571725571725572,481,7.5278810408921935,3228,35.13011152416357,3228,44.33085501858736,3228,12.515489467162329,3228,56.84634448574969,3228,62.267657992565056,3228,6.470156774022076,7.8295912492803685,1.3594344752582925,1737,1839,-6.154484618975982,9.341010876519514,15.495495495495495,1563,1665,-2.032385829851477,7.368111682586334,9.400497512437811,1361,1608,17.866184448462928,2765,61.62748643761302,2765,1.410488245931284,2765,1.5551537070524413,2765,0.325497287522604,2765,0.325497287522604,2765,18.191681735985533,2765,76.39889196675901,76.0387811634349,3610,3610,2758,0.4713560551124003,68.5290763968073,68.41505131128848,1754,1754,59.3128390596745,2765,8.245931283905968,2765,26.799276672694393,2765,15.307130499744432,83.83620689655173,68.5290763968073,1856,1754,8.10126582278481,2765,4.737793851717902,2765,57.504520795660035,2765,4.159132007233273,2765,4.014466546112116,2765,9.511754068716094,2765,6.075949367088608,2765,1.8083182640144666,2765,1.8083182640144666,2765,1.193490054249548,2765,3.4719710669077757,2765,1.4466546112115732,2765,71.2118302285385,5207,11.484540042250817,5207,7.259458421355867,5207,30.28615325523334,5207,40.311119646629535,5207,67.08277318993662,5207,98.98694720436391,5133,90.22014416520554,5133,84.73684210526316,3610,20.16364699006429,5133,0.3117085525034093,5133,11.154429283084253,4617,2.902325581395349,860,4.252832861189802,21.794008751262204,5942.0,,,32.76872964169381,1535,49.951791530944625,7.800747198007472,3212,44.76164079822616,3608,16.546563192904657,3608,2.0787139689578713,3608,6.568736141906873,3608,30.044345898004433,3608,2.1329639889196677,3610,87.64542936288089,3610,0.027700831024930747,3610,0.027700831024930747,3610,0.19390581717451524,3610,0.0,3610,0.0,3610,0.0,3610,0.0,3610,0.0,3610,,,,,,,,,,,,0,,0,,0,,0,,0,15.577889447236181,199,,47.91446114757569,4723,50.51873809019691,4723,75.2653238033355,4617,93.6046511627907,516,7.091369569452562,5133,4.423868312757202,972,50.287907869481764,1563,27.703134996801023,1563,23.928342930262318,1563,7.1017274472168905,1563,1563,3.2840690978886755,,,,0,0,0
040501,1003,345,17.547357926221338,1003,74.87537387836491,1003,7.577268195413759,1003,44.76570289132602,1003,9.371884346959122,1003,20.0,27.323030907278167,190.7246376811594,658,8.574277168494516,1003,50.34895314057827,1003,2.691924227318046,1003,33.55525965379494,23.435419440745672,10.119840213049267,43.18181818181818,231.57894736842104,2.8360049321824907,811,9.583333333333334,240,74.15730337078652,178,50.0,132,40.74074074074074,27,14.492753623188406,345,4.8062015503875966,645,14.108527131782946,645,57.98449612403101,645,22.790697674418606,645,80.7751937984496,645,84.49612403100775,645,9.583333333333334,9.583333333333334,0.0,240,571,8.209508039565993,28.30188679245283,20.092378752886837,212,433,-1.0002139037433153,10.449197860962567,11.449411764705882,187,425,31.594202898550726,345,48.69565217391305,345,6.3768115942028984,345,5.217391304347826,345,0.0,345,0.0,345,31.594202898550726,345,42.94403892944039,41.97080291970803,822,822,353,2.26628895184136,55.87044534412956,54.65587044534413,247,247,20.28985507246377,345,17.971014492753625,345,56.52173913043478,345,-18.47914099630347,37.391304347826086,55.87044534412956,575,247,21.159420289855074,345,4.057971014492754,345,20.0,345,2.608695652173913,345,14.492753623188406,345,19.130434782608695,345,4.927536231884058,345,4.3478260869565215,345,0.2898550724637681,345,10.144927536231885,345,7.536231884057971,345,6.666666666666667,345,73.18045862412762,1003,16.151545363908276,1003,9.970089730807578,1003,28.614157527417746,1003,53.240279162512465,1003,58.4247258225324,1003,99.19597989949749,995,93.66834170854271,995,65.32846715328468,822,53.36683417085427,995,1.306532663316583,995,42.76315789473684,912,1.852112676056338,142,2.6391752577319587,18.786692759295498,511.0,,,35.95166163141994,331,42.05740181268882,10.542768273716952,643,29.927007299270073,822,8.150851581508515,822,1.9464720194647203,822,4.014598540145985,822,55.961070559610704,822,6.082725060827251,822,59.24574209245742,822,0.12165450121654502,822,0.0,822,0.12165450121654502,822,0.0,822,0.0,822,0.0,822,0.0,822,0.0,822,,,,,,,,,,,,0,,0,,0,,0,,0,5.882352941176471,34,,78.01494130202775,937,19.74386339381003,937,47.14912280701754,912,93.97590361445783,83,4.723618090452261,995,6.7669172932330826,133,32.32876712328767,365,18.08219178082192,365,48.76712328767123,365,12.054794520547945,365,365,2.7260273972602738,,,,0,0,0
040502,4223,2074,28.51053753255979,4223,64.1013497513616,4223,7.388112716078617,4223,38.05351645749467,4223,10.016575893914279,4223,26.0,28.986976083353067,103.6162005785921,2149,10.892730286526167,4223,28.79469571394743,4223,1.8470281790196543,4223,56.002955301071296,44.47728112301441,11.525674178056889,25.91362126245847,385.8974358974359,3.0697364030697365,2997,4.530313124583611,1501,87.16730038022814,1052,91.05779716466739,917,46.34146341463415,164,30.99099099099099,555,4.631024096385542,2656,21.08433734939759,2656,57.79367469879518,2656,16.076807228915662,2656,73.87048192771084,2656,77.52259036144578,2656,2.9260350497173,4.530313124583611,1.6042780748663101,1501,1496,-4.155516426932966,14.019388516032812,18.174904942965778,1341,1315,-1.379290392250958,9.506805444355484,10.886095836606442,1249,1273,10.380116959064328,2052,69.10331384015595,2052,1.510721247563353,2052,4.288499025341131,2052,0.29239766081871343,2052,0.09746588693957114,2052,10.67251461988304,2052,69.47298641034139,67.78256546237985,3017,3017,2096,2.433206106870229,58.63666446062211,58.23957643944408,1511,1511,62.76803118908382,2052,8.723196881091617,2052,24.853801169590643,2052,21.70862106394629,80.3452855245684,58.63666446062211,1506,1511,6.091617933723197,2052,2.9239766081871346,2052,62.719298245614034,2052,2.9239766081871346,2052,5.750487329434698,2052,13.54775828460039,2052,4.044834307992203,2052,0.8771929824561403,2052,0.04873294346978557,2052,0.5360623781676414,2052,2.046783625730994,2052,1.364522417153996,2052,53.137579919488516,4223,4.972768174283685,4223,2.6284631778356617,4223,33.76746388823111,4223,19.98579209093062,4223,59.10490172862894,4223,97.58351101634683,4221,87.37266050698886,4221,89.32714617169374,3017,22.838190002369107,4221,0.28429282160625446,4221,7.950013294336612,3761,2.1392904073587387,761,3.0501367365542387,14.37161755862898,3326.0,,,22.1606648199446,1083,47.02954755309326,9.696786389413989,2645,42.288557213930346,3015,15.621890547263682,3015,2.056384742951907,3015,4.079601990049751,3015,35.95356550580431,3015,2.684786211468346,3017,89.42658269804441,3017,0.033145508783559825,3017,0.0,3017,0.0,3017,0.0,3017,0.0,3017,0.0,3017,0.0,3017,0.0,3017,,,,,,,,,,,,0,,0,,0,,0,,0,5.434782608695652,184,,62.04039357845676,3862,33.45416882444329,3862,50.91730922626961,3761,85.43478260869566,460,6.278133143804785,4221,4.569190600522194,766,52.973467520585544,1093,21.31747483989021,1093,14.181152790484903,1093,4.84903934126258,1093,1093,3.8618481244281795,,,,0,0,0
040503,1967,988,30.859176410777835,1967,62.88764616166751,1967,6.253177427554652,1967,38.84087442806304,1967,9.811896288764617,1967,25.0,28.306049822064058,99.08906882591093,979,12.60803253685816,1967,26.23284189120488,1967,1.57600406710727,1967,59.01374292643492,49.07033144704931,9.94341147938561,20.263591433278417,493.4959349593496,2.8127313101406366,1351,4.76878612716763,692,86.36363636363636,484,64.11483253588517,418,45.6140350877193,57,21.825396825396826,252,5.327868852459017,1220,26.885245901639344,1220,56.557377049180324,1220,11.229508196721312,1220,67.78688524590164,1220,72.8688524590164,1220,4.010060785741226,4.76878612716763,0.7587253414264037,692,659,-2.7963074539507673,9.872611464968152,12.66891891891892,628,592,-1.51141849628479,8.55226480836237,10.06368330464716,574,581,13.0,800,69.375,800,0.75,800,4.125,800,0.75,800,0.125,800,13.75,800,61.73657100809419,58.572479764532744,1359,1359,839,5.125148986889154,43.53448275862069,40.804597701149426,696,696,58.125,800,12.875,800,24.625,800,37.31016279190721,80.8446455505279,43.53448275862069,663,696,4.375,800,2.875,800,58.0,800,2.25,800,10.625,800,12.5,800,6.0,800,1.25,800,0.125,800,0.25,800,1.625,800,0.625,800,58.617183528215556,1967,3.5587188612099645,1967,4.016268429079817,1967,46.05998983223183,1967,39.8576512455516,1967,80.7829181494662,1967,96.64292980671414,1966,86.6734486266531,1966,87.12288447387785,1359,37.945066124109864,1966,0.508646998982706,1966,8.731082654249127,1718,2.0023255813953487,430,3.0440677966101695,19.340159271899882,1758.0,,,22.696245733788395,586,44.51023890784983,8.800819672131148,1220,40.765268579838114,1359,23.32597498160412,1359,1.9867549668874172,1359,4.7093451066961,1359,29.212656364974247,1359,1.6188373804267844,1359,47.829286239882265,1359,0.22075055187637968,1359,0.0,1359,0.0,1359,0.0,1359,0.0,1359,0.0,1359,0.0,1359,0.0,1359,,,,,,,,,,,,0,,0,,0,,0,,0,7.792207792207792,77,,58.840090090090094,1776,40.090090090090094,1776,55.0058207217695,1718,78.62903225806451,248,2.8484231943031535,1966,4.696132596685083,362,55.61224489795919,588,17.006802721088434,588,17.517006802721088,588,5.442176870748299,588,588,3.3435374149659864,,,,0,0,0
040504,514,248,31.51750972762646,514,64.59143968871595,514,3.8910505836575875,514,40.27237354085603,514,7.587548638132295,514,24.0,26.770428015564203,107.25806451612904,266,10.116731517509727,514,31.1284046692607,514,0.9727626459143969,514,54.81927710843374,48.795180722891565,6.024096385542169,12.345679012345679,810.0,0.0,352,0.0,165,88.53503184713375,157,90.64748201438849,139,52.17391304347826,23,17.1875,64,2.236421725239617,313,34.82428115015974,313,58.466453674121404,313,4.472843450479234,313,62.93929712460064,313,68.05111821086263,313,0.0,0.0,0.0,165,187,-0.7376444553725108,4.081632653061225,4.819277108433735,147,166,-1.2891038039974214,7.929078014184397,9.218181818181819,141,165,4.8,250,73.6,250,0.4,250,1.6,250,0.0,250,0.0,250,4.8,250,70.73863636363636,70.45454545454545,352,352,249,0.40160642570281124,58.78787878787879,58.78787878787879,165,165,56.0,250,4.8,250,36.8,250,22.495543672014257,81.28342245989305,58.78787878787879,187,165,2.8,250,1.2,250,56.0,250,1.2,250,3.6,250,24.4,250,8.4,250,0.0,250,0.0,250,0.0,250,0.8,250,0.8,250,95.52529182879377,514,0.9727626459143969,514,1.9455252918287937,514,29.182879377431906,514,75.68093385214007,514,76.07003891050584,514,98.24902723735408,514,91.24513618677042,514,84.0909090909091,352,17.509727626459146,514,0.38910505836575876,514,6.2770562770562774,462,2.207920792079208,101,2.6666666666666665,10.510510510510507,333.0,,,26.62721893491124,169,41.751479289940825,8.431309904153355,313,42.89772727272727,352,21.59090909090909,352,0.8522727272727273,352,3.125,352,31.53409090909091,352,0.2840909090909091,352,95.73863636363636,352,0.0,352,0.2840909090909091,352,0.0,352,0.0,352,0.0,352,0.0,352,0.0,352,0.0,352,,,,,,,,,,,,0,,0,,0,,0,,0,4.545454545454546,22,,76.72955974842768,477,22.851153039832287,477,37.01298701298701,462,86.53846153846153,52,5.252918287937743,514,6.086956521739131,115,52.35294117647059,170,10.588235294117647,170,26.470588235294116,170,5.882352941176471,170,170,3.023529411764706,,,,0,0,0
040505,2702,1350,32.12435233160622,2702,62.84233900814212,2702,5.033308660251666,2702,42.153960029607696,2702,7.438934122871947,2702,23.0,26.305699481865286,100.14814814814815,1352,13.989637305699482,2702,30.940044411547003,2702,0.9252405625462621,2702,59.1283863368669,51.11896348645465,8.00942285041225,15.668202764976959,638.2352941176471,2.155887230514096,1809,3.3769063180827885,918,88.95184135977337,706,92.03821656050955,628,62.745098039215684,102,18.848167539267017,382,4.103535353535354,1584,29.608585858585858,1584,53.66161616161616,1584,12.626262626262626,1584,66.28787878787878,1584,70.89646464646465,1584,2.4790387535485574,3.3769063180827885,0.8978675645342312,918,891,-3.3496820608325724,10.972568578553616,14.322250639386189,802,782,-1.0240522304742488,8.664021164021165,9.688073394495413,756,763,8.37742504409171,1134,71.6931216931217,1134,0.9700176366843033,1134,2.2045855379188715,1134,0.4409171075837742,1134,0.3527336860670194,1134,8.818342151675486,1134,62.81628162816282,61.99119911991199,1818,1818,1142,1.3134851138353765,48.86486486486486,48.0,925,925,59.61199294532628,1134,9.25925925925926,1134,28.306878306878307,1134,28.402772313186652,77.26763717805152,48.86486486486486,893,925,3.7918871252204585,1134,3.3509700176366843,1134,59.523809523809526,1134,1.4109347442680775,1134,7.848324514991182,1134,15.784832451499119,1134,7.142857142857143,1134,0.4409171075837742,1134,0.08818342151675485,1134,0.3527336860670194,1134,1.146384479717813,1134,1.146384479717813,1134,81.86528497409327,2702,1.5914137675795708,2702,4.62620281273131,2702,26.720947446336048,2702,35.78830495928941,2702,61.32494448556625,2702,96.86917629519195,2683,86.80581438688036,2683,88.06380638063807,1818,19.120387625792024,2683,0.8572493477450615,2683,5.900216919739696,2305,2.303921568627451,510,3.055389221556886,16.035856573705175,2008.0,,,17.746478873239436,710,43.361971830985915,8.769570707070708,1584,43.28193832599119,1816,20.594713656387665,1816,1.3766519823788546,1816,3.7444933920704844,1816,31.002202643171806,1816,2.915291529152915,1818,83.88338833883388,1818,0.11001100110011001,1818,0.05500550055005501,1818,0.0,1818,0.0,1818,0.0,1818,0.0,1818,0.0,1818,0.0,1818,,,,,,,,,,,,0,,0,,0,,0,,0,5.594405594405594,143,,61.36744966442953,2384,35.31879194630873,2384,49.41431670281996,2305,85.71428571428571,378,5.851658591129333,2683,5.158730158730159,504,62.25626740947075,718,15.459610027855152,718,13.50974930362117,718,5.571030640668524,718,718,3.7367688022284122,,,,0,0,0
040601,7587,3723,26.176354290233295,7587,62.897060761829444,7587,10.926584947937261,7587,35.402662448925796,7587,15.447475945696587,7587,29.0,32.6053776196125,103.78726833199033,3864,9.568999604586793,7587,24.937392908923158,7587,2.860155529194675,7587,58.98994132439229,41.61777032690696,17.37217099748533,41.74219536757301,239.56574185765984,7.742520398912058,5515,12.629246676514033,2708,89.06426155580608,1774,95.56962025316456,1580,64.07407407407408,270,27.5599128540305,918,13.376309427880742,4964,31.18452860596293,4964,40.451248992747786,4964,14.323126510878325,4964,54.77437550362611,4964,59.145850120870264,4964,9.601102750614496,12.629246676514033,3.028143925899537,2708,2807,-0.9030332989977747,13.867425782838552,14.770459081836327,2459,2505,-0.9831569297367704,8.261758691206545,9.244915620943315,1956,2311,21.723568281938327,3632,49.44933920704846,3632,3.1387665198237884,3632,3.001101321585903,3632,0.4129955947136564,3632,3.854625550660793,3632,22.136563876651984,3632,65.3969957081545,64.68168812589414,5592,5592,3657,1.0937927262783702,53.46894297130403,52.887758808572464,2753,2753,64.45484581497797,3632,8.507709251101321,3632,22.16409691629956,3632,23.494776648280336,76.96371961958437,53.46894297130403,2839,2753,7.8744493392070485,3632,4.405286343612334,3632,42.868942731277535,3632,3.5242290748898677,3632,4.8733480176211454,3632,9.19603524229075,3632,2.4779735682819384,3632,1.7345814977973568,3632,21.58590308370044,3632,1.0187224669603525,3632,2.698237885462555,3632,1.486784140969163,3632,56.35956240938447,7587,36.06168446026097,7587,13.02227494398313,7587,21.81362857519441,7587,46.19744299459602,7587,57.03176486094635,7587,99.24782264449723,7578,89.17920295592505,7578,64.2346208869814,5592,21.443652678807073,7578,0.4618632884666139,7578,13.587273788674839,6852,2.916095890410959,1168,4.42267050912584,22.194157698220952,9106.0,,,39.22749822820695,2822,48.8458540042523,7.561954978706145,4931,49.71377459749553,5590,7.549194991055456,5590,1.6815742397137745,5590,8.193202146690519,5590,32.86225402504472,5590,55.74034334763949,5592,9.138054363376252,5592,0.0357653791130186,5592,0.0178826895565093,5592,0.23247496423462088,5592,0.0178826895565093,5592,0.0178826895565093,5592,0.0,5592,0.08941344778254649,5592,0.0,5592,,,,,,,,,,,,0,,0,,0,,0,,0,15.434083601286174,311,,55.62847767156513,7009,42.3455557140819,7009,59.22358435493287,6852,95.73002754820936,726,6.149379783584059,7578,6.441476826394344,1273,36.5521931315879,2941,24.17545052703162,2941,37.87827269636178,2941,11.01666099965998,2941,2941,2.5766746004760286,,,,0,0,0
040602,5955,2958,29.958018471872375,5955,59.91603694374475,5955,10.125944584382871,5955,37.46431570109152,5955,14.643157010915198,5955,28.0,31.621998320738875,101.3184584178499,2997,11.083123425692696,5955,22.317380352644836,5955,2.1662468513853903,5955,66.90022421524664,50.0,16.900224215246638,33.800448430493276,295.85406301824213,7.4434444174166865,4111,12.323429128105213,2053,88.71493803000652,1533,94.33823529411765,1360,57.89473684210526,266,27.37030411449016,559,11.593038821954485,3735,32.18206157965194,3735,40.66934404283802,3735,15.046854082998662,3735,55.71619812583668,3735,60.776439089692104,3735,9.74811328748325,12.323429128105213,2.575315840621963,2053,2058,-0.6667423644193029,14.71375066880685,15.380493033226152,1869,1866,-0.9888910935550062,8.270642201834862,9.259533295389868,1526,1757,16.15514333895447,2965,63.102866779089375,2965,2.563237774030354,2965,3.912310286677909,2965,0.13490725126475547,2965,0.43844856661045534,2965,16.290050590219224,2965,71.4319980810746,70.6644279203646,4169,4169,2978,1.0745466756212223,61.204819277108435,60.7710843373494,2075,2075,63.74367622259697,2965,8.296795952782462,2965,23.9460370994941,2965,20.36156085660695,81.56638013371538,61.204819277108435,2094,2075,8.330522765598651,2965,3.204047217537943,2965,46.138279932546375,2965,3.7774030354131534,2965,4.451939291736931,2965,9.139966273187184,2965,2.360876897133221,2965,1.9898819561551433,2965,17.60539629005059,2965,0.6745362563237775,2965,4.114671163575042,2965,1.854974704890388,2965,68.14441645675903,5955,21.42737195633921,5955,10.495382031905962,5955,22.14945424013434,5955,36.18807724601176,5955,58.4382871536524,5955,98.25298168990425,5953,85.25113388207626,5953,58.62317102422643,4169,26.13808163950949,5953,0.21837728876196877,5953,11.770262610995655,5293,2.8476683937823832,965,4.197923029932804,21.51973008654834,6817.0,,,37.2093023255814,2150,48.97860465116279,7.747578040904198,3716,48.45212383009359,4167,9.86321094312455,4167,2.423806095512359,4167,7.703383729301656,4167,31.557475401967842,4167,58.71911729431518,4169,2.4466298872631325,4169,0.0,4169,0.0,4169,0.023986567522187575,4169,0.0,4169,0.0,4169,0.0,4169,0.0,4169,0.0,4169,,,,,,,,,,,,0,,0,,0,,0,,0,10.666666666666666,225,,59.54212454212454,5460,37.38095238095238,5460,60.92952956735311,5293,90.9090909090909,660,5.089870653452041,5953,5.803996194100856,1051,41.992720655141035,2198,23.521383075523204,2198,34.303912647861694,2198,9.508644222020019,2198,2198,2.708371246587807,,,,0,0,0
040603,3264,1586,35.416666666666664,3264,58.14950980392157,3264,6.4338235294117645,3264,43.443627450980394,3264,9.221813725490197,3264,25.0,28.10968137254902,105.80075662042876,1678,12.132352941176471,3264,21.38480392156863,3264,1.3174019607843137,3264,71.9704952581665,60.90621707060063,11.06427818756586,18.166089965397923,550.4761904761905,4.990403071017274,2084,9.261083743842365,1015,92.52704031465093,1017,60.786397449521786,941,68.35443037974683,158,28.089887640449437,267,9.056806002143622,1866,30.493033226152196,1866,40.9967845659164,1866,18.70310825294748,1866,59.69989281886388,1866,63.665594855305464,1866,8.325630048800269,9.261083743842365,0.9354536950420954,1015,1069,-2.696402957078231,17.32456140350877,20.020964360587,912,954,-0.9249970140425319,8.69300518134715,9.618002195389682,772,911,37.39376770538244,1412,43.90934844192635,1412,0.9206798866855525,1412,2.762039660056657,1412,1.4164305949008498,1412,0.56657223796034,1412,38.81019830028329,1412,67.55344418052256,66.65083135391924,2105,2105,1422,1.3361462728551337,51.11976630963973,50.63291139240506,1027,1027,62.60623229461756,1412,7.36543909348442,1412,24.575070821529746,1412,32.08988118572205,83.20964749536178,51.11976630963973,1078,1027,12.110481586402265,1412,5.736543909348442,1412,37.81869688385269,1412,2.762039660056657,1412,4.390934844192635,1412,7.790368271954674,1412,2.903682719546742,1412,1.6997167138810199,1412,24.78753541076487,1412,1.4872521246458923,1412,3.9660056657223794,1412,1.841359773371105,1412,52.54289215686274,3264,21.997549019607842,3264,20.404411764705884,3264,22.36519607843137,3264,34.80392156862745,3264,50.7046568627451,3264,98.5280588776449,3261,83.19533885311255,3261,68.12351543942992,2105,32.99601349279362,3261,0.45998160073597055,3261,15.043630017452006,2865,3.021897810218978,548,4.205992509363296,19.81845688350984,3305.0,,,31.48148148148148,1134,45.020282186948855,8.33585313174946,1852,55.72446555819477,2105,8.45605700712589,2105,1.520190023752969,2105,6.935866983372922,2105,27.363420427553443,2105,65.93824228028504,2105,3.705463182897862,2105,0.0,2105,0.0,2105,0.14251781472684086,2105,0.0,2105,0.047505938242280284,2105,0.0,2105,0.0,2105,0.0,2105,,,,,,,,,,,,0,,0,,0,,0,,0,12.5,128,,63.73144399460189,2964,33.5357624831309,2964,61.01221640488656,2865,91.91919191919192,396,5.979760809567617,3261,2.6170798898071626,726,49.361702127659576,1175,15.574468085106384,1175,33.191489361702125,1175,6.468085106382978,1175,1175,2.77531914893617,,,,0,0,0
040701,24677,11868,35.13798273696154,24677,61.22300117518337,24677,3.639016087855088,24677,44.98115654252948,24677,5.892126271426835,24677,22.0,25.76585484459213,107.92888439501179,12809,12.307006524293877,24677,26.623981845443126,24677,0.822628358390404,24677,63.337304739211014,57.393433942282236,5.943870796928779,10.356360281397762,965.5902004454343,4.120792702107581,15895,7.20361509835194,7524,89.93874625309527,7673,96.00057962614113,6901,55.74074074074074,1080,28.886659979939818,2991,6.272930005035609,13901,26.142004172361702,13901,48.65836990144594,13901,18.37277893676714,13901,67.03114883821308,13901,71.50564707574995,13901,5.853716639386464,7.20361509835194,1.3498984589654761,7524,8371,1.8733482446781018,19.360730593607308,17.487382348929206,6570,7331,-0.2098886445192747,9.469502819067145,9.67939146358642,5853,7099,53.53982300884956,9718,29.14179872401729,9718,2.953282568429718,9718,1.9036838855731633,9718,0.5453797077587981,9718,2.191809014200453,9718,54.08520271660836,9718,61.24132758297394,60.41627601725108,15999,15999,9798,1.3472137170851195,40.34856086612094,39.64879852125693,7574,7574,57.316320230500104,9718,9.909446388145708,9718,27.69088289771558,9718,39.675178006282614,80.02373887240356,40.34856086612094,8425,7574,9.930026754476229,9718,7.954311586746244,9718,14.14900185223297,9718,3.4575015435274747,9718,6.359333196130891,9718,10.372504630582425,9718,3.3340193455443505,9718,3.1179254990738836,9718,43.16731837826713,9718,1.9242642519036839,9718,2.6445770734719076,9718,1.5435274747890513,9718,42.52948089313936,24677,58.795639664464886,24677,16.898326376788102,24677,18.3207034890789,24677,69.02378733233375,24677,58.82805851602707,24677,99.27841738284417,24668,78.86735852116102,24668,52.60328770548159,15999,34.988649262202046,24668,0.1905302416085617,24668,8.829511834319527,21632,2.798671096345515,4515,3.6559339177343224,21.23663412366341,21510.0,,,26.357022943480693,7148,42.363598209289314,8.952039930555555,13824,51.01657804191429,15985,9.965592743196748,15985,2.439787300594307,15985,5.111041601501408,15985,31.467000312793243,15985,42.59016188511782,15999,10.800675042190138,15999,0.03750234389649353,15999,0.006250390649415589,15999,0.06875429714357148,15999,0.0,15999,0.0,15999,0.0,15999,0.0,15999,0.006250390649415589,15999,,,,,,,,,,,,0,,0,,0,,0,,0,10.783487784330244,1187,,70.42897485319826,22309,27.513559549957417,22309,55.84781804733728,21632,95.71805006587616,3036,2.9714610021079944,24668,6.123932400508814,5503,59.01030927835052,7275,10.872852233676976,7275,21.305841924398624,7275,3.2714776632302405,7275,7275,3.390790378006873,,,,0,0,0
040702,4820,2463,29.979253112033195,4820,59.356846473029044,4820,10.663900414937759,4820,39.33609958506224,4820,15.186721991701244,4820,26.0,31.474896265560165,95.69630531871701,2357,10.95435684647303,4820,24.522821576763487,4820,3.3609958506224067,4820,68.47256204124432,50.506815798671795,17.96574624257253,35.57093425605537,281.1284046692607,5.676725425754407,3347,9.523809523809524,1743,91.21725731895224,1298,93.66554054054055,1184,58.98876404494382,178,26.705653021442494,513,9.314055144586415,2974,29.287155346334902,2974,37.4915938130464,2974,23.369199731002016,2974,60.86079354404842,2974,63.75252185608608,2974,8.027550172188576,9.523809523809524,1.4962593516209477,1743,1604,-6.816632212671816,20.128205128205128,26.944837340876944,1560,1414,-1.1036716702008658,9.018099547511312,10.121771217712178,1326,1355,28.680688336520078,2092,50.2868068833652,2092,3.4416826003824093,2092,5.497131931166348,2092,0.43021032504780116,2092,0.8604206500956023,2092,29.110898661567877,2092,62.648456057007124,61.757719714964374,3368,3368,2110,1.4218009478672986,52.31032515687393,51.796919566457504,1753,1753,42.495219885277244,2092,13.336520076481836,2092,38.09751434034417,2092,21.559643883373752,73.86996904024768,52.31032515687393,1615,1753,15.344168260038241,2092,4.923518164435946,2092,31.309751434034418,2092,6.405353728489484,2092,6.692160611854685,2092,13.623326959847036,2092,4.588910133843212,2092,3.107074569789675,2092,11.18546845124283,2092,1.864244741873805,2092,7.409177820267686,2092,1.864244741873805,2092,67.5311203319502,4820,31.74273858921162,4820,11.473029045643154,4820,17.821576763485478,4820,47.96680497925311,4820,61.07883817427386,4820,98.48264394096861,4811,84.76408231136978,4811,71.3479809976247,3368,28.1438370401164,4811,0.7067137809187279,4811,9.988331388564761,4285,2.376608187134503,855,3.9451388888888888,20.96946022727273,5632.0,,,39.09090909090909,1540,51.217532467532465,8.635564570655848,2958,42.69162210338681,3366,9.120617944147355,3366,2.7332144979203803,3366,8.25906120023767,3366,37.195484254307786,3366,68.31947743467933,3368,3.0878859857482186,3368,0.029691211401425176,3368,0.0,3368,0.029691211401425176,3368,0.0,3368,0.0,3368,0.0,3368,0.0,3368,0.0,3368,,,,,,,,,,,,0,,0,,0,,0,,0,8.035714285714286,224,,64.6098003629764,4408,33.1442831215971,4408,63.99066511085181,4285,90.8745247148289,526,2.88921222199127,4811,5.925155925155925,962,47.27503168567807,1578,27.376425855513308,1578,27.50316856780735,1578,9.252217997465145,1578,1578,3.0487959442332064,,,,0,0,0
040801,11878,5663,31.19211988550261,11878,59.639669978110796,11878,9.168210136386596,11878,38.314531065836,11878,13.402929786159286,11878,28.0,30.942414547903688,109.74748366590147,6215,11.441320087556829,11878,21.544030981646742,11878,2.239434248189931,11878,67.67363071710898,52.30095990965556,15.372670807453416,29.39271255060729,340.22038567493115,2.9283489096573208,8025,5.1023051023051025,3861,83.41641741442339,3009,92.86852589641434,2510,37.52759381898455,453,23.25581395348837,1118,6.016879934658317,7346,35.78818404573918,7346,42.295126599509935,7346,15.668390961067248,7346,57.96351756057719,7346,63.9259460931119,7346,4.189721048510674,5.1023051023051025,0.9125840537944284,3861,4164,-7.40091337674145,11.840992387933465,19.241905764674915,3547,3799,-2.1407003731123924,7.547293092719353,9.687993465831745,3214,3673,10.327339787920701,6507,69.06408483171968,6507,1.6904871676655908,6507,3.442446595973567,6507,0.10757645612417396,6507,0.7991393883510066,6507,10.434916244044874,6507,79.26261636452719,79.05438510534051,8164,8164,6471,0.26271055478287747,73.29255861365954,73.19062181447502,3924,3924,76.27170739203935,6507,4.0725372675580145,6507,14.722606423851238,6507,11.495177235397065,84.7877358490566,73.29255861365954,4240,3924,6.393115106808053,6507,2.5510988166589827,6507,74.88858152758567,6507,1.1679729522053173,6507,2.889196250192101,6507,4.933148916551406,6507,1.921008145074535,6507,0.7991393883510066,6507,1.3831258644536653,6507,0.5839864761026586,6507,4.057169202397418,6507,0.9989242354387583,6507,69.09412358982993,11878,10.57417073581411,11878,6.928775888196666,11878,33.08637817814447,11878,34.012460010102714,11878,63.63865970702138,11878,97.77496839443742,11865,85.85756426464391,11865,84.30916217540421,8164,24.99789296249473,11865,0.16013485040033712,11865,11.561518698258636,10509,2.9784411276948592,1809,4.038803025320618,20.499753411145814,12166.0,,,30.092831356369263,3878,47.955389375966995,8.142720698594625,7329,49.796873076449586,8123,13.492552012803152,8123,1.6127046657638804,8123,5.687553859411548,8123,29.410316385571832,8123,4.532092111709946,8164,83.7702106810387,8164,0.03674669279764821,8164,0.01224889759921607,8164,0.01224889759921607,8164,0.01224889759921607,8164,0.0,8164,0.0,8164,0.0,8164,0.0,8164,,,,,,,,,,,,0,,0,,0,,0,,0,16.75257731958763,388,,55.326619236810494,10823,41.82758939295944,10823,65.63897611571035,10509,87.83185840707965,1356,6.144121365360303,11865,6.259097525473071,2061,48.51534977352793,3974,22.244589833920482,3974,26.597886260694516,3974,6.467035732259688,3974,3974,2.9856567689984903,,,,0,0,0
040802,2973,1406,33.60242179616549,2973,57.51765893037336,2973,8.87991927346115,2973,41.74234779683821,2973,12.949882273797511,2973,26.0,30.089471913891693,111.45092460881935,1567,12.411705348133198,2973,20.955264043054154,2973,2.2199798183652875,2973,73.85964912280701,58.421052631578945,15.43859649122807,26.426426426426428,378.40909090909093,7.3506891271056665,1959,12.67454350161117,931,83.47107438016529,847,95.33239038189534,707,28.46153846153846,130,26.8,250,12.17985202048947,1757,44.3938531587934,1757,33.181559476380194,1757,9.9601593625498,1757,43.14171883893,1757,48.83323847467274,1757,10.145360622233738,12.67454350161117,2.529182879377432,931,1028,-2.7812459357523736,8.484848484848484,11.266094420600858,825,932,-1.489619114624288,6.63595166163142,8.125570776255708,662,876,13.071428571428571,1400,68.71428571428571,1400,1.2857142857142858,1400,2.857142857142857,1400,0.14285714285714285,1400,0.7142857142857143,1400,13.214285714285714,1400,70.79107505070994,70.43610547667343,1972,1972,1396,0.501432664756447,59.06183368869936,58.74200426439232,938,938,65.92857142857143,1400,8.642857142857142,1400,21.571428571428573,1400,22.369500934124623,81.43133462282398,59.06183368869936,1034,938,7.0,1400,2.5714285714285716,1400,65.78571428571429,1400,1.7857142857142858,1400,6.857142857142857,1400,8.357142857142858,1400,4.357142857142857,1400,1.1428571428571428,1400,0.14285714285714285,1400,0.5,1400,4.571428571428571,1400,0.8571428571428571,1400,75.24386141944164,2973,7.803565422132526,2973,3.699966363942146,2973,32.99697275479314,2973,30.74335687857383,2973,58.93037336024218,2973,97.10437710437711,2970,81.71717171717172,2970,92.44421906693712,1972,14.612794612794612,2970,0.13468013468013468,2970,6.264411990776326,2602,3.018181818181818,440,4.660714285714286,23.738429381905046,3349.0,,,27.24609375,1024,46.646484375,6.5576484018264845,1752,50.050813008130085,1968,13.871951219512194,1968,0.8638211382113821,1968,5.945121951219512,1968,29.26829268292683,1968,2.4847870182555782,1972,90.46653144016227,1972,0.0,1972,0.0,1972,0.0,1972,0.0,1972,0.0,1972,0.0,1972,0.0,1972,0.0,1972,,,,,,,,,,,,0,,0,,0,,0,,0,18.11023622047244,127,,44.700632205280776,2689,52.212718482707324,2689,69.21598770176787,2602,86.68478260869566,368,1.8855218855218856,2970,6.418918918918919,592,48.01512287334594,1058,19.943289224952743,1058,29.111531190926275,1058,5.5765595463138,1058,1058,2.8071833648393194,,,,0,0,0
040901,8018,3867,33.21277126465453,8018,61.21227238712896,8018,5.574956348216513,8018,42.69144425043652,8018,7.844849089548516,8018,23.0,26.71713644300324,107.3441944659943,4151,13.482165128460963,8018,27.89972561736094,8018,1.4218009478672986,8018,63.365933170334145,54.25835370823146,9.10757946210269,16.785580172737514,595.7494407158837,1.9633754955635265,5297,3.528028224225794,2551,86.78733031674209,2210,89.10323253388947,1918,49.60629921259842,381,24.90566037735849,1060,2.9493481513143833,4679,29.17290019234879,4679,53.879033981620005,4679,13.806368882239795,4679,67.68540286385979,4679,73.17802949348152,4679,3.0181957406132667,3.528028224225794,0.5098324836125273,2551,2746,-2.0745496919869773,12.728081886960391,14.802631578947368,2247,2432,-1.207273052864858,8.643932267168392,9.85120532003325,2126,2406,17.034128662035638,3311,66.35457565690123,3311,1.4195107218363032,3311,2.8692237994563574,3311,0.8758683177287828,3311,0.12080942313500453,3311,17.909996979764422,3311,63.455399061032864,61.72769953051643,5325,5325,3379,2.722699023379698,48.888888888888886,48.10916179337232,2565,2565,48.44457867713682,3311,8.154636061612806,3311,38.90063424947146,3311,28.10386473429952,76.9927536231884,48.888888888888886,2760,2565,5.587435819993959,3311,3.4732709151313803,3311,48.0821504077318,3311,1.8725460585925702,3311,6.251887647236485,3311,18.483841739655695,3311,11.054062216852914,3311,1.9027484143763214,3311,0.3624282694050136,3311,1.630927212322561,3311,1.0570824524312896,3311,0.7248565388100272,3311,61.336991768520825,8018,4.352706410576204,8018,5.1384385133449735,8018,20.117236218508356,8018,36.0813170366675,8018,61.72362185083562,8018,97.19087032856784,7974,89.17732631050916,7974,79.38028169014085,5325,34.70027589666416,7974,1.2666165036368198,7974,14.558887440243373,6903,2.5281643472498345,1509,3.4599901816396663,19.572344975053458,7015.0,,,22.16681776971895,2206,43.567996373526746,8.976873661670236,4670,42.40090174713507,5323,19.53785459327447,5323,1.6156302836746195,5323,4.0578621078339285,5323,32.38775126808191,5323,4.507042253521127,5325,75.1924882629108,5325,0.07511737089201878,5325,0.018779342723004695,5325,0.11267605633802817,5325,0.0,5325,0.0,5325,0.018779342723004695,5325,0.0,5325,0.0,5325,,,,,,,,,,,,0,,0,,0,,0,,0,8.683473389355742,357,,77.89458929072049,7134,19.77852537146061,7134,46.24076488483268,6903,87.02147525676938,1071,9.907198394783045,7974,4.30976430976431,1485,58.61917326297274,2274,15.919085312225153,2274,16.622691292875988,2274,5.05716798592788,2274,2274,3.5065963060686016,,,,0,0,0
040902,903,424,35.21594684385382,903,60.35437430786268,903,4.4296788482834994,903,48.17275747508306,903,7.530454042081949,903,20.0,25.26356589147287,112.97169811320755,479,12.29235880398671,903,30.45404208194906,903,0.5537098560354374,903,65.68807339449542,58.34862385321101,7.339449541284404,12.578616352201259,795.0,0.5145797598627787,583,1.1111111111111112,270,91.75627240143369,279,98.4375,256,60.0,35,23.28767123287671,146,1.0183299389002036,491,19.144602851323828,491,64.35845213849286,491,15.478615071283096,491,79.83706720977597,491,84.5213849287169,491,1.1111111111111112,1.1111111111111112,0.0,270,313,-3.1395154553049274,13.777777777777779,16.917293233082706,225,266,-1.745898838004102,9.295454545454545,11.041353383458647,220,266,16.883116883116884,385,63.37662337662338,385,2.3376623376623376,385,3.116883116883117,385,0.0,385,8.311688311688311,385,16.883116883116884,385,65.8119658119658,65.47008547008546,585,585,385,0.5194805194805194,52.02952029520295,51.66051660516605,271,271,55.58441558441559,385,9.090909090909092,385,33.76623376623377,385,25.6774860742238,77.70700636942675,52.02952029520295,314,271,8.571428571428571,385,0.5194805194805194,385,25.194805194805195,385,5.194805194805195,385,3.896103896103896,385,13.506493506493506,385,9.35064935064935,385,0.5194805194805194,385,30.38961038961039,385,2.5974025974025974,385,5.454545454545454,385,1.5584415584415585,385,88.15060908084163,903,5.2048726467331115,903,4.4296788482834994,903,9.191583610188262,903,33.00110741971207,903,48.61572535991141,903,97.23145071982282,903,88.4828349944629,903,80.85470085470085,585,30.01107419712071,903,1.550387596899225,903,16.161616161616163,792,2.393617021276596,188,3.5778688524590163,22.554660529344073,869.0,,,23.387096774193548,248,41.08467741935484,10.132382892057027,491,44.957264957264954,585,18.803418803418804,585,0.6837606837606838,585,2.393162393162393,585,33.162393162393165,585,2.905982905982906,585,80.51282051282051,585,0.0,585,0.0,585,0.0,585,0.0,585,0.0,585,0.0,585,0.0,585,0.0,585,,,,,,,,,,,,0,,0,,0,,0,,0,13.20754716981132,53,,83.88683886838868,813,15.006150061500614,813,46.21212121212121,792,86.48648648648648,111,7.751937984496124,903,5.853658536585366,205,64.2023346303502,257,13.229571984435797,257,15.56420233463035,257,2.7237354085603114,257,257,3.5136186770428015,,,,0,0,0
040903,2003,998,36.94458312531203,2003,57.36395406889665,2003,5.691462805791313,2003,50.32451323015477,2003,7.688467299051423,2003,19.0,24.80928607089366,100.70140280561122,1005,12.7309036445332,2003,30.55416874687968,2003,1.397903145282077,2003,74.325500435161,64.40382941688425,9.921671018276763,15.405405405405405,649.1228070175439,2.960526315789474,1216,4.769736842105263,608,81.17469879518072,664,95.17625231910947,539,38.888888888888886,90,28.268551236749115,283,7.341269841269841,1008,37.698412698412696,1008,46.92460317460318,1008,7.837301587301587,1008,54.76190476190476,1008,60.51587301587302,1008,3.6184210526315788,4.769736842105263,1.1513157894736843,608,608,-4.743529671177752,5.4325955734406435,10.176125244618396,497,511,-1.3944685566534298,7.160633484162896,8.555102040816326,442,490,17.42627345844504,746,54.9597855227882,746,1.742627345844504,746,7.10455764075067,746,0.2680965147453083,746,0.6702412868632708,746,17.694369973190348,746,60.58158319870759,59.61227786752827,1238,1238,750,1.6,48.46526655896607,48.1421647819063,619,619,54.289544235924936,746,19.839142091152816,746,14.611260053619302,746,24.232633279483046,72.69789983844912,48.46526655896607,619,619,7.372654155495979,746,2.4128686327077746,746,53.88739946380697,746,6.032171581769437,746,13.806970509383378,746,3.6193029490616624,746,1.876675603217158,746,0.5361930294906166,746,0.40214477211796246,746,0.40214477211796246,746,4.6916890080428955,746,1.6085790884718498,746,79.9301048427359,2003,14.17873190214678,2003,5.791313030454319,2003,33.74937593609586,2003,21.367948077883174,2003,57.51372940589116,2003,95.78893962455606,1971,86.35210553018773,1971,89.17609046849758,1238,5.580923389142567,1971,0.91324200913242,1971,3.8416763678696157,1718,2.7909967845659165,311,3.642156862745098,16.040955631399324,1465.0,,,32.90676416819013,547,41.49725776965265,7.308151093439363,1006,42.5686591276252,1238,10.016155088852988,1238,0.7269789983844911,1238,5.088852988691438,1238,41.59935379644588,1238,2.261712439418417,1238,3.715670436187399,1238,0.0,1238,0.0,1238,0.0,1238,0.0,1238,0.0,1238,0.0,1238,0.0,1238,0.0,1238,,,,,,,,,,,,0,,0,,0,,0,,0,19.424460431654676,139,,11.873944850872256,1777,85.31232414181204,1777,89.17345750873108,1718,83.79446640316206,253,2.2831050228310503,1971,12.774451097804391,501,62.541806020066886,598,16.05351170568562,598,18.729096989966557,598,4.849498327759197,598,598,3.2959866220735785,,,,0,0,0
041001,10149,4958,26.633165829145728,10149,62.745098039215684,10149,10.621736131638585,10149,34.92954970933097,10149,14.750221696718889,10149,30.0,32.82244556113903,104.69947559499798,5191,9.8630406936644,10149,22.445561139028477,10149,2.4140309390087693,10149,59.375,42.446608040201006,16.928391959798994,39.88161302256752,250.7421150278293,5.791768874352685,7338,9.847434119278779,3605,86.3939899833055,2396,91.15942028985508,2070,53.316326530612244,392,28.01556420233463,1028,10.126012601260125,6666,35.83858385838584,6666,41.524152415241524,6666,11.941194119411941,6666,53.46534653465346,6666,57.71077107710771,6666,7.972266693615773,9.847434119278779,1.8751674256630055,3605,3733,-3.377131674587643,10.228310502283104,13.605442176870747,3285,3381,-1.4718227220998497,7.559359067734887,9.031181789834736,2746,3207,11.88416033904291,5663,64.15327564894932,5663,1.2360939431396787,5663,3.1608687974571783,5663,0.24721878862793573,5663,0.2119018188239449,5663,12.131379127670845,5663,77.00685760387253,75.93115503563264,7437,7437,5727,1.396891915488039,70.62688201478237,70.1067615658363,3653,3653,70.98710930602154,5663,9.394313967861557,5663,16.016245806109836,5663,12.539079930249343,83.16596194503171,70.62688201478237,3784,3653,4.520572134910824,5663,2.631114250397316,5663,69.38018717993997,5663,5.1562775913826595,5663,4.167402436870916,5663,7.76973335687798,5663,2.207310612749426,5663,1.0948260639237153,5663,1.6069221260815822,5663,0.5120960621578668,5663,1.818823944905527,5663,0.865265760197775,5663,66.78490491674057,10149,7.695339442309587,10149,5.369987190856242,10149,28.111143955069466,10149,39.51128189969455,10149,62.73524485170953,10149,98.0469520615506,10138,87.61096863286645,10138,82.15678364932096,7437,16.02880252515289,10138,0.24659696192542907,10138,7.036550667542132,9138,2.5937687237866984,1669,3.835978835978836,18.654292343387468,10775.0,,,40.9689557855127,4252,48.340780809031045,7.461677730838866,6628,47.286926080517034,7427,8.711458193079306,7427,2.4101252187962836,7427,6.9476235357479466,7427,34.64386697185943,7427,5.566760790641387,7437,78.82210568777732,7437,0.026892564205997043,7437,0.0,7437,0.0,7437,0.0,7437,0.0,7437,0.0,7437,0.0,7437,0.0,7437,,,,,,,,,,,,0,,0,,0,,0,,0,10.776942355889725,399,,51.01042331418847,9402,47.04318230163795,9402,65.53950536222368,9138,87.2,1000,4.951666995462616,10138,7.22254844392249,1703,35.220269344898426,4381,21.63889522939968,4381,42.68431864871034,4381,11.070531842045195,4381,4381,2.3140835425701893,,,,0,0,0
041101,5267,2599,31.63090943611164,5267,58.857034364913616,5267,9.512056198974749,5267,41.69356369850009,5267,13.005505980634137,5267,24.0,29.87905828745016,102.65486725663717,2668,10.537307765331308,5267,25.19460793620657,5267,2.771976457186254,5267,69.90322580645162,53.74193548387097,16.161290322580644,30.07202881152461,332.5349301397206,7.268099547511312,3536,11.643835616438356,1752,88.17766165904638,1531,93.25925925925925,1350,54.285714285714285,210,26.456692913385826,635,12.79559442824749,3087,33.85163589245222,3087,38.87269193391642,3087,13.896987366375122,3087,52.76967930029154,3087,57.88791707159054,3087,8.672983598501137,11.643835616438356,2.9708520179372195,1752,1784,-2.2336512947972995,12.763157894736842,14.996809189534142,1520,1567,-0.8507621019422267,8.121632653061225,8.972394755003451,1225,1449,19.298921417565484,2596,58.51309707241911,2596,1.694915254237288,2596,3.120184899845917,2596,0.34668721109399075,2596,0.2696456086286595,2596,19.645608628659478,2596,71.78561510691475,71.36906414884754,3601,3601,2585,0.5802707930367504,63.48314606741573,63.37078651685393,1780,1780,47.14946070878274,2596,12.596302003081664,2596,35.05392912172573,2596,16.418007145104866,79.9011532125206,63.48314606741573,1821,1780,9.63020030816641,2596,3.4668721109399074,2596,46.57164869029276,2596,7.3574730354391376,2596,5.046224961479199,2596,17.295839753466872,2596,4.85362095531587,2596,1.926040061633282,2596,0.5778120184899846,2596,1.0015408320493067,2596,6.086286594761171,2596,1.0015408320493067,2596,73.11562559331688,5267,14.27757736852098,5267,5.581925194607936,5267,29.29561420163281,5267,39.491171444845264,5267,58.93297892538447,5267,98.40516423011202,5267,82.51376495158534,5267,72.09108580949736,3601,23.675716726789442,5267,0.056958420353142206,5267,10.483870967741936,4712,2.9206349206349205,882,4.170695970695971,19.728011303426353,5662.0,,,38.087520259319284,1851,46.54240950837385,7.461062235255784,3069,47.400611620795104,3597,13.094245204336948,3597,1.5012510425354462,3597,6.171809841534612,3597,31.83208229079789,3597,2.110524854207165,3601,73.70174951402389,3601,0.027770063871146902,3601,0.0,3601,0.0,3601,0.0,3601,0.0,3601,0.0,3601,0.0,3601,0.0,3601,,,,,,,,,,,,0,,0,,0,,0,,0,11.851851851851851,270,,48.74767128958808,4831,48.29227903125647,4831,63.115449915110354,4712,90.63063063063063,555,7.3666223656730585,5267,6.460176991150442,1130,44.525168655941876,1927,21.84743124026985,1927,32.53762324857291,1927,9.081473793461338,1927,1927,2.7332641411520497,,,,0,0,0
041201,5216,2570,25.709355828220858,5216,60.58282208588957,5216,13.707822085889571,5216,33.512269938650306,5216,18.51993865030675,5216,32.0,35.15260736196319,102.95719844357977,2646,9.010736196319018,5216,20.62883435582822,5216,3.7384969325153374,5216,65.0632911392405,42.436708860759495,22.626582278481013,53.318419090231174,187.55244755244755,6.149802890932983,3805,10.465724751439037,1911,85.54021121039806,1231,93.44729344729345,1053,53.80434782608695,184,30.536130536130536,429,10.787424286126335,3467,35.91000865301413,3467,38.130948947216616,3467,14.940871070089415,3467,53.07182001730603,3467,58.55206230170176,3467,8.670582196000812,10.465724751439037,1.7951425554382259,1911,1894,-8.863749229456271,10.574189880613986,19.437939110070257,1759,1708,-2.043928217270758,7.53434065934066,9.578268876611418,1456,1629,15.557190143435086,2719,60.31629275468922,2719,1.5079073188672305,2719,3.052592865023906,2719,0.14711290915777858,2719,0.2206693637366679,2719,15.704303052592865,2719,69.93025058124516,69.59442004649961,3871,3871,2707,0.4802364240857037,60.9254498714653,60.616966580976865,1945,1945,56.60169179845531,2719,9.341669731518941,2719,26.66421478484737,2719,18.098433825315603,79.0238836967809,60.9254498714653,1926,1945,10.040456050018388,2719,3.8249356381022435,2719,56.56491357116587,2719,3.052592865023906,2719,6.25229863920559,2719,11.62191982346451,2719,3.346818683339463,2719,0.9562339095255609,2719,0.036778227289444645,2719,1.1033468186833395,2719,5.29606472968003,2719,1.0297903641044501,2719,69.2292944785276,5216,11.944018404907975,5216,4.179447852760736,5216,32.20858895705521,5216,37.078220858895705,5216,65.22239263803681,5216,98.56101304681505,5212,89.50498848810437,5212,86.51511237406355,3871,11.454336147352263,5212,0.07674597083653108,5212,7.423028258118937,4742,3.0233837689133427,727,4.510175438596491,22.072213500784933,6370.0,,,35.02884111169376,1907,51.62506554798112,7.64614050303556,3459,54.59249676584735,3865,8.15006468305304,3865,1.2936610608020698,3865,7.011642949547219,3865,28.952134540750322,3865,1.834151382071816,3871,85.35262206148282,3871,0.025833118057349523,3871,0.0,3871,0.0,3871,0.0,3871,0.0,3871,0.0,3871,0.0,3871,0.0,3871,,,,,,,,,,,,0,,0,,0,,0,,0,11.41304347826087,184,,31.40156185778874,4866,64.91985203452528,4866,72.14255588359342,4742,91.27659574468085,470,4.412893323100537,5212,6.434023991275899,917,38.19721115537848,2008,28.48605577689243,2008,33.266932270916335,2008,10.856573705179283,2008,2008,2.595617529880478,,,,0,0,0
041202,2016,969,29.41468253968254,2016,57.39087301587302,2016,13.194444444444445,2016,36.507936507936506,2016,18.601190476190474,2016,31.0,33.86011904761905,108.04953560371517,1047,11.011904761904763,2016,19.146825396825395,2016,3.9682539682539684,2016,74.2437337942956,51.25324114088159,22.990492653414,44.8566610455312,222.93233082706766,5.55155010814708,1387,10.419681620839363,691,89.29292929292929,495,91.4027149321267,442,51.515151515151516,66,27.84090909090909,176,11.471518987341772,1264,33.78164556962025,1264,42.563291139240505,1264,11.629746835443038,1264,54.19303797468354,1264,58.30696202531646,1264,9.701290816241661,10.419681620839363,0.7183908045977011,691,696,-5.348627529553196,9.006211180124224,14.35483870967742,644,620,-2.0367151765801967,7.39961759082218,9.436332767402376,523,589,15.86073500967118,1034,61.89555125725339,1034,1.3539651837524178,1034,3.5783365570599615,1034,0.5802707930367504,1034,0.09671179883945841,1034,16.44100580270793,1034,73.74380750176928,72.965322009908,1413,1413,1042,1.055662188099808,66.95156695156695,66.52421652421653,702,702,52.22437137330754,1034,13.926499032882012,1034,28.52998065764023,1034,13.498503371921103,80.45007032348805,66.95156695156695,711,702,8.027079303675048,1034,4.835589941972921,1034,51.83752417794971,1034,4.738878143133462,1034,9.090909090909092,1034,13.056092843326885,1034,4.448742746615087,1034,1.5473887814313345,1034,0.38684719535783363,1034,0.8704061895551257,1034,4.25531914893617,1034,1.2572533849129595,1034,77.28174603174604,2016,13.591269841269842,2016,4.811507936507937,2016,28.273809523809526,2016,40.67460317460318,2016,63.64087301587302,2016,98.25523429710867,2006,86.19142572283151,2006,84.43029016277424,1413,24.875373878364904,2006,0.3489531405782652,2006,14.349775784753364,1784,2.477124183006536,306,4.135,21.509740259740262,2464.0,,,34.94318181818182,704,52.47727272727273,7.463007159904534,1257,54.140127388535035,1413,10.049539985845719,1413,1.6277423920736023,1413,7.006369426751593,1413,27.176220806794056,1413,1.6277423920736023,1413,86.27034677990092,1413,0.0,1413,0.0,1413,0.0,1413,0.0,1413,0.0,1413,0.0,1413,0.0,1413,0.0,1413,,,,,,,,,,,,0,,0,,0,,0,,0,16.363636363636363,55,,39.094874591057795,1834,58.06979280261723,1834,67.2085201793722,1784,90.54054054054055,222,6.929212362911266,2006,4.958677685950414,363,42.09809264305177,734,29.83651226158038,734,34.87738419618529,734,11.716621253405995,734,734,2.7329700272479562,,,,0,0,0
041301,5531,2683,30.193455071415656,5531,58.79587777978666,5531,11.010667148797685,5531,39.90236846863135,5531,15.060567709274995,5531,26.0,31.235942867474236,106.14983227730153,2848,10.66714879768577,5531,24.71524136684144,5531,2.874706201410233,5531,70.079950799508,51.3530135301353,18.726937269372694,36.467065868263475,274.2200328407225,4.868421052631579,3800,8.328736900165472,1813,87.48361730013106,1526,94.08239700374531,1335,49.76958525345622,217,25.826771653543307,635,12.335722819593787,3348,33.691756272401435,3348,42.62246117084827,3348,11.081242532855436,3348,53.7037037037037,3348,58.09438470728794,3348,6.617614605248512,8.328736900165472,1.7111222949169602,1813,1987,-4.202105793418438,8.873505349276275,13.075611142694713,1589,1759,-1.380056537665233,7.704192546583851,9.084249084249084,1288,1638,8.900169204737733,2955,66.86971235194585,2955,1.6243654822335025,2955,3.8240270727580374,2955,0.37225042301184436,2955,0.40609137055837563,2955,9.272419627749578,2955,76.83116883116882,76.28571428571429,3850,3850,2958,0.7099391480730223,70.67464635473341,70.34820457018499,1838,1838,71.97969543147208,2955,6.328257191201353,2955,17.055837563451778,2955,11.780622034928612,82.45526838966202,70.67464635473341,2012,1838,5.98984771573604,2955,3.3164128595600677,2955,71.87817258883248,2955,2.504230118443316,2955,3.8240270727580374,2955,7.648054145516075,2955,2.0642978003384096,2955,0.7445008460236887,2955,0.10152284263959391,2955,0.676818950930626,2955,3.3840947546531304,2955,1.2859560067681894,2955,66.60640028927861,5531,9.871632616163442,5531,5.767492316036883,5531,36.86494304827337,5531,31.74832760802748,5531,56.770927499548,5531,98.40521928234868,5518,88.29285973178688,5518,88.93506493506493,3850,9.242479159115621,5518,0.14498006524102935,5518,5.640089267599919,4929,3.1269649334945586,827,4.901129943502825,21.10131521896228,6919.0,,,32.02433628318584,1808,49.25,7.407307577118898,3339,44.59178367134685,3846,13.390535621424856,3846,1.4300572022880915,3846,6.266250650026001,3846,34.321372854914195,3846,3.168831168831169,3850,80.46753246753246,3850,0.0,3850,0.0,3850,0.025974025974025976,3850,0.0,3850,0.0,3850,0.0,3850,0.0,3850,0.0,3850,,,,,,,,,,,,0,,0,,0,,0,,0,14.233576642335766,274,,23.68006304176517,5076,72.97084318360915,5076,79.28585920064921,4929,91.68081494057725,589,2.2109459949256975,5518,6.944444444444445,1080,46.10935856992639,1902,25.394321766561514,1902,29.7055730809674,1902,8.04416403785489,1902,1902,2.901156677181914,,,,0,0,0
041401,13283,6084,28.532710983964467,13283,61.770684333358425,13283,9.696604682677107,13283,37.40118949032598,13283,13.2274335616954,13283,27.0,30.99706391628397,118.3267587113741,7199,10.4645035007152,13283,24.482421139802756,13283,2.017616502296168,13283,61.889092017062765,46.191346739792806,15.697745277269957,33.98416886543536,294.2546583850932,8.567774936061381,9384,14.62153267512929,4254,86.24888624888625,3367,88.08539944903582,2904,45.72649572649573,468,27.353342428376536,1466,12.274024738344433,8408,37.107516650808755,8408,36.37012369172217,8408,13.974785918173168,8408,50.34490960989534,8408,54.87630827783064,8408,11.0737743905289,14.62153267512929,3.54775828460039,4254,5130,-1.571751040500068,13.114323258869907,14.686074299369976,3805,4603,-0.49688907439265506,8.057584731819677,8.554473806212332,3039,4314,17.6453488372093,6880,61.5406976744186,6880,1.177325581395349,6880,3.5755813953488373,6880,0.33430232558139533,6880,0.23255813953488372,6880,17.9796511627907,6880,72.93956043956044,72.28444632290787,9464,9464,6903,0.8981602201941185,62.58424355101092,62.11945154543342,4303,4303,52.81976744186046,6880,13.488372093023257,6880,29.593023255813954,6880,18.989094949279725,81.57333850029065,62.58424355101092,5161,4303,8.968023255813954,6880,3.3430232558139537,6880,52.63081395348837,6880,7.5145348837209305,6880,5.959302325581396,6880,15.247093023255815,6880,3.241279069767442,6880,1.6715116279069768,6880,0.18895348837209303,6880,0.8575581395348837,6880,3.197674418604651,6880,1.6569767441860466,6880,64.98531958141986,13283,15.192351125498758,13283,5.917337950764135,13283,38.01851991267033,13283,43.19054430475043,13283,62.35037265677934,13283,98.30892344858826,13246,85.62584931300015,13246,75.62341504649197,9464,16.75977653631285,13246,0.24913181337762344,13246,10.220947883285545,11858,2.653401203146691,2161,4.03421052631579,23.20558504836012,13751.0,,,26.923982113438456,4249,48.214874088020714,7.288252832438879,8385,49.40230614619698,9453,10.525759018301068,9453,1.808949539828626,9453,6.421241933777637,9453,31.841743361895695,9453,26.75401521555368,9464,48.20371935756551,9464,0.03169907016060862,9464,0.0,9464,0.042265426880811495,9464,0.021132713440405747,9464,0.0,9464,0.0,9464,0.0,9464,0.0,9464,,,,,,,,,,,,0,,0,,0,,0,,0,11.77570093457944,535,,44.53298283085517,12173,53.48722582765136,12173,69.22752572103221,11858,90.12968299711815,1388,6.107504152196889,13246,8.93371757925072,2429,43.60730593607306,4380,23.356164383561644,4380,28.972602739726028,4380,7.671232876712328,4380,4380,3.024200913242009,,,,0,0,0
041501,509,255,32.61296660117878,509,59.921414538310415,509,7.465618860510806,509,39.882121807465616,509,9.430255402750491,509,25.0,27.807465618860512,99.6078431372549,254,13.7524557956778,509,26.719056974459725,509,2.161100196463654,509,66.88524590163935,54.42622950819672,12.459016393442623,22.89156626506024,436.8421052631579,3.801169590643275,342,7.344632768361582,177,87.3015873015873,126,95.45454545454545,110,54.166666666666664,24,17.741935483870968,62,5.3627760252365935,317,23.34384858044164,317,59.305993690851736,317,11.35646687697161,317,70.66246056782335,317,75.70977917981072,317,7.344632768361582,7.344632768361582,0.0,177,165,-1.7642373556352045,10.493827160493828,12.258064516129032,162,155,-0.026639621365788457,9.36551724137931,9.392156862745098,145,153,18.992248062015506,258,68.21705426356588,258,1.550387596899225,258,1.550387596899225,258,0.0,258,0.0,258,18.992248062015506,258,76.3157894736842,75.43859649122807,342,342,261,1.1494252873563218,64.40677966101696,63.84180790960452,177,177,62.01550387596899,258,4.263565891472868,258,32.55813953488372,258,24.68412942989214,89.0909090909091,64.40677966101696,165,177,9.689922480620154,258,3.488372093023256,258,62.01550387596899,258,1.1627906976744187,258,3.10077519379845,258,11.627906976744185,258,10.465116279069768,258,0.7751937984496124,258,0.0,258,0.3875968992248062,258,7.364341085271318,258,1.1627906976744187,258,80.15717092337917,509,6.679764243614931,509,4.715127701375246,509,15.324165029469548,509,40.078585461689585,509,85.6581532416503,509,96.06299212598425,508,87.79527559055119,508,83.62573099415205,342,36.22047244094488,508,0.7874015748031497,508,13.242009132420092,438,2.0655737704918034,122,3.308641975308642,17.383177570093455,535.0,,,32.04419889502763,181,43.94475138121547,8.873015873015873,315,44.44444444444444,342,24.56140350877193,342,0.29239766081871343,342,4.093567251461988,342,26.608187134502923,342,4.970760233918129,342,83.91812865497076,342,0.0,342,0.0,342,0.0,342,0.0,342,0.0,342,0.0,342,0.0,342,0.0,342,,,,,,,,,,,,0,,0,,0,,0,,0,16.666666666666668,24,,84.6325167037862,449,15.144766146993318,449,54.10958904109589,438,82.85714285714286,70,5.118110236220472,508,4.705882352941177,85,51.38121546961326,181,18.23204419889503,181,24.30939226519337,181,6.629834254143646,181,181,2.8066298342541436,,,,0,0,0
041502,727,326,31.636863823933975,727,63.54883081155433,727,4.814305364511692,727,42.77854195323246,727,6.464924346629986,727,22.0,25.830811554332875,123.00613496932516,401,12.104539202200826,727,33.012379642365886,727,0.9628610729023384,727,57.35930735930736,49.78354978354978,7.575757575757576,15.217391304347826,657.1428571428571,1.2295081967213115,488,2.816901408450704,213,86.5979381443299,194,96.42857142857143,168,51.42857142857143,35,14.634146341463415,123,2.347417840375587,426,21.12676056338028,426,60.798122065727696,426,15.727699530516432,426,76.52582159624413,426,80.28169014084507,426,2.816901408450704,2.816901408450704,0.0,213,275,-7.772435897435896,11.458333333333334,19.23076923076923,192,234,-1.920753300968597,9.109289617486338,11.030042918454935,183,233,16.617210682492583,337,60.83086053412463,337,1.1869436201780414,337,4.154302670623146,337,0.0,337,2.077151335311573,337,16.617210682492583,337,67.74193548387096,67.74193548387096,496,496,336,0.0,60.45454545454545,60.45454545454545,220,220,60.53412462908012,337,3.5608308605341246,337,29.080118694362017,337,13.096179183135703,73.55072463768116,60.45454545454545,276,220,10.089020771513352,337,2.077151335311573,337,60.53412462908012,337,0.0,337,3.5608308605341246,337,6.528189910979228,337,6.231454005934718,337,0.8902077151335311,337,0.0,337,6.528189910979228,337,7.71513353115727,337,1.1869436201780414,337,72.48968363136176,727,11.004126547455297,727,4.401650618982118,727,44.56671251719395,727,44.97936726272352,727,72.48968363136176,727,96.83195592286502,726,90.9090909090909,726,83.66935483870968,496,24.242424242424242,726,0.0,726,15.830721003134796,638,2.409090909090909,132,3.242603550295858,11.31386861313869,548.0,,,30.319148936170212,188,43.670212765957444,9.934272300469484,426,29.43548387096774,496,26.008064516129032,496,1.4112903225806452,496,3.024193548387097,496,40.12096774193548,496,2.8225806451612905,496,82.86290322580645,496,0.0,496,0.0,496,0.0,496,0.0,496,0.0,496,0.0,496,0.0,496,0.0,496,,,,,,,,,,,,0,,0,,0,,0,,0,3.5714285714285716,28,,83.40943683409436,657,15.068493150684931,657,54.38871473354232,638,79.54545454545455,88,10.606060606060606,726,3.875968992248062,129,60.30927835051546,194,14.43298969072165,194,20.61855670103093,194,5.670103092783505,194,194,3.7422680412371134,,,,0,0,0
041503,840,423,35.357142857142854,840,60.476190476190474,840,4.166666666666667,840,46.07142857142857,840,6.309523809523809,840,21.0,24.771428571428572,98.58156028368795,417,13.571428571428571,840,30.833333333333332,840,0.7142857142857143,840,65.35433070866142,58.46456692913386,6.889763779527559,11.784511784511784,848.5714285714286,1.6666666666666667,540,1.7241379310344827,290,90.11857707509881,253,92.54385964912281,228,51.61290322580645,31,19.51219512195122,123,4.661016949152542,472,25.423728813559322,472,56.355932203389834,472,13.559322033898304,472,69.91525423728814,472,73.72881355932203,472,0.12413793103448256,1.7241379310344827,1.6,290,250,2.6378378378378393,14.8,12.162162162162161,250,222,-0.7455630688691031,8.832635983263598,9.578199052132701,239,211,9.565217391304348,345,78.55072463768116,345,2.028985507246377,345,0.8695652173913043,345,0.5797101449275363,345,0.5797101449275363,345,10.144927536231885,345,64.39114391143912,63.65313653136531,542,542,349,1.146131805157593,53.264604810996566,52.92096219931271,291,291,71.01449275362319,345,6.086956521739131,345,16.231884057971016,345,24.026231842389883,77.29083665338645,53.264604810996566,251,291,2.898550724637681,345,0.8695652173913043,345,71.01449275362319,345,3.7681159420289854,345,2.318840579710145,345,8.985507246376812,345,2.898550724637681,345,0.0,345,0.0,345,0.8695652173913043,345,1.1594202898550725,345,0.5797101449275363,345,87.97619047619048,840,1.3095238095238095,840,3.2142857142857144,840,45.714285714285715,840,38.45238095238095,840,71.66666666666667,840,91.65673420738975,839,78.30750893921335,839,79.33579335793358,542,10.846245530393325,839,1.9070321811680573,839,3.586206896551724,725,1.8076923076923077,182,2.6652173913043478,17.647058823529417,612.0,,,33.60655737704918,244,41.06147540983606,8.739406779661017,472,26.199261992619927,542,26.752767527675278,542,1.6605166051660516,542,4.981549815498155,542,40.40590405904059,542,1.4760147601476015,542,76.01476014760148,542,0.0,542,0.18450184501845018,542,0.0,542,0.0,542,0.0,542,0.0,542,0.0,542,0.0,542,,,,,,,,,,,,0,,0,,0,,0,,0,13.461538461538462,52,,90.01349527665317,741,7.017543859649122,741,25.103448275862068,725,78.94736842105263,114,0.11918951132300358,839,8.421052631578947,190,63.673469387755105,245,11.83673469387755,245,14.285714285714286,245,3.673469387755102,245,245,3.4244897959183676,,,,0,0,0
041601,5502,2554,22.809887313704106,5502,61.30498000727008,5502,15.885132679025808,5502,30.09814612868048,5502,22.119229371137767,5502,36.0,37.274445656125046,115.4267815191856,2948,8.233369683751363,5502,19.46564885496183,5502,3.525990548891312,5502,63.11888526534243,37.2072339163949,25.911651348947526,69.64143426294821,143.59267734553777,6.333652007648183,4184,11.813904861474125,1913,86.33540372670808,1127,93.62795477903391,973,48.19277108433735,166,25.51440329218107,486,10.075305115554402,3851,35.081796935860815,3851,42.586341210075304,3851,11.815112957673332,3851,54.40145416774864,3851,58.24461178914568,3851,10.096599709558669,11.813904861474125,1.7173051519154559,1913,2271,-6.041774611750725,8.545557441992077,14.587332053742802,1767,2084,-1.8047314450479695,7.303363074811256,9.108094519859225,1457,1989,10.838946723821188,3266,68.12614819350888,3266,1.5309246785058175,3266,3.1230863441518677,3266,0.09185548071034905,3266,0.15309246785058175,3266,10.930802204531537,3266,76.77814413565709,76.4719736222327,4246,4246,3260,0.3987730061349693,68.22381930184805,68.06981519507187,1948,1948,68.30985915492958,3266,9.185548071034905,3266,17.819963257807714,3266,15.805771646802953,84.029590948651,68.22381930184805,2298,1948,6.031843233312921,3266,3.612982241273729,3266,68.27924066135947,3266,3.306797305572566,3266,5.878750765462339,3266,7.256582976117575,3266,3.214941824862217,3266,0.7348438456827924,3266,0.03061849357011635,3266,0.7348438456827924,3266,3.7354562155541946,3266,0.704225352112676,3266,67.7753544165758,5502,9.941839331152309,5502,4.707379134860051,5502,32.51544892766267,5502,29.334787350054526,5502,58.851326790258085,5502,97.67272727272727,5500,88.7090909090909,5500,88.53038153556288,4246,9.781818181818181,5500,0.2545454545454545,5500,5.5269413629160065,5048,2.956975228161669,767,4.947909967845659,19.145030159979015,7626.0,,,32.5591985428051,2196,52.93897996357013,7.472352634324466,3834,52.6067468742628,4239,8.9171974522293,4239,1.934418494928049,4239,7.926397735314933,4239,28.615239443264922,4239,1.1775788977861517,4246,88.2477626000942,4246,0.0,4246,0.0,4246,0.11775788977861516,4246,0.0,4246,0.0,4246,0.0,4246,0.0,4246,0.0,4246,,,,,,,,,,,,0,,0,,0,,0,,0,15.469613259668508,181,,32.26682179561761,5157,65.34807058367268,5157,78.46671949286846,5048,88.05309734513274,452,3.8,5500,8.543922984356197,831,31.42353459673865,2269,31.820185103569855,2269,37.99030409872191,2269,12.119876597620097,2269,2269,2.4239753195240192,,,,0,0,0
050101,191302,99645,33.14236129261587,191302,62.12428516168153,191302,4.733353545702606,191302,44.32886221785449,191302,6.980585670824142,191302,22.0,25.867717012890612,91.98354157258267,91657,12.192240541133915,191302,30.57939801988479,191302,1.2179694932619627,191302,60.967646935083515,53.34847911144768,7.619167823635828,14.281883852244409,700.187741579238,4.424366027951685,126504,7.187560391859549,67269,91.0023580755288,56826,82.55757739833311,51713,63.791830708661415,8128,29.121397379912665,28625,6.27444514669378,109173,19.765876178175922,109173,36.50536304763998,109173,36.81679536149048,109173,73.32215840913047,109173,76.75982156760371,109173,5.90115877119609,7.187560391859549,1.2864016206634592,67269,59235,-3.16562928510006,35.34438469705792,38.51001398215798,58394,50779,-0.61802914433685,10.853680448037922,11.471709592374772,52317,49310,41.910194447566596,71176,36.16668539957289,71176,4.417219287400247,71176,2.6160503540519278,71176,1.3600089917949871,71176,1.1703383162863887,71176,43.27020343936158,71176,56.871725695642624,55.37299620415974,127508,127508,72516,2.635280489822936,44.326356132075475,43.02034198113208,67840,67840,19.175002809935933,71176,15.180678880521524,71176,57.8214566707879,71176,26.808925761066575,71.13528189314205,44.326356132075475,59668,67840,24.398673710239407,71176,6.356075081488142,71176,6.233842868382601,71176,6.1270653029110935,71176,8.759975272563786,71176,18.287063054962346,71176,6.8829380690120265,71176,5.060694616162752,71176,12.941159941553332,71176,3.7835787344048555,71176,8.925761492637967,71176,3.4604361020568732,71176,51.68947527992389,191302,35.256819060961206,191302,22.757211111227274,191302,16.012378333734095,191302,61.29470679867435,191302,52.24670939143344,191302,98.59307699562989,190842,80.07252072394965,190842,35.678545659880164,127508,19.45116902987812,190842,1.1601219857264125,190842,7.810616278930971,167554,2.117406701171343,44052,2.886547529972681,18.540087414819183,164503.0,,,39.5941757791942,51303,41.97577139738417,10.349982023839155,108477,38.11410958042398,127176,9.333522048185193,127176,2.577530351638674,127176,4.730452286594955,127176,45.2443857331572,127176,33.78454685196223,127508,1.3105060074661983,127508,0.05097719358785331,127508,0.006274116133889639,127508,0.08783762587445494,127508,0.010979703234306868,127508,0.0070583806506258435,127508,0.0,127508,0.0015685290334724097,127508,0.0015685290334724097,127508,,,,,,,,,,,,0,,0,,0,,0,,0,10.193465960941777,10958,,71.68612537825648,172502,26.83389178096486,172502,56.61339030998962,167554,90.32978357952594,23288,1.8727533771392042,190842,7.863247863247863,40950,60.89106064961196,52185,14.645971064482131,52185,16.27479160678356,52185,2.8897192679888857,52185,52185,3.657027881575165,,,,0,0,0
050102,27200,12857,38.6360294117647,27200,53.36764705882353,27200,7.9963235294117645,27200,48.07720588235294,27200,11.389705882352942,27200,21.0,27.15393382352941,111.55790619895777,14343,13.341911764705882,27200,23.128676470588236,27200,2.176470588235294,27200,87.37944337282998,72.39597685312758,14.983466519702397,20.696545817870398,483.17241379310343,26.75591417568311,16359,39.909385113268605,7725,77.59386802932681,9002,89.62061560486757,6985,45.76547231270359,1228,22.22977566281441,2942,33.97512472770712,14231,47.185721312627365,14231,15.691096901131333,14231,3.000491883915396,14231,18.69158878504673,14231,24.039069636708593,14231,24.922125442200734,39.909385113268605,14.987259671067871,7725,8634,0.10510205594118815,3.056052474657126,2.9509504187159377,6708,7523,0.2794910680529208,5.575793533076238,5.2963024650233175,3371,6004,7.231820008035355,12445,53.33869023704299,12445,1.3177983125753314,12445,12.053033346725593,12445,0.3696263559662515,12445,0.46605062274005626,12445,7.601446364001607,12445,73.70818846661072,73.41445869799784,16682,16682,12296,0.39850357839947953,58.71931156669198,58.54214123006834,7902,7902,82.78826838087585,12445,5.520289272800321,12445,6.291683406990759,12445,28.478866109845605,87.19817767653758,58.71931156669198,8780,7902,2.257934913619928,12445,3.0695058256327843,12445,78.74648453194054,12445,1.3258336681398153,12445,4.1542788268380875,12445,1.9606267577340297,12445,0.7874648453194054,12445,0.5785456006428285,12445,4.0417838489353155,12445,0.3374849337083166,12445,1.4624347127360386,12445,0.29730815588589793,12445,60.705882352941174,27200,6.900735294117647,27200,3.9080882352941178,27200,48.44117647058823,27200,27.044117647058822,27200,63.080882352941174,27200,95.78107183580387,27187,65.33269577371537,27187,85.37345642009352,16682,8.191415014529003,27187,0.07356457130246073,27187,3.1577607062518567,23561,3.8857299070530344,3658,4.998314227916386,29.02435705538169,29396.0,,,25.48651187760032,7451,45.84968460609314,3.554961294862773,14210,55.44232044865223,16583,5.379002593016945,16583,0.5547850208044383,16583,7.706687571609479,16583,30.917204365916902,16583,91.58973744155377,16682,0.20980697758062583,16682,0.0,16682,0.005994485073732166,16682,0.0,16682,0.0,16682,0.0,16682,0.0,16682,0.0,16682,0.0,16682,,,,,,,,,,,,0,,0,,0,,0,,0,11.365494685200327,1223,,5.042327607462809,24334,92.93991945426153,24334,49.573447646534525,23561,85.07997793712079,3626,2.170154853422592,27187,20.154679040989947,6465,57.51815181518152,7575,23.036303630363037,7575,21.676567656765677,7575,5.399339933993399,7575,7575,3.589042904290429,,,,0,0,0
050103,8979,4360,28.087760329658092,8979,58.102238556632145,8979,13.810001113709767,8979,36.74128522107139,8979,19.044437019712664,8979,29.0,33.86624345695512,105.94036697247707,4619,8.931952333221963,8979,22.006905000556856,8979,3.3856776923933625,8979,72.11040828062104,48.341958980256855,23.768449300364193,49.167327517842985,203.38709677419354,12.211478477854024,6412,21.008939974457217,3132,91.9914346895075,2335,77.60707635009311,2148,69.41580756013745,291,27.272727272727273,913,16.496097137901128,5765,41.21422376409367,5765,32.54119687771032,5765,9.575021682567217,5765,42.11621856027754,5765,47.97918473547268,5765,17.197964364701118,21.008939974457217,3.8109756097560976,3132,3280,-3.1181533646322377,7.992957746478873,11.11111111111111,2840,2925,-0.6297094738869164,7.1337548638132295,7.763464337700146,2056,2748,15.404098549389822,4343,65.48468800368408,4343,2.0953258116509326,4343,3.7761915726456365,4343,0.736817867833295,4343,0.41446005065622843,4343,16.140916417223117,4343,67.58942457231726,67.12286158631416,6430,6430,4346,0.6902899217671422,53.99554282075772,53.772683858643745,3141,3141,66.15242919640801,4343,8.243149896384987,4343,19.663826847801058,4343,26.576059489975023,80.57160231073274,53.99554282075772,3289,3141,4.9504950495049505,4343,4.9044439327653695,4343,59.40594059405941,4343,2.2334791618696754,4343,5.848491825926779,4343,7.160948653004835,4343,4.92746949113516,4343,1.3585079438176375,4343,6.746488602348607,4343,0.9210223347916187,4343,1.8650702279530278,4343,0.9900990099009901,4343,71.63381222853324,8979,20.770687158926386,8979,11.159371867691279,8979,26.42833277647845,8979,53.012584920369754,8979,61.87771466755763,8979,98.74804381846636,8946,84.75296221775095,8946,79.81337480559876,6430,20.746702436843282,8946,0.5253744690364409,8946,8.54302197127777,8147,3.045185185185185,1350,5.137878787878788,25.956182695878205,13465.0,,,30.18739352640545,2935,52.41056218057922,6.239270199826238,5755,56.71850699844479,6430,6.7185069984447905,6430,1.088646967340591,6430,8.18040435458787,6430,27.29393468118196,6430,89.40902021772939,6430,0.35769828926905134,6430,0.04665629860031104,6430,0.0,6430,0.015552099533437015,6430,0.0,6430,0.0,6430,0.0,6430,0.0,6430,0.0,6430,,,,,,,,,,,,0,,0,,0,,0,,0,14.958448753462603,361,,30.683184989174887,8314,68.2583593937936,8314,70.97090953725298,8147,89.73717146433042,799,4.527162977867203,8946,6.952491309385863,1726,41.588156123822344,2972,32.200538358008075,2972,28.701211305518168,2972,10.094212651413189,2972,2972,3.010094212651413,,,,0,0,0
050104,2759,1186,29.104748097136643,2759,61.47154766219645,2759,9.423704240666908,2759,38.56469735411381,2759,13.229430953243929,2759,26.0,30.613265675969554,132.63069139966274,1573,10.511054729974628,2759,25.878941645523742,2759,2.3196810438564697,2759,62.676886792452834,47.346698113207545,15.330188679245284,32.378580323785805,308.84615384615387,9.499225606608157,1937,17.91044776119403,804,88.71650211565586,709,89.50715421303657,629,53.68421052631579,95,23.14540059347181,337,14.443155452436194,1724,42.05336426914153,1724,37.76102088167053,1724,4.524361948955916,1724,42.28538283062645,1724,47.73781902552204,1724,14.379997628802148,17.91044776119403,3.5304501323918798,804,1133,-1.5783440247910914,3.606102635228849,5.18444666001994,721,1003,-0.3317932828539014,6.900562851782364,7.232356134636265,533,921,4.539106145251397,1432,66.06145251396649,1432,0.41899441340782123,1432,3.631284916201117,1432,0.7681564245810056,1432,0.5586592178770949,1432,5.307262569832402,1432,73.59263050153531,73.08085977482088,1954,1954,1438,0.6954102920723226,58.49753694581281,58.251231527093594,812,812,68.50558659217877,1432,5.865921787709497,1432,22.067039106145252,1432,25.828207362418368,84.32574430823118,58.49753694581281,1142,812,9.287709497206704,1432,3.4916201117318435,1432,68.22625698324022,1432,2.9329608938547485,1432,2.9329608938547485,1432,9.636871508379889,1432,0.9776536312849162,1432,0.4888268156424581,1432,0.27932960893854747,1432,0.20949720670391062,1432,0.8379888268156425,1432,8.100558659217876,1432,75.42587894164552,2759,2.86335628851033,2759,1.8847408481333816,2759,56.904675607104025,2759,33.490395070677785,2759,71.47517216382748,2759,97.16981132075472,2756,86.5021770682148,2756,86.54042988741044,1954,8.127721335268506,2756,0.7256894049346879,2756,3.040129712201054,2467,2.413870246085011,447,4.055240793201133,24.195804195804193,2860.0,,,22.94172062904718,1081,46.57169287696577,6.062243100411039,1703,58.21052631578947,1900,5.684210526315789,1900,1.0526315789473684,1900,6.052631578947368,1900,29.0,1900,49.94882292732856,1954,27.175025588536336,1954,0.0,1954,0.0,1954,0.0,1954,0.0,1954,0.0,1954,0.0,1954,0.0,1954,0.0,1954,,,,,,,,,,,,0,,0,,0,,0,,0,7.547169811320755,106,,16.97065820777161,2522,82.23632038065028,2522,88.32590190514796,2467,81.66089965397924,289,2.1044992743105952,2756,6.4453125,512,40.633484162895925,1105,19.728506787330318,1105,37.64705882352941,1105,9.411764705882353,1105,1105,2.4941176470588236,,,,0,0,0
050201,22020,10941,34.40054495912806,22020,58.206176203451406,22020,7.393278837420527,22020,45.66757493188011,22020,10.376930063578564,22020,22.0,27.653996366939147,101.26131066630107,11079,11.012715712988193,22020,27.243415077202542,22020,2.120799273387829,22020,71.80307404228759,59.10119372708122,12.701880315206367,21.49174917491749,465.2948402948403,14.6531184302733,14270,23.22446143154969,7195,90.18073146435178,7027,94.11393403818842,6337,58.99772209567198,878,32.732221844164684,2939,19.96736026111791,12255,34.33700530395757,12255,28.241534067727457,12255,16.842105263157894,12255,45.083639330885354,12255,49.68584251325989,12255,17.288065671832374,23.22446143154969,5.936395759717315,7195,7075,-2.147718814901461,15.787786504247476,17.935505319148938,6239,6016,-0.01098882981233551,8.484968538802145,8.49595736861448,4291,5442,19.778699861687414,9399,51.782104479199916,9399,2.0534099372273644,9399,5.075007979572295,9399,0.340461751250133,9399,1.8938184913288647,9399,20.119161612937546,9399,65.24419812954625,64.32975406996883,14435,14435,9418,1.4015714589084731,54.60652591170825,54.08554976693173,7294,7294,57.77210341525694,9399,12.394935631450155,9399,23.70464943079051,9399,21.503262633313447,76.1097885450217,54.60652591170825,7141,7294,9.383977018831791,9399,3.957867858282796,9399,52.20768166826258,9399,4.745185658048729,9399,7.458240238323226,9399,6.787956165549526,9399,3.2556654963293967,9399,1.6597510373443984,9399,5.564421746994361,9399,2.2768379614852643,9399,5.223959995744228,9399,1.702308756250665,9399,52.724795640326974,22020,27.95640326975477,22020,7.243415077202543,22020,31.86648501362398,22020,37.16167120799273,22020,52.40690281562216,22020,98.70956015994184,22008,76.4903671392221,22008,70.30827848978178,14435,19.270265358051617,22008,0.1317702653580516,22008,7.460171568627451,19584,3.0364963503649633,3699,4.4680553124453,30.162678670141354,25326.0,,,36.25152253349574,6568,44.86830085261876,6.75623973727422,12180,48.417831559913765,14379,6.481674664441199,14379,1.3144168579177968,14379,7.128451213575353,14379,36.65762570415189,14379,64.42674056113613,14435,8.728784205057153,14435,0.0,14435,0.006927606511950121,14435,0.013855213023900243,14435,0.0,14435,0.0,14435,0.0,14435,0.0,14435,0.0,14435,,,,,,,,,,,,0,,0,,0,,0,,0,10.580204778156997,1172,,31.442786069651742,20100,67.1094527363184,20100,76.1233660130719,19584,92.20297029702971,2424,2.3945837877135587,22008,6.750727449078565,5155,55.19044062733383,6695,20.14936519790889,6695,23.778939507094847,6695,5.6011949215832715,6695,6695,3.28722927557879,,,,0,0,0
050202,16129,8156,36.64207328414657,16129,54.553909107818214,16129,8.804017608035217,16129,46.351292702585404,16129,12.325624651249303,16129,22.0,28.550437100874202,97.75625306522805,7973,12.238824477648956,16129,22.654845309690618,16129,2.4924049848099696,16129,83.30492101375157,67.16672349130583,16.138197522445733,24.027072758037225,416.19718309859155,15.389197776012708,10072,24.71690745802421,5122,88.34565093803297,5277,94.85199485199485,4662,60.99290780141844,705,33.25358851674641,1672,21.185472818638647,8756,44.57514846962083,8756,23.43535861123801,8756,10.312928277752398,8756,33.74828688899041,8756,39.07035175879397,8756,18.979533720650473,24.71690745802421,5.737373737373737,5122,4950,-0.3857271205949804,10.123456790123457,10.509183910718438,4455,4301,-0.29618067719340857,6.789562860047441,7.08574353724085,2951,3907,12.430224642614023,7345,58.78829135466304,7345,1.0211027910142954,7345,6.562287270251872,7345,0.32675289312457456,7345,0.6943498978897209,7345,12.756977535738597,7345,71.34325435676523,71.03974936361857,10214,10214,7287,0.4254151228214629,60.43428132205995,60.26133743274404,5204,5204,76.9639210347175,7345,6.017699115044247,7345,12.920353982300885,7345,22.240369376542837,82.67465069860279,60.43428132205995,5010,5204,6.099387338325392,7345,3.444520081688223,7345,69.59836623553437,7345,1.2525527569775357,7345,4.71068754254595,7345,3.485364193328795,7345,1.2525527569775357,7345,1.0074880871341048,7345,7.365554799183117,7345,0.5037440435670524,7345,4.479237576582709,7345,0.8713410483321987,7345,62.30392460784922,16129,20.131440262880524,16129,5.8714117428234855,16129,42.92888585777172,16129,32.68026536053072,16129,65.62093124186248,16129,97.8600669892073,16122,72.04441136335443,16122,83.9827687487762,10214,22.732911549435553,16122,0.13025679196129514,16122,5.745989115838575,14149,3.4960906958561377,2558,4.758880263467419,30.22839229735782,20097.0,,,31.96031917187837,4637,47.60448565883114,5.463330655342592,8713,52.86023196382937,10174,5.130725378415569,10174,0.9042657755061922,10174,7.941812463141341,10174,33.16296441910753,10174,87.99686704523204,10214,3.877031525357353,10214,0.009790483649892304,10214,0.0,10214,0.009790483649892304,10214,0.0,10214,0.0,10214,0.0,10214,0.0,10214,0.0,10214,,,,,,,,,,,,0,,0,,0,,0,,0,12.672521957340026,797,,16.18858083996706,14572,82.42519901180346,14572,75.41168987207577,14149,90.72478459199189,1973,2.6485547698796674,16122,11.358866736621197,3812,53.64616360177552,4731,24.941872754174593,4731,24.13865990276897,4731,8.306911857958148,4731,4731,3.407736207989854,,,,0,0,0
050203,41104,21456,35.37368625924484,41104,59.497859089139745,41104,5.128454651615415,41104,47.15356169715843,41104,7.546710782405605,41104,21.0,25.510509926041262,91.57345264727815,19648,11.882055274425847,41104,30.291455819384975,41104,1.3648306734137796,41104,68.0732744520772,59.453712790317304,8.619561661759896,14.497936726272352,689.753320683112,7.331905453989138,26146,11.302736602052452,14032,90.10366171974047,13409,93.66826684323787,12082,55.613425925925924,1728,31.359439668895256,6282,10.538862900323858,22232,23.781036344008637,22232,32.97948902482908,22232,32.066390788053255,22232,65.04587981288233,22232,68.69827275998561,22232,8.570360838473121,11.302736602052452,2.7323757635793298,14032,12114,-0.9002101504224953,31.651796881514215,32.55200703193671,11993,10239,-0.18073806772185996,10.411541911691419,10.592279979413279,10033,9715,28.24833128118722,15431,41.65640593610265,15431,3.5836951590953277,15431,5.670403732745772,15431,0.7322921392003111,15431,2.7930788672153457,15431,28.98062342038753,15431,58.619390331210674,57.63216398507856,26539,26539,15557,1.6841293308478498,48.12298641266284,47.16346827286735,14278,14278,32.13012766508975,15431,12.876676819389541,15431,47.57306720238481,15431,22.719522354974387,70.84250876763723,48.12298641266284,12261,14278,17.996241332382866,15431,4.341909143931048,15431,20.154234981530685,15431,5.113084051584472,15431,7.569178925539498,15431,15.890091374505865,15431,5.430626660618236,15431,4.6205689845116975,15431,11.975892683559069,15431,2.482016719590435,15431,9.027282742531268,15431,2.8902857883481303,15431,52.19929933826391,41104,33.01625145971195,41104,15.363468275593616,41104,19.080868042039704,41104,55.25009731413001,41104,54.408330089529,41104,98.76798714421368,41071,78.05994497333886,41071,55.446701081427335,26539,30.90988775535049,41071,0.30191619390811036,41071,12.564244266371926,36190,2.502105643123571,8311,3.490708938793483,24.264218311655195,39210.0,,,42.65529841656517,12315,41.48940316686967,9.315513104884342,22091,38.686684865028816,26376,8.898240824992417,26376,1.8198362147406733,26376,5.675614194722475,26376,44.91962390051562,26376,51.3998266701835,26539,5.384528429857945,26539,0.02260823693432307,26539,0.00753607897810769,26539,0.04521647386864614,26539,0.003768039489053845,26539,0.003768039489053845,26539,0.0,26539,0.003768039489053845,26539,0.0,26539,,,,,,,,,,,,0,,0,,0,,0,,0,9.898278560250391,2556,,58.60152999597369,37255,39.9167896926587,37255,66.55705996131528,36190,92.05080926039746,4881,3.153076379927443,41071,7.37284659557014,9752,55.63903827902563,12644,14.678899082568808,12644,25.039544447959507,12644,4.45270484024043,12644,12644,3.2482600442897818,,,,0,0,0
050204,8019,3796,40.10475121586233,8019,53.85958348921312,8019,6.035665294924554,8019,49.32036413517895,8019,8.654445691482728,8019,20.0,25.55281207133059,111.2486828240253,4223,14.166354907095648,8019,23.95560543708692,8019,1.7458535977054495,8019,85.66797869877287,74.46168094466312,11.206297754109748,15.049751243781095,664.4628099173553,17.09833649189303,4749,26.771300448430495,2230,85.7720588235294,2720,94.51350192884698,2333,57.033248081841435,391,21.734357848518112,911,22.447992259313015,4134,49.10498306724722,4134,22.85921625544267,4134,5.466860183841316,4134,28.326076439283987,4134,34.567005321722306,4134,18.236167459149033,26.771300448430495,8.535132989281461,2230,2519,0.7348516043204212,5.852417302798982,5.117565698478561,1965,2169,0.08833754959008289,6.345256609642302,6.256919060052219,1286,1915,12.078745412078746,2997,46.68001334668001,2997,4.170837504170837,2997,7.407407407407407,2997,0.6339673006339673,2997,3.5035035035035036,2997,12.712712712712714,2997,62.5625,61.979166666666664,4800,4800,3003,0.9324009324009324,39.12466843501326,38.815207780725025,2262,2262,77.81114447781114,2997,6.206206206206206,2997,9.60960960960961,2997,44.32686820801274,83.451536643026,39.12466843501326,2538,2262,2.669336002669336,2997,2.8695362028695364,2997,53.72038705372039,2997,1.3680347013680347,2997,4.7714381047714385,2997,3.4701368034701368,2997,1.1344678011344678,2997,0.7007007007007007,2997,24.090757424090757,2997,0.7007007007007007,2997,1.768435101768435,2997,0.3670337003670337,2997,46.37735378476119,8019,17.79523631375483,8019,2.8058361391694726,8019,44.46938521012595,8019,18.855218855218855,8019,51.86432223469261,8019,97.69211576846307,8016,70.38423153692615,8016,82.20833333333333,4800,15.219560878243513,8016,0.0124750499001996,8016,5.813953488372093,6880,3.994137353433836,1194,5.088541666666667,33.04327913899703,8734.0,,,21.46319964742177,2269,43.01983252534156,4.864858319205619,4129,57.38493723849373,4780,8.138075313807532,4780,0.7531380753138075,4780,7.949790794979079,4780,25.774058577405857,4780,72.91666666666667,4800,16.416666666666668,4800,0.14583333333333334,4800,0.0,4800,0.7916666666666666,4800,0.0,4800,0.0,4800,0.0,4800,0.0,4800,0.0,4800,,,,,,,,,,,,0,,0,,0,,0,,0,17.46987951807229,332,,14.376053962900507,7116,83.27712197863968,7116,77.22383720930233,6880,88.02816901408451,1136,2.345309381237525,8016,10.451680672268907,1904,58.646288209606986,2290,17.292576419213972,2290,22.183406113537117,2290,5.283842794759825,2290,2290,3.5004366812227072,,,,0,0,0
050301,33922,17047,34.77684098814928,33922,55.84871175048641,33922,9.374447261364306,33922,45.427746005542126,33922,13.410176286775544,33922,23.0,29.418312599492953,98.99102481375022,16875,10.521195684216732,33922,22.940864335829254,33922,2.491008784859383,33922,79.05515967273686,62.2697281604645,16.785431512272368,26.956005764177334,370.97484276729557,16.689079527011362,21565,24.28024781341108,10976,86.32331643736423,11048,91.59064695396876,9537,53.3003300330033,1212,34.86424032351242,3462,25.272884469901655,18506,44.39100832162542,18506,24.19215389603372,18506,5.9332108505349614,18506,30.125364746568682,18506,36.23149248892251,18506,15.459773736538853,24.28024781341108,8.820474076872227,10976,10589,-2.692428087454118,4.615221763522811,7.307649850976929,9447,9059,-0.5679188439435716,6.2693569553805775,6.837275799324149,6096,7694,10.063825672103668,15511,59.65443878537812,15511,1.560183095867449,15511,9.502933402101734,15511,0.7865385855199536,15511,0.36103410482883114,15511,10.850364257623623,15511,69.86873779352318,69.45087886633057,22017,22017,15383,0.5980627965936424,59.078759800427655,58.77583749109052,11224,11224,71.51054090645349,15511,8.000773644510348,15511,14.834633485913223,15511,22.01083530751267,81.08959510794033,59.078759800427655,10793,11224,3.0623428534588357,15511,3.8101992134614147,15511,70.54993230610535,15511,2.430533170008381,15511,5.5380052865708205,15511,6.601766488298627,15511,2.1984398169041324,15511,1.5795242086261363,15511,0.96060860034814,15511,0.4190574431048933,15511,1.4505834569015537,15511,0.6511507962091418,15511,76.03325275632334,33922,12.682035257355109,33922,8.752432049997052,33922,30.620246447733035,33922,43.552856553269265,33922,46.42414951948588,33922,97.69451596673474,33789,75.0984048062979,33789,80.07902984057773,22017,14.211725709550445,33789,0.899701086152298,33789,4.773088118549881,30232,3.3853264009243214,5193,4.780616336350097,25.555957986236866,41415.0,,,32.905849233656554,9591,49.25325826295485,4.902041479395678,18467,48.250125153597594,21973,7.723114731716197,21973,0.8920038228735266,21973,7.764074090929777,21973,35.370682200882904,21973,83.27201707771268,22017,0.15442612526683927,22017,0.01816777944315756,22017,0.00908388972157878,22017,0.1362583458236817,22017,0.0,22017,0.0,22017,0.0,22017,0.0,22017,0.0,22017,,,,,,,,,,,,0,,0,,0,,0,,0,12.68075639599555,1798,,13.708871773387903,31031,84.40269408011343,31031,64.2233395078063,30232,89.00759066629182,3557,2.5215306756636777,33789,11.286494184666509,8426,53.474628082331364,9814,26.085184430405544,9814,23.099653556144283,9814,7.968208681475443,9814,9814,3.442938659058488,,,,0,0,0
050302,9910,5117,30.756811301715437,9910,55.3380423814329,9910,13.905146316851665,9910,39.75782038345106,9910,18.93037336024218,9910,28.0,33.46559031281534,93.66816494039476,4793,9.374369323915237,9910,20.39354187689203,9910,3.743693239152371,9910,80.70751276440555,55.57986870897155,25.12764405543399,45.20997375328084,221.1901306240929,18.76606683804627,6613,28.28628457370972,3507,88.33392793435604,2803,83.4410339256866,2476,60.130718954248366,306,29.694323144104803,916,26.913243565706495,5867,43.70206238281916,5867,23.28276802454406,5867,5.624680415885461,5867,28.907448440429523,5867,34.634395772967444,5867,20.269542783626015,28.28628457370972,8.016741790083708,3507,3106,-1.336131688511447,5.003186743148502,6.339318431659949,3138,2729,-0.1817676081385482,6.297872340425532,6.47963994856408,1927,2333,10.702035216098787,4373,48.86805396752801,4373,1.5778641664761033,4373,13.880631145666591,4373,0.8918362680082323,4373,0.7546306883146582,4373,11.593871484107021,4373,64.28676795987609,63.903230564980085,6779,6779,4358,0.596603946764571,51.13636363636363,50.99778270509978,3608,3608,66.79624971415504,4373,9.878801737937343,4373,16.830551109078435,4373,28.11308448725668,79.24944812362031,51.13636363636363,3171,3608,3.521609878801738,4373,5.1452092385090324,4373,63.823462154127604,4373,2.309627258175166,4373,7.523439286530985,4373,6.997484564372284,4373,3.224331122798994,4373,1.6922021495540818,4373,2.972787560027441,4373,0.5488223187742968,4373,1.5549965698605077,4373,0.5259547221587011,4373,68.17356205852674,9910,17.79011099899092,9910,9.939455095862765,9910,28.203834510595357,9910,40.141271442986884,9910,51.41271442986882,9910,98.55293997758076,9813,82.67604198512177,9813,80.77887594040419,6779,14.45021909711607,9813,1.0598186079690206,9813,5.857881718012143,8894,3.088176352705411,1497,4.736045729657028,27.88964528842709,13955.0,,,38.9413988657845,3174,53.854127284183996,4.657818119541017,5839,49.072562694761835,6739,4.600089033981303,6739,1.0090517880991245,6739,10.66923875945986,6739,34.64905772369788,6739,75.46835816492109,6779,0.1770172591827703,6779,0.01475143826523086,6779,0.0,6779,0.0,6779,0.0,6779,0.0,6779,0.0,6779,0.0,6779,0.0,6779,,,,,,,,,,,,0,,0,,0,,0,,0,9.610983981693364,437,,16.147838521614784,9091,81.88318116818832,9091,66.51675286710142,8894,92.92709466811752,919,4.483847956792011,9813,12.112541726275632,2097,42.129487572875114,3259,34.12089598036207,3259,31.175207118748084,3259,11.936176741331696,3259,3259,3.0110463332310524,,,,0,0,0
050303,11835,5622,35.51330798479088,11835,55.682298267849596,11835,8.804393747359526,11835,45.47528517110266,11835,12.192648922686946,11835,23.0,28.825433037600337,110.51227321237994,6213,11.440642163075623,11835,22.991128010139416,11835,2.585551330798479,11835,79.59028831562973,63.77845220030349,15.811836115326251,24.79181536997383,403.3589251439539,24.8734345856648,7506,35.25568181818182,3520,83.28499868178223,3793,88.79392212725546,3159,49.37759336099585,482,39.27710843373494,1245,35.5801785164666,6498,43.42874730686365,6498,18.282548476454295,6498,2.5854108956602033,6498,20.8679593721145,6498,26.808248691905202,6498,19.550714432331343,35.25568181818182,15.704967385850477,3520,3986,-1.1234811320351226,1.9915115899444988,3.1149927219796214,3063,3435,0.07130270155036555,5.787994891443168,5.716692189892802,1566,2612,7.916368834882059,5596,55.70050035739814,5596,1.858470335954253,5596,5.539671193709792,5596,0.7862759113652609,5596,1.233023588277341,5596,8.70264474624732,5596,72.75586423797668,72.28410431136155,7631,7631,5552,0.6484149855907781,58.3263830970253,58.13177648040033,3597,3597,84.97140814867763,5596,4.342387419585418,5596,5.4145818441744105,5596,27.295828107734238,85.62221120475954,58.3263830970253,4034,3597,1.4832022873481059,5596,4.145818441744103,5596,75.91136526090064,5596,1.0900643316654754,5596,3.252323087919943,5596,2.0014295925661187,5596,0.6075768406004288,5596,0.536097212294496,5596,9.060042887776984,5596,0.17869907076483202,5596,0.875625446747677,5596,0.08934953538241601,5596,55.361216730038024,11835,10.367553865652726,11835,5.356991972961555,11835,38.99450781580059,11835,20.35487959442332,11835,45.77101816645543,11835,94.50688751795825,11833,72.00202822614722,11833,80.50058969990828,7631,8.746725259866475,11833,0.3633905180427618,11833,3.2729007633587788,10480,3.8993243243243243,1480,4.878136200716846,25.122865472719702,12005.0,,,32.635117662270495,3867,46.286268425135766,3.690909090909091,6490,50.36208031599737,7595,6.280447662936142,7595,0.9743252139565504,7595,7.61026991441738,7595,34.77287689269256,7595,88.90053728213864,7631,0.23587996330756125,7631,0.06552221202987812,7631,0.0,7631,0.0,7631,0.0,7631,0.0,7631,0.0,7631,0.0,7631,0.0,7631,,,,,,,,,,,,0,,0,,0,,0,,0,9.090909090909092,539,,7.286059031000557,10774,90.40282160757378,10774,51.69847328244275,10480,77.38359201773837,1353,2.2733034733372772,11833,16.143813887909765,2837,48.999239929060046,3947,22.472764124651633,3947,31.213579934127186,3947,7.1700025335698,3947,3947,2.9979731441601216,,,,0,0,0
050401,15260,7239,38.51245085190039,15260,54.08256880733945,15260,7.404980340760157,15260,48.71559633027523,15260,10.373525557011796,15260,20.0,26.62850589777195,110.80259704379058,8021,12.680209698558322,15260,24.03669724770642,15260,2.260812581913499,15260,84.90245971162001,71.21046892039259,13.691990791227433,19.227497022290283,520.0884955752213,22.328904767221168,8957,30.721452460582896,4186,82.37229102167183,5168,88.93587033121916,4257,51.69971671388102,706,32.39856801909308,1676,31.393229166666668,7680,39.348958333333336,7680,21.731770833333332,7680,7.005208333333333,7680,28.736979166666668,7680,34.544270833333336,7680,15.756036405248585,30.721452460582896,14.96541605533431,4186,4771,-0.3550892492165145,6.815642458100559,7.170731707317073,3580,4100,0.637306793896923,7.173976608187134,6.536669814290211,2052,3177,10.62292238762827,6919,46.870935106229226,6919,3.714409596762538,6919,5.289781760369996,6919,0.592571180806475,6919,1.7054487642722937,6919,11.215493568434745,6919,72.69140541693325,72.37150778417573,9378,9378,6817,0.440076279888514,57.60473588342441,57.399817850637525,4392,4392,74.80849833791011,6919,6.518282988871224,6919,12.082670906200319,6919,28.376010205624922,85.98074608904933,57.60473588342441,4986,4392,4.39369851134557,6919,4.957363780893193,6919,63.896516837693305,6919,1.71990171990172,6919,4.783928313340078,6919,4.176904176904177,6919,1.0984246278363925,6919,0.9683480271715565,6919,10.911981500216795,6919,0.7371007371007371,6919,2.211302211302211,6919,0.8382714265067206,6919,49.849279161205764,15260,20.74705111402359,15260,8.990825688073395,15260,33.74836173001311,15260,25.66186107470511,15260,52.04456094364351,15260,94.36869017962502,15254,61.374065818801625,15254,75.78374920025591,9378,15.399239543726235,15254,0.2753376163629212,15254,7.31981981981982,13320,3.8276892430278884,2008,4.893968871595331,28.328079940983166,14911.0,,,25.863284002818887,4257,44.91942682640357,4.629188481675393,7640,42.81553398058252,9270,7.378640776699029,9270,0.9061488673139159,9270,5.771305285868393,9270,43.12837108953614,9270,82.16037534655577,9378,0.618468756664534,9378,0.010663254425250587,9378,0.0,9378,0.010663254425250587,9378,0.0,9378,0.010663254425250587,9378,0.0,9378,0.0,9378,0.0,9378,,,,,,,,,,,,0,,0,,0,,0,,0,13.741496598639456,735,,14.281565381543599,13773,83.547520511145,13773,51.76426426426426,13320,79.11065149948294,1934,3.959617149600105,15254,16.802832244008716,3672,55.17557952719761,4357,20.88593068625201,4357,26.784484737204497,4357,6.219876061510213,4357,4357,3.5010328207482213,,,,0,0,0
050402,21213,10464,36.817046150945174,21213,53.16079762409843,21213,10.022156224956394,21213,45.36369207561401,21213,14.137557158346297,21213,24.0,29.982133597322395,102.72362385321101,10749,11.384528355253854,21213,18.86107575543299,21213,3.4554282751143166,21213,88.10853950518755,69.25600780349383,18.852531701693714,27.221510883482715,367.3565380997178,31.738266320134535,13082,42.59316291961811,6494,80.04866180048661,6987,91.39996424101555,5593,36.58536585365854,902,34.562760261748956,1681,41.15916955017301,11560,40.70934256055364,11560,13.373702422145328,11560,4.307958477508651,11560,17.68166089965398,11560,22.482698961937718,11560,21.55491155349789,42.59316291961811,21.038251366120218,6494,6588,-0.817036020279859,3.8988043666608907,4.71584038694075,5771,5789,0.4147956005925648,6.011273957158963,5.596478356566398,2661,4089,8.209723939019366,9708,60.62010712814174,9708,1.380304903172641,9708,6.025957972805934,9708,0.57684384013185,9708,0.29872270292542236,9708,8.786567779151216,9708,71.84139784946237,71.32616487455198,13392,13392,9621,0.7171811661989398,59.039759939985,58.904726181545385,6665,6665,78.35805521219612,9708,5.078285949732179,9708,10.125669550885867,9708,25.485288372784446,84.52504831276944,59.039759939985,6727,6665,3.131437989287186,9708,4.429336629583848,9708,78.02843016069221,9708,1.1433868974042027,9708,3.9348990523279768,9708,3.4095591264936136,9708,1.5245158632056037,9708,1.091882983106716,9708,0.3296250515039143,9708,0.5253399258343634,9708,1.7202307375360528,9708,0.49443757725587145,9708,67.28892660161222,21213,8.9002027058879,21213,5.011078112478197,21213,38.89596002451327,21213,26.978739452222694,21213,53.94333663319662,21213,94.68396226415095,21200,62.575471698113205,21200,80.8915770609319,13392,14.523584905660377,21200,0.1509433962264151,21200,5.77588501463934,18785,3.9118600129617627,3086,4.928531126575137,27.312283403927605,25970.0,,,32.486305538648814,6572,48.86275106512477,3.371654501216545,11508,47.54578204743321,13324,10.492344641248874,13324,0.9156409486640649,13324,6.9123386370459325,13324,34.133893725607926,13324,88.25418160095579,13392,0.6123058542413381,13392,0.022401433691756272,13392,0.0,13392,0.02986857825567503,13392,0.0,13392,0.0,13392,0.0,13392,0.0,13392,0.0,13392,,,,,,,,,,,,0,,0,,0,,0,,0,14.12037037037037,864,,5.825242718446602,19364,92.13488948564346,19364,48.91136545115784,18785,83.80952380952381,2415,4.518867924528302,21200,15.304107424960506,5064,50.83740921891211,6747,25.418704609456054,6747,28.11619979250037,6747,7.262487031273158,6747,6747,3.142137246183489,,,,0,0,0
050403,26330,12954,34.58792252183821,26330,54.29927838966958,26330,11.112799088492213,26330,44.105582985188,26330,15.09684770224079,26330,24.0,30.227990884922143,103.25768102516597,13376,11.507785795670339,26330,21.963539688568172,26330,3.1674895556399543,26330,84.16451003707071,63.698678044344966,20.465831992725747,32.12913143735588,311.24401913875596,17.75368757775013,16881,26.975509711666064,8289,85.94151474366818,8173,91.38667425968109,7024,53.531598513011154,1076,36.666666666666664,2580,25.73146834245557,14799,46.11798094465842,14799,21.893371173727953,14799,6.0882492060274345,14799,27.981620379755388,14799,32.873842827218056,14799,18.118433361572954,26.975509711666064,8.85707635009311,8289,8592,-1.9969051927540589,5.072862249106406,7.069767441860465,7274,7525,-0.4092128352322195,6.1064438091049045,6.515656644337124,4547,6419,6.918495553561231,12257,59.51701068777025,12257,1.411438361752468,12257,5.425471159337522,12257,0.5384678143101901,12257,0.3263441298849637,12257,7.4569633678714204,12257,70.5718270571827,70.28707577870757,17208,17208,12144,0.4034914361001318,57.610107450702564,57.338528751918766,8469,8469,76.29925756710452,12257,6.2413314840499305,12257,11.756547279105817,12257,25.522974137579844,83.13308158828241,57.610107450702564,8739,8469,3.997715591090805,12257,4.283266704740148,12257,75.2467977482255,12257,1.8764787468385413,12257,4.3566941339642655,12257,4.454597372929754,12257,1.1829974708329933,12257,0.9627151831606429,12257,1.052459818879008,12257,0.39161295586195644,12257,2.5128498001142203,12257,0.7261156889940442,12257,60.36460311431827,26330,8.834029624003039,26330,4.3714394227117355,26330,40.49753133308014,26330,16.90087352829472,26330,51.071021648309916,26330,96.92132269099201,26310,79.23603192702394,26310,81.32264063226407,17208,11.634359559103002,26310,0.1862409730140631,26310,4.96929089893914,23283,3.8306475241722824,3413,5.04229460379193,29.712304801399604,30866.0,,,34.17145593869732,8352,48.15277777777778,4.6991336131041015,14774,51.897776225404584,17178,4.226336011177087,17178,0.9779951100244498,17178,8.039352660379555,17178,34.85853999301432,17178,84.77452347745235,17208,2.272198977219898,17208,0.0,17208,0.0,17208,0.040678754067875404,17208,0.0,17208,0.0,17208,0.0,17208,0.0,17208,0.0,17208,,,,,,,,,,,,0,,0,,0,,0,,0,10.313531353135314,1212,,8.44600233683859,23964,89.56768486062427,23964,66.79981102091655,23283,84.93557978196233,3027,2.98365640440897,26310,13.009774182676104,5934,47.2362398779486,8521,27.496772679262996,8521,29.374486562610024,8521,8.954348081211126,8521,8521,3.0876657669287644,,,,0,0,0
050404,16118,7646,38.64623402407246,16118,53.43094676758903,16118,7.922819208338503,16118,47.20809033378831,16118,11.18004715225214,16118,21.0,27.583385035364188,110.80303426628302,8472,12.991686313438391,16118,21.714852959424245,16118,2.3141829011043553,16118,87.15745471435207,72.32930794240595,14.828146771946122,20.50088296676834,487.78386844166016,31.454316848281643,9544,44.885733303749724,4507,77.46452223273415,5285,91.84171958964338,4094,38.86743886743887,777,28.054298642533936,1547,40.40042903110476,8391,42.53366702419259,8391,12.120128709331427,8391,4.719342152306043,8391,16.83947086163747,8391,21.55881301394351,8391,25.44956097895322,44.885733303749724,19.436172324796505,4507,5037,-0.14026145437200022,4.645291593032063,4.785553047404063,3961,4430,0.6828861700803577,6.057962529274005,5.375076359193647,1708,3274,8.092790299195993,7587,53.23579807565573,7587,1.7661789903782785,7587,9.753525767760642,7587,0.7776459733755108,7587,0.5799393699749572,7587,8.870436272571505,7587,75.62209184705644,75.16690269067368,9886,9886,7476,0.6019261637239165,62.446717817561805,62.084398976982094,4692,4692,78.77949123500724,7587,5.456702253855279,7587,10.597073942269672,7587,25.077348412703884,87.52406623026569,62.446717817561805,5194,4692,3.6773428232502967,7587,4.375906155265586,7587,76.43337287465401,7587,1.2257809410834322,7587,4.20456043231844,7587,3.13694477395545,7587,1.3312244628970609,7587,0.8171872940556214,7587,2.346118360353236,7587,0.39541320680110714,7587,2.2143139580862,7587,0.8962699354158429,7587,61.44682963146792,16118,9.622781982876287,16118,4.448442734830624,16118,34.278446457376845,16118,15.19419282789428,16118,51.52624395086239,16118,94.06763884579584,16115,58.72168786844555,16115,82.58142828241958,9886,13.502947564381012,16115,0.08687558175612783,16115,5.7984451893588185,14021,4.157099697885196,2317,5.254896626768226,29.559222895341552,19148.0,,,30.027821939586644,5032,45.53298887122416,3.327281414237936,8372,53.07676685621446,9848,7.1588139723801785,9848,0.6498781478472786,9848,7.473598700243704,9848,31.640942323314377,9848,89.8037628970261,9886,0.35403601051992717,9886,0.0303459437588509,9886,0.010115314586283633,9886,0.0,9886,0.0,9886,0.0,9886,0.0,9886,0.0,9886,0.0,9886,,,,,,,,,,,,0,,0,,0,,0,,0,11.145510835913313,646,,5.64538419016031,14472,92.60641238253179,14472,48.149204764282146,14021,78.70105062082139,2094,5.36146447409246,16115,18.553374563054586,3719,50.54411193159736,5146,20.928876797512633,5146,31.869413136416636,5146,7.1900505246793625,5146,5146,3.1315584920326467,,,,0,0,0
050405,19939,9428,38.517478308841966,19939,52.58538542554792,19939,8.897136265610111,19939,47.364461607904104,19939,12.252369727669391,19939,21.0,28.010481970008527,111.48705982180738,10511,12.98961833592457,19939,21.560760318972868,19939,2.6932143036260596,19939,90.16690510252742,73.2474964234621,16.91940867906533,23.098958333333332,432.9199549041714,26.83724832214765,11920,40.06836991723642,5558,78.97467195605736,6554,93.10278207109737,5176,42.22936763129689,933,26.59949622166247,1985,36.788307222009934,10468,45.25219717233473,10468,14.873901413832632,10468,2.9900649598777225,10468,17.863966373710355,10468,23.481085212074895,10468,24.790155519248366,40.06836991723642,15.278214397988053,5558,6362,-0.5343547475344379,2.7065527065527064,3.2409074540871443,4914,5554,0.17628893747019259,5.6091903719912475,5.432901434521055,2285,4322,6.1039528281284126,9158,61.12688359903909,9158,1.2229744485695566,9158,6.944747761519983,9158,0.4913736623716969,9158,0.262065953264905,9158,6.595326490500109,9158,74.00736799017601,73.72083503888662,12215,12215,9040,0.38716814159292035,61.87893631910427,61.66899930020994,5716,5716,78.91461017689451,9158,6.060275169250928,9158,9.259663682026643,9158,22.795628998636914,84.67456531774118,61.87893631910427,6499,5716,2.2384800174710637,9158,4.08386110504477,9158,78.19392880541604,9158,1.4522821576763485,9158,4.597073596855209,9158,3.647084516269928,9158,1.1683773749727016,9158,1.1574579602533304,9158,0.7206813714784888,9158,0.1856300502293077,9158,1.299410351605154,9158,0.4695348329329548,9158,65.44962134510256,19939,6.865941120417273,19939,3.7313807111690656,19939,30.939365063443503,19939,11.90631425848839,19939,43.94402928933246,19939,96.76673203600342,19887,63.35294413435913,19887,83.06999590667212,12215,11.907276110021622,19887,0.5480967466183939,19887,4.323449511588925,17301,4.163568773234201,2690,5.390890550645819,29.506737859140607,23598.0,,,26.381347812200573,6262,46.18620249121686,3.465863453815261,10458,56.383678841724254,12156,5.6021717670286275,12156,0.5511681474169134,12156,7.675222112537019,12156,29.78775913129319,12156,88.56324191567745,12215,0.3192795742939009,12215,0.0,12215,0.0,12215,0.0,12215,0.0,12215,0.0,12215,0.0,12215,0.0,12215,0.0,12215,,,,,,,,,,,,0,,0,,0,,0,,0,16.120906801007557,794,,5.9053797114416735,17882,92.15412146292361,17882,56.02566325645916,17301,87.1616395978345,2586,3.7109669633428872,19887,14.421007318123117,4646,50.133041164501485,6389,22.53873845672249,6389,30.67772734387228,6389,8.201596493974018,6389,6389,3.1126936922836124,,,,0,0,0
050501,30012,14638,37.928162068505934,30012,53.89177662268426,30012,8.18006130880981,30012,47.59762761562042,30012,11.915233906437425,30012,21.0,27.783719845395176,105.02800929088673,15374,12.48500599760096,30012,22.36438757830201,30012,2.0791683326669332,30012,85.5570668974898,70.3783850624459,15.178681835043898,21.567249407010454,463.6659877800407,17.97758980555861,18206,25.516074450084602,8865,82.46908655763862,10028,85.38089480048367,8270,50.19762845849802,1265,32.227016262860936,3013,25.742385786802032,15760,48.13451776649746,15760,20.393401015228427,15760,5.355329949238579,15760,25.748730964467004,15760,31.97969543147208,15760,14.692822121640111,25.516074450084602,10.823252328444491,8865,9341,-1.7829362044267159,4.44530844997408,6.228244654400796,7716,8044,-0.47106771082497634,5.758508914100486,6.229576624925462,4936,6708,8.674823113207546,13568,48.73968160377358,13568,1.3635023584905661,13568,8.652712264150944,13568,0.39799528301886794,13568,0.7149174528301887,13568,9.072818396226415,13568,72.01719043781897,71.75933387053452,18615,18615,13406,0.3580486349395793,61.61127008584636,61.468192824125026,9086,9086,76.79097877358491,13568,5.726709905660377,13568,9.824587264150944,13568,20.328072972187016,81.93934305803337,61.61127008584636,9529,9086,4.04628537735849,13568,3.4492924528301887,13568,76.10554245283019,13568,1.6288325471698113,13568,4.068396226415095,13568,3.0881485849056602,13568,0.6191037735849056,13568,1.0023584905660377,13568,0.6854363207547169,13568,0.5675117924528302,13568,2.7270047169811322,13568,0.582252358490566,13568,50.27655604424897,30012,9.886045581767293,30012,4.378248700519792,30012,38.65453818472611,30012,11.691989870718379,30012,52.225776356124214,30012,91.62748824647394,29991,59.5912106965423,29991,75.63255439161966,18615,12.847187489580207,29991,0.14004201260378113,29991,4.6976797348268375,26247,3.927000241721054,4137,4.879045737729828,30.17648912700914,31730.0,,,28.55047665607431,8182,46.84502566609631,4.462773071778868,15701,47.24022467055519,18516,8.090300280838195,18516,1.096349103478073,18516,7.053359256858933,18516,36.519766688269605,18516,80.13967230727907,18615,2.105828632822992,18615,0.026860059092130004,18615,0.0,18615,0.005372011818426001,18615,0.0,18615,0.0,18615,0.0,18615,0.0,18615,0.0,18615,,,,,,,,,,,,0,,0,,0,,0,,0,17.188638018936636,1373,,6.072949453804851,27005,91.33493797444918,27005,46.49674248485541,26247,72.64957264957265,3744,2.6908072421726517,29991,14.742014742014742,7326,56.234279554437656,8349,24.170559348424963,8349,23.044676009102886,8349,6.228290813271051,8349,8349,3.5921667265540784,,,,0,0,0
050502,10870,5425,38.518859245630175,10870,50.87396504139834,10870,10.60717571297148,10870,46.93652253909843,10870,14.406623735050598,10870,23.0,29.4,100.36866359447005,5445,12.32750689972401,10870,18.518859245630175,10870,3.1922723091076355,10870,96.56419529837251,75.71428571428571,20.8499095840868,27.537616431812754,363.1396357328708,19.6676322610154,6559,28.777198896720808,3263,84.89384866630375,3674,85.31580634818852,3119,60.727969348659,522,25.73170731707317,820,25.198618307426596,5790,49.27461139896373,5790,17.72020725388601,5790,7.0120898100172715,5790,24.73229706390328,5790,30.75993091537133,5790,18.127927052060613,28.777198896720808,10.649271844660195,3263,3296,-2.047072501617956,5.991735537190083,8.038808038808039,2904,2886,-0.4759952326420045,5.785675529028757,6.261670761670762,1843,2442,13.176934882701161,4561,57.575093181319886,4561,1.118175838631879,4561,7.52028064021048,4561,0.986625739969305,4561,0.8331506248629686,4561,14.163560622670467,4561,67.78795614957201,67.3674725934825,6659,6659,4514,0.6202924235711121,53.962036758059654,53.8113889725821,3319,3319,68.53760140320105,4561,9.778557333918,4561,16.290287217715413,4561,27.564909349724772,81.52694610778443,53.962036758059654,3340,3319,6.20477965358474,4561,5.17430388072791,4561,66.98092523569393,4561,3.4641525981144485,4561,6.20477965358474,4561,3.9684279763209824,4561,1.447051085288314,4561,1.8417013812760359,4561,1.5566761675071257,4561,0.9647007235255426,4561,4.406928305196229,4561,0.6139004604253453,4561,65.44618215271389,10870,4.903403863845446,10870,4.075436982520699,10870,34.360625574977,10870,16.356945722171112,10870,56.5869365225391,10870,94.38450899031812,10845,68.85200553250345,10845,80.80792911848626,6659,18.80129091747349,10845,0.19363762102351315,10845,8.185165702261967,9505,3.832830416415208,1657,4.8843061866480255,29.597122302158276,13900.0,,,34.34049970947124,3442,47.74694944799535,4.5120125348189415,5744,45.72160289243748,6638,15.140102440494125,6638,1.4462187405845135,6638,7.607713166616451,6638,30.08436275986743,6638,87.13019972968914,6659,1.3365370175702058,6659,0.0,6659,0.0,6659,0.0,6659,0.0,6659,0.0,6659,0.0,6659,0.0,6659,0.0,6659,,,,,,,,,,,,0,,0,,0,,0,,0,23.923444976076556,418,,7.24046502141546,9806,89.83275545584335,9806,55.39189900052604,9505,74.40298507462687,1340,4.8962655601659755,10845,12.684824902723735,2570,51.4804469273743,3580,25.921787709497206,3580,28.631284916201118,3580,7.793296089385475,3580,3580,3.0293296089385473,,,,0,0,0
050601,31801,16243,31.93295808307915,31801,59.991824156473065,31801,8.075217760447785,31801,42.14647338134021,31801,11.685167133109022,31801,24.0,29.036728404767146,95.78279874407437,15558,10.263828181503726,31801,26.184711172604636,31801,1.861576679978617,31801,66.68938043820107,53.22884998427508,13.460530453925989,25.288035450516986,395.44392523364485,10.284391534391535,21168,17.266318776892795,10923,88.25113073443895,9286,93.20317266625992,8195,68.69409660107334,1118,26.856991805445414,3783,15.032679738562091,18513,39.383136174580024,18513,35.05104521147302,18513,10.187435855885054,18513,45.23848106735807,18513,50.7859342083941,18513,14.42590882081666,17.266318776892795,2.840409956076135,10923,10245,-2.0708557750074217,9.191214739252628,11.26207051426005,9607,8906,-0.36584141468395703,7.595159059474412,7.961000474158369,7230,8436,12.105514279871857,14671,57.610251516597366,14671,2.2084384159225685,14671,2.8696067071092632,14671,1.3564174221252812,14671,4.246472633085679,14671,13.461931701997138,14671,68.19051173205206,67.80799552176144,21437,21437,14618,0.5609522506498837,53.6558945658061,53.46632966239393,11078,11078,66.73028423420354,14671,7.177424851748347,14671,20.871106264058348,14671,30.078056587780146,83.73395115358625,53.6558945658061,10359,11078,7.16379251584759,14671,3.987458250971304,14671,57.828368891009475,14671,2.153909072319542,14671,4.996251107627292,14671,7.559130256969532,14671,2.20162224797219,14671,1.8471815145525186,14671,8.901915343194057,14671,0.7361461386408561,14671,4.191943289482653,14671,1.260991070819985,14671,72.63293607119273,31801,26.49602213766863,31801,8.112952422879784,31801,31.87635608943115,31801,42.09301594289488,31801,54.9636803874092,31801,97.77164079611465,31503,81.76999015966733,31503,73.76965060409572,21437,18.579182934958574,31503,1.3427292638796304,31503,7.231302625061912,28266,2.897129186602871,5434,4.09101342821072,23.733846110341318,35363.0,,,36.99477444811774,9377,46.70907539724859,6.600249336007372,18449,41.8707928197457,21392,8.93792071802543,21392,1.2715033657442034,21392,6.843679880329095,21392,41.07610321615557,21392,56.7943275644913,21437,0.6157578019312404,21437,0.013994495498437282,21437,0.027988990996874564,21437,0.023324159164062136,21437,0.004664831832812427,21437,0.004664831832812427,21437,0.0,21437,0.0,21437,0.0,21437,,,,,,,,,,,,0,,0,,0,,0,,0,12.421972534332085,1602,,35.37297446705594,28943,62.55398541961787,28943,70.22925068987476,28266,89.3110905159098,3237,2.196616195282989,31503,9.36768149882904,6832,48.592870544090054,9594,22.420262664165104,9594,27.944548676255994,9594,7.29622680842193,9594,9594,3.2836147592245153,,,,0,0,0
050602,10646,5661,32.70712004508736,10646,55.01596843885027,10646,12.276911516062372,10646,42.77662972008266,10646,16.81382678940447,10646,25.0,31.540672553071577,88.05864688217629,4985,9.646815705429269,10646,22.008266015404846,10646,2.8743189930490325,10646,81.7654089124125,59.450230493426666,22.31517841898583,37.535898908673175,266.41162968630454,17.565266742338252,7048,28.493506493506494,3850,89.11439114391143,3252,68.35748792270532,2898,62.10826210826211,351,29.58139534883721,1075,22.556513254187674,6149,42.51097739469832,6149,28.18344446251423,6149,6.570174012034477,6149,34.75361847454871,6149,40.982273540413075,6149,24.08450086498867,28.493506493506494,4.409005628517824,3850,3198,-2.0782399489418424,5.642080517190714,7.720320466132557,3403,2746,-0.6918525711842065,6.515909090909091,7.207761662093297,2200,2551,13.286870503597122,4448,52.45053956834533,4448,1.2814748201438848,4448,13.331834532374101,4448,0.9442446043165468,4448,0.3147482014388489,4448,14.231115107913668,4448,62.39136529296327,61.92879170171012,7134,7134,4451,0.7414064255223545,49.178222907036464,48.89573703133025,3894,3894,60.18435251798561,4448,14.051258992805755,4448,20.008992805755394,4448,29.093382031235144,78.27160493827161,49.178222907036464,3240,3894,5.777877697841727,4448,4.114208633093525,4448,59.757194244604314,4448,3.102517985611511,4448,10.948741007194245,4448,8.318345323741006,4448,1.5512589928057554,4448,2.5629496402877696,4448,0.427158273381295,4448,0.966726618705036,4448,3.439748201438849,4448,0.9892086330935251,4448,79.83280105203832,10646,11.966935938380612,10646,6.049220364456134,10646,39.58294195002818,10646,35.69415743002067,10646,62.83111027616006,10646,98.2943837165473,10612,85.84621183565774,10612,86.76759181384918,7134,15.520165849981153,10612,1.3852242744063326,10612,5.643058308125587,9587,2.8039757040309223,1811,4.108964684575913,24.313176695882742,13577.0,,,38.16300129366106,3092,52.29366106080207,5.324698598892147,6138,47.911686120095624,7111,5.245394459288426,7111,1.0125158205596962,7111,9.225144142877232,7111,36.60525945717902,7111,91.51948416035884,7134,0.5747126436781609,7134,0.0,7134,0.0,7134,0.014017381553125876,7134,0.014017381553125876,7134,0.0,7134,0.0,7134,0.0,7134,0.0,7134,,,,,,,,,,,,0,,0,,0,,0,,0,11.797752808988765,534,,15.667921456913216,9829,82.74493844745142,9829,73.15114217169084,9587,89.46341463414635,1025,2.2144741801733887,10612,9.014084507042254,2485,46.77115987460815,3190,32.82131661442006,3190,26.771159874608152,3190,11.003134796238244,3190,3190,3.3266457680250783,,,,0,0,0
050701,19611,9656,37.504461781653156,19611,55.00994339911274,19611,7.4855948192341035,19611,47.0909183621437,19611,10.993829993371067,19611,22.0,27.462138595686095,103.09652029826015,9955,13.084493396563154,19611,22.716842588343276,19611,1.7337208709397787,19611,81.7853170189099,68.17760474601408,13.60771227289581,19.959211420802177,501.0217983651226,15.476389120640748,11986,24.71023013606585,5953,79.64912280701755,6270,83.48017621145374,4994,40.8138101109741,811,25.554484088717455,2074,21.845357861454442,10437,52.06476956979975,10437,17.533774073009486,10437,8.192009198045415,10437,25.7257832710549,10437,31.532049439494106,10437,18.345237595041482,24.71023013606585,6.364992541024366,5953,6033,-2.843595578399033,6.772527262291946,9.616122840690979,5227,5210,-0.6539241151005859,5.761904761904762,6.415828877005348,3444,4675,8.784258608573436,9961,54.773617106716195,9961,1.3452464611986747,9961,10.069270153599037,9961,0.7127798413813874,9961,0.14054813773717498,9961,9.497038449954823,9961,79.96898212390825,79.7322667537344,12251,12251,9797,0.2960089823415331,73.29294252497134,73.22744391681677,6107,6107,79.47997189037245,9961,5.4412207609677745,9961,10.832245758457987,9961,13.311875183361991,86.60481770833333,73.29294252497134,6144,6107,4.768597530368437,9961,3.262724626041562,9961,79.16875815681156,9961,1.4757554462403373,9961,3.965465314727437,9961,2.6101797008332497,9961,0.783053910249975,9961,0.8031322156409999,9961,0.31121373356088744,9961,1.1444634072884248,9961,3.1522939463909245,9961,0.5923100090352375,9961,45.96399979603284,19611,12.079955127224517,19611,5.81816327571261,19611,34.54693794299118,19611,19.8867982254857,19611,62.10800061190148,19611,96.81203774547309,19605,74.06273909716909,19605,76.37743857644274,12251,19.78066819688855,19605,0.1326192297883193,19605,7.429577464788732,17040,3.632785763175907,2922,4.616194158075602,29.145563684111796,21324.0,,,28.848571941799893,5567,45.494341656188254,4.782575247619963,10399,49.76564427267495,12161,5.476523312227613,12161,0.9785379491818107,12161,7.99276375298084,12161,35.78653071293479,12161,63.529507795282015,12251,25.361195004489428,12251,0.00816259897151253,12251,0.00816259897151253,12251,0.0,12251,0.0,12251,0.0,12251,0.0,12251,0.0,12251,0.0,12251,,,,,,,,,,,,0,,0,,0,,0,,0,11.751412429378531,885,,9.563586771224003,17598,88.58392999204455,17598,65.5868544600939,17040,88.73294346978558,2565,3.856159143075746,19605,15.364412344057781,4569,56.26873567272086,5671,21.583494974431318,5671,23.399753129959443,5671,5.907247399047787,5671,5671,3.4570622465173693,,,,0,0,0
050702,8704,4118,36.12132352941177,8704,55.45726102941177,8704,8.421415441176471,8704,45.013786764705884,8704,12.097886029411764,8704,24.0,29.053768382352942,111.36474016512871,4586,11.707261029411764,8704,20.381433823529413,8704,1.953125,8704,80.31903874041848,65.1336233685519,15.185415371866585,23.314249363867685,428.92223738062756,12.834516657564173,5493,23.091750192752507,2594,87.05673758865248,2820,83.13645621181263,2455,59.898477157360404,394,23.505434782608695,736,18.119834710743802,4840,52.52066115702479,4840,22.376033057851238,4840,6.425619834710743,4840,28.801652892561982,4840,35.12396694214876,4840,19.4353169399067,23.091750192752507,3.656433252845809,2594,2899,-2.213449257070206,5.256241787122208,7.469691044192413,2283,2557,-1.058399231298612,5.500645994832041,6.559045226130653,1548,2388,8.567112645662494,4634,64.06991799741044,4634,0.7121277514026759,4634,8.221838584376348,4634,0.4747518342684506,4634,0.5826499784203711,4634,9.041864479930945,4634,82.31378193594819,82.09787693414897,5558,5558,4575,0.26229508196721313,76.85290763968072,76.81489927784112,2631,2631,80.31937850668969,4634,7.682347863616746,4634,9.214501510574019,4634,10.369504386284433,87.22241202596516,76.85290763968072,2927,2631,4.40224428139836,4634,2.719033232628399,4634,79.45619335347432,4634,1.4242555028053518,4634,6.23651273198101,4634,2.8700906344410875,4634,0.8416055243849806,4634,0.5394907207596029,4634,0.8631851532153647,4634,0.38843331894691413,4634,3.085886922744929,4634,0.6905481225722918,4634,57.49080882352941,8704,6.801470588235294,8704,2.7458639705882355,8704,43.807444852941174,8704,19.16360294117647,8704,64.9126838235294,8704,98.28755315480979,8701,80.69187449718423,8701,89.56459157970492,5558,17.75657970348236,8701,0.011492931846914148,8701,7.327866718729663,7683,3.960587326120556,1294,5.002263467632413,32.386932386932386,10989.0,,,26.566507878343717,2729,46.60681568340051,5.017244961562435,4813,60.99524332235639,5466,2.872301500182949,5466,0.6586169045005489,5466,10.025612879619466,5466,25.44822539334065,5466,27.29399064411659,5558,67.83015473191796,5558,0.0,5558,0.0,5558,0.0,5558,0.0,5558,0.0,5558,0.0,5558,0.0,5558,0.0,5558,,,,,,,,,,,,0,,0,,0,,0,,0,11.911357340720222,361,,6.511569098495385,7909,90.5424200278164,7909,81.62176233242224,7683,93.61493123772102,1018,5.585564877600276,8701,10.35,2000,50.5971769815418,2763,21.932681867535287,2763,29.134998190372784,2763,7.419471588852696,2763,2763,3.1491132826637713,,,,0,0,0
050801,44814,23142,31.67983219529611,44814,59.7335654036685,44814,8.58660240103539,44814,43.14053643950551,44814,12.15468380416834,44814,24.0,29.10048199223457,93.64791288566244,21672,11.108135850403892,44814,26.580979158298746,44814,2.151113491319677,44814,67.41006387986103,53.035227315178005,14.37483656468303,27.104317813622597,368.94490644490645,7.54363045590058,29853,12.547600913937547,15756,90.07691147639873,13262,84.8987108655617,11946,68.16588785046729,1712,30.22319795096963,5466,10.933468845281839,25582,31.209444140411225,25582,36.748495035571885,25582,20.34633726839184,25582,57.09483230396373,25582,61.38300367445861,25582,10.596831246632446,12.547600913937547,1.9507696673051005,15756,14097,-3.2767511860034872,18.825674690007293,22.10242587601078,13710,11872,-0.3368622074810954,9.089390438955038,9.426252646436133,11254,11336,27.325369085502633,19169,44.0972403359591,19169,2.2379884188011894,19169,3.5839115238144923,19169,1.241587980593667,19169,0.6051437216338881,19169,28.5669570660963,19169,63.195406850128684,62.53877120042236,30306,30306,19152,1.0390559732664997,52.59319286871961,52.082034659020074,16042,16042,36.21993844227659,19169,13.573999686994627,19169,42.68349940007303,19169,22.525988286636533,75.11918115535615,52.59319286871961,14264,16042,13.866138035369607,19169,5.774949136626845,19169,29.130366737962333,19169,4.361208200740779,19169,9.004121237414576,19169,15.999791329751162,19169,4.309040638530962,19169,4.366424956961761,19169,7.089571704314257,19169,2.217121393917262,19169,6.354009077155824,19169,2.3162397621159165,19169,54.25759807203106,44814,33.91350917124113,44814,13.399830410139689,44814,16.805016289552373,44814,38.34292854911411,44814,36.729593430624355,44814,98.07458725088848,44458,78.27162715371811,44458,77.72388305946018,30306,33.795942237617524,44458,1.3698322011786406,44458,14.100551870791353,39502,2.411831240809863,8841,3.6826259362608313,21.75677576195929,49773.0,,,39.44499504459861,13117,46.98139818556072,8.190766927955252,25387,32.78949991692972,30095,12.377471340754278,30095,1.8541285927895,30095,6.622362518690813,30095,46.35653763083569,30095,7.734442024681581,30306,1.0756945819309707,30306,0.06269385600211179,30306,0.03629644294859104,30306,0.04619547284366132,30306,0.03629644294859104,30306,0.016498383158450473,30306,0.0,30306,0.0032996766316900944,30306,0.0,30306,,,,,,,,,,,,0,,0,,0,,0,,0,12.479740680713128,2468,,77.41100483187063,40564,21.075337737895673,40564,43.27628980811098,39502,90.8999192897498,4956,3.526924288092132,44458,9.537337662337663,9856,52.272050059594754,13424,23.25685339690107,13424,25.052145411203814,13424,6.667163289630513,13424,13424,3.311829558998808,,,,0,0,0
050802,11234,5450,36.32722093644294,11234,59.684885170019584,11234,3.9878938935374757,11234,46.50169129428521,11234,5.9462346448282,11234,22.0,25.35000890154887,106.12844036697248,5784,13.156489229125867,11234,26.152750578600678,11234,0.9257610824283425,11234,67.54660700969426,60.86502609992543,6.6815809097688295,10.977701543739279,910.9375,3.84230824167976,7001,6.795252225519288,3370,91.91196698762036,3635,89.43430110745285,3341,67.984934086629,531,25.09992006394884,1251,6.258278145695364,6040,27.301324503311257,6040,46.29139072847682,6040,19.5364238410596,6040,65.82781456953643,6040,70.62913907284768,6040,5.693627328796622,6.795252225519288,1.1016248967226658,3370,3631,2.523918143527748,20.847691247415575,18.323773103887827,2902,3138,-0.34681229216832854,9.480311890838207,9.827124183006536,2565,3060,27.86102062975027,4605,26.471226927252985,4605,6.883821932681868,4605,1.737242128121607,4605,1.0857763300760044,4605,19.8914223669924,4605,28.946796959826276,4605,64.48271034579308,64.11871762564749,7143,7143,4606,0.5644811115935736,46.37976155859261,46.030822913637685,3439,3439,50.11943539630836,4605,7.861020629750271,4605,35.4614549402823,4605,34.91073520166656,81.29049676025917,46.37976155859261,3704,3439,13.355048859934854,4605,5.03800217155266,4605,7.361563517915309,4605,3.1704668838219328,4605,4.386536373507058,4605,13.507057546145495,4605,2.3018458197611293,4605,3.952225841476656,4605,42.757871878393054,4605,1.8241042345276872,4605,6.3409337676438655,4605,3.0836047774158524,4605,37.475520740608864,11234,68.60423713726189,11234,10.058750222538722,11234,14.491721559551362,11234,43.653195656044154,11234,48.31760726366388,11234,99.01095963646084,11223,79.44399893076718,11223,52.820943581128375,7143,53.684398111022006,11223,0.40096230954290296,11223,21.865380668992408,9746,2.7133182844243793,2215,3.4869655891553704,21.648450817206456,9973.0,,,31.10481586402266,3530,41.43909348441926,9.030984507746126,6003,38.890453393410304,7102,14.545198535623769,7102,2.013517319065052,7102,4.843705998310335,7102,39.70712475359054,7102,45.06509869802604,7143,3.0799384012319755,7143,0.041999160016799666,7143,0.027999440011199778,7143,0.08399832003359933,7143,0.0,7143,0.0,7143,0.0,7143,0.0,7143,0.0,7143,,,,,,,,,,,,0,,0,,0,,0,,0,14.568345323741006,556,,77.35867735867735,10101,21.532521532521532,10101,50.66694028319311,9746,95.32836831415031,1477,4.6333422436068785,11223,6.487523992322457,2605,54.540466392318244,3645,10.919067215363512,3645,29.9039780521262,3645,4.279835390946502,3645,3645,3.079012345679012,,,,0,0,0
050901,12997,5894,31.345695160421634,12997,61.45264291759637,12997,7.201661921981996,12997,41.094098638147265,12997,9.886896976225282,12997,25.0,28.252135108101868,120.51238547675602,7103,10.548588135723628,12997,27.213972455181967,12997,1.8542740632453643,12997,62.726931263302866,51.00788781770377,11.719043445599098,22.97496318114875,435.2564102564103,4.2147344374643065,8755,7.784272051009564,3764,89.30939226519337,3620,92.73120940303124,3233,60.645161290322584,465,19.537431527693244,1643,5.833010711059492,7749,29.758678539166343,7749,42.37966189185701,7749,21.796360820751065,7749,64.17602271260807,7749,69.89288940508453,7749,6.261531117328939,7.784272051009564,1.522740933680625,3764,4991,-12.681771202838892,14.523449319213313,27.205220522052205,3305,4444,-1.9861036899587035,8.341677943166442,10.327781633125145,2956,4323,42.97440849831,6213,37.083534524384355,6213,2.8166747143087076,6213,2.156768066956382,6213,0.5311443746982134,6213,0.7886689200064381,6213,43.505552873008206,6213,70.46227056424202,69.9524133242692,8826,8826,6219,0.723589001447178,55.327545382794,55.064456721915285,3801,3801,58.55464348945759,6213,10.091743119266056,6213,23.515210043457266,6213,26.582902378400036,81.91044776119404,55.327545382794,5025,3801,13.89023016256237,6213,4.860775792692741,6213,33.68742958313214,6213,2.0119105102205053,6213,7.693545791083213,6213,6.244970223724449,6213,5.955255110252696,6213,2.7683888620634156,6213,24.867213906325446,6213,1.4324802832769998,6213,2.639626589409303,6213,1.1749557379687752,6213,59.25982919135185,12997,31.761175655920596,12997,15.311225667461722,12997,18.888974378702777,12997,49.065168885127335,12997,53.443102254366394,12997,98.72690575997515,12882,83.27123117528335,12882,71.70858826195332,8826,39.74538115199503,12882,0.8927185219686384,12882,26.0914851141394,11521,2.7728888888888887,2250,3.9735532047293094,23.18634423897582,12654.0,,,33.760292772186645,3279,44.78774016468436,8.898590091838054,7731,38.53608482499145,8771,14.274313077186182,8771,1.4593546915973092,8771,3.796602439858625,8771,41.93364496636644,8771,71.45932472241105,8826,5.1778835259460685,8826,0.06798096532970768,8826,0.022660321776569226,8826,0.04532064355313845,8826,0.0,8826,0.0,8826,0.0,8826,0.0,8826,0.0,8826,,,,,,,,,,,,0,,0,,0,,0,,0,20.246478873239436,568,,51.96950444726811,11805,45.963574756459124,11805,69.1780227410815,11521,91.4033798677443,1361,11.131811830461109,12882,8.41944125526215,2613,53.8505912892991,3467,20.997980963368907,3467,24.689933660224977,3467,5.7975194692817995,3467,3467,3.715604268820306,,,,0,0,0
050902,1060,492,25.0,1060,63.58490566037736,1060,11.415094339622641,1060,33.679245283018865,1060,14.716981132075471,1060,30.0,32.887735849056604,115.44715447154472,568,7.830188679245283,1060,24.339622641509433,1060,2.7358490566037736,1060,57.27002967359051,39.317507418397625,17.95252225519288,45.660377358490564,219.0082644628099,2.7434842249657065,729,5.487804878048781,328,91.0204081632653,245,94.17040358744394,223,72.72727272727273,33,16.666666666666668,96,3.9634146341463414,656,22.5609756097561,656,52.13414634146341,656,21.341463414634145,656,73.47560975609755,656,77.4390243902439,656,4.989051760841798,5.487804878048781,0.49875311720698257,328,401,-10.57057057057057,15.54054054054054,26.11111111111111,296,360,-1.0206851971557853,9.626373626373626,10.647058823529411,273,357,18.38487972508591,582,63.402061855670105,582,0.6872852233676976,582,1.2027491408934707,582,0.3436426116838488,582,0.3436426116838488,582,18.72852233676976,582,79.37584803256445,78.561736770692,737,737,585,1.0256410256410255,71.08433734939759,70.48192771084338,332,332,64.60481099656357,582,8.075601374570446,582,23.195876288659793,582,15.088502156775249,86.17283950617283,71.08433734939759,405,332,10.137457044673539,582,4.123711340206185,582,63.05841924398626,582,1.5463917525773196,582,6.529209621993127,582,5.841924398625429,582,6.357388316151202,582,2.2336769759450172,582,1.5463917525773196,582,2.2336769759450172,582,4.29553264604811,582,0.8591065292096219,582,72.83018867924528,1060,17.830188679245282,1060,6.132075471698113,1060,27.641509433962263,1060,47.16981132075472,1060,59.43396226415094,1060,96.87184661957619,991,88.19374369323916,991,59.15875169606513,737,32.694248234106965,991,3.5317860746720484,991,13.472070098576122,913,1.9848484848484849,198,3.639344262295082,21.261261261261268,1110.0,,,34.15977961432507,363,48.52066115702479,9.769817073170731,656,30.261348005502064,727,14.99312242090784,727,1.7881705639614855,727,6.6024759284731775,727,46.354883081155435,727,58.34464043419268,737,4.884667571234735,737,0.0,737,0.0,737,0.0,737,0.0,737,0.13568521031207598,737,0.0,737,0.0,737,0.0,737,,,,,,,,,,,,0,,0,,0,,0,,0,10.256410256410257,39,,90.74273412271259,929,8.396124865446717,929,34.17305585980285,913,78.2051282051282,78,3.834510595358224,991,6.951871657754011,187,37.634408602150536,372,23.387096774193548,372,35.215053763440864,372,8.333333333333334,372,372,2.663978494623656,,,,0,0,0
051001,3371,1552,35.21210323346188,3371,58.61762088401068,3371,6.17027588252744,3371,45.446455057846336,3371,9.136754672204093,3371,22.0,26.51854049243548,117.20360824742268,1819,13.02284188668051,3371,27.558587956096115,3371,1.8095520617027587,3371,70.59716599190283,60.07085020242915,10.526315789473685,17.523167649536646,570.6730769230769,4.875761837787154,2133,8.93970893970894,962,86.97813121272365,1006,87.54285714285714,875,67.58620689655173,145,14.655172413793103,464,8.616047388260636,1857,39.364566505115775,1857,39.041464728056006,1857,12.49326871297792,1857,51.53473344103393,1857,57.458266020463114,1857,7.402561202731997,8.93970893970894,1.5371477369769428,962,1171,-4.560623827392121,9.975961538461538,14.536585365853659,832,1025,-1.403227085487054,7.246110325318246,8.6493374108053,707,981,33.68560105680317,1514,39.101717305151915,1514,2.5759577278731838,1514,4.425363276089828,1514,1.5852047556142668,1514,0.5944517833553501,1514,35.270805812417436,1514,69.93524514338576,69.56521739130434,2162,2162,1512,0.5291005291005291,58.40978593272171,58.40978593272171,981,981,43.26287978863937,1514,18.031704095112286,1514,30.25099075297226,1514,21.09910483781173,79.50889077053344,58.40978593272171,1181,981,12.74768824306473,1514,6.869220607661823,1514,34.34610303830912,1514,4.887714663143989,1514,12.813738441215323,1514,4.953764861294584,1514,4.425363276089828,1514,4.359313077939234,1514,8.916776750330252,1514,1.7173051519154559,1514,4.0290620871862615,1514,1.6512549537648613,1514,67.9916938593889,3371,19.96440225452388,3371,9.819044793829724,3371,15.722337585286265,3371,26.22367250074162,3371,45.891426876297835,3371,98.11884144520752,3349,75.84353538369663,3349,67.06753006475486,2162,25.61958793669752,3349,1.6721409375933114,3349,13.951890034364261,2910,3.2763385146804835,579,4.440049443757726,26.048071548351036,3578.0,,,31.971995332555426,857,44.10151691948658,7.315476190476191,1848,35.0,2160,15.601851851851851,2160,1.3888888888888888,2160,3.7037037037037037,2160,44.30555555555556,2160,65.35615171137836,2162,1.8501387604070305,2162,0.0,2162,0.0,2162,0.7400555041628122,2162,0.0,2162,0.0,2162,0.0,2162,0.0,2162,0.0,2162,,,,,,,,,,,,0,,0,,0,,0,,0,17.197452229299362,157,,47.781114447781114,2997,48.748748748748746,2997,57.31958762886598,2910,90.20501138952164,439,4.896984174380412,3349,7.670454545454546,704,56.16438356164384,949,18.229715489989463,949,21.390937829293993,949,5.690200210748156,949,949,3.528977871443625,,,,0,0,0
051002,1180,593,32.71186440677966,1180,59.74576271186441,1180,7.5423728813559325,1180,41.52542372881356,1180,10.508474576271187,1180,24.0,27.87372881355932,98.98819561551433,587,13.220338983050848,1180,27.203389830508474,1180,1.5254237288135593,1180,67.37588652482269,54.751773049645394,12.624113475177305,23.05699481865285,433.70786516853934,4.342273307790549,783,7.0,400,85.66775244299674,307,93.5361216730038,263,58.97435897435897,39,23.529411764705884,153,9.090909090909092,693,37.95093795093795,693,43.57864357864358,693,9.090909090909092,693,52.66955266955267,693,60.60606060606061,693,5.433420365535248,7.0,1.566579634464752,400,383,-5.037649097088025,6.590257879656161,11.627906976744185,349,344,-1.2159719960924784,7.202702702702703,8.418674698795181,296,332,23.05699481865285,386,55.69948186528497,386,1.0362694300518134,386,5.699481865284974,386,0.0,386,0.0,386,23.05699481865285,386,52.51889168765743,48.614609571788414,794,794,417,7.434052757793765,27.40740740740741,26.666666666666668,405,405,62.69430051813472,386,10.362694300518134,386,23.316062176165804,386,51.25583166714273,78.66323907455013,27.40740740740741,389,405,11.139896373056995,386,1.8134715025906736,386,57.25388601036269,386,0.7772020725388601,386,9.585492227979275,386,6.7357512953367875,386,3.1088082901554404,386,0.0,386,5.4404145077720205,386,0.5181347150259067,386,8.290155440414507,386,2.5906735751295336,386,76.69491525423729,1180,10.847457627118644,1180,1.8644067796610169,1180,35.847457627118644,1180,32.88135593220339,1180,52.20338983050848,1180,93.8135593220339,1180,72.11864406779661,1180,85.64231738035265,794,11.186440677966102,1180,4.915254237288136,1180,0.29296875,1024,1.9080882352941178,272,2.8502673796791442,20.46948356807512,1065.0,,,33.61344537815126,357,44.50140056022409,7.1302460202604925,691,32.61421319796954,788,14.34010152284264,788,2.5380710659898478,788,6.218274111675127,788,44.28934010152284,788,91.68765743073048,794,0.6297229219143576,794,0.0,794,0.0,794,0.0,794,0.0,794,0.0,794,0.0,794,0.0,794,0.0,794,,,,,,,,,,,,0,,0,,0,,0,,0,18.333333333333332,60,,37.79677113010446,1053,59.54415954415954,1053,74.609375,1024,81.41025641025641,156,0.0847457627118644,1180,8.474576271186441,236,51.666666666666664,360,20.833333333333332,360,26.666666666666668,360,6.388888888888889,360,360,3.2777777777777777,,,,0,0,0
051003,2284,1167,35.6830122591944,2284,56.523642732049034,2284,7.793345008756567,2284,45.27145359019264,2284,9.982486865148863,2284,23.0,27.24956217162872,95.71550985432734,1117,12.215411558669002,2284,24.69352014010508,2284,1.5323992994746058,2284,76.91711851278079,63.129357087529044,13.787761425251743,21.84049079754601,457.86516853932585,7.561837455830389,1415,11.511789181692095,721,84.75073313782991,682,93.59861591695501,578,60.638297872340424,94,19.696969696969695,264,10.780370072405471,1243,40.627514078841514,1243,43.76508447304907,1243,4.666130329847144,1243,48.43121480289622,1243,52.292839903459374,1243,8.053575925207944,11.511789181692095,3.4582132564841497,721,694,-2.426125916142232,3.4755134281200633,5.901639344262295,633,610,-0.757694547881913,6.741444866920152,7.499139414802065,526,581,23.431372549019606,1020,52.84313725490196,1020,1.0784313725490196,1020,2.9411764705882355,1020,1.1764705882352942,1020,0.19607843137254902,1020,24.607843137254903,1020,71.34831460674157,70.8567415730337,1424,1424,1016,0.6889763779527559,58.97790055248619,58.70165745856354,724,724,56.1764705882353,1020,20.686274509803923,1020,18.627450980392158,1020,25.16495659037095,84.14285714285714,58.97790055248619,700,724,5.098039215686274,1020,4.019607843137255,1020,48.8235294117647,1020,3.627450980392157,1020,17.058823529411764,1020,6.372549019607843,1020,2.156862745098039,1020,1.1764705882352942,1020,7.352941176470588,1020,0.39215686274509803,1020,3.7254901960784315,1020,2.2549019607843137,1020,72.8108581436077,2284,10.288966725043784,2284,2.626970227670753,2284,44.04553415061296,2284,36.42732049036778,2284,65.71803852889667,2284,97.70992366412214,2227,82.80197575213292,2227,60.1123595505618,1424,14.773237539290525,2227,1.7512348450830715,2227,5.122950819672131,1952,3.1226415094339623,424,4.088285229202038,22.48545303408146,2406.0,,,39.76435935198822,679,43.8939617083947,6.3682514101531025,1241,40.29535864978903,1422,14.908579465541491,1422,1.4767932489451476,1422,4.781997187060478,1422,38.53727144866385,1422,31.320224719101123,1424,0.6320224719101124,1424,0.0,1424,0.0,1424,0.0,1424,0.0,1424,0.0,1424,0.0,1424,0.0,1424,0.0,1424,,,,,,,,,,,,0,,0,,0,,0,,0,19.444444444444443,108,,43.26732673267327,2020,53.76237623762376,2020,65.98360655737704,1952,88.0,275,1.3920071845532107,2227,8.108108108108109,481,50.77138849929874,713,19.775596072931275,713,32.67882187938289,713,8.274894810659186,713,713,3.1234221598877983,,,,0,0,0
051101,21917,11432,31.550850937628326,21917,56.39457955012091,21917,12.054569512250763,21917,41.59784642058676,21917,16.621800428890815,21917,25.0,31.657526121275723,91.71623512946117,10485,10.156499520919834,21917,23.03691198612949,21917,3.0980517406579366,21917,77.3220064724919,55.94660194174757,21.375404530744337,38.20679681851048,261.7335352006056,14.495425372115253,14646,22.542242703533027,7812,87.87404041986527,6383,82.86682118024603,5609,56.31720430107527,744,30.993897122929383,2294,21.583632672184912,12806,40.33265656723411,12806,29.408089957832267,12806,8.41012025612994,12806,37.8182102139622,12806,44.12775261596127,12806,17.245198512722375,22.542242703533027,5.297044190810652,7812,6834,-3.679238320261806,6.715877840497901,10.395116160759708,6909,5897,-0.9123460280017026,6.815028901734104,7.727374929735807,4671,5337,9.696845973257119,9797,64.48912932530367,9797,1.7352250688986424,9797,5.154639175257732,9797,0.6124323772583444,9797,0.46953148923139737,9797,10.309278350515465,9797,65.88227361607444,65.36309082327557,14831,14831,9771,0.7880462593388599,54.81631107183436,54.57644236838783,7921,7921,71.37899356946004,9797,8.92109829539655,9797,14.586097785036236,9797,23.75098270530023,78.5672937771346,54.81631107183436,6910,7921,5.72624272736552,9797,3.929774420741043,9797,70.85842604879045,9797,2.09247728896601,9797,6.7877921812799835,9797,5.144431968970093,9797,1.5821169745840564,9797,0.7247116464223742,9797,0.5205675206695928,9797,0.5716035521077881,9797,3.63376543839951,9797,0.8063692967234868,9797,80.31208650818999,21917,10.544326322033125,21917,6.332983528767623,21917,30.090797098142993,21917,39.57202171830086,21917,51.234201761189944,21917,97.86714575271789,21708,82.68840980283767,21708,83.60865754163576,14831,11.949511700755481,21708,1.5892758430071863,21708,4.680851063829787,19505,2.9631990727325412,3451,4.397159800249688,24.56535737282679,27954.0,,,40.691450889628236,6913,51.38810935917836,5.7074068274350145,12772,45.667162363120184,14794,6.664864134108423,14794,1.108557523320265,14794,9.76747329998648,14794,36.79194267946465,14794,85.7730429505765,14831,0.28993324792664016,14831,0.0067426336727125615,14831,0.0,14831,0.0067426336727125615,14831,0.0,14831,0.0,14831,0.0,14831,0.0,14831,0.0,14831,,,,,,,,,,,,0,,0,,0,,0,,0,12.837209302325581,1075,,13.580679033951698,19999,84.14420721036052,19999,71.75596001025379,19505,88.60644575578756,2203,3.2430440390639395,21708,8.32641196013289,4816,45.046309289924224,7126,30.788661240527645,7126,31.181588548975583,7126,11.451024417625597,7126,7126,3.046309289924221,,,,0,0,0
051102,12067,6151,29.85829120742521,12067,60.96792906273308,12067,9.173779729841717,12067,39.99337034888539,12067,13.259302229220188,12067,26.0,30.567829617966353,96.17948301089254,5916,9.521836413358747,12067,25.482721471782547,12067,1.947460014916715,12067,64.02066059535137,48.97376648090254,15.046894114448824,30.724396336386345,325.47425474254743,8.207501217730151,8212,13.384903891233005,4266,89.29736139934776,3373,79.9468791500664,3012,60.89238845144357,381,31.85131195335277,1372,12.308762169680111,7190,41.404728789986095,7190,32.04450625869263,7190,13.852573018080667,7190,45.8970792767733,7190,52.280945757997216,7190,10.774665675318154,13.384903891233005,2.6102382159148503,4266,3946,-4.411957193999815,11.749069643806486,16.1610268378063,3762,3428,-1.0086124204438063,7.344907407407407,8.353519827851214,3024,3253,17.24203338391502,5272,48.95675265553869,5272,1.896813353566009,5272,5.804248861911988,5272,1.9726858877086495,5272,0.625948406676783,5272,19.21471927162367,5272,63.610177628420544,62.85405664906385,8332,8332,5300,1.1886792452830188,51.232434922828844,50.93296475466482,4341,4341,54.19195751138088,5272,12.784522003034901,5272,26.232928679817906,5272,25.84098026133553,77.07341518416438,51.232434922828844,3991,4341,8.32701062215478,5272,4.950682852807284,5272,49.86722306525038,5272,4.514415781487101,5272,8.19423368740516,5272,10.41350531107739,5272,3.528072837632777,5272,1.7450682852807284,5272,4.324734446130501,5272,0.7966616084977238,5272,5.140364188163884,5272,1.2139605462822458,5272,74.00348056683517,12067,15.024446838485124,12067,8.10474848761084,12067,24.703737465815863,12067,40.20054694621695,12067,52.440540316565844,12067,98.17160110710391,11923,86.99152897760631,11923,83.28132501200191,8332,25.37951857753921,11923,1.7613016858173278,11923,9.414711065763845,10781,2.8024813895781637,2015,4.168337264150943,23.212376131745916,14027.0,,,38.66171003717472,3497,49.22647983986274,6.876570790282044,7162,46.733365477338474,8296,6.726133076181292,8296,1.3862102217936354,8296,7.82304725168756,8296,37.33124397299903,8296,85.8137301968315,8332,0.7561209793566971,8332,0.02400384061449832,8332,0.01200192030724916,8332,0.01200192030724916,8332,0.0,8332,0.0,8332,0.0,8332,0.0,8332,0.0,8332,,,,,,,,,,,,0,,0,,0,,0,,0,8.877721943048575,597,,23.608462725869426,11013,73.96712975574322,11013,73.57387997402839,10781,90.3677758318739,1142,5.40971232072465,11923,8.226120857699804,2565,46.29784856105057,3579,25.81726739312657,3579,26.20843811120425,3579,7.767532830399553,3579,3579,3.3313774797429447,,,,0,0,0
051103,15812,7851,40.810776625347835,15812,52.232481659499115,15812,6.956741715153048,15812,50.992916772071844,15812,10.055653933721224,15812,19.0,26.427776372375412,101.40109540185964,7961,13.192512016190236,15812,21.742980015178347,15812,2.074373893245636,15812,91.45174960648988,78.13294587722484,13.318803729265044,17.046335037966838,586.6363636363636,18.62969004893964,9195,27.44972186563971,4674,81.24236607921829,5731,91.83848797250859,4656,45.99708879184862,687,28.62957937584803,1474,28.102564102564102,7800,47.205128205128204,7800,21.012820512820515,7800,3.6538461538461537,7800,24.666666666666668,7800,31.512820512820515,7800,17.938551770528008,27.44972186563971,9.511170095111702,4674,4521,-1.2643228752126938,3.0356246864024086,4.299947561615102,3986,3814,-0.36735560723423344,5.758071278825996,6.12542688606023,2385,3221,10.569230769230769,6500,49.215384615384615,6500,1.0615384615384615,6500,17.076923076923077,6500,0.9538461538461539,6500,0.2,6500,11.523076923076923,6500,68.86458668382116,68.32850863085665,9327,9327,6423,0.7784524365561264,55.202190395956194,54.844144903117105,4748,4748,78.50769230769231,6500,7.076923076923077,6500,9.323076923076924,6500,27.82903913014121,83.0312295260974,55.202190395956194,4579,4748,2.3384615384615386,6500,4.553846153846154,6500,74.98461538461538,6500,3.5076923076923077,6500,3.5692307692307694,6500,2.923076923076923,6500,1.0307692307692307,6500,1.1384615384615384,6500,3.523076923076923,6500,0.3384615384615385,6500,1.323076923076923,6500,0.7076923076923077,6500,70.79433341765747,15812,8.019225904376423,15812,7.506956741715153,15812,35.928408803440426,15812,40.56412850999241,15812,53.58588413862889,15812,95.17980592376483,15767,63.48068751189193,15767,84.5287873914442,9327,10.255597133252996,15767,0.5834971776495211,15767,3.7910883856829805,13690,3.9095701540957015,2466,5.035882661079099,24.318801089918253,19084.0,,,26.311626680727656,3793,47.10572106511996,4.283790715568094,7798,44.57351833924922,9297,9.46541895235022,9297,0.7636872109282564,9297,6.550500161342368,9297,38.64687533612994,9297,91.63718237375362,9327,0.13938029377077302,9327,0.010721561059290233,9327,0.0,9327,0.042886244237160934,9327,0.0,9327,0.0,9327,0.0,9327,0.0,9327,0.0,9327,,,,,,,,,,,,0,,0,,0,,0,,0,16.39344262295082,793,,5.861531926943226,14126,92.08551606965878,14126,56.077428780131484,13690,83.10062590274434,2077,2.892116445741105,15767,16.583982990786676,4233,63.62229102167183,3876,22.8328173374613,3876,16.976264189886482,3876,4.514963880288958,3876,3876,4.067853457172343,,,,0,0,0
051201,29672,15168,33.81302237799946,29672,59.42639525478565,29672,6.760582367214883,29672,44.17632785117282,29672,9.510649770827717,29672,23.0,27.30847263413319,95.62236286919831,14504,12.193313561606901,29672,27.07266109463467,29672,1.8535993529253167,29672,68.2753927295412,56.89899620030624,11.376396529234958,19.994019734874914,500.1495513459621,4.361176164454853,19215,6.954340190667335,9965,90.04060455673358,8866,94.87661280220469,7983,59.34618608549874,1193,25.717533390167663,3519,6.344918662584789,16659,27.36058586949997,16659,41.62314664745783,16659,24.089080977249534,16659,65.71222762470737,16659,70.4364007443424,16659,5.386772623099768,6.954340190667335,1.5675675675675675,9965,9250,-3.766228565557583,22.296058661778186,26.06228722733577,8728,7931,-0.9486918047329311,9.362152512114257,10.310844316847188,7842,7663,27.16088080871405,12761,52.97390486638978,12761,2.852441031267142,12761,2.413603949533736,12761,0.7522921401144111,12761,0.611237363842959,12761,27.91317294882846,12761,65.80937194588756,65.09438814875779,19441,19441,12794,1.0864467719243396,56.68581616481775,56.170760697305866,10096,10096,34.82485698612961,12761,12.828148264242614,12761,46.085729958467205,12761,18.98031545637005,75.6661316211878,56.68581616481775,9345,10096,15.116370190423948,12761,4.929080793041297,12761,30.78912310947418,12761,4.451061829010266,12761,8.212522529582321,12761,16.432881435624168,12761,6.872502155003526,12761,4.756680510931745,12761,4.035733876655435,12761,1.8493848444479273,12761,7.068411566491655,12761,2.02178512655748,12761,52.456861687786464,29672,30.2069290913993,29672,16.42289026691831,29672,20.20086276624427,29672,63.22458883796171,29672,58.112024804529526,29672,98.40095060261416,29455,79.59938889831948,29455,57.6822179929016,19441,44.23018163299949,29455,0.9370225768120862,29455,21.53965183752418,25850,2.5822908204711617,6155,3.5914279058933145,21.569845369250384,30589.0,,,42.31618807194699,9507,43.0251393709898,9.161876584953507,16562,35.892148270351086,19397,15.543640769191112,19397,2.0621745630767645,19397,4.840954786822705,19397,41.661081610558334,19397,35.872640296281055,19441,17.668844195257446,19441,0.07715652487011986,19441,0.005143768324674657,19441,0.04629391492207191,19441,0.020575073298698628,19441,0.010287536649349314,19441,0.0,19441,0.0,19441,0.0,19441,,,,,,,,,,,,0,,0,,0,,0,,0,13.679245283018869,1484,,70.89821710674791,26586,27.55209508764011,26586,55.61315280464217,25850,90.06934812760055,3605,6.942794092683755,29455,7.585772741580107,6354,51.464136312621164,9801,16.977859402101828,9801,28.72155902458933,9801,5.121926334047546,9801,9801,3.005305581063157,,,,0,0,0
051202,8854,4393,31.36435509374294,8854,56.946013101423084,8854,11.689631804833974,8854,40.388524960469844,8854,16.354190196521348,8854,26.0,31.693810707025072,101.54791714090598,4461,10.81996837587531,8854,22.49830585046307,8854,2.970408854754913,8854,75.60491868306228,55.07735025783419,20.527568425228083,37.27043572200216,268.30917874396135,9.015302727877579,6012,16.01471079906386,2991,89.17713822456425,2467,91.9090909090909,2200,56.3573883161512,291,30.720338983050848,944,12.830117999625399,5339,40.85034650683649,5339,35.23131672597865,5339,10.769807079977523,5339,46.00112380595617,5339,51.60142348754449,5339,13.92930861435681,16.01471079906386,2.0854021847070507,2991,3021,-5.690643677954457,7.9388743943347,13.629518072289157,2683,2656,-1.2622485946330517,7.079578139980825,8.341826734613877,2086,2551,18.25912956478239,3998,60.680340170085046,3998,2.526263131565783,3998,3.2016008004002,3998,0.5502751375687844,3998,0.4752376188094047,3998,18.809404702351177,3998,66.31422435156121,65.68643647777961,6053,6053,4014,0.9466865969108121,54.4971788914703,54.06571523398606,3013,3013,64.15707853926963,3998,10.630315157578789,3998,19.459729864932466,3998,23.529136898003387,78.02631578947368,54.4971788914703,3040,3013,7.603801900950475,3998,4.302151075537769,3998,59.979989994997496,3998,2.251125562781391,3998,7.6538269134567285,3998,6.628314157078539,3998,3.1015507753876936,3998,1.4507253626813408,3998,4.177088544272136,3998,0.6503251625812907,3998,4.627313656828414,3998,1.150575287643822,3998,64.3889767336797,8854,26.665913711316918,8854,9.091935848204201,8854,28.111587982832617,8854,45.16602665461938,8854,68.48881861305624,8854,98.35619544269358,8821,78.35846275932434,8821,83.9914092185693,6053,30.189320938669084,8821,0.22673166307674866,8821,14.312952840981314,7867,3.1758548499651083,1433,4.8138813493602175,27.963698241633583,12341.0,,,36.12565445026178,3056,49.67670157068063,6.753851935362646,5322,44.806483625537545,6046,11.180946080052928,6046,1.8028448561032087,6046,7.922593450215018,6046,34.2871319880913,6046,79.41516603337188,6053,1.7346770196596728,6053,0.04956220056170494,6053,0.0,6053,0.03304146704113663,6053,0.0,6053,0.0,6053,0.0,6053,0.0,6053,0.0,6053,,,,,,,,,,,,0,,0,,0,,0,,0,18.63013698630137,365,,37.358958462492254,8065,61.339119652820834,8065,77.76789119105122,7867,89.30817610062893,954,9.477383516608095,8821,9.665019220208677,1821,44.13461538461539,3120,26.314102564102566,3120,33.87820512820513,3120,9.551282051282051,3120,3120,2.8272435897435897,,,,0,0,0
051203,10866,5325,39.4809497515185,10866,56.99429412847414,10866,3.5247561200073623,10866,48.168599300570584,10866,5.356156819436776,10866,21.0,23.749585864163446,104.05633802816901,5541,15.212589729431253,10866,26.891220320265045,10866,0.9018958218295601,10866,75.45616018084935,69.27175843694494,6.1844017439044086,8.927738927738927,1120.1044386422977,4.18977202711029,6492,6.974491443332257,3097,89.77955911823648,3493,55.389030612244895,3136,66.83250414593698,603,19.689922480620154,1290,5.922431865828092,5724,35.2900069881202,5724,45.946890286512925,5724,12.281621243885395,5724,58.22851153039832,5724,64.13347309573724,5724,5.325006907249783,6.974491443332257,1.6494845360824741,3097,3395,-0.39742911245644663,12.073394495412844,12.47082360786929,2725,2999,-0.9612385763096194,7.963160049119934,8.924398625429554,2443,2910,42.03873050026896,3718,23.964497041420117,3718,5.352339967724583,3718,1.882732651963421,3718,1.237224314147391,3718,4.4916621839698765,3718,43.27595481441635,3718,56.60779537149817,56.30328867235079,6568,6568,3718,0.5379236148466918,28.771929824561404,28.58054226475279,3135,3135,67.24045185583647,3718,4.007530930607854,3718,19.93006993006993,3718,53.25545147459385,82.02738129915525,28.771929824561404,3433,3135,8.068854222700377,3718,4.2764927380312,3718,14.873587950511027,3718,1.2103281334050564,3718,2.63582571274879,3718,6.239913932221625,3718,3.200645508337816,3718,1.5599784830554062,3718,52.366863905325445,3718,0.914470145239376,3718,4.195804195804196,3718,1.0758472296933836,3718,52.41119087060556,10866,25.584391680471196,10866,18.11154058531198,10866,17.81704399042886,10866,42.44432173752991,10866,45.59175409534327,10866,97.04283740211883,10855,75.27406725011515,10855,67.23507917174177,6568,45.78535237217872,10855,0.41455550437586364,10855,21.449527328045203,9203,3.0009925558312656,2015,3.7570643642072215,19.983180910333232,9513.0,,,25.261158594491928,3159,39.0582462804685,7.9659170765987355,5692,52.28457528365532,6522,13.247470101195953,6522,1.1192885617908617,6522,3.7718491260349585,6522,29.576816927322906,6522,73.90377588306943,6568,1.4920828258221681,6568,0.10657734470158343,6568,0.015225334957369063,6568,0.07612667478684532,6568,0.0,6568,0.0,6568,0.0,6568,0.0,6568,0.0,6568,,,,,,,,,,,,0,,0,,0,,0,,0,19.43844492440605,463,,56.02011945928953,9543,42.38709001362255,9543,63.60969249157883,9203,85.47215496368038,1652,6.172270842929525,10855,8.781512605042018,2380,61.386138613861384,3232,9.746287128712872,3232,21.472772277227723,3232,2.4752475247524752,3232,3232,3.358601485148515,,,,0,0,0
051204,5935,3055,35.787700084246,5935,55.787700084246,5935,8.424599831508003,5935,45.32434709351306,5935,12.3167649536647,5935,23.0,28.728222409435553,94.27168576104746,2880,12.19882055602359,5935,22.426284751474306,5935,1.7523167649536646,5935,79.25098157656298,64.1498036846874,15.101177891875567,23.540489642184557,424.8,13.534645456996495,3709,21.881390593047033,1956,87.70139634801289,1862,85.60930802204531,1633,43.27731092436975,238,30.971993410214168,607,18.36358043678868,3251,40.94124884650876,3251,32.54383266687173,3251,7.9360196862503845,3251,40.47985235312212,3251,45.15533681944017,3251,17.66005573851195,21.881390593047033,4.221334854535082,1956,1753,-2.7109888446657555,6.67433831990794,9.385327164573695,1738,1513,-1.017036232705764,6.7461969575660525,7.763233190271817,1249,1398,21.08786610878661,2390,55.64853556485355,2390,1.6736401673640167,2390,3.221757322175732,2390,0.33472803347280333,2390,0.9205020920502092,2390,21.422594142259413,2390,63.52785145888594,62.91777188328913,3770,3770,2395,0.9603340292275574,50.831234256926955,50.6801007556675,1985,1985,68.11715481171548,2390,11.213389121338912,2390,14.351464435146443,2390,26.81582456660245,77.6470588235294,50.831234256926955,1785,1985,5.98326359832636,2390,2.9707112970711296,2390,58.82845188284519,2390,1.3807531380753137,2390,9.707112970711297,2390,4.2259414225941425,2390,2.0502092050209204,2390,1.5899581589958158,2390,9.288702928870293,2390,0.33472803347280333,2390,2.3849372384937237,2390,1.0460251046025104,2390,71.96293176074137,5935,18.702611625947767,5935,9.87363100252738,5935,29.317607413647853,5935,41.88711036225779,5935,57.50631844987363,5935,97.90851895936065,5881,73.37187553137221,5881,88.3289124668435,3770,24.808706002380546,5881,0.595136881482741,5881,11.522075910147173,5164,3.5406976744186047,1032,4.773341162654139,30.773024288003946,8111.0,,,43.20691310609698,2083,46.41238598175708,5.93094944512947,3244,49.866879659211925,3756,9.291799787007454,3756,1.1448349307774228,3756,9.158679446219383,3756,30.537806176783814,3756,42.86472148541114,3770,0.636604774535809,3770,0.026525198938992044,3770,0.05305039787798409,3770,0.0,3770,0.0,3770,0.026525198938992044,3770,0.0,3770,0.0,3770,0.0,3770,,,,,,,,,,,,0,,0,,0,,0,,0,16.22641509433962,265,,26.735459662288932,5330,70.39399624765478,5330,73.35398915569326,5164,88.56345885634589,717,6.8185682707022615,5881,7.71513353115727,1348,45.29274004683841,2135,20.09367681498829,2135,36.86182669789227,2135,8.758782201405152,2135,2135,2.754566744730679,,,,0,0,0
051301,4170,2041,38.05755395683453,4170,51.99040767386091,4170,9.952038369304557,4170,45.89928057553957,4170,14.892086330935252,4170,23.0,29.36187050359712,104.31161195492406,2129,13.69304556354916,4170,18.968824940047963,4170,3.117505995203837,4170,92.34317343173431,73.2011070110701,19.142066420664207,26.149968494013862,382.4096385542169,12.243285939968404,2532,18.852459016393443,1220,82.33944954128441,1308,89.97214484679665,1077,67.52577319587628,194,22.80701754385965,342,15.2317880794702,2265,58.01324503311258,2265,17.218543046357617,2265,9.315673289183223,2265,26.53421633554084,2265,32.49448123620309,2265,12.754898040783686,18.852459016393443,6.097560975609756,1220,1312,-1.7527480848100883,8.409506398537477,10.162254483347565,1094,1171,-0.5607096278483761,5.694411414982164,6.25512104283054,841,1074,14.400859752821065,1861,50.94035464803869,1861,1.8269747447608813,1861,7.952713594841483,1861,0.6448146157979581,1861,0.32240730789897903,1861,15.045674368619022,1861,71.13521890740023,70.94149554436265,2581,2581,1836,0.27233115468409586,55.865921787709496,55.78611332801277,1253,1253,73.9387426114992,1861,7.1466953250940355,1861,13.487372380440624,1861,29.676246886989304,85.5421686746988,55.865921787709496,1328,1253,7.522837184309511,1861,4.29876410531972,1861,73.45513164965072,1861,0.8060182697474476,1861,6.286942504030091,1861,2.4180548092423426,1861,0.8060182697474476,1861,0.8060182697474476,1861,0.4836109618484686,1861,1.5583019881783986,1861,4.889844169801182,1861,1.4508328855454058,1861,54.10071942446043,4170,11.582733812949641,4170,7.338129496402877,4170,30.863309352517987,4170,30.67146282973621,4170,59.92805755395683,4170,95.36837053035757,4167,65.73074154067675,4167,79.58155753583883,2581,21.2862970962323,4167,0.2159827213822894,4167,8.034473172087852,3597,3.8714043993231813,591,5.196360153256705,31.73575129533679,5404.0,,,29.876160990712073,1292,48.728328173374614,5.077433628318584,2260,45.42979385453131,2571,8.401400233372229,2571,1.1668611435239207,2571,8.362504861921431,2571,36.639439906651106,2571,92.32855482371174,2581,0.7361487795428129,2581,0.0,2581,0.0,2581,0.0,2581,0.0,2581,0.0,2581,0.0,2581,0.0,2581,0.0,2581,,,,,,,,,,,,0,,0,,0,,0,,0,26.143790849673202,153,,9.413663259817106,3718,88.75739644970415,3718,58.24298026132889,3597,87.36842105263158,570,5.519558435325174,4167,14.410480349344978,916,49.3594574227581,1327,25.697061039939715,1327,30.519969856819895,1327,9.269027882441598,1327,1327,3.1401657874905804,,,,0,0,0
051302,6161,3102,38.613861386138616,6161,51.29037493913326,6161,10.09576367472813,6161,48.72585619217659,6161,13.893848401233566,6161,20.0,28.774224963479956,98.61379754996776,3059,12.449277714656711,6161,20.77584807661094,6161,3.2137639993507547,6161,94.96835443037975,75.28481012658227,19.68354430379747,26.14543926019336,382.475884244373,12.082541406462123,3683,17.97509474824039,1847,85.91549295774648,2130,82.18579234972678,1830,62.454873646209386,277,35.10054844606947,547,16.59777424483307,3145,47.249602543720194,3145,26.454689984101748,3145,9.348171701112877,3145,35.80286168521462,3145,43.910969793322735,3145,11.820410652379824,17.97509474824039,6.154684095860566,1847,1836,-3.594796353921055,7.566204287515763,11.161000641436818,1586,1559,-1.0914471199244575,6.225833333333333,7.317280453257791,1200,1412,13.418023025009925,2519,43.588725684795556,2519,1.7070265978562922,2519,8.058753473600635,2519,1.3100436681222707,2519,0.3175863437872172,2519,14.728066693132195,2519,66.1456953642384,65.88079470198676,3775,3775,2497,0.4004805766920304,52.41850683491062,52.31335436382755,1902,1902,65.14489876935292,2519,9.130607383882493,2519,16.633584755855498,2519,27.666917617838983,80.0854244527496,52.41850683491062,1873,1902,7.463279078999603,2519,5.200476379515681,2519,64.66851925367209,2519,2.461294164350933,2519,6.629614926558158,2519,3.9698292973402145,2519,1.5085351329892815,2519,1.2703453751488687,2519,0.4763795156808257,2519,1.3100436681222707,2519,4.366812227074236,2519,1.0718539102818578,2519,71.09235513715306,6161,14.218471027430612,6161,7.20662230157442,6161,23.226748904398637,6161,17.854244440837526,6161,45.268625223178056,6161,97.56176853055916,6152,74.36605981794538,6152,80.8476821192053,3775,19.343302990897268,6152,0.13003901170351106,6152,9.93316004455997,5386,3.887039239001189,841,5.285909712722298,31.082487639864688,7686.0,,,32.17237308146399,1694,49.642266824085006,5.668793873643906,3134,43.213811420982736,3765,7.1181938911022575,3765,1.2749003984063745,3765,6.427622841965471,3765,41.96547144754316,3765,83.3112582781457,3775,1.7483443708609272,3775,0.0,3775,0.0,3775,0.0,3775,0.0,3775,0.0,3775,0.0,3775,0.0,3775,0.0,3775,,,,,,,,,,,,0,,0,,0,,0,,0,14.666666666666666,300,,12.394315524374887,5559,85.84277747796366,5559,50.148533234311174,5386,89.29503916449086,766,6.420676202860858,6152,12.18568665377176,1551,56.489422527158375,1749,27.73013150371641,1749,22.641509433962263,1749,7.375643224699829,1749,1749,3.517438536306461,,,,0,0,0
051401,4150,1967,27.42168674698795,4150,60.674698795180724,4150,11.903614457831326,4150,36.433734939759034,4150,16.0,4150,26.0,31.620963855421685,110.98118962887646,2183,10.313253012048193,4150,28.57831325301205,4150,3.0843373493975905,4150,64.813343923749,45.194598888006354,19.618745035742652,43.40949033391916,230.36437246963564,1.484480431848853,2964,2.618181818181818,1375,88.84210526315789,950,95.02369668246446,844,74.77477477477477,111,28.618968386023294,601,3.0269058295964126,2676,24.701046337817637,2676,42.937219730941706,2676,29.14798206278027,2676,72.08520179372198,2676,78.1763826606876,2676,2.11472052176898,2.618181818181818,0.5034612964128382,1375,1589,-10.690882151556309,23.434991974317818,34.12587412587413,1246,1430,-1.7340665945426128,9.338983050847459,11.073049645390071,1180,1410,19.10551454624403,2303,65.17585757707339,2303,1.5197568389057752,2303,1.9539730785931393,2303,0.26052974381241856,2303,0.04342162396873643,2303,19.366044290056447,2303,76.86116700201207,76.52582159624413,2982,2982,2292,0.4363001745200698,70.20202020202021,70.05772005772006,1386,1386,66.26139817629179,2303,4.6895353886235345,2303,25.966131133304387,2303,12.442090073669021,82.64411027568923,70.20202020202021,1596,1386,11.636995223621364,2303,3.126356925749023,2303,64.0034737299175,2303,1.1723838471558836,2303,3.430308293530178,2303,7.642205818497612,2303,2.3447676943117672,2303,0.8250108554059922,2303,2.2579244463742945,2303,3.6908380373425964,2303,8.858011289622231,2303,1.0421189752496742,2303,68.86746987951807,4150,25.44578313253012,4150,5.686746987951807,4150,25.373493975903614,4150,34.795180722891565,4150,57.08433734939759,4150,97.98494780286477,4119,85.23913571255159,4119,85.94902749832328,2982,37.60621510075261,4119,0.6312211701869386,4119,18.66702790571661,3691,2.5668965517241378,725,3.9071729957805905,21.448770937567975,4597.0,,,33.872053872053876,1485,47.53468013468014,9.940846125046798,2671,38.6455525606469,2968,20.316711590296496,2968,1.4487870619946093,2968,5.795148247978437,2968,33.793800539083556,2968,7.545271629778672,2982,83.70221327967806,2982,0.0,2982,0.0,2982,0.0,2982,0.0,2982,0.0335345405767941,2982,0.0,2982,0.0,2982,0.0,2982,,,,,,,,,,,,0,,0,,0,,0,,0,22.5,160,,75.33846562251128,3767,22.617467480753916,3767,58.737469520455164,3691,90.65420560747664,428,10.002427773731489,4119,6.069364161849711,692,40.992167101827675,1532,25.45691906005222,1532,33.224543080939945,1532,9.725848563968668,1532,1532,2.6886422976501305,,,,0,0,0
051402,1700,822,28.823529411764707,1700,61.05882352941177,1700,10.117647058823529,1700,37.64705882352941,1700,15.352941176470589,1700,28.0,32.07705882352941,106.81265206812652,878,10.529411764705882,1700,22.58823529411765,1700,2.7058823529411766,1700,63.77649325626204,47.20616570327553,16.570327552986512,35.10204081632653,284.8837209302326,2.861952861952862,1188,5.467372134038801,567,91.60997732426304,441,93.06930693069307,404,69.73684210526316,76,25.945945945945947,185,4.588014981273409,1068,26.49812734082397,1068,47.47191011235955,1068,21.16104868913858,1068,68.63295880149813,1068,72.09737827715355,1068,4.984280346599187,5.467372134038801,0.4830917874396135,567,621,-16.2615220323741,12.6953125,28.9568345323741,512,556,-2.3537739340462416,8.475583864118896,10.829357798165137,471,545,16.361556064073227,874,71.39588100686498,874,1.1441647597254005,874,0.6864988558352403,874,0.2288329519450801,874,0.4576659038901602,874,16.590389016018307,874,72.90108063175394,72.65170407315046,1203,1203,877,0.34207525655644244,64.18685121107266,64.01384083044982,578,578,70.13729977116705,874,6.750572082379863,874,21.39588100686499,874,16.77314878892733,80.96,64.18685121107266,625,578,13.386727688787186,874,3.3180778032036615,874,69.67963386727689,874,0.6864988558352403,874,5.949656750572083,874,3.7757437070938216,874,1.4874141876430207,874,1.4874141876430207,874,0.4576659038901602,874,1.9450800915331807,874,8.237986270022883,874,1.0297482837528604,874,61.0,1700,25.823529411764707,1700,3.764705882352941,1700,19.352941176470587,1700,46.76470588235294,1700,67.41176470588235,1700,97.99173065564088,1693,87.35971647962197,1693,88.4455527847049,1203,20.49616066154755,1693,0.29533372711163614,1693,6.07661822985469,1514,2.6156462585034013,294,4.018,23.345123799898936,1979.0,,,35.82089552238806,670,48.06417910447761,9.260093896713615,1065,46.79966749792186,1203,10.972568578553616,1203,1.5793848711554448,1203,7.813798836242727,1203,32.83458021612635,1203,4.655029093931837,1203,87.03241895261846,1203,0.0831255195344971,1203,0.0,1203,0.0,1203,0.0,1203,0.0,1203,0.0,1203,0.0,1203,0.0,1203,,,,,,,,,,,,0,,0,,0,,0,,0,12.857142857142858,70,,72.867222578576,1559,25.657472738935216,1559,64.332892998679,1514,88.26815642458101,179,3.0124040165386887,1693,3.536977491961415,311,39.62264150943396,689,21.480406386066765,689,39.18722786647315,689,9.72423802612482,689,689,2.4571843251088534,,,,0,0,0
051501,44906,23393,32.470048545851334,44906,60.014251993052156,44906,7.515699461096513,44906,43.37950385249187,44906,10.695675410858238,44906,24.0,28.393355008239432,91.96340785705125,21513,10.735759141317418,44906,26.05665167238231,44906,1.7926335010911683,44906,66.62708719851577,54.103896103896105,12.523191094619666,23.14656059255195,432.02962962962965,6.7638582810645875,29495,10.550113036925396,15924,88.6068563092633,13710,89.30688179124135,12148,58.13287514318442,1746,29.859322369724588,5047,9.923543784976747,25374,35.31567746512178,25374,39.11878300622685,25374,14.991723811775833,25374,54.11050681800268,25374,59.22597934893986,25374,8.22898710663286,10.550113036925396,2.3211259302925353,15924,13571,-2.4262446734379903,13.888085598611914,16.314330272049904,13832,11542,-0.5478784854098286,8.351175716118,8.899054201527829,11695,10996,22.86120707173339,19684,50.51818736029262,19684,1.8847795163584637,19684,1.9152611257874417,19684,1.635846372688478,19684,0.5537492379597643,19684,24.497053444421866,19684,65.90916686161147,65.23744276977575,29923,29923,19722,1.0191664131426832,56.52550231839258,56.1112828438949,16175,16175,18.319447266815686,19684,17.14082503556188,19684,55.5984555984556,19684,20.423872136073527,76.94937445446611,56.52550231839258,13748,16175,10.19609835399309,19684,9.9065230644178,19684,17.43548059337533,19684,5.43080674659622,19684,11.633814265393212,19684,26.62060556797399,19684,6.782158097947572,19684,3.2361308677098153,19684,0.8839666734403576,19684,1.7476122739280635,19684,4.267425320056899,19684,1.8796992481203008,19684,69.98842025564512,44906,16.260633322941256,44906,9.435264775308422,44906,14.240858682581392,44906,46.844519663296666,44906,38.92798289760834,44906,97.48740327514847,44456,81.66051826525103,44456,47.42505764796311,29923,38.23330933957171,44456,5.774248695339212,44456,9.043237110802975,39665,2.583868509850876,9187,3.551530574058828,19.86678867065308,46993.0,,,38.897703549060545,11975,45.09954070981211,7.717085167995557,25209,32.273476666330204,29721,16.779381582046366,29721,2.116348709666566,29721,5.470879176339961,29721,43.3599138656169,29721,27.87822076663436,29923,5.527520636299836,29923,0.07018012899776092,29923,0.03341910904655282,29923,0.10694114894896901,29923,0.010025732713965846,29923,0.01670955452327641,29923,0.0,29923,0.0,29923,0.0033419109046552817,29923,,,,,,,,,,,,0,,0,,0,,0,,0,10.832659660468876,2474,,75.66943448140323,40706,22.73129268412519,40706,38.04613639228539,39665,86.82947192652891,4791,2.3483894187511245,44456,8.456243854473943,10170,56.66178623718887,12294,20.709289084106068,12294,18.513095819098748,12294,4.335448186107044,12294,12294,3.6160728810802016,,,,0,0,0
051601,1684,853,31.65083135391924,1684,60.688836104513065,1684,7.660332541567696,1684,41.5083135391924,1684,10.748218527315915,1684,25.0,29.336698337292162,97.42086752637749,831,9.263657957244655,1684,24.58432304038005,1684,1.6033254156769596,1684,64.77495107632095,52.15264187866928,12.622309197651663,24.202626641651033,413.1782945736434,6.36604774535809,1131,11.169284467713787,573,91.94915254237289,472,95.16129032258064,434,64.1025641025641,39,22.84263959390863,197,8.73015873015873,1008,40.97222222222222,1008,40.57539682539682,1008,9.424603174603174,1008,50.0,1008,56.74603174603175,1008,9.735592711441386,11.169284467713787,1.4336917562724014,573,558,-6.0546875,6.4453125,12.5,512,496,-1.3534203042391155,7.0577367205542725,8.411157024793388,433,484,19.201995012468828,802,64.46384039900249,802,1.9950124688279303,802,1.6209476309226933,802,0.9975062344139651,802,0.7481296758104738,802,20.199501246882793,802,70.44854881266491,70.18469656992085,1137,1137,801,0.37453183520599254,59.30434782608695,59.130434782608695,575,575,69.07730673316708,802,10.224438902743142,802,16.209476309226932,802,22.546185981742227,81.85053380782918,59.30434782608695,562,575,8.229426433915211,802,3.2418952618453867,802,67.83042394014963,802,2.2443890274314215,802,7.980049875311721,802,1.8703241895261846,802,2.369077306733167,802,0.9975062344139651,802,1.2468827930174564,802,1.371571072319202,802,4.86284289276808,802,0.6234413965087282,802,86.46080760095012,1684,14.489311163895486,1684,4.216152019002375,1684,22.03087885985748,1684,36.22327790973872,1684,58.8479809976247,1684,98.43656043295249,1663,82.92242934455803,1663,92.0844327176781,1137,15.8749248346362,1663,0.30066145520144316,1663,8.222811671087532,1508,2.440922190201729,347,3.502901353965184,22.3588596981554,1789.0,,,34.85477178423236,482,48.371369294605806,7.071641791044776,1005,33.773087071240106,1137,12.137203166226913,1137,1.3192612137203166,1137,5.189094107299912,1137,47.58135444151275,1137,92.96394019349164,1137,0.9674582233948988,1137,0.0,1137,0.0,1137,0.0,1137,0.0,1137,0.0,1137,0.0,1137,0.0,1137,0.0,1137,,,,,,,,,,,,0,,0,,0,,0,,0,15.853658536585366,82,,22.359040829552818,1543,76.60401814646792,1543,87.06896551724138,1508,89.6774193548387,155,5.231509320505111,1663,7.977207977207978,351,48.69215291750503,497,21.12676056338028,497,28.169014084507044,497,6.841046277665996,497,497,3.346076458752515,,,,0,0,0
060101,205375,105853,27.05976871576385,205375,66.81874619598295,205375,6.121485088253196,205375,37.94473524041388,205375,8.937796713329275,205375,25.0,28.629750456482046,94.01906417390154,99522,9.822519780888618,205375,31.252586731588558,205375,1.5269628727936702,205375,49.65859985863047,40.497270984995886,9.16132887363458,22.62208946629719,442.0458160992682,4.072407348684699,148217,6.107272213516915,77858,89.59046382627169,50838,74.6585869231107,45546,67.71132834962623,6956,26.497681795998048,32784,5.764619637429937,130954,23.139423003497413,130954,35.436107335400216,130954,34.980985689631474,130954,70.41709302503169,130954,74.16191945263222,130954,4.286609611717572,6.107272213516915,1.8206626017993435,77858,70359,0.19945029483056942,35.0754060324826,34.87595573765203,68960,61994,-0.09344833548148124,10.817244730511256,10.910693065992737,62767,59749,42.58543772344656,97059,40.14362398128973,97059,3.1918729844733615,97059,2.2934503755447717,97059,2.171874839015444,97059,0.5275141923984381,97059,44.757312562462005,97059,65.58289886692947,64.4351044392539,149417,149417,97992,1.7501428688056169,55.94185542844039,54.834764440594185,78494,78494,10.704829021522992,97059,21.025355711474464,97059,60.980434581028035,97059,20.311264151949615,76.25311958039,55.94185542844039,70923,78494,20.72862897825034,97059,8.232106244655313,97059,10.49979909127438,97059,8.346469673085442,97059,12.371856293594618,97059,20.502993024861166,97059,7.601561936554055,97059,4.584840148775487,97059,0.20502993024861166,97059,4.8259306195200855,97059,4.8702335692722984,97059,3.767811331252125,97059,64.18015824710895,205375,30.807547169811322,205375,22.59817407181984,205375,24.28581862446744,205375,53.32830188679245,205375,45.48508825319537,205375,99.00109308816927,204924,87.80328316839413,204924,20.870449814947428,149417,30.380531318927993,204924,1.7821241045460756,204924,9.44544854381541,184798,1.7253386454183266,50200,2.502062559354226,13.295671927307506,167280.0,,,38.34620792929016,54759,43.37820266988075,10.119901587667705,130065,32.75499121760234,149162,15.018570413376061,149162,3.258202491251123,149162,3.917217521888953,149162,45.051018355881524,149162,4.520235314589371,149417,1.4155015828185549,149417,0.40624560792948594,149417,0.028109251290013855,149417,0.12783016658077728,149417,0.013385357757149455,149417,0.07027312822503463,149417,0.010708286205719564,149417,0.0033463394392873637,149417,0.031455590729301215,149417,,,,,,,,,,,,0,,0,,0,,0,,0,9.660734636626632,11407,,92.54476529326429,188874,6.136895496468545,188874,17.189038842411716,184798,93.22766570605188,20126,1.4873806874743807,204924,8.414457053729897,37186,55.11135777714122,55856,17.516470925236323,55856,16.444070466914923,55856,2.3345746204525923,55856,55856,3.668791177313091,,,,0,0,0
060201,18681,9070,30.833467159145656,18681,61.55452063594026,18681,7.612012204914084,18681,41.86606712702746,18681,11.032599967881804,18681,24.0,29.01097371661046,105.96471885336274,9611,10.40629516621166,18681,27.214817193940366,18681,1.6433809753225201,18681,62.45760500913123,50.091312288025044,12.366292721106182,24.6875,405.0632911392405,9.191696807674163,12718,14.035087719298245,6156,81.0046511627907,5375,93.86770785484612,4354,56.77603423680456,701,21.677740863787374,2408,12.721168677978405,11021,53.37991107884947,11021,22.865438707921243,11021,10.724979584429725,11021,33.59041829235097,11021,39.48824970510843,11021,9.387114540389376,14.035087719298245,4.647973178908869,6156,6562,0.25406131028206325,10.855018587360595,10.600957277078532,5380,5641,0.2620829095084467,6.918725467559455,6.656642558051009,4331,5254,21.33782169616679,9209,54.707351503963515,9209,1.6071234661743947,9209,6.102725594527093,9209,1.8568791399717668,9209,0.07601259637311326,9209,23.19470083613856,9209,70.81972312956914,70.56307357287292,12858,12858,9106,0.3623984186250824,53.97435897435897,53.79807692307692,6240,6240,63.27505700944728,9209,8.622000217178847,9209,22.554023238136605,9209,32.728572424855294,86.70293139921426,53.97435897435897,6618,6240,7.069171462699533,9209,5.766098382017591,9209,63.20990335541318,9209,2.095775871430123,9209,6.428493864697579,9209,5.907264632424802,9209,2.921055489195352,9209,2.4324030839396245,9209,0.06515365403409708,9209,1.2162015419698122,9209,4.300141166250407,9209,1.5311108698012814,9209,87.50602216155453,18681,17.086879717359885,18681,12.071088271505808,18681,59.95931695305391,18681,48.7768320753707,18681,67.45891547561693,18681,98.10834049871023,18608,86.50042992261393,18608,39.0185098771193,12858,35.53310404127257,18608,1.3273860705073086,18608,8.313838402015476,16671,2.4556081269134427,3593,3.6956687655027665,14.765937548708886,19247.0,,,29.026478200278717,5023,47.395580330479795,5.8977882952580325,10987,30.070038910505836,12850,22.52140077821012,12850,1.4007782101167314,12850,5.7587548638132295,12850,40.249027237354085,12850,1.8665422305179655,12858,0.4277492611603671,12858,0.2333177788147457,12858,0.015554518587649712,12858,0.07777259293824856,12858,0.0,12858,0.17109970446414682,12858,0.015554518587649712,12858,0.0,12858,0.0699953336444237,12858,,,,,,,,,,,,0,,0,,0,,0,,0,14.636752136752136,936,,95.11098130841121,17120,2.564252336448598,17120,4.006958190870374,16671,90.70727929788332,1937,3.9176698194325024,18608,14.37037037037037,4050,59.7685631629701,5185,21.9672131147541,5185,17.415621986499517,5185,4.628736740597878,5185,5185,3.5888138862102217,,,,0,0,0
060202,34505,17270,28.674105202144617,34505,65.59629039269672,34505,5.729604405158673,34505,39.852195334009565,34505,8.752354731198377,34505,25.0,28.63666135342704,99.79733642154024,17235,10.105781770757861,34505,28.216200550644835,34505,1.0085494855817998,34505,52.447645135636655,43.71299814438456,8.734646991252099,19.98180715585203,500.45523520485585,4.967843007915567,24256,7.436254816758219,12197,85.86686805480635,9269,86.93303178791305,7959,57.91245791245791,1188,27.827248441674087,4492,7.475617839219771,21122,33.65211627686772,21122,38.959378846700126,21122,19.150648612820756,21122,58.11002745952088,21122,63.18057002177824,21122,4.965071468221856,7.436254816758219,2.471183348536363,12197,12059,0.1653842694466725,19.232573412139974,19.0671891426933,10659,10463,-0.05604882810566458,9.04255544943224,9.098604277537905,9423,9959,39.55960957471532,17212,43.28375551940507,17212,2.358819428305833,17212,2.068324424819893,17212,1.516383918196607,17212,0.43574250522891006,17212,41.07599349291192,17212,70.24364320170059,69.58956749243725,24462,24462,17183,0.9311528836640866,59.0982940698619,58.497156783103165,12310,12310,19.068092028817105,17212,18.45224262142691,17212,56.25726237508715,17212,22.435609814272404,81.5339038841343,59.0982940698619,12152,12310,11.91610504299326,17212,8.476644201719731,17212,18.812456425749478,17212,6.623286079479433,17212,11.48036253776435,17212,25.761096909133162,17212,6.722054380664653,17212,4.560771554729259,17212,0.2556356030676272,17212,3.910062746920753,17212,3.7473855449686266,17212,2.480827329769928,17212,70.52021446167223,34505,26.26865671641791,34505,15.441240399942037,34505,22.94160266628025,34505,44.95580350673816,34505,35.10215910737574,34505,98.98975195062303,34348,90.19448002794923,34348,13.175537568473551,24462,40.56131361360195,34348,1.770117619657622,34348,12.030196993260757,30864,2.0872160934458144,7705,2.850512992616742,15.400278277395053,29467.0,,,33.51507733392678,8987,44.15978635807277,8.340632603406325,20961,29.618720340369826,24444,22.65586647029946,24444,2.4832269677630503,24444,4.140075274095893,24444,41.10211094747177,24444,5.911209222467501,24462,1.6229253536096804,24462,0.6213719238001799,24462,0.01226391954868776,24462,0.14716703458425312,24462,0.0613195977434388,24462,0.05314365137764696,24462,0.008175946365791841,24462,0.0,24462,0.008175946365791841,24462,,,,,,,,,,,,0,,0,,0,,0,,0,12.956107879428874,1891,,88.99654855767709,31581,9.451885627434217,31581,16.148263348885433,30864,93.28358208955224,3484,3.1530220100151394,34348,11.647109952194699,6903,58.15944355270198,9345,16.522204387372927,9345,14.574638844301766,9345,2.536115569823435,9345,9345,3.6755484216158374,,,,0,0,0
060301,92245,46133,32.220716570003795,92245,62.54647948398287,92245,5.232803946013334,92245,43.835438235134696,92245,7.6285977559759335,92245,23.0,26.978557103366036,99.95447943988034,46112,10.91441270529568,92245,28.08715919562036,92245,1.2282508537048078,92245,59.88110094287299,51.51483638380477,8.36626455906822,16.2404952560393,615.7447690076652,5.386150825205693,61621,7.446092723719201,31211,85.13871962147824,27898,85.52963960929605,23752,49.22513384051845,3549,27.78678038379531,11725,7.6012649838089645,52807,32.49379817069707,52807,40.18974757134471,52807,17.87263052246861,52807,58.06237809381332,52807,63.76237998750166,52807,4.174142707277241,7.446092723719201,3.2719500164419597,31211,30410,-0.46309564260787894,17.644866778460965,18.107962421068844,26835,25972,-0.19798368036450142,8.95009093600643,9.14807461637093,23643,24177,36.41353622975324,40809,44.32355607831606,40809,2.171089710603053,40809,2.5533583278198435,40809,1.4923178710578549,40809,0.49498885049866453,40809,37.9058541008111,40809,65.57313902352904,64.8139826019966,62306,62306,40856,1.157724691599765,52.0445978904691,51.471286940546705,31571,31571,17.07956578205788,40809,17.743634982479357,40809,57.40645445857531,40809,27.425062106277288,79.46965999674639,52.0445978904691,30735,31571,12.960376387561567,40809,8.632899605479183,40809,16.43264966061408,40809,7.2533019677032025,40809,10.24283858952682,40809,23.39925016540469,40809,7.736038618932098,40809,3.788380014212551,40809,0.6469161214437992,40809,4.822465632581048,40809,4.026072680046068,40809,2.256855105491436,40809,72.18711041248848,92245,20.628760366415523,92245,18.10721448316982,92245,18.06493576887636,92245,50.17724537915334,92245,43.21968670388639,92245,97.27147220923786,91991,85.58554641214901,91991,25.68612974673386,62306,40.3756889260906,91991,2.391538302660043,91991,11.589905054794855,81942,2.36007222078927,19385,3.0985594850257097,14.345921508026716,78301.0,,,32.37093776911571,22063,43.343606943751986,8.301983254234672,51834,27.80449362304389,62177,23.859304887659423,62177,2.7598629718384613,62177,3.726458336683983,62177,41.84988018077424,62177,9.540012197862165,62306,1.6723911019805475,62306,2.81674317080217,62306,0.07382916573042725,62306,0.2439572432831509,62306,0.02888967354668892,62306,0.09308894809488653,62306,0.025679709819279042,62306,0.0032099637274098803,62306,0.036914582865213624,62306,,,,,,,,,,,,0,,0,,0,,0,,0,12.961910176236499,5277,,81.81677591273004,84061,14.543010432899917,84061,21.317517268311732,81942,87.03353567519156,10049,2.1828222326097118,91991,9.008702416257474,20569,64.25357331921651,22668,16.86959590612317,22668,12.136050820539968,22668,2.1528145403211574,22668,22668,4.058187753661549,,,,0,0,0
060302,15366,6420,28.647663673044384,15366,66.2827020695041,15366,5.069634257451517,15366,38.52010933229207,15366,7.56215020174411,15366,26.0,28.003579330990497,139.34579439252337,8946,10.601327606403748,15366,29.174801509826892,15366,1.216972536769491,15366,50.86892488954344,43.22042218949436,7.648502700049092,17.69650159018628,565.0834403080873,5.462808384344277,10782,8.92687559354226,4212,87.47093774218548,3871,94.35912581216775,3386,68.44181459566074,507,21.161616161616163,1980,7.467362924281984,9575,35.592689295039165,9575,37.608355091383814,9575,19.091383812010445,9575,56.699738903394255,9575,62.66318537859008,9575,5.684866461122168,8.92687559354226,3.2420091324200913,4212,6570,-1.2576979381805806,18.31561733442355,19.57331527260413,3669,5906,-0.1166372665565234,8.809643080776455,8.926280347332979,3194,5643,48.26320939334638,8176,31.580234833659492,8176,1.8101761252446185,8176,2.9965753424657535,8176,1.0273972602739727,8176,0.29354207436399216,8176,49.29060665362035,8176,74.2165372316126,73.92416628597533,10945,10945,8123,0.3939431244614059,51.234280391243594,51.094550535631114,4294,4294,40.582191780821915,8176,17.38013698630137,8176,31.335616438356166,8176,37.81999716100419,89.05427755224778,51.234280391243594,6651,4294,15.23972602739726,8176,7.840019569471624,8176,33.40264187866928,8176,2.7519569471624266,8176,14.261252446183953,8176,5.24706457925636,8176,4.390900195694717,8176,3.51027397260274,8176,7.179549902152642,8176,5.38160469667319,8176,4.2196673189823874,8176,2.2015655577299413,8176,83.87999479370038,15366,19.16569048548744,15366,11.96147338279318,15366,34.055707405961215,15366,41.32500325393726,15366,50.05857087075361,15366,97.60135575544258,15342,89.90353278581671,15342,37.396071265418,10945,54.041194107678265,15342,0.6126971711641246,15342,23.689391177542838,13715,2.5311663479923516,2615,3.6038329519450802,12.55002401152553,12494.0,,,24.969036413178102,4037,42.062918008422095,8.171377721943049,9552,26.83685607100375,10929,26.77280629517797,10929,2.2325921859273494,10929,3.1933388233141184,10929,40.96440662457682,10929,4.824120603015075,10945,0.4659661946094107,10945,7.382366377341252,10945,0.2923709456372773,10945,0.10050251256281408,10945,0.07309273640931932,10945,0.17359524897213338,10945,0.03654636820465966,10945,0.0,10945,0.21014161717679306,10945,,,,,,,,,,,,0,,0,,0,,0,,0,19.69924812030075,665,,90.02139800285306,14020,7.796005706134094,14020,13.649289099526067,13715,88.81376767055932,1627,7.156824403597966,15342,11.413612565445026,2865,52.3033969288041,4298,14.844113541181946,4298,23.336435551419264,4298,3.3271288971614705,4298,4298,3.5695672405770127,,,,0,0,0
060303,39867,19283,32.07665487746758,39867,63.325557478616396,39867,4.59778764391602,39867,43.48709458951012,39867,6.915494017608548,39867,23.0,26.43045626708807,106.74687548617953,20584,11.407931371811273,39867,29.799081947475354,39867,1.1212280833772292,39867,57.914125009902556,50.65356888219916,7.260556127703398,14.333750390991554,697.6541189307147,3.4702682423560307,26655,4.903347477604903,12726,85.58581928231733,11565,87.27015558698727,9898,51.92672141503474,1583,25.292449485997874,5642,5.382215288611545,23076,30.906569596117176,23076,43.547408563009185,23076,19.570116137978854,23076,63.11752470098804,23076,70.56248916623332,23076,2.7423883276300307,4.903347477604903,2.1609591499748726,12726,13929,-1.5181733051310786,18.777213352685052,20.29538665781613,11024,12052,-0.3273438802499449,9.227778324638251,9.555122204888196,10159,11538,44.63283243549759,17635,36.14403175503261,17635,2.353274737737454,17635,2.160476325489084,17635,1.326906719591721,17635,0.5613836121349589,17635,45.95973915508931,17635,65.30393281290466,64.57878574864034,27029,27029,17651,1.1104186731629937,52.20388875978,51.553179951971494,12909,12909,17.198752480861923,17635,20.95832151970513,17635,51.82874964559115,17635,25.07656449801037,77.28045325779037,52.20388875978,14120,12909,15.038276155372838,17635,9.498157074000567,17635,14.975900198468954,17635,6.850014176353842,17635,13.72271051885455,17635,15.554295435214064,17635,6.651545222568755,17635,4.269917777147717,17635,2.2228522823929686,17635,6.515452225687553,17635,4.734902183158492,17635,2.7388715622341935,17635,76.15822610178844,39867,22.361853161762863,39867,11.518298341987107,39867,13.77329620989791,39867,33.787342915193015,39867,33.416108560965206,39867,98.05798412219877,39804,84.38850366797307,39804,23.223204706056457,27029,42.37513817706763,39804,1.680735604461863,39804,18.049804299733395,35258,2.4602379461490296,7985,3.140678463192883,13.673981191222573,31900.0,,,34.59507042253521,10224,41.78159233176839,8.848772832294346,22939,25.872179334916865,26944,24.974020190023754,26944,3.3922209026128267,26944,3.1398456057007125,26944,42.62173396674584,26944,3.425949905656887,27029,1.2320100632653816,27029,7.5622479558992195,27029,0.07769432831403307,27029,0.13689000702948684,27029,0.03329756927744275,27029,0.09989270783232825,27029,0.022198379518295164,27029,0.0,27029,0.03329756927744275,27029,,,,,,,,,,,,0,,0,,0,,0,,0,16.60268714011516,2084,,83.68720013235537,36266,12.3834996966856,36266,16.9068012933235,35258,89.13330400351958,4546,2.9871369711586775,39804,9.19047619047619,8400,59.97164461247637,10580,14.262759924385634,10580,16.66351606805293,10580,2.0793950850661624,10580,10580,3.7621928166351606,,,,0,0,0
060401,14781,7436,29.06433935457682,14781,63.93342804952304,14781,7.002232595900142,14781,40.42351667681483,14781,10.141397740342331,14781,25.0,28.949394492930114,98.77622377622377,7345,9.708409444557201,14781,28.597523848183478,14781,1.6575333198024491,14781,56.41269841269841,45.46031746031746,10.952380952380953,24.092178770949722,415.07246376811594,9.058460351147984,10366,13.362478616232655,5261,82.25413826679649,4108,90.26339153595738,3379,60.84070796460177,452,19.22690763052209,1992,12.274247491638796,8970,50.16722408026756,8970,26.878483835005575,8970,10.412486064659978,8970,37.290969899665555,8970,43.634336677814936,8970,8.739559909082804,13.362478616232655,4.622918707149853,5261,5105,1.9809490133612648,11.393243541620667,9.412294528259402,4529,4441,0.2883032229226279,7.175013462574044,6.886710239651416,3714,4131,22.916407899639797,8051,57.582908955409266,8051,1.6892311514097627,8051,3.5275121102968576,8051,0.9067196621537698,8051,0.2732579803751087,8051,23.823127561793566,8051,75.7642338555598,75.47764615972487,10468,10468,7931,0.3782625141848443,63.792129542459044,63.528525701374505,5311,5311,73.40703018258601,8051,5.365793069183952,8051,14.358464786982983,8051,24.30172347285994,88.09385301531898,63.792129542459044,5157,5311,4.546019128058626,8051,3.552353744876413,8051,73.36976773071667,8051,1.2917649981368775,8051,4.024344801887964,8051,3.440566389268414,8051,1.7264936032790958,8051,1.788597689727984,8051,0.037262451869333,8051,1.2545025462675443,8051,2.384796919637312,8051,1.0681902869208795,8051,86.92240037886477,14781,11.738042081049997,14781,11.230633921926797,14781,34.58494012583722,14781,35.32237331709627,14781,43.09586631486368,14781,98.29245155170078,14758,88.66377557934679,14758,24.751623996943064,10468,25.091475809730316,14758,1.2806613362244206,14758,6.896810506566604,13325,2.1370814908401767,3166,3.349810732576264,14.724172517552658,14955.0,,,32.364247957712635,4162,45.44641999038924,6.138050525374469,8946,31.437902218807032,10411,21.035443281144943,10411,1.3447315339544712,10411,4.985111900874076,10411,41.19681106521948,10411,1.3947267863966373,10468,0.1146350783339702,10468,0.10508215513947268,10468,0.0573175391669851,10468,0.0573175391669851,10468,0.019105846388995033,10468,0.06687046236148261,10468,0.0,10468,0.0,10468,0.03821169277799007,10468,,,,,,,,,,,,0,,0,,0,,0,,0,14.844649021864212,869,,96.1145795078957,13615,2.174072713918472,13615,4.127579737335835,13325,90.99790648988137,1433,1.8295161946063152,14758,14.133934320669672,3106,56.8863690054335,4233,19.702338766832035,4233,16.158752657689583,4233,4.134183793999528,4233,4233,3.4864162532482874,,,,0,0,0
060402,5490,2760,34.681238615664846,5490,56.15664845173042,5490,9.162112932604735,5490,45.28233151183971,5490,12.969034608378871,5490,23.0,28.644990892531876,98.91304347826087,2730,11.748633879781421,5490,24.571948998178506,5490,2.2586520947176685,5490,78.07330522218618,61.758027894907556,16.315277327278626,26.418067226890756,378.52882703777334,14.359712230215827,3475,21.665728756330896,1777,76.99586043761089,1691,96.00614439324117,1302,48.484848484848484,231,16.10169491525424,590,21.033333333333335,3000,52.266666666666666,3000,18.166666666666668,3000,8.233333333333333,3000,26.4,3000,30.933333333333334,3000,14.951947837602981,21.665728756330896,6.713780918727915,1777,1698,-1.6730297530831786,7.4241446094254355,9.097174362508614,1549,1451,-0.13923810475534637,5.999068033550792,6.138306138306138,1073,1287,20.88235294117647,2720,56.838235294117645,2720,1.25,2720,7.352941176470588,2720,0.8823529411764706,2720,0.03676470588235294,2720,21.764705882352942,2720,75.18289251547552,75.01406865503658,3554,3554,2672,0.2245508982035928,62.8085573230938,62.8085573230938,1823,1823,69.70588235294117,2720,7.352941176470588,2720,16.985294117647058,2720,25.40634735628229,88.21490467937609,62.8085573230938,1731,1823,6.727941176470588,2720,5.073529411764706,2720,69.59558823529412,2720,1.4705882352941178,2720,5.882352941176471,2720,3.3455882352941178,2720,1.4338235294117647,2720,1.4705882352941178,2720,0.11029411764705882,2720,2.610294117647059,2720,4.227941176470588,2720,1.5441176470588236,2720,92.34972677595628,5490,11.930783242258652,5490,6.120218579234972,5490,58.30601092896175,5490,40.783242258652095,5490,73.00546448087432,5490,98.03921568627452,5457,87.28238959135057,5457,75.5205402363534,3554,25.655121861828842,5457,1.1728055708264615,5457,10.346976937461044,4813,2.8394495412844036,1090,4.08058608058608,19.720636827876238,6658.0,,,29.308005427408414,1474,46.29579375848033,4.789368104312939,2991,37.84468204839617,3554,19.18964546989308,3554,1.0410804727068093,3554,6.1339335959482275,3554,35.79065841305571,3554,0.9003939223410242,3554,0.22509848058525606,3554,0.3657850309510411,3554,0.0,3554,0.0,3554,0.0,3554,0.0,3554,0.0,3554,0.0,3554,0.028137310073157007,3554,,,,,,,,,,,,0,,0,,0,,0,,0,19.424460431654676,278,,97.85728724479482,4947,1.0309278350515463,4947,4.030750051942655,4813,90.37267080745342,644,4.471321238775884,5457,13.998390989541432,1243,55.01639344262295,1525,24.59016393442623,1525,20.39344262295082,1525,5.639344262295082,1525,1525,3.578360655737705,,,,0,0,0
060501,23863,12134,30.80501194317563,23863,60.35284750450488,23863,8.84214055231949,23863,40.912710053220465,23863,12.651384989314002,23863,25.0,29.95775887356996,96.66227130377452,11729,10.438754557264383,23863,25.151908812806436,23863,1.8857645727695596,23863,65.69226496319956,51.04152201083183,14.650742952367727,28.703577744524555,348.38862559241704,13.928855690932467,16333,18.12470365101944,8436,83.86619301361752,6756,92.05788916343099,5666,60.594795539033456,807,27.538787023977434,2836,18.19767036339541,14337,38.90632628862384,14337,25.340029294831556,14337,17.402524935481622,14337,42.742554230313175,14337,47.36695264002232,14337,8.678078350272322,18.12470365101944,9.446625300747119,8436,7897,1.159963865389809,17.959731543624162,16.799767678234353,7450,6887,0.41424786382329337,8.380649717514125,7.966401853690831,5664,6042,26.039721609234427,11782,49.47377355287727,11782,2.2067560685791885,11782,6.586318112374809,11782,2.2491936852826346,11782,0.2885757935834323,11782,28.28891529451706,11782,70.76101468624833,70.43937371040175,16478,16478,11660,0.45454545454545453,58.41642228739003,58.146627565982406,8525,8525,47.402817857749106,11782,14.810728229502631,11782,30.78424715667968,11782,25.57703929943255,83.99346158682258,58.41642228739003,7953,8525,9.90493973858428,11782,7.706671193345782,11782,47.18214225089119,11782,5.253776947886607,11782,9.455101001527755,11782,7.774571380071295,11782,5.296214564590053,11782,2.469869292140553,11782,0.22067560685791887,11782,1.9691054150398914,11782,5.499915124766593,11782,1.587166864708878,11782,81.56979424213218,23863,18.216485772953945,23863,18.057243431253404,23863,44.72614507815447,23863,59.16272052969032,23863,62.385282655156516,23863,97.59056374092263,23823,86.87402929941653,23823,33.990775579560626,16478,28.921630357217815,23823,1.6076900474331528,23823,8.788375908132178,21335,2.2608338467857876,4869,3.543081293115109,16.430114162295585,25928.0,,,32.86158631415241,6430,48.02099533437014,6.640656653859588,14315,32.56011658974982,16468,19.662375516152537,16468,1.858149137721642,16468,5.531940733543842,16468,40.38741802283216,16468,1.2380143221264717,16478,0.3459157664765141,16478,0.22454181332686005,16478,0.0,16478,0.10316786017720597,16478,0.0,16478,0.1577861390945503,16478,0.05461827891734434,16478,0.0,16478,0.09709916251972327,16478,,,,,,,,,,,,0,,0,,0,,0,,0,12.478920741989882,1186,,95.40919077261077,21848,2.970523617722446,21848,6.430747597843919,21335,89.99196141479099,2488,1.8847332409856021,23823,14.021995286724273,5092,58.45824411134904,6538,24.671153257877027,6538,14.408075864178647,6538,4.588559192413582,6538,6538,3.6437748546956255,,,,0,0,0
060502,11354,5680,32.4555222828959,11354,59.17738242029241,11354,8.367095296811696,11354,42.240620045798835,11354,11.76677822793729,11354,25.0,29.449357054782457,99.8943661971831,5674,10.709881979918972,11354,24.61687511009336,11354,2.219482120838471,11354,68.98347968447686,54.844470903408244,14.139008781068611,25.780189959294436,387.89473684210526,13.50958360872439,7565,20.510815741464686,3837,80.30667468430548,3326,90.93972295020592,2671,55.58375634517766,394,20.711462450592887,1265,18.678506923540038,6644,51.12883804936785,6644,22.004816375677304,6644,7.992173389524383,6644,29.996989765201686,6644,34.391932570740515,6644,14.207167672795158,20.510815741464686,6.303648068669528,3837,3728,-0.7765942915483919,7.610305004441813,8.386899295990204,3377,3267,0.07343567657682737,6.456147540983607,6.3827118644067795,2440,2950,21.091997008227374,5348,51.92595362752431,5348,1.2528047868362004,5348,7.797307404637247,5348,0.5609573672400897,5348,0.4674644727000748,5348,21.652954375467463,5348,68.79979104087762,68.60389186365417,7657,7657,5268,0.2847380410022779,49.897066392177045,49.76839938239835,3886,3886,68.04412864622289,5348,10.639491398653702,5348,15.164547494390426,5348,38.38190470302316,88.2789710952002,49.897066392177045,3771,3886,6.581899775617053,5348,3.6275243081525805,5348,67.87584143605086,5348,3.141361256544503,5348,7.479431563201197,5348,3.6462228870605835,5348,1.963350785340314,5348,1.5519820493642482,5348,0.1682872101720269,5348,1.4958863126402393,5348,2.860882572924458,5348,1.4210919970082274,5348,89.62480183195349,11354,10.524925136515765,11354,7.539193235864013,11354,39.35177030121543,11354,33.168927250308265,11354,57.794609829135105,11354,98.31539954136532,11338,85.93226318574705,11338,18.897740629489356,7657,23.505027341682837,11338,0.7055918151349444,11338,9.028052153299091,10124,2.704481792717087,2142,4.203771289537713,18.322054864294547,13743.0,,,27.800061709348967,3241,46.63282937365011,5.196802895490876,6631,33.5077849012168,7643,25.382703127044355,7643,1.099044877665838,7643,6.2279209734397485,7643,33.782546120633256,7643,1.6847329241217186,7657,0.37873840929868097,7657,0.13059945148230379,7657,0.0,7657,0.026119890296460755,7657,0.026119890296460755,7657,0.19589917722345565,7657,0.039179835444691134,7657,0.0,7657,0.026119890296460755,7657,,,,,,,,,,,,0,,0,,0,,0,,0,17.272727272727273,550,,96.45506213274251,10381,1.8687987669781332,10381,3.8522323192414065,10124,92.58649093904448,1214,2.4783912506614922,11338,13.383045525902668,2548,55.010469638049656,3343,22.285372419982053,3343,19.56326652707149,3343,6.042476817230033,3343,3343,3.391564463057134,,,,0,0,0
060601,21991,10361,32.62698376608613,21991,60.542949388386155,21991,6.830066845527716,21991,42.585603201309624,21991,9.981356009276523,21991,24.0,28.28111500159156,112.24785252388766,11630,11.95943795188941,21991,25.492246828247918,21991,1.6233913873857486,21991,65.17199939912874,53.89064143007361,11.28135796905513,20.933797909407666,477.6964047936085,9.76029756164761,14518,13.039581777445855,6695,81.73676635215097,6253,88.2997456466445,5111,55.50295857988166,845,21.149144254278728,2454,13.007874015748031,12700,43.496062992125985,12700,30.070866141732285,12700,12.992125984251969,12700,43.06299212598425,12700,49.503937007874015,12700,6.085727757249,13.039581777445855,6.9538540201968555,6695,7823,-1.5206118676528941,12.170037709976002,13.690649577628896,5834,6866,-0.12900883835832389,7.640494137353434,7.769502975711758,4776,6217,30.794509955538373,10346,47.41929248018558,10346,1.3338488304658804,10346,3.1219795089889812,10346,1.4981635414653005,10346,0.21264256717572008,10346,32.292673497003676,10346,69.62521986199432,69.05696116898932,14782,14782,10292,0.8161678973960358,49.31145619689423,49.0184588338705,6826,6826,51.90411753334622,10346,11.666344480958825,10346,28.088150009665572,10346,37.74233968043106,87.05379587732529,49.31145619689423,7956,6826,10.409820220375025,10346,6.292286874154263,10346,47.506282621302915,10346,4.175526773632321,10346,7.2491784264450025,10346,7.046201430504543,10346,3.286294219988401,10346,3.4602745022230814,10346,4.397834912043302,10346,2.474386236226561,10346,4.310844770925962,10346,2.0780978155809007,10346,81.7698149242872,21991,14.11941248692647,21991,11.359192396889636,21991,38.94775135282616,21991,33.22268200627529,21991,50.51612023100359,21991,96.42434180559351,21954,82.93249521727247,21954,27.547016641861724,14782,33.02359478910449,21954,0.742461510430901,21954,12.423677946807409,19326,2.726540161164544,3847,3.912540657752078,14.022294472828612,21530.0,,,27.64454359546384,5379,45.809815950920246,6.680506128904706,12645,28.65080978518669,14757,26.719522938266586,14757,2.2497797655350005,14757,4.635088432608254,14757,37.74479907840347,14757,1.4950615613584088,14782,0.2705993776214315,14782,12.711405763766743,14782,0.04058990664321472,14782,0.8388580706264376,14782,0.006764984440535787,14782,0.12176971992964417,14782,0.033824922202678936,14782,0.006764984440535787,14782,0.05411987552428629,14782,,,,,,,,,,,,0,,0,,0,,0,,0,18.743961352657006,1035,,85.87465391391895,19865,11.09992449030959,19865,14.06912966987478,19326,87.32876712328768,2628,5.00136649357748,21954,13.621262458471762,4515,61.30227633668608,5667,21.139932945120876,5667,14.116816657843657,5667,3.493912122816305,5667,5667,3.8740074113287455,,,,0,0,0
070101,1444425,727908,29.542620766048774,1444425,66.44713294217422,1444425,4.010246291777005,1444425,40.87508870311716,1444425,6.272876750263946,1444425,23.0,26.606781245132147,98.43510443627491,716517,10.520172386935977,1444425,32.36111255343822,1444425,0.8032954289769285,1444425,50.495582837299004,44.460339307278026,6.035243530020973,13.574443254491811,736.6784635304273,1.4401383648675978,1003723,2.1461164024471233,511948,88.03378671498201,391870,59.857150311034324,344978,57.35763272011768,52347,23.527241368954407,233083,2.3635362951662775,875764,18.274443799927834,875764,47.72815507374133,875764,31.111463819019736,875764,78.83961889276107,875764,83.08711022604263,875764,1.440915853415554,2.1461164024471233,0.7052005490315694,511948,491775,-1.7180051395511882,30.269791097699656,31.987796237250844,446716,429048,-0.5439481486841338,10.750382645347079,11.294330794031213,429902,420588,49.73445005033493,677462,33.5850571692582,677462,3.430745931137097,677462,1.9409206715653424,677462,2.6141687651853536,677462,0.42186868045735404,677462,52.34861881552028,677462,67.19756055000015,66.25289477653656,1014327,1014327,681603,1.4058036716387692,55.684123873899985,54.85976649004626,517494,517494,3.327123882963177,677462,21.926100652139898,677462,62.847953095524176,677462,23.505664244039046,79.18978811793903,55.684123873899985,496833,517494,21.099781242342743,677462,9.337350286805755,677462,2.3449285716394423,677462,11.55562968845485,677462,10.002627453643157,677462,23.228166303054635,677462,7.461377907543154,677462,6.150455671314406,677462,0.9821953113237347,677462,2.0941395974977195,677462,3.853205050615385,677462,3.379230126560604,677462,57.84287865413573,1444425,22.563580663585856,1444425,22.373747338906487,1444425,9.871748273534452,1444425,46.0706509510705,1444425,33.0653374180037,1444425,97.84822331607404,1440577,78.64286324160389,1440577,18.858514068934376,1014327,25.61813773231143,1440577,2.1680895918788097,1440577,6.6795720282107585,1288870,1.9753410067200978,339876,2.5578569719051125,12.697445784198436,1085108.0,,,33.94699648617093,358014,41.746440083348695,10.658710107680424,871189,28.708790257901757,1011199,20.566970497399623,1011199,3.9163408982801604,1011199,2.9573802980422252,1011199,43.85051804837624,1011199,5.119355000902076,1014327,2.3770440893321383,1014327,1.135235481259988,1014327,1.6708615663390602,1014327,0.3129168404271995,1014327,0.28176317893539266,1014327,0.30355102447238413,1014327,0.019125982055096632,1014327,0.008084177982051154,1014327,0.09701013578461384,1014327,,,,,,,,,,,,0,,0,,0,,0,,0,12.816130420232346,83668,,88.03811541941967,1319466,8.271528027247387,1319466,19.712073366592442,1288870,83.47999762700469,151707,0.8433426328478103,1440577,8.528011282710084,286456,60.20727079848219,367635,13.04745195642417,367635,12.908727406258926,367635,1.402478001278442,367635,367635,3.918497966733309,,,,0,0,0
070102,55633,26985,37.01939496342099,55633,59.515036039760574,55633,3.465568996818435,55633,48.39753383783007,55633,5.19116351805583,55633,20.0,24.039203350529363,106.1626829720215,28648,12.981503783725486,55633,29.67842827099024,55633,0.6219330253626445,55633,68.02476593174268,62.20175173663546,5.823014195107218,9.361495508618598,1068.2053941908714,3.5054285054285055,34632,5.042317320300393,16778,84.05352050888352,18236,85.24921711899792,15328,43.639921722113506,2555,22.85,8000,5.789598348729402,29553,32.419720502148685,29553,48.878286468378846,29553,12.523263289682943,29553,61.40154975806179,29553,67.59381450275775,29553,2.981154555653815,5.042317320300393,2.061162764646578,16778,17854,0.7796433614945055,12.925312652833089,12.145669291338583,14313,15240,-0.25711231233479914,8.592397928092627,8.849510240427426,13128,14599,46.15851806863043,23051,35.942041560019085,23051,2.4684395470912324,23051,1.7656500802568218,23051,2.1734414992841957,23051,0.55962864951629,23051,48.33195956791462,23051,65.72016813931543,65.10251351119499,34971,34971,22983,0.939825088108602,47.333962486728794,46.79721599622508,16954,16954,13.817187974491345,23051,29.62127456509479,23051,45.00889332350007,23051,35.68762823314688,83.02159071987568,47.333962486728794,18017,16954,9.591774760314086,23051,10.264196781050714,23051,13.539542753025898,23051,18.4156869550128,23051,10.936618801787342,23051,16.276951108411783,23051,8.203548652986855,23051,4.958570127109453,23051,0.2776452214654462,23051,1.171315778057351,23051,2.685349876361112,23051,1.6138128497679058,23051,72.28803048550321,55633,18.37218916829939,55633,17.940790537990043,55633,12.120504017399744,55633,48.5377383926806,55633,38.27943846278288,55633,96.06992402693263,55546,71.12483347135708,55546,27.474192902690802,34971,24.790263925395166,55546,0.8767508011377957,55546,8.468684695123212,48331,2.682739819390015,11738,3.2824282498593136,14.40721984157901,46206.0,,,30.38485904339563,12628,40.86894203357618,8.197737618044703,29438,25.327172540466076,34844,28.954769831247848,34844,2.3217770634829527,34844,2.801056135920101,34844,40.59522442888302,34844,13.039375482542678,34971,1.1981355980669697,34971,1.2667638900803524,34971,3.1225872866089044,34971,0.5833404821137514,34971,0.18872780303680192,34971,0.6376712132910125,34971,0.048611706842812616,34971,0.014297560836121357,34971,0.15441365703011067,34971,,,,,,,,,,,,0,,0,,0,,0,,0,18.83916990920882,3084,,81.5218701048319,49794,14.545929228421095,49794,19.1967888104943,48331,78.72487872487872,7215,0.9577647355345119,55546,11.189985497290284,13101,69.28261543229006,12908,12.542609234583205,12908,11.767895878524946,12908,1.8438177874186552,12908,12908,4.303222807561203,,,,0,0,0
070103,15317,7160,35.117842919631784,15317,59.46987007899719,15317,5.412287001371026,15317,46.20356466671019,15317,8.657047724750278,15317,22.0,26.707449239407193,113.92458100558659,8157,11.340340797806359,15317,26.17353267611151,15317,0.9923614284781616,15317,68.15237677022725,59.05148753979581,9.100889230431441,15.41178657743075,648.854041013269,4.2265080016413625,9748,5.034375693058328,4509,87.30288756911735,4883,70.13840018766128,4263,63.95705521472393,652,23.394004282655246,1868,6.39618138424821,8380,32.004773269689736,8380,39.00954653937948,8380,21.706443914081145,8380,60.71599045346062,8380,65.52505966587113,8380,1.5031674472098837,5.034375693058328,3.531208245848444,4509,5239,3.111897012882217,23.386051335234637,20.27415432235242,3857,4523,0.46794692565274154,9.68167657887284,9.2137296532201,3531,4239,37.40185581727338,7005,33.4332619557459,7005,3.6973590292648106,7005,2.5124910778015703,7005,3.140613847251963,7005,0.371163454675232,7005,40.54246966452534,7005,70.05045408678103,69.63673057517659,9910,9910,6942,0.5906078939786805,52.85527462946818,52.37576285963383,4588,4588,37.558886509635975,7005,14.760885082084226,7005,36.059957173447536,7005,32.0188328489234,84.87410747839158,52.85527462946818,5322,4588,15.08922198429693,7005,11.448965024982156,7005,36.102783725910065,7005,5.010706638115631,7005,9.507494646680943,7005,9.507494646680943,7005,3.3690221270521055,7005,3.3832976445396143,7005,1.45610278372591,7005,1.284796573875803,7005,2.6409707351891507,7005,2.0842255531763025,7005,60.37082979695763,15317,14.010576483645622,15317,19.135600966246653,15317,12.9006985702161,15317,39.30926421623033,15317,39.04811647189398,15317,95.6169043569279,15286,78.02564438047887,15286,14.803229061553985,9910,24.892058092372107,15286,3.0550830825592046,15286,8.502472507196103,13549,2.4327323162274617,2884,3.323613642280656,13.625592417061617,12660.0,,,22.993311036789297,3588,45.92920847268673,8.636407416325548,8306,25.523226135783563,9795,25.9315977539561,9795,3.6140888208269524,9795,3.33843797856049,9795,41.59264931087289,9795,6.680121089808274,9910,0.6760847628657921,9910,1.7255297679112007,9910,1.7053481331987892,9910,0.22199798183652875,9910,0.4944500504540868,9910,0.4036326942482341,9910,0.010090817356205853,9910,0.030272452068617558,9910,0.050454086781029264,9910,,,,,,,,,,,,0,,0,,0,,0,,0,15.260545905707197,806,,87.11629917855599,13878,7.594754287361291,13878,19.07889881172042,13549,85.43465745538285,1737,1.5308125081774173,15286,10.592613799026624,3493,63.3415773564166,3639,18.713932399010716,3639,15.636163781258588,3639,2.9678483099752677,3639,3639,4.2006045616927725,,,,0,0,0
070104,89284,44360,33.663366336633665,89284,63.016889924286545,89284,3.31974373907979,89284,45.50535370279109,89284,5.11737825366247,89284,22.0,24.87892567537297,101.27141568981064,44924,11.584382420142466,89284,31.046996102325163,89284,0.6843331391962726,89284,58.68761552680222,53.41959334565619,5.2680221811460255,9.86159169550173,1014.0350877192982,2.894822589219873,58311,4.121906853828466,29137,86.89056631294899,27423,78.50428067819372,23828,52.02104097452935,3612,24.541629095281035,13308,4.4540575182247855,49932,31.120323640150605,49932,46.339021068653366,49932,17.599935912841463,49932,63.93895698149483,49932,69.5425779059521,49932,2.45261227646506,4.121906853828466,1.6692945773634058,29137,29174,-0.35670911415794393,17.421602787456447,17.77831190161439,24969,24963,-0.33114286933261283,9.013739085772984,9.344881955105597,23364,24101,45.66302101708583,39682,36.29353359205685,39682,2.547754649463233,39682,2.2554306738571643,39682,2.552794718008165,39682,0.5266871629454161,39682,48.215815735094,39682,67.09785420788312,66.40119041580006,59139,59139,39681,1.0382802852750688,52.22699448746999,51.63177652270959,29569,29569,12.950456126203317,39682,21.322009979335718,39682,55.087949196109065,39682,29.74121653721719,81.96821102468718,52.22699448746999,29570,29569,11.75091981250945,39682,11.443475631268585,39682,11.130991381482788,39682,8.973842044251802,39682,12.045763822387984,39682,20.03931253465047,39682,9.775212942896024,39682,5.657476941686407,39682,1.819464744720528,39682,1.3280580615896376,39682,2.9282798246056148,39682,2.2151101254977066,39682,71.8706599166704,89284,16.43519555575467,89284,19.276690112450158,89284,12.092872183145916,89284,54.921374490390214,89284,43.0021056404283,89284,97.60914178058381,89173,76.10038913123928,89173,24.198921185681193,59139,27.861572449059693,89173,1.4791472755206172,89173,8.430892555903654,78841,2.255791552280499,20763,2.867121364092277,13.732772254857661,70816.0,,,30.289006422364942,21176,40.45584624102758,8.736460786089477,49689,27.941326443892986,58834,25.910187986538396,58834,2.4900567698949585,58834,2.7348132032498214,58834,40.923615596423836,58834,8.980537378041562,59139,1.785623700096383,59139,1.5658026006526995,59139,0.7981196841339894,59139,0.3669321429175333,59139,0.1420382488713032,59139,0.19276619489676863,59139,0.011836520739275267,59139,0.01860024687600399,59139,0.03720049375200798,59139,,,,,,,,,,,,0,,0,,0,,0,,0,14.776176024279211,5272,,81.00497918133857,80937,13.510508173023462,80937,21.492624395936126,78841,84.42702284165699,10332,1.1472082356767184,89173,9.08365739355868,20058,67.58975786251044,21558,11.494572780406346,21558,10.789498098153818,21558,1.3312923276741813,21558,21558,4.136422673717414,,,,0,0,0
070105,49652,24366,33.521308305808425,49652,61.64102150970756,49652,4.837670184484009,49652,45.93571255941352,49652,7.196084749859018,49652,21.0,25.95428180133731,103.77575309857998,25286,11.274470313381133,49652,30.15387094175461,49652,1.059373237734633,49652,62.22962817748154,54.38149382474025,7.848134352741292,14.431627012737323,692.9225645295587,6.52595902018179,32455,9.334088620342397,15888,85.84881320949432,15504,86.34861006761834,13310,50.24850894632207,2012,25.892613791223766,7338,9.804420532208812,27508,38.73055111240367,27508,36.62207357859532,27508,14.439435800494401,27508,51.06150937908972,27508,56.572633415733605,27508,5.501167753559033,9.334088620342397,3.8329208667833643,15888,16567,2.142134473452371,15.536512667660208,13.394378194207837,13420,14088,0.10930175180504342,8.260233665080053,8.15093191327501,11555,13145,34.37609227542817,22888,44.04928346731912,22888,2.385529535127578,22888,3.045263893743446,22888,2.3986368402656413,22888,0.33205173016427825,22888,36.774729115693816,22888,68.80614226754066,68.25989317795582,32952,32952,22673,0.7938958232258634,52.8018844532606,52.411356310438876,16132,16132,29.220552254456482,22888,15.84673191191891,22888,44.5255155540021,22888,31.35388249085355,84.15576694411415,52.8018844532606,16820,16132,9.44162880111849,22888,8.074099965047186,22888,28.04089479203076,22888,7.3182453687521845,22888,8.384306186648026,22888,16.454037049982524,22888,8.812478154491437,22888,4.290457881859489,22888,1.1796574624257252,22888,0.8956658511010136,22888,3.5739252009786786,22888,2.241349178608878,22888,76.56287762829292,49652,11.089180697655683,49652,25.106742930798358,49652,13.890679126721984,49652,45.88737613791992,49652,41.70023362603722,49652,97.5092771861891,49584,79.01540819619233,49584,23.643481427530954,32952,36.5984995159729,49584,0.8329299774120684,49584,8.747442600591043,43990,2.4113680154142583,10380,3.367384982477071,17.84734152926214,44819.0,,,30.73952341824158,12170,43.004272801972064,7.374566558382305,27397,26.21335529727586,32781,26.42689362740612,32781,2.217748085781398,32781,3.8772459656508342,32781,41.264757023885785,32781,16.72736100995387,32952,0.743505705268269,32952,0.5401796552561301,32952,0.5128672007768876,32952,0.33685360524399127,32952,0.11835396941005098,32952,0.10924981791697014,32952,0.006069434328720563,32952,0.0030347171643602816,32952,0.009104151493080845,32952,,,,,,,,,,,,0,,0,,0,,0,,0,16.75886755613407,3073,,77.22991199752354,45226,19.159333126962366,45226,25.096612866560584,43990,86.64640686449768,5594,1.5085511455308165,49584,10.089567966280296,11388,65.3318262554497,12386,15.759728725980946,12386,12.869368642015178,12386,2.8176974002906507,12386,12386,4.003229452607783,,,,0,0,0
070201,96406,47407,35.882621413604966,96406,60.74310727548078,96406,3.3742713109142586,96406,46.99085119183453,96406,5.205070223844989,96406,21.0,24.541501566292553,103.35815385913473,48999,12.535526834429392,96406,29.31664004315084,96406,0.5995477459909134,96406,64.62773224043715,59.072745901639344,5.554986338797814,9.403636573873326,1063.4183830310483,3.0591030591030592,60606,4.477012648062638,29886,84.58145461674181,30606,77.20477459728822,25887,46.17213504517356,4206,22.629488044374483,13341,4.959296521004531,52084,31.72759388679825,52084,48.69441671146609,52084,13.891022194915905,52084,62.585438906381995,52084,69.03655633207894,52084,2.7973251480626384,4.477012648062638,1.6796875,29886,30720,-0.35394295722208646,13.711094622564143,14.06503757978623,25607,26477,-0.38130093765461837,8.693061362388615,9.074362300043234,23679,25443,48.839292378890796,40191,30.99450125650021,40191,2.5329053768256573,40191,1.6048369037844294,40191,2.266676619143589,40191,0.6742803115125277,40191,51.105968998034385,40191,65.03321989953005,64.44984605412412,61710,61710,40132,0.8970397687630818,47.26137670445211,46.74880893707902,30435,30435,12.530168445671917,40191,25.112587395187976,40191,49.49615585578861,40191,35.06636110530008,82.3277378097522,47.26137670445211,31275,30435,10.415267099599413,40191,11.880769326466124,40191,12.097235699534721,40191,12.059913911074618,40191,12.816302157199374,40191,17.772635664701053,40191,9.094075788111766,40191,5.222562265183748,40191,0.4329327461371949,40191,1.5177527307108556,40191,2.47816675375084,40191,1.7765171307009031,40191,67.57152044478559,96406,19.14196211854034,96406,13.316598551957346,96406,7.869842126008755,96406,37.57546210816754,96406,28.412132024977698,96406,96.4476759283303,96275,74.25188262788886,96275,30.26575919624048,61710,30.958192677226695,96275,0.9722150090885484,96275,12.508312749382481,84208,2.631322483188773,20522,3.2654959090001996,14.67875160747848,80872.0,,,30.386500672363685,23053,40.60031232377565,8.419804661057924,51705,24.40811265031736,61287,30.933150586584432,61287,3.207858110202816,61287,2.8994729714295038,61287,38.55140568146589,61287,8.911035488575596,61710,2.6981040350024306,61710,3.1793874574623238,61710,1.5653864851725814,61710,0.4472532814778804,61710,0.22038567493112948,61710,0.41646410630367847,61710,0.053475935828877004,61710,0.00810241451952682,61710,0.13612056392805055,61710,,,,,,,,,,,,0,,0,,0,,0,,0,20.694779862530186,5383,,84.06241710588534,86707,13.486800373672253,86707,18.970881626448794,84208,81.14692964282754,12067,1.537263048558816,96275,10.294652600945799,21992,67.50319013185879,23510,11.799234368353892,23510,12.90940025521055,23510,1.8417694598043386,23510,23510,4.095065929391748,,,,0,0,0
070202,12482,6048,37.50200288415318,12482,57.93943278320782,12482,4.558564332639,12482,50.0,12482,6.785771510975805,12482,19.5,24.6901137638199,106.38227513227513,6434,12.930620092933825,12482,29.145970197083802,12482,1.0334882230411793,12482,72.59402654867256,64.72621681415929,7.8678097345132745,12.15552232428968,822.6713532513181,3.5199376542408105,7699,4.470652770159078,3646,87.7840909090909,4224,66.50485436893204,3708,63.2495164410058,517,28.26214160327677,1709,6.098892528466698,6411,35.50148182810794,6411,47.65247231321167,6411,10.419591327406021,6411,58.072063640617685,6411,65.66838246763375,6411,1.8059599500258434,4.470652770159078,2.6646928201332347,3646,4053,2.663095989345388,11.829025844930417,9.165929855585029,3018,3393,0.24316113400539585,8.531521739130435,8.288360605125039,2760,3239,47.4809483488569,4724,24.49195596951736,4724,2.3285351397121086,4724,2.243861134631668,4724,2.0533446232006773,4724,0.4657070279424217,4724,49.53429297205758,4724,60.520913523222994,59.91788555298948,7794,7794,4717,0.9963960144159424,37.5237063126524,37.30696288268762,3691,3691,37.46824724809483,4724,13.80186282811177,4724,33.27688399661304,4724,43.68516524474463,81.20887155739703,37.5237063126524,4103,3691,8.55207451312447,4724,10.160880609652837,4724,37.32006773920406,4724,6.0330228619813715,4724,7.705334462320068,4724,9.779847586790856,4724,6.117696867061812,4724,3.0906011854360713,4724,0.14817950889077053,4724,1.3124470787468248,4724,3.683319220999153,4724,1.8204911092294667,4724,71.63114885435026,12482,14.909469636276238,12482,16.359557763178977,12482,12.353789456817818,12482,38.759814132350584,12482,34.32142284890242,12482,95.4939063502245,12472,77.22097498396408,12472,26.918142160636386,7794,20.56606799230276,12472,2.7261064785118667,12472,5.2941718073842186,10861,2.816876903001305,2299,3.7336244541484715,13.92451114142792,10995.0,,,23.098039215686274,2550,43.69607843137255,7.868075117370892,6390,19.86618630983016,7772,30.584148224395264,7772,2.779207411219763,7772,3.126608337622234,7772,43.64384971693258,7772,7.377469848601488,7794,0.6928406466512702,7794,2.258147292789325,7794,5.696689761354889,7794,1.206055940467026,7794,0.9366179112137542,7794,0.37208108801642287,7794,0.025660764690787787,7794,0.0,7794,0.06415191172696946,7794,,,,,,,,,,,,0,,0,,0,,0,,0,20.161290322580644,744,,85.59178204555606,11195,6.610093791871371,11195,14.197587699106895,10861,85.6610800744879,1611,1.2989095574085952,12472,9.653385163589245,3087,70.2304495655459,2647,16.924820551567812,2647,11.938043067623726,2647,2.19115980355119,2647,2647,4.71174914998111,,,,0,0,0
070301,52362,25503,39.74065161758527,52362,55.943241281845616,52362,4.316107100569115,52362,51.24326801879226,52362,6.388220465222871,52362,19.0,24.233203468163936,105.31702152687919,26859,13.593827584889805,52362,26.80760857110118,52362,0.8403040372789428,52362,78.75260301095825,71.03744921995016,7.715153791008091,10.860685280407516,920.7522123893805,4.088060421018802,31115,5.883912006360986,15092,82.61389583559857,18394,71.74256383258752,15196,39.965397923875436,2312,23.58071677767206,6306,6.1489541031338595,26102,38.449160983832655,26102,43.71695655505325,26102,11.16006436288407,26102,54.87702091793732,26102,62.89173243429622,26102,3.487357054104854,5.883912006360986,2.396554952256132,15092,16023,0.47174700136572056,11.401648998822143,10.929901997456422,12735,13367,-0.07290144338106863,8.081197687462248,8.154099130843317,11589,12771,33.76541104234686,20521,41.128599970761655,20521,2.027191657326641,20521,3.5329662297159006,20521,1.885873008138005,20521,0.3898445494858925,20521,35.65128405048487,20521,64.72063492063492,64.31746031746032,31500,31500,20387,0.6229459949968117,46.661434830946305,46.3606042770257,15291,15291,41.10910774328737,20521,14.877442619755373,20521,33.82388772476975,20521,35.09561372232656,81.75704855327287,46.661434830946305,16209,15291,9.190585254129916,20521,9.136981628575606,20521,41.01651966278447,20521,8.644802884849666,20521,6.023098289557039,20521,10.759709565810633,20521,4.600165683933532,20521,3.913064665464646,20521,0.09258808050289948,20521,1.432678719360655,20521,4.088494712733298,20521,1.6276009941036012,20521,78.49012642756198,52362,14.693861960964059,52362,9.55463886024216,52362,28.02986898896146,52362,50.129865169397654,52362,51.93651884954738,52362,95.14312484463736,52297,68.78214811557068,52297,68.25079365079365,31500,28.28460523548196,52297,1.3155630342084632,52297,11.698313636967201,45186,3.2660531697341515,9780,4.216913521261348,13.979292756271178,52542.0,,,27.16337187616561,10724,42.837374114136516,7.594145965723089,25965,29.45410535702911,31398,26.406140518504362,31398,1.891840244601567,31398,2.758137460984776,31398,39.48977641888018,31398,5.301587301587301,31500,0.9714285714285714,31500,0.43174603174603177,31500,62.98095238095238,31500,0.35873015873015873,31500,0.08253968253968254,31500,0.1873015873015873,31500,0.04126984126984127,31500,0.0,31500,0.07936507936507936,31500,,,,,,,,,,,,0,,0,,0,,0,,0,23.025623025623027,2849,,87.50241411128516,46601,6.049226411450398,46601,10.967998937724074,45186,77.0074532414569,7111,2.3615121326271105,52297,12.057579580025228,13477,72.95654540506214,11023,15.884967794611267,11023,10.124285584686564,11023,1.3154313707702077,11023,11023,4.744352717046176,,,,0,0,0
070302,11327,5466,37.27377063653218,11327,57.473293899532095,11327,5.252935463935729,11327,49.35110797210206,11327,7.539507371766575,11327,20.0,25.618698684559018,107.22649103549213,5861,12.580559724551955,11327,26.28233424560784,11327,1.094729407610135,11327,73.99385560675883,64.85407066052227,9.13978494623656,14.092846991946944,709.5798319327731,4.421768707482993,7056,6.491228070175438,3420,85.4388635210553,3942,74.73277909738718,3368,46.23217922606925,491,25.0,1296,5.892341653931058,5889,45.30480556970623,5889,39.616233655968756,5889,9.016811003565971,5889,48.633044659534725,5889,55.3914077092885,5889,4.015980545422963,6.491228070175438,2.4752475247524752,3420,3636,-0.6893507410754154,8.663883089770355,9.35323383084577,2874,3015,-0.10760970666449854,7.523518164435947,7.631127871100445,2615,2917,27.586206896551722,4437,48.32093757043047,4437,1.352265043948614,4437,3.4933513635339195,4437,1.104349785891368,4437,0.2704530087897228,4437,28.69055668244309,4437,62.114599465014784,61.93157820639166,7103,7103,4412,0.29465095194922936,43.235379691591504,43.17718940936864,3437,3437,49.13229659679964,4437,13.545188190218616,4437,28.172188415596125,4437,36.57913203781385,79.81451172940535,43.235379691591504,3666,3437,9.172864548118097,4437,5.949966193373902,4437,48.9745323416723,4437,8.72210953346856,4437,4.665314401622718,4437,8.924949290060852,4437,4.21455938697318,4437,2.1636240703177823,4437,0.1577642551273383,4437,0.7888212756366915,4437,5.409060175794456,4437,1.6677935542032905,4437,86.20111238633353,11327,11.097377946499515,11327,9.472940761013508,11327,26.73258585680233,11327,32.12677672817163,11327,42.34130837821135,11327,97.56291390728477,11325,76.0,11325,84.02083626636633,7103,16.60927152317881,11325,0.22075055187637968,11325,8.131313131313131,9900,3.2373761208117036,2119,4.341958041958042,13.044183218483985,12335.0,,,26.15144418423107,2562,44.06986729117877,7.120428644327267,5879,27.194589263068902,7097,34.08482457376356,7097,1.338593772016345,7097,2.9871776807101593,7097,34.39481471044103,7097,2.491904828945516,7103,0.30972828382373646,7103,0.39419963395748275,7103,84.28832887512318,7103,0.014078558355624384,7103,0.183021258623117,7103,0.12670702520061947,7103,0.0,7103,0.0,7103,0.04223567506687315,7103,,,,,,,,,,,,0,,0,,0,,0,,0,23.583460949464012,653,,93.67771025289159,10202,4.361889825524407,10202,6.767676767676767,9900,87.64912280701755,1425,2.163355408388521,11325,7.501720578114246,2906,69.91184361824453,2609,17.89957838252204,2609,12.073591414334993,2609,2.2997316979685705,2609,2609,4.340743579915676,,,,0,0,0
070303,6139,2859,37.8563283922463,6139,58.41342238149536,6139,3.730249226258348,6139,48.574686431014825,6139,5.701254275940707,6139,20.0,24.47695064342727,114.72542847149353,3280,14.334582179508063,6139,27.62664929141554,6139,0.7818863007004399,6139,71.19353039598438,64.80758505298382,6.385945343000558,9.853700516351118,1014.8471615720524,3.3475026567481403,3764,5.021432945499082,1633,82.17054263565892,1935,93.9622641509434,1590,50.57915057915058,259,17.454068241469816,762,5.015479876160991,3230,38.080495356037154,3230,47.73993808049536,3230,8.885448916408668,3230,56.62538699690403,3230,64.55108359133126,3230,2.9566746160762754,5.021432945499082,2.0647583294228062,1633,2131,1.1868390129259687,9.565217391304348,8.378378378378379,1380,1850,0.01388361949446093,8.130708661417323,8.116825041922862,1270,1789,39.521640091116176,2634,32.30827638572513,2634,2.6195899772209565,2634,1.442672741078208,2634,1.5565679574791191,2634,0.4176157934700076,2634,41.07820804859529,2634,68.48453067645517,68.06502359727321,3814,3814,2612,0.6125574272588055,45.27961515333734,45.159350571256766,1663,1663,45.33029612756264,2634,15.034168564920273,2634,28.891419893697798,2634,41.14530348915452,86.42491864249186,45.27961515333734,2151,1663,8.618071374335612,2634,7.099468488990129,2634,45.10250569476082,2634,11.693242217160213,2634,3.2270311313591495,2634,9.187547456340168,2634,4.745634016704631,2634,3.340926347760061,2634,0.22779043280182232,2634,1.5186028853454823,2634,3.7585421412300684,2634,1.4806378132118452,2634,89.70516370744421,6139,7.59081283596677,6139,4.723896400065157,6139,17.429548786447302,6139,34.04463267633165,6139,40.022805017103764,6139,94.8997881701157,6137,72.46211503992178,6137,55.82066072364971,3814,15.528759980446472,6137,0.7984357177774156,6137,8.729554963864587,5258,3.03480714957667,1063,3.783743475018643,12.678855325914151,5032.0,,,28.81057268722467,1135,42.01850220264317,7.689537410742005,3221,26.990801576872535,3805,29.90801576872536,3805,1.971090670170828,3805,2.3653088042049935,3805,38.76478318002628,3805,0.6030414263240692,3814,0.47194546407970633,3814,0.47194546407970633,3814,50.47194546407971,3814,1.7042475091767173,3814,0.34084950183534346,3814,0.26219192448872575,3814,0.0,3814,0.0,3814,0.05243838489774515,3814,,,,,,,,,,,,0,,0,,0,,0,,0,26.470588235294116,306,,94.52332657200812,5423,2.5815969020837173,5423,5.058957778623051,5258,78.38452787258248,879,0.9939709956004562,6137,13.678242381289865,1411,73.62817362817363,1221,14.823914823914825,1221,6.87960687960688,1221,1.0647010647010646,1221,1221,5.026208026208026,,,,0,0,0
070401,12879,5945,34.10202655485674,12879,59.48443202111965,12879,6.413541424023604,12879,46.64182001708207,12879,9.511608044102802,12879,21.0,27.16367730413852,116.63582842724979,6934,11.476046276884851,12879,27.07508346921345,12879,1.1646866992778941,12879,68.11121263542618,57.329330374624725,10.781882260801462,18.806921675774134,531.7191283292979,5.913084777962479,8422,8.57516339869281,3825,86.67310478029937,4142,93.56545961002786,3590,61.62162162162162,555,23.97553516819572,1635,8.649789029535865,7110,41.378340365682135,7110,39.029535864978904,7110,10.632911392405063,7110,49.66244725738397,7110,56.34317862165963,7110,4.87709944393971,8.57516339869281,3.6980639547531,3825,4597,0.9190751555817229,11.135235732009926,10.216160576428203,3224,3886,-0.07833297416094442,7.826950354609929,7.9052833287708735,2820,3653,35.55262165220672,5302,42.47453791022256,5302,1.5654470011316484,5302,2.6593738211995475,5302,1.150509241795549,5302,0.3583553376084496,5302,36.703130894002264,5302,62.23272297696397,61.87832250443,8465,8465,5268,0.5694760820045558,40.23407022106632,39.86996098829649,3845,3845,44.718973972086005,5302,15.164089023010185,5302,30.87514145605432,5302,40.30705532005922,80.54112554112554,40.23407022106632,4620,3845,8.374198415692192,5302,8.506224066390041,5302,43.32327423613731,5302,5.3564692568841945,5302,9.468125235760091,5302,9.26065635609204,5302,4.168238400603546,5302,4.526593738211996,5302,1.3956997359486987,5302,1.4334213504337985,5302,2.8291210863824974,5302,1.4900037721614485,5302,81.72218339933225,12879,10.3424178895877,12879,8.36245050081528,12879,11.53816290084634,12879,41.56378600823045,12879,37.47961798276264,12879,96.39772815685055,12853,75.19645219015015,12853,46.23744831659776,8465,40.325215902902045,12853,0.7935890453590602,12853,12.052747252747253,11375,3.1078178694158076,2328,4.121298046628859,14.195999379748802,12898.0,,,27.768911586338973,3133,46.5426109160549,7.167183972911964,7088,22.845999290863965,8461,31.76929440964425,8461,2.3046921167710672,8461,4.042075404798487,8461,39.03793877792223,8461,18.96042528056704,8465,1.1577082102776137,8465,1.4057885410513882,8465,1.6066154754873005,8465,0.31896042528056706,8465,0.20082693443591257,8465,0.5434140578854105,8465,0.03544004725339634,8465,0.0,8465,0.02362669816893089,8465,,,,,,,,,,,,0,,0,,0,,0,,0,18.513323983169705,713,,81.30345535408827,11692,16.832021895313034,11692,22.892307692307693,11375,81.12313937753721,1478,2.217381156150315,12853,11.158940397350994,3020,61.93146417445483,3210,20.8411214953271,3210,16.105919003115265,3210,4.299065420560748,3210,3210,4.00404984423676,,,,0,0,0
070402,20093,9642,36.261384561787686,20093,58.49300751505499,20093,5.245607923157318,20093,48.49947742995073,20093,7.878365599960185,20093,20.0,25.432638232220175,108.39037544077992,10451,12.118648285472553,20093,29.084755885134125,20093,1.0700243866022994,20093,70.96060580277376,61.99268271930571,8.967923083468051,14.466099368652209,691.2713472485768,5.675782798256044,12615,8.461025982678214,6004,88.36200448765894,6685,64.3304553919079,5907,65.49375709421112,881,24.811218985976268,2781,8.29167059711348,10601,36.81728138854825,10601,41.23195924912744,10601,12.979907555890954,10601,54.211866805018396,10601,60.51315913593057,10601,5.3147546167729045,8.461025982678214,3.146271365905309,6004,6611,0.9530264061018396,13.486312399355878,12.533285993254038,4968,5633,0.1287154297825026,8.409953703703703,8.2812382739212,4320,5330,35.75896078903055,8314,40.78662496993024,8314,2.525859995188838,8314,2.4536925667548712,8314,1.828241520327159,8314,0.49314409429877315,8314,37.58720230935771,8314,64.80162767039674,64.32428202519759,12779,12779,8281,0.736626011351286,45.45454545454545,45.043564030905806,6083,6083,38.465239355304305,8314,15.876834255472696,8314,36.492662978109216,8314,36.92299337460628,82.37753882915173,45.45454545454545,6696,6083,9.249458744286745,8314,7.830165985085398,8314,38.15251383209045,8314,8.010584556170315,8314,7.625691604522492,8314,13.062304546547992,8314,5.184026942506615,8314,4.125571325475102,8314,0.31272552321385616,8314,1.3230695212893915,8314,4.06543180178013,8314,2.165022853019004,8314,75.20031851888717,20093,12.745732344597622,20093,15.35360573333997,20093,12.59642661623451,20093,48.07146767530981,20093,38.68013736127009,20093,95.82315705527589,20063,70.48796291681204,20063,37.24078566397997,12779,30.748143348452373,20063,0.8473309076409311,20063,8.19104883997958,17629,2.726187317590873,3769,3.7016585760517797,15.183534202850701,18171.0,,,34.17917034421889,4532,44.07325684024713,7.615822965143888,10529,20.939534154183985,12751,28.68794604344757,12751,2.399811779468277,12751,3.57619010273704,12751,44.39651792016313,12751,14.782064324282025,12779,0.6651537679004617,12779,0.7355818139134518,12779,0.9938179826277487,12779,0.2504108302684091,12779,0.1486814304718679,12779,0.17215744580953127,12779,0.007825338445887784,12779,0.0,12779,0.01565067689177557,12779,,,,,,,,,,,,0,,0,,0,,0,,0,17.860016090104587,1243,,82.32927299785041,18143,14.99200793694538,18143,22.04322423279823,17629,85.94905505341002,2434,1.5451328315805213,20063,11.074718526100307,4885,67.88100883811167,4639,18.6893727096357,4639,12.80448372494072,4639,3.211899116188834,4639,4639,4.324854494503126,,,,0,0,0
070403,50558,23187,32.841488982950274,50558,63.83757268879307,50558,3.3209383282566556,50558,44.66948850824795,50558,5.591597768899086,50558,22.0,25.462004034969738,118.04459395350842,27371,11.794374777483286,50558,30.647968669646744,50558,0.5775544918707227,50558,56.64756003098373,51.44539116963594,5.2021688613477926,10.112021199710913,988.9219773674806,5.348523459751162,33355,8.550084889643463,14725,83.92964221467119,15009,82.4164483607208,12597,45.27736131934033,2001,20.839008444565515,7342,8.194546279808666,28641,39.55169163087881,28641,39.677385566146434,28641,12.188820222757585,28641,51.86620578890402,28641,57.74938025906917,28641,5.732049462912384,8.550084889643463,2.818035426731079,14725,18630,0.9058450612417204,12.702768138164798,11.796923076923077,12391,16250,0.04194368934402348,8.11103859779974,8.069094908455716,10726,15457,25.583010006126198,24485,55.57688380641209,24485,2.1360016336532572,24485,3.124361854196447,24485,1.1966510108229529,24485,0.3348989177047172,24485,26.779661016949152,24485,71.80250552689756,71.30729550478998,33925,33925,24359,0.6896834845437004,53.220971287722335,52.79461728066085,15011,15011,45.6034306718399,24485,12.660812742495406,24485,32.72615887277925,24485,33.32867447731944,86.54964576504177,53.220971287722335,18914,15011,7.11455993465387,24485,4.770267510720849,24485,44.73759444557893,24485,5.603430671839902,24485,6.996120073514397,24485,13.918725750459465,24485,5.615683071268124,24485,3.87175821931795,24485,0.8658362262609761,24485,0.6371247702675107,24485,2.1482540330814786,24485,1.4008576679599756,24485,71.03722457375687,50558,8.641560188298588,50558,18.926777166818308,50558,14.405237548953677,50558,47.294196764112506,50558,34.574152458562445,50558,96.90425763543873,50521,75.87735793036559,50521,46.81503316138541,33925,42.459571267393756,50521,0.7066368440846381,50521,11.841130932346012,44565,2.604183346677342,9992,3.3491312505098296,15.054266236802594,40633.0,,,31.423917469797747,14734,39.74759060675988,7.40490711531721,28530,25.28990651993847,33804,29.949118447521002,33804,2.6032422198556384,33804,2.999645012424565,33804,39.158087800260326,33804,37.179071481208545,33925,1.8747236551215918,33925,0.6632277081798084,33925,0.5423728813559322,33925,0.5689019896831246,33925,0.14443625644804717,33925,1.1731761238025056,33925,0.079587324981577,33925,0.6897568165070007,33925,0.06779661016949153,33925,,,,,,,,,,,,0,,0,,0,,0,,0,20.324653364896854,2957,,63.72007768346172,45827,32.954371876841165,45827,43.66655447099742,44565,82.47145735392881,5956,2.357435521862196,50521,9.27067046813207,10873,53.604620286776424,15064,9.532660647902283,15064,25.03983005841742,15064,2.1906532129580456,15064,15064,3.3537573021773763,,,,0,0,0
070404,9191,4167,35.349798716135346,9191,59.81938853225982,9191,4.830812751604831,9191,46.197366989446195,9191,7.779349363507779,9191,22.0,25.997715156130997,120.56635469162467,5024,12.055271461212055,9191,27.16788162332717,9191,0.913937547600914,9191,67.16987995634776,59.09421607857403,8.075663877773735,13.665743305632502,731.7567567567568,4.053823880088571,5871,6.138996138996139,2590,86.11300204220558,2938,55.29644268774704,2530,57.00712589073634,421,21.345291479820627,1115,6.387621503669907,5041,38.82166236857766,5041,42.70977980559413,5041,11.644514977187066,5041,54.354294782781196,5041,60.42451894465384,5041,3.7311936397581014,6.138996138996139,2.4078024992380374,2590,3281,2.1883451427736667,12.88259479214253,10.694249649368864,2189,2852,0.1735726687260879,8.185656154628688,8.0120834859026,1966,2731,40.77409931840312,4108,38.29113924050633,4108,1.8987341772151898,4108,1.9717624148003894,4108,1.7283349561830574,4108,0.4625121713729309,4108,42.50243427458617,4108,68.82263769580597,68.48576722250294,5937,5937,4086,0.48947626040137054,45.922256097560975,45.73170731707317,2624,2624,51.46056475170399,4108,12.804284323271665,4108,25.53554040895813,4108,41.03820270111092,86.9604587986719,45.922256097560975,3313,2624,7.400194741966894,4108,7.156767283349562,4108,51.314508276533594,4108,4.844206426484908,4108,7.789678675754625,4108,7.4732229795520935,4108,3.505355404089581,4108,2.6777020447906525,4108,0.1460564751703992,4108,1.0467380720545278,4108,3.72444011684518,4108,1.4605647517039921,4108,71.22184745947122,9191,17.54977695571755,9191,19.725818735719727,9191,15.1996518333152,9191,48.928299423348925,9191,41.78000217604178,9191,96.58138268916711,9185,70.85465432770822,9185,36.71888159002864,5937,36.7773543821448,9185,2.7000544365813828,9185,9.767269126021292,8078,2.7917906008328375,1681,3.6038251366120218,14.216622120402189,7857.0,,,28.716707021791766,2065,43.143825665859566,7.554891412631998,5019,26.648630368616843,5914,27.849171457558334,5914,2.4010821778829894,5914,2.942171119377748,5914,40.158944876564085,5914,16.489809668182584,5937,1.2969513222166078,5937,0.875863230587839,5937,2.7286508337544215,5937,0.15159171298635674,5937,0.2358093313121105,5937,0.18527876031665824,5937,0.0,5937,0.0,5937,0.0,5937,,,,,,,,,,,,0,,0,,0,,0,,0,21.58859470468432,491,,75.99663784822286,8328,12.788184438040346,8328,24.387224560534786,8078,88.16621499548329,1107,2.2536744692433315,9185,10.313253012048193,2075,63.612099644128115,2248,15.391459074733095,2248,15.836298932384341,2248,2.224199288256228,2248,2248,4.085854092526691,,,,0,0,0
070501,28922,13511,37.4870340916949,28922,58.93091764055045,28922,3.5820482677546504,28922,48.433718276744344,28922,5.5148329991010305,28922,20.0,24.487967637092872,114.06261564651025,15411,13.425765852983888,28922,27.954498305787983,28922,0.7502938939215822,28922,69.69021356489087,63.61182820934053,6.07838535555034,9.555432577015312,1046.5250965250966,1.7328398384925976,17832,2.4462933068421706,8053,76.31160572337043,9435,49.43055555555556,7200,37.2093023255814,1290,23.98593834505138,3698,4.406557377049181,15250,37.68524590163934,15250,46.4,15250,10.681967213114755,15250,57.08196721311475,15250,67.16065573770491,15250,1.3009819253103165,2.4462933068421706,1.145311381531854,8053,9779,-1.5923858626708025,9.80620719801836,11.398593060689162,6863,8387,-0.3354678208900488,8.128786701879758,8.464254522769806,6437,8015,33.3928419620845,11763,39.496727025418686,11763,1.9127773527161438,11763,2.8564141800561083,11763,2.1168069370058658,11763,0.44206409929439766,11763,35.509648899090365,11763,64.41466386089267,64.15439140547126,18058,18058,11632,0.4040577716643741,39.46078431372549,39.240196078431374,8160,8160,40.5168749468673,11763,15.965314970670747,11763,32.01564226812888,11763,45.52608171981664,84.98686603354213,39.46078431372549,9898,8160,8.849783218566692,11763,8.21219076766131,11763,38.043016237354415,11763,6.724475048882088,11763,9.053812802856415,11763,9.334353481254782,11763,5.53430247385871,11763,3.255972115956814,11763,2.4738587095128795,11763,1.241179971095809,11763,3.485505398282751,11763,1.4962169514579613,11763,64.2590415600581,28922,17.5402807551345,28922,12.270935619943296,28922,21.475001728787774,28922,36.110919023580664,28922,41.4113823387041,28922,96.37257277352809,28891,75.07874424561282,28891,48.46051611474139,18058,27.548371465162163,28891,5.005018864006092,28891,14.153206460898769,25012,3.321527502967946,5054,4.082685732048493,11.602760736196316,26080.0,,,27.74108322324967,4542,43.286217525319245,7.924424755355726,15124,40.12770682953914,18010,18.428650749583564,18010,1.932259855635758,18010,2.6152137701277067,18010,36.89616879511382,18010,3.6936537822571713,18058,0.8251190608040757,18058,0.4540923690331155,18058,42.97818141543914,18058,0.45963008085059254,18058,0.07752796544467826,18058,0.14398050725440248,18058,0.011075423634954036,18058,0.016613135452431056,18058,0.044301694539816146,18058,,,,,,,,,,,,0,,0,,0,,0,,0,14.058171745152354,1444,,60.107043127520946,25784,4.96819733167856,25784,14.648968495122341,25012,83.83604021655066,3879,2.5648125713890138,28891,14.122137404580153,6812,71.77015040493637,5186,15.522560740455072,5186,8.542229078287697,5186,1.1569610489780178,5186,5186,5.570960277670652,,,,0,0,0
070502,37866,18068,40.891564992341415,37866,56.43849363545133,37866,2.669941372207257,37866,52.99741192626631,37866,4.230708287117731,37866,18.0,22.401996514023136,109.57493911888422,19798,15.708023028574447,37866,29.208260708815295,37866,0.5281783129984683,37866,77.1840344391933,72.45332459875532,4.730709840437977,6.529320588995092,1531.5529179030664,2.1853225952402497,22102,3.101449275362319,10350,74.93659211436477,13011,48.97435897435897,9750,42.80841387151791,1759,23.807706982067913,5242,5.334710968513785,18389,39.66501712980586,18389,47.909076078090166,18389,6.835608244058948,18389,54.74468432214911,18389,66.47996084615804,18389,1.72296050749302,3.101449275362319,1.3784887678692987,10350,11752,-0.4458725976422988,6.597384399813172,7.043256997455471,8564,9825,-0.352580725211582,7.374827629434624,7.727408354646206,7977,9384,28.053097345132745,15820,38.50189633375474,15820,2.256637168141593,15820,11.504424778761061,15820,0.7332490518331226,15820,0.3223767383059418,15820,28.786346396965865,15820,69.48371510379384,69.13922691481747,22352,22352,15531,0.4957826282918035,48.726023475522474,48.487451092661516,10479,10479,52.16814159292036,15820,10.2275600505689,15820,23.520859671302148,15820,39.07823829488097,87.80426177040344,48.726023475522474,11873,10479,5.347661188369153,15820,6.18204804045512,15820,52.08596713021492,15820,5.701643489254109,15820,4.361567635903919,15820,9.671302149178256,15820,3.527180783817952,15820,2.8381795195954487,15820,0.08217446270543616,15820,0.48672566371681414,15820,2.427307206068268,15820,0.8217446270543616,15820,52.81254951671684,37866,7.043257803834575,37866,40.84138805260656,37866,29.802461310938572,37866,55.32139650345957,37866,56.23250409338193,37866,94.96880287648054,37824,72.85850253807106,37824,47.39173228346457,22352,36.33936125211506,37824,8.925549915397632,37824,11.864885208882198,31884,3.263719741392272,6651,3.958594730238394,11.422787738577211,31122.0,,,20.101066816395285,7124,39.86608646827625,7.15140115581725,18342,41.14421823738259,22251,19.082288436474766,22251,1.3797132713136488,22251,2.076311177025752,22251,36.31746887780324,22251,5.073371510379385,22352,0.5681818181818182,22352,0.8992483894058697,22352,14.44613457408733,22352,0.15658554044380815,22352,0.22369362920544023,22352,0.4876521116678597,22352,0.044738725841088046,22352,0.004473872584108805,22352,0.22369362920544023,22352,,,,,,,,,,,,0,,0,,0,,0,,0,11.858246251703772,2201,,46.16384522370012,33080,6.792623941958888,33080,30.118554761008657,31884,79.88215488215488,5940,1.7317047377326564,37824,14.766756032171582,9325,72.92059219380889,7430,10.63257065948856,7430,6.554508748317631,7430,1.1440107671601616,7430,7430,5.0907133243607,,,,0,0,0
070503,15641,7413,32.12070839460392,15641,61.49862540758264,15641,6.380666197813439,15641,46.37810881657183,15641,9.609360015344288,15641,22.0,27.817466913880185,110.9941993794685,8228,9.83952432708906,15641,28.227095454254844,15641,1.4704942139249408,15641,62.6052604220813,52.229961534463044,10.375298887618255,19.86464968152866,503.4068136272545,2.059103908484271,10490,2.8670899037476962,4883,89.28356411800121,4983,39.312204989885366,4449,62.755102040816325,588,25.106182161396884,2119,3.827202933425003,8727,24.624727856078835,8727,54.54337114701501,8727,16.557809098200984,8727,71.101180245216,8727,78.82433826057064,8727,1.5116413572879137,2.8670899037476962,1.3554485464597825,4883,5607,-2.342477320088813,15.328994938539408,17.67147225862822,4149,4578,-0.5615445392484109,9.414522292993631,9.976066832242042,3925,4429,40.11025726695623,5986,39.02439024390244,5986,2.1550283995990647,5986,2.1717340461075842,5986,1.6371533578349482,5986,0.5178750417641163,5986,41.74741062479118,5986,56.378561992828836,55.9445178335535,10598,10598,5975,0.7698744769874477,41.66161309884779,41.3786133009905,4947,4947,24.89141329769462,5986,19.79619111259606,5986,44.7043100567992,5986,27.60046440955781,69.2620775084056,41.66161309884779,5651,4947,13.548279318409623,5986,8.770464416972937,5986,24.607417307049783,5986,7.2836618777146676,5986,12.278650183762112,5986,12.880053458068828,5986,5.813564984964918,5986,4.443701971266288,5986,0.28399599064483794,5986,4.477113264283328,5986,6.6321416638823925,5986,2.104911460073505,5986,66.3384694073269,15641,27.600537050060737,15641,6.182469151588773,15641,7.1990281951281885,15641,26.78856850585001,15641,31.155296975896682,15641,97.94454760837549,15617,80.67490555164244,15617,59.388563879977355,10598,31.126336684382405,15617,0.8004098098226292,15617,15.40701804233556,14078,2.8417721518987342,2686,3.9503042596348883,14.808554898264315,15383.0,,,32.53691275167785,3725,47.36187919463087,9.301220073664824,8688,30.136986301369863,10585,19.17808219178082,10585,2.541332073689183,10585,4.440245630609353,10585,43.70335380255078,10585,2.3683713908284583,10598,2.97225891677675,10598,0.26420079260237783,10598,51.103981883374225,10598,0.09435742592942065,10598,0.05661445555765239,10598,0.14153613889413097,10598,0.018871485185884128,10598,0.0,10598,0.06605019815059446,10598,,,,,,,,,,,,0,,0,,0,,0,,0,14.949037372593432,883,,95.34948289026168,14407,2.380787117373499,14407,8.481318369086518,14078,88.23911630929175,1539,2.5613113914324135,15617,8.51516764236296,3758,60.44386422976501,3830,21.096605744125327,3830,16.266318537859007,3830,3.2637075718015667,3830,3830,4.077545691906005,,,,0,0,0
070601,17885,8674,32.83198210791166,17885,60.68213586804585,17885,6.4858820240424935,17885,44.506569751188145,17885,9.264746994688286,17885,22.0,27.260441710930948,106.19091537929444,9211,11.976516634050881,17885,28.63852390271177,17885,1.2188985183114343,17885,64.79314475260297,54.10485580023956,10.688288952363402,19.754768392370572,506.2068965517241,3.509361094786332,11911,4.317789291882556,5790,88.44915735656126,5281,71.09826589595376,4671,69.91869918699187,738,33.38557993730407,2552,5.279624560031286,10228,28.27532264372311,10228,41.66992569417286,10228,24.3351583887368,10228,66.00508408290966,10228,71.3433711380524,10228,1.5731397248183505,4.317789291882556,2.7446495670642053,5790,6121,4.692633394536887,26.738825415915013,22.046192021378126,4989,5239,0.4134448873584322,9.925161290322581,9.511716402964149,4650,4993,50.98220171390903,7585,28.37178642056691,7585,1.951219512195122,7585,2.0435069215557022,7585,2.4390243902439024,7585,0.35596572181938035,7585,53.421226104152936,7585,63.165347771761766,62.59058725531029,12005,12005,7583,0.9099301068178821,47.51627269612881,47.05378554299418,5838,5838,27.25115359261701,7585,15.359261700725115,7585,46.855636123928804,7585,30.463295975834868,77.97956867196368,47.51627269612881,6167,5838,19.4726433750824,7585,11.008569545154911,7585,27.000659195781147,7585,6.618325642715886,7585,8.609096901779829,7585,11.470006591957812,7585,6.420566908371787,7585,3.164139749505603,7585,0.2504943968358603,7585,1.7798286090969018,7585,13.078444297956493,7585,2.6763348714568225,7585,75.87922840369025,17885,28.51551579535924,17885,9.644953871959743,17885,10.444506569751189,17885,34.911937377690805,17885,35.784176684372376,17885,96.87255231061877,17874,76.96654358285778,17874,39.10870470637234,12005,18.014993845809556,17874,1.264406400358062,17874,5.942922519544906,15733,2.49812734082397,3471,3.3929170159262365,12.687542800224117,16063.0,,,32.099975496201914,4081,46.5746140651801,9.170382009231071,10183,24.43721860930465,11994,30.031682507920628,11994,2.993163248290812,11994,3.701850925462731,11994,38.83608470902118,11994,4.223240316534778,12005,0.4331528529779259,12005,0.9496043315285297,12005,0.5664306538942108,12005,0.06663890045814244,12005,0.11661807580174927,12005,0.3665139525197834,12005,0.008329862557267805,12005,0.0,12005,0.04997917534360683,12005,,,,,,,,,,,,0,,0,,0,,0,,0,20.841487279843445,1022,,93.30034024126199,16165,4.268481286730591,16165,6.578529206127248,15733,84.63334890238207,2141,1.2979747118719929,17874,9.105180533751962,3822,67.04789135096497,4197,22.206337860376458,4197,11.26995472956874,4197,3.0497974743864664,4197,4197,4.258756254467476,,,,0,0,0
070602,19217,8620,35.10953842951553,19217,59.879273559868864,19217,5.011188010615601,19217,45.6366758599157,19217,7.847218608523703,19217,22.0,26.5425924962273,122.93503480278422,10597,12.03621793203934,19217,25.820887755633034,19217,0.9418743820575532,19217,67.00269401234031,58.63387503258886,8.368818979751456,14.273010226767452,700.6230529595016,6.033010813887308,12299,9.050899349406812,5226,83.34723844485232,5993,86.74674674674675,4995,57.49414519906323,854,22.25201072386059,2238,8.48302454622402,10633,46.46854133358413,10633,36.87576413053701,10633,7.918743534280072,10633,44.794507664817075,10633,51.95147183297282,10633,5.247704099866306,9.050899349406812,3.803195249540506,5226,7073,0.5894779905053529,8.260577568838146,7.671099578332793,4467,6166,0.20566640402609426,7.345501285347043,7.139834881320949,3890,5814,31.73855261568201,8277,46.284885828198625,8277,1.6310257339615803,8277,2.3680077322701463,8277,1.4498006524102935,8277,0.24163344206838228,8277,33.18835326809231,8277,66.16384498114418,65.70649121399342,12463,12463,8246,0.6912442396313364,39.449368282104466,39.18536677352442,5303,5303,58.10076114534252,8277,9.761991059562643,8277,22.61689017760058,8277,46.50035238828659,85.94972067039106,39.449368282104466,7160,5303,6.487857919536064,8277,6.693246345294189,8277,57.43626917965447,8277,4.748097136643712,8277,4.893077201884741,8277,7.478555032016431,8277,3.624501631025734,8277,2.5250694696145946,8277,0.6644919656880512,8277,0.49534855624018365,8277,3.40703153316419,8277,1.0390238008940438,8277,84.6229900608836,19217,9.48639225685591,19217,9.054483009835042,19217,14.466357912265181,19217,36.08263516677941,19217,36.06702398917625,19217,95.10620574760516,19208,68.5027072053311,19208,39.781753991815776,12463,42.74781341107872,19208,0.5258225739275302,19208,10.51074155175475,16897,3.2126081582200245,3236,4.1306474149976715,15.418252030211821,17609.0,,,26.773085471812486,4949,43.244897959183675,6.59749198566849,10606,20.381396845831993,12428,35.09011908593499,12428,2.341486964917927,12428,3.1380753138075312,12428,39.04892178950757,12428,25.194575944796597,12463,0.8585412821952981,12463,1.3800850517531895,12463,1.123325042124689,12463,0.18454625692048462,12463,0.18454625692048462,12463,0.33699751263740674,12463,0.0,12463,0.008023750300890637,12463,0.04814250180534382,12463,,,,,,,,,,,,0,,0,,0,,0,,0,24.70334412081985,927,,77.0979624726603,17374,19.60976171290434,17374,23.95099721844114,16897,80.74426655127651,2311,2.8894210745522697,19208,12.005616662766206,4273,59.84158415841584,5050,15.465346534653465,5050,19.702970297029704,5050,2.871287128712871,5050,5050,3.8035643564356434,,,,0,0,0
070603,6069,2902,36.200362497940354,6069,59.20250453122426,6069,4.597132970835393,6069,47.71791069368924,6069,7.563025210084033,6069,21.0,25.34733893557423,109.131633356306,3167,13.379469434832757,6069,28.225407810182897,6069,0.7909045971329708,6069,68.91177289173393,61.14667408850543,7.7650988032285,12.699135184342285,787.4551971326165,2.412165705296277,3814,3.1666666666666665,1800,87.14211348256117,1921,78.31541218637993,1674,63.095238095238095,252,22.208436724565757,806,3.381942289792119,3223,31.678560347502327,3223,53.180266832143964,3223,11.262798634812286,3223,64.44306546695626,3223,70.80359913124418,3223,1.4288315127441242,3.1666666666666665,1.7378351539225423,1800,2014,0.8660505849371809,11.725516322451698,10.859465737514517,1501,1722,-0.17290000167697883,8.691608391608392,8.864508393285371,1430,1668,56.622936944562,2363,19.974608548455354,2363,2.5391451544646637,2363,1.311891663140076,2363,1.4811680067710538,2363,0.5078290308929327,2363,58.10410495133305,2363,61.059431524547804,60.361757105943155,3870,3870,2363,1.1426153195090987,37.40416210295729,36.91128148959474,1826,1826,22.048243757934827,2363,27.211172238679644,2363,35.04020313161236,2363,44.787618718960516,82.1917808219178,37.40416210295729,2044,1826,9.818027930596699,2363,13.457469318662717,2363,21.455776555226407,2363,22.048243757934827,2363,4.612780363944139,2363,11.17223867964452,2363,5.0359712230215825,2363,4.485823106220906,2363,0.5924672027084215,2363,1.184934405416843,2363,3.1739314430808294,2363,1.4388489208633093,2363,62.135442412259025,6069,33.432196407974956,6069,14.104465315537979,6069,10.347668479156368,6069,41.01169879716593,6069,36.74410940846927,6069,96.76940827427065,6067,77.33641008735783,6067,35.736434108527135,3870,38.19020932915774,6067,0.5933739904400858,6067,9.457659372026642,5255,2.7082228116710874,1131,3.5625841184387617,14.532539834901137,5209.0,,,22.304832713754646,1345,44.77695167286245,8.454942313688806,3207,22.568902756110244,3846,29.7191887675507,3846,2.4700988039521583,3846,3.5361414456578264,3846,41.70566822672907,3846,1.524547803617571,3870,0.31007751937984496,3870,5.167958656330749,3870,1.317829457364341,3870,0.2842377260981912,3870,0.15503875968992248,3870,0.4909560723514212,3870,0.23255813953488372,3870,0.0,3870,0.05167958656330749,3870,,,,,,,,,,,,0,,0,,0,,0,,0,21.568627450980394,357,,89.63538774754765,5403,5.774569683509162,5403,9.153187440532825,5255,90.27093596059113,812,1.813087193011373,6067,11.508220157255183,1399,71.14825581395348,1376,17.51453488372093,1376,8.938953488372093,1376,2.1075581395348837,1376,1376,4.409156976744186,,,,0,0,0
070701,5366,2445,37.53261274692508,5366,56.37346254193068,5366,6.093924711144242,5366,47.40961610137905,5366,8.87066716362281,5366,21.0,26.328177413343273,119.4683026584867,2921,11.926947446887812,5366,24.89750279537831,5366,1.3417815877748789,5366,77.38842975206612,66.57851239669421,10.809917355371901,16.236345580933467,615.9021406727828,7.387387387387387,3330,9.688346883468835,1476,88.00666296501943,1801,92.30283911671924,1585,53.78151260504202,238,23.538961038961038,616,10.384215991692628,2889,38.42159916926272,2889,38.87158186223607,2889,12.287988923502942,2889,51.15957078573901,2889,57.39010038075459,2889,4.13279132791328,9.688346883468835,5.555555555555555,1476,1854,-2.3629628476404907,10.962145110410095,13.325107958050586,1268,1621,-0.7578996450735165,7.6999076638965835,8.4578073089701,1083,1505,33.41535433070866,2032,41.38779527559055,2032,1.624015748031496,2032,2.411417322834646,2032,1.8208661417322836,2032,0.0984251968503937,2032,35.23622047244095,2032,60.32219570405728,59.96420047732697,3352,3352,2022,0.5934718100890207,31.085637221847605,30.950775455158464,1483,1483,53.1496062992126,2032,11.122047244094489,2032,27.066929133858267,2032,52.43496202908872,83.52059925093633,31.085637221847605,1869,1483,11.761811023622048,2032,6.889763779527559,2032,51.37795275590551,2032,3.3464566929133857,2032,7.431102362204724,2032,5.068897637795276,2032,5.3641732283464565,2032,3.001968503937008,2032,1.7716535433070866,2032,0.44291338582677164,2032,5.019685039370079,2032,1.7716535433070866,2032,86.50764070070817,5366,9.672008945210585,5366,3.9321654863958257,5366,22.1393961982855,5366,20.033544539694372,5366,37.77487886693999,5366,94.5769660827432,5366,81.5132314573239,5366,62.73866348448687,3352,41.744316064107345,5366,0.2609019754006709,5366,14.409648751586966,4726,3.3333333333333335,933,4.438271604938271,15.303615303615302,5698.0,,,23.55140186915888,1070,46.777570093457946,7.2738919667590025,2888,26.776119402985074,3350,32.80597014925373,3350,2.7761194029850746,3350,4.537313432835821,3350,33.1044776119403,3350,3.460620525059666,3352,0.5071599045346062,3352,51.252983293556085,3352,0.17899761336515513,3352,0.2386634844868735,3352,0.029832935560859187,3352,0.08949880668257756,3352,0.029832935560859187,3352,0.0,3352,0.0,3352,,,,,,,,,,,,0,,0,,0,,0,,0,24.0,250,,52.99215848122163,4846,45.27445315724309,4846,49.02666102412188,4726,75.46875,640,3.242638837122624,5366,8.88888888888889,1305,70.3225806451613,1085,24.055299539170505,1085,10.32258064516129,1085,2.672811059907834,1085,1085,4.945622119815668,,,,0,0,0
070702,32186,15467,41.546013794817625,32186,54.315540918411735,32186,4.138445286770645,32186,52.923631392530915,32186,6.3008761573354874,32186,18.0,23.554806437581558,108.0946531324756,16719,14.795252594295656,32186,26.325110296402162,32186,0.7580935810600883,32186,84.10936963734126,76.49010410708156,7.619265530259696,9.96111277295842,1003.9039039039039,3.461350956069552,18461,5.745554035567715,8772,79.11003376331054,11551,75.09301816590063,9138,51.232711966325915,1663,20.44227307791206,3889,5.838284680960992,15484,42.52777060191165,15484,37.386980108499095,15484,11.560320330663911,15484,48.94730043916301,15484,55.35391371738569,15484,4.352221390299886,5.745554035567715,1.3933326452678294,8772,9689,-4.0257023017845395,9.47467166979362,13.50037397157816,7462,8022,-0.9296454983629525,7.269773796872628,8.19941929523558,6587,7577,26.500445235975068,11230,38.79786286731968,11230,2.01246660730187,11230,5.040071237756011,11230,1.460373998219056,11230,0.3116651825467498,11230,27.960819234194123,11230,59.25,58.65425531914894,18800,18800,11139,1.0054762546009517,37.47763864042934,37.220483005366724,8944,8944,48.16562778272485,11230,10.436331255565449,11230,25.39626001780944,11230,41.53007239853169,79.00771103896103,37.47763864042934,9856,8944,9.510240427426536,11230,6.455921638468388,11230,46.74977738201247,11230,5.60106856634016,11230,4.568121104185218,11230,7.969723953695459,11230,2.5556544968833483,11230,1.9234194122885129,11230,1.4158504007123776,11230,1.1487088156723064,11230,4.799643811219947,11230,1.4692787177203919,11230,80.78046355558317,32186,9.827254085627292,32186,10.038526067234201,32186,8.954203691045796,32186,12.098427887901572,32186,18.741067544895294,32186,91.83400683866957,32170,71.94902082685732,32170,57.31382978723404,18800,22.912651538700654,32170,6.963009014609885,32170,8.872997920391112,27409,3.676937984496124,5160,4.609324758842444,15.523326702175444,31166.0,,,22.10796915167095,6224,43.74903598971722,7.2825192460844175,15068,27.759376001709583,18718,28.838551127257187,18718,1.677529650603697,18718,3.8572497061651885,18718,37.86729351426435,18718,3.5,18800,0.776595744680851,18800,54.29255319148936,18800,0.2765957446808511,18800,0.0851063829787234,18800,0.05851063829787234,18800,0.06382978723404255,18800,0.005319148936170213,18800,0.005319148936170213,18800,0.015957446808510637,18800,,,,,,,,,,,,0,,0,,0,,0,,0,13.574938574938574,1628,,40.84764854970431,28408,34.923261053224444,28408,36.17789777080521,27409,74.5431632010082,4761,2.3251476530929436,32170,10.035622159439873,8141,73.75798162280019,6421,16.523905933655193,6421,8.923843638062607,6421,1.8532938794580283,6421,6421,5.010123033795359,,,,0,0,0
070703,26434,12108,38.15162290988878,26434,58.1939925853068,26434,3.6543845048044186,26434,49.73140652190361,26434,5.84852841038057,26434,20.0,24.13743663463721,118.3184671291708,14326,13.728531436785957,26434,28.57304986002875,26434,0.6809412120753575,26434,71.83904309952545,65.5593837352922,6.279659364233244,9.578582052553298,1043.9958592132505,3.917423206068897,16082,5.611530926392387,7146,76.87059095640106,8647,67.57935910937265,6647,48.418024928092045,1043,22.636746143057504,3565,5.771348850870108,13619,55.305088479330344,13619,30.641016227329466,13619,8.062265951978853,13619,38.70328217930832,13619,43.975328585064986,13619,3.04886306605219,5.611530926392387,2.562667860340197,7146,8936,-2.2733826770234487,6.795955577656224,9.069338254679673,6033,7586,-0.6678033243570249,6.411679623937805,7.07948294829483,5531,7272,32.908630770573346,11459,38.51994065799808,11459,1.7628065276202112,11459,5.052796928178724,11459,1.1344794484684528,11459,0.22689588969369054,11459,34.0431102190418,11459,69.03142804631501,68.74349077988114,16323,16323,11268,0.41711040113596026,46.24293395836206,46.06369778022887,7253,7253,57.745003927044245,11459,9.8525176716991,11459,20.315908892573525,11459,41.0117518189257,87.25468577728776,46.24293395836206,9070,7253,5.846932542106641,11459,6.4490793262937425,11459,55.73784797975391,11459,4.1539401343921805,11459,5.445501352648574,11459,6.326904616458679,11459,2.949646566017977,11459,2.7925647962300375,11459,2.0071559472903395,11459,0.9250370887511999,11459,2.4696744916659394,11459,0.916310323762981,11459,60.823182265264435,26434,7.724899750321556,26434,14.49269879700386,26434,21.994401150034047,26434,32.465763789059544,26434,39.509722327305745,26434,95.45540617307329,26405,74.91762923688695,26405,25.932732953501194,16323,29.67998485135391,26405,4.162090513160386,26405,9.35194942044257,22776,3.185720741075463,4426,4.149964589235127,13.811083340515385,23206.0,,,22.329403358342265,5598,42.275812790282245,6.385900360585768,13589,33.85968171403802,16149,25.01702891819927,16149,1.6595454826924267,16149,2.5450492290544307,16149,36.91869465601585,16149,8.54009679593212,16323,0.7290326533112785,16323,12.614102799730441,16323,0.46560068614837957,16323,0.30018991606934997,16323,0.28181094161612447,16323,0.17153709489677144,16323,0.030631624088709182,16323,0.012252649635483674,16323,0.12252649635483673,16323,,,,,,,,,,,,0,,0,,0,,0,,0,13.985507246376812,1380,,57.735945268346576,23533,10.746611141800875,23533,27.07674745345978,22776,79.27803802700468,3629,2.2647225904184816,26405,15.85250551528522,6346,67.75461380724539,5852,13.174982911825017,5852,11.876281613123718,5852,1.760082023239918,5852,5852,4.512132604237867,,,,0,0,0
070704,5052,2528,36.18368962787015,5052,57.46239113222486,5052,6.353919239904988,5052,47.86223277909739,5052,8.986539984164688,5052,21.0,26.292953285827394,99.84177215189874,2524,12.688044338875693,5052,26.444972288202692,5052,1.1480601741884402,5052,74.02686875645884,62.96934205993799,11.05752669652084,17.560175054704594,569.4704049844237,6.597549481621112,3183,7.309184993531694,1546,91.2669126691267,1626,66.77897574123989,1484,69.45812807881774,203,24.919614147909968,622,10.851851851851851,2700,29.0,2700,40.111111111111114,2700,19.74074074074074,2700,59.851851851851855,2700,66.4074074074074,2700,1.3837115665310833,7.309184993531694,5.925473427000611,1546,1637,-2.661458387647226,18.38733986435569,21.048798252002914,1327,1373,-0.4534103228913118,9.112262521588946,9.565672844480257,1158,1241,35.326688815060905,1806,38.03986710963455,1806,2.2148394241417497,1806,4.761904761904762,1806,3.266888150609081,1806,0.2768549280177187,1806,38.59357696566999,1806,56.90779261099038,55.6969885128842,3221,3221,1833,2.127659574468085,39.910600255427845,38.95274584929757,1566,1566,36.157253599114064,1806,14.008859357696567,1806,39.64562569213732,1806,33.080336300463394,72.99093655589124,39.910600255427845,1655,1566,16.389811738648948,1806,9.02547065337763,1806,35.603543743078625,1806,6.146179401993355,1806,7.751937984496124,1806,8.637873754152825,1806,3.820598006644518,1806,2.990033222591362,1806,0.5537098560354374,1806,3.5437430786267994,1806,8.084163898117387,1806,2.159468438538206,1806,78.89944576405384,5052,15.577988915281077,5052,3.8598574821852734,5052,13.004750593824228,5052,10.253365003958828,5052,40.49881235154394,5052,95.5824088748019,5048,72.48415213946117,5048,46.56938838869916,3221,34.42947702060222,5048,0.17828843106180667,5048,10.415248468345814,4407,3.001180637544274,847,3.92734693877551,12.523599748269355,4767.0,,,32.0822162645219,1119,46.90527256478999,8.301263001485884,2692,32.514765309294376,3217,18.091389493316754,3217,3.543674230649674,3217,5.03574759092322,3217,40.81442337581598,3217,3.0425333747283454,3221,1.11766532132878,3221,38.124805960881716,3221,0.03104625892579944,3221,0.03104625892579944,3221,0.03104625892579944,3221,0.06209251785159888,3221,0.0,3221,0.0,3221,0.0,3221,,,,,,,,,,,,0,,0,,0,,0,,0,13.618677042801556,257,,70.45806594379287,4519,25.558751936269086,4519,29.339686861810755,4407,82.6833073322933,641,2.3969889064976226,5048,6.995884773662551,1215,66.43776824034335,1165,22.317596566523605,1165,11.244635193133048,1165,3.2618025751072963,1165,1165,4.333047210300429,,,,0,0,0
070705,12273,6128,42.45905646541188,12273,52.43216817404058,12273,5.108775360547543,12273,53.47510796056384,12273,7.69168092560906,12273,18.0,23.984600342214616,100.27741514360314,6145,14.120426953475109,12273,24.949075205736168,12273,1.0021999511121975,12273,90.72261072261072,80.97902097902097,9.743589743589743,12.03223949337939,831.1004784688995,6.098783106657122,6985,9.075293444030919,3493,86.92291174575907,4657,93.3794466403162,4048,48.86535552193646,661,34.59500378501136,1321,10.529926256216772,5831,40.25038586863317,5831,38.12382095695421,5831,10.92436974789916,5831,49.04819070485337,5831,56.95421025553078,5831,5.953873054569293,9.075293444030919,3.1214203894616266,3493,3492,-4.0287224667530275,8.930390492359932,12.959112959112959,2945,2886,-0.6516271675745466,7.499001996007984,8.150629163582531,2505,2702,29.219409282700422,3792,38.58122362869198,3792,1.529535864978903,3792,6.962025316455696,3792,1.1867088607594938,3792,0.26371308016877637,3792,30.406118143459917,3792,53.328611898016995,52.70538243626062,7060,7060,3765,1.1686586985391767,30.06517427033154,29.92349107395863,3529,3529,56.4873417721519,3792,7.726793248945148,3792,20.780590717299578,3792,46.51369857022354,76.57887284055508,30.06517427033154,3531,3529,9.941983122362869,3792,7.383966244725738,3792,55.537974683544306,3792,3.111814345991561,3792,4.456751054852321,3792,4.219409282700422,3792,1.5559071729957805,3792,2.0042194092827006,3792,0.9493670886075949,3792,0.7120253164556962,3792,6.408227848101266,3792,1.5559071729957805,3792,84.29071946549335,12273,12.637496944512344,12273,3.389554306200603,12273,17.13517477389391,12273,20.04399902224395,12273,41.82351503299927,12273,94.29502852485737,12270,79.30725346373268,12270,81.20396600566572,7060,23.814180929095354,12270,0.1466992665036675,12270,6.320584606624276,10537,3.7616309461578674,1913,4.933459357277883,20.328430228033312,12849.0,,,31.816266329540667,2373,45.39823008849557,6.977323483937468,5821,16.89679715302491,7025,35.587188612099645,7025,1.8362989323843417,7025,4.640569395017794,7025,41.03914590747331,7025,1.6288951841359773,7060,0.26912181303116145,7060,82.40793201133144,7060,0.19830028328611898,7060,0.08498583569405099,7060,0.22662889518413598,7060,0.0708215297450425,7060,0.0,7060,0.0,7060,0.0,7060,,,,,,,,,,,,0,,0,,0,,0,,0,20.211161387631975,663,,28.61733382298935,10892,68.573264781491,10892,65.50251494732846,10537,80.95787651471437,1733,2.8687856560717195,12270,8.637577916295637,3369,74.34747145187602,2452,20.26916802610114,2452,8.809135399673735,2452,2.365415986949429,2452,2452,5.004078303425775,,,,0,0,0
070706,33838,17510,30.90312666233229,33838,62.707606832555115,33838,6.389266505112595,33838,43.23837106211951,33838,9.385897511673267,33838,23.0,27.85002068680182,93.24957167332953,16328,9.988770021868906,33838,29.927891719368755,33838,1.409657781192742,33838,59.47028606437627,49.281304491257835,10.188981573118431,20.67514583532562,483.67252543940793,3.266450916936354,23175,4.642798757560896,12234,92.41696678671468,9996,71.64970772894566,9238,68.18996415770609,1116,28.276269185360093,5082,4.928513894482481,19864,21.415626258558195,19864,42.02074103906565,19864,30.95046314941603,19864,72.97120418848168,19864,77.7839307289569,19864,2.915351540670301,4.642798757560896,1.727447216890595,12234,10941,-1.9138907624606851,30.058457476899868,31.972348239360553,10606,9258,-0.4014900361661855,10.498879380603096,10.900369416769282,9816,8933,44.75470533785869,12964,35.62172169083616,12964,2.429805615550756,12964,2.275532243134835,12964,2.854057389694539,12964,0.609379821042888,12964,47.60876272755323,12964,56.225639268428495,55.0306249196899,23347,23347,13127,2.1253904166984077,45.062429057888764,44.211123723042,12334,12334,9.649799444615859,12964,18.543659364393704,12964,60.64486269669855,12964,23.665438008305728,68.72786706619449,45.062429057888764,11013,12334,20.965751311323665,12964,10.907127429805616,12964,6.703178031471768,12964,7.142857142857143,12964,11.084541808083925,12964,18.952483801295898,12964,7.682813946312867,12964,5.330145016970071,12964,2.9466214131440913,12964,2.931194075902499,12964,7.513113236655354,12964,3.9108299907435975,12964,60.63892665051126,33838,34.05934156865063,33838,8.534783379632366,33838,12.695785802943437,33838,45.242035581299135,33838,44.24611383651516,33838,98.10622873206096,33795,83.46205059920106,33795,24.919689895918104,23347,32.80366918183163,33795,0.5326231691078562,33795,13.063344400249827,30421,2.2628436545404056,7202,3.1431815937592575,14.981500382750701,31352.0,,,39.97126092683511,8351,46.02742186564483,10.093420519059205,19728,30.06908981676179,23303,17.68012702227181,23303,3.9994850448440116,23303,4.990773720121873,23303,43.26052439600051,23303,3.310917890949587,23347,0.8352250824517069,23347,16.41752687711483,23347,0.12849616653103182,23347,0.11992975542896303,23347,0.034265644408275155,23347,0.02141602775517197,23347,0.004283205551034394,23347,0.0,23347,0.008566411102068789,23347,,,,,,,,,,,,0,,0,,0,,0,,0,11.14914425427873,2045,,84.81933138131858,31079,12.10141896457415,31079,19.555570165346307,30421,87.72969768820391,3374,2.5240420180500074,33795,6.564925667675306,7601,59.28087788932991,8566,20.81484940462293,8566,15.269670791501284,8566,2.8367966378706515,8566,8566,3.9452486574830727,,,,0,0,0
070707,5087,2496,33.57578140357775,5087,61.43109887949676,5087,4.993119716925496,5087,46.825240809907605,5087,7.39138981718105,5087,21.0,26.15588755651661,103.80608974358974,2591,10.5956359347356,5087,30.174955769608808,5087,1.2974248083349715,5087,62.784,54.656,8.128,14.8711943793911,672.4409448818898,3.991659219541257,3357,5.525197328476017,1647,86.23798076923077,1664,78.25783972125436,1435,50.270270270270274,185,24.331926863572434,711,6.511627906976744,2795,31.556350626118068,2795,42.25402504472272,2795,17.0304114490161,2795,59.284436493738816,2795,66.18962432915922,2795,3.0105774454350818,5.525197328476017,2.5146198830409356,1647,1710,-3.516897081413209,15.268817204301076,18.785714285714285,1395,1400,-0.3251366696920446,8.876712328767123,9.201848998459168,1241,1298,42.5,1840,31.032608695652176,1840,1.684782608695652,1840,3.4782608695652173,1840,2.6630434782608696,1840,0.7608695652173914,1840,45.16304347826087,1840,54.30855789161978,53.77554042049156,3377,3377,1834,0.9814612868047983,37.21351025331725,36.85162846803377,1658,1658,27.880434782608695,1840,16.08695652173913,1840,40.380434782608695,1840,33.583464732139404,70.79697498545666,37.21351025331725,1719,1658,13.58695652173913,1840,12.445652173913043,1840,27.119565217391305,1840,5.869565217391305,1840,10.0,1840,10.815217391304348,1840,4.456521739130435,1840,3.6956521739130435,1840,0.7608695652173914,1840,4.076086956521739,1840,5.380434782608695,1840,2.880434782608696,1840,84.78474542952624,5087,14.468252408099076,5087,6.034991153921761,5087,11.775113033221938,5087,37.92018871633576,5087,54.31492038529585,5087,95.35889872173058,5085,80.7669616519174,5085,47.941960319810484,3377,28.338249754178957,5085,0.21632251720747295,5085,9.39287285525737,4546,2.645127118644068,944,3.5987654320987654,11.661996119853413,4639.0,,,34.1871921182266,1015,47.2807881773399,8.419331128261668,2721,23.435182438445565,3371,22.01127261940077,3371,3.203797092850786,3371,5.072678730347078,3371,46.2770691189558,3371,2.3097423748889545,3377,0.769914124962985,3377,40.74622445957951,3377,0.08883624518803672,3377,0.17767249037607344,3377,0.029612081729345572,3377,0.029612081729345572,3377,0.0,3377,0.0,3377,0.0,3377,,,,,,,,,,,,0,,0,,0,,0,,0,11.960132890365449,301,,83.95538395538395,4662,14.757614757614757,4662,18.961724593048835,4546,78.29313543599258,539,2.6352015732546707,5085,10.849056603773585,1272,67.05426356589147,1032,20.44573643410853,1032,9.98062015503876,1032,2.2286821705426356,1032,1032,4.9273255813953485,,,,0,0,0
070801,17208,8439,28.771501627150162,17208,60.90771734077173,17208,10.320781032078104,17208,39.16201766620177,17208,14.109716410971641,17208,27.0,31.220943747094374,103.9104159260576,8769,10.001162250116225,17208,24.84890748489075,17208,2.5511390051139005,17208,64.1828069840664,47.23785898292148,16.94494800114493,35.87154110280751,278.77252252252254,5.571192052980132,12080,7.322033898305085,5900,88.80105401844533,4554,89.68842729970326,4044,68.36555360281196,569,27.53474009264025,1943,8.144028654915637,10609,37.496465265340746,10609,34.65925157884815,10609,19.210104628145913,10609,53.86935620699406,10609,59.063059666321045,10609,3.422357522900554,7.322033898305085,3.899676375404531,5900,6180,2.438363720011015,20.44801838024124,18.009654660230225,5223,5386,0.22452428999588925,8.747418244406196,8.522893954410307,4648,5045,28.59913301391741,8766,50.92402464065709,8766,2.0305726671229753,8766,3.6618754277891856,8766,1.0495094684006387,8766,0.4791238877481177,8766,29.648642482318046,8766,71.01094234852197,70.61081169361424,12246,12246,8696,0.5634774609015639,56.497080900750625,56.11342785654712,5995,5995,47.148072096737394,8766,12.365959388546658,8766,31.770476842345424,8766,28.433330233467906,84.93041113421853,56.497080900750625,6251,5995,12.388774811772759,8766,7.004334930412959,8766,47.02258726899384,8766,4.642938626511522,8766,7.540497376226329,8766,9.148984713666438,8766,2.589550536162446,8766,3.1485284052019167,8766,0.12548482774355466,8766,1.186402007757244,8766,6.970111795573808,8766,2.270134610997034,8766,67.09669920966992,17208,24.674569967456996,17208,21.48419339841934,17208,19.299163179916317,17208,51.06927010692701,17208,44.37470943747094,17208,97.86565862169235,17195,79.99418435591741,17195,17.793565245794547,12246,32.48618784530387,17195,0.5292236115149753,17195,13.659860429051434,15476,2.2506963788300838,3231,3.411117658613239,14.441733472754736,17214.0,,,34.01883528733423,5203,48.63386507783971,7.875722269584162,10557,33.71053710537105,12195,18.82738827388274,12195,3.321033210332103,12195,6.314063140631406,12195,37.8269782697827,12195,1.4127061897762534,12246,0.34296913277804997,12246,0.3021394741139964,12246,0.2694757471827536,12246,0.25314388371713215,12246,0.08165931732810713,12246,0.02449779519843214,12246,0.0,12246,0.0,12246,0.008165931732810714,12246,,,,,,,,,,,,0,,0,,0,,0,,0,17.8743961352657,828,,93.41423334597395,15822,2.79357856149665,15822,6.577927112949083,15476,89.06340895869691,1719,3.4021517883105554,17195,8.270458502611724,3446,50.94233998880388,5359,26.441500279902968,5359,19.817130061578652,5359,6.307146855756671,5359,5359,3.2086210113827205,,,,0,0,0
070802,2135,1027,26.463700234192036,2135,63.37236533957845,2135,10.163934426229508,2135,35.78454332552693,2135,13.723653395784543,2135,28.0,31.59578454332553,107.88704965920155,1108,11.241217798594848,2135,25.57377049180328,2135,2.529274004683841,2135,57.79748706577975,41.759053954175904,16.038433111603844,38.4070796460177,260.36866359447004,3.954081632653061,1568,5.740987983978638,749,89.40936863543789,491,94.53302961275627,439,65.15151515151516,66,23.931623931623932,234,7.081545064377682,1398,32.61802575107296,1398,46.566523605150216,1398,13.51931330472103,1398,60.08583690987125,1398,66.80972818311874,1398,3.4210856640763176,5.740987983978638,2.31990231990232,749,819,2.9741127220118813,15.082956259426847,12.108843537414966,663,735,-0.05453709116347838,8.799331103678929,8.853868194842407,598,698,24.33425160697888,1089,54.45362718089991,1089,1.5610651974288339,1089,3.3057851239669422,1089,0.5509641873278237,1089,0.4591368227731864,1089,24.885215794306703,1089,68.9171974522293,68.78980891719745,1570,1570,1082,0.18484288354898337,47.12950600801068,46.86248331108144,749,749,62.25895316804408,1089,7.621671258034894,1089,22.22222222222222,1089,41.6646474633657,88.79415347137638,47.12950600801068,821,749,8.631772268135904,1089,3.7649219467401287,1089,62.16712580348944,1089,3.0303030303030303,1089,4.591368227731864,1089,7.805325987144169,1089,2.938475665748393,1089,1.8365472910927456,1089,0.09182736455463728,1089,0.8264462809917356,1089,5.142332415059688,1089,0.9182736455463728,1089,78.9695550351288,2135,25.761124121779858,2135,16.533957845433257,2135,26.74473067915691,2135,44.121779859484775,2135,44.30913348946136,2135,96.1592505854801,2135,81.77985948477752,2135,18.089171974522294,1570,38.12646370023419,2135,0.32786885245901637,2135,15.620052770448549,1895,2.1834625322997416,387,3.4400656814449917,14.430992736077485,2065.0,,,32.51748251748252,572,51.09265734265734,8.186379928315413,1395,37.197452229299365,1570,15.668789808917197,1570,1.5923566878980893,1570,6.560509554140127,1570,38.98089171974522,1570,1.019108280254777,1570,0.25477707006369427,1570,0.12738853503184713,1570,0.06369426751592357,1570,0.0,1570,0.0,1570,0.0,1570,0.0,1570,0.0,1570,0.0,1570,,,,,,,,,,,,0,,0,,0,,0,,0,9.183673469387756,98,,95.58521560574948,1948,3.2340862422997945,1948,5.593667546174142,1895,83.33333333333333,240,4.68384074941452,2135,6.983240223463687,358,52.97113752122241,589,29.032258064516128,589,16.468590831918505,589,8.149405772495756,589,589,3.6247877758913414,,,,0,0,0
070803,2767,1325,28.55077701481749,2767,60.53487531622696,2767,10.914347668955548,2767,38.12793639320564,2767,14.709071196241418,2767,28.0,31.85869172388869,108.83018867924528,1442,9.541019154318757,2767,23.780267437658114,2767,2.674376581134803,2767,65.19402985074628,47.16417910447761,18.029850746268657,38.22784810126582,261.58940397350995,8.375634517766498,1970,13.085106382978724,940,87.46594005449592,734,94.39252336448598,642,68.75,96,20.07168458781362,279,11.441647597254004,1748,50.51487414187643,1748,30.034324942791763,1748,7.951945080091533,1748,37.986270022883296,1748,44.05034324942792,1748,9.007436480066103,13.085106382978724,4.077669902912621,940,1030,2.117915828303153,9.03755868544601,6.919642857142857,852,896,0.03159879488838602,6.8678977272727275,6.8362989323843415,704,843,14.285714285714286,1575,71.93650793650794,1575,0.5079365079365079,1575,3.8095238095238093,1575,3.0476190476190474,1575,0.06349206349206349,1575,17.333333333333332,1575,78.70510875063228,78.60394537177542,1977,1977,1556,0.12853470437017994,65.29100529100529,65.07936507936508,945,945,75.42857142857143,1575,3.873015873015873,1575,14.984126984126984,1575,25.697366802017967,90.98837209302326,65.29100529100529,1032,945,6.857142857142857,1575,5.396825396825397,1575,75.42857142857143,1575,2.0317460317460316,1575,1.7777777777777777,1575,2.1587301587301586,1575,0.7619047619047619,1575,1.7142857142857142,1575,0.0,1575,0.5079365079365079,1575,5.079365079365079,1575,1.0158730158730158,1575,86.73653776653416,2767,22.04553668232743,2767,13.62486447415974,2767,35.01987712323817,2767,46.72930972172028,2767,65.1246837730394,2767,98.51825081315503,2767,79.47235272858691,2767,8.801213960546283,1977,32.670762558727866,2767,0.0,2767,10.507391130643228,2503,2.7898686679174483,533,4.353919239904988,19.35218226736206,3643.0,,,28.637413394919168,866,49.0635103926097,6.057813394390384,1747,38.94790085988872,1977,23.368740515933233,1977,1.3657056145675266,1977,6.373292867981791,1977,29.94436014162873,1977,2.3773394031360646,1977,0.20232675771370764,1977,0.05058168942842691,1977,0.0,1977,0.10116337885685382,1977,0.0,1977,0.0,1977,0.0,1977,0.0,1977,0.0,1977,,,,,,,,,,,,0,,0,,0,,0,,0,27.027027027027028,111,,96.51527016444793,2554,2.0360219263899766,2554,3.6356372353176187,2503,92.8030303030303,264,2.096132996024575,2767,13.182674199623353,531,50.62571103526735,879,26.621160409556314,879,20.81911262798635,879,8.304891922639364,879,879,3.1478953356086463,,,,0,0,0
070804,2390,1093,29.623430962343097,2390,63.05439330543933,2390,7.322175732217573,2390,38.61924686192469,2390,10.836820083682008,2390,26.0,29.533891213389122,118.66422689844465,1297,10.836820083682008,2390,24.769874476987447,2390,1.2552301255230125,2390,58.593231585932315,46.98075646980757,11.61247511612475,24.717514124293785,404.57142857142856,9.708159618820726,1679,11.258278145695364,755,87.20379146919431,633,96.01449275362319,552,59.78260869565217,92,16.412213740458014,262,12.117177097203728,1502,40.67909454061252,1502,32.9560585885486,1502,14.181091877496671,1502,47.13715046604527,1502,52.197070572569906,1502,2.816719704136922,11.258278145695364,8.441558441558442,755,924,4.603156726143549,16.691068814055637,12.087912087912088,683,819,0.7293043700723301,8.577249575551782,7.847945205479452,589,730,26.226870474658085,1243,55.67176186645213,1243,0.4022526146419952,1243,4.585679806918745,1243,6.275140788415125,1243,0.2413515687851971,1243,32.50201126307321,1243,73.66230677764565,73.42449464922711,1682,1682,1239,0.3228410008071025,55.2317880794702,55.09933774834437,755,755,61.70555108608206,1243,7.884151246983105,1243,26.146419951729687,1243,33.44135107910585,88.67313915857605,55.2317880794702,927,755,11.102172164119066,1243,9.17135961383749,1243,61.62510056315366,1243,3.6202735317779564,1243,4.102976669348351,1243,4.263877715205149,1243,1.7699115044247788,1243,1.3676588897827835,1243,0.08045052292839903,1243,0.8849557522123894,1243,6.114239742558326,1243,2.252614641995173,1243,88.49372384937239,2390,13.598326359832637,2390,8.284518828451883,2390,12.594142259414227,2390,35.81589958158996,2390,55.06276150627615,2390,95.06276150627615,2390,67.86610878661088,2390,12.30677764565993,1682,27.02928870292887,2390,0.20920502092050208,2390,12.294697325199436,2131,2.1673553719008263,484,3.2536656891495603,12.824010914051842,2199.0,,,25.3781512605042,595,49.57983193277311,7.162558294470353,1501,27.348394768133176,1682,19.916765755053508,1682,2.2592152199762188,1682,4.161712247324614,1682,46.313912009512485,1682,1.1296076099881094,1682,0.2972651605231867,1682,0.059453032104637336,1682,0.0,1682,0.059453032104637336,1682,0.11890606420927467,1682,0.0,1682,0.0,1682,0.0,1682,0.0,1682,,,,,,,,,,,,0,,0,,0,,0,,0,17.77777777777778,90,,95.86966498393758,2179,1.8815970628728775,2179,4.0825903331769124,2131,81.08108108108108,259,4.309623430962343,2390,11.982570806100219,459,52.85481239804241,613,23.164763458401303,613,19.086460032626427,613,4.730831973898858,613,613,3.898858075040783,,,,0,0,0
070805,2076,957,28.90173410404624,2076,61.897880539499035,2076,9.20038535645472,2076,37.8131021194605,2076,13.053949903660886,2076,28.0,31.416184971098264,116.92789968652038,1119,10.211946050096339,2076,22.832369942196532,2076,2.2639691714836223,2076,61.55642023346304,46.69260700389105,14.863813229571985,31.833333333333332,314.13612565445027,5.849965588437715,1453,7.342143906020558,681,86.654478976234,547,94.72573839662448,474,69.44444444444444,72,23.80952380952381,210,8.979278587874136,1303,43.438219493476595,1303,31.15886415963162,1303,16.193399846508058,1303,47.35226400613968,1303,52.80122793553338,1303,2.808465149543874,7.342143906020558,4.533678756476684,681,772,3.771337832473206,18.181818181818183,14.410480349344978,616,687,0.4838701325600665,8.159926470588236,7.676056338028169,544,639,18.73857404021938,1094,52.376599634369285,1094,1.8281535648994516,1094,10.968921389396709,1094,0.5484460694698354,1094,0.18281535648994515,1094,19.287020109689212,1094,72.7705922396188,72.7705922396188,1469,1469,1069,0.0,60.66763425253991,60.66763425253991,689,689,66.81901279707495,1094,5.7586837294332724,1094,18.647166361974406,1094,22.793904208998555,83.46153846153847,60.66763425253991,780,689,10.786106032906764,1094,3.3820840950639854,1094,66.81901279707495,1094,2.376599634369287,1094,3.290676416819013,1094,2.9250457038391224,1094,0.9140767824497258,1094,2.4680073126142594,1094,0.0,1094,1.2797074954296161,1094,6.855575868372943,1094,2.5594149908592323,1094,75.72254335260115,2076,20.134874759152215,2076,4.720616570327553,2076,6.069364161849711,2076,17.4373795761079,2076,17.196531791907514,2076,97.1967133881102,2069,79.31367810536491,2069,12.525527569775358,1469,26.147897535041082,2069,0.4833252779120348,2069,6.946688206785137,1857,2.634567901234568,405,3.67373572593801,14.973021582733814,2224.0,,,24.13249211356467,634,49.23501577287066,7.157692307692308,1300,39.2784206943499,1469,19.74132062627638,1469,1.9060585432266848,1469,6.1946902654867255,1469,32.879509870660314,1469,1.1572498298162015,1469,0.0,1469,0.13614703880190607,1469,0.0,1469,0.0,1469,0.0,1469,0.0,1469,0.0,1469,0.0,1469,0.0,1469,,,,,,,,,,,,0,,0,,0,,0,,0,17.28395061728395,81,,95.11811023622047,1905,2.047244094488189,1905,3.3387183629509964,1857,91.0377358490566,212,1.304978250362494,2069,10.0,400,47.5968992248062,645,24.8062015503876,645,22.48062015503876,645,7.286821705426356,645,645,3.2077519379844963,,,,0,0,0
070901,10472,4920,30.338044308632544,10472,62.01298701298701,10472,7.648968678380443,10472,40.13559969442322,10472,11.4877769289534,10472,26.0,29.83164629488159,112.84552845528455,5552,10.609243697478991,10472,23.87318563789152,10472,1.5374331550802138,10472,61.2565445026178,48.922081921773945,12.334462580843855,25.21246458923513,396.6292134831461,6.3144689155282965,7174,8.725637181409295,3335,87.04735376044569,2872,93.88,2500,54.85564304461942,381,26.81564245810056,1074,9.183027232425585,6316,41.43445218492717,6316,34.86383787207093,6316,14.138695376820772,6316,49.0025332488917,6316,54.464851171627615,6316,4.505788262419975,8.725637181409295,4.21984891898932,3335,3839,0.9580833863197356,14.647316908538643,13.689233522218908,2963,3353,0.248769707914418,8.208012326656394,7.9592426187419765,2596,3116,30.93984962406015,5320,48.778195488721806,5320,3.1954887218045114,5320,3.101503759398496,5320,0.9398496240601504,5320,0.35714285714285715,5320,31.8796992481203,5320,72.96849087893864,72.56771697070205,7236,7236,5280,0.5492424242424242,57.053941908713696,56.66864256075874,3374,3374,51.56015037593985,5320,10.6203007518797,5320,27.894736842105264,5320,29.8181450928399,86.8720870015536,57.053941908713696,3862,3374,9.191729323308271,5320,6.616541353383458,5320,51.42857142857143,5320,3.4962406015037595,5320,6.93609022556391,5320,7.838345864661654,5320,2.537593984962406,5320,4.605263157894737,5320,0.13157894736842105,5320,0.9022556390977443,5320,4.2293233082706765,5320,1.2593984962406015,5320,82.85905271199388,10472,9.969442322383498,10472,11.306340718105425,10472,21.39992360580596,10472,38.19709702062643,10472,49.12146676852559,10472,97.5124855935459,10412,77.97733384556281,10412,24.944720840243228,7236,44.06454091432962,10412,2.28582404917403,10412,13.052359961294485,9301,2.573232323232323,1980,3.5578512396694215,14.2912924638813,10244.0,,,28.712871287128714,3030,47.38547854785479,7.2673235855054035,6292,30.001384466288247,7223,25.51571369237159,7223,2.713553924961927,7223,5.2609718953343485,7223,36.50837602104389,7223,10.58595909342178,7236,0.373134328358209,7236,0.12437810945273632,7236,0.15201768933112217,7236,0.24875621890547264,7236,0.04145936981757877,7236,0.04145936981757877,7236,0.013819789939192924,7236,0.0,7236,0.013819789939192924,7236,,,,,,,,,,,,0,,0,,0,,0,,0,16.591928251121075,446,,80.73856483424255,9532,15.138480906420478,9532,20.298892592194388,9301,88.92889288928893,1111,2.7276219746446406,10412,10.743405275779377,2085,52.36733396885923,3147,21.226564982523037,3147,20.146170956466477,3147,6.291706387035272,3147,3147,3.3085478233238006,,,,0,0,0
070902,9198,4402,33.496412263535554,9198,60.295716460100024,9198,6.207871276364427,9198,44.237877799521634,9198,8.958469232441836,9198,23.0,27.651554685801262,108.9504770558837,4796,10.95890410958904,9198,25.288106110023918,9198,1.228527940856708,9198,65.84926072845293,55.55355210962856,10.295708618824378,18.532943849399544,539.5796847635727,6.880052796568223,6061,10.273261847111726,2891,82.21371388792203,2873,94.07281964436918,2362,46.94444444444444,360,23.546511627906977,1032,9.69906076289055,5217,49.760398696568906,5217,31.89572551274679,5217,8.51063829787234,5217,40.406363810619126,5217,47.13436841096416,5217,6.4877728881211905,10.273261847111726,3.7854889589905363,2891,3170,0.0,8.51063829787234,8.51063829787234,2491,2726,-0.08374987678161006,6.970135324311713,7.053885201093323,2143,2561,24.681706499888318,4477,58.14161268706723,4477,2.970739334375698,4477,2.7250390886754525,4477,0.9381282108554836,4477,0.40205494750949294,4477,25.619834710743802,4477,72.4848683134304,72.01046949124816,6113,6113,4431,0.6544798013992327,55.1594103531025,54.782310593075074,2917,2917,57.51619387983024,4477,8.108108108108109,4477,25.396470851016307,4477,33.138461987323026,88.29787234042553,55.1594103531025,3196,2917,6.187178914451642,4477,4.266249720795176,4477,57.38217556399375,4477,3.8641947732856825,4477,4.0205494750949295,4477,10.676792494974313,4477,2.970739334375698,4477,3.3951306678579405,4477,0.13401831583649765,4477,0.8934554389099844,4477,3.104757650212196,4477,1.0944829126647309,4477,76.77756033920417,9198,8.6323113720374,9198,18.438791041530767,9198,15.709936942813655,9198,45.770819743422486,9198,41.53076755816482,9198,97.31317306646362,9193,78.34221690416621,9193,35.2527400621626,6113,38.6380942021103,9193,0.293701729576852,9193,11.434155875885658,8186,2.8286052009456264,1692,3.8137873055905844,17.465258476931634,8995.0,,,30.524759793052475,2706,44.16925351071693,6.315163147792706,5210,34.57821457821458,6105,23.21048321048321,6105,1.9492219492219491,6105,5.257985257985258,6105,35.00409500409501,6105,18.4524783248814,6113,0.7034189432357272,6113,0.27809586127924096,6113,0.13086864060199574,6113,0.16358580075249468,6113,0.016358580075249467,6113,0.032717160150498935,6113,0.0,6113,0.0,6113,0.0,6113,,,,,,,,,,,,0,,0,,0,,0,,0,16.666666666666668,468,,72.03853472882969,8408,25.689819219790675,8408,29.452724163205474,8186,86.49453823237339,1007,1.9471336886761665,9193,13.228271251193886,2094,55.470737913486005,2751,17.266448564158487,2751,20.574336604870958,2751,5.161759360232643,2751,2751,3.341693929480189,,,,0,0,0
070903,10177,4884,34.450230912842684,10177,60.13559988208706,10177,5.414169205070256,10177,45.13117814680161,10177,8.175297238871966,10177,22.0,26.728014149552912,108.37428337428338,5293,11.82077232976319,10177,26.255281517146507,10177,0.9924339196226786,10177,66.29084967320262,57.287581699346404,9.00326797385621,15.71591557330291,636.2976406533576,5.864524928019397,6599,8.856323669958586,3139,86.2940992819232,3203,95.80318379160637,2764,54.166666666666664,432,24.489795918367346,1176,8.25542423707885,5669,43.552654789204446,5669,34.18592344328806,5669,13.794319985888164,5669,47.98024342917622,5669,53.907214676309756,5669,5.706034652617546,8.856323669958586,3.1502890173410405,3139,3460,1.3576567491843488,14.501288185498712,13.143631436314363,2717,2952,-0.00454573709017847,7.894451397580308,7.898997134670487,2397,2792,32.310244711737866,4822,51.347988386561596,4822,1.9908751555371216,4822,3.214433844877644,4822,1.1198672749896308,4822,0.18664454583160514,4822,33.430111986727496,4822,71.59142042897855,71.1714414279286,6667,6667,4773,0.5866331447726797,53.80742605412209,53.115166771554435,3178,3178,48.320199087515554,4822,12.339278307756118,4822,31.314807133969307,4822,33.98277171028032,87.79019776440241,53.80742605412209,3489,3178,8.958938199917046,4822,4.583160514309415,4822,48.25798423890502,4822,5.080879303193695,4822,7.1961841559518875,4822,12.754043965159685,4822,4.168394856905848,4822,2.9448361675653256,4822,0.06221484861053505,4822,0.7258399004562422,4822,4.4587308170883455,4822,1.4931563666528411,4822,80.49523435197013,10177,12.734597622089025,10177,18.993809570600373,10177,24.77154367691854,10177,67.48550653434215,10177,60.24368674462022,10177,97.67007471490366,10172,76.95635076681086,10172,27.26863656817159,6667,52.54620526936689,10172,0.3735745182854896,10172,19.241917502787068,8970,2.6601178781925343,2036,3.44533527696793,15.794522007886602,9383.0,,,25.389830508474578,2950,43.12033898305085,7.219020682340463,5657,33.70364810088575,6661,26.737727068007807,6661,2.3119651703948354,6661,4.428764449782315,6661,32.81789521092929,6661,23.548822558872057,6667,1.319934003299835,6667,0.14999250037498124,6667,0.2249887505624719,6667,0.25498725063746813,6667,0.14999250037498124,6667,0.0,6667,0.014999250037498125,6667,0.0,6667,0.014999250037498125,6667,,,,,,,,,,,,0,,0,,0,,0,,0,20.8,500,,69.1674786185991,9237,28.87301071776551,9237,32.94314381270903,8970,88.43594009983362,1202,2.2611089264648054,10172,11.3646147223418,2323,58.23627287853577,3005,15.707154742096506,3005,20.16638935108153,3005,5.058236272878536,3005,3005,3.385024958402662,,,,0,0,0
070904,2995,1441,27.879799666110184,2995,65.84307178631052,2995,6.277128547579299,2995,38.898163606010016,2995,9.348914858096828,2995,26.0,29.023372287145243,107.84177654406662,1554,10.918196994991654,2995,27.846410684474122,2995,1.2687813021702838,2995,51.8762677484787,42.342799188640974,9.533468559837727,22.51497005988024,444.1489361702128,4.634831460674158,2136,5.603864734299517,1035,84.46475195822454,766,93.04482225656878,647,50.0,100,24.0,350,8.485499462943071,1862,37.32545649838883,1862,41.35338345864662,1862,12.567132116004297,1862,53.92051557465091,1862,59.23737916219119,1862,1.8799773591859839,5.603864734299517,3.723887375113533,1035,1101,4.896628904639428,15.09433962264151,10.197710718002082,901,961,0.5296094043103086,8.690683229813665,8.161073825503356,805,894,25.296442687747035,1518,53.359683794466406,1518,0.9881422924901185,1518,4.0184453227931485,1518,0.5928853754940712,1518,0.13175230566534915,1518,25.889328063241106,1518,70.70004636068614,69.8191933240612,2157,2157,1525,1.2459016393442623,53.83141762452107,53.160919540229884,1044,1044,64.82213438735178,1518,5.994729907773386,1518,23.847167325428195,1518,32.69149342669187,86.52291105121294,53.83141762452107,1113,1044,9.486166007905139,1518,5.270092226613966,1518,64.75625823451911,1518,2.1739130434782608,1518,3.820816864295125,1518,7.180500658761528,1518,2.635046113306983,1518,2.30566534914361,1518,0.06587615283267458,1518,0.5928853754940712,1518,4.874835309617918,1518,2.1739130434782608,1518,90.78464106844741,2995,10.11686143572621,2995,6.377295492487479,2995,23.23873121869783,2995,34.524207011686144,2995,59.065108514190314,2995,96.95652173913044,2990,78.36120401337793,2990,24.200278164116828,2157,29.665551839464882,2990,0.26755852842809363,2990,13.105520090123921,2663,2.0223776223776224,715,3.0202991452991452,13.629893238434166,2810.0,,,22.77777777777778,720,46.63194444444444,7.673128702207862,1857,29.114510894761242,2157,23.458507185906353,2157,3.1061659712563747,2157,5.4242002781641165,2157,38.89661566991192,2157,2.688919796012981,2157,0.27816411682892905,2157,0.13908205841446453,2157,0.0927213722763097,2157,0.04636068613815485,2157,0.0,2157,0.0,2157,0.0,2157,0.0,2157,0.0,2157,,,,,,,,,,,,0,,0,,0,,0,,0,9.316770186335404,161,,95.27299377061195,2729,3.994137046537193,2729,7.172361997746902,2663,87.76758409785933,327,3.779264214046823,2990,10.87719298245614,570,59.840425531914896,752,19.680851063829788,752,12.632978723404255,752,3.1914893617021276,752,752,3.976063829787234,,,,0,0,0
071001,109518,55030,32.575467046512905,109518,63.01064665169196,109518,4.413886301795139,109518,44.6438028451944,109518,6.650961485783159,109518,22.0,25.86396756697529,99.01508268217336,54488,10.975364780218777,109518,31.502584050110485,109518,0.8756551434467393,109518,58.70333874333411,51.69835381405054,7.0049849292835615,13.549725305527526,738.0223417459661,2.9034825324514943,72878,4.265364265364266,36855,88.80552400310874,33454,70.82702211451075,29709,63.37800369685767,4328,25.335000893335714,16791,4.711453567702063,62295,27.291114856730076,62295,46.063086925114376,62295,21.23284372742596,62295,67.29593065254033,62295,72.91756962838109,62295,2.7552179699418966,4.265364265364266,1.510146295422369,36855,36023,1.0998229834985445,21.77683194104755,20.677008957549006,31483,30812,-0.23733324955168023,9.557500599499846,9.794833849051527,29191,29732,42.59620120345189,46699,38.01580333625988,46699,2.6724340992312468,46699,2.0343048031007087,46699,2.4989828475984495,46699,0.7130773678237221,46699,45.095184051050346,46699,63.360870331936134,62.74637474735143,73719,73719,46709,0.9698345072684065,49.16590677466073,48.68315185324251,37286,37286,8.05156427332491,46699,19.946893937771687,46699,61.21116083856185,46699,28.722271525232223,77.88817829989296,49.16590677466073,36433,37286,14.531360414569905,46699,9.01732371142851,46699,7.796740829568085,46699,10.047324353840553,46699,9.582646309342813,46699,23.65575279984582,46699,11.762564508875993,46699,5.079337887320928,46699,0.25482344375682564,46699,1.5803336259877085,46699,4.160688665710187,46699,2.845885350864044,46699,66.56987892401249,109518,21.624755747913586,109518,15.467776986431454,109518,7.951204368231706,109518,40.32761737796527,109518,29.039062071988166,109518,98.02675493539863,109363,78.31167762405933,109363,27.706561402080876,73719,26.464160639338715,109363,1.0268555178625312,109363,8.022719569437454,97361,2.3462728312921133,23597,3.0485061046223074,14.227294654212164,91212.0,,,36.222969358905786,26174,42.04745166959578,9.178424779333312,61858,26.780320552940218,73498,25.177555851859914,73498,3.1987264959590735,73498,3.4300253068110695,73498,41.41337179242973,73498,10.335191741613423,73719,1.2737557481788955,73719,0.6673991779595491,73719,0.5412444552964636,73719,0.46934982840244716,73719,0.10445068435545789,73719,0.12886772745153896,73719,0.012208521548040533,73719,0.0027130047884534516,73719,0.05290359337484231,73719,,,,,,,,,,,,0,,0,,0,,0,,0,15.271008713631664,6771,,84.69768000961653,99828,13.076491565492647,99828,20.823533036842267,97361,86.21896350608232,12002,1.1192085074476743,109363,8.521577200226702,24702,64.78620998432953,26802,14.659353779568688,26802,12.689351540929781,26802,1.7349451533467652,26802,26802,4.080404447429296,,,,0,0,0
071002,14209,6811,36.033499894433106,14209,58.8007600816384,14209,5.165740023928496,14209,47.67400943064255,14209,7.6430431416707725,14209,21.0,25.611443451333663,108.61841139333431,7398,12.273910901541276,14209,28.214511929059046,14209,0.9008374973608276,14209,70.065828845003,61.28067025733094,8.785158587672052,14.3359375,697.5476839237057,5.778922611714638,8929,7.743153918791313,4236,85.7914057438998,4631,81.75182481751825,3973,56.053067993366504,603,23.042998897464166,1814,8.891820580474935,7580,44.32717678100264,7580,37.638522427440634,7580,8.905013192612138,7580,46.54353562005277,7580,53.60158311345646,7580,3.7371875859551738,7.743153918791313,4.005966332836139,4236,4693,0.29791049047357276,9.062850729517397,8.764940239043824,3564,4016,0.03410785011958595,7.50368,7.469572149880414,3125,3763,48.277139681363465,5398,26.417191552426825,5398,1.5190811411633938,5398,2.2600963319748053,5398,2.7232308262319376,5398,0.4075583549462764,5398,51.000370507595406,5398,59.27108566395067,58.79762166923585,9082,9082,5383,0.7988110718929965,33.88180764774044,33.53418308227115,4315,4315,45.64653575398296,5398,11.615413115968877,5398,29.381252315672473,5398,48.37118165370702,82.25298930144746,33.88180764774044,4767,4315,7.854761022600964,5398,15.098184512782511,5398,45.49833271582067,5398,4.260837347165617,5398,7.243423490181549,5398,6.891441274546128,5398,6.1319007039644315,5398,2.6491293071507966,5398,0.14820303816228234,5398,0.9633197480548351,5398,3.2789922193404966,5398,1.778436457947388,5398,79.33703990428602,14209,13.378844394397916,14209,10.627067351678514,14209,11.246393131114083,14209,31.233725103807448,14209,32.31754521781969,14209,94.8880439374736,14202,72.63061540628081,14202,32.735080378771194,9082,38.10026756794818,14202,0.4506407548232643,14202,8.452400064215764,12458,2.9884416102032683,2509,3.9784023668639055,16.96745450426641,13243.0,,,28.80248833592535,3215,43.82301710730949,6.807193864057128,7562,19.74282230351402,9021,36.359605365258844,9021,2.0396851790267156,9021,3.9574326571333556,9021,37.900454495067066,9021,18.87249504514424,9082,0.40739925126624094,9082,8.632459810614401,9082,1.1451222197753799,9082,0.15415106804668574,9082,0.5285179475886369,9082,0.16516185862144903,9082,0.022021581149526535,9082,0.0,9082,0.0,9082,,,,,,,,,,,,0,,0,,0,,0,,0,17.300613496932517,815,,76.28874007163994,12842,19.630898613923065,12842,22.339059239043184,12458,81.70871559633028,1744,1.6758203069990143,14202,11.314623338257016,3385,68.93732970027249,3303,18.013926733272783,3303,10.95973357553739,3303,2.5734181047532547,3303,3303,4.299727520435967,,,,0,0,0
071003,23251,11284,35.921035654380454,23251,60.05333103952518,23251,4.025633306094361,23251,47.92912132811492,23251,6.167476667670208,23251,20.0,24.66478861124253,106.05281814959234,11967,12.855361059739366,23251,29.981506171777557,23251,0.7225495677605265,23251,66.51865644918713,59.81522595430781,6.703430494879324,11.206896551724139,892.3076923076923,4.141125187304182,14682,5.617659544361115,7067,85.03112995098688,7549,80.38635301448824,6419,55.45112781954887,1064,22.92758089368259,3245,6.88765223001855,12399,36.414226953786596,12399,44.74554399548351,12399,11.186385998870877,12399,55.931929994354384,12399,62.617953060730706,12399,2.8468125318857376,5.617659544361115,2.7708470124753775,7067,7615,-0.03266104643938306,11.169313957418046,11.201975003857429,5918,6481,-0.0349513522370799,8.333521232619317,8.368472584856397,5322,6128,48.47859161051945,9202,29.80873723103673,9202,2.2929797870028255,9202,1.5540099978265594,9202,1.7496196479026298,9202,0.49989132797217994,9202,50.228211258422085,9202,61.56791616283756,61.21859465269381,14886,14886,9165,0.5673758865248227,39.20256517496166,38.90980064129374,7173,7173,26.74418604651163,9202,18.572049554444686,9202,39.86089980439035,9202,43.16486643401021,82.36743160897187,39.20256517496166,7713,7173,8.74809823951315,9202,9.802216909367528,9202,26.657248424255595,9202,11.530102151706151,9202,6.878939361008476,9202,15.605303194957617,9202,7.737448380786786,9202,3.303629645729189,9202,0.0869376222560313,9202,1.0649858726363834,9202,2.6733318843729625,9202,1.5866116061725712,9202,66.34983441572406,23251,14.18433615758462,23251,17.4315083222227,23251,13.048901122532364,23251,38.097286138230615,23251,29.44819577652574,23251,96.04855371900827,23232,69.97245179063361,23232,27.038828429396748,14886,20.213498622589533,23232,0.6671831955922864,23232,4.0645989727380485,20248,2.8533604887983706,4419,3.6310332499106184,16.785660791851818,20029.0,,,31.064473435432028,5289,42.12497636604273,7.7438231469440835,12304,22.052667116812966,14810,31.728561782579337,14810,2.538825118163403,14810,3.335584064821067,14810,40.344361917623225,14810,10.701330108827086,14886,0.4903936584710466,14886,3.876125218325944,14886,1.4107214832728738,14886,0.3291683460970039,14886,0.32245062474808545,14886,0.1007658202337767,14886,0.02015316404675534,14886,0.0067177213489184465,14886,0.013435442697836893,14886,,,,,,,,,,,,0,,0,,0,,0,,0,19.857142857142858,1400,,84.2514395393474,20840,12.240882917466411,20840,14.994073488739629,20248,82.64075067024129,2984,0.6585743801652892,23232,9.950431430145034,5447,69.29452937925953,5429,14.348867194695156,5429,11.088598268557746,5429,1.9893166328974028,5429,5429,4.279241112543747,,,,0,0,0
071004,15117,6697,32.923199047430046,15117,63.31944168816564,15117,3.7573592644043132,15117,45.10815638023417,15117,5.88741152345042,15117,22.0,25.262485942978103,125.72793788263401,8420,11.483760005292055,15117,31.60018522193557,15117,0.5688959449626249,15117,57.92937735060593,51.995403259506894,5.933974091099039,11.412497488446856,876.2323943661971,6.023854866192242,9977,9.318660735190821,4271,85.4084753167322,4578,80.56265984654732,3910,55.34804753820034,589,24.55673758865248,2256,9.363561223284922,8469,35.96646593458496,8469,42.85039556027866,8469,11.311843192820875,8469,54.16223875309954,8469,59.85358365804699,8469,5.761002130213605,9.318660735190821,3.5576586049772168,4271,5706,0.6486561724842463,11.687219730941704,11.038563558457458,3568,4901,-0.03660210042628265,8.221125370187561,8.257727470613844,3039,4594,49.97652214744092,6389,30.39599311316325,6389,1.3304116450148693,6389,1.7843167944905305,6389,1.1112850211300673,6389,0.29738613241508843,6389,51.08780716857098,6389,63.764682657190804,62.560458000197414,10131,10131,6460,1.888544891640867,37.03107019562716,36.20253164556962,4345,4345,51.5573642197527,6389,9.547660040694945,6389,25.888245421818752,6389,46.80923398688234,83.8403041825095,37.03107019562716,5786,4345,7.888558459852872,6389,11.504147753952106,6389,51.526060416340584,6389,4.476443887932383,6389,4.914697135701988,6389,8.389419314446705,6389,5.118171857880733,6389,2.504304272969166,6389,0.03130380341211457,6389,1.1269369228361246,6389,3.4747221787447176,6389,1.205196431366411,6389,84.41489713567506,15117,9.737381755639346,15117,14.487001389164517,15117,18.96540318846332,15117,53.6283654164186,15117,46.21948799364954,15117,96.28673550436855,15108,76.43632512576119,15108,44.15161385845425,10131,38.820492454328836,15108,0.8141382049245433,15108,10.544421178582112,13372,2.5848362164151637,2717,3.402224824355972,17.69658045478215,11522.0,,,26.182164392256425,3151,42.371310695017456,7.439235699026821,8426,23.45715700842001,10095,28.350668647845467,10095,2.6944031698860824,10095,3.3184744923229323,10095,42.17929668152551,10095,31.803375777317147,10131,1.4016385351890237,10131,5.10314875135722,10131,1.0956470239857863,10131,0.18754318428585529,10131,0.18754318428585529,10131,0.07896555127825486,10131,0.0,10131,0.019741387819563715,10131,0.059224163458691144,10131,,,,,,,,,,,,0,,0,,0,,0,,0,16.257309941520468,855,,74.08998252766453,13736,22.226266744321492,13736,33.996410409811546,13372,83.29493087557604,1736,3.8059306327773363,15108,10.733137829912023,3410,67.70186335403727,3381,13.723750369713102,3381,10.64773735581189,3381,1.7450458444247263,3381,3381,4.468500443655723,,,,0,0,0
071005,19103,8127,32.9320002093912,19103,64.15746217871539,19103,2.91053761189342,19103,44.67361147463749,19103,5.2766581165262,19103,22.0,25.219389624666285,135.05598621877692,10976,11.228602837250694,19103,30.701983981573576,19103,0.4449562895880228,19103,55.86651436031332,51.32996083550914,4.5365535248041775,8.838022571928152,1131.474820143885,5.160884273463929,12711,8.601509733810092,5034,86.49293135752,5871,55.76998818432454,5078,62.091503267973856,765,20.544369873228934,2682,7.895706651925558,10854,34.70609913395983,10854,45.890915791413306,10854,11.147963884282293,10854,57.0388796756956,10854,63.00902892942694,10854,5.696729220588781,8.601509733810092,2.9047805132213105,5034,7677,1.3566572213610986,11.98090692124105,10.624249699879952,4190,6664,0.031281152231427356,8.420573634859348,8.389292482627921,3626,6332,47.198545289237416,8799,32.7309921581998,8799,2.1025116490510287,8799,2.125241504716445,8799,1.1592226389362428,8799,0.3068530514831231,8799,48.35776792817366,8799,68.91543687046146,68.17365503240416,12807,12807,8826,1.0763652843870384,43.15768777034998,42.54817145104207,5086,5086,49.585180134106146,8799,8.785089214683486,8799,29.014660756904192,8799,42.724969916478145,85.88265768682813,43.15768777034998,7721,5086,9.012387771337652,8799,6.364359586316627,8799,49.5169905671099,8799,2.7162177520172746,8799,5.943857256506421,8799,8.387316740538697,8799,6.898511194453915,8799,3.000340947834981,8799,0.06818956699624958,8799,0.693260597795204,8799,3.739061256961018,8799,1.3296965564268668,8799,86.05454640632361,19103,10.354394597707167,19103,16.814112966549757,19103,18.625346804166885,19103,51.88190336596346,19103,41.511804428623776,19103,96.03581901968998,19096,72.6277754503561,19096,39.37690325603186,12807,46.11436950146628,19096,0.8692919983242564,19096,14.329538080349241,16951,2.7702373706634207,3286,3.564853556485356,15.088674766094123,14322.0,,,26.837606837606838,3510,42.383190883190885,7.717984281091077,10815,22.09538702111024,12790,31.29007036747459,12790,2.2048475371383893,12790,2.580140734949179,12790,41.8295543393276,12790,31.482782853127198,12807,0.9994534239087999,12807,1.5694542047317872,12807,1.3820566877488873,12807,0.1639728273600375,12807,0.29671273522292496,12807,0.22643866635433746,12807,0.023424689622862496,12807,0.0,12807,0.07027406886858749,12807,,,,,,,,,,,,0,,0,,0,,0,,0,16.067864271457086,1002,,79.2693434430467,17409,17.416278936182433,17409,29.502684207421392,16951,82.33100233100232,2145,4.775869291998324,19096,8.868360277136258,4330,70.56633873969689,3761,12.41691039617123,3761,9.811220420101037,3761,1.4889657006115395,3761,3761,5.07737303908535,,,,0,0,0
071101,18800,8740,38.6968085106383,18800,57.1063829787234,18800,4.196808510638298,18800,50.287234042553195,18800,6.452127659574468,18800,19.0,24.536702127659574,115.10297482837528,10060,13.01595744680851,18800,26.920212765957448,18800,0.8882978723404256,18800,75.1117734724292,67.76266766020865,7.349105812220566,10.845360824742269,922.0532319391635,6.314127861089187,11403,8.675354989301692,5141,85.65536205316224,6546,80.6848582129481,5607,45.98802395209581,835,26.81838464970995,2241,9.18292810184702,9583,38.10915162266514,9583,41.49013878743609,9583,10.93603255765418,9583,52.42617134509027,9583,58.979442763226544,9583,4.29975613909409,8.675354989301692,4.375598850207601,5141,6262,-1.3375194945939146,10.20313942751616,11.540658922110074,4332,5251,-0.357186950629079,7.903576158940397,8.260763109569476,3775,4901,33.926003399137144,7649,43.338998561903516,7649,1.5034645051640738,7649,3.39913714211008,7649,1.516538109556805,7649,0.2876192966400837,7649,35.44254150869395,7649,66.12819176654507,65.78078860517631,11514,11514,7614,0.5253480430785396,46.50625601539942,46.3330125120308,5195,5195,44.986272715387635,7649,17.00875931494313,7649,29.454830696823112,7649,35.75359522688574,82.25985124228517,46.50625601539942,6319,5195,9.399921558373643,7649,8.197149954242384,7649,44.05804680350373,7649,10.419662701006667,7649,6.4845077787946135,7649,9.465289580337299,7649,3.7651980651065498,7649,2.8631193620081055,7649,0.9282259118839064,7649,1.2812132304876453,7649,4.654203163812263,7649,0.9151523074911753,7649,82.62234042553192,18800,9.457446808510639,18800,6.76063829787234,18800,15.154255319148936,18800,31.148936170212767,18800,36.84574468085106,18800,94.9968064722163,18788,82.13753459655099,18788,66.97932951189856,11514,29.183521396636152,18788,0.7664466680860124,18788,13.579340309650572,16341,3.372366044551475,3322,4.381606519208382,13.857158108252376,18734.0,,,22.71330654691562,4231,42.22169699834554,7.347007115948095,9556,30.869035179380006,11484,27.94322535701846,11484,1.8634622082897945,11484,2.699407871821665,11484,36.62486938349007,11484,7.582073996873372,11514,0.9466736147298941,11514,0.6687510856348793,11514,62.636789994788955,11514,0.04342539517109606,11514,0.4342539517109606,11514,0.39082855653986454,11514,0.0781657113079729,11514,0.0,11514,0.17370158068438424,11514,,,,,,,,,,,,0,,0,,0,,0,,0,24.537987679671456,974,,86.40389988704595,16821,10.219368646334939,16821,13.310078942537176,16341,75.92970984879445,2447,1.8469235682350436,18788,10.932610056332152,4793,66.48173832639851,4326,14.031437817845585,4326,15.048543689320388,4326,1.5718908922792418,4326,4326,4.343042071197411,,,,0,0,0
071102,13620,6372,38.28928046989721,13620,57.966226138032305,13620,3.7444933920704844,13620,50.183553597650516,13620,5.7121879588839946,13620,19.0,24.298458149779737,113.74764595103578,7248,13.127753303964758,13620,27.459618208516886,13620,0.7415565345080763,13620,72.51424952501583,66.05446485117163,6.459784673844205,9.77948226270374,1022.5490196078431,6.56227587855606,8366,7.678100263852243,3790,84.09663865546219,4760,72.07094678990757,4003,45.09493670886076,632,22.40566037735849,1696,9.219352076494934,7007,38.76123876123876,7007,41.501355787070075,7007,10.246895961181675,7007,51.74825174825175,7007,58.37020122734408,7007,2.0399883757403545,7.678100263852243,5.638111888111888,3790,4576,1.417243057975206,11.029646158750399,9.612403100775193,3137,3870,0.05131225865567135,7.9604031677465805,7.909090909090909,2778,3564,45.995578983166126,5881,34.34790001700391,5881,1.7173950008501955,5881,2.516578813127019,5881,3.315762625403843,5881,0.2550586634926033,5881,49.31134160856997,5881,69.4394858978936,69.16577412828751,8403,8403,5835,0.39417309340188517,48.726699921239174,48.49041743239695,3809,3809,47.71297398401632,5881,15.796633225641898,5881,28.872640707362695,5881,37.886273522382936,86.61297344362211,48.726699921239174,4594,3809,8.365924162557388,5881,12.718925352831151,5881,47.117837102533585,5881,9.539194014623364,5881,6.087400102023466,5881,8.29790851895936,5881,2.8396531202176503,5881,3.4007821799013773,5881,0.595136881482741,5881,0.901207277673865,5881,4.14895425947968,5881,1.0542424757694269,5881,90.87371512481644,13620,9.779735682819384,13620,6.461086637298091,13620,26.784140969162994,13620,60.587371512481646,13620,60.26431718061674,13620,92.55342586472791,13617,73.6138650216641,13617,64.45317148637392,8403,28.310200484688256,13617,0.42593816552838365,13617,13.30515638207946,11830,3.2316190476190476,2625,4.057467732022126,15.079123554473528,13144.0,,,29.55045583149953,3181,41.55171329770513,7.18689181453921,6988,24.389372095794116,8393,32.765399737876805,8393,2.4544263076373167,8393,2.8595257953056117,8393,37.53127606338616,8393,3.320242770439129,8403,1.2138521956444126,8403,1.2257527073664167,8403,60.859216946328694,8403,0.05950255861002023,8403,0.8925383791503034,8403,1.3090562894204452,8403,0.23801023444008093,8403,0.02380102344400809,8403,0.27371176960609306,8403,,,,,,,,,,,,0,,0,,0,,0,,0,25.063291139240505,790,,91.71650962720197,12205,3.6460467021712413,12205,6.830092983939138,11830,68.21488528259653,1787,2.0635969743702725,13617,13.99715504978663,3515,66.16145994432415,3233,13.052892050726879,3233,15.218063717909063,3233,1.6702752861119703,3233,3233,4.211877513145685,,,,0,0,0
071103,47416,22457,38.61776615488443,47416,58.21663573477307,47416,3.1655981103425006,47416,50.784545301164165,47416,5.200776109330184,47416,19.0,23.88984730892526,111.14129224740616,24959,12.660283448624936,47416,28.562088746414712,47416,0.5947359541083179,47416,71.77220692653239,66.33458918997246,5.437617736559919,8.197258478510186,1219.9200532978014,6.171408500175623,28470,9.343221958865357,13079,85.20282080646133,16591,74.87973967176005,14136,48.96684286400769,2081,27.27565133483435,6218,9.893858984078848,23742,41.656136803976075,23742,36.42490101929071,23742,11.346980035380339,23742,47.77188105467105,23742,54.2456406368461,23742,5.867164522701365,9.343221958865357,3.476057436163992,13079,15391,-0.45396298812490166,11.098717233686559,11.55268022181146,10758,12984,-0.07996536362992934,7.6422522819751455,7.722217645605075,9093,12139,28.29775016965078,19157,45.60212976979694,19157,2.17675001305006,19157,3.654016808477319,19157,1.341546171112387,19157,0.5063423291747142,19157,29.639296340763167,19157,65.24759284731775,64.85557083906465,29080,29080,18974,0.6008221777168757,43.95727517179564,43.67343890050792,13388,13388,48.024220911416194,19157,10.544448504463121,19157,30.375319726470742,19157,39.454654473883686,83.41192964567932,43.95727517179564,15692,13388,7.495954481390615,19157,5.475805188703868,19157,47.82063997494389,19157,4.985122931565485,19157,5.50190530876442,19157,12.418437124810774,19157,4.228219449809469,19157,3.163334551338936,19157,0.20358093647230777,19157,0.6890431695985801,19157,3.826277600876964,19157,1.247585738894399,19157,78.01164163995276,47416,5.700607389910579,47416,15.872279399358867,47416,13.347815083516112,47416,44.27197570440358,47416,31.052809178336428,47416,96.29137115839244,47376,74.7741472475515,47376,46.54401650618982,29080,38.60182370820669,47376,1.424772036474164,47376,11.092583194373958,41379,2.973767792024468,8501,3.7792699073198412,15.922551252847384,39510.0,,,30.916509730069052,12744,39.43290960451977,6.908146389042026,23581,25.50077841203944,28905,26.196159833938765,28905,2.079225047569625,28905,2.899152395779277,28905,43.32468431067289,28905,37.510316368638236,29080,2.0220082530949104,29080,2.1423658872077027,29080,3.6176066024759286,29080,0.29573590096286106,29080,0.30949105914718017,29080,0.3610729023383769,29080,0.0343878954607978,29080,0.013755158184319119,29080,0.0687757909215956,29080,,,,,,,,,,,,0,,0,,0,,0,,0,19.44543192321365,2813,,67.75269549693454,42571,25.02877545747105,42571,34.73742719737065,41379,82.12439553109888,5997,2.159321175278622,47376,10.135079819893573,12215,60.85964244960061,13145,9.585393685812097,13145,22.655001901863827,13145,1.9170787371624192,13145,13145,3.604108025865348,,,,0,0,0
071104,6481,3057,38.342848325875636,6481,57.197963277272024,6481,4.459188396852338,6481,50.36259836444993,6481,6.557629995371085,6481,19.0,24.443141490510722,112.00523388943408,3424,12.590649591112482,6481,28.03579694491591,6481,0.8486344699891992,6481,74.83140005395198,67.03533854869167,7.796061505260318,11.629778672032193,859.8615916955017,5.559748427672956,3975,8.315098468271335,1828,88.32116788321167,2329,93.29120077783179,2057,42.27129337539432,317,31.013431013431013,819,8.142340168878166,3316,33.142340168878164,3316,43.99879372738239,3316,14.294330518697226,3316,58.293124246079614,3316,64.05307599517491,3316,5.101311789184237,8.315098468271335,3.2137866790870984,1828,2147,-7.437798406400461,10.281597904387688,17.71939631078815,1527,1789,-1.2282098252338782,7.984304932735426,9.212514757969304,1338,1694,23.942598187311177,2648,52.64350453172205,2648,2.0770392749244713,2648,4.1540785498489425,2648,1.3595166163141994,2648,0.33987915407854985,2648,25.30211480362538,2648,65.48185231539425,65.25657071339174,3995,3995,2616,0.3440366972477064,49.701573521432444,49.430276722734675,1843,1843,51.13293051359516,2648,16.76737160120846,2648,23.376132930513595,2648,29.294709006448592,78.99628252788104,49.701573521432444,2152,1843,9.516616314199396,2648,5.81570996978852,2648,50.755287009063444,2648,11.027190332326285,2648,5.362537764350453,2648,6.68429003021148,2648,1.5483383685800605,2648,1.661631419939577,2648,0.3776435045317221,2648,0.9063444108761329,2648,5.513595166163142,2648,1.1706948640483383,2648,87.71794476161087,6481,6.542200277734917,6481,2.1910199043357506,6481,34.74772411664866,6481,22.095355654991515,6481,57.707143959265544,6481,96.89814814814815,6480,82.96296296296296,6480,91.91489361702128,3995,7.762345679012346,6480,0.09259259259259259,6480,3.248587570621469,5664,3.5310834813499112,1126,4.793997271487039,14.831717056474613,7012.0,,,19.193689745836984,1141,45.00438212094654,7.950333131435493,3302,41.50187734668335,3995,16.821026282853566,3995,0.6257822277847309,3995,2.928660826032541,3995,38.12265331664581,3995,0.5506883604505632,3995,0.17521902377972465,3995,0.17521902377972465,3995,50.187734668335416,3995,0.025031289111389236,3995,0.1251564455569462,3995,0.0,3995,0.0,3995,0.0,3995,0.07509386733416772,3995,,,,,,,,,,,,0,,0,,0,,0,,0,14.929577464788732,355,,68.23388613438195,5849,28.620276970422296,5849,35.78742937853107,5664,84.43627450980392,816,1.2345679012345678,6480,9.295441089402013,1689,79.96530789245446,1153,19.25411968777103,1153,4.683434518647008,1153,1.5611448395490026,1153,1153,5.6201214223764095,,,,0,0,0
071105,7490,3533,35.126835781041386,7490,61.068090787716955,7490,3.8050734312416554,7490,47.583444592790386,7490,5.901201602136181,7490,21.0,25.12630173564753,112.00113218228135,3957,12.18958611481976,7490,29.546061415220294,7490,0.6542056074766355,7490,63.75163970266725,57.5207695671185,6.230870135548754,10.832383124287343,923.1578947368421,4.936996488328858,4841,6.77737881508079,2228,82.8258221680877,2463,93.77450980392157,2040,40.95238095238095,315,24.53385672227674,1019,7.351856405212687,4067,39.070567986230635,4067,44.209491025325796,4067,9.269731989181215,4067,53.479223014507006,4067,59.847553479223016,4067,3.4096023129759296,6.77737881508079,3.3677765021048605,2228,2613,-0.05239666686135891,9.241452991452991,9.29384965831435,1872,2195,-0.19340339767510706,7.89833531510107,8.091738712776177,1682,2082,38.57965451055662,3126,44.6257197696737,3126,2.3032629558541267,3126,2.271273192578375,3126,1.6634676903390915,3126,0.35188739603326935,3126,40.24312220089571,3126,63.99011735639284,63.68128474366893,4857,4857,3108,0.4826254826254826,43.744414655942805,43.61036639857015,2238,2238,37.58797184900832,3126,14.5233525271913,3126,38.89955214331414,3126,37.5461542634921,81.2905689194349,43.744414655942805,2619,2238,8.093410108765195,3126,9.117082533589251,3126,21.880998080614205,3126,5.406269993602048,3126,8.861164427383237,3126,14.55534229046705,3126,5.1183621241202815,3126,5.502239283429303,3126,15.706973768394114,3126,1.5674984005118362,3126,3.3909149072296865,3126,1.6314779270633397,3126,67.94392523364486,7490,7.623497997329773,7490,21.28170894526035,7490,10.54739652870494,7490,41.18825100133511,7490,33.04405874499332,7490,94.16087653661144,7484,77.7659005879209,7484,47.62198888202594,4857,39.818278995189736,7484,1.5633351149118118,7484,17.49315485244904,6574,2.9598684210526316,1520,3.7755968169761274,14.460227272727277,7040.0,,,31.59144893111639,1684,42.541567695961994,7.405365493477726,4063,21.150278293135436,4851,35.168006596578024,4851,2.947845804988662,4851,2.5767882910740054,4851,38.15708101422387,4851,8.873790405600165,4857,1.770640312950381,4857,0.5764875437512869,4857,35.474572781552396,4857,0.08235536339304098,4857,0.84414247477867,4857,0.7823759522338892,4857,0.08235536339304098,4857,0.0,4857,0.30883261272390367,4857,,,,,,,,,,,,0,,0,,0,,0,,0,23.234624145785876,439,,88.70181657066902,6771,7.768424161866784,6771,12.823243078795254,6574,71.42857142857143,910,3.0464991982896845,7484,14.74780701754386,1824,65.55370061213134,1797,13.411240957150808,1797,12.29827490261547,1797,2.28158041179744,1797,1797,4.16471897607123,,,,0,0,0
071106,22845,10865,37.925147734734075,22845,59.163930838257826,22845,2.910921427008098,22845,50.54497701904137,22845,4.543663821405121,22845,19.0,23.385642372510397,110.26231017027152,11980,13.44276646968702,22845,30.790107244473628,22845,0.5471656817684395,22845,69.02189997040544,64.10180526783071,4.920094702574726,7.675438596491228,1302.857142857143,4.056449897170413,14101,6.09978703985397,6574,78.10553083280357,7865,78.82142275761029,6143,39.10891089108911,1010,20.62443710597418,3331,7.899889333446837,11747,45.62867115008087,11747,37.43934621605516,11747,8.640503958457478,11747,46.07985017451264,11747,55.49502000510769,11747,3.8279655970480713,6.09978703985397,2.2718214428058987,6574,7527,-0.5489678518698735,8.344125809435708,8.893093661305581,5405,6342,-0.41339255143267994,7.163025210084034,7.576417761516714,4760,6013,39.1421199741991,9302,39.51838314341002,9302,1.9780692324231348,9302,4.160395613846485,9302,1.1610406364222747,9302,0.35476241668458397,9302,40.30316061062137,9302,65.12958124426241,64.70588235294117,14161,14161,9223,0.6505475441830207,40.402664244626095,40.08477141992128,6606,6606,45.52784347452161,9302,13.373468071382499,9302,31.380348312190925,9302,46.34783211540038,86.75049636002647,40.402664244626095,7555,6606,7.170500967533863,9302,6.2782197376908195,9302,45.431090088153084,9302,6.568479896796388,9302,6.708234788217587,9302,12.373683078907762,9302,4.8699204472156525,9302,4.450655772952054,9302,0.0967533863685229,9302,0.967533863685229,9302,3.5476241668458397,9302,1.2792947753171362,9302,71.08776537535566,22845,8.006128255635806,22845,28.255635806522214,22845,17.03655066754213,22845,55.46946815495732,22845,39.159553512803676,22845,96.11778108842346,22822,73.784068004557,22822,40.597415436762944,14161,35.55341337306108,22822,6.36666374550872,22822,10.848984964309219,19753,2.9324263038548755,4410,3.717614165890028,13.944182748315859,19743.0,,,25.216535433070867,5080,39.723031496062994,6.7978805230322195,11701,34.8518073141402,14137,23.22982245172243,14137,1.5703473155549268,14137,2.5323618872462332,14137,37.81566103133621,14137,25.513734905726995,14161,1.2852199703410776,14161,1.115740413812584,14161,3.3401595932490644,14161,0.31071252030223856,14161,0.14829461196243204,14161,0.4236988913212344,14161,0.07767813007555964,14161,0.00706164818868724,14161,0.15535626015111928,14161,,,,,,,,,,,,0,,0,,0,,0,,0,14.386959603118356,1411,,54.61681876165244,20382,17.446766754979883,20382,36.88553637422164,19753,82.01368523949169,3069,1.7702217158881781,22822,13.996889580093313,5787,67.21897947655809,5311,10.03577480700433,5311,13.14253436264357,5311,1.7510826586330257,5311,5311,4.297119186593862,,,,0,0,0
071201,14470,6898,36.399447131997235,14470,58.76295784381479,14470,4.8375950241879755,14470,48.203178991015896,14470,7.256392536281963,14470,21.0,25.633379405666897,109.7709481008988,7572,11.700069108500346,14470,26.917760884588805,14470,1.0711817553559089,14470,70.17523227096319,61.942843702222746,8.232388568740445,13.290298082399849,752.4285714285714,2.368923318738071,8907,2.8195937873357226,4185,83.2841483979764,4744,79.44824095165781,3951,41.08108108108108,555,23.56580427446569,1778,4.289508632138114,7530,37.66268260292165,7530,47.50332005312085,7530,10.092961487383798,7530,57.59628154050465,7530,66.04249667994688,7530,0.8500893400676159,2.8195937873357226,1.9695044472681067,4185,4722,-2.5423349669667754,8.747178329571106,11.289513296537882,3544,3986,-0.47655061191092507,8.003585300268897,8.480135912179822,3347,3826,35.39065287192294,5606,36.35390652871923,5606,2.1405636817695326,5606,2.1405636817695326,5606,2.6400285408490904,5606,0.6778451658936854,5606,38.03068141277203,5606,60.7216832006977,60.34012863839529,9173,9173,5570,0.6283662477558348,39.7534310304722,39.54408001860898,4299,4299,37.923653228683555,5606,12.754191937210132,5606,38.10203353549768,5606,39.462818456602065,79.21624948707426,39.7534310304722,4874,4299,9.935783089546915,5606,9.257937923653229,5606,37.87013913663932,5606,5.369247235105244,5606,7.135212272565108,5606,13.806635747413486,5606,4.851944345344274,5606,2.3724580806278985,5606,0.053514092044238314,5606,2.336782019265073,5606,5.833036032821976,5606,1.3200142704245452,5606,77.36005528680028,14470,10.815480304077402,14470,11.091914305459571,14470,22.045611610228057,14470,38.36212854181064,14470,42.90255701451279,14470,92.62056541019956,14432,66.72671840354768,14432,54.72582579308841,9173,18.999445676274945,14432,3.0972838137472283,14432,10.615927814829345,12745,3.2659247889485803,2606,4.289850833577069,13.965980304386749,14521.0,,,30.81267649827424,3187,43.76404141826169,7.881270010672359,7496,24.307012700165654,9055,30.292655991165102,9055,2.2639425731639977,9055,3.191606847045831,9055,39.94478188845942,9055,1.7769541044369346,9173,2.016788400741306,9173,0.19622806061266762,9173,47.214651695192416,9173,0.06540935353755586,9173,0.043606235691703917,9173,0.21803117845851958,9173,0.11991714815218577,9173,0.0,9173,0.08721247138340783,9173,,,,,,,,,,,,0,,0,,0,,0,,0,20.486555697823302,781,,90.32824427480917,13100,1.8931297709923665,13100,14.695959199686152,12745,65.79727326615293,1687,2.2796563192904657,14432,10.377091012191665,3527,67.7821721934895,3287,16.884697292363857,3287,10.860967447520535,3287,1.7036811682385153,3287,3287,4.3906297535746885,,,,0,0,0
071301,15919,7816,37.577737295056224,15919,56.680696023619575,15919,5.741566681324204,15919,48.42012689239274,15919,8.285696337709656,15919,21.0,26.034298636849048,103.67195496417605,8103,12.544757836547522,15919,25.09579747471575,15919,1.3882781581757648,15919,76.426909010307,66.29724038568104,10.129668624625955,15.279170845870945,654.4857768052516,7.229647630619684,9876,11.069958847736626,4860,85.61605649507527,5381,77.7512481007163,4607,46.95393759286775,673,25.644028103044498,1708,10.844952925753784,8391,48.337504469074005,8391,27.636753664640686,8391,12.859015611965201,8391,40.495769276605884,8391,45.85865808604457,8391,7.561186917912064,11.069958847736626,3.508771929824561,4860,5016,-0.21893420313780254,12.747943880019351,12.966878083157154,4134,4257,-0.1916149319005056,7.216874456364163,7.408489388264669,3449,4005,26.13545816733068,7530,53.42629482071713,7530,3.1208499335989375,7530,4.116865869853918,7530,0.9030544488711819,7530,0.11952191235059761,7530,27.03851261620186,7530,74.56705598066854,74.23479661699557,9932,9932,7406,0.4455846610856063,61.19860912251994,60.85088975250562,4889,4889,62.32403718459496,7530,7.304116865869854,7530,23.691899070385126,7530,26.328656394037665,87.5272655165576,61.19860912251994,5043,4889,8.339973439575033,7530,4.674634794156707,7530,62.28419654714475,7530,3.0677290836653386,7530,4.1699867197875164,7530,8.167330677290837,7530,2.895086321381142,7530,2.191235059760956,7530,0.0398406374501992,7530,0.8897742363877822,7530,4.52855245683931,7530,1.4608233731739708,7530,84.63471323575601,15919,11.571078585338276,15919,11.464287957786294,15919,29.367422576795025,15919,67.85602110685345,15919,68.67265531754508,15919,97.7876940481428,15911,73.96769530513481,15911,44.28111155859847,9932,45.5031110552448,15911,0.28910816416315754,15911,11.963785298555724,13917,2.9211886304909562,3096,3.848971874261404,17.49907051679266,16138.0,,,30.028205684530267,4609,42.88500759383814,6.497250119560019,8364,30.89717741935484,9920,30.27217741935484,9920,2.8528225806451615,9920,4.919354838709677,9920,31.058467741935484,9920,35.571888844140155,9932,1.2484897301651228,9932,0.09061619009262989,9932,0.11075312122432542,9932,0.2013693113169553,9932,0.010068465565847765,9932,0.010068465565847765,9932,0.0,9932,0.0,9932,0.0,9932,,,,,,,,,,,,0,,0,,0,,0,,0,21.352313167259787,843,,65.45682976198786,14327,32.35848398129406,14327,44.945031256736364,13917,89.56870611835507,1994,2.231160832128716,15911,9.19858870967742,3968,59.86771922338383,4687,16.087049285257095,4687,21.99701301472157,4687,5.2058886281203325,4687,4687,3.3947087689353532,,,,0,0,0
071302,7390,3480,38.132611637347765,7390,56.77943166441137,7390,5.087956698240866,7390,50.351826792963465,7390,7.347767253044655,7390,19.0,24.956698240866036,112.35632183908046,3910,12.746955345060893,7390,26.65764546684709,7390,0.9607577807848444,7390,76.12011439466158,67.15919923736892,8.960915157292659,13.342796309439318,749.468085106383,6.238859180035651,4488,9.851033157135992,2081,87.02469619756958,2551,84.54954954954955,2220,56.325301204819276,332,26.285714285714285,875,8.809396689802456,3746,44.50080085424453,3746,34.783769353977576,3746,11.478910838227442,3746,46.26268019220502,3746,51.57501334757074,3746,6.735121233579698,9.851033157135992,3.115911923556294,2081,2407,0.06562294659639001,11.514104778353483,11.448481831757093,1737,2009,-0.06734206531312914,7.623071763916834,7.690413829229963,1491,1909,28.2226853230128,3359,42.95921405180113,3359,5.626674605537362,3359,3.0961595713009826,3359,0.7740398928252457,3359,0.23816612086930633,3359,28.996725215838048,3359,72.472647702407,72.12253829321664,4570,4570,3312,0.4830917874396135,56.34398496240601,55.87406015037594,2128,2128,52.27746353081274,3359,10.181601667162846,3359,26.168502530515035,3359,30.18345156503051,86.52743652743652,56.34398496240601,2442,2128,8.693063411729682,3359,5.180113128907413,3359,51.979755879726106,3359,3.423637987496279,3359,6.579339089014588,3359,7.85948198868711,3359,4.6442393569514735,3359,3.155701101518309,3359,0.29770765108663294,3359,1.1610598392378684,3359,4.167907115212861,3359,1.2801428996725215,3359,68.7956698240866,7390,19.472259810554803,7390,19.269282814614343,7390,21.921515561569688,7390,46.34641407307172,7390,42.8552097428958,7390,97.1703222312483,7386,77.09179528838342,7386,29.71553610503282,4570,49.14703493095045,7386,0.6092607636068237,7386,16.91233514352211,6445,2.8505231689088193,1338,3.708166761850371,15.520720161415491,6443.0,,,26.411960132890364,1806,42.75747508305648,6.952815013404826,3730,23.969298245614034,4560,25.986842105263158,4560,2.4780701754385963,4560,3.969298245614035,4560,43.59649122807018,4560,16.455142231947484,4570,1.1159737417943107,4570,0.2844638949671772,4570,0.6564551422319475,4570,0.087527352297593,4570,0.087527352297593,4570,0.3282275711159737,4570,0.0437636761487965,4570,0.0,4570,0.0,4570,,,,,,,,,,,,0,,0,,0,,0,,0,21.69811320754717,424,,71.17647058823529,6630,25.731523378582203,6630,33.917765709852596,6445,90.54197662061637,941,4.102355808285947,7386,10.059171597633137,1859,66.03364080303852,1843,16.49484536082474,1843,16.98317959848074,1843,3.906673901247965,1843,1843,4.007596310363538,,,,0,0,0
071401,19829,9356,29.658580866407785,19829,66.01946643804528,19829,4.321952695546926,19829,41.93857481466539,19829,6.687175349235967,19829,24.0,27.34232689495184,111.93886276186404,10473,9.945030006556054,19829,29.648494629078623,19829,0.8270714609914771,19829,51.47047589947292,44.92399358337789,6.546482316095027,14.572351640877402,686.2310385064177,1.0869565217391304,13616,1.5928087052515376,6341,88.2258064516129,5580,71.5214300223441,4923,54.53125,640,23.01178203240059,2716,2.4849527085124676,11630,21.745485812553742,11630,58.58985382631126,11630,16.59501289767842,11630,75.18486672398969,11630,80.71367153912296,11630,0.9467605952859018,1.5928087052515376,0.6460481099656358,6341,7275,-0.988740333228666,16.06714628297362,17.055886616202287,5421,6209,-0.3347565041926863,9.762860967680245,10.097617471872931,5229,6044,40.34020502421989,8877,35.518756336600205,8877,2.433254477864143,8877,1.2842176410949646,8877,1.9939168638053397,8877,0.8561450940633096,8877,42.33412188802524,8877,64.16912346300424,63.5579204717049,13907,13907,8924,0.9524876736889287,49.351451513279805,48.87276096355775,6476,6476,12.875971612031092,8877,17.201757350456234,8877,55.97611805790245,8877,27.73104074886526,77.08249226214507,49.351451513279805,7431,6476,14.59952686718486,8877,9.924524050918103,8877,11.929705981750592,8877,6.939281288723668,8877,10.037174721189592,8877,18.519770192632645,8877,10.746873943899967,8877,3.954038526529233,8877,0.9462656302805001,8877,3.2443393038188577,8877,4.280725470316549,8877,2.264278472456911,8877,73.18069494175198,19829,15.083967925765293,19829,9.98033183720813,19829,7.655454132835746,19829,21.942609309597056,19829,22.920974330525997,19829,98.16527672479151,19785,84.60449835734143,19785,29.89142158625153,13907,24.66515036643922,19785,1.6022239070002526,19785,10.895924553721791,17814,2.5226184140500267,3758,3.249281314168378,12.172404933196301,15568.0,,,30.106100795755967,4524,43.85587975243148,9.65845009513925,11562,28.757885577550578,13791,21.69530853455152,13791,3.792328330070336,13791,2.798926836342542,13791,42.955550721485025,13791,3.4083555044222336,13907,1.4165528151290716,13907,0.3882936650607608,13907,16.75415258502912,13907,0.6974904724239591,13907,0.07190623427051125,13907,0.15100309196807363,13907,0.0,13907,0.0,13907,0.028762493708204502,13907,,,,,,,,,,,,0,,0,,0,,0,,0,12.162162162162161,1110,,90.33569584088787,18201,4.52172957529806,18201,17.199955091501067,17814,88.78741755454084,1971,2.4513520343694717,19785,7.283834586466165,4256,61.13703860840051,4714,14.870598218073823,4714,14.382689859991515,4714,2.1425540941875267,4714,4714,4.197072549851506,,,,0,0,0
071402,16659,8102,31.832643015787262,16659,64.99789903355544,16659,3.169457950657302,16659,43.09382315865298,16659,5.300438201572724,16659,23.0,26.06380935230206,105.61589730930635,8557,10.864997899033556,16659,29.50357164295576,16659,0.7443423975028514,16659,53.851126708533435,48.97487994089398,4.876246767639453,9.95662832359042,1004.3560606060606,1.734730755330683,11068,2.593767493935436,5359,85.22680833673887,4894,75.68928314552865,4171,46.55688622754491,668,21.102909248805904,2303,3.280743913906593,9571,22.453244175112317,9571,60.3594190784662,9571,13.331940236129975,9571,73.69135931459617,9571,79.99164141677986,9571,1.6654087621084959,2.593767493935436,0.92835873182694,5359,5709,-4.0047106375706765,11.269123033828917,15.273833671399593,4641,4930,-0.8074527084066787,9.300226757369614,10.107679465776293,4410,4792,37.005076142131976,7880,44.96192893401015,7880,2.8426395939086295,7880,1.916243654822335,7880,1.5862944162436547,7880,1.00253807106599,7880,38.59137055837564,7880,70.15935190955221,69.57179738271165,11233,11233,7881,0.8374571754853445,57.609693409216085,57.20580135854599,5447,5447,3.6548223350253806,7880,17.614213197969544,7880,66.81472081218274,7880,24.36403628314479,81.97372969236088,57.609693409216085,5786,5447,10.139593908629442,7880,8.426395939086294,7880,3.0710659898477157,7880,7.208121827411167,7880,10.050761421319796,7880,34.111675126903556,7880,9.873096446700508,7880,6.180203045685279,7880,0.583756345177665,7880,2.4111675126903553,7880,2.6903553299492384,7880,1.218274111675127,7880,63.30512035536347,16659,15.799267663125038,16659,18.218380455009303,16659,8.64397622906537,16659,30.89020949636833,16659,24.029053364547693,16659,97.6148677280707,16519,80.73127913311944,16519,29.47565209650138,11233,44.367092439009625,16519,3.1842121193776864,16519,19.60317999592308,14717,2.501217203137679,3697,3.0479859123926922,13.211811884797664,13715.0,,,32.114948323670276,3967,41.12402319132846,9.363598150483396,9516,27.214285714285715,11200,25.892857142857142,11200,2.6607142857142856,11200,2.482142857142857,11200,41.75,11200,5.724205466037568,11233,4.557998753672216,11233,0.48962877236713254,11233,11.448410932075136,11233,1.2463277842072464,11233,0.04451170657883023,11233,0.1691444849995549,11233,0.0,11233,0.0,11233,0.04451170657883023,11233,,,,,,,,,,,,0,,0,,0,,0,,0,17.279821627647713,897,,86.20484319174275,15114,8.078602620087336,15114,30.447781477203236,14717,87.6803551609323,1802,3.281070282704764,16519,8.419870895312938,3563,62.62924667651403,4062,10.561299852289512,4062,12.43229935992122,4062,1.255539143279173,4062,4062,4.0667159034958145,,,,0,0,0
071403,6342,2907,36.12425102491328,6342,58.95616524755597,6342,4.919583727530747,6342,47.33522548092085,6342,7.111321349731946,6342,21.0,25.617470829391358,118.16305469556244,3435,12.314727215389468,6342,27.893409019236834,6342,1.1037527593818985,6342,69.61754479807435,61.27306766515111,8.344477132923242,13.618507202095154,734.2948717948718,2.516193323368211,4014,3.6117381489841986,1772,82.82828282828282,2079,72.06736353077817,1722,50.370370370370374,270,17.21212121212121,825,3.1936712569586874,3413,33.81189569293876,3413,52.739525344271904,3413,10.02050981541166,3413,62.76003515968356,3413,70.96396132434808,3413,1.961425927753155,3.6117381489841986,1.6503122212310437,1772,2242,-1.4306404903417018,9.213180901143241,10.643821391484943,1487,1926,-0.3010911080481051,8.396039603960396,8.697130712008502,1414,1882,41.55547083492185,2623,34.845596645062905,2623,1.8680899733130003,2623,1.7918414029736942,2623,2.0587113991612656,2623,0.1143728555089592,2623,43.61418223408311,2623,64.59365708622398,64.197224975223,4036,4036,2607,0.6137322593018796,40.661805945036456,40.605720695457094,1783,1783,43.957300800609985,2623,14.90659550133435,2623,31.566908120472743,2623,42.87126107671232,83.53306702174878,40.661805945036456,2253,1783,8.6923370186809,2623,8.57796416317194,2623,43.72855508959207,2623,5.947388486465878,2623,8.19672131147541,2623,10.026686999618757,2623,4.23179565383149,2623,3.5074342356080823,2623,0.2287457110179184,2623,1.105604269919939,2623,3.9649256576439194,2623,1.105604269919939,2623,68.84263639230527,6342,18.527278461053296,6342,9.113844213181961,6342,20.387890255439924,6342,48.78587196467991,6342,50.14191106906339,6342,96.07967119822953,6326,80.66708820739804,6326,33.89494549058474,4036,32.453367056591844,6326,2.228896617135631,6326,16.660656328885683,5546,2.98989898989899,1089,4.02680412371134,12.734792348785106,5803.0,,,31.08108108108108,1480,43.866216216216216,8.269309838472834,3405,21.616261774913237,4034,26.10312345066931,4034,2.131879028259792,4034,3.3961328705999008,4034,46.752602875557756,4034,2.9980178394449952,4036,0.7433102081268583,4036,0.39643211100099107,4036,24.454905847373638,4036,0.09910802775024777,4036,0.27254707631318137,4036,0.19821605550049554,4036,0.0,4036,0.0,4036,0.07433102081268583,4036,,,,,,,,,,,,0,,0,,0,,0,,0,16.224188790560472,339,,90.31299178178003,5719,4.301451302675293,5719,13.360980887125857,5546,81.15384615384616,780,3.9045210243439774,6326,10.704787234042554,1504,59.21568627450981,1530,16.601307189542485,1530,21.045751633986928,1530,2.287581699346405,1530,1530,4.134640522875817,,,,0,0,0
071501,27070,13042,39.58625785001847,27070,56.38714444033986,27070,4.02659770964167,27070,51.448097524935356,27070,5.917990395271518,27070,19.0,23.892205393424454,107.56019015488422,14028,13.165866272626523,27070,27.831547838936093,27070,0.7536017731806428,27070,77.34538784067085,70.20440251572327,7.140985324947589,10.17170586039567,983.1192660550458,2.914139203301857,15991,3.995793901156677,7608,84.85455311973018,9488,71.7426406657558,8051,45.54931836407378,1247,26.348547717842322,3374,4.7206453540484015,13388,40.39438302957873,13388,43.47923513594264,13388,10.73349268001195,13388,54.21272781595459,13388,61.43561398267105,13388,2.0633114962896846,3.995793901156677,1.9324824048669926,7608,8383,-0.21622502444282787,10.619469026548673,10.835694050991501,6328,7060,-0.3831867518778802,7.891676555348364,8.274863307226244,5899,6767,33.73582818692967,10849,36.19688450548438,10849,3.1339293944142317,10849,2.0094017881832427,10849,1.55774725781178,10849,0.5622638031154945,10849,35.29357544474145,10849,65.77513923740743,65.3467164453149,16339,16339,10747,0.6513445612729134,47.33667051726351,47.0542934154794,7791,7791,31.118075398654256,10849,17.374873260208314,10849,37.68089224813347,10849,35.24405011914266,82.58072063640617,47.33667051726351,8548,7791,9.337266107475344,10849,7.254124804129413,10849,30.37146280763204,10849,11.706148032076689,10849,5.641072909945617,10849,14.31468338095677,10849,6.065075122131072,10849,4.313761637017237,10849,0.746612591022214,10849,0.9770485759056134,10849,3.456539773250991,10849,1.6314867729744678,10849,68.30070188400444,27070,10.081270779460658,27070,17.04469892870336,27070,12.670853343184337,27070,33.738455855190246,27070,26.3058736608792,27070,95.09778550038818,27049,74.08037265702984,27049,49.666442254727954,16339,35.60575252319864,27049,1.0425524048948205,27049,14.070415939375877,23489,3.240135765803988,4714,4.076053962900506,15.883612545660664,23817.0,,,29.150018162005086,5506,41.98383581547403,7.678523086178373,13298,25.467910309469392,16189,26.277101735746495,16189,2.507875718080178,16189,2.2484402989684353,16189,43.4986719377355,16189,7.528000489626048,16339,1.254666748271008,16339,0.9547707938062305,16339,1.872819634004529,16339,0.1346471632290838,16339,33.453699736825996,16339,1.5545627027357856,16339,0.30601628006609954,16339,0.012240651202643981,16339,0.2570536752555236,16339,,,,,,,,,,,,0,,0,,0,,0,,0,23.444374607165305,1591,,71.81421035278602,24264,22.576656775469832,24264,25.935544297330665,23489,76.85393258426966,3560,3.9927538910865468,27049,12.024107011612523,6803,71.86517638840377,5726,14.91442542787286,5726,11.264407963674467,5726,1.1875654907439748,5726,5726,4.723891023402026,,,,0,0,0
071502,7026,3423,41.858810133788786,7026,53.600910902362656,7026,4.5402789638485626,7026,53.78593794477654,7026,6.902931966979789,7026,18.0,23.860945061201253,105.25854513584575,3603,13.478508397381155,7026,25.83262169086251,7026,0.7685738684884714,7026,86.56399362719065,78.09346787041954,8.47052575677111,10.846650799047943,921.9435736677116,2.3509032417718387,4041,3.377686796315251,1954,87.45813174544101,2687,91.02127659574468,2350,48.78048780487805,369,33.07692307692308,780,4.041013268998793,3316,43.21471652593486,3316,42.46079613992762,3316,9.951749095295536,3316,52.41254523522316,3316,60.3437876960193,3316,1.98813241203159,3.377686796315251,1.3895543842836608,1954,2087,-4.228710079578687,7.77363184079602,12.002341920374707,1608,1708,-1.036427760196009,7.441937624419376,8.478365384615385,1507,1664,31.64956590370955,2534,33.898973954222576,2534,2.249408050513023,2534,3.1570639305445933,2534,1.2628255722178374,2534,0.7103393843725335,2534,32.912391475927386,2534,61.59686505020818,61.156012735733526,4083,4083,2515,0.7157057654075547,45.71283612379503,45.50989345509893,1971,1971,34.13575374901342,2534,27.34806629834254,2534,23.954222573007105,2534,30.707618421659518,76.42045454545455,45.71283612379503,2112,1971,11.01026045777427,2534,5.722178374112076,2534,33.898973954222576,2534,21.54696132596685,2534,5.564325177584846,2534,4.8539857932123125,2534,2.722967640094712,2534,2.44672454617206,2534,0.23677979479084452,2534,1.3417521704814523,2534,6.077348066298343,2534,1.6574585635359116,2534,79.40506689439226,7026,5.636208368915457,7026,5.365784230002847,7026,25.249074864787932,7026,34.315399943068606,7026,30.415599202960433,7026,96.32687927107061,7024,82.64521640091117,7024,70.97722263041881,4083,15.71753986332574,7024,0.25626423690205014,7024,5.9239756458779,6077,3.7509293680297398,1076,4.811034482758621,14.991309385863271,6904.0,,,28.571428571428573,1162,44.214285714285715,7.642965204236006,3305,33.42391304347826,4048,14.328063241106719,4048,1.383399209486166,4048,2.766798418972332,4048,48.09782608695652,4048,1.9103600293901544,4083,0.5143277002204262,4083,0.7102620622091599,4083,1.0041636051922607,4083,0.04898359049718344,4083,81.19030124908156,4083,0.440852314474651,4083,0.26940974773450893,4083,0.0,4083,0.09796718099436688,4083,,,,,,,,,,,,0,,0,,0,,0,,0,18.271604938271604,405,,19.984101748807632,6290,77.90143084260731,6290,59.56886621688333,6077,86.80042238648363,947,1.09624145785877,7024,9.311950336264873,1933,81.46067415730337,1246,20.86677367576244,1246,5.457463884430177,1246,1.926163723916533,1246,1246,5.637239165329053,,,,0,0,0
071503,14205,6215,36.2126011967617,14205,60.53502287926786,14205,3.252375923970433,14205,46.55403027103133,14205,5.3924674410418865,14205,22.0,25.3172826469553,128.55993563958165,7990,13.157338965153116,14205,26.18796198521647,14205,0.598380851812742,14205,65.19362716594954,59.820909408070705,5.372717757878823,8.981337480559876,1113.4199134199134,5.711411646361909,8947,9.41850941850942,3663,79.33921701742476,4419,87.99201369081574,3506,38.71499176276771,607,20.577830188679247,1696,8.643892339544513,7728,47.23084886128365,7728,36.37422360248447,7728,7.078157349896481,7728,43.45238095238095,7728,50.82815734989648,7728,6.2769499938311455,9.41850941850942,3.141559424678274,3663,5284,-0.7124916897518476,6.653870761356366,7.3663624511082135,3126,4602,-0.0314783644146015,7.154685735792247,7.186164100206849,2657,4351,25.619705051772826,6374,56.40100407907123,6374,1.9767806714778788,6374,2.4317540006275493,6374,0.8315029808597427,6374,0.20395356134295575,6374,26.45120803263257,6374,69.9900629347466,69.50425085569174,9057,9057,6339,0.6941157911342483,42.89169578070411,42.67669981187853,3721,3721,65.0768748038908,6374,7.373705679322247,6374,18.198933165986823,6374,45.995110815997535,88.88680659670165,42.89169578070411,5336,3721,5.381236272356448,6374,3.8594289300282396,6374,64.98274239096328,6374,4.063382491371195,6374,3.2005020395356136,6374,6.71477878882962,6374,2.40037652965171,6374,2.1336680263570758,6374,0.09413241292751805,6374,0.21964229683087544,6374,2.9651710072168185,6374,0.6746156259805459,6374,82.73143259415698,14205,7.785990848292855,14205,11.615628299894404,14205,23.15381907778951,14205,60.21823301654347,14205,58.55684618092221,14205,94.71164002535033,14201,75.22709668333216,14201,55.06238268742409,9057,51.897753679318356,14201,1.4646855855221463,14201,20.94550762244567,12332,3.4841168996188054,2361,4.365526492287056,15.426890626209456,12919.0,,,24.82804526292434,4507,40.224983359218996,6.540515893694633,7676,26.541228555617046,9035,30.680686220254564,9035,2.2910902047592696,9035,2.667404537908135,9035,37.819590481460985,9035,22.83316771557911,9057,2.119907254057635,9057,1.6561775422325273,9057,1.9322071326046153,9057,0.18770012145301976,9057,15.115380368775533,9057,1.0047477089544,9057,0.2097824886827868,9057,0.02208236722976703,9057,0.38644142652092306,9057,,,,,,,,,,,,0,,0,,0,,0,,0,24.88408037094281,647,,70.61920477762062,12726,20.68992613547069,12726,33.571196886149856,12332,76.29748528624933,1869,3.2110414759523978,14201,11.260978670012546,3188,50.272985367984276,4579,8.60449879886438,4579,32.56169469316445,4579,2.09652762611924,4579,4579,3.1013321685957633,,,,0,0,0
080101,106596,53554,31.93553229014222,106596,63.67499718563548,106596,4.389470524222297,106596,43.728657735749934,106596,6.822019587977035,106596,22.0,26.08221696874179,99.04395563356611,53042,11.569852527299336,106596,31.52088258471237,106596,1.0732110022890164,106596,57.0475138121547,50.153959484346224,6.893554327808472,13.744785852770107,727.5486215003206,1.500890715518088,71291,1.9771674387822633,36264,87.72678762006403,30921,73.81847673818477,27126,59.30026572187777,4516,24.076061039580352,16776,2.6055237102657633,61408,17.219254820218865,61408,48.661412193850964,61408,30.66864252214695,61408,79.33005471599792,61408,83.81644085461178,61408,0.9693734512869026,1.9771674387822633,1.0077939874953608,36264,35027,-2.45695502286215,29.464371267047813,31.921326289909963,31309,30099,-0.550830987158653,10.7862676641729,11.337098651331553,30075,29214,44.715864161911476,46791,30.482357718364643,46791,3.297642709067983,46791,1.993973199974354,46791,2.9749310764890686,46791,0.7864760317155008,46791,47.69079523840055,46791,64.58620880030917,63.923701209076356,72452,72452,46794,1.025772534940377,53.37058839486748,52.80362423025798,36863,36863,6.392254920818106,46791,19.461007458699324,46791,63.42672736209955,46791,22.83273285608084,76.20332125094832,53.37058839486748,35589,36863,20.3714389519352,46791,10.474236498471928,46791,6.135795345258703,46791,8.37340514201449,46791,10.662306853882157,46791,18.23000149601419,46791,7.890406274710949,46791,6.343100168835887,46791,0.25645957555940246,46791,5.616464704750913,46791,5.924216195422197,46791,3.9708490949114146,46791,62.42823370482945,106596,27.497279447634057,106596,7.6419377837817555,106596,5.56118428458854,106596,23.397688468610454,106596,16.336447896731585,106596,98.02492557078054,106477,76.25120918132555,106477,24.127698338210124,72452,25.03733200597312,106477,0.7053166411525493,106477,11.697043079276064,94152,2.4066964677009377,22818,3.135970417613733,12.929449866514942,91396.0,,,36.97424193022498,24536,41.949013694163675,10.684327218380988,60889,23.86303726518494,72078,24.10721718138683,72078,3.376897250201171,72078,2.9218346790976444,72078,45.73101362412942,72078,1.3691823552144868,72452,2.3229172417600616,72452,0.14078286313697344,72452,0.2705239330867333,72452,0.25120079500910947,72452,0.11041793187213604,72452,13.032076409208855,72452,2.9453983326892286,72452,0.10627725942693093,72452,2.30497432783084,72452,,,,,,,,,,,,0,,0,,0,,0,,0,16.475279106858054,6270,,93.83467504417828,96767,3.2407742308844956,96767,8.63284901011131,94152,87.4158215010142,12325,2.297209726044122,106477,12.453170841796434,22155,63.57917911621324,25436,15.132096241547414,25436,12.596320176128321,25436,1.320962415474131,25436,25436,4.186074854536876,,,,0,0,0
080102,5277,2255,36.97176425999621,5277,58.897100625355314,5277,4.131135114648474,5277,47.394352851999244,5277,7.049459920409324,5277,21.0,25.28387341292401,134.01330376940132,3022,14.4968732234224,5277,26.795527761985976,5277,0.7201061209020276,5277,69.7876447876448,62.77348777348777,7.014157014157014,11.173757047667863,894.954128440367,2.185792349726776,3294,2.569916855631141,1323,80.16169154228855,1608,79.82932505818464,1289,46.009389671361504,213,19.736842105263158,684,4.225352112676056,2840,38.62676056338028,2840,47.95774647887324,2840,8.591549295774648,2840,56.54929577464789,2840,65.0,2840,0.6419615030182544,2.569916855631141,1.9279553526128868,1323,1971,0.197991577583414,8.71111111111111,8.513119533527696,1125,1715,-0.14206867792918487,7.7016052880075545,7.843673965936739,1059,1644,33.558648111332005,2515,31.928429423459246,2515,1.312127236580517,2515,4.89065606361829,2515,0.9542743538767395,2515,0.15904572564612326,2515,34.512922465208746,2515,74.25563909774436,74.10526315789474,3325,3325,2469,0.2025111381125962,51.26865671641791,51.19402985074627,1340,1340,66.28230616302187,2515,9.065606361829026,2515,16.978131212723657,2515,38.50464303169292,89.77329974811083,51.26865671641791,1985,1340,6.878727634194831,2515,12.604373757455269,2515,66.28230616302187,2515,3.4990059642147116,2515,5.4473161033797215,2515,2.9025844930417497,2515,1.7892644135188867,2515,2.7037773359840953,2515,0.0,2515,1.312127236580517,2515,4.214711729622266,2515,0.5168986083499006,2515,70.85465226454424,5277,10.820541974606785,5277,11.332196323668752,5277,8.053818457456888,5277,22.759143452719346,5277,39.03733181732045,5277,94.55924170616113,5275,67.75355450236967,5275,51.338345864661655,3325,66.23696682464455,5275,1.7251184834123223,5275,24.98337397472844,4511,3.6785304247990815,871,4.535682023486902,12.785571142284569,4990.0,,,15.129449838187702,1236,43.029126213592235,7.447396386822529,2823,22.61868763229513,3307,38.2824312065316,3307,1.784094345328092,3307,2.1771998790444513,3307,35.13758693680072,3307,1.443609022556391,3325,0.3609022556390977,3325,0.3308270676691729,3325,0.2706766917293233,3325,0.06015037593984962,3325,0.45112781954887216,3325,20.210526315789473,3325,3.488721804511278,3325,0.18045112781954886,3325,4.902255639097745,3325,,,,,,,,,,,,0,,0,,0,,0,,0,28.395061728395063,243,,83.05776250805239,4657,3.564526519218381,4657,8.490356905342496,4511,81.41361256544502,764,4.625592417061611,5275,19.860627177700348,1148,60.99518459069021,1246,15.168539325842696,1246,17.57624398073836,1246,1.926163723916533,1246,1246,4.23354735152488,,,,0,0,0
080201,89022,43743,36.97849969670418,89022,59.04607849745007,89022,3.975421805845746,89022,48.89128530026286,89022,6.031093437577228,89022,20.0,24.34258947226528,103.51141896989233,45279,13.578665947743254,89022,29.709510008761878,89022,0.8379951023342544,89022,69.35925728635569,62.6265124419755,6.732744844380184,10.750630335064857,930.1780163888104,2.125839506397539,54943,2.7631676420475593,26998,84.28680396643783,28842,82.39819004524887,24310,46.9183922046285,4105,27.361355282084066,12514,3.7939211036861393,46390,26.296615649924554,46390,51.35158439318819,46390,17.81633972838974,46390,69.16792412157793,46390,75.99267083423152,46390,1.2530584990881748,2.7631676420475593,1.5101091429593845,26998,27945,-1.2110064732286254,17.202326293235384,18.41333276646401,22869,23521,-0.39620368666971295,9.38542581211589,9.781629498785604,21641,22645,39.95786906147791,36078,33.70197904540163,36078,3.267919507733245,36078,2.380952380952381,36078,1.197405621154166,36078,0.9368590276622872,36078,41.155274682632076,36078,63.9882226980728,63.53319057815846,56040,56040,35859,0.7111185476449426,49.815110208816705,49.45983178654292,27584,27584,15.366705471478463,36078,29.94345584566772,36078,44.3150950717889,36078,27.911906940466395,77.7270171492831,49.815110208816705,28456,27584,12.292810022728533,36078,15.302954709241089,36078,14.382726315205943,36078,19.274904373856643,36078,10.413548422861577,36078,16.181606519208383,36078,6.6966018071955205,36078,4.5179888020400245,36078,0.9839791562725206,36078,2.461333776816897,36078,4.3378236044126615,36078,2.1120904706469315,36078,56.627575206128824,89022,30.558738289411608,89022,9.48754240524814,89022,5.722181033901732,89022,22.84379142234504,89022,17.748421738446677,89022,98.07300976986295,88947,65.8594443882312,88947,12.35724482512491,56040,22.881041519106883,88947,0.6723104770256445,88947,9.500143113632223,76862,3.0667203497066606,17386,3.8340454858718127,15.65800482605585,82469.0,,,35.47455792132804,19397,41.547146465948344,9.184293966902663,46046,22.769817841457268,55556,31.823745410036718,55556,2.865577075383397,55556,3.018575851393189,55556,39.522283821729424,55556,1.0046395431834405,56040,1.7523197715917203,56040,0.049964311206281226,56040,0.07494646680942184,56040,0.8279800142755175,56040,0.042826552462526764,56040,0.2676659528907923,56040,0.014275517487508922,56040,0.0053533190578158455,56040,0.15881513204853676,56040,,,,,,,,,,,,0,,0,,0,,0,,0,24.312017422292616,5051,,92.40172579098754,79268,3.457889690669627,79268,6.814810959902163,76862,90.62474141497725,12085,1.9000078698550822,88947,13.428005603052698,20703,69.4800301431801,19905,14.74503893494097,19905,11.298668676212007,19905,1.3262999246420497,19905,19905,4.468575734740015,,,,0,0,0
080202,41814,20341,34.289950734203856,41814,60.83608360836084,41814,4.873965657435309,41814,46.223752810063615,41814,7.279858420624671,41814,22.0,26.024752475247524,105.56511479278305,21473,12.120342469029511,41814,28.94006791983546,41814,1.1598985985555077,41814,64.376130198915,56.36449406399874,8.011636134916268,14.213976844748222,703.5328753680078,1.8010992275698159,26928,2.3811340914294434,13103,87.61380154540586,13071,83.68843870066364,11452,63.13680595306239,1747,26.4954257565095,5684,3.559559209375547,22868,24.08605912191709,22868,53.92688472975337,22868,17.53979359804093,22868,71.4666783277943,22868,77.33514080811615,22868,1.1297778527314326,2.3811340914294434,1.2513562386980108,13103,13825,-0.882685067472071,17.086330935251798,17.96901600272387,11120,11748,-0.25805895067114726,9.702777249381777,9.960836200052924,10514,11337,35.88021270640918,17865,39.61376994122586,17865,2.558074447243213,17865,2.5412818359921636,17865,2.0039182759585783,17865,0.7724601175482787,17865,37.88413098236776,17865,65.0023758178296,64.4906612083775,27359,27359,17784,0.7872244714349977,50.529001275605914,50.228858707886246,13327,13327,17.07808564231738,17865,18.970053176602296,17865,55.01819199552197,17865,28.2195734108251,78.74857468643101,50.529001275605914,14032,13327,12.762384550797648,17865,8.043660789252728,17865,16.61908760145536,17865,8.760145535964176,17865,9.885250489784495,17865,21.791211866778617,17865,7.551077525888609,17865,5.10495382031906,17865,0.45899804086202073,17865,2.90512174643157,17865,4.500419815281276,17865,3.0786453960257485,17865,63.10565839192615,41814,26.95508681302913,41814,8.298655952551776,41814,5.450327641459798,41814,17.876787678767876,41814,16.850815516334244,41814,97.2195566644276,41684,69.50868438729489,41684,12.321356774735918,27359,33.63160925055177,41684,1.68649841665867,41684,12.757358964556824,36622,2.905974413116383,8051,3.6635522928782533,13.943532501641497,38075.0,,,33.67036312241792,9198,43.414872798434445,9.448444738583719,22665,22.34438991993506,27103,29.210788473600708,27103,3.047633103346493,27103,3.3612515219717376,27103,42.035936981146,27103,1.0563251580832633,27359,2.156511568405278,27359,0.08041229577104426,27359,0.08772250447750284,27359,0.3764757483826163,27359,0.0475163565919807,27359,0.5299901312182462,27359,0.13158375671625425,27359,0.010965313059687854,27359,2.0834094813406923,27359,,,,,,,,,,,,0,,0,,0,,0,,0,21.92179700499168,2404,,94.06745873534805,37623,2.0785158015043987,37623,11.585931953470592,36622,84.51205057289609,5062,1.624124364264466,41684,10.643615913351384,9602,66.51959239415905,9519,17.806492278600693,9519,10.683895367160416,9519,1.8489337115243198,9519,9519,4.379031410862486,,,,0,0,0
080301,13246,6353,37.22633247772912,13246,57.587196134682166,13246,5.186471387588706,13246,49.33564849765967,13246,7.609844481352861,13246,20.0,25.25743620715688,108.49992129702503,6893,13.445568473501435,13246,27.49509285822135,13246,1.3589008002415823,13246,73.64971158888306,64.64341898269534,9.00629260618773,13.932265260596228,717.7583697234352,2.9490291262135924,8240,3.7238169123351437,3867,85.89569160997732,4410,90.8130939809926,3788,57.757296466973884,651,28.23250296559905,1686,5.245712638708747,6939,29.961089494163424,6939,51.621271076523996,6939,12.826055627612048,6939,64.44732670413605,6939,71.01887880097996,6939,1.4599248473911692,3.7238169123351437,2.2638920649439744,3867,4373,-2.067352806492053,11.72668513388735,13.794037940379404,3249,3690,-0.22355134533846943,8.944905409890474,9.168456755228943,3013,3538,30.23512123438648,5444,40.613519470977224,5444,1.836884643644379,5444,3.618662747979427,5444,1.8001469507714916,5444,0.36737692872887584,5444,32.035268185157975,5444,64.99277456647398,64.61946050096338,8304,8304,5397,0.5743931813970724,47.519917758930866,47.23721408378309,3891,3891,43.95664952240999,5444,14.456282145481264,5444,34.092578986039676,5444,32.878903904336745,80.39882166326761,47.519917758930866,4413,3891,11.168258633357825,5444,6.9434239529757535,5444,43.90154298310066,5444,7.586333578251286,5444,6.704628949301984,5444,10.121234386480529,5444,3.19617927994122,5444,3.2329169728141074,5444,0.055106539309331376,5444,2.0940484937545922,5444,5.510653930933137,5444,1.763409257898604,5444,71.65181941718255,13246,16.631435905178922,13246,6.1829986410992,13246,16.805073229654234,13246,24.68669787105541,13246,36.55443152649857,13246,96.72056823333837,13234,70.19041861870939,13234,51.15606936416185,8304,26.295904488438868,13234,0.6196161402448239,13234,10.197310983062685,11454,3.1251591005515484,2357,4.006412311638345,13.572693608114639,12422.0,,,25.50153009180551,2941,44.245834750085,8.563412870571222,6915,25.433734939759034,8300,28.518072289156628,8300,2.8674698795180724,8300,3.8795180722891565,8300,39.30120481927711,8300,0.9633911368015414,8304,2.023121387283237,8304,0.10838150289017341,8304,0.09633911368015415,8304,0.21676300578034682,8304,0.10838150289017341,8304,0.3371868978805395,8304,0.06021194605009634,8304,0.0,8304,0.4455684007707129,8304,,,,,,,,,,,,0,,0,,0,,0,,0,20.889487870619945,742,,92.77618000338352,11822,3.8910505836575875,11822,7.185262790291601,11454,85.50561797752809,1780,2.2593320235756384,13234,11.341191462249125,3139,68.48864010536714,3037,18.274613105037865,3037,11.12940401712216,3037,2.107342772472835,3037,3037,4.357589726703984,,,,0,0,0
080302,40864,19792,40.13801879404855,40864,55.209964761158965,40864,4.6520164447924826,40864,52.094753328112766,40864,6.913175411119812,40864,18.0,24.1657204385278,106.46725949878739,21072,14.340250587314017,40864,26.407106499608457,40864,1.10610806577917,40864,81.1267231062453,72.70067816142901,8.426044944816276,11.590049993903182,862.8090478695424,8.401826484018265,24090,10.729391454466983,11585,81.22349669794926,14385,76.5576857240671,11684,37.75303643724696,1976,27.34020618556701,4850,13.197360527894421,20004,33.61327734453109,20004,42.316536692661465,20004,10.562887422515496,20004,52.87942411517697,20004,59.62807438512298,20004,4.483889655186695,10.729391454466983,6.245501799280288,11585,12505,-3.0411676655396764,8.988181629691063,12.02934929523074,9646,10358,-0.5233147214339677,8.171357409713574,8.694672131147541,8030,9272,26.00234466588511,17060,50.39859320046893,17060,1.682297772567409,17060,2.8077373974208677,17060,1.2075029308323564,17060,0.37514654161781946,17060,27.209847596717466,17060,69.24241804117382,68.72262923095813,24433,24433,16918,0.7506797493793592,54.69467596530022,54.26943357713897,11758,11758,47.93669402110199,17060,13.165298944900352,17060,32.02813599062134,17060,28.042996618526203,82.73767258382642,54.69467596530022,12675,11758,8.540445486518172,17060,5.3927315357561545,17060,47.79601406799531,17060,7.092614302461899,17060,5.873388042203986,17060,11.94021101992966,17060,4.449003516998828,17060,3.9566236811254396,17060,0.1406799531066823,17060,1.3130128956623681,17060,3.980070339976553,17060,1.1488862837045721,17060,72.14418559122944,40864,12.668852779953015,40864,4.911413469068129,40864,20.117952231793264,40864,32.75009788566954,40864,38.185199686765856,40864,88.31712753190135,40829,58.56376595067232,40829,43.31436990954856,24433,31.698057753067673,40829,0.28656102280241985,40829,11.7033139850742,34973,3.290681502086231,7190,4.080591218038624,15.07573936042318,37431.0,,,28.93249440119441,9377,41.8593366748427,7.312004813960486,19942,21.321259518419428,24295,37.378061329491665,24295,2.412018933937024,24295,3.041778143650957,24295,35.846882074500925,24295,4.113289403675357,24433,7.362992673842753,24433,0.08594933082306716,24433,0.04911390332746695,24433,0.3601686244014243,24433,0.024556951663733475,24433,0.8717717840625384,24433,0.1964556133098678,24433,0.20873408914173455,24433,0.5443457618794254,24433,,,,,,,,,,,,0,,0,,0,,0,,0,21.924902891670264,2317,,66.58281733746131,36176,31.08967271118974,36176,23.034912646899038,34973,66.99112021857924,5856,2.7896838031791127,40829,16.5452249101331,10293,68.11909949164851,9639,15.686274509803921,9639,13.881107998755057,9639,1.9400352733686066,9639,9639,4.235812843655981,,,,0,0,0
080303,9478,4585,38.18316100443131,9478,57.0162481536189,9478,4.800590841949778,9478,49.113737075332345,9478,6.974045157206161,9478,20.0,25.018463810930577,106.7175572519084,4893,13.41000211014982,9478,26.376872757965817,9478,1.1922346486600548,9478,75.38860103626943,66.96891191709845,8.419689119170984,12.572533849129593,795.3846153846154,3.4733022291342666,5787,4.69208211143695,2728,85.4113924050633,3160,87.47684327528714,2699,55.35307517084282,439,20.977777777777778,1125,5.344442186547449,4921,36.15118878276773,4921,49.23795976427555,4921,9.002235318024791,4921,58.240195082300346,4921,66.49055070107701,4921,2.3056813268668295,4.69208211143695,2.386400784570121,2728,3059,-1.6552512550325567,8.129032258064516,9.784283513097073,2325,2596,-0.5959643917135189,7.97861459786146,8.574578989574979,2151,2494,36.253369272237194,3710,39.1644204851752,3710,2.3450134770889486,3710,2.4797843665768196,3710,1.6711590296495957,3710,0.32345013477088946,3710,37.924528301886795,3710,62.88008199521695,62.43594123676119,5854,5854,3681,0.7063298016843249,42.47370330068915,42.14726151614073,2757,2757,42.3989218328841,3710,13.261455525606468,3710,33.36927223719677,3710,38.572470415810685,81.04617371649984,42.47370330068915,3097,2757,9.54177897574124,3710,7.520215633423181,3710,42.34501347708895,3710,5.606469002695418,3710,7.38544474393531,3710,9.865229110512129,3710,3.1805929919137466,3710,4.824797843665769,3710,0.05390835579514825,3710,2.3180592991913747,3710,4.716981132075472,3710,1.5633423180592991,3710,76.02869803756067,9478,15.657311669128507,9478,3.355138214813252,9478,8.398396286136316,9478,23.51761975100232,9478,33.403671660687905,9478,96.12583131003906,9473,72.16298954924522,9473,12.282200204988042,5854,32.545128259263166,9473,0.3905837643829832,9473,15.776639843940503,8202,3.1694050991501417,1765,4.069376933274414,12.146985061607241,9171.0,,,26.44964394710071,1966,43.39674465920651,7.841279543602282,4908,20.208761122518823,5844,40.691307323750856,5844,2.4640657084188913,5844,3.3367556468172483,5844,33.29911019849418,5844,0.7857874957294158,5854,1.6740690126409292,5854,0.1366586949094636,5854,0.0341646737273659,5854,0.2562350529552443,5854,0.0,5854,1.1274342330030749,5854,0.0341646737273659,5854,0.01708233686368295,5854,1.1615989067304406,5854,,,,,,,,,,,,0,,0,,0,,0,,0,27.463312368972748,477,,95.6398440269408,8463,1.7015242821694434,8463,3.4503779565959523,8202,82.76947285601888,1271,2.892431120025335,9473,13.42882721575649,2234,74.5409429280397,2015,17.81637717121588,2015,8.486352357320099,2015,2.133995037220844,2015,2015,4.701240694789082,,,,0,0,0
080304,19195,9050,35.73847356082313,19195,60.53659807241469,19195,3.7249283667621778,19195,47.47590518364157,19195,5.923417556655379,19195,21.0,24.966137014847618,112.09944751381215,10145,12.727272727272727,19195,28.83042458973691,19195,0.7866631935399844,19195,65.18932874354562,59.036144578313255,6.153184165232358,10.422740524781341,959.4405594405595,2.8914664457332226,12070,3.7274835027644015,5607,85.88023560209425,6112,71.21356448847399,5249,50.12531328320802,798,23.181454836131095,2502,5.516835182094827,10187,26.12152743692942,10187,52.76332580740159,10187,14.979876312947875,10187,67.74320212034947,10187,73.57416314911161,10187,1.561306804636597,3.7274835027644015,2.1661766981278046,5607,6463,-3.369243962484301,13.172384582803897,16.541628545288198,4722,5465,-0.642377685974143,9.157737410899058,9.800115096873201,4349,5213,32.77724435909746,8332,45.17522803648584,8332,2.2923667786845896,8332,2.6764282285165626,8332,0.828132501200192,8332,0.37205952952472393,8332,33.605376860297646,8332,68.02063713045615,67.35730079436574,12211,12211,8306,0.9751986515771731,54.05881317133298,53.53055115337207,5679,5679,30.616898703792607,8332,16.958713394143064,8332,44.04704752760442,8332,26.100402995231626,80.1592161665646,54.05881317133298,6532,5679,11.773883821411426,8332,5.952952472395583,8332,30.16082573211714,8332,7.609217474795967,8332,9.049447911665867,8332,15.182429188670188,8332,6.673067690830533,8332,6.204992798847815,8332,0.45607297167546806,8332,2.400384061449832,8332,4.212674027844455,8332,1.7522803648583773,8332,71.61239906225579,19195,17.78588174003647,19195,7.215420682469393,19195,15.379004949205521,19195,35.702005730659025,19195,36.48866892419901,19195,96.48533808949273,19063,72.22367937890154,19063,34.76373761362706,12211,46.15223207260137,19063,0.996695168651314,19063,16.73984962406015,16625,2.914221849678681,3579,3.5981981981981983,13.520859671302155,15820.0,,,29.53846153846154,4875,40.888820512820516,8.946463848281311,10124,28.67374660409978,12147,28.3362147032189,12147,3.235366757224006,12147,2.5685354408495926,12147,37.18613649460772,12147,7.190238309720743,12211,7.853574645811154,12211,0.13921873720416017,12211,0.06551469986078126,12211,0.39308819916468757,12211,0.09008271230857423,12211,0.32757349930390633,12211,0.1555974121693555,12211,0.008189337482597658,12211,0.3767095241994923,12211,,,,,,,,,,,,0,,0,,0,,0,,0,19.561068702290076,1048,,84.41231561695153,17084,12.783891360337158,17084,19.584962406015038,16625,84.98769483182937,2438,3.0163143261816083,19063,10.360259565898412,4469,61.183824965813635,5119,11.662434069154132,5119,18.57784723578824,5119,1.9144364133619847,5119,5119,3.72396952529791,,,,0,0,0
080401,17069,8415,36.91487491944461,17069,57.865135625988636,17069,5.2199894545667584,17069,48.98939598101822,17069,7.844630616907844,17069,20.0,25.503485851543733,102.84016636957813,8654,12.49047981721249,17069,27.69347940711231,17069,1.0545433241549007,17069,72.81563227700718,63.794674496304545,9.020957780702643,14.140612601174416,707.1829405162739,5.516530860728669,10677,7.307837940174177,5282,84.21597377954114,5797,73.45350266284309,4882,48.5969387755102,784,25.11649580615098,2146,8.422818791946309,8940,30.52572706935123,8940,44.80984340044743,8940,15.760626398210292,8940,60.57046979865772,8940,66.15212527964206,8940,3.545094659358607,7.307837940174177,3.76274328081557,5282,5395,2.009782481889255,16.76754091010984,14.757758428220585,4461,4479,-0.06453687578372147,9.08102667337695,9.145563549160672,3974,4170,40.28688524590164,7320,35.69672131147541,7320,2.650273224043716,7320,3.3743169398907105,7320,3.907103825136612,7320,0.6420765027322405,7320,44.19398907103825,7320,67.54923820141211,67.01040505388332,10764,10764,7271,0.7976894512446706,53.752573460602655,53.30338760995695,5343,5343,34.76775956284153,7320,14.726775956284152,7320,44.330601092896174,7320,27.394816319880654,81.14738978048331,53.752573460602655,5421,5343,12.609289617486338,7320,12.199453551912569,7320,34.631147540983605,7320,7.459016393442623,7320,6.898907103825136,7320,11.857923497267759,7320,4.412568306010929,7320,5.095628415300546,7320,0.1366120218579235,7320,2.568306010928962,7320,5.286885245901639,7320,2.308743169398907,7320,79.33095084656395,17069,20.756927763782297,17069,4.9504950495049505,17069,10.604018981779834,17069,40.681938016286836,17069,41.65446130411858,17069,94.96630530325227,17065,70.03222970993261,17065,64.32552954292085,10764,19.83592147670671,17065,0.3984764137122766,17065,11.035960624121074,14933,3.0217839269944067,3397,3.897578315929793,13.30052080352544,17473.0,,,33.0607476635514,3424,45.17698598130841,8.317747555355737,8897,18.965196352131027,10746,32.68192815931509,10746,2.754513307277126,10746,3.6571747627024007,10746,41.94118741857435,10746,0.7896692679301375,10764,0.8268301746562616,10764,0.17651430694908957,10764,0.11148272017837235,10764,0.1579338535860275,10764,0.10219249349684133,10764,1.8115942028985508,10764,0.2879970271274619,10764,0.1300631735414344,10764,59.04868078781122,10764,,,,,,,,,,,,0,,0,,0,,0,,0,21.128205128205128,975,,93.8377535101404,15384,4.095163806552262,15384,7.5336503046943015,14933,76.50093808630395,2132,2.7483152651626135,17065,15.998112317130722,4238,70.67839909168322,3523,20.834516037468067,3523,9.395401646324155,3523,2.7249503264263413,3523,3523,4.843883054215158,,,,0,0,0
080402,6362,2969,36.68657654825527,6362,59.55674316252751,6362,3.7566802892172273,6362,48.67966048412449,6362,5.690034580320654,6362,20.0,24.215655454259668,114.28090266082856,3393,13.564916692863878,6362,30.399245520276644,6362,0.6916064130776486,6362,67.90709949854843,61.5993665874901,6.307732911058327,10.23993144815767,976.5690376569038,5.922038980509745,4002,7.210732252655115,1789,77.62512266928361,2038,89.94943109987358,1582,32.23684210526316,304,20.707596253902185,961,8.538732394366198,3408,37.529342723004696,3408,47.79929577464789,3408,5.39906103286385,3408,53.198356807511736,3408,59.97652582159625,3408,2.3304792024969583,7.210732252655115,4.8802530501581565,1789,2213,-0.8760101465823009,4.91041804910418,5.786428195686481,1507,1901,-0.06239514138010982,7.798652694610778,7.861047835990888,1336,1756,37.23679349833764,2707,32.656076837827854,2707,2.4381233838197267,2707,3.509420022164758,2707,1.2190616919098634,2707,0.5541189508681197,2707,38.455855190247505,2707,66.62527936429103,66.32729078718648,4027,4027,2683,0.44726052925829296,42.34184239733629,42.06437291897891,1802,1802,67.45474695234577,2707,10.454377539711858,2707,18.027336534909495,2707,43.95029243412438,86.29213483146067,42.34184239733629,2225,1802,5.245659401551533,2707,9.456963428149242,2707,67.45474695234577,2707,7.018840044329516,2707,3.361654968599926,2707,3.10306612486147,2707,1.5884743258219431,2707,3.952715182859254,2707,0.0,2707,1.3668267454746952,2707,2.9553010712966383,2707,1.0712966383450313,2707,77.50707324740648,6362,5.972964476579692,6362,1.210311222885885,6362,10.814209368123231,6362,20.622445771769883,6362,49.59132348318139,6362,90.33170885080962,6361,58.670020437038204,6361,54.13459150732555,4027,45.74752397421789,6361,0.15720798616569723,6361,18.261185885776648,5498,3.1168384879725086,1164,3.817667844522968,13.037760661281228,5323.0,,,20.020855057351408,959,42.11783107403545,7.153118533845699,3383,12.123475230271346,4017,43.58974358974359,4017,3.161563355738113,4017,2.215583768981827,4017,38.90963405526512,4017,0.17382666997765087,4027,0.4469828656568165,4027,0.0,4027,0.12416190712689347,4027,0.32282095852992304,4027,0.3973181028060591,4027,1.465110504097343,4027,0.32282095852992304,4027,0.04966476285075739,4027,19.841072758877576,4027,,,,,,,,,,,,0,,0,,0,,0,,0,24.242424242424242,363,,93.87396875548534,5697,3.8441284886782516,5697,5.783921425973081,5498,65.23754345307069,863,3.285646910863072,6361,19.129834254143645,1448,77.44510978043913,1002,17.564870259481037,1002,4.69061876247505,1002,0.7984031936127745,1002,1002,6.348303393213573,,,,0,0,0
080501,19252,9087,39.476418034489924,19252,55.4124246831498,19252,5.111157282360274,19252,51.75566174942863,19252,7.4641595678371075,19252,19.0,24.50924579264492,111.8631011334874,10165,14.59069187616871,19252,27.145231664242676,19252,1.1063785580718886,19252,80.46494188226471,71.24109486314211,9.22384701912261,12.947368421052632,772.3577235772358,6.600173460537728,11530,8.342644320297952,5370,83.3112582781457,6795,82.97120650061827,5661,42.13250517598344,966,28.708133971291865,2299,9.623870561042235,9518,34.72368144568187,9518,41.57386005463333,9518,13.616305946627442,9518,55.19016600126077,9518,61.977306156755624,9518,3.26147548912912,8.342644320297952,5.0811688311688314,5370,6160,0.6324856660949791,13.954012623985573,13.321526957890594,4436,5082,-0.20131492779858995,8.409772492244054,8.611087420042644,3868,4690,37.00012615112905,7927,36.974895925318535,7927,2.611328371388924,7927,3.6079222909045034,7927,2.068878516462722,7927,0.6938312097893277,7927,39.06900466759178,7927,67.12728521156983,66.8526306754785,11651,11651,7821,0.40915483953458637,50.92114959469418,50.68165070007369,5428,5428,41.819099280938566,7927,15.920272486438753,7927,35.34754636053993,7927,30.341906808969647,81.26305640366382,50.92114959469418,6223,5428,11.921281695471174,7927,9.095496404692822,7927,41.6803330389807,7927,8.061057146461462,7927,7.569067743156301,7927,9.007190614355999,7927,3.5196165005676803,7927,4.162987258735965,7927,0.13876624195786552,7927,1.6651949034943863,7927,6.244480888103949,7927,2.7500946133467896,7927,78.53210056098068,19252,19.63432370662788,19252,5.059214627051735,19252,18.78765842509869,19252,30.916268439642636,19252,41.73072927488053,19252,95.44391916463194,19249,65.27611823990857,19249,67.27319543386834,11651,35.52911839576082,19249,0.3220946542677542,19249,19.239659367396595,16440,3.3468042419031243,3489,4.364332603938731,16.304183276984407,19817.0,,,28.093561368209254,3976,43.4534708249497,7.6725775807473084,9474,26.10900962861073,11632,27.630674002751032,11632,1.8397524071526823,11632,3.0261348005502064,11632,41.39442916093535,11632,1.0728692816067291,11651,1.4676851772380053,11651,0.0772465882756845,11651,0.19740794781563814,11651,0.06008067976997682,11651,0.10299545103424598,11651,55.51454810745859,11651,4.274311217921208,11651,2.1457385632134582,11651,3.424598746888679,11651,,,,,,,,,,,,0,,0,,0,,0,,0,23.43324250681199,1101,,82.51600399365714,17027,14.952722147178012,17027,19.014598540145986,16440,83.94446422214311,2809,3.5897968725648086,19249,19.40053377129953,4871,72.79358132749817,4113,19.11013858497447,4113,9.919766593727207,4113,1.9693654266958425,4113,4113,4.6800389010454655,,,,0,0,0
080601,3828,1770,41.248693834900735,3828,54.59770114942529,3828,4.153605015673981,3828,51.175548589341695,3828,6.374085684430512,3828,19.0,23.776907001044933,116.27118644067797,2058,16.274817136886103,3828,26.018808777429467,3828,0.7575757575757576,3828,83.15789473684211,75.55023923444976,7.607655502392345,10.069664344521849,993.0817610062893,5.3859964093357275,2228,7.731434384537131,983,80.0632911392405,1264,93.57707509881423,1012,44.171779141104295,163,15.483870967741936,465,7.523510971786834,1914,39.446185997910135,1914,41.797283176593524,1914,11.02403343782654,1914,52.82131661442006,1914,61.23301985370951,1914,4.197297838352393,7.731434384537131,3.534136546184739,983,1245,-0.6681021360448582,10.650887573964496,11.318989710009355,845,1069,-0.1249724972497237,7.888888888888889,8.013861386138613,756,1010,33.60916613621897,1571,41.88415022278803,1571,1.5276893698281349,1571,3.755569700827498,1571,0.7001909611712285,1571,0.44557606619987267,1571,34.3093570973902,1571,69.23076923076923,68.8750555802579,2249,2249,1557,0.5138086062941555,47.27272727272727,47.17171717171717,990,990,66.77275620623807,1571,7.9567154678548695,1571,18.96880967536601,1571,39.22449274315834,86.49722001588562,47.27272727272727,1259,990,8.847867600254615,1571,4.9013367281986,1571,66.77275620623807,1571,4.83768300445576,1571,3.1190324633991087,1571,3.5646085295989813,1571,1.0821133036282622,1571,1.9732654360280077,1571,0.0,1571,2.1642266072565244,1571,5.346912794398472,1571,1.464035646085296,1571,79.70219435736676,3828,8.855799373040753,3828,2.638453500522466,3828,16.353187042842215,3828,17.110762800417973,3828,49.21630094043887,3828,94.40961337513062,3828,68.36468129571578,3828,37.66118274788795,2249,24.895506792058516,3828,0.15673981191222572,3828,10.858034321372855,3205,3.717829457364341,645,4.6251511487303505,16.908467422843575,3791.0,,,22.906976744186046,860,41.48720930232558,7.336125654450262,1910,14.831460674157304,2225,44.58426966292135,2225,1.752808988764045,2225,2.3820224719101124,2225,36.449438202247194,2225,0.31124944419742107,2249,0.31124944419742107,2249,0.35571365051133835,2249,0.08892841262783459,2249,0.5780346820809249,2249,0.044464206313917294,2249,15.028901734104046,2249,2.3121387283236996,2249,13.472654513116941,2249,0.8448199199644286,2249,,,,,,,,,,,,0,,0,,0,,0,,0,38.8235294117647,170,,88.61861861861861,3330,9.12912912912913,3330,12.698907956318253,3205,81.54093097913322,623,1.3584117032392895,3828,20.97669256381798,901,64.62053571428571,896,14.620535714285714,896,17.410714285714285,896,2.232142857142857,896,896,4.272321428571429,,,,0,0,0
080602,12503,5657,36.37526993521555,12503,59.30576661601216,12503,4.318963448772295,12503,47.34063824682076,12503,6.478445173158442,12503,21.0,25.476125729824844,121.0182075304932,6846,12.612972886507238,12503,27.065504278973048,12503,0.8397984483723906,12503,68.61766689143627,61.33513149022252,7.282535401213756,11.87335092348285,842.2222222222222,3.474706182933061,7828,5.393325387365912,3356,84.06156901688183,4028,86.70998227997637,3386,60.962566844919785,561,23.91304347826087,1564,6.422291759797347,6711,41.23081507971986,6711,44.34510505140813,6711,7.8825808374310835,6711,52.22768588883922,6711,59.79734763820593,6711,3.358441666435679,5.393325387365912,2.0348837209302326,3356,4472,0.05157370351083568,7.9123984457788765,7.860824742268041,2831,3880,-0.31921313829347664,7.58818928431756,7.907402422611036,2557,3715,32.969355406833394,5678,39.67946460021134,5678,2.9235646354350124,5678,2.3247622402254313,5678,0.9158154279675942,5678,0.40507220852412823,5678,33.88517083480099,5678,70.4048277596178,70.12823736484788,7954,7954,5600,0.39285714285714285,47.57876312718786,47.43290548424738,3428,3428,59.175766114829166,5678,9.070095103909827,5678,21.398379711165905,5678,40.114564314261536,87.6933274414494,47.57876312718786,4526,3428,5.952800281789362,5678,5.952800281789362,5678,59.03487143360338,5678,4.63191264529764,5678,4.350123282846073,5678,7.273687918281085,5678,2.412821415991546,5678,2.659387108136668,5678,0.14089468122578372,5678,1.003874603733709,5678,3.416696019725255,5678,0.5635787249031349,5678,78.5011597216668,12503,13.42077901303687,12503,6.3424778053267215,12503,7.486203311205311,12503,22.578581140526275,12503,31.99232184275774,12503,96.79225661947044,12501,72.31421486281097,12501,49.094795071662055,7954,42.5725941924646,12501,0.44796416286697066,12501,20.24899304284145,10924,3.5939597315436242,2086,4.529632408102025,15.423757090423763,11988.0,,,26.43639986715377,3011,42.20159415476586,7.257795017156497,6703,20.503733704594357,7901,33.61599797493988,7901,2.1136564991773192,7901,1.9238071130236678,7901,41.84280470826478,7901,11.176766406839326,7954,1.5086748805632386,7954,0.6789036962534574,7954,0.9680663816947448,7954,1.0812169977369877,7954,0.6914759869248177,7954,17.9029419160171,7954,5.154639175257732,7954,0.12572290671360323,7954,2.7533316570279105,7954,,,,,,,,,,,,0,,0,,0,,0,,0,24.763406940063092,634,,85.3684585261659,11236,11.267354930580277,11236,12.632735261808861,10924,88.33227647431832,1577,3.4557235421166306,12501,15.993031358885018,2870,57.52788104089219,3228,14.033457249070633,3228,21.623296158612145,3228,2.354399008674102,3228,3228,3.8726765799256504,,,,0,0,0
080701,6917,3083,33.598380800925256,6917,61.55847910944051,6917,4.843140089634234,6917,46.94231603296227,6917,6.924967471447159,6917,21.0,25.679629897354346,124.35939020434641,3834,12.317478675726472,6917,30.34552551684256,6917,1.0119994217146162,6917,62.44715829027712,54.57961484264913,7.867543447627995,14.414802065404475,693.7313432835821,1.9294014470510852,4561,2.5520833333333335,1920,83.28598484848484,2112,93.06424104604889,1759,58.59649122807018,285,20.630372492836678,1047,3.599374021909233,3834,31.898800208659363,3834,51.695357329160146,3834,12.310902451747522,3834,64.00625978090767,3834,70.50078247261345,3834,1.0753699671841475,2.5520833333333335,1.476713366149186,1920,2641,1.1157097345883695,12.957222566646001,11.841512832057631,1613,2221,-0.1914522051539045,8.945502298095864,9.136954503249768,1523,2154,42.64852306671092,3013,30.965814802522402,3013,2.057749751078659,3013,3.1861931629605045,3013,2.8542980418187853,3013,0.3318951211417192,3013,45.5028211085297,3013,65.38796861377507,65.01743679163035,4588,4588,3000,0.5666666666666667,45.81178903826267,45.553257497414684,1934,1934,36.80716893461666,3013,16.694324593428476,3013,37.13906405575838,3013,33.84156439052408,79.65335342878674,45.81178903826267,2654,1934,11.417192167275141,3013,8.828410222369731,3013,36.740789910388315,3013,6.372386325921009,3013,10.122801194822436,3013,9.923664122137405,3013,3.484898771988052,3013,3.9827414537006307,3013,0.06637902422834384,3013,3.9495519415864586,3013,4.912047792897444,3013,1.8918021905077995,3013,79.9624114500506,6917,20.73153101055371,6917,2.269770131559925,6917,8.009252566141392,6917,27.989012577707097,6917,36.431979181726184,6917,95.83273042974967,6911,71.972218202865,6911,49.62946817785527,4588,38.286789176674866,6911,0.8826508464766315,6911,19.19458656543984,6059,3.0041771094402674,1197,3.9513755598208573,12.538775510204081,6125.0,,,25.460368294635707,1249,45.478783026421134,8.705111402359108,3815,21.628109995635093,4582,28.59013531209079,4582,2.400698384984723,4582,3.1645569620253164,4582,44.216499345264076,4582,1.6782911944202268,4588,1.111595466434176,4588,0.08718395815170009,4588,0.3269398430688753,4588,0.021795989537925022,4588,0.13077593722755013,4588,2.4411508282476024,4588,0.5666957279860506,4588,0.0,4588,6.560592850915431,4588,,,,,,,,,,,,0,,0,,0,,0,,0,24.193548387096776,372,,95.05776636713736,6232,1.925545571245186,6232,7.393959399240798,6059,81.8075117370892,852,1.562726088843872,6911,16.68831168831169,1540,70.94281298299846,1294,20.78825347758887,1294,6.87789799072643,1294,1.545595054095827,1294,1294,5.34080370942813,,,,0,0,0
080702,4955,2277,37.295660948536835,4955,57.416750756811304,4955,5.287588294651867,4955,47.48738647830474,4955,7.911200807265389,4955,21.0,25.697275479313824,117.610891523935,2678,13.804238143289606,4955,26.175580221997983,4955,1.1301715438950555,4955,74.16520210896309,64.95606326889279,9.209138840070299,14.177489177489177,705.3435114503817,3.204920686306248,3089,4.124457308248915,1382,85.74062692071297,1627,95.41218637992831,1395,61.33828996282528,269,19.08783783783784,592,5.773584905660377,2650,33.471698113207545,2650,48.264150943396224,2650,11.962264150943396,2650,60.22641509433962,2650,67.39622641509433,2650,1.6640003662454,4.124457308248915,2.460456942003515,1382,1707,4.043274432023081,14.212765957446809,10.169491525423728,1175,1475,0.207139258669212,8.824723247232471,8.61758398856326,1084,1399,50.28195488721804,2128,28.289473684210527,2128,2.4906015037593985,2128,3.242481203007519,2128,2.443609022556391,2128,0.37593984962406013,2128,52.725563909774436,2128,68.214055448098,67.5370728562218,3102,3102,2116,0.9924385633270322,49.42528735632184,49.20977011494253,1392,1392,41.16541353383459,2128,15.977443609022556,2128,36.65413533834587,2128,34.08348457350272,83.50877192982456,49.42528735632184,1710,1392,11.889097744360901,2128,13.62781954887218,2128,41.024436090225564,2128,7.706766917293233,2128,8.035714285714286,2128,9.680451127819548,2128,2.4906015037593985,2128,5.639097744360902,2128,0.14097744360902256,2128,2.4906015037593985,2128,5.87406015037594,2128,2.1146616541353382,2128,79.07164480322906,4955,21.009081735620587,4955,3.7941473259334004,4955,10.030272452068617,4955,26.014127144298687,4955,38.40565085771947,4955,97.43434343434343,4950,62.72727272727273,4950,47.38878143133462,3102,30.848484848484848,4950,0.8282828282828283,4950,17.53398968588842,4266,3.346244131455399,852,4.322048611111111,11.113360323886646,4940.0,,,22.203098106712563,1162,43.71256454388985,8.187784522003035,2636,22.580645161290324,3100,34.41935483870968,3100,2.5161290322580645,3100,3.3548387096774195,3100,37.12903225806452,3100,0.8704061895551257,3102,0.8381689232753062,3102,0.16118633139909735,3102,0.2578981302385558,3102,0.06447453255963895,3102,0.2578981302385558,3102,5.093488072211477,3102,0.5480335267569311,3102,0.032237266279819474,3102,1.9019987105093488,3102,,,,,,,,,,,,0,,0,,0,,0,,0,23.553719008264462,242,,94.53390791562713,4409,0.7711499206169199,4409,3.914674167838725,4266,90.93567251461988,684,3.898989898989899,4950,11.632100991884581,1109,60.66350710900474,1266,17.53554502369668,1266,15.797788309636651,1266,1.8167456556082149,1266,1266,3.909952606635071,,,,0,0,0
080703,945,407,38.2010582010582,945,57.56613756613756,945,4.232804232804233,945,50.264550264550266,945,6.560846560846561,945,19.0,24.366137566137567,132.1867321867322,538,14.920634920634921,945,27.3015873015873,945,1.164021164021164,945,73.71323529411765,66.36029411764706,7.352941176470588,11.0803324099723,902.5,3.298611111111111,576,5.909090909090909,220,85.25641025641026,312,98.49624060150376,266,60.416666666666664,48,14.782608695652174,115,7.949790794979079,478,35.77405857740586,478,45.18828451882845,478,11.087866108786612,478,56.27615062761506,478,63.80753138075314,478,4.223697650663943,5.909090909090909,1.6853932584269662,220,356,-3.2802249297094654,9.090909090909092,12.371134020618557,187,291,0.31659117150723937,8.54320987654321,8.226618705035971,162,278,42.01474201474201,407,29.72972972972973,407,2.7027027027027026,407,7.125307125307125,407,0.0,407,0.0,407,42.01474201474201,407,69.7594501718213,69.58762886597938,582,582,406,0.24630541871921183,41.891891891891895,41.44144144144144,222,222,59.45945945945946,407,10.073710073710073,407,22.604422604422606,407,45.05255255255255,86.94444444444444,41.891891891891895,360,222,12.039312039312039,407,7.125307125307125,407,59.21375921375921,407,4.6683046683046685,407,5.405405405405405,407,4.6683046683046685,407,2.7027027027027026,407,0.7371007371007371,407,0.2457002457002457,407,2.457002457002457,407,7.616707616707616,407,2.211302211302211,407,85.71428571428571,945,10.37037037037037,945,3.386243386243386,945,4.126984126984127,945,20.423280423280424,945,51.111111111111114,945,94.90445859872611,942,65.60509554140127,942,32.13058419243986,582,53.71549893842887,942,0.9554140127388535,942,29.17705735660848,802,3.8282208588957056,163,4.974619289340102,18.472652218782248,969.0,,,16.243654822335024,197,44.28934010152284,7.654811715481172,478,19.072164948453608,582,34.5360824742268,582,1.5463917525773196,582,1.7182130584192439,582,43.12714776632303,582,0.5154639175257731,582,0.3436426116838488,582,0.0,582,0.0,582,0.0,582,0.1718213058419244,582,2.7491408934707904,582,0.6872852233676976,582,0.0,582,8.934707903780069,582,,,,,,,,,,,,0,,0,,0,,0,,0,34.146341463414636,41,,94.4578313253012,830,1.0843373493975903,830,5.236907730673317,802,82.14285714285714,140,8.386411889596603,942,23.636363636363637,220,64.51612903225806,217,17.05069124423963,217,16.129032258064516,217,4.147465437788019,217,217,4.341013824884793,,,,0,0,0
080801,11377,5326,36.2046233629252,11377,58.082095455744046,11377,5.713281181330755,11377,47.78939966599279,11377,8.218335237760394,11377,21.0,26.070493100114266,113.6124671423207,6051,12.885646479739826,11377,26.975476839237057,11377,1.274501186604553,11377,72.17009685230025,62.333535108958834,9.836561743341404,15.780529254673464,633.6923076923077,2.788677130044843,7136,3.624282694050136,3311,88.54589764419171,3693,90.06116207951071,3270,62.86836935166994,509,22.465353756382203,1371,4.7784391534391535,6048,27.414021164021165,6048,52.74470899470899,6048,14.500661375661375,6048,67.24537037037037,6048,72.93320105820106,6048,1.5589232169259528,3.624282694050136,2.065359477124183,3311,3825,-0.5901395334107242,14.183637013219007,14.773776546629731,2799,3249,-0.18611537682665436,9.279739063699155,9.46585444052581,2606,3119,34.17118093174431,4615,41.51679306608884,4615,3.1202600216684724,4615,3.0552546045503792,4615,1.8418201516793067,4615,0.4333694474539545,4615,36.01300108342362,4615,63.655287260616156,63.197335553705244,7206,7206,4587,0.7194244604316546,44.70059880239521,44.4311377245509,3340,3340,37.854821235102925,4615,17.464788732394368,4615,37.83315276273023,4615,35.33044103205901,80.03103983445422,44.70059880239521,3866,3340,13.52112676056338,4615,7.323943661971831,4615,37.72481040086674,4615,9.512459371614302,4615,7.670639219934994,4615,11.91765980498375,4615,2.513542795232936,4615,3.2719393282773566,4615,0.13001083423618634,4615,2.38353196099675,4615,7.627302275189599,4615,2.1885157096424703,4615,79.36187044036214,11377,21.745627142480444,11377,7.233892941900325,11377,9.308253493891185,11377,35.87061615540125,11377,41.469631713105386,11377,96.28384356751017,11302,67.3155193771014,11302,40.022203719122956,7206,35.21500619359406,11302,1.5130065475137144,11302,15.110253023066761,9841,3.1614306428226198,2069,4.258179231863442,11.940173094697926,11901.0,,,26.02987777274785,2209,46.829787234042556,8.905221150648487,6014,24.125485841199335,7204,27.415324819544697,7204,2.1654636313159354,7204,3.470294280955025,7204,42.82343142698501,7204,0.263669164585068,7206,0.832639467110741,7206,0.055509297807382736,7206,0.15265056897030252,7206,0.13877324451845685,7206,0.12489592006661115,7206,1.0407993338884263,7206,0.31917846239245073,7206,0.027754648903691368,7206,0.4718290313627533,7206,,,,,,,,,,,,0,,0,,0,,0,,0,20.965058236272878,601,,96.34158367024948,10141,0.6705453111133024,10141,4.867391525251499,9841,84.66803559206024,1461,2.39780569810653,11302,12.705702257941065,2613,70.71583514099783,2305,22.95010845986985,2305,9.197396963123644,2305,1.9522776572668112,2305,2305,4.903253796095445,,,,0,0,0
080802,5965,2503,31.148365465213747,5965,64.3419949706622,5965,4.509639564124057,5965,43.956412405699915,5965,7.141659681475272,5965,23.0,26.81072925398156,138.31402317219337,3462,11.064543168482816,5965,30.393964794635373,5965,0.8382229673093042,5965,55.419489317352784,48.410630536737884,7.008858780614903,14.477933261571582,690.7063197026023,3.226594964556343,4091,4.9597024178549285,1613,87.79342723004694,1704,95.92245989304813,1496,63.800904977375566,221,17.405764966740577,902,5.237550085861477,3494,29.96565540927304,3494,53.777904979965655,3494,10.90440755580996,3494,64.68231253577561,3494,71.29364625071551,3494,2.861235912608762,4.9597024178549285,2.0984665052461664,1613,2478,-1.9680536654432483,9.708029197080291,11.67608286252354,1370,2124,-0.5489784849874422,8.556438791732909,9.10541727672035,1258,2049,29.46685878962536,2776,42.471181556195965,2776,3.170028818443804,2776,2.3054755043227666,2776,2.7377521613832854,2776,1.8371757925072045,2776,32.20461095100865,2776,67.5603217158177,66.90226663417012,4103,4103,2772,0.974025974025974,44.56118665018541,44.437577255871446,1618,1618,57.096541786743515,2776,12.427953890489913,2776,25.324207492795388,2776,37.97402461742022,82.53521126760563,44.56118665018541,2485,1618,8.861671469740633,2776,7.420749279538905,2776,47.83861671469741,2776,5.943804034582133,2776,6.231988472622478,2776,6.520172910662824,2776,1.5489913544668588,2776,2.7377521613832854,2776,9.25792507204611,2776,1.7291066282420748,2776,4.971181556195965,2776,1.7291066282420748,2776,81.0729253981559,5965,20.050293378038557,5965,3.4870075440067057,5965,11.165129924559933,5965,36.06035205364627,5965,48.60016764459346,5965,97.51594494796912,5958,81.20174555219873,5958,67.87716305142578,4103,41.47364887546156,5958,2.4337025847599865,5958,23.28301886792453,5300,3.068027210884354,1029,4.153172866520788,14.115767045454541,5632.0,,,24.336283185840706,1356,43.84070796460177,8.411174785100286,3490,25.201072386058982,4103,26.907141116256398,4103,2.022910065805508,4103,2.5591030952961247,4103,43.309773336582985,4103,12.186205215695832,4103,4.606385571533025,4103,0.5605654399220082,4103,9.261515963928833,4103,0.19497928345113333,4103,0.2680965147453083,4103,1.4135998050207166,4103,0.04874482086278333,4103,0.073117231294175,4103,0.31684133560809163,4103,,,,,,,,,,,,0,,0,,0,,0,,0,23.728813559322035,295,,88.6882829771555,5428,8.271923360353721,5428,20.37735849056604,5300,87.99392097264437,658,2.1987244041624705,5958,13.349320543565147,1251,58.24022346368715,1432,15.572625698324023,1432,16.96927374301676,1432,2.2346368715083798,1432,1432,4.160614525139665,,,,0,0,0
080803,4111,1812,33.90902456823157,4111,61.22597908051569,4111,4.864996351252737,4111,46.16881537338847,4111,7.175869618097787,4111,22.0,26.122354658234006,126.87637969094922,2299,12.35709073218195,4111,29.45755290683532,4111,1.0946241790318658,4111,63.32936034962257,55.383392928088995,7.945967421533572,14.347202295552368,697.0,2.4354243542435423,2710,4.076322636600174,1153,84.91620111731844,1253,94.26691729323308,1064,65.0,160,21.05263157894737,570,4.170324846356453,2278,32.35294117647059,2278,52.54609306409131,2278,10.667251975417033,2278,63.21334503950834,2278,70.10535557506584,2278,2.8560271966515547,4.076322636600174,1.2202954399486192,1153,1557,-1.5666251791506376,9.775967413441956,11.342592592592593,982,1296,-0.4867935649400188,8.609649122807017,9.096442687747036,912,1265,40.15748031496063,1778,31.383577052868393,1778,2.530933633295838,1778,3.2058492688413947,1778,2.9246344206974126,1778,0.0562429696287964,1778,43.082114735658045,1778,64.65390279823269,64.3961708394698,2716,2716,1756,0.39863325740318906,37.0242214532872,36.85121107266436,1156,1156,49.437570303712036,1778,16.42294713160855,1778,29.24634420697413,1778,48.10398367491793,85.12820512820512,37.0242214532872,1560,1156,10.62992125984252,1778,12.598425196850394,1778,49.26884139482565,1778,6.636670416197975,1778,9.505061867266592,1778,7.199100112485939,1778,1.9122609673790776,1778,2.3059617547806526,1778,0.1687289088863892,1778,2.9246344206974126,1778,5.568053993250843,1778,1.687289088863892,1778,89.17538311846266,4111,11.675991243006568,4111,4.792021405983945,4111,7.492094380929214,4111,38.38482121138409,4111,36.876672342495745,4111,96.86055001216842,4109,69.89535166707228,4109,25.07363770250368,2716,25.091263081041618,4109,1.192504258943782,4109,11.687951138256524,3602,3.0730411686586985,753,4.226640159045726,12.308055752421454,4233.0,,,21.48148148148148,810,46.22222222222222,8.46963028169014,2272,26.399116347569954,2716,23.416789396170838,2716,1.6200294550810015,2716,2.614138438880707,2716,45.9499263622975,2716,0.25773195876288657,2716,0.4418262150220913,2716,0.11045655375552282,2716,0.18409425625920472,2716,0.036818851251840944,2716,0.11045655375552282,2716,1.7304860088365244,2716,0.25773195876288657,2716,0.0,2716,0.4418262150220913,2716,,,,,,,,,,,,0,,0,,0,,0,,0,22.54901960784314,204,,95.4913606911447,3704,0.7829373650107991,3704,2.5818989450305385,3602,90.53254437869822,507,0.8031151131662205,4109,16.09702315325248,907,70.34813925570228,833,19.807923169267706,833,7.8031212484994,833,2.0408163265306123,833,833,4.932773109243698,,,,0,0,0
080901,3232,1509,45.11138613861386,3232,50.495049504950494,3232,4.393564356435643,3232,55.352722772277225,3232,6.40470297029703,3232,17.0,23.074876237623762,114.181577203446,1723,16.336633663366335,3232,22.957920792079207,3232,1.2066831683168318,3232,98.03921568627452,89.33823529411765,8.700980392156863,9.739368998628258,1026.7605633802816,10.890527509926262,1763,14.193548387096774,775,81.29084967320262,1224,95.17587939698493,995,45.76271186440678,177,25.37313432835821,335,14.989871708305198,1481,45.23970290344362,1481,31.937879810938554,1481,7.629979743416611,1481,39.56785955435517,1481,45.91492234976367,1481,5.89395324539637,14.193548387096774,8.299595141700404,775,988,-1.3909664200848493,6.842923794712286,8.233890214797135,643,838,-0.6351951661122568,6.616141732283465,7.251336898395722,508,748,21.661237785016286,1228,43.241042345276874,1228,1.3029315960912051,1228,5.293159609120521,1228,0.5700325732899023,1228,0.40716612377850164,1228,22.23127035830619,1228,68.65839909808342,68.32018038331455,1774,1774,1218,0.49261083743842365,45.96670934699104,45.83866837387964,781,781,74.42996742671009,1228,7.49185667752443,1228,14.332247557003257,1228,40.53882942440876,86.5055387713998,45.96670934699104,993,781,8.550488599348535,1228,5.04885993485342,1228,74.0228013029316,1228,4.478827361563518,1228,2.9315960912052117,1228,2.198697068403909,1228,0.8143322475570033,1228,0.5700325732899023,1228,0.40716612377850164,1228,0.40716612377850164,1228,6.677524429967427,1228,0.8957654723127035,1228,70.54455445544555,3232,11.262376237623762,3232,0.525990099009901,3232,20.35891089108911,3232,13.490099009900991,3232,50.402227722772274,3232,90.87252475247524,3232,61.16955445544554,3232,84.55467869222097,1774,42.60519801980198,3232,0.09282178217821782,3232,15.791420118343195,2704,4.6,535,5.635555555555555,20.80802746237127,3787.0,,,13.80952380952381,630,43.19047619047619,5.943843031123139,1478,27.426636568848757,1772,32.61851015801354,1772,0.7900677200902935,1772,2.8781038374717833,1772,36.28668171557562,1772,0.5636978579481398,1774,0.6200676437429538,1774,0.16910935738444194,1774,0.11273957158962795,1774,0.05636978579481398,1774,0.05636978579481398,1774,66.06538895152198,1774,8.568207440811724,1774,1.9165727170236753,1774,4.791431792559188,1774,,,,,,,,,,,,0,,0,,0,,0,,0,32.69230769230769,156,,68.84547069271758,2815,28.77442273534636,2815,30.547337278106507,2704,78.03030303030303,528,3.2797029702970297,3232,21.16704805491991,874,75.85139318885449,646,17.027863777089784,646,8.823529411764707,646,0.7739938080495357,646,646,5.003095975232198,,,,0,0,0
090101,46267,22289,33.15754209263622,46267,64.06942313095728,46267,2.77303477640651,46267,44.51336805930793,46267,4.432965180366136,46267,22.0,24.53232325415523,107.57772892458163,23978,12.529448635096289,46267,32.4269998054769,46267,0.4819850001080684,46267,56.08069358701886,51.75252167459434,4.328171912424518,8.363209699498077,1195.713172252533,1.1377010592389172,30588,1.5919450302741682,14699,87.08416372834586,13046,78.15333157292491,11361,56.12359550561798,1780,21.548199920875643,7583,2.385327982597607,26663,17.35363612496718,26663,50.4819412669242,26663,29.137756441510707,26663,79.61969770843491,26663,84.27408768705698,26663,0.8744675301168267,1.5919450302741682,0.7174775001573416,14699,15889,-2.4543744559169482,27.861551683725292,30.31592613964224,12799,13864,-0.6346603442003129,10.717269402681836,11.35192974688215,12305,13551,48.61675187538822,20929,31.640307707009413,20929,3.0149553251469254,20929,1.8061063595967317,20929,1.5480911653686273,20929,0.8074919967509198,20929,50.16484304075684,20929,68.04831449758751,67.34885528318384,30881,30881,21014,1.0278861711240126,56.47811447811448,55.831649831649834,14850,14850,5.795785751827608,20929,20.039180085049452,20929,65.96110659849968,20929,22.28802612446802,78.7661406025825,56.47811447811448,16031,14850,21.05212862535238,20929,7.530221224138755,20929,5.690668450475417,20929,6.937741889244589,20929,12.709637345310336,20929,20.34497587080128,20929,7.864685364804816,20929,5.461321611161546,20929,0.10511730135219075,20929,10.521286253523819,20929,4.730278560848583,20929,4.6729418510201155,20929,64.50818077679556,46267,29.31246893033912,46267,11.202368859013983,46267,8.22400414982601,46267,40.26628050230185,46267,27.522856463570147,46267,98.76219947631516,46211,81.42433619700937,46211,17.81030407046404,30881,46.03449395165653,46211,2.0103438575231007,46211,22.317341712645668,40417,2.441510966693745,9848,2.935644820295983,11.076869403418998,34396.0,,,33.25362796833773,12128,38.801286279683374,10.704174845236297,26492,25.01626968632045,30732,28.98281921124561,30732,3.8136144735129505,30732,2.209423402316803,30732,39.97787322660419,30732,3.0568958259123735,30881,10.032058547326836,30881,0.1781030407046404,30881,0.07447945338557689,30881,0.45335319452090284,30881,0.03562060814092808,30881,0.34325313299439786,30881,0.012952948414882938,30881,0.006476474207441469,30881,0.16515009228975747,30881,,,,,,,,,,,,0,,0,,0,,0,,0,24.543610547667342,2465,,90.58633414534141,41461,5.894696220544608,41461,30.6257267981295,40417,92.49223334483949,5794,1.6814178442362209,46211,10.070332480818415,9384,60.94867312887335,12586,8.565072302558399,12586,17.169871285555377,12586,1.3824884792626728,12586,12586,3.6716192594946766,,,,0,0,0
090102,7948,3594,34.28535480624056,7948,62.72018117765476,7948,2.9944640161046805,7948,47.06844489179668,7948,4.98238550578762,7948,21.0,24.553346753900353,121.1463550361714,4354,12.455963764469049,7948,31.731253145445397,7948,0.3648716658278812,7948,59.4383149448345,54.663991975927786,4.77432296890672,8.73394495412844,1144.9579831932774,2.0026959368380512,5193,2.186523873270861,2241,87.57588021044111,2471,93.16081330868762,2164,61.88925081433225,307,28.343145500420523,1189,4.222780187171878,4381,28.874686144715817,4381,54.051586395800044,4381,12.599863044966902,4381,66.65144944076695,4381,73.29376854599407,4381,0.32338024183454683,2.186523873270861,1.8631436314363143,2241,2952,0.19587992087546446,12.710970464135022,12.515090543259557,1896,2485,0.08904281035667339,9.166481069042316,9.077438258685643,1796,2389,41.65892912411018,3231,36.61405137728258,3231,1.4546580006190033,3231,1.9808108944599194,3231,0.49520272361497986,3231,0.49520272361497986,3231,42.15413184772516,3231,64.30486403676753,61.489850631941785,5222,5222,3358,4.377605717689101,43.5920177383592,41.507760532150776,2255,2255,31.87867533271433,3231,17.424945837202106,3231,39.55431754874652,3231,36.45516797111165,80.04718570947085,43.5920177383592,2967,2255,10.832559579077685,3231,8.201795109873105,3231,31.87867533271433,3231,8.48034664190653,3231,8.604147322810276,3231,9.81120396162179,3231,7.644692045806252,3231,3.806870937790158,3231,0.0,3231,5.230578768183225,3231,4.549675023212628,3231,2.1355617455896008,3231,80.80020130850528,7948,11.084549572219426,7948,10.04026170105687,7948,9.713135379969804,7948,29.655259184700554,7948,27.591847005535985,7948,97.5588272304014,7947,80.84811878696364,7947,8.425890463423976,5222,24.021643387441802,7947,1.5225871398011828,7947,8.696277130947248,6957,2.658570437196391,1441,3.317198177676538,10.319666435024322,5756.0,,,20.664652567975832,1655,41.842900302114806,8.697482837528604,4370,20.93335893988861,5207,34.26157096216632,5207,2.880737468792011,5207,2.035721144613021,5207,39.88861148454004,5207,0.8808885484488702,5222,1.5702795863653773,5222,0.09574875526618154,5222,0.038299502106472615,5222,0.038299502106472615,5222,0.0,5222,0.19149751053236308,5222,0.057449253159708925,5222,0.019149751053236307,5222,0.09574875526618154,5222,,,,,,,,,,,,0,,0,,0,,0,,0,22.90249433106576,441,,93.68258859784284,7139,1.7229303824064994,7139,13.71280724450194,6957,88.58585858585859,990,1.3715867623002391,7947,11.644204851752022,1855,70.85781433607521,1702,11.280846063454758,1702,10.517038777908343,1702,1.2925969447708578,1702,1702,4.669212690951821,,,,0,0,0
090103,2173,923,35.57294063506673,2173,61.06764841233318,2173,3.359410952600092,2173,45.97330878969167,2173,5.752416014726185,2173,22.0,25.024850437183616,135.42795232936078,1250,14.588127013345606,2173,27.933732167510353,2173,0.5522319374137138,2173,63.75282592313489,58.251695553880936,5.501130369253956,9.44372574385511,1058.9041095890411,7.714491708723864,1387,8.671586715867159,542,80.66037735849056,636,94.9317738791423,513,51.06382978723404,94,23.465703971119133,277,11.798679867986799,1212,33.993399339933994,1212,42.244224422442244,1212,11.881188118811881,1212,54.12541254125413,1212,61.303630363036305,1212,1.5709949998908277,8.671586715867159,7.100591715976331,542,845,2.530248894460314,13.449023861171366,10.918774966711052,461,751,-0.12000815996554692,8.516624040920716,8.636632200886263,391,677,29.52286282306163,1006,51.590457256461235,1006,2.3856858846918487,1006,2.783300198807157,1006,0.09940357852882704,1006,1.4910536779324055,1006,29.62226640159046,1006,72.20630372492836,71.27507163323783,1396,1396,1008,1.2896825396825398,42.413162705667276,42.413162705667276,547,547,65.8051689860835,1006,10.536779324055667,1006,18.78727634194831,1006,48.988486293154864,91.40164899882214,42.413162705667276,849,547,8.449304174950298,1006,4.671968190854871,1006,65.70576540755467,1006,4.572564612326044,1006,5.964214711729622,1006,3.479125248508946,1006,2.0874751491053676,1006,0.3976143141153082,1006,0.09940357852882704,1006,3.7773359840954273,1006,4.3737574552683895,1006,1.2922465208747516,1006,81.08605614358031,2173,12.42521859180856,2173,8.00736309249885,2173,11.596870685687989,2173,33.59410952600092,2173,36.81546249424758,2173,92.85055350553506,2168,72.00184501845018,2168,24.498567335243553,1396,37.96125461254613,2168,6.134686346863469,2168,16.630669546436284,1852,3.2710997442455243,391,3.9594882729211087,13.60914534567229,1837.0,,,17.823639774859288,533,41.32645403377111,7.561519405450041,1211,20.773638968481375,1396,40.83094555873925,1396,2.650429799426934,1396,2.3638968481375358,1396,33.3810888252149,1396,3.2951289398280803,1396,4.512893982808023,1396,0.28653295128939826,1396,0.0,1396,0.2148997134670487,1396,0.0,1396,0.2148997134670487,1396,0.07163323782234957,1396,0.07163323782234957,1396,0.14326647564469913,1396,,,,,,,,,,,,0,,0,,0,,0,,0,38.0,100,,74.05660377358491,1908,11.635220125786164,1908,46.92224622030238,1852,83.54430379746836,316,2.0756457564575648,2168,21.076233183856502,446,59.180035650623886,561,11.408199643493761,561,22.459893048128343,561,2.8520499108734403,561,561,3.864527629233512,,,,0,0,0
090104,3909,1661,32.2588897416219,3909,65.56664108467639,3909,2.174469173701714,3909,44.33358915323612,3909,4.374520337682272,3909,22.0,24.969557431568177,135.3401565322095,2248,11.511895625479662,3909,32.949603479150674,3909,0.17907393195190585,3909,52.51658213031604,49.20015606710886,3.316426063207179,6.740681998413957,1483.5294117647059,5.132133282267331,2611,5.1080550098231825,1018,77.53496503496504,1144,91.88275084554678,887,57.47126436781609,174,9.682539682539682,630,9.050576752440106,2254,33.54037267080745,2254,44.409937888198755,2254,12.821650399290151,2254,57.23158828748891,2254,64.19698314108253,2254,-0.03946539193450782,5.1080550098231825,5.14752040175769,1018,1593,-2.4673833229801527,11.303344867358708,13.770728190338861,867,1387,-0.3693932524011494,8.474160206718347,8.843553459119496,774,1272,33.05377405032067,2027,44.74592994573261,2027,3.206709422792304,2027,2.7627035027133697,2027,0.5920078934385792,2027,0.5426739023186976,2027,33.64578194375925,2027,76.09848484848484,75.75757575757575,2640,2640,2009,0.44798407167745147,56.407766990291265,56.116504854368934,1030,1030,48.14997533300444,2027,11.544153922052294,2027,34.53379378391712,2027,32.28788518362178,88.69565217391305,56.407766990291265,1610,1030,5.920078934385792,2027,4.144055254070055,2027,48.14997533300444,2027,4.93339911198816,2027,6.610754810064134,2027,21.410952146028613,2027,2.3680315737543167,2027,2.0720276270350273,2027,0.0,2027,2.0720276270350273,2027,2.960039467192896,2027,1.4306857424765664,2027,70.65745715016628,3909,9.388590432335636,3909,14.19800460475825,3909,10.693271936556664,3909,19.160910718853927,3909,29.44487081094909,3909,92.58784303667608,3899,72.35188509874327,3899,25.265151515151516,2640,53.731726083611186,3899,9.592203129007437,3899,33.391304347826086,3450,3.023529411764706,680,3.5702075702075704,10.778236914600548,2904.0,,,21.107628004179727,957,39.662486938349005,7.899555555555556,2250,22.630780894617136,2638,35.405610310841546,2638,3.184230477634572,2638,1.6679302501895374,2638,37.11144806671721,2638,3.257575757575758,2640,10.265151515151516,2640,0.15151515151515152,2640,0.11363636363636363,2640,0.22727272727272727,2640,0.03787878787878788,2640,0.15151515151515152,2640,0.07575757575757576,2640,0.0,2640,0.11363636363636363,2640,,,,,,,,,,,,0,,0,,0,,0,,0,27.46113989637306,193,,78.07215332581737,3548,6.93348365276212,3548,35.971014492753625,3450,83.74164810690424,449,3.0777122339061296,3899,21.62162162162162,814,53.868471953578336,1034,6.963249516441006,1034,20.406189555125724,1034,1.0638297872340425,1034,1034,3.7707930367504834,,,,0,0,0
090201,6239,2744,40.03846770315756,6239,57.348934124058346,6239,2.6125981727841,6239,53.03734572848213,6239,4.2314473473313035,6239,19.0,22.435326174066358,127.36880466472303,3495,14.104824491104344,6239,30.661965058502965,6239,0.4007052412245552,6239,74.37115707098938,69.81553940749022,4.555617663499161,6.5252201761409125,1532.515337423313,2.3185205630692796,3623,3.7889039242219216,1478,86.69201520912547,2104,73.79385964912281,1824,56.351791530944624,307,21.31630648330059,1018,4.554390563564875,3052,32.17562254259502,3052,47.93577981651376,3052,15.137614678899082,3052,63.07339449541284,3052,69.10222804718218,3052,2.483542618860616,3.7889039242219216,1.3053613053613053,1478,2145,-1.1886255545164346,14.434643143544507,15.623268698060942,1247,1805,-0.7904075687378906,8.543874891398783,9.334282460136674,1151,1756,35.625,2080,42.40384615384615,2080,3.076923076923077,2080,2.5,2080,0.8173076923076923,2080,0.9615384615384616,2080,36.44230769230769,2080,55.99250936329588,55.18994114499733,3738,3738,2093,1.433349259436216,40.588235294117645,40.19607843137255,1530,1530,38.84615384615385,2080,15.384615384615385,2080,38.31730769230769,2080,26.078431372549026,66.66666666666667,40.588235294117645,2208,1530,13.701923076923077,2080,6.923076923076923,2080,37.25961538461539,2080,5.240384615384615,2080,9.85576923076923,2080,7.836538461538462,2080,4.615384615384615,2080,3.9903846153846154,2080,1.5865384615384615,2080,7.0673076923076925,2080,7.740384615384615,2080,2.7403846153846154,2080,89.03670460009617,6239,7.6935406315114605,6239,2.211892931559545,6239,9.312389806058663,6239,31.36720628305818,6239,38.22728001282257,6239,95.89348732755855,6234,75.2967597048444,6234,30.524344569288388,3738,58.54988771254411,6234,1.4918190567853706,6234,30.675877520537714,5356,3.572595281306715,1102,4.284722222222222,16.257225433526013,5536.0,,,23.254139668826493,1389,39.49892008639309,8.589954038082732,3046,17.58861439312567,3724,40.6015037593985,3724,1.933404940923738,3724,2.309344790547798,3724,37.567132116004295,3724,2.2739432851792403,3738,8.560727661851258,3738,0.1337613697164259,3738,0.08025682182985554,3738,0.21401819154628143,3738,0.02675227394328518,3738,0.4012841091492777,3738,0.02675227394328518,3738,0.02675227394328518,3738,0.45478865703584803,3738,,,,,,,,,,,,0,,0,,0,,0,,0,32.0,275,,93.38288614938361,5516,3.535170413343002,5516,13.666915608663182,5356,82.00455580865604,878,3.3846647417388516,6234,14.080656185919343,1463,66.82725395732966,1453,9.291121816930488,1453,16.72401927047488,1453,0.9635237439779766,1453,1453,4.29043358568479,,,,0,0,0
090202,2991,1352,37.94717485790706,2991,60.615178869943165,2991,1.4376462721497827,2991,53.56068204613842,2991,2.5409562019391507,2991,18.0,22.235038448679372,121.22781065088758,1639,11.768639251086594,2991,33.13273152791709,2991,0.1671681711802073,2991,64.97517926089354,62.60341974627689,2.3717595146166577,3.788546255506608,2639.5348837209303,4.376012965964343,1851,4.449938195302843,809,85.15901060070671,1132,94.70954356846472,964,44.354838709677416,124,26.793248945147678,474,14.99312242090784,1454,32.11829436038514,1454,46.69876203576341,1454,6.121045392022008,1454,52.81980742778542,1454,58.52819807427785,1454,0.1313201530763548,4.449938195302843,4.318618042226488,809,1042,-2.085486035070403,4.936305732484076,7.021791767554479,628,826,-0.33622760711032473,7.853974121996303,8.190201729106628,541,694,19.47926711668274,1037,45.51591128254581,1037,1.0607521697203472,1037,5.882352941176471,1037,0.3857280617164899,1037,0.09643201542912247,1037,19.86499517839923,1037,55.980603448275865,55.01077586206897,1856,1856,1039,1.7324350336862369,30.37037037037037,30.123456790123456,810,810,81.48505303760848,1037,5.014464802314368,1037,10.800385728061716,1037,45.44224913249771,75.81261950286807,30.37037037037037,1046,810,5.014464802314368,1037,2.6036644165863065,1037,77.62777242044359,1037,1.446480231436837,1037,3.471552555448409,1037,1.5429122468659595,1037,0.9643201542912246,1037,0.9643201542912246,1037,3.8572806171648986,1037,1.1571841851494695,1037,3.760848601735776,1037,0.7714561234329798,1037,72.04948177866935,2991,2.7415580073553993,2991,2.6746907388833168,2991,18.756268806419257,2991,30.290872617853562,2991,52.05616850551655,2991,92.64460046807088,2991,58.3082581076563,2991,30.11853448275862,1856,29.020394516883986,2991,0.03343363423604146,2991,4.092459264873058,2639,3.8193018480492813,487,4.414721723518851,13.162251655629142,2416.0,,,16.776315789473685,608,39.75822368421053,6.827942188575362,1453,10.145709660010793,1853,44.46842957366433,1853,3.237992444684296,1853,1.618996222342148,1853,40.52887209929843,1853,0.16163793103448276,1856,0.16163793103448276,1856,0.0,1856,0.0,1856,0.10775862068965517,1856,0.0,1856,0.0,1856,0.0,1856,0.0,1856,0.05387931034482758,1856,,,,,,,,,,,,0,,0,,0,,0,,0,18.095238095238095,210,,98.30195644149133,2709,0.14765596160945,2709,1.098901098901099,2639,75.2840909090909,352,1.60481444332999,2991,11.428571428571429,875,72.54901960784314,612,6.372549019607843,612,9.477124183006536,612,0.8169934640522876,612,612,4.887254901960785,,,,0,0,0
090203,5756,2446,38.15149409312022,5756,59.277275886031966,5756,2.571230020847811,5756,48.59277275886032,5756,4.586518415566365,5756,20.0,23.713516330785268,135.32297628781686,3310,14.298123697011814,5756,28.144544822793605,5756,0.4864489228630994,5756,68.69871043376318,64.36107854630716,4.337631887456038,6.739526411657559,1483.7837837837837,3.268730112814579,3457,4.568527918781726,1379,85.60523446019629,1834,96.87898089171975,1570,65.07936507936508,252,22.31404958677686,726,7.880617035546613,2982,39.06773977196512,2982,45.27162977867203,2982,7.377598926894701,2982,52.649228705566735,2982,60.59691482226693,2982,2.1623681497730636,4.568527918781726,2.4061597690086622,1379,2078,1.2757915818083942,8.149405772495756,6.873614190687362,1178,1804,0.015120314551394287,7.933269780743565,7.918149466192171,1049,1686,24.283935242839352,2409,52.13781652137816,2409,2.73972602739726,2409,4.27563304275633,2409,0.37359900373599003,2409,0.41511000415110005,2409,24.65753424657534,2409,67.45562130177515,67.11749788672866,3549,3549,2394,0.5012531328320802,38.74643874643875,38.603988603988604,1404,1404,66.417600664176,2409,11.789124117891241,2409,15.276048152760481,2409,47.500647500647496,86.24708624708624,38.74643874643875,2145,1404,6.641760066417601,2409,4.27563304275633,2409,61.72685761726858,2409,5.47945205479452,2409,6.26816106268161,2409,3.7359900373599,2409,1.7434620174346203,2409,1.2453300124533002,2409,4.69074304690743,2409,1.5359070153590701,2409,4.19261104192611,2409,1.2038190120381902,2409,83.39124391938846,5756,5.350938151494093,5756,4.169562195969423,5756,8.825573314801947,5756,24.079221681723418,5756,33.56497567755385,5756,96.60041841004184,5736,73.46582984658299,5736,27.106227106227106,3549,60.77405857740586,5736,1.6213389121338913,5736,25.76774455969087,4917,3.61010101010101,990,4.318339100346021,14.830508474576277,4956.0,,,16.899441340782122,1432,39.86801675977654,7.282491582491582,2970,18.431483578708946,3532,45.72480181200453,3532,3.142695356738392,3532,1.6704416761041903,3532,31.030577576443942,3532,4.085657931811778,3549,3.465765004226543,3549,0.30994646379261764,3549,0.05635390250774866,3549,0.39447731755424065,3549,0.0,3549,0.22541561003099464,3549,0.0,3549,0.0,3549,0.14088475626937166,3549,,,,,,,,,,,,0,,0,,0,,0,,0,39.92537313432836,268,,91.47716037176191,5057,5.082064465097885,5057,17.490339637990644,4917,85.71428571428571,819,3.591352859135286,5736,16.177577125658388,1329,59.333333333333336,1500,8.666666666666666,1500,21.466666666666665,1500,2.0,1500,1500,3.824,,,,0,0,0
090301,8160,3745,42.5,8160,54.53431372549019,8160,2.965686274509804,8160,56.71568627450981,8160,4.583333333333333,8160,17.0,21.571813725490195,117.89052069425901,4415,14.54656862745098,8160,30.79656862745098,8160,0.5269607843137255,8160,83.37078651685393,77.93258426966293,5.438202247191011,6.978085351787774,1433.0578512396694,2.017167381974249,4660,3.0067895247332688,2062,85.67362428842505,3162,94.20450350682908,2709,58.19070904645477,409,29.82005141388175,1167,4.54054054054054,3700,29.81081081081081,3700,55.16216216216216,3700,10.054054054054054,3700,65.21621621621621,3700,71.10810810810811,3700,1.775072819575455,3.0067895247332688,1.2317167051578137,2062,2598,1.0914311248015363,10.66997518610422,9.578544061302683,1612,2088,-0.107039316379554,8.83845126835781,8.945490584737364,1498,2018,29.579776756401838,3046,35.91595535128037,3046,2.1667760998030205,3046,4.103742613263296,3046,0.9848982271831911,3046,0.9192383453709784,3046,30.56467498358503,3046,64.55669224211424,63.789428815004264,4692,4692,3029,1.188511059755695,49.30187770823303,48.9648531535869,2077,2077,55.843729481286935,3046,19.271175311884438,3046,16.808929743926463,3046,27.371162444730636,76.67304015296367,49.30187770823303,2615,2077,6.172028890347997,3046,6.369008535784635,3046,52.33092580433355,3046,6.927117531188443,3046,12.245567957977675,3046,3.020354563361786,3046,2.101116217990808,3046,1.608667104399212,3046,3.5128036769533817,3046,2.0354563361785947,3046,3.6112934996717008,3046,1.0833880499015103,3046,89.2156862745098,8160,13.492647058823529,8160,3.946078431372549,8160,9.754901960784315,8160,29.215686274509803,8160,31.605392156862745,8160,96.42156862745098,8160,69.31372549019608,8160,47.82608695652174,4692,40.330882352941174,8160,0.20833333333333334,8160,15.072422199913953,6973,3.556709265175719,1252,4.341333333333333,13.953127425112521,6443.0,,,16.53846153846154,1040,41.36057692307692,8.47041259500543,3684,17.623213142735224,4687,35.18241945807553,4687,2.624279923191807,4687,2.4109238318754,4687,42.15916364412204,4687,0.21312872975277067,4692,0.1918158567774936,4692,0.10656436487638533,4692,0.0,4692,0.08525149190110827,4692,0.0,4692,0.2770673486786019,4692,0.021312872975277068,4692,0.0,4692,0.042625745950554135,4692,,,,,,,,,,,,0,,0,,0,,0,,0,23.09124767225326,537,,86.96134127753915,7217,9.491478453651101,7217,6.6112146852143985,6973,86.01516427969672,1187,1.2622549019607843,8160,13.858813339107838,2309,91.06976744186046,1075,17.674418604651162,1075,0.8372093023255814,1075,0.09302325581395349,1075,1075,7.590697674418605,,,,0,0,0
090302,7652,3531,42.42028227914271,7652,55.632514375326714,7652,1.9472033455305802,7652,54.11657083115525,7652,3.4892838473601673,7652,18.0,21.7807109252483,116.70914755026905,4121,15.0810245687402,7652,28.868269733403032,7652,0.24830109775222164,7652,79.75099835564951,76.25088090204369,3.5001174536058257,4.59026494146642,2178.5234899328857,3.229474641801228,4397,4.374678332475553,1943,87.89604841580633,2809,95.46375050627785,2469,62.20472440944882,381,25.468904244817374,1013,7.958571817934042,3669,34.77786862905424,3669,47.77868629054238,3669,9.239574816026165,3669,57.018261106568545,3669,65.00408830744072,3669,2.0519399461674848,4.374678332475553,2.3227383863080684,1943,2454,1.026811850138598,9.809932556713672,8.783120706575074,1631,2038,-0.3421071616620477,8.15605749486653,8.498164656528578,1461,1907,25.191104933981933,2878,41.83460736622655,2878,1.1466296038915913,2878,5.559416261292564,2878,0.45170257123002083,2878,0.590687977762335,2878,25.64280750521195,2878,65.11575124829777,64.61643213799364,4406,4406,2869,0.7668177065179506,44.53004622496148,44.37596302003082,1947,1947,62.36970118137596,2878,10.597637248088951,2878,21.091035441278667,2878,36.88516320976808,81.41520943472956,44.53004622496148,2459,1947,8.999305072967339,2878,3.0576789437109104,2878,60.56289089645587,2878,2.640722724113968,2878,7.887421820708825,2878,5.246699096594858,2878,2.1542738012508686,2878,0.9034051424600417,2878,1.8068102849200833,2878,2.050034746351633,2878,5.941626129256428,2878,1.389854065323141,2878,87.78097229482488,7652,8.782017773131207,7652,3.6330371144798748,7652,14.558285415577627,7652,34.1871406168322,7652,49.07213800313644,7652,96.40616832200732,7652,66.92368008363826,7652,63.527008624602814,4406,49.777835859905906,7652,0.18295870360690017,7652,19.344413665743307,6498,3.8453757225433525,1384,4.60545905707196,16.35228660605238,7369.0,,,12.121212121212121,1353,39.906134515890614,7.680327868852459,3660,21.529358215748747,4394,39.667728720983156,4394,2.4123805188893948,4394,1.5475648611743287,4394,34.84296768320437,4394,0.3858374943259192,4406,0.5674080798910577,4406,0.0,4406,0.0,4406,1.3163867453472538,4406,0.0,4406,0.09078529278256922,4406,0.0,4406,0.0,4406,0.06808896958692692,4406,,,,,,,,,,,,0,,0,,0,,0,,0,31.782945736434108,387,,89.6053611317945,6715,8.845867460908414,6715,14.065866420437057,6498,83.96880415944541,1154,2.7835859905906952,7652,14.42068622575833,2011,79.79094076655052,1435,8.432055749128919,1435,7.177700348432055,1435,0.627177700348432,1435,1435,5.332404181184669,,,,0,0,0
090303,8258,3803,42.26204892225721,8258,56.29692419472027,8258,1.4410268830225237,8258,53.95979656091063,8258,2.62775490433519,8258,18.0,21.228990070234925,117.14435971601367,4455,16.444659723904092,8258,30.152579317025914,8258,0.18164204407846937,8258,77.62959776295978,75.06990750699075,2.5596902559690258,3.4097421203438394,2932.7731092436975,3.3047210300429186,4660,4.3737574552683895,2012,81.37221269296741,2915,92.70657672849916,2372,49.67032967032967,455,21.225194132873167,1159,6.30002581977795,3873,37.232119803769685,3873,50.32274722437387,3873,5.6287115930803,3873,55.95145881745417,3873,64.57526465272399,3873,1.8813103253590242,4.3737574552683895,2.4924471299093653,2012,2648,-1.0020770274216746,5.051734631771151,6.053811659192825,1643,2230,-0.5339086910417059,7.615641711229946,8.149550402271652,1496,2113,24.272162250572457,3057,43.179587831207066,3057,1.3738959764474976,3057,4.056264311416421,3057,0.4579653254824992,3057,0.49067713444553485,3057,24.730127576054954,3057,63.758389261744966,63.276006711409394,4768,4768,3040,0.756578947368421,39.20426977195536,38.91314895681708,2061,2061,59.69905135754007,3057,12.2015047432123,3057,20.379456983971213,3057,43.24863011722085,82.45289988917621,39.20426977195536,2707,2061,5.462872096826954,3057,5.266601243048741,3057,57.245665685312396,3057,4.023552502453386,3057,8.112528622832842,3057,6.444226365718024,3057,2.976774615636245,3057,2.551521099116781,3057,2.4533856722276743,3057,1.8645731108930323,3057,3.1076218514883873,3057,0.7850834151128557,3057,57.48365221603294,8258,4.577379510777428,8258,2.700411721966578,8258,13.901671106805521,8258,28.941632356502787,8258,50.5812545410511,8258,96.45149570061766,8257,66.74336926244399,8257,32.94882550335571,4768,56.376407896330385,8257,0.18166404263049535,8257,26.11972749673866,6899,3.5853994490358128,1452,4.029714978775015,14.354863106942972,6611.0,,,14.345991561181435,1659,37.64978902953587,7.41292499351155,3853,16.599788806758184,4735,48.57444561774023,4735,2.829989440337909,4735,2.1330517423442448,4735,29.86272439281943,4735,0.5033557046979866,4768,0.964765100671141,4768,0.02097315436241611,4768,0.0,4768,0.587248322147651,4768,0.0,4768,0.0,4768,0.0,4768,0.0,4768,0.06291946308724833,4768,,,,,,,,,,,,0,,0,,0,,0,,0,34.57330415754923,457,,96.7132867132867,7150,1.4125874125874125,7150,4.102043774460067,6899,87.55522827687776,1358,2.010415405110815,8257,16.09139523578026,2057,77.11204313960455,1669,6.291192330736968,1669,10.48532055122828,1669,0.9586578789694428,1669,1669,4.947273816656681,,,,0,0,0
090401,2395,953,36.32567849686848,2395,62.421711899791234,2395,1.2526096033402923,2395,48.47599164926931,2395,2.546972860125261,2395,20.0,22.756576200417538,151.31164742917105,1442,13.945720250521921,2395,32.31732776617954,2395,0.08350730688935282,2395,60.20066889632107,58.19397993311037,2.0066889632107023,3.4482758620689653,2900.0,3.535690460306871,1499,3.676470588235294,544,80.10825439783491,739,97.29729729729729,592,58.65384615384615,104,18.76606683804627,389,6.254948535233571,1263,34.91686460807601,1263,47.82264449722882,1263,10.372129849564528,1263,58.19477434679335,1263,64.05384006334126,1263,0.22097320603634119,3.676470588235294,3.4554973821989527,544,955,-0.40108788220103797,10.112359550561798,10.513447432762836,445,818,-0.7511378273937304,7.888077858880779,8.63921568627451,411,765,41.07142857142857,1064,40.78947368421053,1064,1.7857142857142858,1064,6.7669172932330826,1064,0.2819548872180451,1064,0.09398496240601503,1064,41.35338345864662,1064,70.35809018567639,69.6949602122016,1508,1508,1061,0.942507068803016,43.613138686131386,43.24817518248175,548,548,46.05263157894737,1064,22.18045112781955,1064,23.966165413533833,1064,42.011861313868614,85.625,43.613138686131386,960,548,10.526315789473685,1064,5.075187969924812,1064,46.05263157894737,1064,10.526315789473685,1064,11.654135338345865,1064,5.7330827067669174,1064,2.537593984962406,1064,2.0676691729323307,1064,0.0,1064,3.6654135338345863,1064,4.793233082706767,1064,2.0676691729323307,1064,90.31315240083508,2395,13.48643006263048,2395,5.052192066805845,2395,7.348643006263048,2395,34.57202505219207,2395,26.680584551148225,2395,95.20202020202021,2376,75.54713804713805,2376,30.70291777188329,1508,69.99158249158249,2376,7.575757575757576,2376,47.96867351933431,2043,3.352517985611511,417,3.826923076923077,12.857944974733293,1781.0,,,18.451400329489292,607,36.0164744645799,7.838247011952191,1255,17.175066312997348,1508,43.83289124668435,1508,2.8514588859416445,1508,1.3262599469496021,1508,34.814323607427056,1508,14.920424403183024,1508,5.172413793103448,1508,0.13262599469496023,1508,0.9946949602122016,1508,0.33156498673740054,1508,0.0,1508,0.46419098143236076,1508,0.0,1508,0.0,1508,0.9946949602122016,1508,,,,,,,,,,,,0,,0,,0,,0,,0,37.81512605042017,119,,74.61977186311788,2104,14.686311787072244,2104,31.718061674008812,2043,81.98198198198199,333,3.82996632996633,2376,23.091976516634052,511,57.76,625,3.68,625,24.48,625,0.64,625,625,3.8016,,,,0,0,0
090402,1654,701,41.59613059250302,1654,57.073760580411125,1654,1.3301088270858525,1654,52.055622732769045,1654,3.022974607013301,1654,18.0,21.89117291414752,135.94864479315265,953,17.775090689238212,1654,29.141475211608224,1654,0.3022974607013301,1654,75.21186440677967,72.88135593220339,2.330508474576271,3.197674418604651,3127.2727272727275,2.4922118380062304,963,4.076086956521739,368,74.77313974591651,551,92.71844660194175,412,41.46341463414634,82,11.79245283018868,212,4.512195121951219,820,37.68292682926829,820,51.829268292682926,820,5.975609756097561,820,57.80487804878049,820,66.70731707317073,820,2.5634819145049326,4.076086956521739,1.5126050420168067,368,595,-1.6549367605059162,4.934210526315789,6.589147286821706,304,516,-0.5575325877911528,7.618705035971223,8.176237623762376,278,505,23.575949367088608,632,40.50632911392405,632,2.0569620253164556,632,9.335443037974683,632,0.31645569620253167,632,0.0,632,23.89240506329114,632,65.80310880829016,64.76683937823834,965,965,635,1.5748031496062993,35.50135501355014,35.230352303523034,369,369,56.17088607594937,632,12.5,632,18.5126582278481,632,49.06240337571161,84.56375838926175,35.50135501355014,596,369,6.80379746835443,632,6.012658227848101,632,53.639240506329116,632,7.2784810126582276,632,5.2215189873417724,632,5.69620253164557,632,3.9556962025316458,632,0.9493670886075949,632,2.5316455696202533,632,1.4240506329113924,632,2.689873417721519,632,1.740506329113924,632,72.30955259975816,1654,11.426844014510278,1654,1.6324062877871826,1654,6.711003627569529,1654,16.021765417170496,1654,31.378476420798066,1654,92.6194797338173,1653,60.859044162129464,1653,23.10880829015544,965,43.315184513006656,1653,1.3309134906231095,1653,29.58057395143488,1359,3.7333333333333334,285,4.4392523364485985,17.824561403508778,1425.0,,,10.174418604651162,344,37.875,7.592682926829268,820,16.892596454640252,959,50.36496350364963,959,2.711157455683003,959,1.0427528675703859,959,28.988529718456725,959,0.7253886010362695,965,1.5544041450777202,965,0.5181347150259067,965,0.0,965,0.5181347150259067,965,0.0,965,0.20725388601036268,965,0.0,965,0.0,965,2.1761658031088085,965,,,,,,,,,,,,0,,0,,0,,0,,0,53.94736842105263,76,,93.51656095842142,1419,3.453136011275546,1419,8.388520971302428,1359,72.78911564625851,294,2.3593466424682394,1653,25.129533678756477,386,73.03370786516854,356,5.056179775280899,356,10.112359550561798,356,0.2808988764044944,356,356,4.643258426966292,,,,0,0,0
090501,2068,789,30.41586073500967,2068,67.50483558994198,2068,2.079303675048356,2068,42.359767891682786,2068,4.110251450676983,2068,23.0,25.494197292069632,162.1039290240811,1279,12.379110251450676,2068,32.785299806576404,2068,0.24177949709864605,2068,48.137535816618914,45.05730659025788,3.0802292263610314,6.836248012718601,1462.7906976744187,2.2964509394572024,1437,4.3478260869565215,483,83.36380255941499,547,95.83333333333333,456,64.36781609195403,87,18.902439024390244,328,7.48189863234111,1243,30.490748189863233,1243,54.62590506838294,1243,7.160096540627514,1243,61.786001609010455,1243,69.58970233306516,1243,3.089964451736396,4.3478260869565215,1.2578616352201257,483,954,-1.3921066536601225,6.235011990407674,7.627118644067797,417,826,-0.30778662754139674,8.411444141689373,8.71923076923077,367,780,39.05817174515236,1083,39.05817174515236,1083,2.0313942751615883,1083,5.54016620498615,1083,0.2770083102493075,1083,0.7386888273314867,1083,39.335180055401665,1083,74.89568845618915,74.47844228094576,1438,1438,1077,0.5571030640668524,48.760330578512395,48.34710743801653,484,484,52.908587257617725,1083,20.59095106186519,1083,19.94459833795014,1083,39.394805689831415,88.15513626834381,48.760330578512395,954,484,5.355493998153278,1083,6.094182825484765,1083,49.953831948291786,1083,13.850415512465373,1083,6.740535549399815,1083,8.125577100646353,1083,2.770083102493075,1083,1.2003693444136658,1083,2.9547553093259467,1083,3.601108033240997,1083,1.6620498614958448,1083,1.10803324099723,1083,82.01160541586073,2068,12.282398452611218,2068,3.3365570599613155,2068,3.4332688588007736,2068,27.176015473887816,2068,29.83558994197292,2068,96.65859564164649,2065,65.66585956416465,2065,31.710709318497912,1438,88.52300242130751,2065,2.2276029055690074,2065,52.57048092868988,1809,3.6932515337423313,326,4.408629441624366,17.1875,1728.0,,,20.255863539445627,469,38.81663113006397,7.960483870967742,1240,23.9221140472879,1438,33.796940194714885,1438,2.7121001390820583,1438,1.877607788595271,1438,37.69123783031989,1438,14.39499304589708,1438,3.6161335187760777,1438,0.06954102920723226,1438,0.06954102920723226,1438,0.2086230876216968,1438,0.06954102920723226,1438,0.6954102920723226,1438,0.0,1438,0.06954102920723226,1438,0.48678720445062584,1438,,,,,,,,,,,,0,,0,,0,,0,,0,35.294117647058826,85,,87.00808625336927,1855,10.673854447439354,1855,26.920950801547818,1809,83.984375,256,3.2445520581113803,2065,21.522309711286088,381,47.747747747747745,555,6.306306306306307,555,23.423423423423422,555,1.0810810810810811,555,555,3.720720720720721,,,,0,0,0
090502,2801,1289,44.12709746519101,2801,53.5166012138522,2801,2.3563013209568013,2801,54.1235273116744,2801,3.962870403427347,2801,17.0,21.697250981792216,117.30023273855701,1512,15.922884684041414,2801,26.91895751517315,2801,0.3570153516601214,2801,86.85790527018013,82.45496997998666,4.402935290193462,5.339805825242719,1872.7272727272727,2.747603833865815,1565,3.787878787878788,660,85.57692307692308,1040,96.51685393258427,890,59.859154929577464,142,21.73913043478261,345,6.25,1328,38.855421686746986,1328,47.66566265060241,1328,7.003012048192771,1328,54.66867469879518,1328,63.25301204819277,1328,1.7989285116356941,3.787878787878788,1.988950276243094,660,905,0.6163740810856755,7.360861759425494,6.744487678339818,557,771,-0.34993539356089176,7.727091633466135,8.077027027027027,502,740,27.056491575817642,1009,40.83250743310208,1009,2.4777006937561943,1009,5.054509415262636,1009,1.9821605550049555,1009,0.39643211100099107,1009,29.038652130822598,1009,64.15335463258786,63.322683706070286,1565,1565,1004,1.294820717131474,38.63636363636363,38.18181818181818,660,660,52.42814667988107,1009,14.866204162537166,1009,24.380574826560952,1009,44.126067302862886,82.76243093922652,38.63636363636363,905,660,7.829534192269574,1009,8.820614469772051,1009,49.45490584737364,1009,8.721506442021804,1009,6.144697720515362,1009,4.856293359762141,1009,2.3785926660059467,1009,2.4777006937561943,1009,2.9732408325074333,1009,2.9732408325074333,1009,4.162537165510407,1009,1.9821605550049555,1009,76.50838986076401,2801,7.6758300606926095,2801,2.9632274187790073,2801,8.032845412352732,2801,17.850767583006068,2801,24.277043912888253,2801,96.35844341306677,2801,58.193502320599784,2801,30.47923322683706,1565,74.36629775080328,2801,0.21420921099607282,2801,25.9447983014862,2355,4.113684210526316,475,4.946808510638298,18.139029688631425,2762.0,,,14.940577249575552,589,39.14770797962649,7.425660377358491,1325,19.105431309904155,1565,45.36741214057508,1565,2.1725239616613417,1565,1.5335463258785942,1565,31.82108626198083,1565,0.5750798722044729,1565,0.38338658146964855,1565,0.12779552715654952,1565,0.25559105431309903,1565,0.0,1565,0.0,1565,0.38338658146964855,1565,0.0,1565,0.0,1565,0.3194888178913738,1565,,,,,,,,,,,,0,,0,,0,,0,,0,31.2,125,,97.87059787059788,2442,0.5733005733005733,2442,2.7176220806794054,2355,83.40807174887892,446,3.0346304891110316,2801,15.561569688768607,739,73.10924369747899,595,9.411764705882353,595,10.756302521008404,595,1.1764705882352942,595,595,4.707563025210084,,,,0,0,0
090503,2165,865,37.55196304849885,2165,60.969976905311775,2165,1.4780600461893765,2165,48.4526558891455,2165,2.771362586605081,2165,20.0,22.927944572748267,150.28901734104045,1300,14.272517321016167,2165,29.745958429561203,2165,0.0,2165,64.01515151515152,61.59090909090909,2.4242424242424243,3.936039360393604,2540.625,1.8504811250925242,1351,3.1914893617021276,470,79.80085348506401,703,92.51336898395722,561,46.36363636363637,110,15.331010452961673,287,4.58477508650519,1156,36.76470588235294,1156,51.98961937716263,1156,6.4878892733564015,1156,58.477508650519034,1156,67.30103806228374,1156,2.0564155819064407,3.1914893617021276,1.1350737797956867,470,881,-2.9331825213326894,4.556962025316456,7.490144546649145,395,761,-1.0504087193460494,7.215258855585831,8.26566757493188,367,734,29.91026919242273,1003,45.56331006979063,1003,4.985044865403789,1003,7.278165503489531,1003,0.09970089730807577,1003,0.09970089730807577,1003,30.009970089730807,1003,73.07692307692308,72.92899408284023,1352,1352,988,0.20242914979757085,37.234042553191486,37.02127659574468,470,470,58.22532402791625,1003,13.858424725822532,1003,10.867397806580259,1003,54.942828195107836,92.17687074829932,37.234042553191486,882,470,3.8883349950149553,1003,7.178464606181455,1003,58.22532402791625,1003,8.773678963110669,1003,5.084745762711864,1003,3.389830508474576,1003,1.694915254237288,1003,0.6979062811565304,1003,0.0,1003,1.4955134596211366,1003,1.694915254237288,1003,0.8973080757726819,1003,71.17782909930716,2165,7.944572748267898,2165,13.02540415704388,2165,13.903002309468823,2165,31.17782909930716,2165,47.621247113163975,2165,94.364896073903,2165,60.32332563510393,2165,25.88757396449704,1352,84.75750577367205,2165,0.6004618937644342,2165,39.439655172413794,1856,3.779291553133515,367,4.179361179361179,14.53349282296651,1672.0,,,14.775160599571734,467,37.90578158458244,7.551993067590987,1154,15.828402366863905,1352,48.22485207100592,1352,3.9940828402366866,1352,1.5532544378698225,1352,30.399408284023668,1352,0.4437869822485207,1352,1.0355029585798816,1352,0.0,1352,0.0,1352,0.7396449704142012,1352,0.07396449704142012,1352,0.22189349112426035,1352,0.0,1352,0.0,1352,0.22189349112426035,1352,,,,,,,,,,,,0,,0,,0,,0,,0,33.333333333333336,90,,97.96980739198334,1921,1.1972930765226444,1921,8.620689655172415,1856,78.64077669902913,309,4.018475750577367,2165,24.481327800829874,482,66.38655462184875,476,5.882352941176471,476,17.22689075630252,476,1.2605042016806722,476,476,4.548319327731092,,,,0,0,0
