cod_ine,poblacion,n_mujeres,pct_0_14,_den_pct_0_14,pct_15_64,_den_pct_15_64,pct_65_mas,_den_pct_65_mas,pct_menor20,_den_pct_menor20,pct_60_mas,_den_pct_60_mas,edad_mediana,edad_promedio,indice_masculinidad,pob_hombres,pct_0_4,_den_pct_0_4,pct_15_29,_den_pct_15_29,pct_80_mas,_den_pct_80_mas,razon_dependencia,dep_juvenil,dep_senil,indice_envejecimiento,indice_juventud,pct_analfabetismo,_den_pct_analfabetismo,pct_analfabetismo_mujeres,_den_pct_analfabetismo_mujeres,pct_asistencia_4_17,_den_pct_asistencia_4_17,pct_educacion_publica,_den_pct_educacion_publica,tasa_asistencia_4_5,_den_tasa_asistencia_4_5,tasa_asistencia_18_24,_den_tasa_asistencia_18_24,pct_edu_ninguno,_den_pct_edu_ninguno,pct_edu_primaria,_den_pct_edu_primaria,pct_edu_secundaria,_den_pct_edu_secundaria,pct_edu_superior,_den_pct_edu_superior,pct_secundaria_mas,_den_pct_secundaria_mas,pct_primaria_completa,_den_pct_primaria_completa,brecha_alfabetismo,brecha_alfabetismo_muj,brecha_alfabetismo_hom,_den_brecha_alfabetismo_muj,_den_brecha_alfabetismo_hom,brecha_edu_superior,brecha_edu_superior_muj,brecha_edu_superior_hom,_den_brecha_edu_superior_muj,_den_brecha_edu_superior_hom,brecha_anios_estudio,brecha_anios_estudio_muj,brecha_anios_estudio_hom,_den_brecha_anios_estudio_muj,_den_brecha_anios_estudio_hom,pct_catocu_asalariado,_den_pct_catocu_asalariado,pct_catocu_cuenta_propia,_den_pct_catocu_cuenta_propia,pct_catocu_empleador,_den_pct_catocu_empleador,pct_catocu_familiar,_den_pct_catocu_familiar,pct_catocu_hogar,_den_pct_catocu_hogar,pct_catocu_cooperativista,_den_pct_catocu_cooperativista,pct_catocu_asalariado_amplio,_den_pct_catocu_asalariado_amplio,tasa_participacion,tasa_ocupacion,_den_tasa_participacion,_den_tasa_ocupacion,_den_tasa_desocupacion,tasa_desocupacion,tasa_participacion_fem,tasa_ocupacion_fem,_den_tasa_participacion_fem,_den_tasa_ocupacion_fem,pct_sector_primario,_den_pct_sector_primario,pct_sector_secundario,_den_pct_sector_secundario,pct_sector_servicios,_den_pct_sector_servicios,brecha_participacion,brecha_participacion_hom,brecha_participacion_muj,_den_brecha_participacion_hom,_den_brecha_participacion_muj,pct_ocu_profesionales,_den_pct_ocu_profesionales,pct_ocu_no_calificado,_den_pct_ocu_no_calificado,pct_rama_agricultura,_den_pct_rama_agricultura,pct_rama_manufactura,_den_pct_rama_manufactura,pct_rama_construccion,_den_pct_rama_construccion,pct_rama_comercio,_den_pct_rama_comercio,pct_rama_transporte,_den_pct_rama_transporte,pct_rama_alojamiento,_den_pct_rama_alojamiento,pct_rama_mineria,_den_pct_rama_mineria,pct_rama_adm_publica,_den_pct_rama_adm_publica,pct_rama_ensenanza,_den_pct_rama_ensenanza,pct_rama_salud,_den_pct_rama_salud,pct_salud_publica,_den_pct_salud_publica,pct_salud_caja,_den_pct_salud_caja,pct_salud_privada,_den_pct_salud_privada,pct_salud_tradic,_den_pct_salud_tradic,pct_salud_autome,_den_pct_salud_autome,pct_salud_casera,_den_pct_salud_casera,pct_registro_civil,_den_pct_registro_civil,pct_cedula,_den_pct_cedula,pct_autoident_indigena,_den_pct_autoident_indigena,pct_nacido_otro_municipio,_den_pct_nacido_otro_municipio,pct_nacido_extranjero,_den_pct_nacido_extranjero,pct_migrante_reciente,_den_pct_migrante_reciente,paridez_media,_den_paridez_media,paridez_media_12mas,pct_hijos_fallecidos,_den_pct_hijos_fallecidos,pct_parto_calificado,_den_pct_parto_calificado,pct_jefatura_femenina,_den_pct_jefatura_femenina,edad_media_jefe,prom_anios_estudio,_den_prom_anios_estudio,pct_ecivil_casado,_den_pct_ecivil_casado,pct_ecivil_conviviente,_den_pct_ecivil_conviviente,pct_ecivil_separado_divorciado,_den_pct_ecivil_separado_divorciado,pct_ecivil_viudo,_den_pct_ecivil_viudo,pct_ecivil_soltero,_den_pct_ecivil_soltero,pct_pueblo_quechua,_den_pct_pueblo_quechua,pct_pueblo_aymara,_den_pct_pueblo_aymara,pct_pueblo_guarani,_den_pct_pueblo_guarani,pct_pueblo_chiquitano,_den_pct_pueblo_chiquitano,pct_pueblo_afroboliviano,_den_pct_pueblo_afroboliviano,pct_pueblo_guarayo,_den_pct_pueblo_guarayo,pct_pueblo_mojeno,_den_pct_pueblo_mojeno,pct_pueblo_trinitario,_den_pct_pueblo_trinitario,pct_pueblo_yuracare,_den_pct_pueblo_yuracare,pct_pueblo_movima,_den_pct_pueblo_movima,pct_disc_ver,_den_pct_disc_ver,pct_disc_oir,_den_pct_disc_oir,pct_disc_caminar,_den_pct_disc_caminar,pct_disc_comunicar,_den_pct_disc_comunicar,pct_discapacidad,_den_pct_discapacidad,pct_afiliado_sus,_den_pct_afiliado_sus,pct_afiliado_caja,_den_pct_afiliado_caja,pct_afiliado_privado,_den_pct_afiliado_privado,pct_afiliado_ninguno,_den_pct_afiliado_ninguno,pct_seguro_salud,_den_pct_seguro_salud,pct_madres_adolescentes,_den_pct_madres_adolescentes,edad_1er_hijo,pct_idioma_castellano,_den_pct_idioma_castellano,pct_idioma_materno_originario,_den_pct_idioma_materno_originario,pct_bilingue,_den_pct_bilingue,pct_registro_menores5,_den_pct_registro_menores5,pct_residia_otro_mun,_den_pct_residia_otro_mun,pct_rezago_escolar,_den_pct_rezago_escolar,pct_hogar_con_menores,_den_pct_hogar_con_menores,pct_hogar_con_am,_den_pct_hogar_con_am,pct_hogar_unipersonal,_den_pct_hogar_unipersonal,pct_am_solo,_den_pct_am_solo,hogares,tam_hogar_pers,autocontencion_laboral,pct_trabaja_fuera,dependencia_capital,_den_autocontencion_laboral,_den_pct_trabaja_fuera,_den_dependencia_capital
010101,275959,144334,24.87905812095275,275959,68.04416598117837,275959,7.076775897868886,275959,34.905909935896275,275959,10.034824013712182,275959,26.0,30.10474,91.19472889270719,131625,6.5948202450364,275959,30.859656688131206,275959,1.6469837910704126,275959,46.96337086071554,36.563102452948755,10.400268407766783,28.444709857841996,351.55921962210044,3.6831075153523734,205180,5.600477261254646,108955,97.75577179380616,69779,78.6594930585079,68213,93.80929791271348,8432,75.61721704362068,41517,4.257419263363399,183374,12.690457753007514,183374,27.261225691755648,183374,55.79089729187344,183374,83.05212298362909,183374,85.00387186842191,183374,4.088396201239058,5.600477261254646,1.5120810600155885,108955,96225,0.8803388766286702,56.20036091881366,55.32002204218499,98083,85291,-0.6737033310262728,12.0876196690558,12.761323000082072,98083,85291,43.75883328112944,130897,40.73966553855321,130897,2.142906254536009,130897,6.610541112477749,130897,1.3384569547048442,130897,0.043545688594849384,130897,45.09729023583428,130897,66.21803499327052,63.10644231843779,205811,205811,136284,4.699010889025858,60.08669648001317,57.08798595297539,109347,109347,6.075005538706005,130897,18.186818643666395,130897,68.49507628135099,130897,13.081532081937404,73.16822856195057,60.08669648001317,96464,109347,27.094585819384708,130897,6.0902847276866545,130897,5.722820232702048,130897,8.76032300205505,130897,9.203419482493869,130897,22.28698900662353,130897,6.410383736831249,130897,7.268310198094685,130897,0.3521853060039573,130897,3.7625002864847934,130897,7.54791935644056,130897,6.548660397106121,130897,69.50778920056965,275959,28.736515206969152,275959,30.45488641428618,275959,20.516091158469195,275959,56.71385966755931,275959,68.37356273939244,275959,99.56996385361992,274163,99.3901438195526,274163,29.19085957504701,205811,35.62333356433946,274163,1.4721169523239825,274163,9.260936792290753,256108,1.3877285,72102,1.9390086,8.874196,199973.0,97.13448802852777,15704,44.290096043391245,84441,43.759785,12.400972875107703,183374,28.537806685409578,203099,15.1315368367151,203099,5.248671829994239,203099,3.9842638319243324,203099,47.09772081595675,203099,24.70664833269359,205811,0.8828488273221547,205811,0.24828604885064454,205811,0.031582374119944995,205811,0.13750479809145283,205811,0.006316474823988999,205811,0.005830592145220615,205811,0.0004858826787683846,205811,0.0019435307150735383,205811,0.0004858826787683846,205811,3.5730569041044924,274163,1.4163107348548127,274163,2.057899862490562,274163,1.190532639342289,274163,5.98111342522514,274163,58.86459227940367,272466,20.442917648440538,272466,1.3363135216871096,272466,19.356176550468682,272466,80.64382344953131,272466,3.9192916243286398,13778,22.54307197642094,79.99070174899333,260264,19.19205114806504,260264,45.54406734658816,256108,98.65411243422875,18055,1.857289276817076,274163,4.284304429436693,51677,46.91400098714363,85094,18.04592568218676,85094,21.81469903871013,85094,3.422097915246668,85094,85094,3.2218840341269654,95.35998229455728,4.640017705442716,0.0,117478,117478,117478
010301,4790,2368,26.367432150313153,4790,65.5741127348643,4790,8.058455114822547,4790,35.553235908141964,4790,11.085594989561587,4790,27.0,30.370564,102.2804054054054,2422,7.78705636743215,4790,27.286012526096034,4790,1.3778705636743216,4790,52.49920407513531,40.210124164278895,12.289079910856415,30.56215360253365,327.2020725388601,7.599309153713299,3474,10.8155002891845,1729,93.77559377559378,1221,96.68122270742359,1145,87.95180722891567,166,52.43055555555556,576,8.72504829362524,3106,27.913715389568576,3106,29.65228589826143,3106,33.70895041854475,3106,63.361236316806185,3106,67.90083708950418,3106,6.402892839327767,10.8155002891845,4.412607449856734,1729,1745,-1.7790979623382555,32.81653746770026,34.59563543003851,1548,1558,-0.9740971828322937,9.135658914728682,10.109756097560975,1548,1558,34.59812321501428,2451,44.145246838025294,2451,1.183190534475724,2451,8.527131782945736,2451,1.6319869441044472,2451,0.1631986944104447,2451,36.23011015911873,2451,71.633649153029,69.62388745334482,3483,3483,2495,2.80561122244489,61.33871898442008,59.66532025389498,1733,1733,27.458180334557323,2451,22.56221950224398,2451,43.49245206038351,2451,20.48985244415134,81.82857142857142,61.33871898442008,1750,1733,18.033455732354142,2451,4.243166054671563,2451,26.92778457772338,2451,10.240718074255406,2451,12.239902080783354,2451,16.360669114647084,2451,3.3047735618115057,2451,4.406364749082007,2451,0.5303957568339454,2451,1.9991840065279478,2451,5.793553651570788,2451,3.916768665850673,2451,88.64300626304802,4790,18.204592901878915,4790,17.80793319415449,4790,43.17327766179541,4790,63.2776617954071,4790,73.92484342379959,4790,99.59932517924926,4742,99.47279628848587,4742,64.68561584840654,3483,28.95402783635597,4742,0.7169970476592156,4742,15.236787920384351,4371,1.7095588,1088,2.402769,7.7388763,3799.0,96.39344262295081,305,44.54545454545455,1210,47.1,9.624275595621379,3106,24.941383352872215,3412,26.611957796014067,3412,3.663540445486518,3412,4.425556858147714,3412,40.357561547479484,3412,57.65144989951192,3483,0.5455067470571346,3483,0.22968705139247775,3483,0.0,3483,0.0,3483,0.02871088142405972,3483,0.0,3483,0.0,3483,0.0,3483,0.0,3483,3.374103753690426,4742,1.6026992830029523,4742,2.720371151412906,4742,1.4972585407001264,4742,5.989034162800506,4742,75.9752717970582,4691,15.625666169260287,4691,0.916648902153059,4691,7.4824131315284585,4691,92.51758686847154,4691,10.144927536231885,207,21.574317492416583,58.74943769680612,4446,40.463337831758885,4446,66.0489590482727,4371,96.7654986522911,371,6.49514972585407,4742,6.214039125431531,869,54.32300163132137,1226,23.89885807504078,1226,16.06851549755302,1226,4.078303425774878,1226,1226,3.867862969004894,94.83521888834235,5.164781111657646,2.6561731431382194,2033,2033,2033
010302,2220,1129,27.07207207207207,2220,63.06306306306306,2220,9.864864864864865,2220,36.21621621621622,2220,13.558558558558559,2220,27.0,31.253603,96.63418954827281,1091,8.468468468468469,2220,26.26126126126126,2220,1.8468468468468469,2220,58.57142857142857,42.92857142857143,15.642857142857142,36.43926788685524,274.42922374429224,13.895939086294415,1576,16.54320987654321,810,91.46757679180887,586,96.26865671641791,536,76.92307692307692,78,45.52845528455285,246,17.273376159885796,1401,28.408279800142754,1401,29.40756602426838,1401,24.91077801570307,1401,54.31834403997145,1401,59.74304068522484,1401,5.446604132417882,16.54320987654321,11.096605744125327,810,766,0.3269840363252108,25.069252077562325,24.742268041237114,722,679,-0.6158559719972745,7.980609418282548,8.596465390279823,722,679,30.8411214953271,1070,47.19626168224299,1070,1.1214953271028036,1070,11.121495327102803,1070,1.2149532710280373,1070,0.0,1070,32.05607476635514,1070,67.91979949874687,66.41604010025063,1596,1596,1084,2.2140221402214024,57.85627283800244,56.39464068209501,821,821,32.149532710280376,1070,24.485981308411215,1070,39.1588785046729,1070,20.72437232328788,78.58064516129032,57.85627283800244,775,821,13.925233644859814,1070,3.5514018691588785,1070,32.149532710280376,1070,7.102803738317757,1070,17.289719626168225,1070,13.271028037383177,1070,2.9906542056074765,1070,5.420560747663552,1070,0.0,1070,2.897196261682243,1070,4.299065420560748,1070,4.018691588785047,1070,91.30630630630631,2220,11.891891891891891,2220,14.684684684684685,2220,45.13513513513514,2220,46.8018018018018,2220,71.66666666666667,2220,99.40693430656934,2192,99.08759124087591,2192,56.64160401002506,1596,20.437956204379564,2192,1.094890510948905,2192,12.362911266201396,2006,1.9304703,489,2.7469718,11.318898,2032.0,91.03448275862068,145,40.36544850498339,602,48.463455,8.279086366880799,1401,29.98696219035202,1534,21.38200782268579,1534,3.7809647979139505,1534,5.345501955671447,1534,39.50456323337679,1534,52.75689223057644,1596,0.06265664160401002,1596,0.12531328320802004,1596,0.0,1596,0.0,1596,0.0,1596,0.0,1596,0.0,1596,0.0,1596,0.0,1596,3.1934306569343067,2192,2.4635036496350367,2192,2.9653284671532845,2192,2.417883211678832,2192,7.025547445255475,2192,83.77622377622377,2145,7.31934731934732,2145,1.1655011655011656,2145,7.738927738927739,2145,92.26107226107226,2145,6.0,100,21.13684210526316,42.81539210910862,2053,56.356551388212374,2053,67.4975074775673,2006,96.23655913978494,186,7.299270072992701,2192,9.456264775413711,423,48.8562091503268,612,27.941176470588236,612,22.058823529411764,612,7.026143790849673,612,612,3.581699346405229,88.98104265402844,11.018957345971558,6.753554502369668,844,844,844
010303,2720,1393,30.66176470588235,2720,61.06617647058823,2720,8.272058823529411,2720,39.63235294117647,2720,10.992647058823529,2720,26.0,29.623898,95.26202440775305,1327,9.301470588235293,2720,24.669117647058822,2720,1.911764705882353,2720,63.75677302829621,50.210716435882,13.546056592414208,26.97841726618705,370.6666666666667,8.925708177445216,1871,13.62704918032787,976,95.47169811320755,795,98.55072463768116,759,89.84375,128,45.42253521126761,284,9.868421052631579,1672,31.10047846889952,1672,33.433014354066984,1672,25.598086124401913,1672,59.0311004784689,1672,62.619617224880386,1672,9.828166498763624,13.62704918032787,3.798882681564246,976,895,0.344209847332305,25.759280089988753,25.415070242656448,889,783,-1.3365513218893614,8.118110236220472,9.454661558109834,889,783,21.651630811936155,1441,57.8764746703678,1441,1.3879250520471895,1441,10.062456627342124,1441,1.3879250520471895,1441,0.06939625260235947,1441,23.039555863983345,1441,77.27514635444385,75.78499201703033,1879,1879,1452,1.9283746556473829,68.63543788187373,67.41344195519348,982,982,50.5204718945177,1441,11.172796668979876,1441,33.17140874392783,1441,18.098118416899965,86.73355629877369,68.63543788187373,897,982,12.144344205412908,1441,2.914642609299098,1441,50.38167938931298,1441,5.20471894517696,1441,5.968077723802915,1441,11.93615544760583,1441,2.914642609299098,1441,3.678001387925052,1441,0.13879250520471895,1441,1.8043025676613462,1441,6.037473976405274,1441,2.914642609299098,1441,93.63970588235294,2720,16.066176470588236,2720,20.625,2720,46.544117647058826,2720,64.55882352941177,2720,79.59558823529412,2720,99.74198304460008,2713,99.63140434942868,2713,69.66471527408196,1879,20.973092517508295,2713,0.4054552156284556,2713,9.065040650406504,2460,1.9344262,610,2.911608,13.167519,2734.0,96.27659574468085,188,42.27166276346604,854,45.64754,8.74401913875598,1672,24.281842818428185,1845,29.59349593495935,1845,3.631436314363144,1845,6.070460704607046,1845,36.422764227642276,1845,64.28951569984034,1879,0.2660989888238425,1879,0.10643959552953698,1879,0.0,1879,0.47897817988291647,1879,0.0,1879,0.0,1879,0.0,1879,0.0,1879,0.0,1879,3.1330630298562476,2713,1.806118687799484,2713,2.6538886841135274,2713,1.5112421673424254,2713,5.160339107998525,2713,80.86213303604607,2691,9.513192121887775,2691,0.37160906726124115,2691,9.253065774804906,2691,90.74693422519509,2691,8.620689655172415,116,21.01904761904762,45.51560647965231,2531,53.694192018964834,2531,69.71544715447155,2460,97.62845849802372,253,2.0641356431994105,2713,5.93368237347295,573,51.21951219512195,861,21.370499419279906,861,23.34494773519164,861,7.665505226480836,861,861,3.150987224157956,96.44300727566694,3.556992724333057,1.2126111560226354,1237,1237,1237
010401,4232,2223,25.61436672967864,4232,64.57939508506617,4232,9.806238185255198,4232,34.07372400756144,4232,14.343100189035917,4232,29.0,32.3991,90.37336932073774,2009,7.348771266540643,4232,25.519848771266542,4232,2.008506616257089,4232,54.84815221368459,39.66337358214416,15.184778631540432,38.284132841328415,261.2048192771084,5.973025048169557,3114,8.374384236453203,1624,96.171802054155,1071,98.7378640776699,1030,88.32116788321167,137,66.60194174757281,515,6.586402266288951,2824,29.178470254957507,2824,23.61898016997167,2824,40.61614730878187,2824,64.23512747875354,2824,68.48441926345609,2824,5.018679538466626,8.374384236453203,3.3557046979865772,1624,1490,3.1639483123078733,42.12305611899932,38.95910780669145,1479,1345,-0.2573214595413855,9.98580121703854,10.243122676579926,1479,1345,31.354359925788497,2156,49.95361781076067,2156,1.1131725417439704,2156,10.018552875695732,2156,1.3450834879406308,2156,0.09276437847866419,2156,32.69944341372913,2156,70.47344849648113,68.52207293666027,3126,3126,2203,2.7689514298683613,62.21677893447642,59.951010410287815,1633,1633,28.385899814471244,2156,14.192949907235622,2156,50.742115027829314,2156,17.287574715891964,79.50435365036839,62.21677893447642,1493,1633,18.552875695732837,2156,4.128014842300557,2156,28.29313543599258,2156,5.705009276437848,2156,8.20964749536178,2156,15.909090909090908,2156,4.638218923933209,2156,6.4935064935064934,2156,0.09276437847866419,2156,2.504638218923933,2156,6.957328385899815,2156,5.241187384044527,2156,89.46124763705104,4232,19.659735349716446,4232,21.73913043478261,4232,44.44706994328922,4232,67.22589792060492,4232,77.882797731569,4232,99.66737942504157,4209,99.57234497505345,4209,18.39411388355726,3126,29.698265621287717,4209,0.6652411499168449,4209,16.696588868940754,3899,1.6892712,988,2.5951314,11.321222,4019.0,98.88475836431226,269,46.90444145356662,1486,46.207268,10.108356940509916,2824,28.55756791720569,3092,20.698576972833116,3092,4.851228978007762,3092,5.530401034928849,3092,40.36222509702458,3092,15.64299424184261,3126,0.35188739603326935,3126,0.22392834293026231,3126,0.0,3126,0.28790786948176583,3126,0.0,3126,0.03198976327575176,3126,0.0,3126,0.0,3126,0.0,3126,3.421240199572345,4209,1.520551199809931,4209,3.2311712995961037,4209,1.8531717747683536,4209,6.6999287241625085,4209,76.45362806343104,4162,15.737626141278232,4162,0.8649687650168189,4162,6.943777030273907,4162,93.0562229697261,4162,7.5675675675675675,185,21.796511627906977,93.66515837104072,3978,4.952237305178482,3978,16.799179276737625,3899,99.35483870967742,310,7.198859586600142,4209,3.526448362720403,794,42.80026542800265,1507,22.49502322495023,1507,30.656934306569344,1507,7.564698075646981,1507,1507,2.7929661579296616,95.0855880728879,4.9144119271120985,1.8774157923799006,1811,1811,1811
010402,2020,1046,28.81188118811881,2020,64.75247524752476,2020,6.435643564356436,2020,38.118811881188115,2020,9.108910891089108,2020,26.0,29.00198,93.11663479923519,974,8.316831683168317,2020,28.11881188118812,2020,1.1386138613861385,2020,54.43425076452599,44.4954128440367,9.938837920489297,22.33676975945017,447.6923076923077,8.671328671328672,1430,12.834224598930481,748,95.1048951048951,572,99.26470588235294,544,86.66666666666667,75,50.42372881355932,236,9.426551453260016,1273,26.31578947368421,1273,31.893165750196385,1273,32.36449332285939,1273,64.25765907305578,1273,70.93479968578161,1273,8.72865275142315,12.834224598930481,4.105571847507331,748,682,-4.895834879360418,30.03003003003003,34.92586490939045,666,607,-1.1536058298826006,9.13963963963964,10.29324546952224,666,607,37.78004073319756,982,42.871690427698574,982,1.3238289205702647,982,9.877800407331975,982,0.9164969450101833,982,0.0,982,38.69653767820774,982,70.67039106145252,67.66759776536313,1432,1432,1012,4.24901185770751,62.88384512683578,61.148197596795725,749,749,28.41140529531568,982,20.061099796334013,982,45.010183299389,982,16.325525297761587,79.20937042459737,62.88384512683578,683,749,17.311608961303463,982,4.175152749490835,982,28.30957230142566,982,9.572301425661914,982,10.081466395112017,982,16.4969450101833,982,1.7311608961303462,982,6.415478615071283,982,0.10183299389002037,982,3.360488798370672,982,6.415478615071283,982,4.582484725050916,982,92.97029702970298,2020,19.603960396039604,2020,22.07920792079208,2020,46.98019801980198,2020,67.12871287128714,2020,78.36633663366337,2020,99.55312810327706,2014,99.40417080436941,2014,62.70949720670391,1432,35.402184707050644,2014,1.9860973187686197,2014,14.084507042253522,1846,1.8556701,485,2.668091,11.478912,1873.0,99.3103448275862,145,45.90747330960854,562,45.822063,9.689709347996859,1273,21.332388377037564,1411,27.639971651311125,1411,4.4649184975194895,1411,4.7484053862508855,1411,41.81431608788093,1411,60.754189944134076,1432,0.20949720670391062,1432,0.20949720670391062,1432,0.0,1432,0.0,1432,0.0,1432,0.0,1432,0.0,1432,0.0,1432,0.0,1432,3.0784508440913605,2014,2.035749751737835,2014,2.730883813306852,2014,1.7378351539225423,2014,6.107249255213506,2014,79.13956978489244,1999,13.60680340170085,1999,0.5502751375687844,1999,6.703351675837919,1999,93.29664832416208,1999,6.382978723404255,94,20.799544419134396,66.0828025477707,1884,32.74946921443737,1884,61.05092091007584,1846,97.02380952380952,168,1.5392254220456802,2014,5.365853658536586,410,52.45614035087719,570,18.771929824561404,570,21.92982456140351,570,5.7894736842105265,570,570,3.533333333333333,97.1938775510204,2.8061224489795933,0.8928571428571429,784,784,784
010501,13058,6593,27.80670853116863,13058,65.34691376933681,13058,6.846377699494563,13058,36.53698881911472,13058,10.170010721396844,13058,27.0,30.11893,98.0585469437282,6465,7.482003369581865,13058,26.474192066166335,13058,1.6005513861234493,13058,53.0294152115317,42.55244345482245,10.476971756709247,24.621316441751585,406.15212527964206,5.568720379146919,9284,7.6425140948005845,4789,96.48824695553668,3531,98.15086586439683,3407,89.0995260663507,422,60.62378167641326,1539,6.029006352630948,8343,21.65887570418315,8343,31.28371089536138,8343,41.02840704782452,8343,72.31211794318591,8343,74.9730312837109,8343,4.2832259969140445,7.6425140948005845,3.3592880978865405,4789,4495,4.517915933035802,43.215613382899626,38.697697449863824,4304,4039,-0.08271755127285907,10.694702602230484,10.777420153503343,4304,4039,34.45340501792115,6696,48.40203106332139,6696,1.418757467144564,6696,6.137992831541219,6696,1.971326164874552,6696,0.014934289127837515,6696,36.424731182795696,6696,72.67087389025565,70.83110493100867,9349,9349,6794,2.5316455696202533,64.46332366348943,62.8470783257356,4826,4826,17.78673835125448,6696,17.473118279569892,6696,57.66129032258065,6696,16.9649319190885,81.42825558257793,64.46332366348943,4523,4826,18.623058542413382,6696,5.376344086021505,6696,17.458183990442055,6696,8.094384707287933,6696,9.13978494623656,6696,21.415770609318997,6696,7.048984468339307,6696,6.078255675029869,6696,0.32855436081242534,6696,1.9563918757467145,6696,6.989247311827957,6696,4.032258064516129,6696,87.52488895696125,13058,18.62459794761832,13058,30.310920508500537,13058,34.775616480318575,13058,56.2030938888038,13058,70.58508194210445,13058,99.45241400586148,12966,99.3058769088385,12966,17.1462188469355,9349,39.67299089927503,12966,0.7789603578590159,12966,12.330137557315549,11995,1.677555,3092,2.4099913,8.580887,10873.0,98.30917874396135,828,44.36758893280632,4048,44.480236,10.734747692676494,8343,25.349956255468065,9144,26.104549431321086,9144,4.8665791776028,9144,3.8932633420822396,9144,39.78565179352581,9144,9.35928976361108,9349,0.6203872071879345,9349,4.192961814097765,9349,0.06417798695047598,9349,0.31019360359396725,9349,0.0,9349,0.0,9349,0.0,9349,0.0,9349,0.0,9349,3.5940151164584297,12966,1.8047200370198981,12966,2.5219805645534477,12966,1.7584451642757983,12966,6.409069875057844,12966,75.73644625509245,12764,14.736759636477593,12764,0.42306486994672515,12764,9.103729238483234,12764,90.89627076151676,12764,6.794425087108014,574,21.286852589641434,93.65677757744632,12202,5.081134240288478,12202,13.805752396832013,11995,97.94026776519053,971,3.31636587999383,12966,3.641241855116903,2609,52.486591906387126,4102,17.844953681131155,4102,21.087274500243783,4102,3.900536323744515,4102,4102,3.160897123354461,96.23719133210146,3.7628086678985397,0.6887283722492861,5953,5953,5953
010601,2978,1571,28.609805238415042,2978,59.36870382807253,2978,12.021490933512425,2978,39.120214909335125,2978,16.18535930154466,2978,27.0,32.267292,89.56078930617441,1407,8.697112155809268,2978,24.412357286769645,2978,2.955003357958361,2978,68.43891402714932,48.19004524886878,20.248868778280542,42.01877934272301,237.98882681564245,18.422318422318423,2079,25.533807829181494,1124,90.55489964580873,847,98.82659713168188,767,71.2871287128713,101,44.6875,320,21.110500274876305,1819,37.27322704782848,1819,22.759758108851017,1819,18.8565145684442,1819,41.616272677295214,1819,47.443650357339195,1819,15.481451808239086,25.533807829181494,10.052356020942408,1124,955,-2.1031344792719935,17.896865520728007,20.0,989,830,-1.6655487470610453,5.901921132457027,7.567469879518073,989,830,20.075757575757574,1584,56.25,1584,1.3888888888888888,1584,10.353535353535353,1584,1.6414141414141414,1584,0.1893939393939394,1584,21.717171717171716,1584,75.34507377439314,74.15516420752023,2101,2101,1583,1.5792798483891346,66.11208406304729,65.06129597197898,1142,1142,34.46969696969697,1584,21.78030303030303,1584,34.974747474747474,1584,20.227853371780654,86.33993743482795,66.11208406304729,959,1142,7.954545454545454,1584,4.22979797979798,1584,34.217171717171716,1584,13.131313131313131,1584,8.522727272727273,1584,15.845959595959595,1584,2.398989898989899,1584,5.429292929292929,1584,0.25252525252525254,1584,1.2626262626262625,1584,2.398989898989899,1584,2.967171717171717,1584,82.50503693754197,2978,17.461383478844862,2978,13.935527199462726,2978,43.48556077904634,2978,58.596373404969775,2978,77.13230355943587,2978,99.6266123557366,2946,99.01561439239647,2946,65.20704426463588,2101,25.62797012898846,2946,0.7128309572301426,2946,12.6347082868822,2691,2.4256756,592,3.4173076,13.550597,3498.0,87.5,200,49.22737306843267,906,50.543045,6.661902144035184,1819,31.22875182127246,2059,19.42690626517727,2059,3.20543953375425,2059,7.285089849441476,2059,38.85381253035454,2059,40.36173250832937,2101,0.8567348881485007,2101,0.14278914802475012,2101,0.047596382674916705,2101,0.0,2101,0.0,2101,0.0,2101,0.0,2101,0.0,2101,0.0,2101,5.091649694501018,2946,3.699932111337407,2946,3.869653767820774,2946,2.8513238289205702,2946,9.3346911065852,2946,80.13769363166953,2905,5.197934595524957,2905,0.7228915662650602,2905,13.941480206540447,2905,86.05851979345955,2905,6.289308176100629,159,21.44880785413745,30.749636098981078,2748,67.68558951965065,2748,69.67670011148272,2691,98.03921568627452,255,5.736591989137814,2946,9.44,625,44.56404736275565,929,30.247578040904198,929,28.417653390742736,929,11.08719052744887,929,929,3.1711517761033368,90.27331189710611,9.726688102893888,3.7781350482315115,1244,1244,1244
010701,5401,2840,25.680429550083318,5401,64.71023884465839,5401,9.609331605258285,5401,34.549157563414184,5401,13.404925013886317,5401,30.0,32.496204,90.17605633802818,2561,5.5545269394556565,5401,24.199222366228476,5401,2.2588409553786337,5401,54.535050071530755,39.685264663805434,14.849785407725323,37.41888968997837,267.2447013487476,3.9969834087481146,3978,6.162464985994398,2142,97.53255654557917,1459,99.15671117357695,1423,89.6774193548387,155,65.5045871559633,545,4.638740511667136,3557,17.28985099803205,3557,32.04947989879112,3557,46.0219285915097,3557,78.07140849030081,3557,80.96710711273545,3557,4.69187675070028,6.162464985994398,1.4705882352941178,2142,1836,1.6885179759421405,46.79854242581989,45.11002444987775,1921,1636,-0.5063848418394539,11.366475793857367,11.87286063569682,1921,1636,38.06657223796034,2824,47.37960339943343,2824,1.6997167138810199,2824,5.063739376770538,2824,1.451841359773371,2824,0.0,2824,39.51841359773371,2824,71.8796992481203,70.02506265664161,3990,3990,2868,2.580195258019526,66.69771774569166,65.25384257102934,2147,2147,8.923512747875353,2824,15.864022662889518,2824,67.74079320113314,2824,11.218722840309425,77.91644058600109,66.69771774569166,1843,2147,24.043909348441925,2824,4.638810198300283,2824,8.675637393767705,2824,8.109065155807366,2824,7.436260623229462,2824,24.71671388101983,2824,7.577903682719547,2824,6.9405099150141645,2824,0.24787535410764872,2824,3.151558073654391,2824,8.888101983002834,2824,5.169971671388102,2824,77.46713571560822,5401,21.236807998518792,5401,40.23329013145714,5401,22.829105721162747,5401,57.60044436215516,5401,68.74652842066284,5401,99.49701937406856,5368,99.3666169895678,5368,19.69924812030075,3990,30.514157973174367,5368,1.3412816691505216,5368,12.86249753403038,5069,1.6397516,1288,2.303519,9.214729,4699.0,98.48484848484848,264,45.1131971286582,1811,47.149643,11.59938150126511,3557,26.898653797307595,3937,18.41503683007366,3937,4.902209804419609,3937,5.511811023622047,3937,44.27228854457709,3937,16.015037593984964,3990,0.9022556390977443,3990,0.20050125313283207,3990,0.02506265664160401,3990,0.07518796992481203,3990,0.02506265664160401,3990,0.02506265664160401,3990,0.0,3990,0.0,3990,0.0,3990,3.502235469448584,5368,1.732488822652757,5368,3.0737704918032787,5368,1.602086438152012,5368,6.911326378539493,5368,69.95861550037623,5316,18.378480060195635,5316,1.3355906696764483,5316,10.327313769751694,5316,89.6726862302483,5316,2.0242914979757085,247,21.96784073506891,93.18004676539361,5132,6.3133281371784875,5132,17.695797987768792,5069,98.66220735785953,299,3.5394932935916543,5368,2.6857654431512983,1117,45.26659412404788,1838,22.143634385201306,1838,26.00652883569097,1838,6.692056583242655,1838,1838,2.9205658324265507,95.6418383518225,4.3581616481775,0.4358161648177496,2524,2524,2524
010702,2837,1536,32.040888262248856,2837,61.33239337328163,2837,6.62671836446951,2837,42.47444483609446,2837,10.257314064152274,2837,25.0,28.793797,84.70052083333333,1301,9.376101515685583,2837,25.16743038420867,2837,1.7271765949947127,2837,63.04597701149425,52.241379310344826,10.804597701149426,20.68206820682068,483.51063829787233,6.16365568544102,1882,10.076045627376425,1052,96.19565217391305,920,99.66101694915254,885,85.03937007874016,127,53.40909090909091,264,7.343941248470013,1634,22.70501835985312,1634,29.253365973072217,1634,40.69767441860465,1634,69.95104039167687,1634,73.62301101591187,1634,8.87122635026799,10.076045627376425,1.2048192771084338,1052,830,-7.888082952524563,37.38120380147835,45.26928675400291,947,687,-2.2412383240417526,9.633579725448786,11.874818049490539,947,687,36.26126126126126,1332,43.61861861861862,1332,2.3273273273273274,1332,10.135135135135135,1332,0.975975975975976,1332,0.0,1332,37.23723723723724,1332,70.8179419525066,68.86543535620052,1895,1895,1342,2.7570789865871834,63.969896519285044,62.276575729068675,1063,1063,26.65165165165165,1332,13.813813813813814,1332,54.8048048048048,1332,15.59741117302265,79.5673076923077,63.969896519285044,832,1063,24.84984984984985,1332,3.5285285285285286,1332,24.174174174174173,1332,5.7057057057057055,1332,8.108108108108109,1332,15.39039039039039,1332,3.078078078078078,1332,5.63063063063063,1332,2.4774774774774775,1332,3.828828828828829,1332,14.864864864864865,1332,4.804804804804805,1332,81.81177299964752,2837,22.911526260133943,2837,16.672541416989777,2837,36.05921748325696,2837,55.97462107860416,2837,71.41346492774058,2837,99.46332737030411,2795,99.24865831842575,2795,76.51715039577836,1895,26.046511627906977,2795,1.8962432915921288,2795,11.176935229067931,2532,2.1075757,660,2.923001,12.512785,2933.0,96.0352422907489,227,47.48717948717949,975,44.344616,10.575887392900857,1634,30.893433799784713,1858,21.52852529601722,1858,3.821313240043057,1858,5.8127018299246505,1858,37.94402583423035,1858,71.18733509234829,1895,0.633245382585752,1895,0.0,1895,0.0,1895,0.0,1895,0.0,1895,0.0,1895,0.0,1895,0.0,1895,0.0,1895,3.255813953488372,2795,1.5026833631484795,2795,2.5402504472271916,2795,1.7173524150268336,2795,5.5813953488372094,2795,75.70397111913357,2770,18.12274368231047,2770,0.7942238267148014,2770,5.379061371841155,2770,94.62093862815884,2770,6.106870229007634,131,21.14182344428365,49.84662576687116,2608,49.00306748466258,2608,71.24802527646129,2532,97.71863117870723,263,5.366726296958855,2795,2.9197080291970803,685,49.3427704752275,989,16.380182002022245,989,30.33367037411527,989,6.673407482305359,989,989,2.8260869565217392,92.41573033707866,7.5842696629213435,2.4344569288389515,1068,1068,1068
010703,3018,1484,22.99536116633532,3018,69.98011928429423,3018,7.024519549370444,3018,30.28495692511597,3018,10.470510271703114,3018,30.0,32.052685,103.36927223719677,1534,7.123923127899271,3018,25.38104705102717,3018,1.1597084161696487,3018,42.89772727272727,32.859848484848484,10.037878787878787,30.54755043227666,327.35849056603774,8.94273127753304,2270,10.63449508489723,1119,93.55828220858896,652,98.85245901639344,610,78.3132530120482,83,46.80232558139535,344,9.9146110056926,2108,30.1707779886148,2108,33.01707779886148,2108,26.89753320683112,2108,59.9146110056926,2108,65.3225806451613,2108,3.3364933472777683,10.63449508489723,7.298001737619462,1119,1151,1.795020683384422,27.804410354745926,26.009389671361504,1043,1065,-0.10756080104789945,8.883988494726749,8.991549295774648,1043,1065,28.890229191797346,1658,52.5934861278649,1658,0.3618817852834741,1658,7.3582629674306395,1658,1.2665862484921593,1658,0.0,1658,30.156815440289506,1658,74.5183887915937,72.11033274956218,2284,2284,1702,3.2314923619271445,66.13333333333334,63.37777777777778,1125,1125,46.44149577804584,1658,11.338962605548854,1658,34.92159227985525,1658,16.52412999712395,82.65746333045729,66.13333333333334,1159,1125,14.234016887816647,1658,3.1363088057901085,1658,46.44149577804584,1658,3.7997587454764776,1658,7.418576598311218,1658,11.761158021712907,1658,3.9203860072376355,1658,2.6537997587454765,1658,0.0,1658,1.3268998793727382,1658,7.177322074788902,1658,2.7744270205066344,1658,92.7766732935719,3018,11.829025844930417,3018,12.027833001988071,3018,37.30947647448642,3018,60.834990059642145,3018,76.87210072895958,3018,98.92436974789916,2975,98.65546218487395,2975,35.814360770577935,2284,27.630252100840337,2975,1.2773109243697478,2975,9.27536231884058,2760,1.4721485,754,1.8856053,8.775509,1960.0,97.26775956284153,183,44.31654676258993,695,42.317986,8.938330170777988,2108,24.190647482014388,2224,21.402877697841728,2224,6.744604316546763,2224,6.5647482014388485,2224,41.097122302158276,2224,34.28196147110333,2284,0.7005253940455342,2284,0.043782837127845885,2284,0.0,2284,0.043782837127845885,2284,0.0,2284,0.0,2284,0.0,2284,0.0,2284,0.0,2284,1.5126050420168067,2975,1.411764705882353,2975,1.3109243697478992,2975,1.2100840336134453,2975,3.3949579831932772,2975,79.96581196581197,2925,9.982905982905983,2925,0.17094017094017094,2925,9.88034188034188,2925,90.11965811965813,2925,5.9405940594059405,101,21.254863813229573,88.11387900355872,2810,11.281138790035588,2810,24.384057971014492,2760,97.67441860465117,215,3.2941176470588234,2975,4.621848739495798,476,49.791376912378304,719,20.445062586926287,719,12.656467315716272,719,1.9471488178025034,719,719,4.13769123783032,94.83734087694484,5.162659123055164,1.0608203677510608,1414,1414,1414
010704,2658,1416,28.216704288939052,2658,66.66666666666667,2658,5.116629044394282,2658,38.675696012039126,2658,7.261098570353649,2658,25.0,28.279533,87.71186440677967,1242,8.051166290443943,2658,29.909706546275395,2658,0.9405568096313017,2658,50.0,42.32505643340858,7.6749435665914225,18.133333333333333,551.4705882352941,7.07395498392283,1866,10.850439882697946,1023,95.75923392612859,731,99.71428571428571,700,93.33333333333333,75,52.43553008595988,349,8.925318761384336,1647,29.02246508803886,1647,34.4869459623558,1647,27.565270188221007,1647,62.052216150576804,1647,68.00242865816637,1647,8.359336679850971,10.850439882697946,2.491103202846975,1023,843,0.11358871962914208,27.616926503340757,27.503337783711615,898,749,-1.1878183532014486,8.736080178173719,9.923898531375167,898,749,23.244026068066617,1381,57.060101375814625,1381,0.8689355539464156,1381,10.209992758870383,1381,1.2309920347574221,1381,0.0,1381,24.47501810282404,1381,74.01490947816826,72.47071352502662,1878,1878,1390,2.0863309352517985,67.53875968992249,66.08527131782945,1032,1032,36.42288196958726,1381,11.296162201303403,1381,46.27081824764663,1381,14.376133927098792,81.91489361702128,67.53875968992249,846,1032,14.192614047791455,1381,3.4033309196234613,1381,36.278059377262856,1381,4.634322954380884,1381,6.589427950760318,1381,20.275162925416364,1381,3.4033309196234613,1381,5.2860246198406955,1381,0.14482259232440262,1381,1.66545981173063,1381,6.517016654598117,1381,3.33091962346126,1381,88.60045146726863,2658,14.785553047404063,2658,19.864559819413092,2658,34.31151241534989,2658,73.06245297215952,2658,71.48231753197894,2658,98.55017169019459,2621,97.97787104158718,2621,49.361022364217256,1878,40.86226631056849,2621,3.891644410530332,2621,13.817427385892117,2410,1.7134831,712,2.4883485,12.489759,2442.0,95.6043956043956,182,44.00977995110024,818,42.32274,9.276259866423802,1647,32.65864332603939,1828,18.927789934354486,1828,1.6411378555798688,1828,3.5557986870897156,1828,43.21663019693654,1828,44.56869009584665,1878,1.2247071352502663,1878,0.05324813631522897,1878,0.0,1878,0.0,1878,0.0,1878,0.0,1878,0.0,1878,0.0,1878,0.0,1878,2.3655093475772606,2621,1.1827546737886303,2621,1.602441816100725,2621,1.3353681800839374,2621,4.349484929416254,2621,74.2336049670159,2577,7.79976717112922,2577,0.737291424136593,2577,17.229336437718278,2577,82.77066356228173,2577,5.369127516778524,149,21.276666666666667,85.03067484662577,2445,14.233128834355828,2445,40.12448132780083,2410,95.260663507109,211,5.9137733689431515,2621,4.278074866310161,561,50.54282267792521,829,13.510253317249699,829,24.125452352231605,829,3.2569360675512664,829,829,3.1616405307599518,93.0390492359932,6.960950764006796,0.933786078098472,1178,1178,1178
010801,3466,1739,22.302365839584535,3466,64.62781304096941,3466,13.069821119446047,3466,31.823427582227353,3466,17.801500288517023,3466,30.0,34.664165,99.30994824611845,1727,5.770340450086555,3466,27.322562031159837,3466,2.59665320253895,3466,54.732142857142854,34.50892857142857,20.223214285714285,58.60284605433377,170.6401766004415,7.95198799699925,2666,12.406015037593985,1330,97.46682750301568,829,98.63861386138613,808,92.70833333333333,96,71.49028077753779,463,8.13615608136156,2409,24.740556247405564,2409,16.39684516396845,2409,50.72644250726442,2409,67.12328767123287,2409,70.5271897052719,2409,8.888050965737698,12.406015037593985,3.5179640718562872,1330,1336,-4.374203812874661,48.562037797863596,52.93624161073826,1217,1192,-1.387870657850474,10.0936729663106,11.481543624161073,1217,1192,36.46188850967008,1758,43.4584755403868,1758,1.3651877133105803,1758,10.011376564277588,1758,2.161547212741752,1758,0.0,1758,38.623435722411834,1758,66.25606569615528,64.80029861888764,2679,2679,1775,2.1971830985915495,60.43380703066567,58.93792071802543,1337,1337,24.28896473265074,1758,14.050056882821387,1758,57.622298065984076,1758,11.622824862031798,72.05663189269747,60.43380703066567,1342,1337,26.905574516496017,1758,4.664391353811149,1758,24.061433447098977,1758,4.493742889647327,1758,9.44254835039818,1758,15.927189988623436,1758,2.9579067121729237,1758,6.6552901023890785,1758,0.22753128555176336,1758,3.185437997724687,1758,17.121729237770193,1758,3.5267349260523324,1758,88.74783612233122,3466,27.639930755914598,3466,25.44720138488171,3466,41.69070975187536,3466,72.59088286208886,3466,82.4870167339873,3466,99.59443800695249,3452,99.44959443800695,3452,24.710712952594253,2679,36.239860950173814,3452,0.5504055619930475,3452,15.129151291512915,3252,1.6796247,746,2.7233717,11.786318,3538.0,98.82352941176471,170,41.06239460370995,1186,49.84064,10.780406807804068,2409,30.559757942511347,2644,19.024205748865356,2644,4.34947049924357,2644,6.845688350983359,2644,39.220877458396366,2644,22.88167226577081,2679,0.6345651362448674,2679,0.2986188876446435,2679,0.0,2679,0.22396416573348266,2679,0.03732736095558044,2679,0.0,2679,0.0,2679,0.0,2679,0.0,2679,5.533024333719583,3452,2.7809965237543453,3452,4.432213209733487,3452,2.20162224797219,3452,9.791425260718425,3452,68.2204632072706,3411,21.841102316036352,3411,0.3518029903254178,3411,9.586631486367635,3411,90.41336851363236,3411,5.882352941176471,153,21.223760092272205,94.91525423728814,3304,4.237288135593221,3304,19.157441574415746,3252,98.0,200,3.2444959443800694,3452,4.180064308681672,622,39.93344425956739,1202,29.367720465890184,1202,29.534109816971714,1202,9.484193011647255,1202,1202,2.8718801996672214,92.81396910678308,7.186030893216923,2.4177300201477503,1489,1489,1489
010901,2363,1212,23.571730850613626,2363,68.38764282691494,2363,8.040626322471434,2363,32.58569614896318,2363,11.46847228099873,2363,28.0,31.627169,94.96699669966996,1151,6.686415573423614,2363,28.60770207363521,2363,2.031316123571731,2363,46.225247524752476,34.46782178217822,11.757425742574258,34.1113105924596,293.1578947368421,4.1759465478841875,1796,5.8886509635974305,934,97.2508591065292,582,96.99646643109541,566,96.1038961038961,77,46.84385382059801,301,4.835709857408555,1613,20.024798512089276,1613,38.56168629882207,1613,36.577805331680096,1613,75.13949163050216,1613,78.6732796032238,1613,3.5684653487482425,5.8886509635974305,2.320185614849188,934,862,-0.1962830910199358,36.483253588516746,36.67953667953668,836,777,-0.6279119173856014,10.557416267942584,11.185328185328185,836,777,32.08895949166005,1259,50.19857029388403,1259,1.5091342335186657,1259,8.895949166004765,1259,1.3502779984114377,1259,0.07942811755361398,1259,33.439237490071484,1259,70.93541202672606,69.26503340757239,1796,1796,1274,2.3547880690737832,63.062098501070665,61.24197002141327,934,934,25.258141382049246,1259,18.030182684670372,1259,50.833995234312944,1259,16.404258807514026,79.46635730858469,63.062098501070665,862,934,17.712470214455916,1259,5.083399523431295,1259,24.78157267672756,1259,7.227958697378872,1259,10.643367752184274,1259,17.15647339158062,1259,5.480540111199365,1259,6.036536934074663,1259,0.4765687053216839,1259,2.2239872915011913,1259,5.401111993645751,1259,3.733121525019857,1259,89.63182395260263,2363,17.900973338975877,2363,24.502750740584002,2363,31.99322894625476,2363,56.87685146000847,2363,74.2699957680914,2363,98.17021276595744,2350,97.74468085106383,2350,11.135857461024498,1796,43.787234042553195,2350,4.085106382978723,2350,13.914233576642335,2192,1.55178,618,2.2513905,7.2772264,2020.0,96.92307692307692,130,40.70796460176991,565,47.865486,10.859888406695598,1613,25.436128306133934,1777,22.00337647720878,1777,3.376477208778841,1777,4.333145751266179,1777,44.85087225661227,1777,9.075723830734967,1796,0.5567928730512249,1796,0.22271714922049,1796,0.0,1796,0.0556792873051225,1796,0.0,1796,0.0,1796,0.0,1796,0.0,1796,0.0,1796,3.1914893617021276,2350,1.6170212765957446,2350,2.3404255319148937,2350,1.4042553191489362,2350,5.48936170212766,2350,68.69639794168096,2332,10.763293310463121,2332,0.9005145797598628,2332,19.639794168096056,2332,80.36020583190394,2332,2.6785714285714284,112,21.623853211009173,96.27802690582959,2230,3.2286995515695067,2230,11.861313868613138,2192,95.56962025316456,158,2.765957446808511,2350,6.378132118451025,439,48.78472222222222,576,24.479166666666668,576,14.23611111111111,576,2.7777777777777777,576,576,4.079861111111111,91.98198198198199,8.018018018018012,0.990990990990991,1110,1110,1110
010902,3404,1810,29.200940070505286,3404,61.16333725029377,3404,9.63572267920094,3404,38.60164512338425,3404,12.867215041128084,3404,28.0,31.340187,88.06629834254143,1594,8.28437132784959,3404,23.09048178613396,3404,2.790834312573443,3404,63.49663784822286,47.74255523535062,15.754082612872239,32.99798792756539,303.0487804878049,8.294736842105262,2375,12.097407698350354,1273,90.59917355371901,968,98.85974914481186,877,86.32478632478633,117,47.07692307692308,325,10.321969696969697,2112,32.10227272727273,2112,25.994318181818183,2112,31.581439393939394,2112,57.57575757575758,2112,63.541666666666664,2112,8.19541132811442,12.097407698350354,3.901996370235935,1273,1102,-2.023364929123975,30.655021834061134,32.67838676318511,1145,967,-1.0632090425075535,8.691703056768558,9.754912099276112,1145,967,29.633679606342263,1829,52.92509568069983,1829,0.9841443411700382,1829,8.802624384909787,1829,0.6560962274466922,1829,0.10934937124111536,1829,30.289775833788955,1829,77.26702883409946,75.59548683660677,2393,2393,1849,2.1633315305570577,74.14330218068535,72.66355140186916,1284,1284,39.58447238928376,1829,10.11481683980317,1829,45.270639693821764,1829,6.740376809395798,80.88367899008115,74.14330218068535,1109,1284,18.15199562602515,1829,3.0617823947512304,1829,39.36577364680153,1829,3.444505194095134,1829,6.560962274466922,1829,17.16785128485511,1829,2.952433023510115,1829,4.373974849644615,1829,0.21869874248223073,1829,2.077638053581192,1829,9.075997813012576,1829,3.553854565336249,1829,89.0129259694477,3404,22.914218566392478,3404,20.652173913043477,3404,28.73090481786134,3404,65.86368977673325,3404,74.58871915393655,3404,99.23145137451965,3383,98.87673662429796,3383,27.998328458002508,2393,33.69790127106119,3383,1.8918120011823825,3383,11.673653660109641,3101,2.040576,764,2.78385,12.385994,3399.0,94.87179487179488,234,41.13805970149254,1072,48.113808,9.178503787878787,2112,35.62632696390658,2355,16.94267515923567,2355,3.1847133757961785,2355,6.072186836518047,2355,38.174097664543524,2355,23.1090681153364,2393,0.710405348934392,2393,0.3343083994985374,2393,0.041788549937317176,2393,0.041788549937317176,2393,0.0,2393,0.0,2393,0.0,2393,0.0,2393,0.0,2393,3.428909252143068,3383,2.1282885013301804,3383,2.7785988767366243,3383,1.5962163759976353,3383,6.2961868164351165,3383,74.30782971122358,3359,14.28996725215838,3359,0.5954153021732659,3359,10.806787734444775,3359,89.19321226555522,3359,8.49673202614379,153,21.638855780691298,88.79037365421152,3158,10.481317289423686,3158,22.057400838439214,3101,96.80851063829788,282,6.1188294413242685,3383,6.730769230769231,728,50.09225092250922,1084,22.878228782287824,1084,21.494464944649447,1084,5.904059040590406,1084,1084,3.120848708487085,95.50417469492614,4.495825305073865,0.449582530507386,1557,1557,1557
011001,5221,2264,18.904424439762497,5221,76.46044819000191,5221,4.635127370235587,5221,29.917640298793334,5221,7.278299176402988,5221,25.0,29.27102,130.6095406360424,2957,4.6925876268914,5221,39.55180999808466,5221,1.053438038689906,5221,30.786573146292586,24.72444889779559,6.062124248496994,24.51874366767984,407.8512396694215,3.614169459071326,4178,5.428091773922776,1787,96.81467181467181,1036,99.90029910269192,1003,92.56756756756756,148,80.09630818619583,1246,3.6753040719196193,3782,13.537810682178742,3782,31.121099947117926,3782,51.66578529878371,3782,82.78688524590164,3782,84.55843469063987,3782,3.169622514198811,5.428091773922776,2.258469259723965,1787,2391,-3.453877868000589,49.69135802469136,53.14523589269195,1620,2162,-0.7380728863306718,11.476543209876544,12.214616096207216,1620,2162,41.594658287509816,2546,39.002356637863315,2546,1.2568735271013354,2546,7.659073055773763,2546,1.021209740769835,2546,0.15710919088766692,2546,42.61586802827966,2546,62.74135876042908,60.28605482717521,4195,4195,2632,3.9133738601823707,57.238307349665924,55.512249443207125,1796,1796,21.681068342498037,2546,17.98900235663786,2546,45.32600157109191,2546,9.622884813735489,66.86119216340141,57.238307349665924,2399,1796,17.91044776119403,2546,6.00942655145326,2546,21.366849960722703,2546,5.538098978790259,2546,12.333071484681854,2546,13.157894736842104,2546,4.948939512961508,2546,5.813040062843676,2546,0.31421838177533384,2546,1.0997643362136684,2546,5.813040062843676,2546,3.809897879025923,2546,84.21758283853669,5221,22.48611377130818,5221,18.655429994253975,5221,27.94483815361042,5221,43.59318138287684,5221,58.53284811338824,5221,99.51718810351487,5178,99.38200077249904,5178,14.779499404052443,4195,42.043259945925065,5178,0.3089996137504828,5178,2.1888933927847587,4934,1.4663637,1100,2.0973155,9.314358,3092.0,98.63013698630137,219,40.258620689655174,1160,41.0,11.89846641988366,3782,15.92356687898089,4082,21.82753552180304,4082,5.732484076433121,4082,4.066634002939735,4082,52.44977951984321,4082,6.817640047675805,4195,0.2860548271752086,4195,6.388557806912992,4195,0.09535160905840286,4195,0.0,4195,0.023837902264600714,4195,0.023837902264600714,4195,0.0,4195,0.0,4195,0.0,4195,2.6651216685979144,5178,1.313248358439552,5178,1.7381228273464657,5178,1.2359984550019312,5178,4.673619157976052,5178,68.54265402843602,5064,22.96603475513428,5064,0.6121642969984202,5064,7.87914691943128,5064,92.12085308056872,5064,3.361344537815126,238,20.92948717948718,95.03900780156032,4999,4.120824164832967,4999,12.038913660316174,4934,97.95081967213115,244,1.004248744689069,5178,5.766710353866317,763,41.25,1200,16.0,1200,31.666666666666668,1200,2.9166666666666665,1200,1200,4.315,96.04795737122558,3.9520426287744215,0.3996447602131439,2252,2252,2252
020101,750225,387488,19.632376953580593,750225,70.22186677330134,750225,10.145756273118064,750225,27.63757539404845,750225,14.425405711619847,750225,33.0,34.703526,93.61244735320835,362737,4.909193908494118,750225,25.195907894298376,750225,2.115498683728215,750225,42.40578411683643,27.957640341519525,14.4481437753169,51.678695336316174,193.50333701192915,1.2868873986072242,597799,2.103060189377818,312497,98.41409979726636,152910,64.0967538292853,150485,95.5107572420803,17709,75.33653628246385,88252,1.5484943324925575,549889,6.839380311299189,549889,31.104277408713394,549889,60.50784794749486,549889,91.61212535620825,549889,92.69488933221068,549889,1.710143210176831,2.103060189377818,0.392916979200987,312497,285302,-1.395958085992966,59.845883008048254,61.24184109404122,289131,260758,-0.7050052487200205,13.159861792751382,13.864867041471403,289131,260758,49.859219502957636,401334,37.350685463977634,401334,2.597337878176282,401334,4.838613224894975,401334,0.9951810711277889,401334,0.04260790264467999,401334,50.854400574085425,401334,69.80046374276132,66.76476823712646,599039,599039,418132,4.3491050672993214,64.85797105150584,61.88490834679453,313246,313246,3.1347954571504033,401334,14.380540896111468,401334,74.85884574942567,401334,10.359756464563475,75.21772751606932,64.85797105150584,285793,313246,34.651188287062645,401334,5.655638445783313,401334,2.7884505175240575,401334,8.70671311177224,401334,5.491436060737441,401334,20.83177602695012,401334,5.58612028883673,401334,7.001649498921098,401334,0.34634493962634616,401334,6.891516791500346,401334,6.5680954018348805,401334,6.833709578555517,401334,55.31407244493319,750225,35.15158785697624,750225,36.96770968709387,750225,22.39474824219401,750225,54.03778866340098,750225,65.20270585491019,750225,99.18408339110229,745787,99.00467559772429,745787,25.086012763776647,599039,18.418797860515134,745787,1.8298790405303391,745787,6.045590810769651,709178,1.2153828,185493,1.7425135,7.553667,515273.0,98.1527057079318,33725,42.032967032967036,246792,49.22944,13.49417609735783,549889,32.28507921398662,592509,11.132151579132131,592509,8.19278694500843,592509,5.115534110030397,592509,43.27444815184242,592509,2.326058904345126,599039,20.295005834344675,599039,0.07695659214174703,599039,0.01585873373853789,599039,0.39463206903056397,599039,0.005842691377356065,599039,0.010683778518593949,599039,0.0021701425115893958,599039,0.0021701425115893958,599039,0.006677361574121217,599039,3.853647220989371,745787,1.580746245241604,745787,2.6492818995235905,745787,0.965020843752975,745787,6.591426238322739,745787,47.19043442056373,742161,27.704635517091305,742161,2.8520765709866187,742161,22.252853491358344,742161,77.74714650864166,742161,1.8969441953507622,28994,23.55511336919248,92.83043523082195,717826,6.259177015042643,717826,31.431460084774205,709178,98.36105875604359,36609,2.0383836135518587,745787,2.254012194267293,114152,37.210051805957285,248234,24.44185727982468,248234,23.178130312527696,248234,5.874296027135687,248234,248234,3.0043708758671253,94.66438895905523,5.3356110409447695,0.0,370548,370548,370548
020104,39858,20097,25.922023182297156,39858,67.43940990516333,39858,6.638566912539515,39858,34.44227005870842,39858,10.181143057855387,39858,28.0,30.703573,98.32810867293625,19761,6.909528827337047,39858,26.421295599377792,39858,1.076320939334638,39858,48.28125,38.4375,9.84375,25.609756097560975,390.4761904761905,3.2551591525598322,29123,5.718722571062049,14811,97.27379323822552,10234,91.49171270718232,9955,89.800796812749,1255,56.663872590108966,4772,3.5626209356148273,26357,19.482490420002275,26357,48.916796296998896,26357,28.038092347383998,26357,76.95488864438289,26357,79.87251963425275,26357,5.013021061839019,5.718722571062049,0.7057015092230297,14811,14312,-0.9967234961826108,27.550338063749162,28.547061559931773,13459,12898,-1.400000456236489,9.7882457834906,11.18824623972709,13459,12898,33.54011768462345,21923,50.67737079779227,21923,1.8701820006385987,21923,6.440724353418784,21923,1.181407654061944,21923,0.09578980978880627,21923,34.721525338685396,21923,76.13655741618635,74.15845298591454,29321,29321,22324,2.5981006987994983,69.73128727467667,67.91529853246666,14923,14923,13.59759157049674,21923,23.929206769146557,21923,56.6710760388633,21923,13.044098195527525,82.7753854702042,69.73128727467667,14398,14923,12.210920038315924,21923,5.870546914199699,21923,13.12320394106646,21923,12.18811294074716,21923,11.654426857638096,21923,23.801487022761485,21923,9.524243944715595,21923,6.659672490078912,21923,0.4743876294302787,21923,1.7059708981435022,21923,3.16562514254436,21923,2.2898325959038455,21923,70.4099553414622,39858,15.216518641176176,39858,21.01711074313814,39858,39.848963821566564,39858,56.29484670580561,39858,69.9934768427919,39858,99.55573505654282,39616,99.28816639741518,39616,64.49302547662086,29321,55.30846122778675,39616,0.9920234248788369,39616,25.553145336225597,36880,1.8221714,9183,2.361788,9.186596,31448.0,91.08791649939783,2491,40.21300292356954,14366,44.41327,10.473346739006715,26357,34.36998254799302,28650,19.710296684118674,28650,4.938917975567191,28650,4.226876090750436,28650,36.753926701570684,28650,2.5374305105555743,29321,55.516523993042526,29321,0.04774734831690597,29321,0.003410524879778998,29321,0.23873674158452987,29321,0.0,29321,0.006821049759557996,29321,0.006821049759557996,29321,0.003410524879778998,29321,0.0,29321,2.9483037156704364,39616,1.1207592891760905,39616,2.1178311793214863,39616,0.9743537964458805,39616,5.111571082390953,39616,69.21915389143398,39073,9.592301589332788,39073,1.2745374043457118,39073,19.914007114887518,39073,80.08599288511247,39073,4.311377245508982,1670,21.991960491558515,77.01109570041609,37492,22.01002880614531,37492,48.65238611713666,36880,98.50146198830409,2736,5.151958804523425,39616,2.596026490066225,7550,40.679711637487124,14565,15.084105732921387,14565,34.42499141778236,14565,5.952626158599382,14565,14565,2.7199450738070716,62.74586281829832,37.25413718170168,11.868278820972865,17947,17947,17947
020105,885210,458168,26.487387173665006,885210,68.59332813682629,885210,4.919284689508705,885210,36.05099354955321,885210,7.47822550581218,885210,26.0,28.846998,93.20642209844424,427042,7.213542549225608,885210,29.730685374092022,885210,0.8512104472385084,885210,45.78677360650203,38.61510717314866,7.171666433353371,18.572177985149423,538.4398107748128,2.3896111134333764,645921,4.017083709588703,339973,97.62393314895769,235389,84.48188828352103,229796,91.23036199250576,29089,66.38145932915944,121549,2.869745332597324,577891,13.292472109792332,577891,45.07303280376403,577891,38.76474975384632,577891,83.83778255761034,577891,85.73779484366429,577891,3.43593920137162,4.017083709588703,0.5811445082170826,339973,305948,-0.8489016686295372,38.36443181148363,39.213333480113164,305374,272517,-1.133792613691325,11.069780007466255,12.20357262115758,305374,272517,39.52112608140067,456237,46.56373770649903,456237,1.949425408285606,456237,6.49903449303761,456237,0.620072462338653,456237,0.08022146384444927,456237,40.14119854373933,456237,72.44938449257886,69.88313619288627,647677,647677,469238,3.5421257442918095,66.28072325541166,63.88883187859348,341069,341069,4.660077985783705,456237,24.018218601297132,456237,65.9795238001302,456237,13.030645006342766,79.31136826175442,66.28072325541166,306608,341069,18.206546159123437,456237,4.888468054980197,456237,4.299738951466014,456237,16.54951264364793,456237,7.325140223173483,456237,28.55774520698672,456237,7.297303813588113,456237,7.581805070610231,456237,0.36033903431769015,456237,2.864300791036238,456237,6.093105118611599,456237,3.533689727049757,456237,61.40045864823036,885210,21.022808147219305,885210,28.902068435738414,885210,38.217598084070445,885210,64.64161046531332,885210,73.45804950237796,885210,99.57338271201517,881352,99.29540070255698,881352,55.49124023239979,647677,38.49596982817308,881352,1.0460065898755548,881352,8.260409725321416,817865,1.5183926,234878,1.963518,9.251726,625721.0,92.13828153952035,56667,42.226444127988984,296338,42.795506,11.604444436753644,577891,30.203100840638303,639633,17.015069578961686,639633,5.311639643357988,639633,3.94444939520006,639633,43.52574054184196,639633,2.1218910043123347,647677,50.12560273099091,647677,0.038908282986735675,647677,0.007411101521282985,647677,0.2119883830983654,647677,0.0026247651221210574,647677,0.006639111779482674,647677,0.0006175917934402487,647677,0.001543979483600622,647677,0.0009263876901603732,647677,3.240589458014505,881352,1.1331454401873484,881352,1.9736722671531919,881352,0.9343599379135692,881352,5.334644954569797,881352,59.41483082274988,875029,15.048415538227875,875029,1.0901352983729682,875029,24.44661834064928,875029,75.55338165935072,875029,3.2126181792840716,43049,22.317910511621935,83.35365904942934,832279,15.852015970606011,832279,39.31504588165529,817865,97.80112463969002,63487,1.6049206219535441,881352,2.2940514979383524,173405,46.07225164963082,298097,12.65058018027689,298097,25.50377897127445,298097,3.7736038940344923,298097,298097,2.9565946654947886,87.10839595189533,12.891604048104668,7.540239161984962,411353,411353,411353
020201,9402,4881,25.9519251223144,9402,66.4326738991704,9402,7.6154009785152095,9402,36.23697085726441,9402,10.997660072325036,9402,27.0,30.350458,92.62446220036878,4521,6.573069559668156,9402,28.462029355456284,9402,1.2869602212295257,9402,50.5283381364073,39.065001601024655,11.463336535382645,29.34426229508197,340.78212290502796,5.253940455341506,6852,8.872096277637839,3573,97.01431492842536,2445,98.69308600337268,2372,91.40893470790378,291,60.128102481985586,1249,6.1505658520583895,6097,15.483024438248318,6097,42.75873380350992,6097,35.60767590618337,6097,78.36640970969329,6097,80.82663605051665,6097,7.560720858302676,8.872096277637839,1.3113754193351632,3573,3279,-9.046669456822343,31.350681536555143,40.397350993377486,3228,2869,-2.168587166234106,10.029739776951672,12.198326943185778,3228,2869,27.21102016370533,5009,55.48013575563985,5009,1.2577360750648832,5009,8.764224396087043,5009,0.19964064683569574,5009,0.03992812936713915,5009,27.410660810541025,5009,73.42028985507247,71.8840579710145,6900,6900,5066,2.0923805763916303,70.44950055493895,69.06215316315205,3604,3604,16.150928329007787,5009,16.90956278698343,5009,61.389498901976445,5009,6.2191887654494025,76.66868932038835,70.44950055493895,3296,3604,18.007586344579757,5009,3.1742862846875624,5009,15.591934517867838,5009,10.101816729886204,5009,6.747853863046516,5009,27.21102016370533,5009,6.348572569375125,5009,6.687961668995808,5009,0.5589938111399481,5009,2.3757236973447795,5009,11.27969654621681,5009,2.435615891395488,5009,68.81514571367794,9402,21.825143586470965,9402,16.2199532014465,9402,39.6936821952776,9402,60.008508827908955,9402,64.80536056158265,9402,99.57104557640751,9325,99.08847184986595,9325,84.79710144927536,6900,22.262734584450403,9325,0.8793565683646113,9325,9.902467010900747,8715,1.7328703,2160,2.407583,10.188979,7567.0,88.75,560,44.0181869849389,3519,44.78943,11.050188617352797,6097,36.186654777827314,6729,17.46173279833556,6729,4.012483281319661,6729,4.919007281914103,6729,37.42012186060336,6729,0.463768115942029,6900,80.92753623188406,6900,0.014492753623188406,6900,0.0,6900,0.07246376811594203,6900,0.0,6900,0.0,6900,0.0,6900,0.014492753623188406,6900,0.0,6900,3.1206434316353886,9325,1.2654155495978552,9325,2.2949061662198393,9325,1.1903485254691688,9325,5.3083109919571045,9325,66.31933137957235,9213,16.227070443937915,9213,0.6403994355801584,9213,16.813198740909584,9213,83.18680125909042,9213,4.491725768321513,423,21.814612326043736,62.529697929630046,8839,36.135309424143,8839,69.31726907630522,8715,97.54098360655738,610,3.8927613941018766,9325,1.8609742747673783,1827,40.30100334448161,3588,17.112597547380155,3588,35.256410256410255,3588,8.277591973244148,3588,3588,2.5989409141583053,87.7167973390354,12.283202660964605,2.589688762176289,4209,4209,4209
020301,2409,984,20.46492320464923,2409,70.1535907015359,2409,9.38148609381486,2409,41.55251141552512,2409,14.07222914072229,2409,24.0,31.813616,144.8170731707317,1425,5.354919053549191,2409,35.201328352013284,2409,1.5774180157741802,2409,42.544378698224854,29.171597633136095,13.372781065088757,45.84178498985801,218.141592920354,1.7885323513940032,1901,4.4692737430167595,716,94.15322580645162,496,97.64453961456103,467,88.23529411764706,51,41.390728476821195,604,2.2006472491909386,1545,14.174757281553399,1545,53.13915857605178,1545,30.485436893203882,1545,83.62459546925567,1545,85.24271844660194,1545,4.300497371708743,4.4692737430167595,0.16877637130801687,716,1185,3.913713405238827,32.72727272727273,28.8135593220339,660,885,-1.2581407293271685,10.442424242424243,11.700564971751412,660,885,46.14703277236492,1129,38.79539415411869,1129,1.41718334809566,1129,7.351638618246236,1129,0.354295837023915,1129,0.08857395925597875,1129,46.50132860938884,1129,60.251704247509174,58.46879916098584,1907,1907,1149,2.959094865100087,61.05702364394993,58.692628650904034,719,719,23.472099202834368,1129,18.334809565987598,1129,49.6014171833481,1129,-1.2927138796401678,59.764309764309765,61.05702364394993,1188,719,12.754650132860938,1129,3.3658104517271923,1129,11.780336581045173,1129,9.300265721877768,1129,8.857395925597874,1129,17.360496014171833,1129,7.528786536758193,1129,4.428697962798937,1129,11.691762621789193,1129,7.263064658990257,1129,4.871567759078831,1129,1.8600531443755537,1129,60.14943960149439,2409,43.586550435865504,2409,18.887505188875053,2409,35.118306351183065,2409,45.78663345786634,2409,64.3420506434205,2409,99.625,2400,99.54166666666667,2400,61.82485579444153,1907,44.375,2400,0.5416666666666666,2400,29.502421840598856,2271,1.8734177,395,2.610465,9.63788,1795.0,99.07407407407408,108,37.93911007025761,854,49.286884,11.163106796116505,1545,32.20793140407288,1866,10.342979635584138,1866,3.912111468381565,1866,4.448017148981779,1866,49.08896034297963,1866,1.5207131620346093,1907,54.85055060304143,1907,0.1048767697954903,1907,0.0,1907,0.3146303093864709,1907,0.0,1907,0.0,1907,0.0,1907,0.0,1907,0.0,1907,3.0416666666666665,2400,1.4166666666666667,2400,2.0833333333333335,2400,0.4166666666666667,2400,5.0,2400,53.422931541369174,2381,35.61528769424611,2381,0.881982360352793,2381,10.07979840403192,2381,89.92020159596808,2381,7.246376811594203,69,22.160550458715598,91.03958242714224,2299,8.177468464549804,2299,43.15279612505504,2271,97.67441860465117,129,10.083333333333334,2400,4.699738903394256,383,31.030577576443942,883,23.32955832389581,883,42.46885617214043,883,12.684031710079275,883,883,2.7180067950169877,87.25182863113898,12.748171368861023,4.179728317659352,957,957,957
020306,2006,911,25.573280159521435,2006,68.64406779661017,2006,5.782652043868395,2006,32.75174476570289,2006,8.624127617148554,2006,29.0,30.46012,120.19758507135016,1095,6.829511465603191,2006,26.271186440677965,2006,0.5982053838484547,2006,45.67901234567901,37.254901960784316,8.424110384894698,22.612085769980506,442.2413793103448,1.948051948051948,1386,2.7868852459016393,610,96.18834080717488,446,97.2027972027972,429,88.33333333333333,60,36.91588785046729,214,3.515625,1280,10.9375,1280,70.859375,1280,14.6875,1280,85.546875,1280,86.953125,1280,1.4982254520872063,2.7868852459016393,1.288659793814433,610,776,-0.8994017195609985,14.184397163120567,15.083798882681565,564,716,-0.8818495186021629,10.122340425531915,11.004189944134078,564,716,17.452830188679247,1060,55.56603773584906,1060,1.6037735849056605,1060,11.037735849056604,1060,0.37735849056603776,1060,0.0,1060,17.830188679245282,1060,75.70821529745042,74.29178470254958,1412,1412,1069,1.8709073900841908,69.96805111821087,69.16932907348243,626,626,40.660377358490564,1060,22.07547169811321,1060,30.18867924528302,1060,10.31184710061865,80.27989821882952,69.96805111821087,786,626,6.69811320754717,1060,1.4150943396226414,1060,40.660377358490564,1060,13.018867924528301,1060,8.962264150943396,1060,12.735849056603774,1060,7.264150943396227,1060,2.0754716981132075,1060,0.0,1060,1.320754716981132,1060,3.1132075471698113,1060,1.1320754716981132,1060,80.85742771684946,2006,9.521435692921237,2006,5.0348953140578265,2006,26.819541375872383,2006,21.635094715852443,2006,45.2642073778664,2006,99.15656299420137,1897,98.94570374275172,1897,84.77337110481587,1412,35.635213494992094,1897,0.6852925672113864,1897,18.57304643261608,1766,2.0696864,287,2.3769634,7.254463,896.0,83.14606741573034,89,43.220338983050844,472,44.21822,10.615625,1280,35.40372670807454,1288,17.546583850931675,1288,5.124223602484472,1288,5.590062111801243,1288,36.33540372670807,1288,4.2492917847025495,1412,77.33711048158641,1412,0.0,1412,0.0,1412,0.0,1412,0.0,1412,0.0,1412,0.0,1412,0.0,1412,0.0,1412,1.423299947285187,1897,0.8434370057986295,1897,0.9488666315234581,1897,0.7380073800738007,1897,2.8993147074327887,1897,84.50082735797021,1813,6.177606177606178,1813,0.6067291781577496,1813,8.714837286265858,1813,91.28516271373414,1813,8.333333333333334,60,21.570135746606336,67.55852842809365,1794,30.60200668896321,1794,70.61155152887882,1766,96.18320610687023,131,7.063784923563522,1897,3.7735849056603774,318,50.3968253968254,504,17.658730158730158,504,22.61904761904762,504,3.373015873015873,504,504,3.763888888888889,84.34547908232119,15.65452091767881,3.1039136302294197,741,741,741
020601,3951,2202,27.461402176664137,3951,63.57884079979752,3951,8.959757023538344,3951,37.053910402429764,3951,12.224753227031131,3951,27.0,30.536066,79.42779291553134,1749,7.744874715261959,3951,27.486712224753227,3951,2.328524424196406,3951,57.28503184713376,43.19267515923567,14.09235668789809,32.62672811059908,306.49717514124296,4.6852646638054365,2796,5.930087390761548,1602,98.01136363636364,1056,94.4927536231884,1035,93.61702127659575,141,55.72354211663067,463,5.905826017557861,2506,19.632881085395052,2506,44.054269752593775,2506,30.407023144453312,2506,74.46129289704709,2506,77.45411013567438,2506,2.9150120138771256,5.930087390761548,3.0150753768844223,1602,1194,-4.098001471117584,28.670360110803323,32.76836158192091,1444,1062,-1.1135890573892357,9.81578947368421,10.929378531073446,1444,1062,24.4258872651357,1916,58.97703549060543,1916,1.6179540709812108,1916,6.941544885177453,1916,0.5741127348643006,1916,0.4697286012526096,1916,25.0,1916,68.70579915134371,67.32673267326733,2828,2828,1943,2.007205352547607,62.35294117647059,61.05263157894737,1615,1615,26.61795407098121,1916,15.34446764091858,1916,51.7223382045929,1916,14.811114882886379,77.16405605935697,62.35294117647059,1213,1615,13.152400835073069,1916,3.288100208768267,1916,20.041753653444676,1916,7.985386221294363,1916,7.254697286012526,1916,23.48643006263048,1916,4.279749478079332,1916,9.290187891440501,1916,6.576200417536534,1916,1.5657620041753653,1916,4.4363256784968685,1916,2.55741127348643,1916,84.63680080992154,3951,15.89471019994938,3951,19.665907365223994,3951,37.30701088332068,3951,56.03644646924829,3951,68.74209060997215,3951,99.20614596670934,3905,98.92445582586427,3905,69.73125884016973,2828,30.422535211267604,3905,0.9218950064020487,3905,15.305555555555555,3600,1.7846639,952,2.3922691,9.060806,3322.0,89.83050847457628,295,55.398530243075186,1769,42.271904,10.287709497206704,2506,29.621542940320232,2748,21.397379912663755,2748,6.004366812227074,2748,6.331877729257642,2748,36.6448326055313,2748,0.8486562942008486,2828,62.05799151343706,2828,0.07072135785007072,2828,0.0,2828,0.4243281471004243,2828,0.0,2828,0.0,2828,0.0,2828,0.0,2828,0.0,2828,2.407170294494238,3905,1.2804097311139564,3905,2.2535211267605635,3905,1.2548015364916774,3905,4.891165172855314,3905,75.98116169544741,3822,6.593406593406593,3822,1.805337519623234,3822,15.620094191522764,3822,84.37990580847723,3822,7.425742574257426,202,21.515897435897436,74.94553376906318,3672,23.66557734204793,3672,56.333333333333336,3600,98.36065573770492,305,5.172855313700384,3905,3.913630229419703,741,39.50276243093923,1810,16.795580110497237,1810,40.88397790055249,1810,7.348066298342541,1810,1810,2.157458563535912,89.91596638655462,10.084033613445385,5.365223012281835,1547,1547,1547
020602,4562,2323,27.83866725120561,4562,65.89215256466463,4562,6.269180184129768,4562,36.69443226654976,4562,9.907935116177116,4562,28.0,29.891933,96.38398622470943,2239,7.365190705830776,4562,25.668566418237614,4562,0.920648838228847,4562,51.76314038589488,42.24883566200931,9.514304723885562,22.519685039370078,444.05594405594405,2.7769207034865784,3241,3.9095907147220523,1637,94.80940794809408,1233,98.88793840889649,1169,80.92105263157895,152,36.68032786885246,488,4.25531914893617,2914,16.437886067261495,2914,57.4468085106383,2914,21.859986273164036,2914,79.30679478380233,2914,82.05216197666438,2914,2.288643083799359,3.9095907147220523,1.6209476309226933,1637,1604,1.690402398022563,22.699386503067483,21.00898410504492,1467,1447,-0.5050766718062274,9.892297205180641,10.397373876986869,1467,1447,27.369716864997947,2437,56.29872794419368,2437,1.7234304472712352,2437,5.375461633155519,2437,0.6565449322938038,2437,0.7386130488305294,2437,28.026261797291752,2437,76.24732170186715,74.10468319559229,3267,3267,2491,2.8101164191087915,67.2319806178074,65.23319200484555,1651,1651,16.290521132540007,2437,13.62330734509643,2437,63.64382437423061,2437,18.225940174271813,85.45792079207921,67.2319806178074,1616,1651,9.807139926138696,2437,4.3496101764464505,2437,7.263028313500206,2437,6.1140746819860485,2437,7.263028313500206,2437,29.17521542880591,2437,8.740254411161263,2437,11.407468198604843,2437,9.027492819039804,2437,2.379975379565039,2437,2.5441116126384897,2437,2.1748050882232253,2437,81.89390618149935,4562,12.056115738711092,4562,26.26041209995616,4562,28.145550197281892,4562,56.55414291977203,4562,56.04997807978957,4562,98.85336273428886,4535,98.08158765159868,4535,43.89348025711662,3267,57.15545755237045,4535,1.0584343991179714,4535,19.047619047619047,4200,2.1487436,995,2.7305808,10.851121,3889.0,95.38461538461539,325,43.90080428954423,1492,45.13606,10.143102264927935,2914,19.82295289282327,3163,31.836863736958584,3163,6.860575403098324,3163,4.6158710085362,3163,36.86373695858362,3163,4.315886134067952,3267,9.82552800734619,3267,0.15304560759106214,3267,0.12243648607284971,3267,0.8570554025099479,3267,0.0,3267,0.030609121518212427,3267,0.061218243036424855,3267,0.0,3267,0.0,3267,3.7045203969128995,4535,1.256890848952591,4535,2.6460859977949283,4535,1.0804851157662625,4535,6.328555678059537,4535,74.205105239588,4466,4.545454545454546,4466,1.052395879982087,4466,20.19704433497537,4466,79.80295566502463,4466,11.737089201877934,213,20.10019455252918,91.5456674473068,4270,6.674473067915691,4270,17.642857142857142,4200,94.6268656716418,335,4.12348401323043,4535,6.285072951739618,891,44.22077922077922,1540,16.038961038961038,1540,28.181818181818183,1540,4.935064935064935,1540,1540,2.9448051948051948,97.24604966139955,2.753950338600447,0.5417607223476298,2215,2215,2215
020606,2352,1110,26.53061224489796,2352,66.3265306122449,2352,7.142857142857143,2352,33.843537414965986,2352,11.479591836734693,2352,29.0,31.421768,111.89189189189189,1242,7.610544217687075,2352,23.852040816326532,2352,0.8503401360544217,2352,50.76923076923077,40.0,10.76923076923077,26.923076923076923,371.42857142857144,2.592810842663524,1697,4.25531914893617,799,95.45454545454545,572,99.08424908424908,546,88.57142857142857,70,32.888888888888886,225,3.6703155183515777,1553,16.934964584674823,1553,58.08113329040567,1553,21.313586606567934,1553,79.3947198969736,1553,82.67868641339344,1553,3.1417334028337205,4.25531914893617,1.1135857461024499,799,898,4.941195253046672,23.91304347826087,18.9718482252142,736,817,-0.15190283912511404,10.134510869565217,10.286413708690331,736,817,28.968903436988544,1222,51.06382978723404,1222,3.600654664484452,1222,6.137479541734861,1222,0.32733224222585927,1222,3.1914893617021276,1222,29.2962356792144,1222,72.67407840842598,70.8601521357519,1709,1709,1242,2.49597423510467,62.779156327543426,60.9181141439206,806,806,28.887070376432078,1222,11.37479541734861,1222,52.20949263502455,1222,18.726934480872963,81.50609080841639,62.779156327543426,903,806,8.67430441898527,1222,3.109656301145663,1222,7.283142389525368,1222,4.091653027823241,1222,7.201309328968904,1222,23.240589198036005,1222,6.7921440261865795,1222,10.147299509001636,1222,21.60392798690671,1222,1.5548281505728314,1222,3.8461538461538463,1222,1.9639934533551555,1222,79.12414965986395,2352,10.671768707482993,2352,30.39965986394558,2352,19.897959183673468,2352,44.302721088435376,2352,51.23299319727891,2352,98.49785407725322,2330,97.98283261802575,2330,29.432416617905208,1709,55.407725321888414,2330,1.201716738197425,2330,18.16914498141264,2152,2.0167716,477,2.6337047,9.434968,1876.0,99.33333333333333,150,40.33898305084746,885,45.56158,10.214423696072119,1553,19.9390243902439,1640,31.70731707317073,1640,7.2560975609756095,1640,5.2439024390243905,1640,35.853658536585364,1640,4.505558806319485,1709,12.873025160912814,1709,0.0,1709,0.058513750731421885,1709,0.8191925102399064,1709,0.0,1709,0.0,1709,0.0,1709,0.0,1709,0.0,1709,3.0901287553648067,2330,1.502145922746781,2330,2.832618025751073,2330,0.9871244635193133,2330,6.1373390557939915,2330,67.41963509991312,2302,4.8653344917463075,2302,4.300608166811468,2302,23.414422241529106,2302,76.58557775847089,2302,10.38961038961039,77,20.498046875,90.27968821641448,2181,8.48234754699679,2181,21.096654275092938,2152,89.88764044943821,178,3.4334763948497855,2330,4.038004750593824,421,36.655948553054664,933,15.969989281886388,933,37.29903536977492,933,6.752411575562701,933,933,2.497320471596999,98.02513464991023,1.9748653500897717,0.5385996409335727,1114,1114,1114
020607,10342,5062,31.647650357764455,10342,65.35486366273449,10342,2.9974859795010635,10342,39.82788628891897,10342,5.559853026493909,10342,25.0,26.565557,104.30659818253655,5280,9.630632372848579,10342,28.505124734093986,10342,0.5511506478437439,10342,53.01080041426246,48.42432312472259,4.586477289539872,9.47143293614421,1055.8064516129032,2.375467895191477,6946,3.449283835135925,3421,92.67719180382936,2977,97.89778905400507,2759,81.99052132701422,422,18.719611021069692,1234,3.2247765006385696,6264,18.96551724137931,6264,63.05874840357599,6264,14.75095785440613,6264,77.80970625798211,6264,81.21008939974458,6264,2.115950501802592,3.449283835135925,1.3333333333333333,3421,3525,0.6365568661138088,15.07472384665367,14.438166980539862,3078,3186,-0.7552009339104195,9.388239116309292,10.143440050219711,3078,3186,26.974693251533743,5216,55.828220858895705,5216,2.5306748466257667,5216,5.483128834355829,5216,0.7668711656441718,5216,1.0161042944785277,5216,27.741564417177916,5216,75.42808219178082,73.53025114155251,7008,7008,5286,2.516080211880439,65.24761077324067,63.509991311902695,3453,3453,27.45398773006135,5216,12.135736196319018,5216,54.23696319018405,5216,20.068844922961873,85.31645569620254,65.24761077324067,3555,3453,7.304447852760736,5216,3.604294478527607,5216,10.985429447852761,5216,5.559815950920245,5216,6.556748466257669,5216,24.233128834355828,5216,9.77760736196319,5216,9.854294478527608,5216,16.46855828220859,5216,0.7476993865030674,5216,2.4923312883435584,5216,1.687116564417178,5216,79.68478050667183,10342,8.402630052214272,10342,25.78804873332044,10342,26.745310384838522,10342,61.3034229356024,10342,60.713595049313476,10342,98.36145518384863,10253,97.48366331805325,10253,40.31107305936073,7008,61.279625475470596,10253,1.1118696966741441,10253,29.395900755124057,9270,2.28088,2364,2.7396626,9.119648,8224.0,95.47844374342797,951,37.46004068584714,3441,40.410637,9.772349936143039,6264,16.411154913126005,6849,39.99123959702146,6849,5.796466637465324,6849,3.4019564899985397,6849,34.39918236238867,6849,11.415525114155251,7008,11.558219178082192,7008,0.14269406392694065,7008,0.04280821917808219,7008,0.4994292237442922,7008,0.014269406392694063,7008,0.014269406392694063,7008,0.014269406392694063,7008,0.014269406392694063,7008,0.07134703196347032,7008,2.1847264215351605,10253,0.8387788939822491,10253,1.5117526577587048,10253,0.7705061933092754,10253,3.8915439383595047,10253,62.211155378486055,10040,3.237051792828685,10040,1.0657370517928286,10040,33.48605577689243,10040,66.51394422310757,10040,15.102974828375286,437,19.63797009515179,87.10187724108837,9482,11.801307740982915,9482,31.078748651564187,9270,89.6236012207528,983,5.939724958548718,10253,6.663470757430489,2086,48.84507042253521,3550,7.52112676056338,3550,29.267605633802816,3550,2.563380281690141,3550,3550,2.888169014084507,97.87187839305103,2.128121606948966,0.5646036916395223,4605,4605,4605
020608,2963,1487,33.78332770840365,2963,63.44920688491394,2963,2.7674654066824163,2963,42.86196422544718,2963,5.197435032062099,2963,23.0,25.501518,99.26025554808339,1476,11.576105298683766,2963,28.72089098886264,2963,0.3374957813027337,2963,57.6063829787234,53.244680851063826,4.361702127659575,8.191808191808192,1220.7317073170732,2.0333680917622523,1918,2.6639344262295084,976,87.41496598639456,882,98.83268482490273,771,69.50354609929079,141,21.643835616438356,365,2.8152492668621703,1705,19.824046920821115,1705,63.16715542521994,1705,14.193548387096774,1705,77.36070381231671,1705,81.40762463343108,1705,1.2838919633844978,2.6639344262295084,1.3800424628450105,976,942,2.8306041007293246,15.621301775147929,12.790697674418604,845,860,-0.35736892803082476,9.377514792899408,9.734883720930233,845,860,20.833333333333332,1536,57.161458333333336,1536,1.3020833333333333,1536,7.747395833333333,1536,0.5208333333333334,1536,0.5208333333333334,1536,21.354166666666668,1536,80.04115226337449,77.72633744855968,1944,1944,1556,2.892030848329049,70.96774193548387,69.15322580645162,992,992,34.309895833333336,1536,10.546875,1536,46.940104166666664,1536,18.52805638384386,89.49579831932773,70.96774193548387,952,992,4.817708333333333,1536,2.734375,1536,26.888020833333332,1536,4.947916666666667,1536,5.598958333333333,1536,23.6328125,1536,8.723958333333334,1536,7.877604166666667,1536,7.421875,1536,0.1953125,1536,1.7578125,1536,1.4973958333333333,1536,79.95275059061761,2963,5.872426594667567,2963,17.684778940263246,2963,25.953425582180223,2963,56.83428957138036,2963,57.50928113398582,2963,98.23008849557522,2938,97.44724302246426,2938,48.40534979423868,1944,57.385976855003406,2938,1.8720217835262083,2938,24.249422632794456,2598,2.1612446,707,2.4948804,8.382958,2183.0,96.33699633699634,273,48.43581445523193,927,38.611652,9.557771260997068,1705,13.738019169329073,1878,38.498402555910545,1878,9.105431309904153,1878,3.301384451544196,1878,35.356762513312034,1878,4.783950617283951,1944,18.775720164609055,1944,0.205761316872428,1944,0.0,1944,0.977366255144033,1944,0.0,1944,0.0,1944,0.0,1944,0.205761316872428,1944,0.0,1944,1.9060585432266848,2938,0.6807351940095303,2938,0.9530292716133424,2938,0.4765146358066712,2938,3.02927161334241,2938,73.00103842159918,2889,2.1460713049498095,2889,0.4153686396677051,2889,24.437521633783316,2889,75.56247836621668,2889,21.25,160,19.80935875216638,88.83078072469182,2677,9.338812103100485,2677,22.0554272517321,2598,94.70588235294117,340,2.314499659632403,2938,7.431340872374798,619,59.076600209863585,953,7.76495278069255,953,18.25813221406086,953,0.944386149003148,953,953,3.08289611752361,98.37461300309597,1.6253869969040267,0.46439628482972134,1292,1292,1292
020701,5657,2759,30.758352483648576,5657,60.844970832596786,5657,8.39667668375464,5657,43.89252253844794,5657,11.63160685875906,5657,24.0,28.93159,105.03805726712577,2898,9.086088032526074,5657,27.82393494785222,5657,2.0859112603853633,5657,64.35212085996514,50.5520046484602,13.800116211504939,27.298850574712645,366.3157894736842,4.643799472295514,3790,7.298474945533769,1836,91.79456906729634,1694,98.7781350482315,1555,64.92890995260663,211,26.375176304654442,709,6.096794468887492,3182,19.67316153362665,3182,49.685732243871776,3182,24.54431175361408,3182,74.23004399748586,3182,76.61847894406034,3182,5.149037893333155,7.298474945533769,2.1494370522006143,1836,1954,-5.455752448428402,21.857585139318886,27.313337587747288,1615,1567,-1.5690287884206189,9.159752321981424,10.728781110402043,1615,1567,27.234369006520904,2607,52.090525508247026,2607,1.5343306482546988,2607,9.512850019179133,2607,0.6137322593018796,2607,0.0,2607,27.848101265822784,2607,68.92172109901503,66.95178849144635,3858,3858,2659,2.8582173749529898,63.787553648068666,62.07081545064378,1864,1864,26.467203682393556,2607,15.151515151515152,2607,51.82201764480246,2607,9.933609842402745,73.72116349047141,63.787553648068666,1994,1864,13.617184503260452,2607,4.4495588799386265,2607,24.242424242424242,2607,6.175680859225163,2607,8.899117759877253,2607,21.634062140391254,2607,3.49060222477944,2607,7.44150364403529,2607,2.2247794399693133,2607,4.41120061373226,2607,7.2113540467970845,2607,2.186421173762946,2607,76.71910906841082,5657,15.697366095103412,5657,16.95244829414884,5657,37.38730776029698,5657,53.66802191974545,5657,67.04967297153969,5657,99.05051952705124,5582,98.38767466857757,5582,47.97822706065319,3858,35.75779290576854,5582,0.7165890361877463,5582,23.625615763546797,5075,2.243127,1164,2.8738532,8.559376,4977.0,87.32394366197182,426,42.03856749311295,1815,45.964188,9.932432432432432,3182,24.973118279569892,3720,23.49462365591398,3720,6.048387096774194,3720,4.327956989247312,3720,41.155913978494624,3720,27.13841368584759,3858,8.398133748055988,3858,0.10368066355624676,3858,0.0,3858,0.15552099533437014,3858,0.0,3858,0.0,3858,0.0,3858,0.0,3858,0.02592016588906169,3858,3.2963095664636333,5582,1.522751701898961,5582,2.6334647079899676,5582,1.7556431386599785,5582,6.449301325689717,5582,68.95669651014069,5473,9.537730677873196,5473,0.694317558925635,5473,20.81125525306048,5473,79.18874474693952,5473,10.245901639344263,244,20.638333333333332,72.0679012345679,5184,25.829475308641975,5184,51.76354679802956,5075,94.0828402366864,507,3.6725188104621997,5582,4.8644338118022326,1254,47.28348574502421,1859,21.247982786444325,1859,30.76923076923077,1859,7.530930607853684,1859,1859,3.0026896180742333,96.97542533081285,3.024574669187146,0.6616257088846881,2116,2116,2116
020801,91199,45990,27.97070143312975,91199,66.6783627013454,91199,5.350935865524841,91199,37.455454555422754,91199,8.131668110395948,91199,26.0,28.761982,98.3018047401609,45209,7.707321352207809,91199,28.711937630895076,91199,0.9057116854351474,91199,49.973688538069396,41.948692649235326,8.024995888834074,19.1305029597397,522.7254098360655,2.26122536879509,65009,3.9262917017945322,33212,96.43718835451182,24868,88.39129347010258,23982,84.57776328659928,3067,59.381526104417674,12450,2.642891533117821,58156,15.716349129926405,58156,49.90542678313501,58156,31.735332553820758,58156,81.64075933695577,58156,84.05839466263154,58156,3.4042298720621673,3.9262917017945322,0.5220618297323647,33212,31797,-0.13326671157603798,31.670463682658806,31.803730394234844,29848,28308,-1.2293583566562507,10.454335298847495,11.683693655503745,29848,28308,39.72374844033886,45683,46.0302519536808,45683,1.919751329816343,45683,6.148895650460784,45683,0.669833417244927,45683,0.07442593524943633,45683,40.39358185758378,45683,71.85342782361134,69.3677008556166,65333,65333,46944,3.459441036128153,65.27349480554474,62.94721714918715,33401,33401,7.131755795372458,45683,29.483615349254645,45683,57.81362870214303,45683,13.46256933074487,78.73606413628961,65.27349480554474,31932,33401,14.970557975614561,45683,5.229516450320689,45683,6.768382111507563,45683,19.479894052492174,45683,9.859247422454743,45683,23.34347569117615,45683,8.438587658428737,45683,7.197425738239608,45683,0.36337368386489505,45683,2.162730118424797,45683,5.085042576012959,45683,2.885099489963444,45683,66.50292218116427,91199,21.56492944001579,91199,26.128575971227754,91199,36.41048695709383,91199,59.7660062062084,91199,70.47445695676488,91199,99.58791057439096,90757,99.34770871668302,90757,63.0079745304823,65333,59.325451480326585,90757,0.8825765505691021,90757,23.396050715121415,83762,1.775332,22215,2.2135377,9.424215,67942.0,92.1961550993809,6138,42.59587200781632,32752,43.07743,11.052737464749983,58156,32.44924688932547,64134,17.78619764867309,64134,5.1891352480743445,64134,3.8887329653537903,64134,40.6866872485733,64134,1.9056219674590176,65333,56.90998423461344,65333,0.0704085224924617,65333,0.0030612401083679,65333,0.22500114796504064,65333,0.0030612401083679,65333,0.00459186016255185,65333,0.00153062005418395,65333,0.00153062005418395,65333,0.00153062005418395,65333,2.943023678614322,90757,1.1393060590367685,90757,2.0185770794539266,90757,0.9156318520885441,90757,4.992452372819727,90757,65.96696145503087,89895,14.498025474164303,89895,1.4872907280716392,89895,18.047722342733188,89895,81.9522776572668,89895,4.960460100647016,4173,21.86391508218684,82.09081210359098,85297,17.06273374210113,85297,42.56106587712805,83762,97.88420300214439,6995,4.555020549379111,90757,2.5908163827793396,18141,43.6130282116479,33036,13.061508657222424,33036,33.1759292892602,33036,5.512168543407192,33036,33036,2.7472151592202447,66.302386720965,33.697613279035,7.925666271457292,38798,38798,38798
020804,4906,2459,27.639624949041988,4906,66.30656339176518,4906,6.053811659192825,4906,36.42478597635548,4906,9.050142682429678,4906,28.0,30.225641,99.51199674664498,2447,7.154504688136975,4906,24.15409702405218,4906,0.8560945780676722,4906,50.81463264678758,41.684598831847524,9.130033814940056,21.902654867256636,456.5656565656566,2.8088277443393523,3489,5.158730158730159,1764,97.19350073855244,1354,94.90881458966565,1316,90.54054054054055,148,51.239669421487605,484,3.483541067433685,3129,20.58165548098434,3129,54.10674336848834,3129,21.82806008309364,3129,75.93480345158197,3129,78.84308085650368,3129,4.752933057280884,5.158730158730159,0.4057971014492754,1764,1725,-3.133306414963563,20.28894472361809,23.422251138581654,1592,1537,-2.018002340917338,9.139447236180905,11.157449577098243,1592,1537,13.69488880218494,2563,70.15216543113539,2563,1.521654311353882,2563,7.881388997268826,2563,0.07803355442840422,2563,0.03901677721420211,2563,13.772922356613345,2563,73.83522727272727,72.41477272727273,3520,3520,2599,1.9238168526356292,65.8454647256439,64.8936170212766,1786,1786,10.02731174404994,2563,7.296137339055794,2563,76.94108466640655,2563,16.219125816455303,82.0645905420992,65.8454647256439,1734,1786,6.67186890362856,2563,3.6285602809207957,2563,10.02731174404994,2563,3.6675770581349982,2563,3.6285602809207957,2563,32.57900897385876,2563,26.921576277799453,2563,8.50565743269606,2563,0.0,2563,2.926258291065158,2563,1.443620756925478,2563,1.0144362075692548,2563,79.08683245006115,4906,9.926620464737058,4906,21.66734610680799,4906,46.269873624133716,4906,57.19527109661639,4906,78.08805544231554,4906,97.61855881749128,4871,97.12584684869637,4871,74.11931818181819,3520,29.583247793060973,4871,3.777458427427633,4871,10.371517027863778,4522,2.0308251,1103,2.610494,10.805684,4220.0,93.05993690851734,317,32.28819212808539,1499,46.241493,10.130712687759667,3129,35.232860862019095,3457,23.893549320219844,3457,3.876193231125253,3457,5.351460804165462,3457,31.64593578247035,3457,1.3636363636363635,3520,65.42613636363636,3520,0.028409090909090908,3520,0.0,3520,0.17045454545454544,3520,0.0,3520,0.0,3520,0.0,3520,0.0,3520,0.0,3520,3.161568466433997,4871,0.9854239375898173,4871,2.1966741942106345,4871,0.9854239375898173,4871,5.009238349414905,4871,74.0270551508845,4805,3.3506763787721123,4805,0.2497398543184183,4805,22.372528616024972,4805,77.62747138397502,4805,3.30188679245283,212,21.927797833935017,82.91304347826087,4600,16.369565217391305,4600,51.5922158337019,4522,95.12893982808023,349,4.578115376719359,4871,1.881188118811881,1010,47.965879265091864,1524,16.141732283464567,1524,21.981627296587927,1524,4.986876640419948,1524,1524,3.1961942257217846,94.25901201602136,5.740987983978641,2.848242100578549,2247,2247,2247
020903,2219,895,20.820189274447948,2219,68.6795853988283,2219,10.500225326723749,2219,31.230283911671926,2219,14.060387561964848,2219,30.0,33.16494,147.93296089385476,1324,6.444344299233889,2219,29.11221270842722,2219,2.1180712032447047,2219,45.60367454068241,30.31496062992126,15.288713910761155,50.43290043290043,198.2832618025751,3.9473684210526314,1748,6.666666666666667,690,83.6734693877551,490,92.92682926829268,410,49.27536231884058,69,36.633663366336634,303,9.351145038167939,1572,24.872773536895675,1572,46.56488549618321,1572,19.21119592875318,1572,65.7760814249364,1572,68.44783715012723,1572,4.492753623188406,6.666666666666667,2.1739130434782608,690,1058,2.0590429643751555,20.443740095087165,18.38469713071201,631,941,0.3808235835027318,9.117274167987322,8.73645058448459,631,941,14.024835646457268,1369,43.24324324324324,1369,0.5113221329437546,1369,32.505478451424395,1369,0.14609203798392986,1369,0.07304601899196493,1369,14.170927684441198,1369,79.15476870359794,76.98458023986294,1751,1751,1386,2.7417027417027415,69.75397973950795,68.16208393632417,691,691,60.33601168736304,1369,10.007304601899197,1369,25.785244704163624,1369,15.52903912841657,85.28301886792453,69.75397973950795,1060,691,8.254200146092037,1369,0.9495982468955442,1369,59.1672753834916,1369,6.281957633308985,1369,3.7253469685902116,1369,12.198685171658145,1369,2.7027027027027026,1369,1.3148283418553688,1369,1.168736303871439,1369,2.6296566837107376,1369,2.8487947406866327,1369,1.3878743608473338,1369,87.11131140153222,2219,12.708427219468229,2219,25.957638575935107,2219,53.67282559711582,2219,38.62100045065345,2219,75.93510590356016,2219,99.14104882459313,2212,98.5985533453888,2212,56.76756139348944,1751,15.913200723327305,2212,0.045207956600361664,2212,15.031416143064282,2069,1.9421768,294,2.6304348,4.8054934,1311.0,93.15068493150685,73,38.46153846153846,442,52.957012,8.889312977099237,1572,30.21374927787406,1731,11.611785095320624,1731,7.510109763142692,1731,6.123627960716349,1731,44.54072790294627,1731,0.2855511136493432,1751,49.857224443175326,1751,0.0,1751,0.0,1751,0.0,1751,0.0,1751,0.0,1751,0.0,1751,0.0,1751,0.0,1751,2.5316455696202533,2212,2.305605786618445,2212,1.9891500904159132,2212,1.5370705244122966,2212,5.018083182640145,2212,71.99074074074075,2160,7.175925925925926,2160,0.5092592592592593,2160,20.324074074074073,2160,79.67592592592592,2160,1.3513513513513513,74,22.778501628664497,63.998105163429656,2111,34.29654192325912,2111,50.41082648622523,2069,91.60839160839161,143,12.74864376130199,2212,8.516483516483516,364,50.0,450,37.111111111111114,450,10.0,450,4.444444444444445,450,450,4.915555555555556,82.14731585518102,17.85268414481898,5.867665418227216,801,801,801
021002,4473,2288,31.052984574111335,4473,60.786943885535436,4473,8.160071540353231,4473,39.10127431254192,4473,11.804158283031523,4473,26.0,29.483791,95.49825174825175,2185,11.066398390342052,4473,24.368432819137045,4473,1.8779342723004695,4473,64.50901066568592,51.08495770503862,13.424052960647296,26.277897768178544,380.54794520547944,5.785401950891355,2973,9.218054672600127,1573,93.51305812973884,1187,98.1981981981982,1110,76.09756097560975,205,40.732265446224254,437,6.964618249534451,2685,21.48975791433892,2685,52.700186219739294,2685,18.845437616387336,2685,71.54562383612662,2685,74.30167597765363,2685,7.289483244028698,9.218054672600127,1.9285714285714286,1573,1400,1.4696647060726384,19.527449617790133,18.057784911717494,1439,1246,-1.1623675260486088,8.861709520500348,10.024077046548957,1439,1246,19.79670861568248,2066,59.14811229428848,2066,2.1297192642787994,2066,7.115198451113263,2066,0.6776379477250726,2066,2.1297192642787994,2066,20.47434656340755,2066,69.93702353331123,67.71627444481273,3017,3017,2110,3.175355450236967,59.79962429555417,57.79586725109581,1597,1597,35.57599225556631,2066,16.892545982575026,2066,42.69119070667957,2066,21.538403873459913,81.33802816901408,59.79962429555417,1420,1597,8.61568247821878,2066,3.0493707647628265,2066,22.942884801548885,2066,8.712487899322362,2066,8.131655372700871,2066,22.362052274927397,2066,3.484995159728945,2066,6.340755082284608,2066,12.633107454017425,2066,1.2584704743465633,2066,2.420135527589545,2066,2.2749273959341725,2066,78.04605410239213,4473,19.29353901184887,4473,14.934048736865638,4473,33.109769729488036,4473,49.34048736865638,4473,66.64431030628214,4473,99.0202779676464,4389,98.72408293460926,4389,58.070931388796815,3017,26.384142173615857,4389,0.6379585326953748,4389,12.740322994104076,3901,2.0054586,916,2.6657183,10.805029,3739.0,86.0248447204969,322,51.10410094637224,1585,45.17918,9.401117318435753,2685,33.48322379799377,2891,21.342096160498098,2891,5.1539259771705295,2891,6.5375302663438255,2891,33.48322379799377,2891,1.756711965528671,3017,50.778919456413654,3017,0.033145508783559825,3017,0.033145508783559825,3017,0.961219754723235,3017,0.0,3017,0.0,3017,0.0,3017,0.0,3017,0.0,3017,2.7796764638869904,4389,2.096149464570517,4389,2.5518341307814993,4389,1.3214855320118477,4389,5.240373661426293,4389,68.88940520446097,4304,13.940520446096654,4304,1.5566914498141264,4304,15.613382899628252,4304,84.38661710037175,4304,6.790123456790123,162,21.12035010940919,80.72890664003994,4006,17.548676984523215,4006,41.68162009741092,3901,94.87704918032787,488,4.420141262246525,4389,4.406364749082007,817,43.06930693069307,1616,19.863861386138613,1616,37.56188118811881,1616,9.653465346534654,1616,1616,2.7159653465346536,92.95282469423412,7.047175305765876,3.26150262085032,1717,1717,1717
021003,2110,1043,34.2654028436019,2110,62.843601895734594,2110,2.890995260663507,2110,44.40758293838863,2110,5.213270142180095,2110,22.0,24.782465,102.30105465004794,1067,11.848341232227488,2110,31.61137440758294,2110,0.7582938388625592,2110,59.125188536953246,54.52488687782805,4.600301659125188,8.437067773167358,1185.2459016393443,3.435672514619883,1368,4.867256637168142,678,86.72699849170438,663,99.47826086956522,575,74.80314960629921,127,14.379084967320262,306,3.669724770642202,1199,27.68974145120934,1199,60.55045871559633,1199,8.090075062552128,1199,68.64053377814845,1199,72.89407839866556,1199,2.8382711299217647,4.867256637168142,2.028985507246377,678,690,0.18030050083472382,8.180300500834724,8.0,599,600,-0.5427740678909299,8.335559265442404,8.878333333333334,599,600,14.834205933682373,1146,68.760907504363,1146,0.5235602094240838,1146,5.5846422338568935,1146,0.17452006980802792,1146,0.6108202443280978,1146,15.008726003490402,1146,83.47826086956522,81.95652173913044,1380,1380,1152,1.8229166666666667,77.03488372093024,76.01744186046511,688,688,79.14485165794066,1146,4.18848167539267,1146,11.8673647469459,1146,12.849509342653576,89.88439306358381,77.03488372093024,692,688,2.006980802792321,1146,1.3089005235602094,1146,79.05759162303664,1146,1.3961605584642234,1146,2.7923211169284468,1146,7.591623036649215,1146,0.5235602094240838,1146,1.4834205933682374,1146,0.08726003490401396,1146,0.08726003490401396,1146,0.2617801047120419,1146,0.8726003490401396,1146,81.84834123222748,2110,4.597156398104265,2110,12.417061611374407,2110,22.748815165876778,2110,66.49289099526067,2110,67.01421800947867,2110,99.52403617325083,2101,99.04807234650167,2101,59.78260869565217,1380,51.30890052356021,2101,0.5711565920990005,2101,20.399352401511063,1853,2.1052632,494,2.5571659,8.439088,1576.0,81.13207547169812,212,34.33048433048433,702,38.242165,8.607172643869891,1199,19.103600293901543,1361,40.33798677443057,1361,3.085966201322557,1361,2.645113886847906,1361,34.82733284349743,1361,15.652173913043478,1380,17.753623188405797,1380,0.07246376811594203,1380,0.0,1380,7.246376811594203,1380,0.0,1380,0.0,1380,0.0,1380,0.0,1380,0.0,1380,1.3326987148976677,2101,1.142313184198001,2101,1.285102332222751,2101,1.0947168015230841,2101,3.141361256544503,2101,81.58022297624818,2063,1.0664081434803685,2063,0.3393116820164809,2063,17.014057198254967,2063,82.98594280174503,2063,23.232323232323232,99,19.962703962703962,75.18248175182482,1918,23.983315954118872,1918,34.48461953588775,1853,97.58064516129032,248,3.141361256544503,2101,8.428246013667426,439,54.861111111111114,720,7.083333333333333,720,26.52777777777778,720,3.4722222222222223,720,720,2.9180555555555556,99.01768172888016,0.982318271119837,0.09823182711198428,1018,1018,1018
021004,6610,3148,31.603630862329805,6610,65.32526475037821,6610,3.0711043872919817,6610,42.02723146747353,6610,5.128593040847202,6610,23.0,26.166113,109.97458703939009,3462,8.396369137670197,6610,29.152798789712556,6610,0.2723146747352496,6610,53.080129689671146,48.3788791106994,4.701250578971746,9.717568214456678,1029.064039408867,1.7631103074141048,4424,3.2555879494655007,2058,96.93579766536965,2056,98.89613647767185,1993,90.07633587786259,262,66.13588110403397,942,2.218782249742002,3876,16.382868937048503,3876,55.4953560371517,3876,25.90299277605779,3876,81.3983488132095,3876,84.49432404540764,3876,2.790668253776574,3.2555879494655007,0.46491969568892644,2058,2366,8.629635393966797,30.55400111919418,21.924365725227382,1787,2089,-0.0042024696742046785,10.653049804141018,10.657252273815223,1787,2089,42.42540168324407,2614,36.534047436878346,2614,2.9074215761285385,2614,5.58530986993114,2614,0.38255547054322875,2614,4.5524100994644225,2614,42.8079571537873,2614,59.409924005364324,58.00178810907465,4474,4474,2658,2.37020316027088,40.47047527604417,39.366298607777246,2083,2083,48.39326702371844,2614,9.984697781178271,2614,34.238714613618974,2614,35.43918595356688,75.90966122961105,40.47047527604417,2391,2083,7.995409334353481,2614,2.9839326702371842,2614,8.186687069625096,2614,4.208110175975516,2614,5.623565416985463,2614,12.62433052792655,2614,3.787299158377965,2614,5.661820964039785,2614,40.20657995409334,2614,3.404743687834736,2614,2.869166029074216,2614,1.9892884468247896,2614,57.62481089258699,6610,40.60514372163389,6610,33.66111951588502,6610,28.48714069591528,6610,44.160363086232984,6610,63.812405446293496,6610,99.74069554606467,6556,99.588163514338,6556,56.95127402771569,4474,38.30079316656498,6556,0.1525320317266626,6556,13.338884263114071,6005,2.152602,1422,2.6052487,11.31956,4744.0,94.43298969072166,485,32.320942883046236,2206,41.002266,10.655314757481941,3876,40.994219653179194,4325,16.184971098265898,4325,3.930635838150289,4325,4.300578034682081,4325,34.589595375722546,4325,3.576218149307108,4474,47.74251229324989,4474,0.044702726866338846,4474,0.022351363433169423,4474,0.3129190880643719,4474,0.0,4474,0.0,4474,0.022351363433169423,4474,0.0,4474,0.0,4474,2.5015253203172665,6556,0.9456985967053081,6556,1.5405735204392923,6556,0.5796217205613179,6556,4.087858450274558,6556,43.333848292909,6473,21.6900973273598,6473,23.652093310675113,6473,11.323961069056079,6473,88.67603893094392,6473,6.358381502890174,346,20.677658697444354,86.42880417073965,6138,12.658846529814271,6138,35.287260616153205,6005,99.09255898366607,551,3.8438071995118976,6556,2.3856858846918487,1509,50.49371633752244,2228,8.213644524236983,2228,31.552962298025136,2228,4.21903052064632,2228,2228,2.9425493716337523,96.67104686815594,3.3289531318440595,0.3066141042487954,2283,2283,2283
021005,2072,1000,23.793436293436294,2072,68.67760617760618,2072,7.528957528957529,2072,34.8938223938224,2072,10.907335907335908,2072,27.0,30.749035,107.2,1072,5.936293436293436,2072,30.453667953667953,2072,1.2548262548262548,2072,45.60787069571328,34.64511595221364,10.962754743499648,31.643002028397564,316.02564102564105,2.831402831402831,1554,3.485254691689008,746,90.50387596899225,516,82.86937901498929,467,81.25,64,30.584192439862544,291,4.641044234952864,1379,21.464829586656997,1379,60.62364031907179,1379,13.270485859318347,1379,73.89412617839014,1379,77.08484408992024,1379,1.2575319194117802,3.485254691689008,2.227722772277228,746,808,-2.67079016936718,11.872146118721462,14.542936288088642,657,722,-1.0195571240044359,9.028919330289193,10.04847645429363,657,722,9.141494435612083,1258,59.37996820349762,1258,1.5103338632750398,1258,15.977742448330684,1258,0.4769475357710652,1258,0.794912559618442,1258,9.618441971383147,1258,80.95846645367412,78.84984025559105,1565,1565,1267,2.6045777426992895,75.89880159786951,74.70039946737683,751,751,63.990461049284576,1258,9.45945945945946,1258,22.257551669316374,1258,9.72773402866612,85.62653562653563,75.89880159786951,814,751,5.723370429252782,1258,2.46422893481717,1258,62.32114467408585,1258,4.133545310015898,1258,5.325914149443562,1258,10.651828298887123,1258,2.2257551669316373,1258,1.669316375198728,1258,1.669316375198728,1258,1.0333863275039745,1258,2.2257551669316373,1258,1.1128775834658187,1258,81.12934362934362,2072,7.335907335907336,2072,5.646718146718147,2072,23.6969111969112,2072,26.93050193050193,2072,63.706563706563706,2072,99.41605839416059,2055,99.02676399026764,2055,76.23003194888179,1565,7.639902676399027,2055,0.0,2055,4.188210961737332,1934,1.839779,362,2.7222223,6.258506,1470.0,73.17073170731707,82,37.526205450733755,477,49.436058,9.562726613488035,1379,31.894807821982468,1483,13.890761968981794,1483,4.383007417397168,1483,4.720161834120027,1483,45.111260957518546,1483,0.8945686900958466,1565,69.45686900958466,1565,0.06389776357827476,1565,0.0,1565,0.0,1565,0.0,1565,0.0,1565,0.0,1565,0.0,1565,0.0,1565,1.6058394160583942,2055,0.8759124087591241,2055,1.362530413625304,2055,0.9732360097323601,2055,2.7737226277372264,2055,81.55533399800598,2006,3.838484546360917,2006,0.8973080757726819,2006,13.70887337986042,2006,86.29112662013958,2006,6.1946902654867255,113,20.887417218543046,68.81665820213306,1969,28.542407313357035,1969,59.100310237849015,1934,92.56198347107438,121,2.238442822384428,2055,6.650246305418719,406,45.32224532224532,481,26.403326403326403,481,15.384615384615385,481,4.158004158004158,481,481,4.272349272349272,96.26865671641791,3.731343283582092,2.1321961620469083,938,938,938
021006,3526,1844,32.87010777084515,3526,60.66364152013613,3526,6.466250709018718,3526,41.34997163925128,3526,8.791832104367556,3526,24.0,27.25865,91.21475054229936,1682,12.195121951219512,3526,27.42484401588202,3526,1.6449234259784458,3526,64.84338475923329,54.18419822346891,10.659186535764375,19.672131147540984,508.3333333333333,4.12194074710176,2329,6.030969845150774,1227,90.81527347781218,969,98.29545454545455,880,73.18435754189944,179,40.19370460048426,413,6.168674698795181,2075,19.42168674698795,2075,59.903614457831324,2075,14.506024096385541,2075,74.40963855421687,2075,78.21686746987952,2075,4.03459960921611,6.030969845150774,1.9963702359346642,1227,1102,-2.2330587351839046,13.449222323879232,15.682281059063136,1093,982,-0.6536001177647801,9.079597438243367,9.733197556008147,1093,982,16.731517509727627,1799,61.64535853251807,1799,1.056142301278488,1799,7.337409672040022,1799,0.27793218454697055,1799,0.38910505836575876,1799,17.009449694274597,1799,77.75405636208369,75.87532023911187,2342,2342,1821,2.4162548050521693,71.40536149471974,69.78066612510155,1231,1231,50.52807115063924,1799,12.784880489160646,1799,31.51750972762646,1799,13.383117353165048,84.78847884788479,71.40536149471974,1111,1231,6.448026681489717,1799,1.500833796553641,1799,48.19344080044469,1799,6.614785992217898,1799,6.0589216231239575,1799,18.28793774319066,1799,3.11284046692607,1799,3.11284046692607,1799,2.3346303501945527,1799,0.6670372429127293,1799,2.056698165647582,1799,1.556420233463035,1799,92.65456608054453,3526,5.331820760068066,3526,9.75609756097561,3526,32.898468519568915,3526,52.24049914917754,3526,66.53431650595576,3526,98.82521489971347,3490,98.30945558739255,3490,38.343296327924854,2342,21.318051575931232,3490,0.6590257879656161,3490,8.586353248449234,3063,1.8012903,775,2.216698,6.2606454,2348.0,91.2133891213389,239,40.66749072929542,809,46.02225,9.388915662650602,2075,19.745502413339185,2279,29.66213251426064,2279,6.3624396665204035,2279,4.3878894251864855,2279,39.84203598069329,2279,1.6652433817250214,2342,27.327070879590092,2342,0.0,2342,0.0,2342,0.08539709649871904,2342,0.0,2342,0.0,2342,0.0,2342,0.0,2342,0.0,2342,1.4326647564469914,3490,1.174785100286533,3490,1.518624641833811,3490,0.6876790830945558,3490,3.180515759312321,3490,86.79189903140593,3407,2.6416201937188144,3407,0.7631347226298797,3407,9.803346052245377,3407,90.19665394775463,3407,9.67741935483871,155,21.04140127388535,89.86658195679797,3148,8.60864040660737,3148,27.946457721188377,3063,94.37939110070258,427,2.6361031518624642,3490,4.503105590062112,644,62.836185819070906,818,22.371638141809292,818,8.924205378973106,818,2.93398533007335,818,818,4.266503667481663,92.38031018206338,7.619689817936617,1.9554956169925826,1483,1483,1483
021101,2597,1349,25.067385444743934,2597,64.72853292260301,2597,10.204081632653061,2597,33.192144782441275,2597,14.285714285714286,2597,31.0,33.246437,92.51297257227576,1248,6.27647285329226,2597,22.10242587601078,2597,1.9638043896804005,2597,54.491374182034505,38.72694824509221,15.764425936942295,40.706605222734254,245.66037735849056,2.706923477355544,1921,3.865213082259663,1009,97.4512743628186,667,97.38461538461539,650,92.5,80,52.07373271889401,217,3.194523673702225,1753,17.39874500855676,1753,49.85738733599543,1753,29.54934398174558,1753,79.40673131774102,1753,82.25898459783228,1753,2.4397744857684347,3.865213082259663,1.4254385964912282,1009,912,-2.1861944611883963,28.509249183895538,30.695443645083934,919,834,-0.8837021786270665,10.317736670293797,11.201438848920864,919,834,22.501571338780643,1591,62.53928346951603,1591,1.6341923318667504,1591,4.965430546825895,1591,0.43997485857950974,1591,0.1257071024512885,1591,22.94154619736015,1591,82.39254272397721,81.30502330398757,1931,1931,1591,1.3199245757385292,79.48717948717949,78.69822485207101,1014,1014,21.810182275298555,1591,12.382149591451917,1591,62.09930861093652,1591,6.118054973016797,85.60523446019629,79.48717948717949,917,1014,13.199245757385292,1591,3.4569453174104336,1591,21.495914519170334,1591,6.599622878692646,1591,5.719673161533627,1591,29.666876178504086,1591,3.708359522313011,1591,12.382149591451917,1591,0.3142677561282212,1591,1.759899434318039,1591,2.576995600251414,1591,2.95411690760528,1591,77.97458606083943,2597,15.941470927993839,2597,34.77088948787062,2597,31.805929919137466,2597,56.29572583750481,2597,65.03658067000386,2597,99.34057408844065,2578,99.18541505042668,2578,45.41688244432936,1931,46.19860356865787,2578,0.8145849495733126,2578,16.62531017369727,2418,1.8854839,620,2.3731809,9.290099,2282.0,97.43589743589743,156,46.728971962616825,1070,46.39533,10.73816314888762,1753,25.460284061020516,1901,24.934245134139925,1901,7.469752761704366,1901,6.417674907943188,1901,35.718043135192005,1901,0.9321595028482651,1931,32.36664940445365,1931,0.0,1931,0.0,1931,3.314344899016054,1931,0.0,1931,0.0,1931,0.0,1931,0.0,1931,0.0,1931,3.491078355314197,2578,1.4352211016291698,2578,3.2195500387897593,2578,1.2024825446082235,2578,6.633048875096974,2578,69.57035869136776,2537,9.10524241229799,2537,1.2613322822230981,2537,20.063066614111154,2537,79.93693338588885,2537,3.5714285714285716,112,21.313343328335833,90.23993493289956,2459,8.662057747051646,2459,25.641025641025642,2418,98.75,160,5.624515128006206,2578,2.070393374741201,483,35.55956678700361,1108,20.216606498194945,1108,40.07220216606498,1108,10.108303249097473,1108,1108,2.3267148014440435,96.09856262833675,3.901437371663249,2.2587268993839835,1461,1461,1461
021102,2748,1480,22.925764192139738,2748,64.70160116448326,2748,12.372634643377001,2748,33.07860262008734,2748,16.885007278020378,2748,31.0,34.280567,85.67567567567568,1268,6.0771470160116445,2748,24.818049490538574,2748,2.328966521106259,2748,54.55568053993251,35.43307086614173,19.122609673790777,53.96825396825397,185.2941176470588,4.871060171919771,2094,7.329842931937173,1146,89.05775075987842,658,97.7815699658703,586,75.90361445783132,83,39.80263157894737,304,6.670224119530416,1874,22.73212379935966,1874,48.34578441835646,1874,22.25186766275347,1874,70.59765208110993,1874,73.2657417289221,1874,5.431108754721983,7.329842931937173,1.8987341772151898,1146,948,3.690487132352942,23.92578125,20.235294117647058,1024,850,-0.9408295036764702,9.0615234375,10.00235294117647,1024,850,19.87987987987988,1665,65.46546546546547,1665,1.5615615615615615,1665,4.744744744744745,1665,0.42042042042042044,1665,0.12012012012012012,1665,20.3003003003003,1665,79.49571836346337,78.44909609895338,2102,2102,1671,1.3165769000598444,76.54213727193745,75.58644656820157,1151,1151,46.666666666666664,1665,9.78978978978979,1665,40.54054054054054,1665,6.528314883688211,83.07045215562566,76.54213727193745,951,1151,8.94894894894895,1665,2.042042042042042,1665,46.606606606606604,1665,4.504504504504505,1665,5.105105105105105,1665,18.85885885885886,1665,4.024024024024024,1665,6.066066066066066,1665,0.06006006006006006,1665,2.1021021021021022,1665,1.6216216216216217,1665,3.1831831831831834,1665,85.08005822416303,2748,14.483260553129549,2748,19.941775836972344,2748,29.03930131004367,2748,52.29257641921397,2748,69.0684133915575,2748,99.30300807043287,2726,98.64269992663243,2726,55.09039010466223,2102,35.730007336757154,2726,1.540719002201027,2726,13.895394223263075,2562,1.7495987,623,2.5487924,9.67375,2636.0,94.44444444444444,162,52.67399267399267,1365,46.740658,9.488260405549626,1874,24.49181953396133,2017,20.92216162617749,2017,7.288051561725335,2017,8.180466038671295,2017,39.11750123946455,2017,2.188392007611798,2102,33.111322549952426,2102,0.09514747859181731,2102,0.0,2102,4.567078972407232,2102,0.0,2102,0.0,2102,0.0,2102,0.0,2102,0.0,2102,4.512105649303008,2726,2.6779163609684518,2726,4.145267791636097,2726,2.1643433602347764,2726,8.47395451210565,2726,77.49721500185666,2693,7.01819532120312,2693,1.3739324173783884,2693,14.110657259561828,2693,85.88934274043817,2693,9.523809523809524,147,20.90896551724138,90.5311778290993,2598,8.429561200923787,2598,25.565964090554253,2562,96.34146341463415,164,3.59501100513573,2726,8.433734939759036,498,30.830324909747294,1385,22.52707581227437,1385,49.96389891696751,1385,13.935018050541517,1385,1385,1.968231046931408,96.18671926364235,3.8132807363576546,1.8408941485864563,1521,1521,1521
021104,7636,3883,28.14300680984809,7636,66.56626506024097,7636,5.290728129910948,7636,36.55055002619172,7636,8.368255631220535,7636,27.0,29.183735,96.65207313932527,3753,8.014667365112624,7636,26.833420639078053,7636,0.7726558407543216,7636,50.2262443438914,42.27818217588039,7.948062168011017,18.799441600744533,531.9306930693069,3.554327808471455,5430,5.7602862254025045,2795,94.07153356197942,2041,98.4375,1920,78.64768683274022,281,47.18853362734289,907,4.363784665579119,4904,17.026916802610113,4904,47.73654159869494,4904,30.872756933115824,4904,78.60929853181077,4904,81.19902120717781,4904,4.545864973030588,5.7602862254025045,1.2144212523719164,2795,2635,-1.3129722187998425,30.23715415019763,31.55012636899747,2530,2374,-0.8878269527256748,10.228853754940712,11.116680707666386,2530,2374,26.164631388511985,4422,58.11849841700588,4422,1.7412935323383085,4422,6.671189507010403,4422,0.42966983265490727,4422,0.2261420171867933,4422,26.594301221166894,4422,81.28322639780018,80.07332722273144,5455,5455,4434,1.4884979702300405,75.28530670470757,73.85877318116975,2804,2804,27.996381727725012,4422,11.284486657620986,4422,56.10583446404342,4422,12.34200374417965,87.62731044888721,75.28530670470757,2651,2804,12.053369516056083,4422,3.7539574853007687,4422,27.74762550881954,4422,5.517865219357756,4422,5.608322026232474,4422,26.436001809136137,4422,6.354590682948892,4422,8.593396653098146,4422,0.24875621890547264,4422,1.7639077340569878,4422,4.454997738579828,4422,1.9900497512437811,4422,78.85018334206391,7636,12.244630696699843,7636,16.199580932425352,7636,36.52435830277632,7636,64.92928234677842,7636,65.87218438973285,7636,99.24930857368629,7593,99.01224812327143,7593,58.6801099908341,5455,59.265112603713945,7593,0.4741209008297116,7593,16.280400572246066,6990,1.9454738,1889,2.470039,8.896965,6328.0,95.7983193277311,595,45.91321897073663,2973,41.662968,10.658646003262643,4904,23.910196445275957,5345,28.568755846585596,5345,5.9869036482694105,5345,3.386342376052385,5345,38.14780168381665,5345,8.689275893675527,5455,38.918423464711275,5455,0.054995417048579284,5455,0.03666361136571952,5455,1.466544454628781,5455,0.01833180568285976,5455,0.09165902841429881,5455,0.1466544454628781,5455,0.0,5455,0.03666361136571952,5455,2.634005004609509,7593,1.066772026866851,7593,2.133544053733702,7593,1.1853022520742789,7593,4.780719083366258,7593,75.60975609756098,7503,7.676929228308676,7503,0.8796481407437026,7503,15.833666533386646,7503,84.16633346661335,7503,8.695652173913043,322,20.763127187864644,84.63914630721708,7122,14.406065711878686,7122,34.17739628040057,6990,95.35655058043118,603,3.318846305807981,7593,6.543967280163599,1467,42.76184122748499,2998,12.041360907271514,2998,37.32488325550367,2998,4.803202134756504,2998,2998,2.5326884589726486,95.0530035335689,4.946996466431102,0.5805148914689551,3962,3962,3962
021105,2890,1477,29.619377162629757,2890,66.0553633217993,2890,4.325259515570934,2890,39.20415224913495,2890,6.989619377162629,2890,25.0,27.492733,95.6668923493568,1413,8.546712802768166,2890,29.480968858131487,2890,0.726643598615917,2890,51.388161341016236,44.84023048716605,6.5479308538501835,14.602803738317757,684.8,3.0730478589420653,1985,4.657794676806084,1052,92.62782401902497,841,79.20410783055199,779,78.57142857142857,112,27.647058823529413,340,4.7266514806378135,1756,19.419134396355354,1756,55.29612756264237,1756,20.558086560364465,1756,75.85421412300683,1756,78.64464692482916,1756,3.3716210433655696,4.657794676806084,1.2861736334405145,1052,933,-3.071190327287887,19.123931623931625,22.195121951219512,936,820,-1.0542057535959977,9.426282051282051,10.480487804878049,936,820,20.59347181008902,1685,63.38278931750742,1685,1.7804154302670623,1685,5.519287833827893,1685,0.3560830860534125,1685,0.11869436201780416,1685,20.949554896142434,1685,83.91261171797419,82.82025819265144,2014,2014,1690,1.301775147928994,79.60710944808233,78.29747427502339,1069,1069,34.896142433234424,1685,9.792284866468842,1685,51.5727002967359,1685,9.175959334986459,88.78306878306879,79.60710944808233,945,1069,10.207715133531158,1685,1.9584569732937684,1685,34.1839762611276,1685,4.27299703264095,1685,5.222551928783383,1685,29.080118694362017,1685,3.916913946587537,1685,6.58753709198813,1685,0.712166172106825,1685,2.0178041543026706,1685,2.136498516320475,1685,3.2047477744807122,1685,83.11418685121107,2890,13.217993079584774,2890,23.252595155709344,2890,33.04498269896194,2890,60.27681660899654,2890,63.56401384083045,2890,99.33682373472949,2865,98.88307155322862,2865,44.93545183714002,2014,57.87085514834206,2865,0.6980802792321117,2865,17.963386727688786,2622,1.9031339,702,2.2669537,9.923667,2096.0,94.73684210526316,228,49.45226917057903,1278,38.67997,9.918564920273349,1756,17.386831275720166,1944,31.121399176954732,1944,7.304526748971194,1944,4.2181069958847734,1944,39.96913580246913,1944,2.135054617676266,2014,34.80635551142006,2014,0.14895729890764647,2014,0.0,2014,0.49652432969215493,2014,0.0,2014,0.0,2014,0.0,2014,0.0,2014,0.0,2014,2.5479930191972078,2865,1.5357766143106457,2865,2.8272251308900525,2865,1.849912739965096,2865,5.165794066317627,2865,80.10714285714286,2800,3.4285714285714284,2800,0.75,2800,15.714285714285714,2800,84.28571428571429,2800,5.0359712230215825,139,20.594855305466236,84.19872992155398,2677,14.456481135599551,2677,35.316552250190696,2622,95.47325102880659,243,3.944153577661431,2865,6.634304207119741,618,40.09111617312073,1317,8.656036446469248,1317,41.913439635535305,1317,4.403948367501898,1317,1317,2.1753986332574033,98.046875,1.953125,0.6510416666666666,1536,1536,1536
021201,15895,8072,30.110097514941806,15895,65.21547656495753,15895,4.674425920100661,15895,38.414595784838,15895,6.945580371185907,15895,26.0,27.876377,96.91526263627354,7823,8.43661528782636,15895,26.737967914438503,15895,0.7675369613085876,15895,53.33783523056145,46.17017171522284,7.167663515338607,15.524446301713331,644.1453566621803,4.414199006805223,10874,7.480314960629921,5588,96.10938194753224,4498,96.46079111727967,4323,86.96343402225754,629,47.22222222222222,1800,5.87696068445712,9818,22.591159095538806,9818,54.277856997351805,9818,17.254023222652272,9818,71.53188022000407,9818,74.56712161336321,9818,6.307405388174378,7.480314960629921,1.172909572455543,5588,5286,-4.76638466529071,14.932486100079428,19.69887076537014,5036,4782,-1.959813558190314,8.558379666401907,10.51819322459222,5036,4782,26.935580975316075,8305,56.38771824202288,8305,1.4087898856110777,8305,7.043949428055388,8305,0.6140878988561108,8305,0.1444912703190849,8305,27.549668874172184,8305,77.1704472988977,74.85651817436458,10977,10977,8471,2.998465352378704,69.89209269414471,68.12312046700866,5653,5653,21.56532209512342,8305,31.005418422636964,8305,42.131246237206504,8305,15.006479807733584,84.89857250187829,69.89209269414471,5324,5653,8.368452739313666,8305,2.8175797712221553,8305,20.854906682721253,8305,16.375677302829622,8305,14.533413606261288,8305,19.67489464178206,8305,6.959662853702588,8305,4.972907886815172,8305,0.7104154124021673,8305,0.9512341962673089,8305,3.25105358217941,8305,1.4449127031908489,8305,67.41113557722554,15895,11.884240327146902,15895,15.62126454860019,15895,43.73073293488518,15895,57.91129285938975,15895,68.43661528782636,15895,99.58060621465336,15737,98.95786998792654,15737,79.67568552427804,10977,43.08317976742708,15737,0.7879519603482239,15737,24.172162443595973,14405,2.0598803,3674,2.5167522,9.365236,12162.0,75.7085020242915,1235,44.07812716442721,7219,39.841393,9.512935424730088,9818,33.989822842065585,10612,24.029400678477195,10612,3.7410478703354695,10612,3.995476818695816,10612,34.244251790425935,10612,1.7491117791746378,10977,66.79420606723149,10977,0.0455497859160062,10977,0.009109957183201239,10977,0.3097385442288421,10977,0.0,10977,0.0,10977,0.0,10977,0.009109957183201239,10977,0.0,10977,1.7856008133697656,15737,0.8070153142276164,15737,1.4996505051788778,15737,0.9722310478490183,15737,3.5966194319120546,15737,70.2872299133135,15458,6.087462802432397,15458,0.6986673567085004,15458,22.926639927545608,15458,77.07336007245439,15458,8.882521489971346,698,21.480319803198032,57.87074829931973,14700,41.01360544217687,14700,63.79729260673377,14405,97.97297297297297,1332,7.409290207790558,15737,3.5175879396984926,3184,36.70299727520436,7340,9.155313351498638,7340,48.06539509536785,7340,5.640326975476839,7340,7340,2.1440054495912806,78.57364822871348,21.42635177128652,3.915475450590429,6436,6436,6436
021202,10955,5583,29.593792788680968,10955,65.88772250114103,10955,4.518484710178001,10955,37.91875855773619,10955,7.092651757188499,10955,27.0,28.435875,96.22066989073974,5372,8.160657234139663,10955,25.00228206298494,10955,0.5476951163852122,10955,51.77334441673594,44.91548905513993,6.85785536159601,15.26835286859963,654.9494949494949,2.4297346992382454,7614,4.069329314242653,3981,97.2744970798183,3082,94.22948632421614,2998,90.31413612565446,382,56.353135313531354,1212,2.91247997670016,6867,16.16426387068589,6867,53.29838357361293,6867,27.624872579001018,6867,80.92325615261394,6867,83.12217853502257,6867,3.436243710058783,4.069329314242653,0.63308560418387,3981,3633,0.26346608194925025,27.751330159619155,27.487864077669904,3571,3296,-1.1649294274536253,10.224026883225987,11.388956310679612,3571,3296,34.95505023796933,5673,52.176978670897235,5673,2.0800282037722546,5673,4.95328750220342,5673,0.722721664022563,5673,0.035254715318173806,5673,35.67777190199189,5673,75.87736464448793,73.48988910632747,7665,7665,5816,3.1464924346629988,68.937125748503,66.49201596806387,4008,4008,6.5750044068394145,5673,27.904107174334566,5673,60.67336506257712,5673,14.546604084693612,83.4837298331966,68.937125748503,3657,4008,12.444914507315353,5673,3.98378283095364,5673,6.363476114930372,5673,16.79887184910982,5673,10.964216463952054,5673,27.49867794817557,5673,9.90657500440684,5673,7.473999647452847,5673,0.21152829190904285,5673,1.9390093424995594,5673,3.6841177507491625,5673,2.4854574299312535,5673,67.73162939297124,10955,16.56777727065267,10955,21.49703331811958,10955,42.199908717480604,10955,63.04883614787768,10955,72.60611592879964,10955,99.4309838472834,10896,98.96292217327459,10896,63.3529028049576,7665,77.98274596182085,10896,0.8535242290748899,10896,41.94483310013992,10006,1.8356013,2719,2.2397108,8.773679,8024.0,90.78455790784558,803,41.384051329055914,4364,41.593033,10.783165865734674,6867,32.43207245604688,7508,23.015450186467767,7508,5.740543420351625,7508,3.462972828982419,7508,35.34896110815131,7508,2.583170254403131,7665,55.25114155251141,7665,0.0,7665,0.01304631441617743,7665,0.43052837573385516,7665,0.0,7665,0.0,7665,0.0,7665,0.0,7665,0.0,7665,2.8634361233480177,10896,0.972834067547724,10896,1.633627019089574,10896,0.7525697503671072,10896,4.579662261380323,10896,67.11984356085297,10739,9.814694105596423,10739,0.921873545022814,10739,22.143588788527797,10739,77.8564112114722,10739,4.9800796812749,502,21.860786856895807,80.39600078415997,10202,18.83944324642227,10202,42.21467119728163,10006,97.19101123595506,890,5.203744493392071,10896,2.6175687666370897,2254,41.992720655141035,4396,10.259326660600546,4396,37.67060964513194,4396,4.845313921747043,4396,4396,2.478616924476797,50.40889075277836,49.59110924722164,8.597190186621933,4769,4769,4769
021203,2894,1527,25.881133379405668,2894,65.54941257774706,2894,8.569454042847271,2894,33.06841741534209,2894,12.888735314443677,2894,29.0,32.115757,89.52193844138834,1367,7.118175535590877,2894,24.80995162404976,2894,1.8659295093296475,2894,52.5566684238271,39.48339483394834,13.073273589878756,33.11081441922563,302.01612903225805,4.564705882352941,2125,7.745865970409051,1149,97.74330042313117,709,94.66089466089466,693,93.47826086956522,92,69.25465838509317,322,5.921388463501787,1959,16.743236345074017,1959,45.89076059213885,1959,31.444614599285348,1959,77.33537519142419,1959,79.53037263910159,1959,6.92619383926151,7.745865970409051,0.819672131147541,1149,976,-8.059721886463251,27.782974742750234,35.842696629213485,1069,890,-2.1354305714676123,9.639850327408793,11.775280898876405,1069,890,20.11904761904762,1680,65.89285714285714,1680,1.0119047619047619,1680,6.845238095238095,1680,0.17857142857142858,1680,0.0,1680,20.297619047619047,1680,79.13736521331458,78.01218940459447,2133,2133,1688,1.4218009478672986,75.23809523809524,74.45887445887446,1155,1155,15.416666666666666,1680,12.142857142857142,1680,67.73809523809524,1680,8.504236050248323,83.74233128834356,75.23809523809524,978,1155,13.214285714285714,1680,1.8452380952380953,1680,15.297619047619047,1680,7.678571428571429,1680,4.464285714285714,1680,39.82142857142857,1680,4.523809523809524,1680,8.214285714285714,1680,0.11904761904761904,1680,1.9047619047619047,1680,6.5476190476190474,1680,1.3095238095238095,1680,73.35867311679337,2894,17.829993089149966,2894,21.28541810642709,2894,45.54250172771251,2894,63.54526606772633,2894,65.58396682791984,2894,99.40931202223767,2878,99.0271021542738,2878,87.9043600562588,2133,29.95135510771369,2878,1.389854065323141,2878,10.919970082273748,2674,1.7548872,665,2.5671785,11.614836,2669.0,89.47368421052632,190,38.888888888888886,1008,48.072422,10.610005104645227,1959,42.142857142857146,2100,19.428571428571427,2100,2.9523809523809526,2100,5.714285714285714,2100,29.761904761904763,2100,0.3750586029067042,2133,83.68495077355837,2133,0.04688232536333802,2133,0.0,2133,0.0,2133,0.0,2133,0.0,2133,0.0,2133,0.0,2133,0.0,2133,2.3280055594162614,2878,1.320361362056984,2878,2.1542738012508686,2878,1.18137595552467,2878,4.551772063933287,2878,64.18539325842697,2848,13.764044943820224,2848,0.7724719101123596,2848,21.278089887640448,2848,78.72191011235955,2848,1.8691588785046729,107,22.299552906110282,72.49631811487481,2716,26.50957290132548,2716,67.95063575168287,2674,98.03921568627452,204,5.281445448227936,2878,1.7509727626459144,514,43.280632411067195,1012,19.1699604743083,1012,28.359683794466402,1012,7.213438735177865,1012,1012,2.843873517786561,81.8830242510699,18.116975748930102,3.9229671897289586,1402,1402,1402
021301,9664,5003,28.63203642384106,9664,63.97971854304636,9664,7.388245033112582,9664,37.4896523178808,9664,10.72019867549669,9664,26.0,29.307533,93.16410153907655,4661,9.188741721854305,9664,28.94246688741722,9664,1.593543046357616,9664,56.29953097202006,44.75173863820152,11.547792333818535,25.80411998554391,387.53501400560225,3.8140643623361146,6712,6.3402207755448625,3533,93.18897637795276,2540,96.28221377270808,2367,79.31873479318735,411,50.496562261268146,1309,5.6170493969932265,6053,19.428382620188337,6053,50.25607136956881,6053,24.698496613249628,6053,74.95456798281843,6053,77.33355360978027,6053,5.333614924648354,6.3402207755448625,1.0066058508965083,3533,3179,-5.178435963705269,22.243166823751178,27.421602787456447,3183,2870,-1.8929056912758444,9.200125667609173,11.093031358885018,3183,2870,17.325581395348838,5160,67.26744186046511,5160,0.872093023255814,5160,6.9186046511627906,5160,0.29069767441860467,5160,0.05813953488372093,5160,17.61627906976744,5160,77.21219295649601,75.21456052086415,6758,6758,5218,2.5871981602146414,72.20196353436185,70.37868162692847,3565,3565,22.46124031007752,5160,16.899224806201552,5160,56.60852713178294,5160,10.604174893448985,82.80613842781084,72.20196353436185,3193,3565,10.155038759689923,5160,2.131782945736434,5160,22.093023255813954,5160,9.689922480620154,5160,7.189922480620155,5160,36.22093023255814,5160,4.4186046511627906,5160,4.244186046511628,5160,0.3682170542635659,5160,1.182170542635659,5160,5.077519379844961,5160,1.550387596899225,5160,82.25372516556291,9664,10.699503311258278,9664,15.914735099337749,9664,48.70653973509934,9664,56.09478476821192,9664,74.0376655629139,9664,99.1982276611457,9479,98.5863487709674,9479,83.97454868304231,6758,26.880472623694484,9479,0.7701234307416394,9479,12.908098059718833,8607,1.7714826,2118,2.5366943,10.570234,7909.0,80.55152394775037,689,46.60141381185427,3678,42.894238,10.097637535106559,6053,34.05709079866383,6586,21.242028545399332,6586,3.659277254782873,6586,4.691770422107501,6586,36.34983297904646,6586,1.287363125184966,6758,78.30719147676828,6758,0.0739863865048831,6758,0.0,6758,0.1331754957087896,6758,0.0,6758,0.0,6758,0.0,6758,0.0,6758,0.0,6758,2.204873931849351,9479,1.4558497731828253,9479,1.8672855786475366,9479,1.1604599641312374,9479,4.240953687097795,9479,73.59974149073675,9284,6.118052563550194,9284,0.4631624299870745,9284,19.81904351572598,9284,80.18095648427402,9284,6.278026905829597,446,21.680534155110426,74.12151439582861,8822,24.676944003627295,8822,61.81015452538632,8607,95.18348623853211,872,5.897246544994197,9479,4.187604690117253,1791,41.73773987206823,3752,16.631130063965884,3752,38.19296375266524,3752,7.835820895522388,3752,3752,2.5263859275053306,84.18582824964805,15.814171750351946,3.965274519005162,4262,4262,4262
021305,13440,6799,29.672619047619047,13440,64.3452380952381,13440,5.982142857142857,13440,39.88095238095238,13440,8.392857142857142,13440,24.0,27.886234,97.67612884247683,6641,8.504464285714286,13440,30.052083333333332,13440,1.3318452380952381,13440,55.411655874190565,46.11470860314524,9.296947271045328,20.160481444332998,496.0199004975124,3.621945992284612,9332,6.255265374894693,4748,95.08239602406488,3823,89.353507565337,3635,81.15079365079364,504,46.17010036978341,1893,4.744569833758039,8241,19.851959713626986,8241,51.328722242446304,8241,24.074748210168668,8241,75.40347045261497,8241,78.41281397888606,8241,5.360850017128549,6.255265374894693,0.8944153577661431,4748,4584,-4.057649165509247,22.104269874970512,26.16191904047976,4239,4002,-1.7194509610021598,9.347015805614532,11.066466766616692,4239,4002,22.77097902097902,6864,60.99941724941725,6864,1.1655011655011656,6864,8.537296037296038,6864,0.4224941724941725,6864,0.11655011655011654,6864,23.193473193473192,6864,73.90098164746053,72.19376867264191,9372,9372,6926,2.310135720473578,70.21142976763659,68.5367385388319,4777,4777,17.613636363636363,6864,15.952797202797203,6864,61.421911421911425,6864,7.525240526161014,77.7366702937976,70.21142976763659,4595,4777,8.843240093240093,6864,3.7441724941724943,6864,17.3513986013986,6864,8.581002331002331,6864,7.153263403263403,6864,30.477855477855478,6864,9.688228438228439,6864,9.527972027972028,6864,0.26223776223776224,6864,1.5442890442890442,6864,3.554778554778555,6864,1.5005827505827505,6864,70.51339285714286,13440,13.444940476190476,13440,20.163690476190474,13440,43.45982142857143,13440,60.729166666666664,13440,70.6547619047619,13440,99.38539949033128,13342,98.9132064158297,13342,75.85360648740931,9372,45.45795233098486,13342,0.9893569180032978,13342,17.928548017043592,12204,2.0463207,3044,2.6663532,10.554862,11246.0,82.88461538461539,1040,47.817460317460316,5040,41.514088,10.18201674554059,8241,32.2013540074252,9158,19.862415374535924,9158,4.520637693819611,9158,4.61891242629395,9158,38.79668049792531,9158,1.4831412718736663,9372,68.82202304737515,9372,0.04268032437046521,9372,0.0,9372,0.07469056764831412,9372,0.0,9372,0.010670081092616303,9372,0.0,9372,0.0,9372,0.010670081092616303,9372,2.5858192175086194,13342,1.1917253785039723,13342,1.866286913506221,13342,1.071803327836906,13342,4.594513566181981,13342,72.8303897685749,13136,6.364190012180268,13136,1.2713154689403168,13136,19.534104750304508,13136,80.46589524969549,13136,5.956112852664577,638,21.245765765765764,75.855421686747,12450,23.301204819277107,12450,54.4821370042609,12204,96.13356766256591,1138,5.478938689851597,13342,3.2246506628448586,2791,42.6293271100739,5142,13.943990665110851,5142,38.623103850641776,5142,7.176196032672112,5142,5142,2.5947102294826916,89.3471961820351,10.652803817964895,2.6930288051815237,5867,5867,5867
021306,7464,3732,30.117899249732048,7464,62.848338692390136,7464,7.033762057877814,7464,37.741157556270096,7464,10.168810289389068,7464,26.0,29.215033,100.0,3732,9.793676312968918,7464,26.312968917470524,7464,1.5005359056806002,7464,59.11319548070774,47.921551907908764,11.191643572798977,23.35409252669039,428.1904761904762,2.8388100330546373,5143,4.320987654320987,2592,95.5005055611729,1978,83.53626257278984,1889,83.96946564885496,262,33.64485981308411,856,3.1762950330419955,4691,21.85035173736943,4691,64.48518439565125,4691,10.488168833937326,4691,74.97335322958857,4691,78.12833084630142,4691,2.9881769918356875,4.320987654320987,1.3328106624852998,2592,2551,-1.3461329420571158,9.817254568635784,11.1633875106929,2353,2338,-1.3084977516280656,9.017849553761156,10.326347305389222,2353,2338,19.754016064257026,3984,53.6144578313253,3984,1.104417670682731,3984,17.494979919678716,3984,0.050200803212851405,3984,0.20080321285140562,3984,19.80421686746988,3984,77.6661514683153,75.9273570324575,5176,5176,4020,2.2388059701492535,70.75038284839204,69.2572741194487,2612,2612,47.03815261044177,3984,18.27309236947791,3984,31.275100401606426,3984,13.961005607146191,84.71138845553823,70.75038284839204,2564,2612,4.543172690763052,3984,1.2299196787148594,3984,44.653614457831324,3984,12.32429718875502,3984,5.923694779116466,3984,11.772088353413654,3984,11.596385542168674,3984,2.183734939759036,3984,2.3845381526104417,3984,0.9538152610441767,3984,1.606425702811245,3984,1.3052208835341366,3984,88.78617363344051,7464,6.69882100750268,7464,9.311361200428724,7464,40.51446945337621,7464,31.229903536977492,7464,69.61414790996784,7464,98.83956281203616,7411,98.5022264201862,7411,90.53323029366307,5176,11.455943867224397,7411,0.9715288085278639,7411,4.322464851929404,6686,2.1302707,1589,2.9064934,9.751719,6686.0,84.82142857142857,560,35.88461538461539,2600,44.738846,9.670006395224899,4691,45.620581304006286,5092,14.257659073055773,5092,2.022780832678712,5092,4.556166535742341,5092,33.54281225451689,5092,0.23183925811437403,5176,79.67542503863987,5176,0.019319938176197836,5176,0.0,5176,0.03863987635239567,5176,0.0,5176,0.0,5176,0.0,5176,0.0,5176,0.0,5176,1.3493455673998112,7411,0.9985157198758602,7411,1.335852111725813,7411,0.9175549858318716,7411,2.8606126028875996,7411,82.10858239649026,7294,3.180696462846175,7294,0.37016726076227036,7294,14.34055387990129,7294,85.6594461200987,7294,4.3478260869565215,299,21.301616915422887,70.47255650132081,6814,27.971822717933666,6814,68.86030511516601,6686,91.03448275862068,725,2.077992173795709,7411,2.297200287150036,1393,45.10102935569958,2623,17.003431185665267,2623,34.845596645062905,2623,8.425467022493327,2623,2623,2.825390773922989,83.58445678033307,16.41554321966693,5.114988104678826,2522,2522,2522
021307,3701,1902,24.993245068900297,3701,66.19832477708728,3701,8.808430154012429,3701,32.50472845176979,3701,12.64523101864361,3701,29.0,32.294785,94.58464773922188,1799,8.186976492839774,3701,25.047284517697918,3701,1.8643609835179682,3701,51.06122448979592,37.755102040816325,13.306122448979592,35.24324324324324,283.74233128834356,2.770497940846125,2671,3.821656050955414,1413,93.89221556886227,835,74.36224489795919,784,75.0,132,50.130548302872064,383,2.93398533007335,2454,16.299918500407497,2454,60.47269763651182,2454,20.293398533007334,2454,80.76609616951916,2454,83.82233088834556,2454,2.2318309317185303,3.821656050955414,1.589825119236884,1413,1258,1.5340090690850872,21.012269938650306,19.47826086956522,1304,1150,-0.8452854094425177,10.0329754601227,10.878260869565217,1304,1150,28.10958904109589,1825,48.87671232876713,1825,1.1506849315068493,1825,10.684931506849315,1825,0.4931506849315068,1825,0.273972602739726,1825,28.602739726027398,1825,72.02072538860104,66.65433012583271,2702,2702,1946,7.451181911613566,66.55003498950315,62.56123163051085,1429,1429,30.52054794520548,1825,19.17808219178082,1825,43.945205479452056,1825,11.61178747711115,78.1618224666143,66.55003498950315,1273,1429,9.917808219178083,1825,1.8630136986301369,1825,28.876712328767123,1825,15.616438356164384,1825,3.5616438356164384,1825,15.287671232876713,1825,14.63013698630137,1825,2.5205479452054793,1825,1.643835616438356,1825,1.4794520547945205,1825,2.7945205479452055,1825,3.0684931506849313,1825,81.43744933801675,3701,9.862199405566063,3701,12.185895703863821,3701,35.04458254525804,3701,43.01540124290732,3701,63.90164820318833,3701,99.38990571270105,3606,99.16805324459234,3606,73.68615840118431,2702,25.901275651691623,3606,0.5823627287853578,3606,12.733856366928183,3314,1.6721312,793,2.5144928,10.39716,3097.0,88.38383838383838,198,40.98690835850957,993,50.649548,10.429095354523227,2454,37.06400919892679,2609,15.484860099655041,2609,5.44269835185895,2609,7.090839402069759,2609,34.91759294748946,2609,0.7772020725388601,2702,61.8060695780903,2702,0.0,2702,0.0,2702,0.07401924500370097,2702,0.0,2702,0.0,2702,0.0,2702,0.0,2702,0.0,2702,3.050471436494731,3606,1.663893510815308,3606,2.856350526899612,3606,1.7748197448696617,3606,5.379922351636162,3606,70.05665722379604,3530,6.062322946175637,3530,0.39660056657223797,3530,23.48441926345609,3530,76.51558073654391,3530,1.4705882352941178,136,22.303413400758533,77.42983751846381,3385,20.738552437223042,3385,50.3922751961376,3314,96.57534246575342,292,9.20687742651137,3606,3.6850921273031827,597,46.08523290386521,1009,24.578790882061448,1009,20.515361744301288,1009,5.550049554013875,1009,1009,3.5738354806739348,71.83441558441558,28.16558441558442,7.792207792207792,1232,1232,1232
021401,2747,1413,20.640698944302876,2747,65.78085183836913,2747,13.578449217327995,2747,27.557335274845286,2747,18.96614488532945,2747,34.0,36.289406,94.40905874026893,1334,5.351292318893338,2747,22.424463050600654,2747,2.548234437568256,2747,52.01992252351965,31.377974543442168,20.641947980077475,65.78483245149911,152.01072386058982,2.0027945971122496,2147,3.3568904593639575,1132,97.12746858168761,557,96.11829944547135,541,88.52459016393442,61,63.09963099630996,271,2.3641851106639837,1988,15.040241448692154,1988,41.14688128772636,1988,41.4486921529175,1988,82.59557344064386,1988,85.16096579476861,1988,2.864279621925534,3.3568904593639575,0.49261083743842365,1132,1015,-0.5988467632332402,41.16523400191022,41.76408076514346,1047,941,-0.7374412191302113,11.178605539637058,11.91604675876727,1047,941,31.956912028725313,1671,51.885098743267505,1671,2.0945541591861163,1671,5.9245960502693,1671,0.718132854578097,1671,0.2992220227408737,1671,32.675044883303414,1671,77.9842080817464,76.73014398513702,2153,2153,1679,1.6081000595592614,73.568281938326,72.2466960352423,1135,1135,14.721723518850988,1671,15.26032315978456,1671,62.657091561938955,1671,9.339380144188738,82.90766208251473,73.568281938326,1018,1135,17.953321364452425,1671,4.847396768402154,1671,14.542190305206462,1671,7.121484141232795,1671,7.779772591262717,1671,21.484141232794734,1671,6.1041292639138245,1671,13.046080191502094,1671,0.17953321364452424,1671,2.8126870137642133,1671,4.129263913824057,1671,3.4709754637941352,1671,81.39788860575173,2747,21.44157262468147,2747,22.13323625773571,2747,32.14415726246815,2747,52.457226064797965,2747,65.74444848926102,2747,98.89543446244477,2716,98.60088365243004,2716,53.78541569902462,2153,41.49484536082474,2716,1.6568483063328425,2716,18.79377431906615,2570,1.661017,590,2.3037848,8.0174265,2295.0,97.24137931034483,145,44.300278035217794,1079,50.433735,11.527665995975855,1988,28.659695817490494,2104,20.769961977186313,2104,7.224334600760456,2104,5.513307984790875,2104,37.832699619771866,2104,2.275894101254064,2153,39.99071063632141,2153,0.2786809103576405,2153,0.0,2153,3.437064561077566,2153,0.0,2153,0.0,2153,0.0,2153,0.0,2153,0.0,2153,4.160530191458027,2716,1.362297496318115,2716,3.4977908689248896,2716,0.9572901325478645,2716,7.474226804123711,2716,68.00445930880713,2691,14.938684503901895,2691,2.5641025641025643,2691,14.492753623188406,2691,85.5072463768116,2691,5.05050505050505,99,21.719821162444113,88.65820838139177,2601,9.650134563629374,2601,34.43579766536965,2570,97.26027397260275,146,6.406480117820324,2716,4.976303317535545,422,31.456657730116174,1119,27.345844504021446,1119,37.71224307417337,1119,11.61751563896336,1119,1119,2.4271671134941912,93.83791024782317,6.162089752176826,3.683858004018754,1493,1493,1493
021402,3077,1541,23.13942151446214,3077,66.36334091647709,3077,10.497237569060774,3077,31.1667208319792,3077,15.534611634709131,3077,33.0,34.47059,99.67553536664504,1536,5.914852128696783,3077,21.904452388690284,3077,2.0474488137796554,3077,50.68560235063663,34.86777668952008,15.817825661116553,45.36516853932584,220.43343653250773,2.877070619006103,2294,4.7495682210708114,1158,93.34257975034674,721,97.6225854383358,673,85.5421686746988,83,50.173010380622834,289,4.198473282442748,2096,23.759541984732824,2096,55.295801526717554,2096,16.74618320610687,2096,72.04198473282443,2096,76.04961832061069,2096,3.781258361915882,4.7495682210708114,0.9683098591549296,1158,1136,0.09271571431173697,16.79174484052533,16.699029126213592,1066,1030,-1.168079564290787,8.975609756097562,10.143689320388349,1066,1030,11.534603811434303,1994,73.31995987963892,1994,0.4012036108324975,1994,4.262788365095286,1994,0.15045135406218657,1994,0.05015045135406219,1994,11.68505516549649,1994,85.2752880921895,84.20827998292788,2343,2343,1998,1.2512512512512513,83.58714043993231,82.48730964467005,1182,1182,66.0481444332999,1994,5.1654964894684054,1994,26.479438314944833,1994,3.406830274968641,86.99397071490095,83.58714043993231,1161,1182,5.867602808425276,1994,1.3540621865596791,1994,65.34603811434303,1994,1.654964894684052,1994,3.4102306920762286,1994,12.888665997993982,1994,2.457372116349047,1994,4.764292878635907,1994,0.7021063189568706,1994,0.9528585757271816,1994,1.8054162487462386,1994,1.0030090270812437,1994,86.57783555411115,3077,10.367240818979525,3077,18.004549886252843,3077,32.98667533311667,3077,61.16347091322717,3077,69.02827429314267,3077,99.21285667431945,3049,98.9832732043293,3049,65.21553563807085,2343,32.83043620859298,3049,0.7215480485405051,3049,11.781108400139422,2869,1.919685,635,2.4865124,9.836703,2572.0,93.29268292682927,164,40.67796610169491,1180,49.584747,9.549618320610687,2096,27.971718957136545,2263,23.862129916040654,2263,5.921343349536014,2263,6.760936809544852,2263,35.483870967741936,2263,1.408450704225352,2343,40.204865556978234,2343,0.08536064874093043,2343,0.04268032437046521,2343,5.377720870678617,2343,0.0,2343,0.0,2343,0.0,2343,0.0,2343,0.0,2343,4.394883568383077,3049,2.1646441456215153,3049,3.6077402427025254,3049,1.541489012791079,3049,7.477861593965234,3049,78.92809587217045,3004,4.860186418109188,3004,0.5992010652463382,3004,15.612516644474034,3004,84.38748335552596,3004,8.474576271186441,118,21.360610263522886,86.04252400548697,2916,12.551440329218106,2916,37.05123736493552,2869,96.66666666666667,180,3.8373237126926862,3049,6.055045871559633,545,35.86321934945788,1199,22.852376980817347,1199,36.11342785654712,1199,10.258548790658882,1199,1199,2.542952460383653,97.60087241003272,2.3991275899672786,1.2540894220283534,1834,1834,1834
021501,4791,2196,31.35044875808808,4791,62.805259862241705,4791,5.844291379670215,4791,40.17950323523273,4791,9.016906700062618,4791,26.0,28.835526,118.16939890710383,2595,8.662074723439783,4791,24.46253391776247,4791,0.8766437069505323,4791,59.22233300099701,49.916915918909936,9.305417082087072,18.641810918774965,536.4285714285714,2.6405716060888476,3219,4.501385041551247,1444,93.20594479830149,1413,98.48139711465451,1317,77.90055248618785,181,34.75479744136461,469,2.902097902097902,2860,20.27972027972028,2860,53.74125874125874,2860,23.076923076923077,2860,76.81818181818181,2860,80.13986013986013,2860,3.374624478170965,4.501385041551247,1.1267605633802817,1444,1775,-2.4708289794496707,21.70846394984326,24.17929292929293,1276,1584,-0.830655694879832,9.728056426332289,10.558712121212121,1276,1584,33.57142857142857,2380,46.890756302521005,2380,2.142857142857143,2380,8.529411764705882,2380,0.8823529411764706,2380,0.21008403361344538,2380,34.45378151260504,2380,73.76039421004003,72.49769017554665,3247,3247,2395,1.7118997912317329,61.3013698630137,59.93150684931507,1460,1460,29.873949579831933,2380,19.537815126050422,2380,43.15126050420168,2380,22.638193651256024,83.93956351426972,61.3013698630137,1787,1460,11.974789915966387,2380,3.7394957983193278,2380,28.571428571428573,2380,10.210084033613445,2380,9.201680672268907,2380,16.30252100840336,2380,5.714285714285714,2380,7.142857142857143,2380,1.3025210084033614,2380,1.680672268907563,2380,4.7899159663865545,2380,1.8067226890756303,2380,81.94531413066166,4791,10.331872260488415,4791,27.38467960759758,4791,29.137967021498643,4791,47.338760175328744,4791,65.184721352536,4791,98.840885142255,4745,97.9768177028451,4745,54.32707114259316,3247,59.13593256059009,4745,1.4330874604847208,4745,23.614958448753463,4332,2.4041667,960,3.0007403,8.219176,4015.0,92.46376811594203,345,36.644093303235515,1329,43.813393,10.188111888111887,2860,21.689059500959694,3126,32.56557901471529,3126,6.078055022392834,3126,3.3909149072296865,3126,36.27639155470249,3126,6.375115491222667,3247,16.014782876501386,3247,0.12319063751154913,3247,0.030797659377887282,3247,0.21558361564521097,3247,0.09239297813366185,3247,0.24638127502309826,3247,0.030797659377887282,3247,0.0,3247,0.1539882968894364,3247,3.3298208640674396,4745,1.2223393045310853,4745,1.7492096944151738,4745,1.1801896733403583,4745,5.3319283456269755,4745,76.94944301628107,4668,6.4910025706940875,4668,0.4712939160239931,4668,16.088260497000856,4668,83.91173950299914,4668,14.210526315789474,190,19.761458333333334,89.5644283121597,4408,8.620689655172415,4408,22.206832871652818,4332,94.43099273607749,413,4.552160168598525,4745,6.863679694947569,1049,52.72596843615495,1394,15.710186513629843,1394,23.672883787661405,1394,4.734576757532281,1394,1394,3.403873744619799,95.3623188405797,4.637681159420296,1.3043478260869565,2070,2070,2070
021502,4435,2214,34.227733934611045,4435,58.66967305524239,4435,7.1025930101465615,4435,43.35963923337091,4435,9.943630214205186,4435,24.0,28.023449,100.31616982836495,2221,10.620067643742955,4435,24.284103720405863,4435,1.3528748590755355,4435,70.44581091468102,58.33973866256726,12.106072252113758,20.75098814229249,481.9047619047619,4.191201939729823,2887,5.653950953678474,1468,94.23752635277583,1423,98.806860551827,1341,80.3921568627451,204,44.5916114790287,453,5.50314465408805,2544,21.69811320754717,2544,47.16981132075472,2544,25.628930817610062,2544,72.79874213836477,2544,76.92610062893081,2544,2.9760087408525404,5.653950953678474,2.6779422128259336,1468,1419,3.221300634124031,27.237048665620094,24.015748031496063,1274,1270,-0.16116021211634113,9.918367346938776,10.079527559055117,1274,1270,34.74365355898457,2009,47.038327526132406,2009,1.3439522150323544,2009,9.457441513190641,2009,0.6470881035340965,2009,0.049776007964161276,2009,35.390741662518664,2009,70.98445595854922,68.18652849740933,2895,2895,2055,3.9416058394160585,61.54891304347826,59.23913043478261,1472,1472,27.227476356396217,2009,16.674962667994027,2009,50.572424091587855,2009,19.19599208652877,80.74490513000703,61.54891304347826,1423,1472,12.941762070681932,2009,5.823792931806869,2009,26.679940268790443,2009,7.665505226480836,2009,8.561473369835738,2009,17.620706819313092,2009,5.8735689397710305,2009,9.208561473369835,2009,0.547536087605774,2009,1.8914883026381284,2009,4.529616724738676,2009,3.086112493777999,2009,87.26042841037204,4435,16.52762119503946,4435,21.645997745208568,4435,32.153325817361896,4435,55.62570462232244,4435,74.90417136414882,4435,98.95430779722665,4399,98.31779949988633,4399,45.803108808290155,2895,43.919072516481016,4399,1.0229597635826324,4399,16.107723577235774,3936,2.1680162,988,2.9480426,9.8981085,4122.0,92.79538904899135,347,33.855526544821586,1149,46.364666,9.99882075471698,2544,20.83187696609577,2861,35.302341838518004,2861,5.312827682628452,2861,4.124432016777351,2861,34.428521495980426,2861,6.0449050086355784,2895,7.910189982728843,2895,0.24179620034542315,2895,0.03454231433506045,2895,0.20725388601036268,2895,0.03454231433506045,2895,0.0,2895,0.03454231433506045,2895,0.0,2895,0.0,2895,4.13730393271198,4399,1.523073425778586,4399,2.887019777222096,4399,1.9777222095930893,4399,6.956126392361901,4399,79.33012158752007,4359,7.754072034870383,4359,0.5964670796054141,4359,12.31933929800413,4359,87.68066070199588,4359,11.790393013100436,229,20.02865916069601,86.85770750988142,4048,11.981225296442688,4048,19.410569105691057,3936,94.81641468682506,463,2.796090020459195,4399,6.653620352250489,1022,58.333333333333336,1188,21.127946127946128,1188,18.013468013468014,1188,4.2087542087542085,1188,1188,3.702861952861953,85.78255675029868,14.217443249701319,0.41816009557945044,1674,1674,1674
021601,2753,1281,26.18961133309117,2753,64.220849981838,2753,9.589538685070831,2753,35.77915001816201,2753,13.185615691972394,2753,28.0,31.535053,114.91022638563622,1472,9.29894660370505,2753,26.480203414456955,2753,2.2520886305848165,2753,55.71266968325792,40.78054298642534,14.93212669683258,36.615811373092924,273.1060606060606,18.350930115635997,1989,29.148936170212767,940,93.29173166926677,641,98.16053511705685,598,84.6938775510204,98,35.82554517133956,321,24.846796657381617,1795,21.16991643454039,1795,44.06685236768802,1795,9.916434540389972,1795,53.98328690807799,1795,56.49025069637883,1795,20.474007666876254,29.148936170212767,8.674928503336512,940,1049,-2.3828171619525005,8.680555555555555,11.063372717508056,864,931,-2.8676104944901937,5.6157407407407405,8.483351235230934,864,931,7.434944237918216,1614,48.45105328376704,1614,0.43370508054522927,1614,16.666666666666668,1614,0.12391573729863693,1614,0.18587360594795538,1614,7.558859975216852,1614,81.2624254473161,79.32405566600397,2012,2012,1635,2.385321100917431,78.70563674321504,77.34864300626305,958,958,78.74845105328377,1614,6.629491945477076,1614,11.090458488228006,1614,4.880701017695785,83.58633776091082,78.70563674321504,1054,958,3.035935563816605,1614,0.8674101610904585,1614,77.13754646840148,1614,3.841387856257745,1614,2.7881040892193307,1614,6.009913258983891,1614,0.6815365551425031,1614,1.0532837670384139,1614,1.61090458488228,1614,1.0532837670384139,1614,0.3097893432465923,1614,0.9913258983890955,1614,73.4471485652016,2753,4.3952052306574645,2753,5.194333454413367,2753,56.592807845986194,2753,13.5125317835089,2753,67.85325099891028,2753,98.38591342626559,2726,97.54218635363169,2726,97.61431411530815,2012,6.603081438004402,2726,0.07336757153338225,2726,5.494949494949495,2475,1.9533899,472,2.937008,13.95973,2235.0,49.63503649635037,137,35.91455273698264,749,49.849133,7.103064066852368,1795,41.030823648307226,1979,9.90399191510864,1979,2.02122283981809,1979,3.8403233956543708,1979,43.20363820111167,1979,1.540755467196819,2012,0.1988071570576541,2012,0.0,2012,0.0,2012,0.0,2012,0.0,2012,0.0,2012,0.0,2012,0.0,2012,0.0,2012,3.7050623624358034,2726,3.1548055759354368,2726,3.4849596478356566,2726,3.888481291269259,2726,6.786500366837858,2726,73.14954682779457,2648,2.5302114803625377,2648,0.33987915407854985,2648,23.98036253776435,2648,76.01963746223565,2648,5.172413793103448,116,22.635574837310195,12.306470821754665,2519,85.51012306470821,2519,76.96969696969697,2475,88.84462151394422,251,5.1357300073367576,2726,5.676855895196507,458,53.16622691292876,758,25.725593667546175,758,17.54617414248021,758,4.353562005277045,758,758,3.5963060686015833,90.28248587570621,9.717514124293785,4.971751412429379,885,885,885
021701,6078,3113,21.948009213557093,6078,67.45640013162225,6078,10.595590654820665,6078,30.618624547548535,6078,15.79466929911155,6078,32.0,34.57552,95.24574365563765,2965,5.593945376768674,6078,24.169134583744654,6078,1.9743336623889438,6078,48.24390243902439,32.53658536585366,15.707317073170731,48.275862068965516,207.14285714285714,5.043103448275862,4640,8.779264214046822,2392,97.01166180758017,1372,96.69421487603306,1331,82.0,150,59.455128205128204,624,5.19326535451743,4217,22.788712354754566,4217,45.4588570073512,4217,26.559165283376807,4217,72.01802229072801,4217,75.26677732985534,4217,7.7116485556838335,8.779264214046822,1.0676156583629892,2392,2248,-2.955544963657676,25.137111517367458,28.092656481025134,2188,2029,-1.8930701356834145,9.119744058500913,11.012814194184328,2188,2029,21.497175141242938,3540,60.73446327683616,3540,1.9774011299435028,3540,8.841807909604519,3540,0.22598870056497175,3540,0.05649717514124294,3540,21.72316384180791,3540,76.9148251448187,75.1770006436387,4661,4661,3585,2.2594142259414225,73.38877338877339,71.85031185031185,2405,2405,14.63276836158192,3540,20.536723163841806,3540,60.25423728813559,3540,7.284985476474844,80.67375886524823,73.38877338877339,2256,2405,14.01129943502825,3540,3.8700564971751414,3540,14.491525423728813,3540,13.05084745762712,3540,7.401129943502825,3540,22.71186440677966,3540,7.994350282485875,3540,14.180790960451978,3540,0.14124293785310735,3540,1.497175141242938,3540,3.248587570621469,3540,1.6666666666666667,3540,75.38664034221783,6078,13.030602171767029,6078,20.516617308325106,6078,45.310957551826256,6078,60.79302402105956,6078,72.50740375123395,6078,98.88128235097679,5989,98.26348305226249,5989,66.63806050203819,4661,28.13491400901653,5989,1.8700951744865586,5989,15.91150442477876,5650,1.7691741,1356,2.4793906,10.170412,5516.0,91.875,320,43.70221327967807,2485,49.43179,10.030590467156747,4217,35.245001098659635,4551,18.039991210722917,4551,5.251593056471105,4551,6.2184135354867065,4551,35.245001098659635,4551,0.6650933276121004,4661,59.879854108560394,4661,0.0,4661,0.04290924694271615,4661,0.3003647285990131,4661,0.021454623471358077,4661,0.0,4661,0.0,4661,0.0,4661,0.0,4661,3.3895475037568876,5989,1.8533978961429287,5989,2.7884454833862082,5989,1.2689931541158792,5989,6.294873935548505,5989,70.94868332207967,5924,6.228899392302498,5924,1.0803511141120865,5924,21.74206617150574,5924,78.25793382849426,5924,5.179282868525896,251,21.974008207934336,74.50192240475359,5722,24.36211114994757,5722,58.86725663716814,5650,93.51032448377582,339,8.799465687093004,5989,3.0985915492957745,1065,32.03429462197973,2566,21.940763834762276,2566,40.72486360093531,2566,11.184723304754481,2566,2566,2.3339828526890103,92.03864090606262,7.961359093937375,4.596935376415723,3002,3002,3002
021703,3635,1704,13.645116918844566,3635,78.43191196698763,3635,7.9229711141678125,3635,20.825309491059148,3635,13.452544704264099,3635,36.0,36.7392,113.32159624413146,1931,2.861072902338377,3635,23.548830811554332,3635,1.1279229711141678,3635,27.499123114696598,17.397404419501928,10.101718695194668,58.064516129032256,172.22222222222223,4.138376980278047,3093,6.657323055360897,1427,93.0728241563055,563,97.90076335877863,524,83.63636363636364,55,45.81005586592179,358,5.698206120295462,2843,14.808301090397467,2843,65.4238480478368,2843,14.069644741470277,2843,79.49349278930707,2843,81.18185015828351,2843,4.676530738434126,6.657323055360897,1.9807923169267707,1427,1666,0.6836134951788004,14.438502673796792,13.754889178617992,1309,1534,-1.2208140812328239,9.356760886172651,10.577574967405475,1309,1534,22.19215155615697,2217,50.47361299052774,2217,0.36084799278304014,2217,13.216057735678845,2217,0.04510599909788002,2217,0.0,2217,22.23725755525485,2217,73.11654861558274,71.18480360592402,3106,3106,2271,2.642007926023778,67.59581881533101,66.06271777003484,1435,1435,31.980153360396933,2217,30.717185385656293,2217,33.8746053225079,2217,10.26175150184433,77.85757031717534,67.59581881533101,1671,1435,7.262065854758683,2217,1.0374379792512405,2217,31.980153360396933,2217,16.553901668921966,2217,14.163283716734325,2217,14.479025710419485,2217,7.983761840324763,2217,3.3829499323410013,2217,0.0,2217,0.31574199368516015,2217,1.6689219666215607,2217,1.8944519621109608,2217,91.63686382393398,3635,3.6038514442916094,3635,6.299862448418157,3635,39.97248968363136,3635,45.88720770288858,3635,68.50068775790922,3635,98.94415115309808,3599,98.44401222561822,3599,71.0560206052801,3106,16.56015559877744,3599,0.9447068630175048,3599,5.178826895565093,3495,0.9160959,584,1.6705141,9.239471,1591.0,78.26086956521739,69,45.20255863539445,469,52.402985,10.015476609215618,2843,24.909150974562273,3027,21.638586058804098,3027,5.979517674264949,3027,6.408985794516022,3027,41.06375949785266,3027,0.2897617514488088,3106,67.64327108821635,3106,0.0,3106,0.0,3106,0.0643915003219575,3106,0.0,3106,0.0,3106,0.0,3106,0.0,3106,0.0,3106,1.8894137260350097,3599,1.3892747985551541,3599,2.0561267018616283,3599,1.3892747985551541,3599,3.6121144762434008,3599,75.72955793123374,3461,2.484830973707021,3461,0.1444669170759896,3461,21.641144177983243,3461,78.35885582201676,3461,1.6528925619834711,121,22.823376623376625,64.55552399886396,3521,33.314399318375465,3521,48.89842632331903,3495,96.15384615384616,104,2.4729091414281745,3599,5.321507760532151,451,51.975051975051976,481,37.62993762993763,481,2.079002079002079,481,0.6237006237006237,481,481,7.482328482328482,93.67541766109785,6.324582338902147,2.4463007159904535,1676,1676,1676
022001,20847,10324,25.998944692281864,20847,68.92598455413248,20847,5.075070753585647,20847,36.85422362929918,20847,8.336930973281527,20847,26.0,28.844294,101.92754746222394,10523,7.737324315249197,20847,31.10759341871732,20847,0.8970115604163669,20847,45.08316514719187,37.72009186443037,7.3630732827615,19.52029520295203,512.2873345935727,2.426800316539172,15164,3.9004707464694013,7435,93.4295480440562,5266,78.00813008130082,4920,76.37130801687763,711,48.6878666255017,3239,3.308550185873606,13450,16.275092936802974,13450,48.825278810408925,13450,31.5910780669145,13450,80.41635687732342,13450,82.77323420074349,13450,2.8912845645571226,3.9004707464694013,1.0091861819122785,7435,7729,0.1575732829872507,31.670673076923077,31.513099793935826,6656,6794,-0.9347404330885851,10.40850360576923,11.343244038857815,6656,6794,29.38488873847195,11819,53.997800152297145,11819,1.742956256874524,11819,6.827988831542432,11819,0.39766477705389625,11819,0.11845333784584144,11819,29.782553515525848,11819,77.97961317302666,76.26764244641923,15304,15304,11934,2.195408077761019,73.42564239115963,71.77473039542005,7511,7511,20.331669345968358,11819,13.342922413063711,11819,60.859632794652676,11819,8.943150114935591,82.36879250609522,73.42564239115963,7793,7511,12.767577629241053,11819,4.01049158135206,11819,19.324815974278703,11819,5.846518317962603,11819,7.2679583721127,11819,26.998900076148573,11819,6.717996446399865,11819,10.136221338522718,11819,1.0068533716896522,11819,2.741348675860902,11819,4.551992554361621,11819,2.6228953380150606,11819,80.03549671415551,20847,15.690507027390032,20847,22.991317695591693,20847,33.27097424089797,20847,59.68724516717034,20847,64.48409843142898,20847,99.46350894151765,20690,99.18318028032866,20690,55.05750130684788,15304,47.02754954084099,20690,0.6186563557274045,20690,17.522262964903092,19090,1.7296846,4787,2.240417,9.205365,14535.0,95.14140681653372,1379,46.113119834710744,7744,41.63933,10.880669144981413,13450,22.80396357793251,14936,24.089448312801284,14936,5.965452597750402,14936,3.9434922335297267,14936,43.197643277986074,14936,4.92681651855724,15304,40.27051751176163,15304,0.1633559853633037,15304,0.032671197072660745,15304,1.2676424464192368,15304,0.019602718243596447,15304,0.04573967590172504,15304,0.013068478829064296,15304,0.0,15304,0.032671197072660745,15304,2.8322861285645238,20690,1.2518124697921702,20690,1.971967133881102,20690,1.0923151280811987,20690,5.00241662638956,20690,74.38304984760593,20342,7.9343230754104805,20342,0.9192803067544981,20342,16.763346770229084,20342,83.23665322977092,20342,5.995934959349594,984,21.067551828558116,86.12309905466502,19464,12.900739827373613,19464,34.866422210581455,19090,97.0625,1600,4.968583856935718,20690,4.447368421052632,3800,42.89520426287744,7882,11.78634864247653,7882,32.55518903831515,7882,4.174067495559503,7882,7882,2.624968282161888,94.55079605761941,5.449203942380592,1.3836239575435936,10552,10552,10552
030101,665482,346124,23.72671236787772,665482,67.50595808752152,665482,8.767329544600756,665482,32.57804117917539,665482,12.334518439266576,665482,29.0,31.97482,92.26693323779917,319358,6.390556018044064,665482,27.32185092910101,665482,1.9449060981363884,665482,48.13507256700205,35.14758258391951,12.98748998308254,36.95130369798033,270.62644613934356,2.1772763066839538,502876,3.4759247778466626,266145,96.96530334358768,158632,76.58986594546802,153818,88.51419367827663,19868,67.4848269515278,85843,2.553809436064826,455868,11.972983407477603,455868,35.943299376135194,455868,49.529907780322375,455868,85.47320715645758,455868,87.45448243789869,455868,2.7586549652745873,3.4759247778466626,0.7172698125720754,266145,236731,-0.5997334216100825,49.24930124415642,49.8490346657665,242574,213294,-0.8432505601128515,11.934811645106235,12.778062205219086,242574,213294,42.532455845651754,333376,42.723231426377424,333376,2.4779828181992705,333376,5.744264734114034,333376,0.9460789019005568,333376,0.0422945862929545,333376,43.47853474755232,333376,68.17557020249403,65.73449459797725,504163,504163,343716,3.5805723329725705,61.76649084424731,59.49216291545539,266936,266936,5.0456541562679975,333376,19.085657035899406,333376,70.21861201766174,333376,13.62079643755451,75.38728728180182,61.76649084424731,237227,266936,26.388522269149547,333376,6.086520925321559,333376,4.81018429641006,333376,11.110577846035708,333376,7.582129487425609,333376,25.038995008638896,333376,6.960309080437704,333376,7.879091476291035,333376,0.2354698598579382,333376,3.058408523708965,333376,5.850751103858706,333376,5.632679017085813,333376,63.14776357587433,665482,25.835860323795384,665482,34.44285495325193,665482,19.274300431867427,665482,55.065801930029664,665482,63.39179722366646,665482,99.13625361154241,661421,98.88452286818834,661421,27.816003951103117,504163,36.74996711625425,661421,2.196331837059906,661421,9.183081850085514,619193,1.4098513,168283,1.9615462,7.9074326,496887.0,96.8678524338724,37163,42.4292648277495,211175,46.411015,12.329356304895276,455868,32.340131004804846,498455,12.962855222637952,498455,6.900121375048901,498455,4.380535855794404,498455,43.416356541713895,498455,19.559348861380148,504163,5.268534184380845,504163,0.09619904673686883,504163,0.026975402796317858,504163,0.17672855802587656,504163,0.00912403329875457,504163,0.02300843179685935,504163,0.0033719253495397322,504163,0.009322381848727496,504163,0.015074489797942332,504163,3.099841099692934,661421,1.289647592078268,661421,2.1992044401372195,661421,0.9499244807769938,661421,5.443431641874087,661421,58.73167079561986,657148,19.62769421804525,657148,2.0175059499534354,657148,19.623129036381453,657148,80.37687096361854,657148,3.5525244299674266,29472,22.78356489981773,84.68722424936205,628965,14.184891051171368,628965,38.12446200134691,619193,97.65558397271953,42228,1.8765657576641805,661421,3.425634679179773,116358,43.28697506422992,212907,21.3581516812505,212907,22.434678051919384,212907,4.578055207203145,212907,212907,3.106619322051412,92.51992038415302,7.480079615846975,0.0,304462,304462,304462
030201,8857,4731,28.42949079823868,8857,61.962289714350234,8857,9.608219487411088,8857,38.21835836061872,8857,13.063113921192278,8857,27.0,31.054533,87.21200591841048,4126,7.31624703624252,8857,25.36976402845207,8857,2.133905385570735,8857,61.38848396501458,45.88192419825073,15.506559766763848,33.796664019062746,295.88719153936546,5.681455473986595,6266,8.091647331786543,3448,96.79937548790008,2562,97.98387096774194,2480,92.04892966360856,327,58.125623130608176,1003,5.889792231255646,5535,22.619692863595304,5535,32.91779584462511,5535,38.57271906052394,5535,71.49051490514906,5535,74.8509485094851,5535,5.359212981183278,8.091647331786543,2.7324343506032647,3448,2818,-0.5702183121537914,38.318670576735094,38.888888888888886,3069,2466,-1.0883332976575257,10.052785923753666,11.141119221411191,3069,2466,36.70224846695435,4403,46.5818759936407,4403,1.7942312059959118,4403,7.3131955484896665,4403,1.4308426073131955,4403,0.02271178741766977,4403,38.13309107426755,4403,70.6789632692002,69.08888535538242,6289,6289,4445,2.249718785151856,64.32697862507221,63.17157712305026,3462,3462,12.991142402907109,4403,18.169429934135817,4403,63.979105155575745,4403,14.130750416314413,78.45772904138663,64.32697862507221,2827,3462,21.53077447195094,4403,6.359300476947536,4403,12.900295253236429,4403,8.88030888030888,4403,9.084714967067908,4403,24.165341812400637,4403,4.814898932545991,4403,8.585055643879173,4403,0.09084714967067908,4403,1.7260958437429026,4403,10.424710424710424,4403,3.97456279809221,4403,80.80614203454894,8857,20.53742802303263,8857,29.919837416732527,8857,33.13763125211697,8857,68.0140002258101,8857,74.04312972789884,8857,99.363274587834,8795,99.19272313814668,8795,62.85577993321673,6289,27.743035815804433,8795,1.5690733371233656,8795,13.421666053245001,8151,1.7945014,2146,2.671589,10.472595,9014.0,96.96428571428571,560,45.16735614892817,2659,47.971794,10.537669376693767,5535,31.205901218729956,6236,19.91661321359846,6236,5.372033354714561,6236,5.837075048107762,6236,37.66837716484926,6236,57.815232946414376,6289,0.969947527428844,6289,0.03180155827635554,6289,0.01590077913817777,6289,0.09540467482906663,6289,0.0,6289,0.0,6289,0.0,6289,0.0,6289,0.0,6289,4.593519044911882,8795,2.012507106310404,8795,3.445139283683911,8795,1.5122228538942581,8795,7.5611142694712905,8795,73.57928505957837,8728,15.66223648029331,8728,0.9280476626947755,8728,9.830430797433547,8728,90.16956920256645,8728,6.873614190687362,451,21.259954233409612,61.40393197443011,8291,37.48643106983476,8291,64.23751686909581,8151,97.04968944099379,644,4.297896532120523,8795,3.8176033934252387,1886,52.028023598820056,2712,24.188790560471976,2712,20.50147492625369,2712,6.821533923303835,2712,2712,3.242994100294985,95.08530685001273,4.914693149987272,1.4514896867838045,3927,3927,3927
030202,2829,1330,22.4107458465889,2829,68.57546836337929,2829,9.013785790031813,2829,30.646871686108167,2829,13.821138211382113,2829,31.0,33.532345,112.70676691729324,1499,6.044538706256628,2829,24.920466595970307,2829,1.9441498762813716,2829,45.824742268041234,32.68041237113402,13.144329896907216,40.22082018927445,248.62745098039215,3.527256069628951,2183,5.642023346303502,1028,97.38058551617874,649,98.25949367088607,632,94.31818181818181,88,44.54545454545455,330,3.907815631262525,1996,16.683366733466933,1996,45.64128256513026,1996,33.76753507014028,1996,79.40881763527054,1996,81.81362725450902,1996,3.9970017012818575,5.642023346303502,1.645021645021645,1028,1155,0.8510826835084089,34.21610169491525,33.365019011406844,944,1052,-0.4080282915512008,10.849576271186441,11.257604562737642,944,1052,26.297814207650273,1464,52.11748633879781,1464,0.7513661202185792,1464,11.748633879781421,1464,1.4344262295081966,1464,0.0,1464,27.73224043715847,1464,68.80146386093321,66.46843549862763,2186,2186,1504,3.390957446808511,58.60058309037901,56.65694849368319,1029,1029,48.77049180327869,1464,13.251366120218579,1464,33.743169398907106,1464,19.273228491297736,77.87381158167675,58.60058309037901,1157,1029,15.846994535519126,1464,3.4153005464480874,1464,48.77049180327869,1464,6.6256830601092895,1464,6.4890710382513666,1464,9.631147540983607,1464,2.5273224043715845,1464,3.551912568306011,1464,0.0,1464,1.366120218579235,1464,6.079234972677596,1464,4.166666666666667,1464,92.15270413573701,2829,12.336514669494521,2829,16.542948038176036,2829,27.819017320607987,2829,53.057617532697066,2829,75.64510427712973,2829,99.50336998935794,2819,99.4324228449805,2819,10.018298261665143,2186,24.44129123802767,2819,0.9932600212841434,2819,14.123867069486405,2648,1.3792545,617,2.1308794,7.118809,2079.0,96.18320610687023,131,39.31240657698057,669,51.31241,11.064629258517034,1996,29.322268326417703,2169,15.583218072844629,2169,7.376671277086215,2169,4.426002766251729,2169,43.291839557399726,2169,8.645928636779505,2186,0.3202195791399817,2186,0.0,2186,0.04574565416285453,2186,0.04574565416285453,2186,0.0,2186,0.0,2186,0.0,2186,0.0,2186,0.0,2186,2.8733593472862715,2819,1.9510464703795671,2819,2.4122029088329193,2819,1.312522170982618,2819,5.0727208229868745,2819,76.0158216468896,2781,10.35598705501618,2781,0.7191657677094571,2781,12.909025530384755,2781,87.09097446961525,2781,5.714285714285714,105,22.280510018214937,95.73283858998144,2695,3.079777365491651,2695,9.214501510574019,2648,99.41520467836257,171,6.243348705214615,2819,2.73109243697479,476,49.04270986745214,679,26.95139911634757,679,12.665684830633284,679,3.3873343151693667,679,679,4.151693667157585,95.42109566639411,4.578904333605891,1.4717906786590351,1223,1223,1223
030401,4519,2224,21.81898650143837,4519,67.3821641956185,4519,10.798849302943129,4519,32.99402522682009,4519,14.450099579553,4519,26.0,32.057755,103.19244604316546,2295,5.930515600796636,4519,33.43660101792432,4519,3.1865456959504317,4519,48.407224958949094,32.38095238095238,16.026272577996718,49.49290060851927,202.04918032786884,3.6285714285714286,3500,6.322505800464037,1724,96.72619047619048,1008,98.35897435897436,975,90.37037037037037,135,75.21459227467811,932,3.6895674300254453,3144,16.125954198473284,3144,32.220101781170484,3144,47.96437659033079,3144,80.18447837150127,3144,82.47455470737914,3144,5.308992286950524,6.322505800464037,1.0135135135135136,1724,1776,-3.461153080996027,46.22279129321383,49.68394437420986,1562,1582,-1.2398534408381092,10.977592829705506,12.217446270543615,1562,1582,40.72188801480796,2161,42.017584451642755,2161,1.7584451642757983,2161,7.866728366496992,2161,0.8792225821378992,2161,0.09254974548819991,2161,41.60111059694586,2161,63.03357996585088,61.07000569151963,3514,3514,2215,3.115124153498871,60.13824884792627,58.00691244239631,1736,1736,18.047200370198983,2161,14.854234150856085,2161,57.88986580286904,2161,5.722268587394318,65.86051743532059,60.13824884792627,1778,1736,24.942156409069874,2161,4.997686256362795,2161,18.000925497454883,2161,5.969458583988894,2161,8.745950948634892,2161,13.095788986580287,2161,4.488662656177696,2161,9.99537251272559,2161,0.04627487274409996,2161,3.6557149467838963,2161,11.938917167977788,2161,3.2855159648310965,2161,76.27793759681346,4519,23.4343881389688,4519,39.16795751272405,4519,23.876963930073025,4519,54.61385262226156,4519,66.93958840451427,4519,99.33184855233853,4490,99.13140311804008,4490,52.248150256118386,3514,47.795100222717146,4490,2.071269487750557,4490,20.81854743316773,4227,1.3706896,1044,2.2298288,11.767954,3620.0,96.36363636363636,220,45.997191011235955,1424,48.31812,11.601463104325699,3144,30.718200173060282,3467,8.335736948370348,3467,4.384193827516585,3467,6.2013267955004325,3467,50.36054225555235,3467,45.87364826408651,3514,4.012521343198634,3514,0.14228799089356858,3514,0.028457598178713718,3514,0.028457598178713718,3514,0.0,3514,0.0,3514,0.0,3514,0.0,3514,0.0,3514,3.140311804008909,4490,1.78173719376392,4490,2.7839643652561246,4490,1.2026726057906458,4490,6.035634743875279,4490,61.58509205208801,4454,17.108217332734622,4454,9.968567579703636,4454,11.338123035473732,4454,88.66187696452627,4454,5.429864253393665,221,22.208510638297874,73.41565703634669,4292,25.582479030754893,4292,61.036195883605394,4227,97.33840304182509,263,6.23608017817372,4490,3.1724137931034484,725,38.90429958391123,1442,27.94729542302358,1442,32.73231622746186,1442,10.748959778085991,1442,1442,3.11373092926491,82.43167875069716,17.56832124930284,7.69659788064696,1793,1793,1793
030403,20257,10461,32.86271412351286,20257,63.34106728538283,20257,3.7962185911043096,20257,42.24712445080713,20257,6.002863207780027,20257,24.0,26.063286,93.64305515725074,9796,9.685540800710866,20257,29.056622402132597,20257,0.6368169027990325,20257,57.875457875457876,51.88216039279869,5.993297482659185,11.551750037554454,865.669700910273,5.8105795699724725,13441,9.434494429558596,7091,95.24963645176926,6189,97.16709075487701,5895,83.9390386869871,853,45.64653575398296,2699,6.654359318620458,11917,29.940421246958127,11917,44.80993538642276,11917,18.595284047998657,11917,63.40521943442141,11917,67.67642863136696,11917,7.67071490199954,9.434494429558596,1.763779527559055,7091,6350,-2.311202263219325,17.503974562798092,19.815176826017417,6290,5627,-1.7482595977886533,7.9222575516693166,9.67051714945797,6290,5627,37.88427698995963,9661,46.465169237139015,9661,2.308249663595901,9661,5.134044094814201,9661,1.4698271400476142,9661,0.0724562674671359,9661,39.354104130007244,9661,72.91311754684838,70.6910599214873,13501,13501,9844,3.0475416497358796,62.94059823058559,60.82010953517764,7121,7121,9.212296863678707,9661,31.16654590622089,9661,55.511851775178556,9661,21.103288916749833,84.04388714733543,62.94059823058559,6380,7121,8.404927026187766,9661,7.45264465376255,9661,8.912120898457717,9661,11.35493220163544,9661,19.583894006831592,9661,24.355656764310112,9661,8.37387434013042,9661,8.663699409998966,9661,0.3001759652209916,9661,1.0143877445399028,9661,1.9563192216126695,9661,2.0287754890798055,9661,79.399713679222,20257,12.51912918990966,20257,19.050204867453225,20257,28.024880288295403,20257,58.12805449967912,20257,71.1161573776966,20257,99.4287133631396,20130,99.19026328862394,20130,57.61795422561292,13501,72.72727272727273,20130,0.8743169398907104,20130,34.581752186107906,18183,2.040449,5167,2.4778514,9.977931,16767.0,92.04805491990847,1748,45.90208645847539,7333,39.11973,8.747755307543844,11917,28.796873825805967,13307,23.746900127752312,13307,4.967310438115278,13307,2.8856992560306605,13307,39.60321635229578,13307,44.93741204355233,13501,6.006962447226131,13501,0.0518480112584253,13501,0.007406858751203615,13501,0.12591659877046144,13501,0.0,13501,0.007406858751203615,13501,0.007406858751203615,13501,0.0,13501,0.01481371750240723,13501,2.001987083954297,20130,0.9090909090909091,20130,1.594634873323398,20130,0.9985096870342772,20130,4.028812717337307,20130,81.30351566434976,19854,5.580739397602498,19854,0.7202578825425607,19854,12.395487055505187,19854,87.60451294449481,19854,8.266129032258064,992,20.74230330672748,57.32946298984035,18603,41.622318980809546,18603,59.429137106088106,18183,97.48330765279918,1947,8.117237953303528,20130,4.499771585198721,4378,47.65055360518498,7406,9.100729138536321,7406,34.9176343505266,7406,3.5106670267350797,7406,7406,2.7180664326221984,60.40816326530612,39.59183673469388,27.346938775510203,8085,8085,8085
030501,4251,2174,24.79416607856975,4251,64.71418489767113,4251,10.491649023759116,4251,34.13314514231946,4251,14.255469301340861,4251,28.0,32.177605,95.53817847286109,2077,6.868972006586685,4251,27.805222300635144,4251,2.2582921665490474,4251,54.525627044711015,38.31334060341694,16.212286441294076,42.314990512333964,236.32286995515696,4.69735182849937,3172,7.645631067961165,1648,97.44318181818181,1056,96.50145772594752,1029,90.9090909090909,143,61.97654941373534,597,5.045550105115627,2854,20.322354590049056,2854,32.65592151366503,2854,41.97617379117029,2854,74.63209530483532,2854,76.80448493342676,2854,6.136444716255129,7.645631067961165,1.5091863517060367,1648,1524,-2.863698411315383,40.614562458249836,43.47826086956522,1497,1357,-1.4491483581262248,10.289245156980629,11.738393515106853,1497,1357,34.173297966401414,2262,47.92219274977896,2262,1.5915119363395225,2262,8.576480990274094,2262,0.3978779840848806,2262,0.08841732979664015,2262,34.57117595048629,2262,71.45100502512562,70.16331658291458,3184,3184,2275,1.8021978021978022,68.58006042296073,67.37160120845921,1655,1655,19.18656056587091,2262,22.325375773651636,2262,53.35985853227233,2262,5.978474567228943,74.55853499018967,68.58006042296073,1529,1655,22.192749778956674,2262,3.138815207780725,2262,19.09814323607427,2262,15.428824049513704,2262,6.852343059239611,2262,16.445623342175065,2262,6.012378426171529,2262,5.968169761273209,2262,0.08841732979664015,2262,1.6357206012378427,2262,12.20159151193634,2262,3.4482758620689653,2262,78.80498706186779,4251,23.594448365090567,4251,38.720301105622205,4251,28.605034109621265,4251,59.75064690661021,4251,69.23076923076923,4251,99.7165131112686,4233,99.40940231514293,4233,64.85552763819095,3184,39.617292700212616,4233,1.3701866288684148,4233,10.31947261663286,3944,1.5566038,954,2.3971539,11.135197,3691.0,96.51162790697674,258,45.940014630577906,1367,48.37747,10.978276103714085,2854,37.35209465941797,3127,11.160857051487048,3127,3.5817077070674768,3127,6.076111288775184,3127,41.82922929325232,3127,62.311557788944725,3184,0.1884422110552764,3184,0.031407035175879394,3184,0.0,3184,0.031407035175879394,3184,0.0,3184,0.0,3184,0.0,3184,0.0,3184,0.0,3184,2.7876210725253956,4233,1.1575714623198676,4233,2.5041341837939997,4233,0.9922041105598866,4233,5.386250885896527,4233,72.08859252202906,4199,15.908549654679685,4199,0.7620862110026196,4199,11.24077161228864,4199,88.75922838771136,4199,5.319148936170213,188,22.277268093781856,56.20328849028401,4014,42.800199302441456,4014,75.8367139959432,3944,98.26989619377163,289,5.17363571934798,4233,2.8758169934640523,765,44.654545454545456,1375,25.745454545454546,1375,25.745454545454546,1375,9.527272727272727,1375,1375,3.0785454545454547,73.35406946604458,26.645930533955422,5.598755832037325,1929,1929,1929
030701,8850,4636,28.80225988700565,8850,62.36158192090395,8850,8.836158192090396,8850,39.005649717514125,8850,12.203389830508474,8850,26.0,30.46452,90.89732528041415,4214,7.661016949152542,8850,25.570621468926554,8850,2.056497175141243,8850,60.355136800144955,46.18590324334119,14.16923355680377,30.678697528442527,325.9590792838875,5.634028892455858,6230,8.408953418027828,3306,97.29317575295464,2623,98.00156739811912,2552,91.48936170212765,329,61.57735085945399,989,5.854459237643626,5483,23.162502279773847,5483,41.87488601130768,5483,29.10815247127485,5483,70.98303848258253,5483,73.71876709830384,5483,5.912373390668047,8.408953418027828,2.496580027359781,3306,2924,0.8749037924179461,29.513770826249576,28.63886703383163,2941,2542,-1.0194960635482353,9.460047602856172,10.479543666404407,2941,2542,33.294582655196464,4301,48.24459428039991,4301,1.7670309230411532,4301,7.835387119274587,4301,0.8835154615205766,4301,0.4417577307602883,4301,34.178098116717045,4301,69.32927805346566,68.00064030734752,6247,6247,4331,1.9164165319787578,60.51838456901748,59.28270042194093,3318,3318,30.132527319228085,4301,16.600790513833992,4301,48.03534061846082,4301,18.79196025856873,79.3103448275862,60.51838456901748,2929,3318,12.578470123227156,4301,4.022320390606835,4301,29.6907695884678,4301,9.672169262962102,4301,6.510113926993722,4301,17.368053940943966,4301,8.5328993257382,4301,6.184608230644036,4301,0.4417577307602883,4301,1.6972797023947919,4301,3.72006510113927,4301,3.3713089979074633,4301,75.32203389830508,8850,29.943502824858758,8850,29.163841807909606,8850,26.836158192090394,8850,67.81920903954803,8850,74.8135593220339,8850,99.43097758051667,8787,99.11232502560601,8787,56.21898511285417,6247,38.75042676681461,8787,1.934676226243314,8787,8.318954892777915,8114,1.8104858,2079,2.5639606,10.770154,8310.0,95.84026622296173,601,41.425959780621575,2735,47.38647,9.932701076053256,5483,39.57357454369246,6191,13.27733807139396,6191,4.005814892586012,6191,5.0395735745436925,6191,38.10369891778388,6191,49.623819433327995,6247,0.6563150312149832,6247,0.0,6247,0.01600768368817032,6247,0.19209220425804385,6247,0.01600768368817032,6247,0.0,6247,0.0,6247,0.0,6247,0.0,6247,3.106862410378969,8787,1.5818823261636508,8787,2.9133947877546373,8787,1.3315124615909868,8787,5.986115852964607,8787,70.61855670103093,8730,17.846506300114548,8730,1.134020618556701,8730,10.400916380297824,8730,89.59908361970217,8730,6.828193832599119,454,21.576663452266153,67.0767004341534,8292,31.83791606367583,8292,60.5126941089475,8114,98.51411589895989,673,3.9831569363832937,8787,2.2268254790264113,1931,50.72463768115942,2760,22.86231884057971,2760,23.152173913043477,2760,6.666666666666667,2760,2760,3.1836956521739133,90.19916142557652,9.80083857442348,4.926624737945493,3816,3816,3816
030801,11136,5671,25.35021551724138,11136,63.07471264367816,11136,11.57507183908046,11136,33.39619252873563,11136,16.05603448275862,11136,30.0,33.17367,96.36748368894375,5465,7.480244252873563,11136,24.604885057471265,11136,2.4964080459770117,11136,58.54214123006834,40.19077448747153,18.35136674259681,45.66064470421537,219.00698215671062,3.600900225056264,7998,5.593742593031524,4219,96.31083202511773,2548,86.14506927465362,2454,90.40247678018576,323,63.75617792421746,1214,3.863013698630137,7300,20.383561643835616,7300,35.0958904109589,7300,40.657534246575345,7300,75.75342465753425,7300,79.0,7300,4.2177171894856125,5.593742593031524,1.3760254035459116,4219,3779,-2.206259972167416,39.623614333591135,41.82987430575855,3879,3421,-1.3138634123631263,10.405516885795308,11.719380298158434,3879,3421,30.143128125538887,5799,51.47439213657527,5799,1.5002586652871184,5799,8.553198827384032,5799,0.6380410415588894,5799,0.01724435247456458,5799,30.781169167097776,5799,72.68098845150875,71.24053147895194,8053,8053,5853,1.9818896292499573,67.81419476538552,66.5644895071917,4241,4241,18.86532160717365,5799,14.036902914295569,5799,62.14864631833075,5799,10.28129316745813,78.09548793284365,67.81419476538552,3812,4241,23.22814278323849,5799,3.948956716675289,5799,18.81358854974996,5799,6.77703052250388,5799,7.19089498189343,5799,21.710639765476806,5799,7.156406276944301,5799,7.087428867046042,5799,0.05173305742369374,5799,1.5519917227108122,5799,11.570960510432833,5799,3.569580962234868,5799,80.10955459770115,11136,17.76221264367816,11136,39.84375,11136,24.865301724137932,11136,64.49353448275862,11136,67.51077586206897,11136,99.1606043648573,10722,98.86215258347323,10722,60.834471625481186,8053,34.09811602313001,10722,2.322327923894796,10722,6.560016098199014,9939,1.5855291,2391,2.375955,11.051387,9302.0,98.58044164037855,634,38.12926274764534,3079,51.174732,11.021232876712329,7300,42.85533316442868,7894,9.399543957436027,7894,4.484418545730935,7894,5.5611857106663285,7894,37.69951862173803,7894,56.86079721842791,8053,0.5463802309698249,8053,0.03725319756612443,8053,0.0,8053,0.28560784800695393,8053,0.0,8053,0.0,8053,0.0,8053,0.0,8053,0.0,8053,2.732699123297892,10722,1.3243797798918113,10722,2.8912516321581796,10722,0.9326618168252192,10722,5.521357955605297,10722,72.01326385599242,10555,14.18285172903837,10555,0.5116058739933681,10555,13.292278540975841,10555,86.70772145902416,10555,7.159904534606206,419,23.03915171288744,63.962450592885375,10120,34.35770750988142,10120,70.85219841030285,9939,96.55172413793103,783,1.753404215631412,10722,3.2533333333333334,1875,49.757986447241045,3099,30.977734753146176,3099,15.779283639883834,3099,6.582768635043562,3099,3099,3.4598257502420133,81.93496587715777,18.065034122842235,5.881172219991971,4982,4982,4982
030803,2292,1064,21.68411867364747,2292,68.760907504363,2292,9.55497382198953,2292,39.79057591623037,2292,12.739965095986038,2292,25.0,30.72513,115.41353383458646,1228,6.762652705061082,2292,35.645724258289704,2292,1.7015706806282722,2292,45.431472081218274,31.53553299492386,13.895939086294415,44.06438631790744,226.9406392694064,3.316469926925239,1779,5.992509363295881,801,89.7196261682243,535,94.16666666666667,480,95.38461538461539,65,40.56399132321041,461,4.495159059474412,1446,23.374827109266942,1446,40.52558782849239,1446,31.604426002766253,1446,72.13001383125865,1446,77.10926694329184,1446,4.867764987017762,5.992509363295881,1.1247443762781186,801,978,-3.6760541822912707,29.748603351955307,33.42465753424658,716,730,-1.5879926532486426,9.483240223463687,11.07123287671233,716,730,36.13678373382625,1082,39.094269870609985,1082,2.310536044362292,1082,13.955637707948243,1082,1.5711645101663585,1082,0.18484288354898337,1082,37.707948243992604,1082,61.853932584269664,60.449438202247194,1780,1780,1101,2.270663033605813,63.84039900249377,62.593516209476306,802,802,31.97781885397412,1082,17.56007393715342,1082,46.950092421441774,1082,-3.615450127238148,60.22494887525562,63.84039900249377,978,802,13.585951940850277,1082,6.1922365988909425,1082,31.79297597042514,1082,5.730129390018484,1082,11.737523105360443,1082,14.972273567467653,1082,3.789279112754159,1082,6.931608133086876,1082,0.18484288354898337,1082,6.561922365988909,1082,3.142329020332717,1082,3.9741219963031424,1082,85.38394415357766,2292,17.713787085514834,2292,29.013961605584644,2292,26.17801047120419,2292,61.082024432809774,2292,73.60383944153578,2292,99.34065934065934,2275,98.76923076923077,2275,53.42696629213483,1780,64.43956043956044,2275,3.032967032967033,2275,29.09005186232909,2121,1.5758755,514,2.3412797,12.44635,1864.0,97.72727272727273,132,45.90984974958264,599,48.858097,10.284923928077456,1446,29.464788732394368,1775,11.661971830985916,1775,3.436619718309859,1775,4.225352112676056,1775,51.2112676056338,1775,46.29213483146067,1780,3.9887640449438204,1780,0.16853932584269662,1780,0.0,1780,0.056179775280898875,1780,0.0,1780,0.0,1780,0.0,1780,0.0,1780,0.0,1780,2.6373626373626373,2275,1.4065934065934067,2275,2.3736263736263736,2275,1.010989010989011,2275,5.054945054945055,2275,75.76158940397352,2265,11.52317880794702,2265,1.4569536423841059,2265,11.258278145695364,2265,88.74172185430463,2265,5.0,100,21.677824267782427,68.12267657992565,2152,31.366171003717472,2152,66.33663366336634,2121,94.8051948051948,154,2.3736263736263736,2275,3.970223325062035,403,45.77114427860697,603,26.3681592039801,603,19.90049751243781,603,7.296849087893864,603,603,3.772802653399668,76.03305785123968,23.966942148760324,9.917355371900827,847,847,847
030901,159042,82493,26.323235371788584,159042,65.91717910992065,159042,7.759585518290766,159042,35.736472126859574,159042,11.051797638359679,159042,27.0,30.544964,92.79454014279999,76549,7.169804202663447,159042,27.69079865695854,159042,1.5989487053734233,159042,51.70552100423519,39.933801365943,11.77171963829219,29.47808431864326,339.2350700915647,2.8556424119287853,116156,4.557610149039559,61326,96.53454624214858,41553,80.81419988532396,40113,85.06752900894045,5257,63.748553798688775,20744,3.159005853564917,104210,15.475482199405047,104210,38.85999424239516,104210,42.50551770463487,104210,81.36551194703003,104210,83.70501871221572,104210,3.605576590768539,4.557610149039559,0.9520335582710195,61326,54830,0.8640896753283798,42.91026589887539,42.04617622354701,55397,48813,-0.8579938075601365,11.092838962398686,11.950832769958822,55397,48813,40.83720688670181,77018,44.52595497156509,77018,1.8463216390973538,77018,6.340076345789296,77018,0.7530707107429432,77018,0.05712950219429224,77018,41.590277597444754,77018,67.84837086274712,65.62752271517151,116442,116442,79004,3.2732519872411525,60.8912661767575,58.847629576640436,61508,61508,10.13918824170973,77018,20.086213612402297,77018,64.51349035290451,77018,14.746772196563214,75.63803837332071,60.8912661767575,54934,61508,21.46641044950531,77018,5.436391492897764,77018,9.8756134929497,77018,12.221818276247111,77018,7.533303902983718,77018,23.221844244202654,77018,8.248721078189513,77018,7.970863953880911,77018,0.2635747487600301,77018,2.4643589810174245,77018,6.724402087823625,77018,4.309382222337636,77018,66.55726160385306,159042,24.619911721432075,159042,32.62157166031614,159042,22.0143106852278,159042,55.446360080984896,159042,67.23821380515838,159042,99.46811538291266,158117,99.26446871620382,158117,37.387712337472735,116442,54.2010030547,158117,1.5184957974158377,158117,12.453336603177199,146796,1.5639561,39230,2.2005033,9.047395,127230.0,97.00889248181083,9896,41.201402784053016,46479,46.44405,11.494731791574704,104210,34.29350279543008,115188,13.958919331874847,115188,5.802687779977081,115188,4.4891829009966315,115188,41.45570719172136,115188,29.30557702547191,116442,4.892564538568558,116442,0.07385651225502825,116442,0.016317136428436473,116442,0.17519451744216005,116442,0.007729169887154119,116442,0.010305559849538827,116442,0.006011576578897649,116442,0.012023153157795298,116442,0.007729169887154119,116442,2.909238095840422,158117,1.1902578470373204,158117,2.0889594414262858,158117,0.9018638097105308,158117,5.066501388212526,158117,64.3466017685584,156964,18.40103463214495,156964,1.5175454244285314,156964,15.734818174868122,156964,84.26518182513188,156964,4.293066088840737,7384,22.137097441841213,80.82008368200837,149375,18.39397489539749,149375,42.448704324368514,146796,97.78288137090362,11321,2.1958423192952052,158117,2.7391404426030057,30411,51.380719129002586,46751,20.79741609805138,46751,17.27449680220744,46751,4.021304357126051,46751,46751,3.3821094735941477,76.7536231884058,23.246376811594203,12.807134894091416,67275,67275,67275
030902,37558,19724,31.705628627722454,37558,61.75781458011609,37558,6.536556792161457,37558,41.594334096597265,37558,9.191117737898717,37558,24.0,27.746952,90.41776515919692,17834,9.28430693860163,37558,28.55050854678098,37558,1.4510889823739284,37558,61.92282819573184,51.338650571243804,10.584177624488037,20.61639234128317,485.05091649694504,5.806172256337585,25404,9.032820214928842,13772,95.30224827224215,11431,94.13438590049569,10894,81.75809649702578,1513,51.427406199021206,4904,6.632105827672507,22376,25.236860922416874,22376,41.548981051126205,22376,26.58205219878441,22376,68.13103324991062,22376,71.95656060064354,22376,7.046919252067769,9.032820214928842,1.9859009628610729,13772,11632,1.4046180200711618,27.22058341527368,25.815965395202518,12204,10172,-1.2280284192195765,8.914126515896427,10.142154935116004,12204,10172,35.56241426611797,17496,47.890946502057616,17496,1.5946502057613168,17496,7.687471422039323,17496,0.7373113854595336,17496,0.11431184270690443,17496,36.2997256515775,17496,69.54835677073133,67.68772768224372,25529,25529,17755,2.6753027316248943,61.06980437450372,59.423951490651845,13853,13853,26.38888888888889,17496,20.067443987197073,17496,48.98262459990855,17496,18.53793800302283,79.60774237752655,61.06980437450372,11676,13853,10.345221764974852,17496,4.801097393689986,17496,25.685871056241428,17496,11.059670781893004,17496,8.710562414266118,17496,19.33013260173754,17496,9.687928669410152,17496,6.561499771376314,17496,0.7030178326474623,17496,1.1202560585276635,17496,3.292181069958848,17496,2.7434842249657065,17496,78.47063208903562,37558,14.545502955428937,37558,30.323765908727836,37558,23.470365834176473,37558,60.32270088929123,37558,73.88572341445231,37558,99.56152077429014,37402,99.31287096946687,37402,58.1378040659642,25529,59.569007004972995,37402,1.0828297951981178,37402,14.777817067421028,33936,1.8032769,9460,2.3794913,9.99304,31622.0,93.68816103718868,2931,44.96224941421505,11523,43.425148,9.472381122631392,22376,34.129029699829495,25219,18.220389388952775,25219,4.2309369919505135,25219,4.464887584757524,25219,38.954756334509696,25219,48.278428453915154,25529,4.304908143679737,25529,0.039171138705002155,25529,0.00783422774100043,25529,0.21544126287751184,25529,0.0,25529,0.00783422774100043,25529,0.0,25529,0.0,25529,0.0,25529,2.1843751671033633,37402,1.2138388321480136,37402,1.9383990160953959,37402,0.9197369124645741,37402,4.312603604085343,37402,77.67561008494,37085,9.723607927733585,37085,0.9950114601590939,37085,11.605770527167317,37085,88.39422947283268,37085,7.282051282051282,1950,21.20570337668536,64.22415035600011,34691,35.02061053299126,34691,60.21334276284772,33936,98.00923254472013,3466,2.6014651622907867,37402,4.16717288300328,8231,54.83676457920579,11609,17.305538806098717,11609,21.37134981479886,11609,4.8582995951417,11609,11609,3.2218106641398916,70.21639702368762,29.78360297631238,6.997064646050925,14649,14649,14649
030903,58223,30250,25.065695687271354,58223,67.55234185802861,58223,7.381962454700033,58223,34.496676571114506,58223,10.684780928499046,58223,28.0,30.891365,92.47272727272727,27973,6.652010373907219,58223,27.743331673050168,58223,1.4547515586623843,58223,48.033357911062524,37.105591009636164,10.927766901426356,29.450459092777855,339.5532805956259,2.0275581449114535,43254,3.207431425817194,22822,97.93164247931642,14746,75.6180319922443,14441,94.67084639498432,1914,69.9057942960382,7749,2.299619302397366,38876,12.12573310011318,38876,36.8839386768186,38876,48.69070892067085,38876,85.57464759748946,38876,87.56044860582364,38876,2.4977603216668416,3.207431425817194,0.7096711041503524,22822,20432,0.9696099540922631,49.14710599212713,48.17749603803487,20577,18299,-0.7133807820242595,11.928075035233514,12.641455817257773,20577,18299,42.35623166655297,29318,41.58878504672897,29318,2.7900948222934714,29318,6.4772494713145505,29318,1.2245037178525138,29318,0.05116310798826659,29318,43.580735384405486,29318,69.31985972683647,67.19269102990033,43344,43344,30046,3.068628103574519,63.088421696752484,61.01665282573539,22879,22879,8.247493007708576,29318,19.909270755167473,29318,66.02769629579097,29318,13.197920839284656,76.28634253603714,63.088421696752484,20465,22879,24.926666211883486,29318,7.664233576642336,29318,8.042840575755509,29318,10.024558291834367,29318,9.478818473292858,29318,21.171294085544716,29318,7.845009891534211,29318,8.199740773586193,29318,0.20465243195306637,29318,1.8214066443822907,29318,5.26297837505969,29318,5.5597244013916365,29318,68.2960342132834,58223,23.507892070144102,58223,32.33945348058327,58223,19.670920426635522,58223,52.400254195077544,58223,65.47240781134603,58223,98.38996665918081,57887,98.11011107848049,57887,27.583979328165373,43344,59.90809680930088,57887,3.5534748734603623,57887,18.684877759887478,54033,1.4217728,14835,2.0049307,7.953918,43400.0,97.89473684210526,3325,38.9041586998088,16736,46.190907,12.263864595122955,38876,34.23471768548763,42860,13.390107326178255,42860,5.993933737750816,42860,3.8824078394773682,42860,42.49883341110593,42860,20.60262089331857,43344,3.5829641934293095,43344,0.09689922480620156,43344,0.020764119601328904,43344,0.24224806201550386,43344,0.002307124400147656,43344,0.03229974160206718,43344,0.0069213732004429675,43344,0.013842746400885935,43344,0.01614987080103359,43344,2.845198403786688,57887,1.1297873443087394,57887,1.9849016186708588,57887,0.9570369858517457,57887,5.035672949021369,57887,63.25491695044826,57556,18.875529918687885,57556,2.3055806518868582,57556,15.563972478976996,57556,84.43602752102301,57556,3.534451981435202,2801,22.654749903063202,85.42045537208118,54988,13.419291481777842,54988,39.72387244831862,54033,97.61286974571874,3854,2.0488192512999466,57887,3.6940298507462686,10720,48.66259415218552,16861,19.9039202894253,16861,17.003736433189015,16861,3.3568590237826936,16861,16861,3.4331890160725935,59.939651407472105,40.060348592527895,30.396633183785287,25187,25187,25187
030904,47439,24736,28.76957777356184,47439,64.83484053205169,47439,6.395581694386475,47439,38.453593035266344,47439,9.249773393199687,47439,25.0,28.704378,91.78120957309184,22703,7.974451400746221,47439,29.477855772676488,47439,1.424987879171146,47439,54.23805962870241,44.37363852131222,9.864421107390188,22.230363423212193,449.83520105471325,3.797317436661699,33550,6.06855739169272,17912,95.54163870871542,13413,81.03784627389777,12815,77.73006134969326,1630,62.63786070403384,6619,4.299416459856462,29818,17.86169427862365,29818,39.94902407941512,29818,37.88986518210477,29818,77.83888926151988,29818,80.53524716614126,29818,4.872752301527737,6.06855739169272,1.1958050901649828,17912,15638,0.5073997684180043,38.125,37.617600231581996,16000,13818,-1.0568950463163986,10.466625,11.5235200463164,16000,13818,42.299748563218394,22272,42.55567528735632,22272,1.818426724137931,22272,6.609195402298851,22272,0.7183908045977011,22272,0.05387931034482758,22272,43.01813936781609,22272,67.86404591275387,65.66356418567308,33629,33629,22822,3.2424853211813165,60.175907370296144,58.04386550879537,17964,17964,13.097162356321839,22272,19.823096264367816,22272,62.12733477011494,22272,16.504590555015056,76.6804979253112,60.175907370296144,15665,17964,20.40678879310345,22272,5.4642600574712645,22272,12.724497126436782,22272,11.170977011494253,22272,8.33782327586207,22272,21.96928879310345,22272,9.006824712643677,22272,7.3769755747126435,22272,0.37266522988505746,22272,1.5894396551724137,22272,9.074173850574713,22272,3.9017600574712645,22272,70.06049874575771,47439,22.424587364826408,47439,29.61065789751049,47439,24.87615674866671,47439,58.52146967684816,47439,71.47494677375155,47439,99.33319220999154,47240,99.07281964436918,47240,51.8659490320854,33629,65.84462320067739,47240,1.443691786621507,47240,16.52061914947446,43479,1.6426173,12211,2.2287354,8.960986,38344.0,95.86828207517863,3219,41.824209932279906,14176,43.989914,10.956402173183983,29818,34.08388123330031,33309,15.383229757723138,33309,5.079708186976493,33309,4.1700441322165185,33309,41.28313668978354,33309,39.93279609860537,33629,9.158761782984923,33629,0.07731422284337923,33629,0.038657111421689615,33629,0.1903119331529335,33629,0.0208153676886021,33629,0.014868119777572929,33629,0.0,33629,0.008920871866543757,33629,0.0029736239555145857,33629,2.5910245554614733,47240,1.0668924640135478,47240,1.8289585097375105,47240,0.8996613039796783,47240,4.578746824724809,47240,69.07548336211123,46911,17.01306729764874,46911,1.2598324486794141,46911,12.651616891560614,46911,87.34838310843938,46911,4.900718208702999,2367,21.683784298780488,74.67714259911496,44292,24.460399169150186,44292,49.025966558568506,43479,97.12842329167775,3761,2.3221845893310755,47240,3.4849559315165637,9871,52.71323271323271,14245,17.065637065637066,14245,19.592839592839592,14245,3.83994383994384,14245,14245,3.316251316251316,59.27927927927928,40.72072072072072,10.710121886592475,18870,18870,18870
030905,66505,34301,24.404180136831815,66505,67.83399744380122,66505,7.761822419366965,66505,33.293737312983986,66505,11.414179385008646,66505,29.0,31.569912,93.88647561295589,32204,6.414555296594241,66505,26.6235621381851,66505,1.6028870009773701,66505,47.418704142929975,35.97632611442378,11.442378028506196,31.805298829328404,314.41301820999615,1.9719043706538948,49901,3.0390959071472206,26192,97.89083394116217,16452,80.0931387767774,16105,94.40389294403893,2055,72.00974421437272,8210,2.143458793279248,45114,11.267012457330319,45114,37.23456133351066,45114,49.35496741587977,45114,86.58952874939044,45114,88.54679256993394,45114,2.24614808142703,3.0390959071472206,0.7929478257201906,26192,23709,0.9868710930567275,49.81981226952732,48.83294117647059,23864,21250,-0.5979035554416203,12.067884679852497,12.665788235294118,23864,21250,45.49386288185667,32833,39.868425060152894,32833,2.202052812718911,32833,6.252855358937654,32833,0.9289434410501629,32833,0.0578686078031249,32833,46.42280632290683,32833,67.5873923210681,65.26092778766015,50033,50033,33816,3.442157558552165,60.95481021814444,58.621083488788216,26267,26267,6.758444248164956,32833,20.101726921085493,32833,67.43824810404166,32833,13.963139794478643,74.91795001262308,60.95481021814444,23766,26267,26.69570249444157,32833,6.335089696342095,32833,6.526969816952456,32833,12.17981908445771,32833,7.556421892608046,32833,22.060122437791247,32833,7.699570554015777,32833,7.9401821338287695,32833,0.2314744312124996,32833,2.1441842049157858,32833,6.718849937562818,32833,6.006152346724332,32833,66.31230734531238,66505,30.1676565671754,66505,30.32854672581009,66505,17.884369596270957,66505,53.21554770318021,66505,63.36516051424705,66505,99.28266155216939,66217,99.05009287645167,66217,25.78098455019687,50033,69.16199767431324,66217,2.00703746771977,66217,18.644204547288247,61971,1.428639,16914,2.0158134,8.006936,50731.0,98.6468200270636,3695,38.506619224530375,19111,47.32777,12.349514563106796,45114,35.114688615868786,49569,12.665173798139966,49569,6.179265266598075,49569,4.228449232383142,49569,41.812423087010025,49569,19.543101552975035,50033,3.7195451002338458,50033,0.10393140527252014,50033,0.025982851318130034,50033,0.12991425659065017,50033,0.005996042611876162,50033,0.029980213059380808,50033,0.0159894469650031,50033,0.005996042611876162,50033,0.0159894469650031,50033,3.052086322243533,66217,1.2836582750653156,66217,2.1595662745216484,66217,1.0329673648760893,66217,5.403446244921999,66217,61.8747436695882,65833,22.626950009873468,65833,1.6025397596949857,65833,13.895766560843345,65833,86.10423343915666,65833,3.3774373259052926,2872,22.61612372490951,88.0182355370588,62954,10.930203005369,62954,34.6871923964435,61971,98.21008007536506,4246,2.1595662745216484,66217,3.144445366298847,12053,48.99010931806351,19210,21.03071317022384,19210,16.106194690265486,19210,3.6647579385736595,19210,19210,3.4470067673086935,57.43347338935574,42.56652661064426,28.067226890756302,28560,28560,28560
031001,191850,98846,25.28277299973938,191850,67.58926244461819,191850,7.127964555642429,191850,34.73494917904613,191850,10.367474589523065,191850,27.0,30.362383,94.08979624871012,93004,6.848058378941881,191850,28.93041438623925,191850,1.4271566327860308,191850,47.95249479447829,37.406493406339166,10.546001388139123,28.192969796928153,354.6983546617916,2.9397902260240727,142153,4.686869230562209,74314,97.16064911231622,48497,79.49490662139219,47120,89.41576306845768,6179,69.07748255900252,26948,3.3392520513442268,127843,14.883881010301698,127843,36.67232464820131,127843,45.104542290152764,127843,81.77686693835408,127843,83.97409322371972,127843,3.660910711126486,4.686869230562209,1.0259585194357228,74314,67839,0.7395909872054602,45.45630836242131,44.71671737521585,67038,60805,-0.8352756834261292,11.305781795399625,12.141057478825754,67038,60805,41.73001563202638,93398,42.87457975545515,93398,2.312683355103964,93398,6.603995802907985,93398,0.973254245272918,93398,0.0653118910469175,93398,42.7032698772993,93398,67.45375339352232,65.06373157676902,142551,142551,96156,3.5432006323058363,59.864794173272706,57.679771437769105,74553,74553,8.964860061243282,93398,20.28308957365254,93398,65.52816976808926,93398,15.909493305770802,75.77428747904351,59.864794173272706,67998,74553,22.541167905094326,93398,6.386646394997752,93398,8.735733099209833,93398,10.907085804835221,93398,9.01732371142851,93398,22.157862052720613,93398,8.819246664810809,93398,7.914516370800231,93398,0.22912696203344826,93398,2.641384183815499,93398,5.484057474464121,93398,4.849140238549006,93398,69.1759186864738,191850,23.452697419859266,191850,29.417253062288246,191850,21.164451394318476,191850,57.682043262965855,191850,66.82616627573626,191850,98.8715955345777,190889,98.60390069621613,190889,35.85173025794277,142551,56.73663752232973,190889,2.4951673485638253,190889,15.999527622818068,177824,1.4570451,49063,2.0571947,9.091097,145923.0,97.88474930362116,11488,41.75719393836199,58730,44.940098,11.703057656656993,127843,32.542565266742336,140960,14.35371736662883,140960,5.690976163450625,140960,3.9422531214528944,140960,43.470488081725314,140960,29.833533261779994,142551,2.8467004791267687,142551,0.08979242516713316,142551,0.025254119578256202,142551,0.17467432708293873,142551,0.005612026572945823,142551,0.026657126221492657,142551,0.004910523251327595,142551,0.010522549824273418,142551,0.018239086362073925,142551,2.7408598714436136,190889,1.0948771275453273,190889,1.9000571012473217,190889,0.9057619873329527,190889,4.889228818842364,190889,64.36867088607595,189600,18.10706751054852,189600,1.2943037974683544,189600,16.229957805907173,189600,83.77004219409282,189600,3.744302148903842,9214,22.27188765481801,80.0150425005945,180821,19.05530884134033,180821,44.96524653590067,177824,97.8262533486414,13065,2.7817213144811905,190889,3.2602537956038975,35304,47.352687845163906,59211,18.520207393896403,59211,21.33725152421003,59211,3.962101636520241,59211,59211,3.2238773200925506,71.30677951421112,28.693220485788885,20.104680945840602,80817,80817,80817
031002,4257,2193,26.59149635893822,4257,66.45525017618041,4257,6.953253464881372,4257,39.60535588442565,4257,10.335917312661499,4257,25.0,29.223396,94.11764705882354,2064,7.1411792342024905,4257,31.712473572938688,4257,1.5973690392295044,4257,50.47720042417816,40.0141392718275,10.463061152350654,26.148409893992934,382.43243243243245,6.098741529525653,3099,9.937888198757763,1610,92.34737747205503,1163,97.8584729981378,1074,73.2394366197183,142,45.070422535211264,710,8.036049568156216,2663,26.436349981224183,2663,41.381900112654904,2663,24.1457003379647,2663,65.5276004506196,2663,69.01990236575291,2663,7.9902723491942975,9.937888198757763,1.9476158495634655,1610,1489,-1.077605005035167,23.64149611856034,24.719101123595507,1417,1246,-1.636528917943206,8.328158080451658,9.964686998394864,1417,1246,25.917832167832167,2288,55.50699300699301,2288,1.0052447552447552,2288,10.664335664335665,2288,0.39335664335664333,2288,0.08741258741258741,2288,26.31118881118881,2288,74.38043128419697,72.4814934019955,3107,3107,2311,2.5530073561228903,71.62329615861215,70.26022304832713,1614,1614,30.594405594405593,2288,12.062937062937063,2288,52.40384615384615,2288,5.737721925781685,77.36101808439383,71.62329615861215,1493,1614,8.041958041958042,2288,3.4965034965034967,2288,30.463286713286713,2288,5.944055944055944,2288,5.90034965034965,2288,23.47027972027972,2288,9.265734265734265,2288,7.1678321678321675,2288,0.13111888111888112,2288,2.7097902097902096,2288,2.0104895104895104,2288,1.7919580419580419,2288,75.00587268029129,4257,16.27906976744186,4257,28.77613342729622,4257,37.63213530655391,4257,74.88841907446559,4257,78.62344373972282,4257,99.5042492917847,4236,99.17374881964118,4236,70.80785323463148,3107,35.599622285174696,4236,1.6288951841359773,4236,15.302491103202847,3934,1.7589743,975,2.6839974,12.39295,3970.0,97.45454545454545,275,47.32641660015962,1253,45.700718,9.093879083740143,2663,32.41132443865929,3073,15.489749430523919,3073,2.050113895216401,3073,5.011389521640091,3073,45.0374227139603,3073,65.0788542001931,3107,1.126488574187319,3107,0.0643707756678468,3107,0.0643707756678468,3107,0.2574831026713872,3107,0.0,3107,0.0,3107,0.0,3107,0.0321853878339234,3107,0.0,3107,2.289896128423041,4236,1.13314447592068,4236,1.959395656279509,4236,0.9915014164305949,4236,4.556185080264401,4236,79.4272076372315,4190,4.988066825775657,4190,0.8353221957040573,4190,14.749403341288783,4190,85.25059665871122,4190,7.792207792207792,231,21.14830508474576,52.32035928143713,4008,46.9311377245509,4008,72.089476359939,3934,96.6887417218543,302,7.0821529745042495,4236,2.528735632183908,870,48.229740361919745,1271,19.19748229740362,1271,23.682140047206925,1271,5.664830841856806,1271,1271,3.3328088119590875,87.37292669876939,12.62707330123061,4.280363830925629,1869,1869,1869
031003,11253,5748,31.05838443081845,11253,65.41366746645339,11253,3.5279481027281614,11253,40.71803074735626,11253,6.140584732960099,11253,24.0,26.645605,95.77244258872652,5505,8.59326401848396,11253,30.018661690215943,11253,0.5243046298764774,11253,52.87325091699498,47.47996196168999,5.393288955304985,11.359084406294707,880.352644836272,3.238020629324977,7659,4.88855116514691,3948,94.1929720071471,3358,98.79860891558647,3163,83.05084745762711,413,38.59531772575251,1495,4.352301132186443,6801,22.026172621673282,6801,47.257756212321716,6801,26.363770033818557,6801,73.62152624614028,6801,77.04749301573298,6801,3.4064708633414664,4.88855116514691,1.4820803018054434,3948,3711,0.0002596660694358377,26.3638960297058,26.363636363636363,3501,3300,-0.8188257900340155,9.61753784632962,10.436363636363636,3501,3300,26.817813765182187,6175,56.097165991902834,6175,1.5708502024291497,6175,6.850202429149798,6175,0.7125506072874493,6175,0.11336032388663968,6175,27.530364372469634,6175,80.66363044892648,79.01106050748211,7685,7685,6199,2.048717535086304,73.73202119606358,72.14231642694928,3963,3963,27.57894736842105,6175,11.740890688259109,6175,55.7085020242915,6175,14.31204113601595,88.04406233207953,73.73202119606358,3722,3963,12.48582995951417,6175,4.48582995951417,6175,27.4331983805668,6175,6.040485829959514,6175,5.554655870445344,6175,23.060728744939272,6175,5.894736842105263,6175,11.125506072874494,6175,0.145748987854251,6175,2.4129554655870447,6175,3.935222672064777,6175,2.9473684210526314,6175,81.95147960543855,11253,16.155691815515862,11253,30.418555051986136,11253,28.214698302674844,11253,66.56002843686129,11253,64.2850795343464,11253,98.97803675481846,11155,98.61048857014792,11155,60.11711125569291,7685,57.651277454056476,11155,1.3895114298520843,11155,20.00196097656633,10199,1.8089417,2863,2.2213376,9.857297,8339.0,94.92833517089305,907,45.26588845654994,3855,39.805965,10.014850757241582,6801,22.690630368706223,7567,27.157393947403197,7567,4.942513545658781,7567,3.3038192150125547,7567,41.90564292321924,7567,48.054651919323355,7685,2.5374105400130125,7685,0.1561483409238777,7685,0.013012361743656473,7685,0.32530904359141183,7685,0.026024723487312947,7685,0.11711125569290826,7685,0.10409889394925179,7685,0.14313597918022122,7685,0.03903708523096942,7685,1.9273868220528911,11155,0.6992380098610489,11155,1.4074406095921113,11155,0.8247422680412371,11155,3.6754818467055133,11155,77.8829525803222,10987,8.100482388277054,10987,0.6553199235460089,10987,13.361245107854737,10987,86.63875489214526,10987,10.106382978723405,564,20.660691954981242,70.7568035388018,10399,28.195018751803058,10399,54.975978037062454,10199,95.92050209205021,956,5.298072613177947,11155,5.0102669404517455,2435,49.35687263556116,3965,8.978562421185371,3965,31.92938209331652,3965,3.5056746532156366,3965,3965,2.8133669609079446,96.64345652562042,3.3565434743795777,0.8034279592929834,5601,5601,5601
031204,10856,5244,29.642593957258658,10856,67.14259395725865,10856,3.2148120854826825,10856,40.99115696389094,10856,4.992630803242447,10856,24.0,26.360907,107.01754385964912,5612,8.594325718496684,10856,31.91783345615328,10856,0.423728813559322,10856,48.936754012896145,44.148717245163944,4.7880367677321996,10.845245494095712,922.0630372492836,2.970034473614426,7542,4.8559670781893,3645,93.15466580561834,3097,98.7521663778163,2885,87.08010335917312,387,44.23312883435583,1630,3.4839494903392665,6573,22.44028601856078,6573,41.06191997565799,6573,33.01384451544196,6573,74.07576449109996,6573,77.36193518941123,6573,3.649911137722274,4.8559670781893,1.206055940467026,3645,3897,-3.808128364489786,31.04749921358918,34.855627578078966,3179,3394,-1.1092461337041115,9.745202893991822,10.854449027695933,3179,3394,35.95332074824095,5827,48.32675476231337,5827,1.493049596704994,5827,6.023682855671872,5827,0.8065900120130427,5827,0.12013042732109147,5827,36.75991076025399,5827,77.61608678396614,76.14763857653129,7559,7559,5867,1.8919379580705642,70.42407660738714,69.11080711354309,3655,3655,30.83919684228591,5827,12.184657628282135,5827,51.98215205079801,5827,13.925308638514508,84.34938524590164,70.42407660738714,3904,3655,11.721297408615067,5827,4.376179852411189,5827,30.73622790458212,5827,4.616440707053372,5827,7.019049253475202,5827,18.3113094216578,5827,6.298266689548653,5827,9.335850351810537,5827,0.10296893770379269,5827,5.714776042560494,5827,4.204564956238201,5827,2.0937017333104513,5827,82.20338983050847,10856,16.5346352247605,10856,27.57000736919676,10856,29.403095062638172,10856,64.18570375829034,10856,64.18570375829034,10856,99.51668370666418,10759,99.35867645691978,10759,67.6676809101733,7559,73.928803792174,10759,0.7714471605167766,10759,22.816471784443316,9835,1.8982602,2644,2.3215234,9.351415,7817.0,95.78454332552693,854,45.18430439952438,3364,39.23365,10.317967442568081,6573,21.821351931330472,7456,26.98497854077253,7456,4.855150214592275,7456,2.3739270386266096,7456,43.96459227467811,7456,56.5154120915465,7559,4.008466728403228,7559,0.3439608413811351,7559,0.15875115756052388,7559,0.23812673634078582,7559,0.06614631565021828,7559,0.29104378886096044,7559,0.17198042069056754,7559,0.5953168408519646,7559,0.052917052520174625,7559,1.6265452179570592,10759,0.6599126312854354,10759,1.2454689097499767,10759,0.799330792824612,10759,3.243795891811507,10759,78.02445907808091,10630,10.047036688617121,10630,0.7808090310442145,10630,11.147695202257761,10630,88.85230479774224,10630,10.207612456747405,578,20.39917695473251,71.22891085155236,10017,27.86263352301088,10017,53.15709201830198,9835,97.83549783549783,924,5.204944697462589,10759,5.453732677693339,2237,50.560505892497844,3479,8.306984765737282,3479,29.261281977579763,3479,2.8456453003736706,3479,3479,3.0925553319919517,91.75592960979343,8.244070390206574,0.6694720734506503,5228,5228,5228
031205,22915,11777,33.227143792275804,22915,63.75736417193978,22915,3.015492035784421,22915,43.54353043857735,22915,5.066550294566878,22915,23.0,25.087234,94.57416999235798,11138,9.997818023128955,22915,31.101898319877808,22915,0.3971197905302204,22915,56.84462696783025,52.114989733059545,4.729637234770705,9.07538744418177,1101.8813314037627,3.892156214894601,15133,5.866767600302801,7926,92.01446855870896,7188,91.01905049894164,6614,82.30366492146597,955,36.47244094488189,3175,4.8594316807738815,13232,25.279625151148732,13232,46.27418379685611,13232,23.58675937122128,13232,69.86094316807738,13232,74.09310761789601,13232,4.146218134505659,5.866767600302801,1.7205494657971416,7926,7207,2.004183229558752,24.53917050691244,22.53498727735369,6944,6288,-0.8229287590436325,9.17770737327189,10.000636132315522,6944,6288,29.809373179056024,12013,54.008157829018565,12013,2.006159993340548,12013,6.23491217847332,12013,0.7075668026304837,12013,0.14983767585116123,12013,30.516939981686505,12013,79.13848578370215,77.70700636942675,15229,15229,12052,1.8088284102223697,72.08223642973549,70.77848815344115,7977,7977,29.38483309747773,12013,11.437609256638641,12013,54.90718388412553,12013,14.817929041858548,86.90016547159404,72.08223642973549,7252,7977,10.730042454008158,12013,3.92907683343045,12013,29.226671106301506,12013,5.777074835594773,12013,5.469075168567385,12013,24.781486722717055,12013,6.884208773828353,12013,9.289935902771997,12013,0.15816199117622576,12013,1.331890452010322,12013,3.5711312744526764,12013,2.713726795971031,12013,80.34475234562514,22915,17.084878900283655,22915,36.308095134191575,22915,30.137464542875847,22915,68.5751691032075,22915,65.85206196814313,22915,99.20224423599544,22814,98.89541509599368,22814,61.4485521045374,15229,55.20732883317261,22814,0.9161041465766635,22814,13.117787408092711,20537,1.9271489,5875,2.2936096,9.708005,17192.0,95.6896551724138,2088,47.377460694939884,7569,38.01929,9.568772672309553,13232,19.42215088282504,14952,30.932316746923487,14952,4.982611021936864,14952,2.5615302300695557,14952,42.101391118245054,14952,49.313809179854225,15229,2.357344540022326,15229,0.23639109593538643,15229,0.039398515989231074,15229,0.18385974128307833,15229,0.02626567732615405,15229,0.5187471271915425,15229,0.06566419331538512,15229,0.7223061264692363,15229,0.019699257994615537,15229,1.832208293153327,22814,0.7802226702901727,22814,1.4114140440080651,22814,1.0344525291487683,22814,3.7170158674498115,22814,78.98894855976211,22531,5.459145177755093,22531,0.7500776707647242,22531,14.801828591718078,22531,85.19817140828192,22531,14.897119341563785,1215,20.35987590486039,68.29500547540827,21003,30.481359805742038,21003,53.50343282855334,20537,96.354852876592,2277,2.441483299728237,22814,7.073265783320343,5132,53.27211588204863,7732,7.966890843248836,7732,30.367304707708225,7732,2.547853078116917,7732,7732,2.9505949301603724,95.5816707661474,4.418329233852603,0.6376970028240867,10977,10977,10977
031206,28508,14717,35.288340115055426,28508,62.10888171741266,28508,2.602778167531921,28508,46.74477339694121,28508,4.139188999579066,28508,21.0,23.90536,93.70795678467078,13791,10.386558159113232,28508,31.969973340816612,28508,0.45952013469903186,28508,61.00756805602621,56.816898226589856,4.19066982943635,7.3757455268389664,1355.7951482479784,4.80605694848302,18227,7.368530451049677,9622,92.5282544997907,9556,90.35286134358742,8842,82.9968944099379,1288,32.48574144486692,4208,5.750368613372652,15599,28.790307070966087,15599,46.17603692544394,15599,19.28328739021732,15599,65.45932431566126,15599,70.42759151227642,15599,5.427798318568562,7.368530451049677,1.9407321324811155,9622,8605,0.12207029959646576,19.340131973605278,19.218061674008812,8335,7264,-1.0483213929901236,8.545290941811638,9.593612334801762,8335,7264,28.93563252564293,13454,54.19206184034488,13454,1.45681581685744,13454,7.1800208116545265,13454,0.8621971160993013,13454,0.02973093503790694,13454,29.797829641742233,13454,73.85245901639344,72.35519125683061,18300,18300,13515,2.0273769885312616,65.80117926968036,64.37364228819696,9667,9667,37.63936375799019,13454,11.47614092463208,13454,46.71473167831128,13454,17.066885134350684,82.86806440403105,65.80117926968036,8633,9667,8.755760368663594,13454,3.5231158019919726,13454,37.43124721272484,13454,5.381299241861156,13454,5.641444923442842,13454,20.51434517615579,13454,5.82726326742976,13454,8.26519994053813,13454,0.2081165452653486,13454,1.3378920767058124,13454,3.5825776720677864,13454,2.0960309201724394,13454,82.19096393994668,28508,14.51873158411674,28508,39.199522940928865,28508,29.56363126140031,28508,67.22323558299425,28508,67.496842991441,28508,99.16610720469241,28301,98.80922935585315,28301,62.814207650273225,18300,67.76438995088513,28301,1.0671001024698774,28301,17.614823575793416,25365,1.9221656,7259,2.2837214,10.006279,20697.0,96.513470681458,2524,50.26615969581749,9205,37.31135,9.03346368356946,15599,18.447032723239047,18030,31.236827509706046,18030,4.237382140876317,18030,2.6234054353854686,18030,43.45535219079312,18030,53.486338797814206,18300,1.814207650273224,18300,0.37158469945355194,18300,0.01639344262295082,18300,0.34972677595628415,18300,0.02185792349726776,18300,0.06557377049180328,18300,0.00546448087431694,18300,0.03278688524590164,18300,0.0273224043715847,18300,1.5229143846507192,28301,0.8550934595950673,28301,1.3497756263029574,28301,1.1236352072364935,28301,3.385039397901134,28301,81.9322773268495,27967,5.195408874745236,27967,0.4612579111095219,27967,12.411055887295742,27967,87.58894411270425,27967,11.307643714466204,1583,20.262576478585995,67.30946527350953,26032,31.47280270436386,26032,55.17051054602799,25365,95.57220708446866,2936,3.452174834811491,28301,6.048925129725723,6745,58.07984790874525,9468,7.108153781157584,9468,25.506970849176174,9468,2.334178284748627,9468,9468,2.9891212505280946,95.16142557651992,4.8385744234800825,0.37735849056603776,11925,11925,11925
031301,6144,3226,33.333333333333336,6144,60.270182291666664,6144,6.396484375,6144,43.082682291666664,6144,9.098307291666666,6144,24.0,27.85319,90.45257284562926,2918,9.195963541666666,6144,25.764973958333332,6144,1.26953125,6144,65.91952470969484,55.306508236564945,10.613016473129894,19.189453125,521.1195928753181,7.540660423854115,4058,11.33302368787738,2153,95.7,2000,97.70114942528735,1914,86.63793103448276,232,44.21052631578947,665,8.831021794508915,3533,27.11576563826776,3533,37.70166996886499,3533,26.351542598358336,3533,64.05321256722333,3533,68.1290687800736,3533,8.078430512024362,11.33302368787738,3.254593175853018,2153,1905,3.947727170425246,28.21199143468951,24.264264264264263,1868,1665,-0.9193709769726901,8.688436830835117,9.607807807807808,1868,1665,31.28011011699931,2906,47.59119064005506,2906,2.9249827942188573,2906,8.155540261527873,2906,0.5505849965588437,2906,2.1679284239504475,2906,31.830695113558157,2906,71.82510439695406,70.35126504544338,4071,4071,2924,2.0519835841313268,62.11840888066605,61.23959296947271,2162,2162,34.41156228492773,2906,12.078458362009636,2906,49.93117687543015,2906,20.699820558831064,82.81822943949712,62.11840888066605,1909,2162,14.59050240880936,2906,3.6820371644872676,2906,20.750172057811426,2906,4.748795595320027,2906,7.123193392980041,2906,19.029593943565036,2906,3.819683413626979,2906,9.050240880935995,2906,13.66139022711631,2906,2.2711631108052304,2906,7.088781830695114,2906,3.131452167928424,2906,84.73307291666667,6144,21.744791666666668,6144,25.048828125,6144,29.850260416666668,6144,69.95442708333333,6144,73.76302083333333,6144,99.45937090432503,6104,99.09895150720838,6104,66.24907885040531,4071,36.46788990825688,6104,0.7699868938401049,6104,14.545782263878875,5548,2.0158403,1452,2.554724,11.508155,5457.0,95.8592132505176,483,40.41025641025641,1950,43.869743,9.121709595244834,3533,31.689088191330345,4014,22.147483806676632,4014,3.7369207772795217,4014,4.9825610363726955,4014,37.44394618834081,4014,60.476541390321785,4071,1.0316875460574797,4071,0.04912797838368951,4071,0.0,4071,0.024563989191844757,4071,0.0,4071,0.0,4071,0.0,4071,0.0,4071,0.0,4071,2.6212319790301444,6104,1.3597640891218872,6104,2.522935779816514,6104,1.0976408912188729,6104,5.406290956749673,6104,73.117033603708,6041,16.22247972190035,6041,0.7614633338851183,6041,9.899023340506538,6041,90.10097665949345,6041,12.269938650306749,326,20.840058694057227,51.70344218887908,5665,47.27272727272727,5665,71.75558759913483,5548,97.4820143884892,556,3.833551769331586,6104,5.35230352303523,1476,53.050932929904185,1983,16.288451840645486,1983,24.861321230458902,1983,6.00100857286939,1983,1983,3.0781643973777104,96.19010212097407,3.8098978790259252,1.9245875883739199,2546,2546,2546
031401,26563,14123,25.20799608477958,26563,64.26231976809848,26563,10.529684147121937,26563,33.640778526521856,26563,14.580431427173135,26563,29.0,32.544292,88.08326842738795,12440,7.0775138350336935,26563,25.738809622407107,26563,2.1985468508828068,26563,55.612185120093734,39.22671353251318,16.38547158758055,41.77120669056153,239.39935645334288,4.742802010866805,19693,7.572093023255814,10750,96.5907353615655,6541,89.79107312440645,6318,86.37469586374696,822,60.72821846553966,3076,4.700162074554295,17893,23.81937070362712,17893,33.23646118593864,17893,38.244006035879956,17893,71.48046722181859,17893,74.91197675068463,17893,6.230261423121631,7.572093023255814,1.3418316001341832,10750,8943,-2.57340813027772,37.08048556564317,39.65389369592089,9803,8090,-1.4486263192052782,9.876466387840457,11.325092707045735,9803,8090,30.115152366240697,14242,52.934981041988486,14242,1.3691897205448673,14242,8.320460609464963,14242,0.6038477741890184,14242,0.04915040022468754,14242,30.719000140429713,14242,73.10068881685575,71.49007293354943,19744,19744,14433,2.2032841405113284,68.13502735787814,66.66048409533525,10783,10783,19.849740205027384,14242,17.53967139446707,14242,58.53110518185648,14242,10.94096862471308,79.07599598259122,68.13502735787814,8961,10783,18.017132425221178,14242,3.8126667602864766,14242,19.77250386181716,14242,9.928380845386885,14242,7.498946777138042,14242,21.89299255722511,14242,7.477882319898891,14242,7.0706361466086225,14242,0.07723634321022328,14242,2.7383794410897346,14242,7.063614660862238,14242,3.735430417076253,14242,78.83898656025298,26563,19.161992244851863,26563,36.08779128863457,26563,24.549184956518467,26563,64.25855513307985,26563,69.39351729849791,26563,99.36392548841435,26412,99.0572467060427,26412,56.8982982171799,19744,33.21596244131455,26412,2.3171285779191275,26412,8.62567738255307,24543,1.4859644,6626,2.2977042,11.549854,24312.0,97.29559748427673,1590,42.79502355356927,8279,48.91267,10.53143687475549,17893,37.3179332549701,19567,13.016814023611182,19567,4.313384780497777,19567,5.805693259058619,19567,39.54617468186232,19567,53.839141004862235,19744,0.6685575364667747,19744,0.030388978930307942,19744,0.00506482982171799,19744,0.17220421393841168,19744,0.0,19744,0.0,19744,0.00506482982171799,19744,0.0,19744,0.00506482982171799,19744,2.9039830380130245,26412,1.389519915190065,26412,2.6465243071331215,26412,1.1547781311525065,26412,5.633802816901408,26412,71.8089361215861,26253,13.369900582790539,26253,0.6361177770159601,26253,14.185045518607398,26253,85.8149544813926,26253,5.173876166242579,1179,22.47049567269866,61.41574474907808,24948,37.698412698412696,24948,69.7999429572587,24543,97.05724986623864,1869,2.926699984855369,26412,3.3083645443196006,4806,46.80825533957283,8334,26.145908327333814,8334,21.2862970962323,8334,6.839452843772499,8334,8334,3.1691864650827934,84.77840451248993,15.221595487510072,4.4480257856567285,12410,12410,12410
031402,2684,1398,34.05365126676602,2684,62.481371087928466,2684,3.464977645305514,2684,45.23099850968703,2684,4.918032786885246,2684,22.0,25.22839,91.98855507868383,1286,9.798807749627422,2684,29.918032786885245,2684,0.6333830104321908,2684,60.04770423375074,54.50208706022659,5.545617173524151,10.175054704595185,982.7956989247311,6.282722513089006,1719,10.295728368017524,913,93.25581395348837,860,98.75311720698254,802,83.49514563106796,103,35.88390501319261,379,6.346025384101536,1497,35.20374081496326,1497,42.35136940547762,1497,16.098864395457582,1497,58.4502338009352,1497,63.25985303941216,1497,8.558755663302884,10.295728368017524,1.7369727047146402,913,806,-0.5674662265200325,15.835411471321695,16.402877697841728,802,695,-1.7264715908071553,7.466334164588528,9.192805755395684,802,695,32.762645914396884,1285,47.237354085603116,1285,1.6342412451361867,1285,6.692607003891051,1285,1.7120622568093384,1285,0.0,1285,34.474708171206224,1285,75.80645161290323,72.86866359447005,1736,1736,1316,3.8753799392097266,68.3982683982684,66.12554112554112,924,924,29.80544747081712,1285,24.357976653696497,1285,41.16731517509728,1285,15.838184803702049,84.23645320197045,68.3982683982684,812,924,7.392996108949417,1285,5.058365758754864,1285,29.64980544747082,1285,8.482490272373541,1285,15.875486381322958,1285,15.797665369649806,1285,6.614785992217898,1285,7.003891050583658,1285,0.1556420233463035,1285,0.7782101167315175,1285,2.6459143968871595,1285,2.2568093385214008,1285,84.50074515648286,2684,14.530551415797317,2684,19.895678092399404,2684,28.763040238450074,2684,59.12816691505216,2684,66.13263785394933,2684,99.24299772899319,2642,98.75094625283876,2642,78.11059907834101,1736,74.67827403482211,2642,1.627554882664648,2642,21.839563208735825,2381,1.9797508,642,2.477488,10.536396,2088.0,92.09302325581395,215,48.17127564674398,1121,37.543266,8.267869071476285,1497,30.360307147076195,1693,20.25989367985824,1693,4.075605434140579,1693,2.598936798582398,1693,42.705256940342586,1693,72.2926267281106,1736,0.8064516129032258,1736,0.0,1736,0.0,1736,0.0,1736,0.0,1736,0.0,1736,0.0,1736,0.0,1736,0.0,1736,2.1953065859197576,2642,1.0598031794095382,2642,1.6654049962149886,2642,1.0598031794095382,2642,3.9364118092354277,2642,83.24324324324324,2590,4.787644787644788,2590,0.23166023166023167,2590,11.737451737451737,2590,88.26254826254826,2590,11.764705882352942,153,20.73465703971119,37.64899301274147,2433,60.91245376078915,2433,75.9344813103738,2381,97.31800766283524,261,6.320968962906889,2642,4.285714285714286,630,44.70899470899471,1134,7.142857142857143,1134,43.91534391534392,1134,4.056437389770723,1134,1134,2.329805996472663,46.03501544799176,53.96498455200824,6.385169927909372,971,971,971
031403,8219,4187,26.864582065944763,8219,64.07105487285558,8219,9.064363061199659,8219,35.782941963742545,8219,12.726609076529991,8219,28.0,31.314758,96.29806544064962,4032,7.604331427180922,8219,25.927728434116073,8219,1.9832096362087845,8219,56.076718571971135,41.92935814660083,14.1473604253703,33.74094202898551,296.3758389261745,4.979879275653923,5964,8.330673475901692,3133,96.46675964667597,2151,96.28915662650603,2075,86.98630136986301,292,58.578680203045685,985,5.9457450761798585,5382,25.10219249349684,5382,31.77257525083612,5382,37.17948717948718,5382,68.9520624303233,5382,72.83537718320326,5382,7.059038011401515,8.330673475901692,1.2716354645001766,3133,2831,-2.451435754635831,36.0252808988764,38.476716653512234,2848,2534,-1.4753312810939754,9.527036516853933,11.002367797947908,2848,2534,32.88007133303611,4486,46.901471243869814,4486,1.6272848863129736,4486,11.190370040124833,4486,0.7356219349086045,4486,0.02229157378510923,4486,33.615693267944714,4486,75.5644756648269,74.19300886435859,5979,5979,4518,1.8149623727312971,70.30553787396563,68.84150222788033,3142,3142,30.02674988854213,4486,17.186803388319216,4486,47.94917521176995,4486,11.08325310241787,81.3887909763835,70.30553787396563,2837,3142,19.30450289790459,4486,3.1431119037004014,4486,29.870708872046368,4486,8.716005349977708,4486,8.314757021845743,4486,15.247436469014712,4486,6.709763709317878,4486,4.770396790013375,4486,0.1560410164957646,4486,1.4489522960321,4486,10.43245653143112,4486,2.831029870708872,4486,82.02944397128604,8219,19.92943180435576,8219,34.03090400292006,8219,28.847791702153547,8219,64.21705803625746,8219,72.74607616498358,8219,99.55990220048899,8180,99.1320293398533,8180,68.38936276969393,5979,46.56479217603912,8180,1.980440097799511,8180,9.908718084402699,7559,1.6691371,1889,2.5759003,12.076658,7618.0,96.56488549618321,524,38.97116134060795,2566,47.610287,10.22166480862133,5382,39.81450252951096,5930,14.249578414839798,5930,3.0185497470489038,5930,5.311973018549747,5930,37.60539629005059,5930,65.76350560294364,5979,0.7191838100016725,5979,0.03345040976751965,5979,0.0,5979,0.03345040976751965,5979,0.0,5979,0.0,5979,0.0,5979,0.0,5979,0.0,5979,2.6039119804400976,8180,1.3080684596577017,8180,2.078239608801956,8180,0.9046454767726161,8180,4.938875305623472,8180,73.13856015779093,8112,16.432445759368836,8112,0.39447731755424065,8112,10.034516765285996,8112,89.965483234714,8112,7.242339832869081,359,22.216751269035534,57.37683608475237,7693,41.869231769140775,7693,74.242624685805,7559,97.74557165861513,621,2.921760391198044,8180,2.5177533892834085,1549,50.232378001549186,2582,23.276529821843532,2582,21.766072811773817,2582,6.932610379550736,2582,2582,3.1680867544539115,65.5672448109184,34.432755189081604,8.899630366789879,3517,3517,3517
031601,2563,1312,28.755364806866954,2563,62.19274287943816,2563,9.05189231369489,2563,37.65119001170503,2563,12.329301599687867,2563,27.0,30.593445,95.35060975609755,1251,8.193523214982443,2563,25.9461568474444,2563,2.0288724151385096,2563,60.79046424090339,46.235884567126725,14.554579673776663,31.478968792401627,317.67241379310343,6.092789267747345,1789,10.774058577405858,956,96.61495063469675,709,98.68613138686132,685,88.23529411764706,85,47.682119205298015,302,6.047381546134663,1604,28.366583541147133,1604,36.72069825436409,1604,28.865336658354114,1604,65.5860349127182,1604,68.89027431421447,1604,10.05377046215976,10.774058577405858,0.7202881152460985,956,833,-3.2466345289903202,27.357392316647264,30.604026845637584,859,745,-1.7968029002039199,8.715948777648428,10.512751677852348,859,745,22.863403944485025,1369,56.4645726807889,1369,1.095690284879474,1369,9.276844411979548,1369,1.0226442658875092,1369,0.0,1369,23.886048210372536,1369,75.8716104039845,74.82014388489209,1807,1807,1371,1.3858497447118892,68.9119170984456,67.56476683937824,965,965,33.89335281227173,1369,13.075237399561724,1369,47.114682249817385,1369,14.936063899179103,83.8479809976247,68.9119170984456,842,965,14.463111760409058,1369,3.7983929875821767,1369,33.7472607742878,1369,5.6975894813732655,1369,7.231555880204529,1369,16.58144631117604,1369,7.158509861212564,1369,5.91672753834916,1369,0.14609203798392986,1369,2.9218407596785974,1369,3.287070854638422,1369,3.506208911614317,1369,79.39914163090128,2563,15.528677331252439,2563,32.46195864221615,2563,25.829106515801794,2563,58.56418259851736,2563,66.7186890362856,2563,99.44838455476753,2538,99.1331757289204,2538,78.19590481460985,1807,25.965327029156818,2538,1.5366430260047281,2538,10.120068610634648,2332,2.0430107,558,3.1771562,12.574625,2680.0,97.0059880239521,167,39.272271016311166,797,48.212044,9.550498753117207,1604,40.159271899886235,1758,14.448236632536974,1758,3.868031854379977,1758,4.550625711035267,1758,36.973833902161545,1758,74.98616491422247,1807,0.27670171555063644,1807,0.05534034311012728,1807,0.0,1807,0.0,1807,0.0,1807,0.0,1807,0.0,1807,0.0,1807,0.0,1807,2.7580772261623325,2538,1.4578408195429473,2538,2.4034672970843185,2538,1.3002364066193854,2538,5.319148936170213,2538,77.08498808578237,2518,8.022239872915012,2518,0.6354249404289118,2518,14.257347100873709,2518,85.74265289912628,2518,7.563025210084033,119,21.1356783919598,40.97807757166948,2372,57.715008431703204,2372,78.30188679245283,2332,97.0873786407767,206,5.200945626477542,2538,1.3133208255159474,533,48.39506172839506,810,22.34567901234568,810,26.419753086419753,810,8.395061728395062,810,810,3.1333333333333333,89.7766323024055,10.223367697594497,5.326460481099656,1164,1164,1164
031602,8565,4379,30.204319906596613,8565,66.6199649737303,8565,3.175715119673088,8565,41.03911266783421,8565,5.464098073555166,8565,24.0,26.168125,95.59260105046815,4186,8.920023350846469,8565,32.165791009924106,8565,0.4203152364273205,8565,50.10515247108307,45.338240448650545,4.766912022432527,10.514109006571319,951.1029411764706,3.7419573315272605,5906,5.897518530454399,3103,92.52738654147105,2556,98.7737843551797,2365,81.2316715542522,341,41.95918367346939,1225,5.460883036405887,5164,23.35398915569326,5164,43.667699457784664,5164,27.517428350116187,5164,71.18512780790086,5164,75.0,5164,4.541828198667028,5.897518530454399,1.3556903317873708,3103,2803,-1.5718409227037,26.776556776556777,28.348397699260477,2730,2434,-1.165113276206128,9.242857142857142,10.40797041906327,2730,2434,27.463002114164905,4730,55.53911205073996,4730,2.3890063424947146,4730,6.7864693446088795,4730,0.8245243128964059,4730,0.12684989429175475,4730,28.287526427061312,4730,79.92916174734357,78.79912295496712,5929,5929,4739,1.4138003798269678,73.3824471492633,72.35746316463805,3122,3122,20.211416490486258,4730,13.171247357293868,4730,61.71247357293869,4730,13.828097916643358,87.21054506590666,73.3824471492633,2807,3122,11.395348837209303,4730,4.016913319238901,4730,20.147991543340382,4730,7.145877378435518,4730,5.813953488372093,4730,28.731501057082454,4730,7.061310782241015,4730,10.739957716701904,4730,0.06342494714587738,4730,1.9661733615221988,4730,3.46723044397463,4730,2.219873150105708,4730,79.38120256859311,8565,13.461762988908347,8565,31.4302393461763,8565,29.527145359019265,8565,66.14127262113252,8565,64.19147694103911,8565,99.36433195997645,8495,99.0582695703355,8495,61.81480856805532,5929,66.0977045320777,8495,1.1771630370806356,8495,20.382330147248773,7742,1.769334,2237,2.216263,10.630292,6378.0,95.46142208774585,661,46.64127423822715,2888,39.271122,9.792021688613477,5164,22.696011004126547,5816,26.5130674002751,5816,4.779917469050894,5816,2.9917469050894083,5816,43.01925722145805,5816,48.92899308483724,5929,2.9515938606847696,5929,0.2867262607522348,5929,0.033732501264968795,5929,0.2867262607522348,5929,0.016866250632484397,5929,0.0505987518974532,5929,0.016866250632484397,5929,0.1011975037949064,5929,0.016866250632484397,5929,1.8010594467333725,8495,0.7062978222483814,8495,1.353737492642731,8495,0.8357857563272513,8495,3.343143025309005,8495,78.23032035250685,8397,5.656782184113374,8397,0.35727045373347627,8397,15.755627009646302,8397,84.2443729903537,8397,8.368200836820083,478,20.615554329840045,69.10928616550852,7915,29.69046114971573,7915,55.5799535003875,7742,97.21115537848605,753,3.201883460859329,8495,5.068119891008174,1835,50.2560600887675,2929,8.228064185728918,2929,27.99590303857972,2929,2.7654489586889723,2929,2929,2.900307272106521,93.26257498846331,6.737425011536686,0.5537609598523304,4334,4334,4334
040101,298257,156048,26.371552050748182,298257,67.01602979980352,298257,6.6124181494482945,298257,35.65314477112021,298257,9.690635928075451,298257,27.0,29.871037,91.13157490003076,142209,7.298403725646003,298257,28.127755593330583,298257,1.2536168472156564,298257,49.218030818491094,39.35111066639984,9.866920152091256,25.07405759328714,398.81857823750124,1.978299268231138,217965,3.247564326754934,116087,98.13746434190833,78173,84.28901025848248,76717,94.10550221946939,9687,71.2847579814624,38840,2.3484988027261005,195444,10.523218927160721,195444,35.70690325617568,195444,51.421379013937496,195444,87.12828227011317,195444,88.86330611326007,195444,2.715555453396603,3.247564326754934,0.5320088733583306,116087,101878,-2.1045179480632896,50.44450598244894,52.54902393051223,104723,90721,-0.9149234457995092,12.100254958318612,13.01517840411812,104723,90721,41.96781569892933,140379,44.02296639810798,140379,2.2738443784326714,140379,6.20605646143654,140379,0.6589304668077134,140379,0.2044465340257446,140379,42.62674616573704,140379,66.65186907333504,63.84139420788635,218504,218504,145637,4.2166482418616145,59.79848996315098,57.14261172812465,116421,116421,6.267319185918121,140379,17.29389723534147,140379,71.03127960734868,140379,14.669345033861255,74.46783499701223,59.79848996315098,102083,116421,26.17770464243227,140379,5.308486312055222,140379,4.335406292964048,140379,8.516943417462725,140379,8.465653694640936,140379,25.257339060685716,140379,7.288839498785431,140379,8.389431467669665,140379,1.9319128929540743,140379,3.965692874290314,140379,7.575207117873756,140379,5.860563189650874,140379,67.4133381613843,298257,27.432382140234765,298257,29.081295661124468,298257,26.413126934154104,298257,55.261737360732525,298257,68.02120319053702,298257,99.60555922337946,296876,99.42130721243886,296876,33.28131292790979,218504,31.260189439361888,296876,0.793597326830057,296876,8.200050866547977,275230,1.5197945,78052,1.9966977,9.628969,222381.0,93.7176567998344,19324,44.511276622452826,95596,44.1347,12.524943206238104,195444,32.64025761319157,216138,12.731218018118055,216138,5.999870453136422,216138,4.396728016359918,216138,44.23192589919403,216138,16.89442756196683,218504,13.916450042104492,218504,0.03752791710906894,218504,0.005949547834364588,218504,0.10571888844140154,218504,0.004118917731483177,218504,0.0036612602057628234,218504,0.0004576575257203529,218504,0.0013729725771610588,218504,0.0018306301028814117,218504,3.403441167356068,296876,1.2079117207184145,296876,2.0065616621080857,296876,0.8535550196041445,296876,5.504655142214258,296876,64.20772159150619,294991,18.853795539524935,294991,1.3407188693892356,294991,15.597763999579648,294991,84.40223600042034,294991,3.7654807072804064,13969,22.522398356304084,87.74478296267729,280044,11.585322306494694,280044,32.634523852777676,275230,98.29991684375867,21646,1.9082040986809308,296876,3.0132088243972714,57613,47.37602361059151,96228,16.76954732510288,96228,23.46822130772748,96228,3.9146610134264455,96228,96228,3.085131146859542,94.26063048708095,5.739369512919055,0.0,128028,128028,128028
040102,7550,3832,28.079470198675498,7550,64.87417218543047,7550,7.046357615894039,7550,38.54304635761589,7550,9.721854304635762,7550,24.0,28.61616,97.02505219206681,3718,7.682119205298013,7550,31.403973509933774,7550,1.4172185430463575,7550,54.14454879542671,43.28297264189465,10.861576153532054,25.09433962264151,398.49624060150376,2.5817236255572067,5384,4.58348490360131,2749,98.13039309683604,2086,98.04592085979482,2047,92.27799227799228,259,75.48543689320388,1236,3.218390804597701,4785,14.461859979101359,4785,42.08986415882968,4785,40.229885057471265,4785,82.31974921630093,4785,84.5141065830721,4785,4.090126269825219,4.58348490360131,0.49335863377609107,2749,2635,-5.523426249608001,37.535699714402284,43.059125964010285,2451,2334,-1.5546033883656953,10.721746226030191,12.276349614395887,2451,2334,36.33267101901788,3523,48.1691739994323,3523,2.1004825432869714,3523,7.323304002270792,3523,0.5960828839057621,3523,0.1419244961680386,3523,36.928753902923646,3523,66.17892202259678,64.54899055380626,5399,5399,3573,2.462916316820599,58.61443598113892,57.12731229597389,2757,2757,21.827987510644338,3523,14.362759012205506,3523,57.16718705648595,3523,15.458236236877731,74.07267221801665,58.61443598113892,2642,2757,17.967641214873687,3523,4.22934998580755,3523,13.426057337496452,3523,5.762134544422367,3523,8.4586999716151,3523,22.19699120068124,3523,5.506670451319898,3523,8.998013057053647,3523,8.401930173147885,3523,2.0153278455861483,3523,9.934714731762702,3523,2.639795628725518,3523,73.36423841059603,7550,26.158940397350992,7550,24.198675496688743,7550,42.450331125827816,7550,61.04635761589404,7550,76.35761589403974,7550,99.72048449354452,7513,99.42765872487688,7513,69.82774587886645,5399,38.97244775722082,7513,0.3194462930919739,7513,16.455148543409287,6934,1.8538283,1724,2.5955415,9.918374,6493.0,92.62948207171314,502,44.21007318123117,2323,44.161,11.480041797283176,4785,32.07724034495688,5334,16.42294713160855,5334,4.2932133483314585,5334,5.230596175478065,5334,41.976002999625045,5334,10.464900907575476,5399,56.21411372476385,5399,0.018521948508983144,5399,0.018521948508983144,5399,0.05556584552694944,5399,0.0,5399,0.0,5399,0.0,5399,0.0,5399,0.0,5399,2.6354319180087846,7513,1.3177159590043923,7513,1.929988020764009,7513,0.9050978304272594,7513,4.671902036470119,7513,69.47424892703863,7456,16.215128755364805,7456,1.7167381974248928,7456,12.593884120171674,7456,87.40611587982832,7456,3.626943005181347,386,20.957081545064376,82.14386859246672,7062,17.063154913622203,7062,48.471300836458035,6934,98.27288428324698,579,4.166112072407826,7513,2.2712090848363395,1497,48.40085287846482,2345,18.976545842217483,2345,26.823027718550108,2345,5.842217484008529,2345,2345,3.2038379530916843,82.80147799798455,17.19852200201545,6.986899563318778,2977,2977,2977
040201,12969,7017,32.79358470198165,12969,61.076412984809934,12969,6.13000231320842,12969,45.08443210733287,12969,8.427789343819878,12969,22.0,26.676228,84.82257374946559,5952,9.144883954044259,12969,29.732438892744238,12969,1.5575603361862904,12969,63.72932710516349,53.692715566216386,10.036611538947103,18.69268751469551,534.9685534591194,5.011045227299151,8601,8.139290958674218,4767,96.6618979494516,4194,99.13665515540207,4054,88.84297520661157,484,63.23613493424814,1749,6.3587775798273265,7297,19.843771412909415,7297,37.65931204604632,7297,36.13813896121694,7297,73.79745100726326,7297,76.57941619843771,7297,7.01774687938366,8.139290958674218,1.1215440792905582,4767,3834,-7.266181644765538,33.021358291336696,40.287539936102235,4167,3130,-2.042087955647254,9.687305015598753,11.729392971246007,4167,3130,27.890267798824297,6124,53.87001959503593,6124,1.828870019595036,6124,9.356629653821033,6124,0.5715218811234487,6124,0.06531678641410843,6124,28.461789679947746,6124,71.81386734575761,69.9502257205695,8639,8639,6204,2.5950999355254676,67.72310258548791,66.01334445371143,4796,4796,18.011103853690397,6124,13.585891574134553,6124,63.749183540169824,6124,9.195971054897214,76.91907364038512,67.72310258548791,3843,4796,14.941214892227302,6124,4.637491835401698,6124,17.73350751143044,6124,6.04180274330503,6124,7.380796864794252,6124,29.4578706727629,6124,5.404964075767472,6124,9.470934030045722,6124,0.2775963422599608,6124,3.1678641410842587,6124,4.833442194644023,6124,3.8863487916394512,6124,74.72434266327396,12969,16.392937003624027,12969,16.863289382373353,12969,38.96985118359164,12969,64.40743310972319,12969,76.52864523093531,12969,99.34757281553398,12875,98.9126213592233,12875,63.14388239379558,8639,37.25048543689321,12875,0.9475728155339805,12875,14.231985639798273,11699,1.9347962,3190,2.5286255,13.154173,11312.0,90.05847953216374,1026,53.654939962081315,4747,40.858227,10.563245169247637,7297,29.772247006339516,8518,16.365343977459496,8518,4.67245832355013,8518,5.400328715660954,8518,43.789621976989906,8518,44.80842690126172,8639,14.723926380368098,8639,0.04630165528417641,8639,0.023150827642088204,8639,0.05787706910522051,8639,0.0,8639,0.0,8639,0.0,8639,0.0,8639,0.011575413821044102,8639,3.495145631067961,12875,1.5533980582524272,12875,2.229126213592233,12875,1.3902912621359222,12875,5.724271844660194,12875,76.48305084745763,12744,10.232266164469554,12744,0.7846829880728186,12744,12.5,12744,87.5,12744,7.920792079207921,707,21.38629943502825,79.85080881736653,11931,19.52057664906546,11931,48.705017522865205,11699,96.93877551020408,1176,5.095145631067961,12875,3.168,3125,48.23456535205451,4843,14.37125748502994,4843,33.140615321081974,4843,6.834606648771422,4843,4843,2.658476151145984,92.73658259055566,7.263417409444344,2.1240280675137493,5273,5273,5273
040501,3874,1870,24.522457408363447,3874,68.17243159525039,3874,7.305110996386164,3874,36.18998451213216,3874,10.092927207021166,3874,27.0,30.565308,107.16577540106952,2004,6.091894682498709,3874,29.29788332472896,3874,1.600413009808983,3874,46.6868610374858,35.97122302158273,10.715638015903068,29.789473684210527,335.68904593639576,2.1512838306731434,2882,4.184704184704184,1386,94.92753623188406,966,95.20174482006543,917,81.57894736842105,114,53.391304347826086,575,2.4842271293375395,2536,17.271293375394322,2536,54.73186119873817,2536,25.51261829652997,2536,80.24447949526814,2536,82.84700315457414,2536,3.917324505559799,4.184704184704184,0.26737967914438504,1386,1496,-5.151409394804109,22.89831865492394,28.04972804972805,1249,1287,-1.72998818635328,9.934347477982385,11.664335664335665,1249,1287,15.566502463054187,2030,62.41379310344828,2030,1.5270935960591132,2030,11.970443349753694,2030,0.541871921182266,2030,0.0,2030,16.108374384236452,2030,70.98893499308437,69.67496542185339,2892,2892,2053,1.8509498295177789,67.93400286944046,66.57101865136299,1394,1394,33.399014778325125,2030,10.147783251231527,2030,50.0,2030,5.897772831494123,73.83177570093459,67.93400286944046,1498,1394,8.177339901477833,2030,2.2660098522167487,2030,33.251231527093594,2030,2.6600985221674875,2030,7.487684729064039,2030,29.261083743842363,2030,6.748768472906404,2030,3.1527093596059115,2030,0.1477832512315271,2030,2.8078817733990147,2030,1.8226600985221675,2030,2.1182266009852215,2030,82.31801755291688,3874,10.06711409395973,3874,15.384615384615385,3874,41.55911202891069,3874,44.01135776974703,3874,74.98709344346928,3874,98.12206572769954,3834,97.67866458007303,3834,69.12171507607192,2892,51.304121022430884,3834,4.016692749087115,3834,26.979716587941095,3599,1.719468,827,2.361973,9.486836,2962.0,87.5,208,33.00970873786408,1133,46.33804,10.81230283911672,2536,34.21423537702607,2838,17.688513037350248,2838,3.10077519379845,2838,4.193093727977449,2838,40.80338266384778,2838,6.36237897648686,2892,58.40248962655602,2892,0.034578146611341634,2892,0.034578146611341634,2892,0.0,2892,0.0,2892,0.0,2892,0.0,2892,0.0,2892,0.034578146611341634,2892,2.7647365675534687,3834,1.3823682837767344,3834,1.8257694314032342,3834,0.9128847157016171,3834,4.694835680751174,3834,52.12201591511936,3770,8.541114058355438,3770,0.5305039787798409,3770,38.80636604774536,3770,61.19363395225464,3770,3.0303030303030303,165,22.471052631578946,86.77799069258144,3653,12.346016972351492,3653,44.29008057793832,3599,91.06382978723404,235,6.364110589462702,3834,4.481792717086835,714,44.61942257217848,1143,19.597550306211723,1143,23.097112860892388,1143,5.074365704286964,1143,1143,3.354330708661417,84.79685452162516,15.203145478374836,9.764089121887286,1526,1526,1526
040502,2635,1246,27.286527514231498,2635,64.93358633776091,2635,7.7798861480075905,2635,35.63567362428842,2635,10.664136622390892,2635,29.0,30.774952,111.47672552166934,1389,8.159392789373815,2635,24.44022770398482,2635,1.7077798861480076,2635,54.003506721215665,42.02220923436587,11.981297486849796,28.51182197496523,350.7317073170732,0.7932310946589106,1891,1.406926406926407,924,94.67455621301775,676,95.625,640,77.77777777777777,90,59.770114942528735,261,1.3411078717201166,1715,11.545189504373178,1715,49.03790087463557,1715,38.075801749271136,1715,87.1137026239067,1715,89.09620991253644,1715,1.20010117424802,1.406926406926407,0.20682523267838676,924,967,-6.303586194890542,34.90011750881316,41.2037037037037,851,864,-1.1992563215389307,11.372502937720329,12.57175925925926,851,864,18.537666174298376,1354,57.38552437223043,1354,0.8862629246676514,1354,13.146233382570163,1354,0.8862629246676514,1354,0.0,1354,19.423929098966028,1354,72.27200843437006,70.90142329994728,1897,1897,1371,1.8964259664478482,67.170626349892,66.09071274298056,926,926,41.06351550960118,1354,11.004431314623337,1354,44.091580502215656,1354,9.96634584372282,77.13697219361482,67.170626349892,971,926,12.333825701624816,1354,2.1418020679468244,1354,40.915805022156576,1354,4.283604135893649,1354,6.72082717872969,1354,24.593796159527326,1354,4.5051698670605616,1354,2.511078286558346,1354,0.14771048744460857,1354,1.1816838995568686,1354,3.2496307237813884,1354,1.9940915805022157,1354,87.13472485768501,2635,9.108159392789373,2635,16.242884250474383,2635,39.24098671726755,2635,40.15180265654649,2635,73.92789373814041,2635,99.19540229885058,2610,98.9272030651341,2610,48.86663152345809,1897,44.78927203065134,2610,0.8045977011494253,2610,15.638031693077565,2398,1.6578947,570,2.2990432,7.4401674,1922.0,89.1304347826087,138,31.535947712418302,612,49.398693,11.97667638483965,1715,33.49514563106796,1854,17.20604099244876,1854,5.339805825242719,1854,4.908306364617045,1854,39.05070118662351,1854,5.113336847654191,1897,41.59198734844491,1897,0.158144438587243,1897,0.0,1897,0.0,1897,0.0,1897,0.0,1897,0.0,1897,0.0,1897,0.0,1897,2.2222222222222223,2610,1.5325670498084292,2610,1.6091954022988506,2610,0.5363984674329502,2610,3.4099616858237547,2610,64.62745098039215,2550,5.607843137254902,2550,0.3137254901960784,2550,29.45098039215686,2550,70.54901960784314,2550,3.4482758620689653,87,23.053388090349078,86.87321646962903,2453,11.985324092947412,2453,32.48540450375313,2398,93.39622641509433,212,7.586206896551724,2610,2.569169960474308,506,52.903225806451616,620,23.387096774193548,620,12.580645161290322,620,4.032258064516129,620,620,4.209677419354839,84.61538461538461,15.384615384615387,8.26923076923077,1040,1040,1040
040601,4668,2247,31.276778063410454,4668,64.20308483290488,4668,4.520137103684662,4668,39.84575835475579,4668,7.369323050556984,4668,25.0,27.043488,107.74365821094793,2421,10.668380462724937,4668,28.020565552699228,4668,0.856898029134533,4668,55.75575575575576,48.715382048715384,7.040373707040374,14.452054794520548,691.9431279620853,2.6754800125904943,3177,5.097250167672703,1491,98.26415094339623,1325,97.7726574500768,1302,92.6470588235294,204,59.48905109489051,548,3.2121426050123545,2833,15.319449346981997,2833,50.864807624426405,2833,30.603600423579245,2833,81.46840804800564,2833,83.90398870455347,2833,4.563442338491209,5.097250167672703,0.5338078291814946,1491,1686,9.003336481335559,35.44690603514133,26.443569553805773,1309,1524,-0.4703761962909727,10.63789152024446,11.108267716535433,1309,1524,25.784645098985997,2071,36.69724770642202,2071,6.518590053114438,2071,7.291163689039111,2071,0.5311443746982134,2071,16.851762433606954,2071,26.31578947368421,2071,65.88198367859385,64.56371625863152,3186,3186,2099,2.0009528346831824,48.529411764705884,47.660427807486634,1496,1496,51.47271849348141,2071,10.284886528247224,2071,34.76581361661033,2071,32.71319178558997,81.24260355029585,48.529411764705884,1690,1496,9.75374215354901,2071,3.669724770642202,2071,8.353452438435538,2071,5.552873008208595,2071,4.53887011105746,2071,13.230323515210044,2071,3.814582327378078,2071,6.132303235152101,2071,43.11926605504587,2071,2.1245774987928536,2071,2.221149203283438,2071,3.0420086914534044,2071,66.98800342759212,4668,48.329048843187664,4668,24.592973436161095,4668,32.79777206512425,4668,53.149100257069406,4668,71.48671808054841,4668,99.1377452037077,4639,98.87906876482,4639,53.67231638418079,3186,46.54020262987713,4639,1.5089458935115327,4639,16.626447876447877,4144,1.89096,1073,2.4188626,10.126585,3476.0,97.90575916230367,382,25.87837837837838,1480,42.489864,10.890928344511119,2833,40.76655052264808,3157,18.87868229331644,3157,2.5340513145391195,3157,4.40291415901172,3157,33.41780171048464,3157,46.45323289391086,3186,3.044569993722536,3186,0.031387319522912745,3186,0.0,3186,0.0,3186,0.0,3186,0.031387319522912745,3186,0.0,3186,0.0,3186,0.0,3186,2.7807717180426814,4639,1.4011640439749946,4639,1.7029532226773012,4639,1.0347057555507653,4639,4.850183229144212,4639,50.36908380373426,4606,38.732088580112894,4606,1.6500217108119843,4606,9.24880590534086,4606,90.75119409465914,4606,6.341463414634147,205,21.434549356223176,87.42937853107344,4248,11.8879472693032,4248,41.843629343629345,4144,96.56565656565657,495,3.9017029532226775,4639,4.143947655398037,917,52.20293724966622,1498,11.815754339118826,1498,26.43524699599466,1498,4.672897196261682,1498,1498,3.096795727636849,93.76035339591385,6.239646604086147,3.423522915516289,1811,1811,1811
040701,16256,8007,26.783956692913385,16256,68.91609251968504,16256,4.299950787401575,16256,37.81373031496063,16256,7.141978346456693,16256,26.0,29.134413,103.02235543899089,8249,6.299212598425197,16256,28.174212598425196,16256,0.6336122047244095,16256,45.103990002677854,38.8645898420066,6.239400160671249,16.054203031694993,622.8898426323319,2.100626799932238,11806,3.7625129444252674,5794,98.13624678663238,4668,98.34097358655315,4581,91.796875,512,75.97189695550351,2135,2.58746002519624,10319,12.336466711890687,10319,48.99699583292955,10319,36.07907742998353,10319,85.07607326291307,10319,87.29528055044094,10319,3.2635109484172835,3.7625129444252674,0.499001996007984,5794,6012,6.028064712793935,39.16583912611718,33.13777441332324,5035,5284,-0.30124454330661976,11.245878848063555,11.547123391370175,5035,5284,49.78178234548782,7103,33.88708996198789,7103,1.5627199774743066,7103,7.264536111502182,7103,0.8165563846262143,7103,0.21117837533436576,7103,50.59833873011404,7103,61.914013007855395,59.65875496241237,11839,11839,7330,3.6425648021828105,48.65841073271414,46.59442724458204,5814,5814,36.322680557510914,7103,9.460791214979587,7103,47.89525552583415,7103,26.046983458157236,74.70539419087137,48.65841073271414,6025,5814,13.61396592988878,7103,5.011966774602281,7103,7.2082218780796845,7103,4.181331831620442,7103,5.0542024496691536,7103,16.331127692524287,7103,5.856680275939744,7103,6.757708010699704,7103,29.114458679431227,7103,2.3933549204561455,7103,3.998310572997325,7103,3.702660847529213,7103,59.264271653543304,16256,53.06963582677165,16256,23.818897637795274,16256,27.915846456692915,16256,56.188484251968504,16256,66.01870078740157,16256,99.72809294277593,16182,99.61685823754789,16182,43.16242925922798,11839,40.99616858237548,16182,0.4511185267581263,16182,9.008771351315703,15163,1.9490298,3865,2.4981413,12.883759,13420.0,97.5363941769317,893,32.95075125208681,4792,45.69157,11.400135672061246,10319,39.15982203969884,11688,10.335386721423683,11688,4.868240930869268,11688,5.201916495550993,11688,40.43463381245722,11688,33.59236421995101,11839,4.029056508151026,11839,0.016893318692457134,11839,0.0,11839,0.1520398682321142,11839,0.0,11839,0.0,11839,0.0,11839,0.0,11839,0.0,11839,3.6274873316030156,16182,1.5016685205784204,16182,2.311209986404647,16182,0.8836979359782474,16182,6.087010258311705,16182,55.04735792622134,16048,35.35019940179462,16048,1.2587238285144566,16048,8.343718843469592,16048,91.65628115653041,16048,3.4675615212527964,894,20.758838746766312,87.98598039852016,15407,11.20270007139612,15407,40.40097606014641,15163,99.01864573110893,1019,4.325794092201211,16182,2.689961175818081,3606,50.91885195126987,4843,12.51290522403469,4843,22.093743547387984,4843,3.5721660128019823,4843,4843,3.341317365269461,94.03463758819757,5.965362411802431,3.4316869788325848,6236,6236,6236
040702,3175,1600,25.165354330708663,3175,62.960629921259844,3175,11.874015748031496,3175,33.85826771653543,3175,15.779527559055119,3175,30.0,33.281574,98.4375,1575,6.74015748031496,3175,24.47244094488189,3175,2.141732283464567,3175,58.82941470735368,39.96998499249625,18.859429714857427,47.18397997496871,211.93633952254643,3.1833616298811545,2356,5.354200988467875,1214,96.79075738125802,779,97.48010610079575,754,91.25,80,63.858695652173914,368,3.078358208955224,2144,16.138059701492537,2144,40.485074626865675,2144,40.298507462686565,2144,80.78358208955224,2144,83.30223880597015,2144,4.478544245910958,5.354200988467875,0.8756567425569177,1214,1142,0.0919950378434109,40.34296028880866,40.25096525096525,1108,1036,-1.0146773901286537,10.961191335740072,11.975868725868725,1108,1036,34.91525423728814,1475,47.32203389830509,1475,2.3728813559322033,1475,6.440677966101695,1475,0.4067796610169492,1475,2.305084745762712,1475,35.32203389830509,1475,64.0169133192389,62.15644820295983,2365,2365,1514,2.906208718626156,54.91803278688525,52.78688524590164,1220,1220,24.271186440677965,1475,18.576271186440678,1475,51.11864406779661,1475,18.793757606127855,73.7117903930131,54.91803278688525,1145,1220,21.28813559322034,1475,2.983050847457627,1475,9.423728813559322,1475,11.864406779661017,1475,6.576271186440678,1475,14.508474576271187,1475,6.237288135593221,1475,7.322033898305085,1475,14.847457627118644,1475,1.9661016949152543,1475,8.0,1475,5.762711864406779,1475,75.2755905511811,3175,26.834645669291337,3175,28.15748031496063,3175,34.173228346456696,3175,56.881889763779526,3175,82.51968503937007,3175,99.3358633776091,3162,98.9247311827957,3162,58.77378435517971,2365,40.16445287792536,3162,1.5812776723592663,3162,9.328358208955224,2948,1.59375,704,2.544613,12.233335,3000.0,95.88235294117646,170,40.63373718546132,1073,50.125816,11.451492537313433,2144,34.286934244235695,2342,11.912894961571306,2342,5.038428693424423,2342,6.191289496157131,2342,42.57045260461145,2342,53.82663847780127,2365,2.6215644820295982,2365,0.0,2365,0.0,2365,0.042283298097251586,2365,0.0,2365,0.0,2365,0.042283298097251586,2365,0.0,2365,0.0,2365,2.8779253636938646,3162,1.929158760278305,3162,2.719797596457938,3162,0.9487666034155597,3162,5.597722960151803,3162,67.98722044728434,3130,20.798722044728436,3130,0.5111821086261981,3130,10.702875399361023,3130,89.29712460063898,3130,10.0,140,21.752,85.06363027461487,2986,14.534494306764904,2986,49.762550881953864,2948,98.13084112149532,214,2.90955091714105,3162,4.09556313993174,586,39.74001857010214,1077,29.526462395543174,1077,30.362116991643454,1077,9.285051067780874,1077,1077,2.935933147632312,73.92344497607655,26.076555023923447,15.311004784688995,1254,1254,1254
040901,3051,1417,20.780072107505735,3051,77.15503113733202,3051,2.0648967551622417,3051,30.77679449360865,3051,4.621435594886922,3051,26.0,27.480497,115.31404375441073,1634,6.588003933136677,3051,39.56079973779089,3051,0.42608980662078005,3051,29.609175870858113,26.93288020390824,2.6762956669498728,9.936908517350158,1006.3492063492064,0.7979840403191936,2381,1.286764705882353,1088,87.94212218649518,622,95.9780621572212,547,69.0721649484536,97,26.009693053311793,619,3.005085529357374,2163,11.83541377716135,2163,57.142857142857146,2163,28.016643550624135,2163,85.15950069348128,2163,87.47110494683311,2163,0.9000671034074883,1.286764705882353,0.3866976024748647,1088,1293,1.3697509668931644,28.75882946518668,27.389078498293514,991,1172,-0.7889521047791899,10.75882946518668,11.54778156996587,991,1172,37.01657458563536,1810,38.12154696132597,1810,1.160220994475138,1810,4.088397790055248,1810,1.9337016574585635,1810,0.11049723756906077,1810,38.950276243093924,1810,76.86192468619247,75.18828451882845,2390,2390,1837,2.1774632553075666,71.05022831050228,69.86301369863014,1095,1095,5.414364640883978,1810,11.767955801104973,1810,78.39779005524862,1810,10.725833465559504,81.77606177606178,71.05022831050228,1295,1095,11.38121546961326,1810,10.165745856353592,1810,5.359116022099448,1810,1.988950276243094,1810,9.723756906077348,1810,33.86740331491713,1810,15.6353591160221,1810,12.265193370165745,1810,0.055248618784530384,1810,3.8121546961325965,1810,1.6574585635359116,1810,2.3756906077348066,1810,81.31760078662734,3051,8.652900688298919,3051,15.961979678793838,3051,22.615535889872174,3051,38.806948541461814,3051,61.455260570304816,3051,98.74130506790328,3019,98.27757535607817,3019,31.548117154811717,2390,74.59423650215304,3019,1.8549188473004306,3019,35.88381154799858,2823,1.3485045,769,1.6641711,6.007755,1548.0,74.44444444444444,180,41.26637554585153,458,40.722706,11.186315302820157,2163,27.851915626345242,2323,16.53034868704262,2323,4.261730520878174,2323,3.0563925957813174,2323,48.29961256995265,2323,12.133891213389122,2390,17.698744769874477,2390,0.20920502092050208,2390,0.0,2390,0.0,2390,0.0,2390,0.0,2390,0.0,2390,0.0,2390,0.0,2390,2.3186485591255384,3019,0.7618416694269625,3019,0.9937065253395164,3019,0.6955945677376615,3019,3.4117257369990064,3019,65.14324693042292,2932,2.9672578444747613,2932,0.6480218281036835,2932,31.241473396998636,2932,68.75852660300137,2932,9.352517985611511,139,21.73846153846154,87.65259853505407,2867,10.987094523892571,2867,28.586609989373006,2823,94.89795918367346,196,16.32991056641272,3019,10.176991150442477,452,58.96414342629482,502,8.96414342629482,502,7.370517928286852,502,0.796812749003984,502,502,6.01394422310757,93.42875731945348,6.5712426805465185,2.862719583604424,1537,1537,1537
041101,2187,1103,27.434842249657063,2187,62.185642432556016,2187,10.379515317786923,2187,37.40283493369913,2187,13.214449016918152,2187,27.0,31.267033,98.27742520398913,1084,8.001828989483311,2187,27.434842249657063,2187,2.7434842249657065,2187,60.80882352941177,44.11764705882353,16.691176470588236,37.833333333333336,264.3171806167401,4.353393085787452,1562,7.047387606318347,823,96.35761589403974,604,97.42268041237114,582,86.74698795180723,83,63.39622641509434,265,4.931109499637419,1379,19.216823785351703,1379,45.25018129079043,1379,30.60188542422045,1379,75.85206671501088,1379,78.1725888324873,1379,5.6942076333819465,7.047387606318347,1.3531799729364005,823,739,-4.592047737209029,28.434065934065934,33.02611367127496,728,651,-1.4933681909488357,9.781593406593407,11.274961597542243,728,651,21.038251366120218,1098,63.114754098360656,1098,1.5482695810564664,1098,8.287795992714026,1098,0.36429872495446264,1098,0.09107468123861566,1098,21.40255009107468,1098,71.07438016528926,68.91290527654164,1573,1573,1118,3.041144901610018,64.21686746987952,62.53012048192771,830,830,18.48816029143898,1098,19.216757741347905,1098,57.01275045537341,1098,14.517991211143368,78.73485868102289,64.21686746987952,743,830,12.659380692167577,1098,2.73224043715847,1098,17.66848816029144,1098,10.746812386156648,1098,8.014571948998178,1098,30.601092896174862,1098,10.200364298724955,1098,4.462659380692168,1098,0.819672131147541,1098,0.7285974499089253,1098,3.551912568306011,1098,3.096539162112933,1098,83.67626886145405,2187,11.8427069044353,2187,17.78692272519433,2187,32.60173754000915,2187,48.10242341106539,2187,70.00457247370828,2187,99.2619926199262,2168,98.98523985239852,2168,71.2015257469803,1573,35.42435424354244,2168,0.6457564575645757,2168,13.039117352056168,1994,1.7341514,489,2.6226914,12.266535,1981.0,92.71523178807946,151,41.666666666666664,864,46.435184,10.48658448150834,1379,33.204384268214056,1551,17.66602192134107,1551,4.771115409413282,1551,6.576402321083172,1551,37.78207607994842,1551,1.9071837253655435,1573,63.38207247298156,1573,0.06357279084551812,1573,0.0,1573,0.0,1573,0.0,1573,0.0,1573,0.0,1573,0.0,1573,0.0,1573,2.952029520295203,2168,2.3985239852398523,2168,2.9981549815498156,2168,1.2915129151291513,2168,5.857933579335794,2168,82.00934579439253,2140,6.214953271028038,2140,0.514018691588785,2140,11.261682242990654,2140,88.73831775700934,2140,4.237288135593221,118,21.40339702760085,84.71337579617834,2041,14.502694757471827,2041,50.25075225677031,1994,98.85057471264368,174,6.365313653136531,2168,0.9411764705882353,425,40.43528064146621,873,23.253150057273768,873,36.65521191294387,873,10.652920962199312,873,873,2.4833906071019474,77.11111111111111,22.888888888888886,7.666666666666667,900,900,900
041401,4307,2209,30.415602507545856,4307,60.065010448107735,4307,9.519387044346413,4307,38.86696076155096,4307,12.793127466914326,4307,26.0,30.260042,94.97510185604345,2098,11.214302298583702,4307,23.821685628047366,4307,1.950313443231948,4307,66.48627754155392,50.63780440664863,15.848473134905296,31.297709923664122,319.5121951219512,4.550084889643464,2945,7.255936675461742,1516,93.71772805507746,1162,81.5426997245179,1089,70.79207920792079,202,73.27394209354121,449,6.174242424242424,2640,16.893939393939394,2640,36.17424242424242,2640,40.75757575757576,2640,76.93181818181819,2640,79.35606060606061,2640,5.576440524307088,7.255936675461742,1.6794961511546536,1516,1429,-7.827779210181923,36.93560325684678,44.763382467028705,1351,1289,-1.686822220014598,10.069578090303478,11.756400310318076,1351,1289,31.135531135531135,1911,46.049188906331764,1911,1.465201465201465,1911,8.686551543694401,1911,0.6279434850863422,1911,0.15698587127158556,1911,31.763474620617476,1911,66.65538253215978,64.45497630331754,2954,2954,1969,3.3011681056373794,59.05511811023622,57.48031496062992,1524,1524,25.74568288854003,1911,20.669806384092098,1911,48.97959183673469,1911,15.700126645008538,74.75524475524476,59.05511811023622,1430,1524,18.15803244374673,1911,3.2443746729461016,1911,25.22239665096808,1911,12.663526949241234,1911,8.006279434850864,1911,21.140763997906856,1911,4.13396127681842,1911,4.657247514390371,1911,0.5232862375719518,1911,2.197802197802198,1911,6.122448979591836,1911,4.029304029304029,1911,81.42558625493383,4307,23.821685628047366,4307,19.061992105874157,4307,35.68609240770838,4307,44.74111910842814,4307,67.19294172277688,4307,99.13023037141514,4254,98.73060648801129,4254,47.088693297224104,2954,28.584861307005173,4254,0.25858015984955335,4254,11.629139072847682,3775,1.6771562,858,2.5139296,10.990304,3403.0,93.39622641509433,212,36.7816091954023,1131,49.826702,10.893181818181818,2640,37.718396711202466,2919,13.120931825967798,2919,4.453579993148338,2919,6.303528605686879,2919,38.403562863994516,2919,34.66486120514556,2954,6.973595125253893,2954,0.033852403520649964,2954,0.0,2954,0.0,2954,0.0,2954,0.0,2954,0.0,2954,0.0,2954,0.0,2954,3.7141513869299483,4254,2.209685002350729,4254,2.4682651622002822,4254,1.4104372355430184,4254,5.900329102021627,4254,72.36999760364246,4173,16.223340522405945,4173,1.4857416726575605,4173,9.920920201294033,4173,90.07907979870596,4173,7.216494845360825,194,22.50185414091471,82.02824133504492,3895,16.020539152759948,3895,40.980132450331126,3775,94.78079331941545,479,7.357780912082745,4254,2.73972602739726,803,49.91304347826087,1150,25.91304347826087,1150,19.391304347826086,1150,6.3478260869565215,1150,1150,3.699130434782609,81.87134502923976,18.128654970760238,5.653021442495127,1539,1539,1539
050101,198397,104292,28.774124608739044,198397,65.99898183944313,198397,5.2268935518178194,198397,38.93204030302878,198397,7.693664722752864,198397,25.0,27.93769,90.23223257776243,94105,8.571198153197882,198397,29.876459825501392,198397,0.9733010075757194,198397,51.51748892622575,43.59783106766458,7.919657858561173,18.165256538266156,550.5014464802315,2.7562366357804704,140300,4.517363741477612,75243,97.64518666857388,55928,84.34564465034516,54611,94.43315725314913,7383,69.75020785887287,27663,3.415098756164693,123891,11.46249525792834,123891,33.61745405235247,123891,51.504951933554494,123891,85.12240598590697,123891,86.96676917613063,123891,3.797994572902363,4.517363741477612,0.7193691685752494,75243,65057,-0.10002589454751387,51.458937486920384,51.5589633814679,66898,56993,-0.9026818862992272,11.854674280247542,12.757356166546769,66898,56993,44.817430918252306,86926,39.562386397625566,86926,2.7770747532383866,86926,6.198375629846076,86926,0.8466971907139406,86926,0.6085636058256448,86926,45.664128108966246,86926,64.55237946215834,61.38450486845568,140599,140599,90760,4.907448215072719,55.59517024745192,52.46722951927792,75449,75449,15.846812231093114,86926,13.422911441916112,86926,65.17497641672227,86926,19.330386160836653,74.92555640828857,55.59517024745192,65150,75449,26.75148977291029,86926,5.566803948185814,86926,4.628074454133401,86926,6.433058003359179,86926,6.694199664082093,86926,21.06044221521754,86926,5.8820145871200795,86926,7.891770011273957,86926,11.218737776959713,86926,3.8561535098819686,86926,8.641833283482502,86926,5.373536111175023,86926,66.29586132854831,198397,27.613824805818638,198397,39.31561465143122,198397,24.67678442718388,198397,59.85070338765203,198397,72.36248531983851,198397,99.51295331541083,197517,99.25272255046401,197517,32.08771043890781,140599,21.130333085253422,197517,1.368996086412815,197517,7.529084737503669,180593,1.6178926,51865,2.062742,9.186495,146748.0,95.20566790480122,14538,45.305615371873444,60370,42.19889,12.269930826290853,123891,31.379866490196505,138267,13.47103791938785,138267,5.367875197986504,138267,4.354618238625268,138267,45.42660215380387,138267,27.55922872851158,140599,1.0789550423544976,140599,0.03911834365820525,140599,0.006401183507706314,140599,0.1315798832139631,140599,0.005689940895738946,140599,0.0007112426119673682,140599,0.0007112426119673682,140599,0.0021337278359021047,140599,0.0,140599,3.0691029126606826,197517,1.0237093516001154,197517,1.6656794098735805,197517,0.8227139942384706,197517,4.971723952874942,197517,56.49950855821675,196361,24.06282306568005,196361,1.7233564709896567,196361,17.71431190511354,196361,82.28568809488645,196361,5.6259204712812965,10185,22.18371953747639,84.31088543870499,184338,14.994195445323266,184338,43.613539838199706,180593,98.24509572205153,16924,1.6459342740118572,197517,4.500012221651878,40911,52.8996221455561,60870,14.116970593067192,60870,20.616067028092658,60870,2.8618367011664203,60870,60870,3.2448989650073927,95.10114302424635,4.898856975753645,0.0,78651,78651,78651
050201,9212,4975,27.757273122014762,9212,65.40382110290925,9212,6.838905775075988,9212,38.753799392097264,9212,10.117238384715588,9212,25.0,29.101389,85.16582914572864,4237,7.8376031263569255,9212,29.277029960920537,9212,1.1832392531480678,9212,52.89626556016597,42.439834024896264,10.45643153526971,24.638247946812672,405.87301587301585,6.979230299328039,6548,11.170662905500706,3545,97.39096573208722,2568,99.16033586565374,2501,94.42815249266862,341,61.111111111111114,1242,8.40584754611904,5746,15.019143752175426,5746,32.248520710059175,5746,44.32648799164636,5746,76.57500870170553,5746,78.28054298642535,5746,9.139360874198674,11.170662905500706,2.0313020313020314,3545,3003,-4.365852726508464,42.37074401008827,46.73659673659674,3172,2574,-1.8226018062083629,10.269861286254729,12.092463092463092,3172,2574,31.93439459720212,4146,49.782923299565844,4146,2.1466473709599616,4146,7.549445248432224,4146,0.3376748673420164,4146,0.9889049686444766,4146,32.27206946454414,4146,63.956475744295,61.97672661326885,6617,6617,4232,3.0954631379962194,61.09253065774805,59.448160535117054,3588,3588,23.902556681138446,4146,13.892908827785817,4146,57.67004341534009,4146,6.256429395074669,67.34896005282272,61.09253065774805,3029,3588,22.286541244573083,4146,3.4008683068017365,4146,19.39218523878437,4146,6.2228654124457305,4146,7.549445248432224,4146,17.41437530149542,4146,5.161601543656537,4146,7.501205981669079,4146,4.510371442354076,4146,4.438012542209359,4146,11.095031355523396,4146,4.413892908827786,4146,68.51932262266608,9212,31.089882761615286,9212,19.659140251845418,9212,34.639600521059485,9212,58.22839774207555,9212,69.85453755970474,9212,99.67256057629339,9162,99.54158480681075,9162,59.150672510201,6617,36.25845885177909,9162,0.46932984064614713,9162,16.625222024866787,8445,1.8504043,2226,2.6668713,14.564562,8658.0,88.36524300441826,679,55.27438157520614,3517,42.426216,11.086320918900105,5746,32.800620636152054,6445,13.064391000775796,6445,4.546159813809155,6445,6.377036462373933,6445,43.21179208688906,6445,48.57186035967961,6617,2.765603747922019,6617,0.06045035514583648,6617,0.03022517757291824,6617,0.04533776635937736,6617,0.01511258878645912,6617,0.0,6617,0.0,6617,0.0,6617,0.0,6617,3.13250382012661,9162,1.5171359965073128,9162,2.1720148439205413,9162,1.37524557956778,9162,5.686531325038201,9162,66.01299988983145,9077,24.215049025008263,9077,0.4406742315743087,9077,9.331276853585987,9077,90.66872314641401,9077,4.55531453362256,461,21.95292504570384,69.48995004066458,8607,29.56895550133612,8607,63.75370041444642,8445,97.90794979079497,717,4.96616459288365,9162,2.8877005347593583,1870,44.90481522956327,3572,15.481522956326987,3572,37.29003359462486,3572,7.3908174692049275,3572,3572,2.56494960806271,83.79644083671558,16.203559163284424,0.34342803621604745,3203,3203,3203
050202,2850,1509,23.92982456140351,2850,65.08771929824562,2850,10.982456140350877,2850,33.12280701754386,2850,14.350877192982455,2850,25.0,31.272982,88.86679920477137,1341,7.087719298245614,2850,33.6140350877193,2850,1.8596491228070176,2850,53.6388140161725,36.76549865229111,16.873315363881403,45.894428152492665,217.89137380191693,8.916001877053027,2131,13.862249346120313,1147,96.2852897473997,673,99.22839506172839,648,92.85714285714286,98,82.11091234347049,559,9.902011346054667,1939,17.07065497679216,1939,24.239298607529655,1939,48.78803506962352,1939,73.02733367715317,1939,75.55440948942754,1939,10.711842842055272,13.862249346120313,3.1504065040650406,1147,984,-6.613265897746942,45.725264169068204,52.338530066815146,1041,898,-1.8342286947833681,10.000960614793469,11.835189309576837,1041,898,24.45537596626845,1423,49.61349262122277,1423,2.3893183415319745,1423,16.51440618411806,1423,0.35137034434293746,1423,0.28109627547434995,1423,24.806746310611384,1423,66.38772663877266,65.41143654114366,2151,2151,1428,1.4705882352941178,63.36206896551724,62.758620689655174,1160,1160,44.483485593815885,1423,9.838369641602249,1423,41.672522839072386,1423,6.567295312989316,69.92936427850655,63.36206896551724,991,1160,21.50386507378777,1423,2.037947997189037,1423,38.299367533380185,1423,3.302881236823612,1423,6.46521433591005,1423,11.384399156711174,1423,3.724525650035137,1423,4.005621925509487,1423,6.184118060435699,1423,1.1243851018973998,1423,16.163035839775123,1423,2.8109627547434997,1423,76.35087719298245,2850,31.43859649122807,2850,26.280701754385966,2850,48.10526315789474,2850,54.03508771929825,2850,76.21052631578948,2850,99.78798586572438,2830,99.64664310954063,2830,74.10506741050673,2151,31.731448763250885,2830,0.2826855123674912,2830,14.98668695321415,2629,1.7937984,645,3.002893,16.371256,3103.0,94.88636363636364,176,52.7992277992278,1036,47.269306,10.850438370293967,1939,35.4206500956023,2092,10.038240917782026,2092,3.4894837476099427,2092,7.361376673040153,2092,43.69024856596558,2092,70.1999070199907,2151,0.9298000929800093,2151,0.0,2151,0.0,2151,0.0,2151,0.0,2151,0.0,2151,0.0,2151,0.0,2151,0.0,2151,3.2508833922261484,2830,2.049469964664311,2830,2.791519434628975,2830,2.049469964664311,2830,6.855123674911661,2830,69.07473309608541,2810,24.519572953736656,2810,0.42704626334519574,2810,5.9786476868327405,2810,94.02135231316726,2810,2.097902097902098,143,21.390988372093023,57.92614696008952,2681,40.65647146587094,2681,70.7873716241917,2629,98.50746268656717,201,5.30035335689046,2830,3.2537960954446854,461,38.3587786259542,1048,25.095419847328245,1048,37.97709923664122,1048,11.450381679389313,1048,1048,2.700381679389313,79.3859649122807,20.6140350877193,0.43859649122807015,912,912,912
050203,36463,19547,27.485396155006445,36463,66.84584373200231,36463,5.668760112991252,36463,39.00117927762389,36463,8.189123220799166,36463,23.0,27.870525,86.54013403591344,16916,7.385568932890876,36463,34.05095576337657,36463,1.031182294380605,36463,49.59793222286042,41.11758431115123,8.480347911709199,20.624625823188985,484.8572810836962,4.858176280220826,26265,7.645555632295048,14479,97.36348375629505,10127,95.49695740365111,9860,88.42905405405405,1184,80.07204610951008,6940,5.813347236704901,23016,12.204553354188391,23016,30.083420229405633,23016,51.89867917970108,23016,81.98209940910671,23016,83.56795272853667,23016,6.2116509996800815,7.645555632295048,1.433904632614967,14479,11786,-1.2207883427224573,51.3511384227527,52.571926765475155,12693,10323,-1.1612139659272565,11.330891042306783,12.49210500823404,12693,10323,33.018926083472046,16221,47.78373713087972,16221,2.774181616423155,16221,8.01430244744467,16221,0.5055175389926638,16221,1.4117502003575613,16221,33.52444362246471,16221,63.25577864652522,60.91395604812692,26347,26347,16666,3.702148085923437,56.0581027123778,53.696819496076,14526,14526,18.340422908575302,16221,14.394920165217927,16221,61.99987670303927,16221,16.04239639937248,72.10049911175028,56.0581027123778,11821,14526,21.29338511805684,16221,4.377042105912089,16221,10.276801676838666,16221,6.263485605079834,16221,7.897170334751248,16221,21.79273780901301,16221,6.257320757043339,16221,8.951359348992048,16221,8.063621231736638,16221,2.595401023364774,16221,9.68497626533506,16221,4.2537451451821715,16221,67.60551792227737,36463,29.037654608781505,36463,27.46619861229191,36463,31.66223294846831,36463,60.49145709349203,36463,73.37849326714752,36463,99.63134147683503,36348,99.3809838230439,36348,56.530155235890234,26347,41.09717178386706,36348,0.5089688566083416,36348,15.917664181542756,33667,1.6208949,9409,2.2762778,13.870591,29905.0,89.95901639344262,2440,50.372752521561175,13682,40.467987,11.85171185262426,23016,30.032442453267418,25892,12.061640661208095,25892,4.364282403831299,25892,5.128997373706164,25892,48.412637107987024,25892,48.63172277678673,26347,3.2451512506167686,26347,0.04554598246479675,26347,0.0037954985387330625,26347,0.07970546931339431,26347,0.0,26347,0.0,26347,0.0,26347,0.0,26347,0.0,26347,2.952019368328381,36348,1.2132717068339387,36348,1.986354132276879,36348,1.083966105425333,36348,5.14471222625729,36348,65.61988514994313,36047,20.80616972286182,36047,0.8322467889144728,36047,12.741698338280578,36047,87.25830166171943,36047,4.838012958963283,2315,21.759979723735903,76.1125215209081,34269,23.014969797776416,34269,57.61428104672231,33667,98.43342036553524,2681,3.1060856168152307,36348,3.694385593220339,7552,42.56952491309386,13808,12.94901506373117,13808,35.67497103128621,13808,4.707415990730012,13808,13808,2.6323870220162227,88.9202489506441,11.079751049355906,0.39803155304675064,13818,13818,13818
050204,2028,1018,34.81262327416174,2028,61.73570019723866,2028,3.4516765285996054,2028,43.44181459566075,2028,4.733727810650888,2028,24.0,25.892506,99.21414538310412,1010,9.319526627218934,2028,25.93688362919132,2028,0.7889546351084813,2028,61.980830670926515,56.38977635782748,5.5910543130990416,9.91501416430595,1008.5714285714286,5.194805194805195,1309,8.782742681047766,649,98.66666666666667,675,99.24924924924925,666,97.36842105263158,76,40.56603773584906,212,5.831903945111493,1166,22.898799313893655,1166,48.284734133790735,1166,22.984562607204115,1166,71.26929674099486,1166,74.09948542024014,1166,7.1160760143810995,8.782742681047766,1.6666666666666667,649,660,7.387982387982387,26.748251748251747,19.36026936026936,572,594,-0.7539497539497528,9.234265734265735,9.988215488215488,572,594,28.38933951332561,863,34.29895712630359,863,5.677867902665121,863,10.776361529548089,863,0.5793742757821553,863,12.05098493626883,863,28.968713789107763,863,66.05783866057838,64.84018264840182,1314,1314,868,1.8433179723502304,46.17737003058104,44.801223241590215,654,654,68.13441483198146,863,4.171494785631518,863,24.44959443800695,863,39.58020572699471,85.75757575757575,46.17737003058104,660,654,7.879490150637312,863,1.7381228273464657,863,18.308227114716107,863,1.6222479721900347,863,2.549246813441483,863,8.80648899188876,863,1.5063731170336037,863,3.3603707995365006,863,49.826187717265356,863,1.6222479721900347,863,3.3603707995365006,863,3.3603707995365006,863,75.88757396449704,2028,54.832347140039445,2028,30.128205128205128,2028,50.19723865877712,2028,67.60355029585799,2028,78.64891518737673,2028,99.70267591674926,2018,99.65312190287413,2018,76.33181126331812,1314,36.967294350842415,2018,0.0,2018,13.162206444565811,1831,2.4377778,450,3.0,16.910112,1780.0,92.7710843373494,166,28.059701492537314,670,40.838806,9.618353344768439,1166,45.84949573312645,1289,17.30023273855702,1289,2.1722265321955003,1289,6.051202482544608,1289,28.626842513576417,1289,61.796042617960424,1314,0.76103500761035,1314,0.0,1314,0.0,1314,0.0,1314,0.0,1314,0.0,1314,0.0,1314,0.0,1314,0.0,1314,1.8830525272547076,2018,1.1892963330029733,2018,2.0812685827552033,2018,0.7433102081268583,2018,4.013875123885034,2018,54.43227091633466,2008,37.25099601593625,2008,0.647410358565737,2008,7.669322709163347,2008,92.33067729083665,2008,9.574468085106384,94,20.732558139534884,62.34600964113551,1867,36.475629351901446,1867,72.200983069361,1831,96.79144385026738,187,2.9732408325074333,2018,2.9940119760479043,501,55.22827687776142,679,8.98379970544919,679,24.59499263622975,679,5.007363770250368,679,679,2.972017673048601,95.94972067039106,4.050279329608941,0.13966480446927373,716,716,716
050301,6226,3355,30.179890780597493,6226,60.90587857372309,6226,8.914230645679408,6226,40.04176035978156,6226,11.917764214584002,6226,25.0,29.599422,85.57377049180327,2871,8.76967555412785,6226,27.112110504336652,6226,2.345004818503052,6226,64.18776371308017,49.55168776371308,14.636075949367088,29.536987759446514,338.55855855855856,9.733270940570893,4274,14.936708860759493,2370,95.49158066268332,1841,99.31740614334471,1758,88.75,240,61.56968876860623,739,11.414919033713831,3767,26.811786567560393,3767,30.767188744358908,3767,31.00610565436687,3767,61.773294398725774,3767,65.78178922219273,3767,11.68040633975109,14.936708860759493,3.2563025210084033,2370,1904,-6.376487809958622,28.206341694273544,34.582829504232166,2113,1654,-2.1389432378933666,8.165168007572172,10.304111245465538,2113,1654,25.16025641025641,3120,58.30128205128205,3120,1.2179487179487178,3120,8.621794871794872,3120,0.5769230769230769,3120,0.22435897435897437,3120,25.737179487179485,3120,72.90262607483152,71.322333255868,4303,4303,3137,2.1676761236850495,66.73640167364017,65.35564853556485,2390,2390,23.942307692307693,3120,17.083333333333332,3120,54.07051282051282,3120,13.869975744028409,80.60637741766858,66.73640167364017,1913,2390,12.01923076923077,3120,3.4935897435897436,3120,21.666666666666668,3120,5.737179487179487,3120,11.185897435897436,3120,26.987179487179485,3120,4.67948717948718,3120,8.10897435897436,3120,2.2756410256410255,3120,1.4102564102564104,3120,3.076923076923077,3120,3.5256410256410255,3120,81.49694828140058,6226,16.688082235785416,6226,28.188242852553806,6226,27.57789913266945,6226,62.92964985544491,6226,69.57918406681658,6226,99.02771025765678,6171,98.75222816399287,6171,58.67999070415989,4303,36.72014260249554,6171,2.8844595689515478,6171,11.825284090909092,5632,2.0377886,1429,2.8954954,12.938971,6407.0,94.58333333333333,480,49.282075034738305,2159,45.872627,9.104327050703478,3767,35.97908745247148,4208,14.710076045627376,4208,3.0180608365019013,4208,6.725285171102661,4208,39.56749049429658,4208,52.28910062746921,4303,0.3021148036253776,4303,0.06971880083662561,4303,0.0,4303,0.04647920055775041,4303,0.0,4303,0.0,4303,0.0,4303,0.0,4303,0.0,4303,4.245665208232053,6171,2.301085723545617,6171,3.0140982012639768,6171,2.4469291848970993,6171,7.567655161238049,6171,76.14528795811518,6112,8.655104712041885,6112,0.42539267015706805,6112,14.774214659685864,6112,85.22578534031413,6112,8.737864077669903,309,21.610169491525422,58.420138888888886,5760,40.677083333333336,5760,65.69602272727273,5632,97.03153988868274,539,3.8243396532166587,6171,5.52689756816507,1357,46.252873563218394,2175,22.25287356321839,2175,31.724137931034484,2175,10.160919540229886,2175,2175,2.837241379310345,85.71428571428571,14.285714285714292,6.684491978609626,2618,2618,2618
050401,5521,2252,34.06991487049448,5521,63.23129867777577,5521,2.698786451729759,5521,43.0537946024271,5521,4.491939865966311,5521,23.0,24.731028,145.15985790408527,3269,10.360441948922297,5521,32.04129686650969,5521,0.6701684477449737,5521,58.149527356058435,53.88140933829848,4.268118017759954,7.9213184476342375,1262.4161073825503,5.898797875314509,3577,11.188811188811188,1287,92.4956369982548,1719,99.37106918238993,1590,88.63636363636364,264,23.375,800,7.665724159597864,3183,27.52120640904807,3183,46.12001256676092,3183,18.69305686459315,3183,64.81306943135407,3183,70.18535972353126,3183,8.26304699667145,11.188811188811188,2.925764192139738,1287,2290,11.228206212697964,26.016260162601625,14.788053949903661,1107,2076,0.007141887411167502,8.87082204155375,8.863680154142582,1107,2076,24.31948424068768,2792,29.369627507163322,2792,13.073065902578797,2792,4.906876790830945,2792,0.8237822349570201,2792,18.517191977077363,2792,25.143266475644698,2792,77.20364741641338,76.45758496822327,3619,3619,2794,0.9663564781675018,52.03689469638739,51.26825518831668,1301,1301,69.37679083094555,2792,3.7249283667621778,2792,23.674785100286535,2792,39.29183696884125,91.32873166522864,52.03689469638739,2318,1301,6.948424068767908,2792,2.4355300859598854,2792,7.163323782234957,2792,1.683381088825215,2792,2.005730659025788,2792,9.885386819484241,2792,1.2535816618911175,2792,3.9040114613180514,2792,62.213467048710605,2792,1.7191977077363896,2792,2.005730659025788,2792,1.8624641833810889,2792,65.73084586125702,5521,47.02046730664735,5521,27.821046911791342,5521,35.95363158848035,5521,58.304654953812715,5521,74.0264444846948,5521,99.49026033133079,5493,99.10795557982887,5493,68.1680022105554,3619,36.7012561441835,5493,0.4915346805024577,5493,20.434694292098314,4923,2.1750278,897,2.7024515,14.379907,3185.0,86.19791666666667,384,23.423423423423422,1998,37.337837,8.866163996229972,3183,37.25208393216442,3479,22.24777234837597,3479,3.2480597872951997,3479,4.081632653061225,3479,33.17045127910319,3479,54.35203094777563,3619,0.5526388505111909,3619,0.027631942525559547,3619,0.0,3619,0.4973749654600718,3619,0.0,3619,0.0,3619,0.0,3619,0.0,3619,0.0,3619,1.9843437101765884,5493,0.7464045148370654,5493,1.18332423083925,5493,0.9102494083378846,5493,3.4225377753504462,5493,49.67453970615585,5377,36.60033475915938,5377,0.9112888227636229,5377,12.813836711921146,5377,87.18616328807886,5377,16.74641148325359,209,20.874064837905237,42.91650178076771,5054,55.87653343886031,5054,78.61060329067642,4923,98.0701754385965,570,2.8035681776806847,5493,8.583690987124463,1165,46.715328467153284,2055,6.7153284671532845,2055,36.83698296836983,2055,3.40632603406326,2055,2055,2.6729927007299272,98.4286865431104,1.5713134568895981,0.44319097502014504,2482,2482,2482
050403,2259,1355,25.71934484285082,2259,63.435148295706064,2259,10.845506861443116,2259,35.14829570606463,2259,14.829570606463037,2259,28.0,32.35901,66.71586715867159,904,6.949977866312528,2259,27.93271359008411,2259,2.567507746790615,2259,57.64131193300768,40.54431263084438,17.096999302163294,42.16867469879518,237.14285714285714,11.25989044430919,1643,15.851272015655578,1022,96.70138888888889,576,98.20466786355476,557,89.47368421052632,57,60.294117647058826,272,12.830957230142566,1473,26.951799049558723,1473,30.006788866259335,1473,30.210454854039376,1473,60.21724372029871,1473,63.13645621181263,1473,12.147568311951874,15.851272015655578,3.7037037037037037,1022,621,-5.5150649041324264,28.188638799571276,33.7037037037037,933,540,-1.7639930927712282,8.189710610932476,9.953703703703704,933,540,19.26765475152572,1147,63.99302528334786,1147,1.1333914559721012,1147,6.190061028770706,1147,1.046207497820401,1147,0.26155187445510025,1147,20.31386224934612,1147,69.89182692307692,67.66826923076923,1664,1664,1163,3.181427343078246,64.8936170212766,62.66924564796905,1034,1034,40.01743679163034,1147,11.595466434176112,1147,43.068875326939846,1147,13.201621073961505,78.0952380952381,64.8936170212766,630,1034,13.339145597210113,1147,3.5745422842197034,1147,38.18657367044464,1147,3.923278116826504,1147,7.5850043591979075,1147,19.26765475152572,1147,2.5283347863993026,1147,5.492589363557106,1147,1.8308631211857018,1147,1.4821272885789014,1147,6.713164777680907,1147,3.748910200523104,1147,79.19433377600708,2259,19.96458610004427,2259,17.972554227534307,2259,35.28109783089863,2259,50.90748118636565,2259,73.4838424081452,2259,99.59821428571429,2240,99.50892857142857,2240,68.99038461538461,1664,29.553571428571427,2240,0.35714285714285715,2240,19.72168905950096,2084,2.1619718,568,3.0270271,13.285714,2800.0,79.48717948717949,195,60.771929824561404,1425,41.193684,8.836388323150034,1473,43.21140731556107,1613,9.857408555486671,1613,3.781773093614383,1613,6.9435833849969,1613,36.20582765034098,1613,53.90625,1664,0.4807692307692308,1664,0.0,1664,0.0,1664,0.2403846153846154,1664,0.0,1664,0.0,1664,0.0,1664,0.0,1664,0.0,1664,3.080357142857143,2240,1.9196428571428572,2240,3.080357142857143,2240,2.2767857142857144,2240,6.160714285714286,2240,78.36124943413309,2209,12.132186509732911,2209,0.7695789950203712,2209,8.736985061113627,2209,91.26301493888637,2209,10.526315789473685,114,21.746666666666666,43.24324324324324,2109,55.42911332385017,2109,72.79270633397313,2084,96.15384615384616,156,7.901785714285714,2240,6.235565819861431,433,27.574525745257453,1476,15.785907859078591,1476,68.02168021680217,1476,11.314363143631436,1476,1476,1.5176151761517616,85.90686274509804,14.093137254901961,0.36764705882352944,816,816,816
050601,3197,1750,26.7438223334376,3197,63.30935251798561,3197,9.94682514857679,3197,37.159837347513296,3197,13.262433531435722,3197,28.0,31.709728,82.68571428571428,1447,7.600875821082265,3197,25.179856115107913,3197,2.1269940569283703,3197,57.95454545454545,42.24308300395257,15.711462450592885,37.19298245614035,268.8679245283019,4.734765453748356,2281,7.781201848998459,1298,97.05215419501134,882,98.83177570093459,856,94.89795918367346,98,66.16766467065868,334,6.469408224674022,1994,18.756268806419257,1994,34.052156469408224,1994,40.72216649949849,1994,74.77432296890672,1994,77.48244734202608,1994,7.0690960504226705,7.781201848998459,0.7121057985757884,1298,983,-4.8080946403438745,38.670166229221344,43.47826086956522,1143,851,-1.502120401812288,10.288713910761155,11.790834312573443,1143,851,32.15887251761691,1561,51.50544522741832,1561,0.9609224855861627,1561,6.726457399103139,1561,0.6406149903907752,1561,0.19218449711723254,1561,32.79948750800769,1561,69.1035683202785,66.92776327241079,2298,2298,1588,3.1486146095717884,63.282442748091604,61.7557251908397,1310,1310,19.730941704035875,1561,14.15759128763613,1561,60.98654708520179,1561,13.53941960008654,76.82186234817814,63.282442748091604,988,1310,21.268417680973734,1561,3.6515054452274183,1561,17.809096732863548,1561,4.484304932735426,1561,9.545163356822549,1561,23.44650864830237,1561,5.060858424087123,1561,6.726457399103139,1561,1.9218449711723253,1561,4.099935938500961,1561,9.80140935297886,1561,5.188981422165279,1561,72.50547388176416,3197,31.248045042227087,3197,23.991241789177355,3197,32.21770409759149,3197,54.64497966843916,3197,65.21739130434783,3197,98.79326770403303,3149,98.4757065735154,3149,64.57789382071367,2298,36.265481105112734,3149,2.2864401397268974,3149,13.583218707015131,2908,1.8151596,752,2.5824268,9.368902,3074.0,97.05882352941177,204,54.13127413127413,1295,44.75367,10.929789368104313,1994,30.376344086021504,2232,12.768817204301076,2232,4.749103942652329,2232,6.406810035842294,2232,45.69892473118279,2232,21.801566579634464,2298,0.5657093124456049,2298,0.0,2298,0.04351610095735422,2298,0.08703220191470844,2298,0.0,2298,0.0,2298,0.0,2298,0.0,2298,0.0,2298,3.6201968879009208,3149,1.8100984439504604,3149,2.953318513813909,3149,1.3655128612257859,3149,6.446490949507781,3149,67.56406097956535,3083,23.289004216672073,3083,1.1352578657152124,3083,8.011676938047357,3083,91.98832306195264,3083,5.084745762711864,177,22.195652173913043,79.44557133198107,2958,19.10074374577417,2958,54.917469050894084,2908,98.34024896265561,241,5.462051444903143,3149,4.407294832826747,658,38.8208269525268,1306,20.82695252679939,1306,41.34762633996937,1306,9.95405819295559,1306,1306,2.411179173047473,92.40214888718343,7.597851112816571,2.1488871834228704,1303,1303,1303
050701,2301,1268,28.639721860060842,2301,59.84354628422425,2301,11.516731855714907,2301,36.592785745328115,2301,16.166883963494133,2301,29.0,32.856148,81.46687697160883,1033,8.300738809213385,2301,21.642764015645373,2301,2.2598870056497176,2301,67.10239651416121,47.85766158315178,19.24473493100944,40.21244309559939,248.67924528301887,8.983156581409856,1603,13.444444444444445,900,93.88083735909822,621,98.45626072041166,583,86.20689655172414,87,58.035714285714285,224,9.310344827586206,1450,23.03448275862069,1450,28.82758620689655,1450,38.827586206896555,1450,67.65517241379311,1450,70.82758620689656,1450,10.172751699067488,13.444444444444445,3.271692745376956,900,703,-12.693776068910239,33.37363966142684,46.06741573033708,827,623,-2.9156653164370248,8.923821039903265,11.83948635634029,827,623,26.39724849527085,1163,48.66723989681857,1163,2.235597592433362,1163,12.639724849527084,1163,0.7738607050730868,1163,0.17196904557179707,1163,27.17110920034394,1163,71.70042971147943,70.5340699815838,1629,1629,1168,1.6267123287671232,67.3913043478261,66.52173913043478,920,920,39.036973344797936,1163,8.25451418744626,1163,47.0335339638865,1163,9.900656159931316,77.29196050775741,67.3913043478261,709,920,22.785898538263112,1163,3.095442820292347,1163,38.607050730868444,1163,1.7196904557179709,1163,6.362854686156492,1163,12.89767841788478,1163,3.783319002579536,1163,4.987102321582115,1163,0.4299226139294927,1163,2.5795356835769563,1163,14.70335339638865,1163,3.181427343078246,1163,76.2277270751847,2301,30.68231203824424,2301,18.817905258583224,2301,44.067796610169495,2301,43.50282485875706,2301,73.57670578009561,2301,99.60629921259843,2286,99.4313210848644,2286,71.2707182320442,1629,32.89588801399825,2286,0.26246719160104987,2286,17.899761336515514,2095,2.1030302,495,2.9460094,13.036501,2493.0,83.125,160,52.21238938053097,1017,47.51721,10.176551724137932,1450,47.23294723294723,1554,9.073359073359073,1554,3.281853281853282,1554,8.172458172458173,1554,32.23938223938224,1554,61.69429097605893,1629,5.893186003683241,1629,0.061387354205033766,1629,0.0,1629,0.12277470841006753,1629,0.0,1629,0.0,1629,0.0,1629,0.0,1629,0.061387354205033766,1629,3.543307086614173,2286,1.837270341207349,2286,2.8433945756780403,2286,1.7935258092738409,2286,6.430446194225722,2286,69.63420008814455,2269,20.625826355222564,2269,0.3085059497576025,2269,9.431467606875275,2269,90.56853239312473,2269,8.791208791208792,91,21.67595818815331,48.099483810417645,2131,50.117315814171754,2131,72.31503579952268,2095,98.42931937172774,191,8.398950131233596,2286,3.752759381898455,453,36.310679611650485,1030,22.9126213592233,1030,45.24271844660194,1030,12.815533980582524,1030,1030,2.2194174757281555,86.99386503067484,13.00613496932516,0.36809815950920244,815,815,815
050801,28530,14913,27.280056081317912,28530,63.49106203995794,28530,9.22888187872415,28530,36.747283561163684,28530,12.944269190325972,28530,28.0,31.38717,91.30959565479783,13617,7.245005257623554,28530,24.66526463371889,28530,1.938310550297932,28530,57.502484266313346,42.9667660373192,14.535718228994147,33.83014261852756,295.5943790353209,3.6523684466491586,20562,6.088460138332727,10988,98.0134126281159,7903,94.93932352181771,7746,97.15789473684211,950,57.83505154639175,2910,4.200808478094614,18306,14.497978804763466,18306,38.17327652135912,18306,43.1279361957828,18306,81.30121271714192,18306,83.24593029607779,18306,5.231973821223891,6.088460138332727,0.8564863171088364,10988,9574,-3.474068644905522,41.54632972322503,45.02039836813055,9972,8334,-1.0947194260560238,11.060068190934617,12.15478761699064,9972,8334,37.750532266353424,13621,48.28573526172821,13621,1.6738859114602451,13621,5.4254460024961455,13621,1.1819983848469275,13621,0.13214888774686145,13621,38.93253065120035,13621,67.34109655507035,65.62833575934013,20610,20610,13879,2.5434109085668997,60.89284094002359,59.40477270665094,11021,11021,10.476470156376184,13621,15.571543939505176,13621,69.09184347698407,13621,13.859479427063704,74.7523203670873,60.89284094002359,9589,11021,22.377211658468543,13621,5.161148227002423,13621,5.917333529109463,13621,6.489978709345863,13621,8.751193010792159,13621,24.300712135672857,13621,8.42816239629983,13621,8.310696718302621,13621,4.559136627266721,13621,3.2596725644225826,13621,8.88334189853902,13621,4.999632919756259,13621,65.88853838065195,28530,32.35541535226078,28530,29.88433228180862,28530,21.279355064844022,28530,51.38801261829653,28530,66.03925692253767,28530,99.3791449132214,28348,99.12868632707774,28348,49.73313925278991,20610,34.62678143078877,28348,1.668548045717511,28348,14.077706812652067,26304,1.7653538,6627,2.5466883,12.188971,26565.0,97.22991689750693,1805,45.08832399827661,9284,47.044914,11.558450781164645,18306,28.400333775094488,20373,17.63117852059098,20373,5.443479114514308,20373,6.273008393461935,20373,42.252000196338294,20373,14.410480349344978,20610,1.1402231926249393,20610,0.05822416302765648,20610,0.009704027171276079,20610,0.121300339640951,20610,0.0,20610,0.0,20610,0.0,20610,0.0,20610,0.0,20610,3.972061521094963,28348,1.8272894031324962,28348,2.8538168477494,28348,1.2875687879215465,28348,6.89290249753069,28348,65.04013069110022,28158,24.483272959727252,28158,1.5732651466723488,28158,8.903331202500178,28158,91.09666879749982,28158,6.040268456375839,1192,21.72437769434015,90.8588911275278,26802,8.577718080740244,26802,30.900243309002434,26304,98.48336594911937,2044,2.9420064907577252,28348,2.981768614755495,5869,47.82562239555508,9359,22.85500587669623,9359,24.917192007693128,9359,6.207928197456993,9359,9359,3.0289560850518216,95.57709538160789,4.42290461839211,0.3828296815182862,12277,12277,12277
050901,2148,1111,36.49906890130354,2148,59.45065176908752,2148,4.050279329608938,2148,45.06517690875233,2148,6.424581005586592,2148,23.0,26.062849,93.33933393339333,1037,10.614525139664805,2148,24.30167597765363,2148,1.0707635009310987,2148,68.20673453406421,61.39389193422083,6.812842599843383,11.096938775510203,901.1494252873563,2.5278810408921935,1345,4.3175487465181055,718,97.95918367346938,735,97.91666666666667,720,95.0,100,44.26229508196721,183,3.4716342082980525,1181,14.648602878916172,1181,47.84081287044877,1181,34.038950042337,1181,81.87976291278578,1181,83.57324301439458,1181,3.8390798469965746,4.3175487465181055,0.4784688995215311,718,627,-5.127363785510752,31.629392971246006,36.75675675675676,626,555,-1.2306766830728506,10.47923322683706,11.70990990990991,626,555,49.45652173913044,920,34.02173913043478,920,1.6304347826086956,920,8.152173913043478,920,1.1956521739130435,920,0.0,920,50.65217391304348,920,68.97568165070007,67.05969049373618,1357,1357,936,2.7777777777777777,59.03448275862069,57.37931034482759,725,725,27.608695652173914,920,13.478260869565217,920,49.23913043478261,920,21.345264076822353,80.37974683544304,59.03448275862069,632,725,11.304347826086957,920,7.282608695652174,920,15.869565217391305,920,5.108695652173913,920,7.717391304347826,920,19.23913043478261,920,6.956521739130435,920,8.152173913043478,920,11.73913043478261,920,1.0869565217391304,920,2.9347826086956523,920,2.717391304347826,920,62.56983240223464,2148,33.56610800744879,2148,41.201117318435756,2148,21.2756052141527,2148,46.46182495344507,2148,66.34078212290503,2148,99.57904583723106,2138,99.48550046772685,2138,65.65954310980104,1357,43.96632366697848,2138,0.7483629560336763,2138,17.102510460251047,1912,2.128972,535,2.522409,11.3674755,1777.0,91.17647058823529,170,44.822695035460995,705,41.104965,11.057578323454699,1181,31.948640483383684,1324,21.978851963746223,1324,3.8519637462235647,1324,3.096676737160121,1324,39.12386706948641,1324,51.65806927044952,1357,2.9476787030213707,1357,0.810611643330877,1357,0.0,1357,0.8843036109064112,1357,0.0,1357,0.0,1357,0.0,1357,0.14738393515106854,1357,0.0,1357,2.432179607109448,2138,1.824134705332086,2138,1.6370439663236669,2138,1.262862488306829,2138,4.303086997193639,2138,45.226843100189036,2116,15.926275992438564,2116,29.820415879017013,2116,9.026465028355387,2116,90.97353497164461,2116,10.576923076923077,104,20.445396145610278,78.09475292919001,1963,20.835455934793682,1963,49.26778242677824,1912,98.23008849557522,226,6.361085126286249,2138,2.2304832713754648,538,56.962025316455694,711,10.40787623066104,711,27.566807313642755,711,3.3755274261603376,711,711,3.0070323488045005,95.88688946015424,4.1131105398457635,0.0,778,778,778
051102,3518,1746,32.404775440591244,3518,61.625923820352476,3518,5.969300739056282,3518,41.47242751563388,3518,8.612848209209778,3518,23.0,26.76265,101.48911798396334,1772,10.716316088686753,3518,30.47185901080159,3518,1.0517339397384877,3518,62.269372693726936,52.5830258302583,9.686346863468634,18.42105263157895,542.8571428571429,5.942710560068405,2339,10.190555095277547,1207,95.69377990430623,1045,99.2,1000,91.02564102564102,156,47.63860369609856,487,7.091172214182344,2073,23.299565846599133,2073,44.23540762180415,2073,25.373854317414374,2073,69.60926193921853,2073,73.13072841292812,2073,8.777127533440092,10.190555095277547,1.4134275618374559,1207,1132,-1.3282562269601073,24.749772520473158,26.078028747433265,1099,974,-1.6358066788362766,8.826205641492265,10.462012320328542,1099,974,24.733727810650887,1690,58.22485207100592,1690,1.4201183431952662,1690,9.171597633136095,1690,0.8284023668639053,1690,0.05917159763313609,1690,25.562130177514792,1690,72.05944798301486,70.74309978768578,2355,2355,1697,1.8267530936947554,63.7633525061627,63.023829087921115,1217,1217,30.71005917159763,1690,15.7396449704142,1690,47.928994082840234,1690,17.16810619331006,80.93145869947276,63.7633525061627,1138,1217,8.934911242603551,1690,3.195266272189349,1690,24.2603550295858,1690,4.378698224852071,1690,11.301775147928995,1690,25.266272189349113,1690,4.674556213017752,1690,7.218934911242603,1690,6.449704142011834,1690,0.41420118343195267,1690,4.615384615384615,1690,2.366863905325444,1690,86.72541216600341,3518,10.858442296759522,3518,23.791927231381468,3518,33.456509380329734,3518,63.558840250142126,3518,78.51051733939738,3518,98.73672121734137,3483,98.27734711455642,3483,77.79193205944799,2355,53.68934826299167,3483,4.651162790697675,3483,18.73393316195373,3112,2.110303,825,2.6163194,10.9886465,2994.0,93.79084967320262,306,45.51440329218107,1215,41.572838,9.59479015918958,2073,33.53396388650043,2326,18.78761822871883,2326,3.783319002579536,2326,4.256233877901978,2326,39.63886500429923,2326,73.29087048832272,2355,0.5944798301486199,2355,0.04246284501061571,2355,0.0,2355,0.0,2355,0.0,2355,0.0,2355,0.0,2355,0.0,2355,0.0,2355,2.124605225380419,3483,1.3494114269308068,3483,2.124605225380419,3483,1.4068331897789261,3483,4.220499569336779,3483,82.68674001158078,3454,7.32484076433121,3454,0.1447596988998263,3454,9.843659525188187,3454,90.15634047481181,3454,8.75912408759124,137,21.488466757123472,47.838345864661655,3192,51.56641604010025,3192,73.26478149100257,3112,95.4177897574124,371,4.9669824863623315,3483,5.639614855570839,727,47.80130293159609,1228,15.309446254071661,1228,33.957654723127035,1228,7.41042345276873,1228,1228,2.836319218241042,78.55072463768116,21.449275362318843,7.898550724637682,1380,1380,1380
051201,24966,13086,28.939357526235682,24966,65.30881999519346,24966,5.7518224785708565,24966,38.728670992549866,24966,8.475526716334215,24966,26.0,28.759794,90.78404401650619,11880,7.754546182808619,24966,26.900584795321638,24966,1.0374108787951615,24966,53.11867525298988,44.3115608708985,8.807114382091383,19.875432525951556,503.13370473537606,1.691100080803417,17326,2.8013952474384127,9174,97.74509803921569,7140,93.98194583751254,6979,93.65426695842451,914,51.1963406052076,2842,2.109732201175702,15310,13.24624428478119,15310,42.93925538863488,15310,41.70476812540823,15310,84.64402351404311,15310,86.54474199869367,15310,2.3597858264374314,2.8013952474384127,0.44160942100098133,9174,8152,0.23055276560367588,41.81091877496671,41.58036600936303,8261,7049,-0.8782955302987521,11.375499334221038,12.25379486451979,8261,7049,36.89994216310006,12103,49.52491117904652,12103,2.1564901264149383,12103,4.775675452367182,12103,0.8097165991902834,12103,0.12393621416177807,12103,37.70965876229034,12103,70.88818626041966,69.10606496119574,17395,17395,12331,2.513989133079231,65.26978612528498,63.81500379980458,9211,9211,8.121953234735189,12103,13.649508386350492,12103,72.75882012724118,12103,11.941846328282963,77.21163245356794,65.26978612528498,8184,9211,19.813269437329588,12103,5.304469966124102,12103,6.79996695034289,12103,5.130959266297612,12103,8.262414277451871,12103,25.266462860447824,12103,11.17078410311493,12103,10.584152689415847,12103,1.3219862843922994,12103,2.4704618689581097,12103,8.072378749070479,12103,3.5693629678592083,12103,66.47039974365137,24966,27.457341985099735,24966,27.913962989665947,24966,27.465352879916686,24966,59.38476327805816,24966,70.79628294480493,24966,99.53231119606328,24589,99.21916304038392,24589,45.501580914055765,17395,50.990280206596445,24589,0.8865752978974338,24589,17.820908689898545,22670,1.8776236,6194,2.3952928,11.049616,20779.0,93.69067560022334,1791,48.497710264715735,8953,42.722218,11.779882429784454,15310,25.829522804549185,17058,20.295462539570877,17058,5.487161449173408,17058,3.6698323367334975,17058,44.71802086997303,17058,32.181661396953146,17395,7.381431445817764,17395,0.11497556769186548,17395,0.005748778384593274,17395,0.12072434607645875,17395,0.0,17395,0.0,17395,0.0,17395,0.0,17395,0.0,17395,2.797999105290984,24589,1.1915897352474685,24589,1.748749440806865,24589,0.923177030379438,24589,4.680954898531864,24589,60.49296641102407,24383,17.216913423286716,24383,2.4238198745027275,24383,19.866300291186484,24383,80.13369970881352,24383,5.121042830540037,1074,21.468060003370976,85.86387434554973,23111,13.32266020509714,23111,40.99691221879135,22670,98.12402292860865,1919,5.754605718003986,24589,2.4918535556833428,5217,44.30159076051427,9178,13.358030071911092,9178,33.3623883198954,9178,4.53257790368272,9178,9178,2.6791239921551537,92.72946188756136,7.2705381124386435,0.4723534315087524,10797,10797,10797
051203,11688,5163,31.998631074606433,11688,66.13620807665983,11688,1.865160848733744,11688,40.4517453798768,11688,3.17419575633128,11688,24.0,25.021818,126.38001162115049,6525,10.22416153319644,11688,30.698151950718685,11688,0.24811772758384668,11688,51.20310478654592,48.38292367399741,2.820181112548512,5.828877005347594,1715.5963302752293,1.8511474578420186,7887,3.5692861427714457,3334,95.04228638086906,3429,97.69868057686406,3259,92.10526315789474,494,31.281725888324875,1576,2.219708751590556,7073,20.203591121164994,7073,54.85649653612329,7073,22.720203591121166,7073,77.57670012724445,7073,82.07267071963805,7073,2.9762705486576744,3.5692861427714457,0.5930155941137711,3334,4553,8.822833320129924,27.909371781668384,19.08653846153846,2913,4160,-0.443716248778685,10.001716443529007,10.445432692307692,2913,4160,43.97924494542852,5589,31.31150474145643,5589,7.586330291644301,5589,5.7076400071569156,5589,0.733583825371265,5589,4.40150295222759,5589,44.71282877079979,5589,71.90542420027816,70.26172714628903,7909,7909,5687,2.2859152452962896,48.96922617269196,47.05706602927995,3347,3347,63.78600823045267,5589,3.632134550008946,5589,27.697262479871174,5589,39.76378566422167,88.73301183691363,48.96922617269196,4562,3347,7.067453927357309,5589,3.846842011093219,5589,8.051529790660226,5589,1.842905707640007,5589,1.735551977097871,5589,10.109142959384505,5589,4.5983181248881735,5589,4.777241009125067,5589,55.73447843979245,5589,0.8051529790660226,5589,2.7733047056718556,5589,1.6103059581320451,5589,64.93839835728953,11688,30.655373032169745,11688,33.0766598220397,11688,26.967830253251197,11688,61.824093086926766,11688,68.72005475701575,11688,99.61356805495922,11645,99.40747101760412,11645,65.31799216082943,7909,63.151567196221556,11645,0.51524259338772,11645,27.490192326093197,10451,2.2299485,2531,2.5595083,10.072398,7873.0,91.86602870813397,1045,23.865300146412885,4098,37.42045,10.262689099392054,7073,37.852090032154344,7775,24.964630225080384,7775,3.1511254019292605,7775,2.945337620578778,7775,31.086816720257236,7775,53.02819572638766,7909,1.6436970539891262,7909,0.20230117587558477,7909,0.012643823492224048,7909,0.20230117587558477,7909,0.0,7909,0.0,7909,0.012643823492224048,7909,0.0,7909,0.0,7909,2.3872906826964364,11645,0.9188492915414341,11645,1.0476599398883641,11645,0.6612279948475741,11645,3.8127951910691285,11645,58.62368581110435,11509,20.366669562950733,11509,5.560865409679382,11509,15.448779216265532,11509,84.55122078373446,11509,14.4,500,20.531845653184565,71.4125665203996,10711,27.709831014844553,10711,59.994258922591136,10451,98.65996649916248,1194,7.814512666380421,11645,5.744234800838575,2385,48.76632801161103,4134,4.620222544750846,4134,32.12385099177552,4134,2.0319303338171264,4134,4134,2.816884373488147,96.35258358662614,3.647416413373861,1.8439716312056738,4935,4935,4935
051501,41504,21722,28.03826137239784,41504,63.7312066306862,41504,8.23053199691596,41504,36.45913646877409,41504,12.119313801079414,41504,28.0,30.727617,91.06896234232575,19782,7.943812644564379,41504,24.959040092521203,41504,1.57334232845027,41504,56.90900155003592,43.99455597141885,12.914445578617066,29.354644667869724,340.6615925058548,5.134902904279086,29095,8.217153870864118,15565,95.78928507435944,11162,90.6191545080434,10692,87.5432525951557,1445,49.471210340775556,4255,6.2251605013757265,26168,21.7402934882299,26168,42.57872210333232,26168,29.45582390706206,26168,72.03454601039438,26168,74.91592785081015,26168,6.628092525705212,8.217153870864118,1.5890613451589062,15565,13530,-0.7209247697877146,29.123875628585594,29.84480039837331,14119,12049,-1.2086160137321098,9.456335434520858,10.664951448252967,14119,12049,28.190729520713266,20301,56.35190384710113,20301,1.517166642037338,20301,5.260824589921679,20301,1.3496872075267228,20301,0.06403625437170583,20301,29.54041672823999,20301,70.5786082034846,68.69651198472502,29329,29329,20700,2.6666666666666665,63.60453272217978,61.88566335625159,15708,15708,7.2311708782818584,20301,16.752869316782423,20301,71.16890793556968,20301,15.016713882327963,78.62124660450775,63.60453272217978,13621,15708,14.201270873355993,20301,8.841928969016305,20301,6.403625437170582,20301,6.250923599822669,20301,10.383724939658144,20301,33.48603517068125,20301,12.30973843653022,20301,6.029259642382149,20301,0.8275454411112753,20301,2.251120634451505,20301,5.0342347667602585,20301,3.019555686911975,20301,81.98005011565151,41504,11.941017733230533,41504,19.612567463377022,41504,20.732941403238243,41504,51.970894371626834,41504,61.13627602158828,41504,96.81773640372367,40820,95.96031357177854,40820,34.46418220873538,29329,39.83096521313082,40820,7.846643802057815,40820,10.08644766591302,37595,1.8613862,8989,2.5897143,11.075479,36170.0,95.03927242662257,2419,42.78791082914794,11349,46.781918,10.012840110058086,26168,25.716294603621023,28445,20.193355598523468,28445,5.9026190894709085,28445,5.336614519247671,28445,42.85111618913693,28445,24.35132462750179,29329,4.429063384363599,29329,0.07160148658324525,29329,0.02727675679361724,29329,0.22162364894814007,29329,0.003409594599202155,29329,0.01363837839680862,29329,0.0,29329,0.003409594599202155,29329,0.0,29329,3.6109750122488977,40820,1.705046545810877,40820,2.6678098971092603,40820,1.4282214600685939,40820,6.4723174914257715,40820,75.73425358127064,40279,8.448571215770004,40279,0.6678418034211375,40279,15.149333399538222,40279,84.85066660046178,40279,5.746445497630332,1688,21.29413646055437,84.5079613677891,38310,14.656747585486817,38310,32.230349780555926,37595,91.50387596899225,3225,2.5796178343949046,40820,3.928745729624207,8196,53.06777748850126,11523,22.1209754404235,11523,18.207064132604355,11523,4.608174954438948,11523,11523,3.5424802568775493,96.7466133688652,3.253386631134802,0.36642238507661556,18012,18012,18012
060101,215555,110960,23.462689336828188,215555,68.84043515576072,215555,7.696875507411102,215555,32.12869105332746,215555,11.327503421400571,215555,29.0,31.85374,94.26369863013699,104595,5.933984365939088,215555,26.641924334856533,215555,1.5351070492449723,215555,45.26346292514944,34.08271502604641,11.180747899103034,32.804745427582795,304.83394611536374,2.685906179847446,163483,4.083212158168769,85276,97.88182831661092,51129,81.72081684849938,50046,95.74009613790817,6033,68.89213592596755,26691,3.086565194854154,148547,14.772428928218005,148547,33.61898927612136,148547,48.52201660080648,148547,82.14100587692784,148547,84.33155836199991,148547,2.9209121083011103,4.083212158168769,1.162300049867659,85276,78207,3.2562746214366243,50.06726026519762,46.81098564376099,78055,70492,-0.31615177728666666,11.817026455704312,12.133178232990979,78055,70492,41.88446918026227,109962,43.95063749295211,109962,1.8842872992488313,109962,5.161783161455776,109962,1.3677452210763719,109962,0.030919772284971173,109962,43.25221440133864,109962,69.63499286332971,66.7534859889473,163942,163942,114161,4.138015609533904,63.28890447796095,60.53782298608675,85530,85530,5.82201124024663,109962,18.098979647514597,109962,70.12786235244903,109962,13.26825514046481,76.55715961842576,63.28890447796095,78412,85530,24.647605536458048,109962,6.410396318728288,109962,5.609210454520652,109962,8.3092340990524,109962,9.520561648569506,109962,24.444808206471325,109962,8.327422200396501,109962,7.206125752532693,109962,0.21280078572597808,109962,3.7576617376912025,109962,5.641949036940034,109962,5.474618504574307,109962,67.38094685811046,215555,24.520424021711396,215555,34.20797476282156,215555,23.75727772494259,215555,53.29312704414187,215555,61.19273503282225,215555,99.29178932831957,214343,99.06784919498187,214343,9.345378243525149,163942,35.869144315419675,214343,2.1362955636526504,214343,8.403515559126665,201618,1.412255,54459,1.9831823,7.629597,159707.0,98.50579647917561,11645,41.832920582670624,65011,46.129116,11.967054198334534,148547,28.84029019030596,161687,17.995880930439675,161687,5.709797324460222,161687,4.167929394447296,161687,43.28610216034684,161687,4.614436813019238,163942,1.4065950153102926,163942,0.7161069158604872,163942,0.015249295482548707,163942,0.11284478657086043,163942,0.006099718193019483,163942,0.004879774554415586,163942,0.0,163942,0.0018299154579058449,163942,0.0018299154579058449,163942,3.802316847296156,214343,1.3133155736366477,214343,2.2827897342110544,214343,1.186882706689745,214343,6.243730842621406,214343,52.345094057590885,212742,18.779554577845467,212742,1.7001814404301925,212742,27.175169924133456,212742,72.82483007586654,212742,3.5757912270960577,9005,22.328712637341,95.18990559719187,204549,4.175527624187848,204549,13.261216756440398,201618,98.00392927308448,12725,1.669753619199134,214343,3.794542024287195,37633,47.19037660097394,65507,19.92000854870472,65507,19.559741706993147,65507,3.358419710870594,65507,65507,3.272062527668799,96.49169685093918,3.508303149060822,0.0,101046,101046,101046
060202,32913,16724,25.4063743809437,32913,66.1744599398414,32913,8.419165679214899,32913,33.06596177802084,32913,12.79129827119983,32913,30.0,32.334793,96.80100454436737,16189,6.429070580013976,32913,23.057758332573755,32913,1.376355847233616,32913,51.11570247933884,38.393021120293845,12.722681359044996,33.13800526189907,301.7683146878383,4.6195091771499275,24245,6.797364615137393,12446,96.60955598455598,8288,89.88385162982391,8007,91.46230699364214,1101,52.46478873239437,3124,5.159749447974404,22191,23.563606867649046,22191,40.741742147717545,22191,30.534901536659007,22191,71.27664368437655,22191,74.48064530665584,22191,4.475133917620655,6.797364615137393,2.322230697516739,12446,11799,2.070455721780533,31.534908044975158,29.464452323194624,11473,10718,-0.4578250253761933,9.841018042360325,10.298843067736518,11473,10718,33.40169938470554,17065,52.72194550249048,17065,1.4239671842953414,17065,5.133313800175799,17065,1.0840902431878112,17065,0.011719894520949311,17065,34.48578962789335,17065,71.78801956995436,69.71590675492332,24323,24323,17461,2.8864326212702593,64.5589883143909,62.98223147110613,12494,12494,8.045707588631702,17065,15.968356284793437,17065,71.35071784353941,17065,14.864462526762196,79.4234508411531,64.5589883143909,11829,12494,13.823615587459713,17065,6.147084676237914,17065,7.840609434515089,17065,6.018165836507471,17065,9.63961324348081,17065,34.25725168473484,17065,8.690301787283914,17065,8.250805742748316,17065,0.20509815411661295,17065,2.6955757398183415,17065,4.125402871374158,17065,3.896864928215646,17065,79.72533649317899,32913,15.559201531309817,32913,28.499377145808648,32913,26.61866131923556,32913,52.426093033148,32913,55.90496156533892,32913,98.62098553567051,32632,98.30534444716842,32632,10.274226041195575,24323,39.341750429026725,32632,3.0859279235106643,32632,7.574417919245506,30537,1.703451,7621,2.30403,8.83497,26995.0,98.23468328141226,1926,38.263562580093975,9364,47.35316,10.062142309945473,22191,26.220479011933573,23966,24.234331970291247,23966,5.061336893933072,23966,4.957022448468664,23966,39.52682967537345,23966,4.14833696501254,24323,1.6404226452329072,24323,1.2087324754347737,24323,0.02055667475229207,24323,0.19323274267154544,24323,0.008222669900916827,24323,0.008222669900916827,24323,0.0,24323,0.008222669900916827,24323,0.004111334950458414,24323,4.1738171120372645,32632,1.679333169894582,32632,2.849963226280951,32632,1.4464329492522676,32632,7.085069870066192,32632,68.95295715520434,32396,9.911717495987158,32396,0.9383874552413878,32396,20.196937893567107,32396,79.80306210643289,32396,5.812973883740522,1187,21.406315789473684,94.0116484860186,31077,5.36409563342665,31077,12.106624750302911,30537,94.55847255369929,2095,1.9306202500612895,32632,5.92094196804037,5945,51.78307659843849,9478,21.502426672293733,9478,16.02658788774003,9478,3.1230217345431526,9478,9478,3.442920447351762,97.96668144675999,2.033318553240008,0.5890922911256097,15787,15787,15787
060301,72246,36706,25.778589818121418,72246,67.20648894056418,72246,7.014921241314398,72246,34.071090440993274,72246,10.85873266340005,72246,29.0,31.335838,96.82340761728328,35540,6.455720731943637,72246,25.294133931290315,72246,1.252664507377571,72246,48.79515590888495,38.357292910985706,10.437862997899247,27.212199312714777,367.4822415153907,3.559968288723621,52978,5.252703597439859,27186,96.26789640195184,18649,87.5731075586253,17953,89.71922246220302,2315,52.67682688550215,7677,4.036089348224704,47992,21.1222703783964,47992,42.54875812635439,47992,32.29288214702451,47992,74.8416402733789,47992,78.10051675279213,47992,3.4769591805664097,5.252703597439859,1.775744416873449,27186,25792,2.7843161393319065,33.63845316343401,30.8541370241021,24799,23193,-0.3719959489689675,10.339166901891206,10.711162850860173,24799,23193,35.103716151070216,36301,49.98760364728244,36301,1.4159389548497288,36301,5.578358722900195,36301,1.4710338558166443,36301,0.013773725241728879,36301,36.574750006886866,36301,70.3403047898228,67.77345585057407,53217,53217,37433,3.649186546629979,62.33842323043685,60.05346222856934,27309,27309,7.19263932123082,36301,15.812236577504752,36301,72.11096113054737,36301,16.436472554648837,78.77489578508569,62.33842323043685,25908,27309,16.729566678603895,36301,8.09895044213658,36301,6.972259717363158,36301,6.851050935235944,36301,8.669182667144156,36301,29.536376408363406,36301,11.715930690614584,36301,7.357924024131567,36301,0.22037960386766206,36301,3.4654692708189856,36301,4.746425718299771,36301,3.765736481088675,36301,78.84865598095396,72246,15.862469894527033,72246,25.849181961631093,72246,20.10491930349085,72246,50.36680231431498,72246,62.95019793483376,72246,98.77054321916948,71739,98.51684578820446,71739,13.58776330871714,53217,40.066072847405174,71739,2.103458369924309,71739,8.294594433518087,67116,1.7193483,17185,2.3125217,8.387041,59425.0,98.08238636363636,4224,41.04517704517705,20475,46.937584,10.51894065677613,47992,24.132000840769685,52333,25.771501729310376,52333,5.430607838266486,52333,4.282192880209428,52333,40.383696711444024,52333,6.729052746302873,53217,1.5859593738842852,53217,2.8148899787661836,53217,0.04509837082135408,53217,0.15596519909051618,53217,0.01691188905800778,53217,0.00563729635266926,53217,0.0037581975684461734,53217,0.0,53217,0.007516395136892347,53217,3.858431257753802,71739,1.4204268250184697,71739,2.3487921493190593,71739,1.2155173615467179,71739,6.271344735778308,71739,69.87761991841327,71090,10.998733999156,71090,0.8608805739203826,71090,18.262765508510338,71090,81.73723449148966,71090,5.01779359430605,2810,21.514317244583843,93.14140807082863,68221,6.140338019085032,68221,13.421538828297276,67116,94.89508976854856,4623,1.9306095708052802,71739,4.3394975318647315,13573,51.713665943600866,20745,19.151602795854423,20745,17.00650759219089,20745,3.4658953964810797,20745,20745,3.4581344902386117,97.79679918020435,2.2032008197956543,0.21700473190873745,33179,33179,33179
060302,4010,2058,30.24937655860349,4010,65.01246882793018,4010,4.738154613466334,4010,38.77805486284289,4010,7.256857855361596,4010,27.0,28.6399,94.84936831875608,1952,8.379052369077307,4010,23.591022443890274,4010,1.0473815461346634,4010,53.816647487533565,46.52857690832374,7.28807057920982,15.663643858202803,638.421052631579,2.990990990990991,2775,4.353835521769177,1447,97.55274261603375,1185,99.30795847750865,1156,94.70198675496688,151,63.58974358974359,390,2.819170358437374,2483,15.948449456302859,2483,32.501006846556585,2483,48.73137333870318,2483,81.23238018525977,2483,83.60853805879984,2483,2.847811425383635,4.353835521769177,1.5060240963855422,1447,1328,5.15314015314015,51.196911196911195,46.043771043771045,1295,1188,0.026079976079975253,11.981467181467181,11.955387205387206,1295,1188,45.597165991902834,1976,39.625506072874494,1976,1.417004048582996,1976,6.174089068825911,1976,1.417004048582996,1976,0.05060728744939271,1976,47.01417004048583,1976,73.10320028766631,70.62207838906868,2781,2781,2033,3.3939990162321694,64.64507236388697,62.64645072363887,1451,1451,16.39676113360324,1976,11.842105263157896,1976,65.53643724696356,1976,17.68575470378221,82.33082706766918,64.64507236388697,1330,1451,25.60728744939271,1976,5.060728744939271,1976,16.24493927125506,1976,4.8076923076923075,1976,6.680161943319838,1976,17.813765182186234,1976,6.224696356275303,1976,5.870445344129554,1976,0.15182186234817813,1976,9.463562753036438,1976,9.919028340080972,1976,5.718623481781377,1976,82.66832917705736,4010,20.773067331670823,4010,32.99251870324189,4010,38.229426433915215,4010,62.768079800498754,4010,75.26184538653366,4010,99.44834503510532,3988,99.37311935807422,3988,14.203523912261776,2781,61.55967903711134,3988,1.0280842527582748,3988,12.417943107221006,3656,1.7040528,1061,2.1450596,7.497531,3041.0,98.32214765100672,298,39.49044585987261,1256,43.305733,11.968989126057188,2483,25.317835088993824,2753,29.676716309480568,2753,4.21358517980385,2753,2.905920813657828,2753,37.88594260806393,2753,6.005034160373966,2781,0.7191657677094571,2781,6.184825602301331,2781,0.0,2781,0.10787486515641856,2781,0.0,2781,0.03595828838547285,2781,0.0,2781,0.0,2781,0.0,2781,2.482447342026078,3988,1.1534603811434303,3988,1.4543630892678034,3988,0.9528585757271816,3988,4.513540621865597,3988,73.54203483968695,3961,19.136581671295126,3961,0.45443069931835395,3961,6.866952789699571,3961,93.13304721030043,3961,5.232558139534884,172,21.914502164502164,94.22459893048128,3740,4.946524064171123,3740,10.722100656455142,3656,98.19277108433735,332,3.284854563691073,3988,3.1914893617021276,846,55.94020456333595,1271,12.116443745082613,1271,22.42328874901652,1271,3.147128245476003,1271,1271,3.137686860739575,95.54678692220969,4.453213077790309,0.7328072153325818,1774,1774,1774
060303,33228,16857,29.065848079932586,33228,64.88503671602263,33228,6.0491152040447815,33228,37.76333212952931,33228,9.428794992175273,33228,28.0,29.681023,97.11692471970102,16371,7.186710003611412,33228,24.2566510172144,33228,1.0683760683760684,33228,54.11873840445269,44.795918367346935,9.322820037105751,20.81176226962104,480.49751243781094,2.908152290815229,23245,4.054508748317631,11888,95.7566302652106,9615,91.12631693276855,9207,84.95428096425603,1203,45.74171570145556,3229,3.33124729215809,20773,19.120974341693543,20773,45.251047032205264,20773,32.2967313339431,20773,77.54777836614836,20773,80.47946854089443,20773,2.3463111609265948,4.054508748317631,1.7081975873910364,11888,11357,2.8085686188121244,33.65295103332713,30.844382414515003,10742,10031,-0.19944772397153265,10.598678086017502,10.798125809989035,10742,10031,41.876002137894176,14968,42.33030464991983,14968,1.5165686798503475,14968,5.277926242650989,14968,1.389631213254944,14968,0.013361838588989846,14968,43.26563335114912,14968,66.94080356377967,63.60832690824981,23346,23346,15628,4.978244177117993,58.63887493721748,55.80947597522183,11946,11946,9.774184927846072,14968,17.457242116515232,14968,65.62667022982362,14968,17.001475939975506,75.64035087719299,58.63887493721748,11400,11946,17.79128808123998,14968,6.968198824158204,14968,8.959112773917692,14968,6.767771245323356,14968,10.3955104222341,14968,21.699625868519508,14968,8.892303580972742,14968,8.598343132014966,14968,0.8150721539283805,14968,4.690005344735436,14968,5.625334045964725,14968,4.442811330839123,14968,79.213314072469,33228,18.553629469122427,33228,20.04634645479716,33228,17.963765498976766,33228,42.42807270976285,33228,60.30757192729024,33228,99.45373433279718,32951,99.22005401960487,32951,14.974728004797395,23346,44.381050650966586,32951,0.8011896452307973,32951,9.94016283556224,30583,1.9179931,7853,2.4402053,8.936649,27404.0,98.51576994434137,2156,42.31256702739592,10257,45.199863,10.694988687238242,20773,23.71436067867763,22868,27.8992478572678,22868,5.846597866013644,22868,3.839426272520553,22868,38.700367325520375,22868,3.3024929324081214,23346,1.1222479225563267,23346,5.576972500642508,23346,0.05568405722607727,23346,0.1499186156086696,23346,0.029983723121733915,23346,0.00856677803478112,23346,0.0,23346,0.0,23346,0.00428338901739056,23346,3.0681921641224847,32951,1.0409395769475889,32951,1.9392431185699979,32951,1.0803920973566812,32951,5.040818184577099,32951,70.91165557633927,32611,14.902946858422006,32611,0.6408880439115636,32611,13.544509521327159,32611,86.45549047867284,32611,7.820804859529233,1317,20.947043701799487,93.7076631673569,31149,5.451218337667341,31149,10.525455318314096,30583,97.76182432432432,2368,2.2032715243846925,32951,5.502083034046833,6961,52.214182344428366,10365,16.044380125422094,10365,20.97443318861553,10365,3.569705740472745,10365,10365,3.179064158224795,96.64499738474184,3.355002615258158,0.3213031457819622,13383,13383,13383
060401,2465,1271,26.288032454361055,2465,65.72008113590263,2465,7.991886409736308,2465,35.57809330628803,2465,11.643002028397566,2465,29.0,31.094522,93.94177812745869,1194,6.450304259634889,2465,25.233265720081135,2465,1.3793103448275863,2465,52.160493827160494,40.0,12.160493827160494,30.401234567901234,328.93401015228426,5.368013281682346,1807,7.905982905982906,936,97.31343283582089,670,96.47239263803681,652,94.11764705882354,68,59.550561797752806,267,5.7799875699192045,1609,27.221876942200126,1609,29.64574269732753,1609,37.35239279055314,1609,66.99813548788067,1609,70.9136109384711,1609,5.265339966832505,7.905982905982906,2.640642939150402,936,871,2.550622329556006,38.57142857142857,36.02080624187256,840,769,-0.26789739302743065,9.929761904761905,10.197659297789336,840,769,37.66129032258065,1240,44.274193548387096,1240,2.5,1240,6.774193548387097,1240,1.6935483870967742,1240,0.16129032258064516,1240,39.354838709677416,1240,70.61427780852242,68.28998339789706,1807,1807,1276,3.29153605015674,61.217948717948715,59.294871794871796,936,936,33.87096774193548,1240,11.129032258064516,1240,49.91935483870968,1240,19.493876769996177,80.71182548794489,61.217948717948715,871,936,15.564516129032258,1240,4.193548387096774,1240,33.87096774193548,1240,3.7096774193548385,1240,7.419354838709677,1240,12.419354838709678,1240,6.532258064516129,1240,7.016129032258065,1240,0.0,1240,6.774193548387097,1240,6.370967741935484,1240,4.032258064516129,1240,82.96146044624746,2465,17.849898580121703,2465,25.557809330628803,2465,35.9026369168357,2465,59.06693711967546,2465,69.8580121703854,2465,99.18500407497963,2454,99.14425427872861,2454,5.534034311012729,1807,44.49877750611247,2454,1.7114914425427872,2454,9.106753812636166,2295,1.7233009,618,2.33954,9.886474,2114.0,98.61111111111111,144,40.772532188841204,699,47.982834,10.057799875699192,1609,25.083986562150056,1786,24.412094064949606,1786,4.759238521836506,1786,5.207166853303471,1786,40.53751399776036,1786,0.9407858328721638,1807,0.0,1807,0.49806308799114557,1807,0.0,1807,0.0,1807,0.0,1807,0.0,1807,0.0,1807,0.0,1807,0.0,1807,3.6267318663406685,2454,1.5892420537897312,2454,2.3227383863080684,2454,1.6707416462917686,2454,6.397718011409943,2454,69.7119341563786,2430,17.037037037037038,2430,0.8641975308641975,2430,12.386831275720164,2430,87.61316872427983,2430,9.345794392523365,107,20.76627712854758,95.65591397849462,2325,3.3978494623655915,2325,6.2745098039215685,2295,98.11320754716981,159,2.2819885900570496,2454,3.294573643410853,516,53.82436260623229,706,22.379603399433428,706,17.422096317280452,706,5.524079320113314,706,706,3.4759206798866855,86.84210526315789,13.15789473684211,10.996240601503759,1064,1064,1064
060501,6038,3109,22.772441205697252,6038,65.93242795627691,6038,11.295130838025836,6038,30.953958264325937,6038,15.948989731699237,6038,32.0,34.45959,94.21035702798328,2929,5.43226233852269,6038,23.749585955614442,6038,2.5173898641934414,6038,51.67043456417986,34.539060537553375,17.131374026626474,49.6,201.61290322580646,6.102575200173122,4621,8.450123660346248,2426,96.65718349928876,1406,92.64164827078734,1359,94.04761904761905,168,70.47913446676971,647,6.927639383155397,4215,21.25741399762752,4215,28.778173190984578,4215,43.0367734282325,4215,71.81494661921708,4215,74.54329774614472,4215,4.942150995198185,8.450123660346248,3.507972665148064,2426,2195,2.760939886356091,44.339622641509436,41.578682755153345,2226,1989,-0.3781228020961649,10.561545372866128,10.939668174962293,2226,1989,38.82534775888717,3235,43.80216383307573,3235,1.2982998454404946,3235,8.902627511591962,3235,1.4219474497681608,3235,0.0,3235,40.24729520865533,3235,71.98098941456038,69.53985742060921,4629,4629,3332,3.391356542617047,64.48828606658446,62.474311549527336,2433,2433,22.627511591962907,3235,16.290571870170016,3235,56.19783616692427,3235,15.79404544525525,80.28233151183971,64.48828606658446,2196,2433,22.720247295208654,3235,5.749613601236476,3235,22.194744976816075,3235,7.8516228748068,3235,8.129829984544049,3235,14.590417310664606,3235,7.202472952086553,3235,6.553323029366306,3235,0.4327666151468315,3235,3.3693972179289027,3235,10.17001545595054,3235,4.884080370942813,3235,77.07850281550182,6038,23.86551838357072,6038,40.543226233852266,6038,33.17323617091752,6038,54.80291487247433,6038,68.83073865518384,6038,99.23294980823745,5997,98.99949974987494,5997,5.206308057895874,4629,47.256961814240455,5997,2.6846756711689177,5997,10.01410437235543,5672,1.53,1400,2.2507489,9.198702,5229.0,98.31649831649831,297,41.17312072892938,1756,50.502277,10.739976275207592,4215,32.82442748091603,4585,19.389312977099237,4585,3.969465648854962,4585,5.190839694656488,4585,38.62595419847328,4585,1.6850291639662993,4629,0.6048822639879023,4629,0.5184705119896306,4629,0.0,4629,0.0,4629,0.0,4629,0.0,4629,0.0,4629,0.0,4629,0.0,4629,3.935300983825246,5997,1.8175754543938636,5997,3.0515257628814405,5997,1.4507253626813408,5997,6.770051692512923,5997,62.269217858341726,5958,19.570325612621684,5958,0.8224236320913058,5958,17.338032896945283,5958,82.66196710305472,5958,3.7037037037037037,243,22.518494484101232,96.24217118997912,5748,2.800974251913709,5748,8.409732016925247,5672,97.53846153846153,325,2.9514757378689342,5997,5.711519845111326,1033,47.14527981910684,1769,28.82984737139627,1769,14.697569248162804,1769,4.748445449406445,1769,1769,3.3900508762012436,74.58584337349397,25.414156626506028,20.783132530120483,2656,2656,2656
060601,4239,2193,27.199811276244397,4239,65.2276480301958,4239,7.572540693559802,4239,35.43288511441378,4239,11.229063458362821,4239,29.0,31.557678,93.296853625171,2046,6.440198159943383,4239,23.09506959188488,4239,1.5805614531729182,4239,53.30922242314647,41.6998191681736,11.609403254972875,27.840416305290546,359.190031152648,4.142204827136334,3066,5.820433436532507,1615,98.01553062985332,1159,98.59154929577464,1136,97.5,120,64.81481481481481,378,4.524068041983352,2763,22.728917842924357,2763,33.5866811436844,2763,39.16033297140789,2763,72.74701411509228,2763,75.46145494028231,2763,3.546139845905354,5.820433436532507,2.2742935906271535,1615,1451,3.6518573848274087,40.87193460490463,37.22007722007722,1468,1295,0.016921612153218746,10.694141689373296,10.677220077220078,1468,1295,38.45108695652174,2208,45.244565217391305,2208,1.6304347826086956,2208,6.385869565217392,2208,1.539855072463768,2208,0.0,2208,39.99094202898551,2208,73.07066102246826,71.24715076522305,3071,3071,2244,2.4955436720142603,67.57257566399012,66.0284126003706,1619,1619,13.405797101449275,2208,14.855072463768115,2208,66.89311594202898,2208,11.628526264384533,79.20110192837465,67.57257566399012,1452,1619,20.742753623188406,2208,5.117753623188406,2208,13.179347826086957,2208,6.385869565217392,2208,8.106884057971014,2208,22.780797101449274,2208,6.884057971014493,2208,6.929347826086956,2208,0.22644927536231885,2208,5.3894927536231885,2208,8.740942028985508,2208,4.981884057971015,2208,83.93489030431705,4239,21.726822363765038,4239,31.092238735550836,4239,34.63080915310215,4239,55.012974758197686,4239,63.03373437131399,4239,99.52550415183867,4215,99.33570581257413,4215,11.690003256268316,3071,38.67141162514828,4215,0.9252669039145908,4215,11.153358681875792,3945,1.7213439,1012,2.346561,8.153409,3520.0,97.58064516129032,248,43.44453064391001,1289,47.672615,10.686210640608035,2763,26.479338842975206,3025,26.31404958677686,3025,4.429752066115703,3025,4.8264462809917354,3025,37.950413223140494,3025,2.2468251383914035,3071,0.7815043959622273,3071,5.372842722240312,3071,0.0,3071,0.0,3071,0.0,3071,0.0,3071,0.0,3071,0.0,3071,0.0,3071,3.9145907473309607,4215,1.5421115065243178,4215,2.1589561091340452,4215,1.4234875444839858,4215,6.2870699881376035,4215,74.8798076923077,4160,17.259615384615383,4160,0.3605769230769231,4160,7.5,4160,92.5,4160,7.142857142857143,168,21.72117202268431,96.1087553005737,4009,2.7687702668994763,4009,6.5399239543726235,3945,98.14814814814815,270,4.246737841043891,4215,3.269447576099211,887,52.027543993879114,1307,20.35195103289977,1307,20.275439938791123,1307,5.814843152257077,1307,1307,3.2249426166794186,95.64128256513025,4.358717434869746,2.0541082164328657,1996,1996,1996
070101,1601724,806794,25.72390748967987,1601724,68.3388024403705,1601724,5.937290069949629,1601724,34.27419455536659,1601724,9.110683238810182,1601724,28.0,30.11322,98.52948832043867,794930,7.045221274077182,1601724,27.48220042903771,1601724,0.9801938411361758,1601724,46.329751808653214,37.64172998513611,8.688021823517106,23.080824996480803,433.26007634149676,1.3387758591212173,1169800,1.8981455788696557,594633,94.9296113403534,399141,76.68295051767866,378903,83.21679664989051,52058,59.062008751113915,199746,1.7260708959417737,1058763,11.505691075339806,1058763,45.980734120856134,1058763,40.78750390786229,1058763,86.76823802871841,1058763,89.0429680674523,1058763,1.1376707950242682,1.8981455788696557,0.7604747838453875,594633,575167,2.3812362803357203,41.95621044509241,39.57497416475669,539124,519639,-0.22865770546402509,11.869256423383117,12.097914128847142,539124,519639,46.98795331974169,796568,37.816106095148186,796568,2.3893754205541775,796568,4.475575217683864,796568,1.895255646724448,796568,0.03376987275411515,796568,48.88320896646614,796568,69.36958812207676,67.2833274893471,1177849,1177849,817069,3.007457142542429,61.12724267192079,59.21722505614507,598895,598895,4.88244569201876,796568,18.140070904178927,796568,68.94037922688332,796568,16.76858324861866,77.89582592053945,61.12724267192079,578954,598895,24.051054021753323,796568,7.7628024223920615,796568,4.39811792590212,796568,9.572942925148888,796568,8.289436683371665,796568,23.99092105131012,796568,7.611277379960028,796568,7.72375993010013,796568,0.4843277661166404,796568,1.8585983870805756,796568,4.1578371212501635,796568,5.310030028823653,796568,65.37374728729793,1601724,23.080755485963873,1601724,31.329867068233977,1601724,11.832001018902133,1601724,46.232309686312995,1601724,50.95884184790888,1601724,98.55471078462878,1587018,98.13871046201115,1587018,9.868073072184975,1177849,33.24707092169087,1587018,2.4884405847948794,1587018,7.468215097608355,1475386,1.6380386,383994,2.100118,7.3566732,1.136152e+06,98.68105271721444,98336,37.85045265169314,446922,45.130882,11.981481219120804,1058763,26.441898162448304,1149301,22.162688451502262,1149301,5.861823839011713,1149301,3.4810724083595157,1149301,42.052517138678205,1149301,3.3863423919364877,1177849,1.5767725744131889,1177849,0.9822141887457561,1177849,0.8923894319220885,1177849,0.25317336942171703,1177849,0.221080970480936,1177849,0.07284465156399504,1177849,0.008150450524642801,1177849,0.004499727893813214,1177849,0.03480921578232864,1177849,2.6988351738921676,1587018,0.8512190788006185,1587018,1.7281467506984798,1587018,0.8115219865181114,1587018,4.524712385114724,1587018,44.503169833953805,1570587,16.51637254096717,1570587,3.3949727076564367,1570587,35.5854849174226,1570587,64.41451508257741,1570587,5.9475701999792765,67557,21.689495429711364,93.80718943365059,1501370,4.758587157063215,1501370,14.697035216546722,1475386,96.00652142754765,111632,2.319444391935063,1587018,6.315694625906685,288551,49.77300583636066,451994,16.931198201746042,451994,17.417487842758973,451994,2.659327336203578,451994,451994,3.511148378075815,97.12170928384732,2.8782907161526765,0.0,728071,728071,728071
070102,90285,44410,32.07952594561666,90285,64.12582378025142,90285,3.7946502741319157,90285,41.384504624245444,90285,6.201473112920197,90285,24.0,26.843916,103.2988065750957,45875,9.104502409038046,90285,27.234867364456996,90285,0.6579165974414355,90285,55.94341578001934,50.02590852563217,5.917507254387177,11.828885129302904,845.3882078225336,2.395219575703961,59911,3.3236210868681395,29516,92.45081816510388,27195,85.81656192824755,25142,76.12600165791655,3619,44.85016136468418,10845,2.9442294989147872,52985,18.78267434179485,52985,55.35906388600547,52985,22.914032273284892,52985,78.27309615929036,52985,82.08927054826837,52985,1.8299543653678927,3.3236210868681395,1.4936667215002468,29516,30395,3.808989900933234,24.846743295019156,21.03775339408592,26100,26885,-0.15736621925228533,10.164597701149425,10.32196392040171,26100,26885,45.62042902918083,40883,36.9395592299978,40883,1.8075972898270676,40883,5.075459237335812,40883,2.196511997651836,40883,0.09050216471393978,40883,47.816941026832666,40883,68.77923446867382,66.76493840173924,60716,60716,41760,2.928639846743295,57.28742234987643,55.530692672500166,29942,29942,9.620135508646626,40883,23.577036910207177,40883,59.18107770956143,40883,22.67293379492113,79.96035614479756,57.28742234987643,30774,29942,13.440794462245922,40883,8.98172834674559,40883,9.453807205929115,40883,12.80972531370007,40883,10.481129075654918,40883,20.106156593205,40883,9.732651713426119,40883,7.883472347919673,40883,0.16632830271751095,40883,1.2254482303157792,40883,3.309444023188122,40883,3.3583641122226844,40883,78.30204352882538,90285,17.696184305255578,90285,20.207121891787118,90285,13.143933100736556,90285,45.64102564102564,90285,54.38666445145927,90285,98.90695725062866,89475,98.40737636211232,89475,15.208511759667962,60716,57.53897736797988,89475,1.3188041352333053,89475,21.374308543331285,81350,2.1297028,20254,2.548186,8.827459,68117.0,98.19633353045535,6764,34.41870441870442,23310,42.940285,10.244446541474002,52985,23.612742844494388,58731,30.685668556639595,58731,4.41845022219952,58731,2.8724183140079345,58731,38.41072006265856,58731,6.561697081494169,60716,1.0524408722577245,60716,0.8877396402925094,60716,1.5383095065551091,60716,0.25363989722643127,60716,0.2849331312998221,60716,0.12187891165425917,60716,0.008235061598260755,60716,0.014823110876869359,60716,0.07246854206469465,60716,2.164850516904163,89475,0.7286951662475551,89475,1.4629784856105057,89475,0.8069293098630902,89475,3.765297569153395,89475,64.68441926345609,88250,12.129178470254958,88250,1.1977337110481587,88250,21.988668555240793,88250,78.01133144475921,88250,9.50403127290496,4093,20.318367569334715,91.7611689014491,83155,7.130058324815105,83155,12.79901659496005,81350,95.11384615384615,8125,2.6487845766974014,89475,8.406242005628037,19545,59.98811191780241,23553,12.26595338173481,23553,14.762450643230162,23553,2.42431961958137,23553,23553,3.798879123678512,76.14229386524411,23.857706134755887,16.74011364954192,34492,34492,34492
070103,11360,5760,24.08450704225352,11360,68.69718309859155,11360,7.21830985915493,11360,32.37676056338028,11360,11.100352112676056,11360,32.0,32.87183,97.22222222222223,5600,6.073943661971831,11360,22.526408450704224,11360,1.1795774647887325,11360,45.566376217324446,35.05894413121476,10.507432086109688,29.970760233918128,333.6585365853659,0.9485888277315845,8539,1.1775362318840579,4416,97.29924378826071,2777,33.45669874167284,2702,93.05135951661632,331,64.65590484282073,1177,1.316298877274487,7749,6.504065040650406,7749,25.15163246870564,7749,67.02800361336946,7749,92.1796360820751,7749,93.43141050458124,7749,0.47416490032936465,1.1775362318840579,0.7033713315546932,4416,4123,-0.6609406879870221,66.70832291927019,67.36926360725721,4001,3748,-0.4118732856807146,14.089727568107973,14.501600853788688,4001,3748,45.42314335060449,5790,32.2279792746114,5790,8.911917098445596,5790,3.05699481865285,5790,4.5595854922279795,5790,0.017271157167530225,5790,49.98272884283247,5790,68.86913811250146,67.48918255174833,8551,8551,5889,2.0037357785702157,60.19439421338156,59.08679927667269,4424,4424,10.362694300518134,5790,13.989637305699482,5790,66.97754749568222,5790,17.973766678307328,78.16816089168888,60.19439421338156,4127,4424,45.99309153713299,5790,8.842832469775475,5790,8.44559585492228,5790,5.734024179620034,5790,7.875647668393782,5790,13.972366148531952,5790,2.763385146804836,5790,6.8739205526770295,5790,1.9170984455958548,5790,3.09153713298791,5790,3.765112262521589,5790,6.390328151986183,5790,44.62147887323944,11360,20.492957746478872,11360,59.48943661971831,11360,6.690140845070423,11360,38.04577464788732,11360,41.056338028169016,11360,96.53030437483362,11269,95.83814003017126,11269,3.169219974272015,8551,73.77762001952259,11269,8.962640873191942,11269,31.18919429488996,10587,1.459113,2886,1.8358521,4.4390736,7862.0,99.16805324459234,601,26.697127937336816,3064,48.93799,14.288940508452704,7749,43.32031712223406,8451,13.00437818009703,8451,5.454975742515678,8451,2.8635664418412023,8451,35.356762513312034,8451,1.1811484036954742,8551,0.3976143141153082,8551,0.33914162086305694,8551,0.3508361595135072,8551,0.12863992515495265,8551,0.08186177055315168,8551,0.0,8551,0.0,8551,0.0,8551,0.02338907730090048,8551,1.2512201615050138,11269,0.5590558168426657,11269,0.7542816576448664,11269,0.5146863075694382,11269,2.3249622859171177,11269,35.6823466285101,11182,19.835449830084062,11182,24.745126095510642,11182,19.73707744589519,11182,80.2629225541048,11182,2.88659793814433,485,23.57953238788808,95.43680297397769,10760,1.338289962825279,10760,30.49966940587513,10587,96.48093841642229,682,3.549560741858195,11269,4.55435847208619,2042,49.41860465116279,3096,20.09043927648579,3096,11.24031007751938,3096,2.260981912144703,3096,3096,3.639857881136951,53.66092404072044,46.33907595927956,37.196554424432264,5108,5108,5108
070104,139699,70157,30.046027530619405,139699,66.15151146393318,139699,3.802461005447426,139699,39.00886906849727,139699,6.002190423696662,139699,26.0,27.488594,99.12339467195005,69542,8.270639016743141,139699,27.699554041188556,139699,0.6327890679246093,139699,51.16812569660113,45.42001666432212,5.748109032279008,12.655453375899366,790.1731927710844,2.5555855425688723,96338,3.6580638580026523,49015,94.57949983793353,40107,85.40057469749294,37933,80.67740144364242,5403,52.8593868171505,17189,2.905209421046525,86190,19.151873767258383,86190,48.214410024364774,86190,29.728506787330318,86190,77.9429168116951,86190,81.4305603898364,86190,2.244374954087009,3.6580638580026523,1.4136889039156435,49015,47323,2.7740735370568856,31.08815364310745,28.314080106050564,43946,42244,-0.3186899849926004,10.445205479452055,10.763895464444655,43946,42244,43.565450580538695,67868,40.64065538987446,67868,1.91253609948724,67868,4.5116991807626565,67868,2.5107561737490425,67868,0.03388931455177698,67868,46.07620675428773,67868,71.43004475980281,69.50867350095913,96962,96962,69260,2.689864279526422,61.916432058007416,60.0550908391226,49373,49373,6.811752224907173,67868,19.49372310956563,67868,67.14651971474038,67868,19.383868431601528,81.30030048960894,61.916432058007416,47589,49373,15.73053574585961,67868,9.226734248835976,67868,6.079448340897035,67868,8.818589025755879,67868,10.445276124241174,67868,24.652266163729593,67868,11.042022750044204,67868,7.825484764542936,67868,0.7323038840101374,67868,1.3614663759061707,67868,3.509754228797077,67868,4.060823952378146,67868,77.07141783405751,139699,17.1239593697879,139699,26.837701057273136,139699,16.012283552495006,139699,52.47281655559453,139699,58.971073522358786,139699,99.21789400841935,138728,98.89568075658843,138728,15.826818753738578,96962,68.6811602560406,138728,1.4186033100743902,138728,18.90307625820139,127265,1.8100796,34446,2.201306,8.20899,99123.0,98.5832585054375,10023,35.05794372696173,37709,42.516907,10.601403875159532,86190,25.459996410814007,94729,28.915115751248297,94729,4.5318751385531355,94729,2.8058989327449884,94729,38.28711376663957,94729,8.445576617644026,96962,1.432519956271529,96962,0.9838905963160826,96962,0.41253274478661744,96962,0.20420370866937562,96962,0.15057445184711538,96962,0.042284606340628285,96962,0.0010313318619665436,96962,0.0020626637239330873,96962,0.01134465048163198,96962,2.2266593622051785,138728,0.7568767660457875,138728,1.4135574649674183,138728,0.8325644426503662,138728,3.850700651634854,138728,58.331694311501565,137277,12.777085746337697,137277,1.344726356199509,137277,27.546493585961233,137277,72.45350641403877,137277,6.410460851538829,6271,21.03089850026781,87.62389189854716,129952,11.457307313469588,129952,19.457038463049543,127265,96.72860507720492,11463,2.568335159448705,138728,5.681502086230876,28760,59.96524669580327,37982,11.679216470959929,37982,13.606445158232846,37982,1.7508293402137856,37982,37982,3.6524669580327522,64.95254680017415,35.04745319982585,24.482368306486723,57425,57425,57425
070105,39971,20080,29.336268794876286,39971,65.14222811538366,39971,5.521503089740062,39971,38.86317580245678,39971,8.21095294088214,39971,26.0,28.522755,99.05876494023904,19891,8.1258912711716,39971,27.645042655925547,39971,1.018238222711466,39971,53.510254243797526,45.03418081265842,8.476073431139104,18.821422479959065,531.3094698685999,4.768235716852318,27830,6.674714194418803,14083,94.22489749629241,11463,88.79733358022405,10801,82.80297901150982,1477,48.9280407556782,4711,5.116769380473564,24664,25.624391826143366,24664,43.56552059682128,24664,25.69331819656179,24664,69.25883879338306,24664,73.1268245215699,24664,3.8595545232178132,6.674714194418803,2.8151596712009894,14083,13747,5.713240896252426,28.50638977635783,22.793148880105402,12520,12144,-0.17830348912096383,9.593929712460064,9.772233201581027,12520,12144,38.82986834748132,19673,44.66019417475728,19673,1.7587556549585726,19673,5.454175773903319,19673,2.3890611497992174,19673,0.04066487063488029,19673,41.218929497280534,19673,71.32402812979689,69.64266590511548,28013,28013,19980,2.3573573573573574,61.87187257734865,60.3636619916837,14189,14189,13.998881716057541,19673,16.7895084633762,19673,63.09662989884613,19673,19.153879737466163,81.02575231481481,61.87187257734865,13824,14189,15.33065622934987,19673,7.014690184516851,19673,13.510903268438977,19673,7.8025720530676566,19673,8.824276927769024,19673,22.899405276266965,19673,11.10150968332232,19673,7.136684796421491,19673,0.4879784476185635,19673,1.0979515071417678,19673,4.722208102475474,19673,4.691709449499314,19673,83.7307047609517,39971,13.499787345825723,39971,35.01538615496235,39971,20.577418628505665,39971,52.65817717845438,39971,63.473518300768056,39971,99.33215725806451,39680,98.92389112903226,39680,14.307642880091386,28013,48.36189516129032,39680,1.2046370967741935,39680,9.28440165665542,36459,1.8272555,9488,2.4530609,10.806847,32063.0,98.20273184759166,2782,38.24788191108394,11449,44.263256,9.681722348361985,24664,24.55129140522399,27412,27.798044651977236,27412,4.483437910404202,27412,3.980008755289654,27412,39.18721727710492,27412,8.617427622889373,28013,0.4854888801627816,28013,0.5390354478277942,28013,0.16420947417270554,28013,0.2177560418377182,28013,0.07139542355335023,28013,0.028558169421340093,28013,0.0035697711776675116,28013,0.0035697711776675116,28013,0.007139542355335023,28013,2.4798387096774195,39680,1.0483870967741935,39680,1.7338709677419355,39680,1.2172379032258065,39680,4.485887096774194,39680,60.65904334065036,39178,10.015825208024912,39178,0.7657358721731584,39178,28.559395579151566,39178,71.44060442084843,39178,7.539041464728056,1857,20.617556292147675,89.04621171413218,37220,10.07254164427727,37220,18.66754436490304,36459,97.45420676808445,3221,2.053931451612903,39680,7.11047482701026,8382,56.204506065857885,11540,15.61525129982669,11540,16.08318890814558,11540,3.630849220103986,11540,11540,3.438474870017331,79.66809933142311,20.331900668576893,12.452244508118433,16752,16752,16752
070201,135108,66890,31.60360600408562,135108,64.64976167214377,135108,3.746632323770613,135108,41.40613435177784,135108,6.09586404950114,135108,24.0,26.945385,101.98534908058005,68218,8.523551529147053,135108,27.76075435947538,135108,0.5750954791722178,135108,54.67961120587999,48.88433489415778,5.795276311722211,11.855078573268695,843.5203476886606,2.518888901180349,90397,3.6456950712326344,45204,93.34747725998001,41007,87.28545677786776,38279,75.24733637747336,5256,46.5750970438937,16745,3.152553442688839,79618,19.71162299982416,79618,53.24047325981562,79618,23.89535029767138,79618,77.135823557487,79618,80.6375442739079,79618,2.2538866053197717,3.6456950712326344,1.3918084659128627,45204,45193,1.8125773419952402,24.79899812147777,22.98642077948253,39925,39693,-0.46472099853539284,9.936080150281779,10.400801148817171,39925,39693,45.12450660299206,61563,37.89938761918685,61563,1.824147621136072,61563,5.132953234897585,61563,2.3439403537839287,61563,0.0406088072381138,61563,47.468446956775985,61563,69.13214990138067,66.90883190883191,91260,91260,63090,3.2160405769535583,58.54946114080435,56.57145360553754,45652,45652,7.1763884151194715,61563,23.845491610220424,61563,61.07889479070221,61563,21.175587096347037,79.72504823715138,58.54946114080435,45608,45652,13.175121420333642,61563,9.871188863440704,61563,6.963598265191755,61563,11.882136997872099,61563,11.64010850673294,61563,21.412211880512647,61563,9.93128989815311,61563,7.77902311453308,61563,0.21279014992771633,61563,1.3839481506749183,61563,2.9254584734337183,61563,3.3250491366567583,61563,75.43890813275306,135108,18.45782633152737,135108,23.997838766024216,135108,13.586168102554993,135108,43.83160138555822,135108,53.46685614471386,135108,98.96074162196135,133653,98.51555894742356,133653,18.699320622397547,91260,68.12192767839106,133653,1.4664841043597974,133653,19.501022494887525,122250,2.0726588,31297,2.475817,8.810782,101512.0,97.98452768729642,9824,37.551248082554736,35855,42.892456,10.167763571051772,79618,23.500931098696462,88605,29.52090739800237,88605,5.05276225946617,88605,2.876812820946899,88605,39.0485864228881,88605,8.369493754109138,91260,2.8336620644312953,91260,1.6294104755643217,91260,0.7385492000876617,91260,0.3407845715538023,91260,0.21805829498137191,91260,0.10190664036817883,91260,0.01972386587771203,91260,0.008766162612316459,91260,0.04383081306158229,91260,2.3067196396639056,133653,0.7205225471931045,133653,1.4417933005619028,133653,0.8103072882763575,133653,3.9520250200145153,133653,63.991140575104104,131837,12.628473038676548,131837,1.224239022429212,131837,22.156147363790136,131837,77.84385263620986,131837,9.003115264797508,6420,20.370985126104763,88.99760591235557,124891,9.847787270499875,124891,17.591002044989775,122250,95.64149785144261,11403,3.4709284490434182,133653,7.981409034674156,29907,59.20631416271112,36236,11.750745115354896,36236,16.102770725245612,36236,2.3843691356661885,36236,36236,3.6884037973286237,74.65754736862272,25.342452631377284,14.541065578481522,52197,52197,52197
070202,5198,2631,32.07002693343593,5198,62.08156983455175,5198,5.848403232012313,5198,41.95844555598307,5198,8.580223162754907,5198,24.0,27.854752,97.5674648422653,2567,9.407464409388226,5198,26.644863409003463,5198,0.8657175836860331,5198,61.078400991633096,51.657886581964675,9.420514409668423,18.236352729454108,548.3552631578947,2.691867124856816,3492,3.6333147009502516,1789,97.62796504369538,1602,88.68286445012788,1564,92.92035398230088,226,49.09090909090909,605,4.244205027750572,3063,19.327456741756446,3063,51.68135814560888,3063,24.7469800848841,3063,76.42833823049298,3063,80.1828272935031,3063,1.930437425553892,3.6333147009502516,1.7028772753963595,1789,1703,4.765977960844879,27.070063694267517,22.30408573342264,1570,1493,-0.14507105345113658,10.072611464968153,10.21768251841929,1570,1493,49.68674698795181,2075,32.144578313253014,2075,1.5421686746987953,2075,5.445783132530121,2075,2.5542168674698793,2075,0.04819277108433735,2075,52.24096385542169,2075,61.30782410051399,58.937749857224446,3502,3502,2147,3.8658593386120166,47.71714922048998,46.15812917594655,1796,1796,24.0,2075,15.518072289156626,2075,54.8433734939759,2075,27.89832557435175,75.61547479484173,47.71714922048998,1706,1796,11.80722891566265,2075,9.44578313253012,2075,24.0,2075,7.036144578313253,2075,8.240963855421686,2075,17.783132530120483,2075,6.216867469879518,2075,6.746987951807229,2075,0.0,2075,5.156626506024097,2075,4.0,2075,4.0,2075,81.5121200461716,5198,19.50750288572528,5198,26.741054251635244,5198,13.620623316660254,5198,48.96113889957676,5198,55.790688726433245,5198,98.74055415617129,5161,98.44991280759542,5161,10.079954311821815,3502,53.28424723890719,5161,2.4995155977523735,5161,9.388366124893071,4676,1.9300582,1201,2.5975468,10.549003,4408.0,99.21052631578948,380,37.75438596491228,1425,45.04,10.14332353901404,3063,20.86625695054141,3417,31.66520339479075,3417,4.214223002633889,3417,3.745976002341235,3417,39.50834064969271,3417,5.368360936607653,3502,0.3712164477441462,3502,0.799543118218161,3502,1.3706453455168475,3502,0.2855511136493432,3502,0.2855511136493432,3502,0.1142204454597373,3502,0.028555111364934323,3502,0.0,3502,0.0,3502,2.2670025188916876,5161,0.7362914163921721,5161,1.8407285409804302,5161,0.7944196861073436,5161,4.030226700251889,5161,75.68941912771368,5113,11.597887737140622,5113,2.679444553099941,5113,10.033248582045765,5113,89.96675141795423,5113,10.116731517509727,257,20.19366515837104,92.21294363256784,4790,3.9248434237995826,4790,11.99743370402053,4676,95.25773195876289,485,2.887037395853517,5161,4.844290657439446,1156,60.08316008316008,1443,16.77061677061677,1443,14.691614691614692,1443,3.257103257103257,1443,1443,3.5765765765765765,91.07243121841663,8.927568781583375,2.526670409882089,1781,1781,1781
070301,32027,15808,32.62247478689856,32027,62.45043244762232,32027,4.927092765479127,32027,43.035563743091764,32027,7.762200643207294,32027,24.0,27.213413,102.59994939271255,16219,9.794860586380242,32027,27.298841602397978,32027,0.9523214787523028,32027,60.12699365031749,52.23738813059347,7.889605519724014,15.103369065849924,662.1039290240811,3.104265402843602,21100,4.3300342596117245,10508,90.66163727189316,9809,84.493421792421,8893,71.82596291012838,1402,39.62313530489401,3821,3.6609911331121143,18383,19.877060327476475,18383,52.83142033400424,18383,23.63052820540717,18383,76.46194853941141,18383,80.94979056737203,18383,2.4418167369531143,4.3300342596117245,1.8882175226586102,10508,10592,2.6707051137051643,24.96203080928618,22.291325695581016,9218,9165,-0.2777411471211302,9.89618138424821,10.17392253136934,9218,9165,40.91004845165368,14241,40.179762657116775,14241,1.7695386559932589,14241,5.413945649884138,14241,2.401516747419423,14241,0.12639561828523277,14241,43.3115651990731,14241,68.04191532352803,66.2703820309196,21281,21281,14480,2.6035911602209945,57.186024551463646,55.70349386213409,10590,10590,19.794958219226178,14241,18.56611193034197,14241,54.23074222315849,14241,21.60922378826136,78.795248339725,57.186024551463646,10691,10590,12.864265149919246,14241,8.587880064602205,14241,19.738782388877187,14241,10.497858296467944,14241,7.717154694192824,14241,20.44098026823959,14241,7.0781546239730355,14241,6.4672424689277435,14241,0.056175830348992345,14241,1.488659504248297,14241,5.020714837441191,14241,3.075626711607331,14241,84.70665376088925,32027,14.181784119649047,32027,16.854528991163704,32027,21.756642832609984,32027,50.05776376182596,32027,65.94123708121273,32027,98.40265696662976,31615,97.5992408666772,31615,47.12184577792397,21281,28.90716432073383,31615,1.5498972006958722,31615,13.29477742726954,28530,2.2744846,6984,2.8804855,8.451933,27544.0,96.87252573238321,2526,40.497397339502605,8645,43.431694,10.034651580264375,18383,20.18681637789178,20662,34.29000096796051,20662,4.442938728099893,20662,3.266866711838157,20662,37.81337721420966,20662,4.943376721018749,21281,1.0384850335980451,21281,0.28194163808091727,21281,34.81039424839058,21281,0.23025233776608242,21281,0.07048540952022932,21281,0.05168930031483483,21281,0.009398054602697242,21281,0.0,21281,0.014097081904045863,21281,2.030681638462755,31615,0.6421002688597185,31615,1.2652222046496917,31615,0.828720544045548,31615,3.5109916179028944,31615,64.2753879268802,31127,9.718251036078003,31127,0.8063738876216789,31127,25.199987149420117,31127,74.80001285057988,31127,15.672131147540984,1525,19.796414112203585,94.12026116979455,29253,3.784227258742693,29253,9.509288468279005,28530,92.93354943273906,3085,2.577890241973747,31615,9.245014245014245,7020,58.09166382349596,8793,14.625270101216877,8793,18.526100307062435,8793,2.615717047651541,8793,8793,3.5954736722392813,97.03329651254536,2.9667034874546374,0.6943348587659776,12674,12674,12674
070302,5345,2751,33.7511693171188,5345,58.72778297474275,5345,7.521047708138447,5345,43.49859681945744,5345,10.645463049579046,5345,24.0,28.899532,94.29298436932025,2594,9.522918615528532,5345,22.768942937324603,5345,1.8709073900841908,5345,70.27715833067856,57.470532016565784,12.806626314112775,22.283813747228383,448.7562189054726,4.025301897642323,3478,5.443658138268916,1837,93.96248534583822,1706,99.25140361821585,1603,78.53403141361257,191,39.1578947368421,475,3.9521753570242444,3011,23.61341746927931,3011,49.21952839588177,3011,23.21487877781468,3011,72.43440717369644,3011,76.38658253072069,3011,3.0061200517363145,5.443658138268916,2.437538086532602,1837,1641,0.2819135423830659,23.348017621145374,23.066104078762308,1589,1422,-0.5252168786992861,9.53807426054122,10.063291139240507,1589,1422,42.58034026465028,2116,36.76748582230624,2116,1.7485822306238186,2116,6.568998109640832,2116,2.7410207939508506,2116,0.14177693761814744,2116,45.321361058601134,2116,61.62424935659136,59.908492993994855,3497,3497,2155,2.7842227378190256,48.78048780487805,47.58807588075881,1845,1845,24.43289224952741,2116,19.565217391304348,2116,48.582230623818525,2116,27.188035197543257,75.9685230024213,48.78048780487805,1652,1845,15.784499054820415,2116,7.986767485822306,2116,24.243856332703213,2116,11.67296786389414,2116,7.844990548204159,2116,15.689981096408317,2116,5.340264650283554,2116,4.773156899810964,2116,0.1890359168241966,2116,1.0396975425330812,2116,9.026465028355387,2116,3.9697542533081287,2116,91.24415341440599,5345,18.222637979420018,5345,24.99532273152479,5345,28.868101028999064,5345,35.92142188961646,5345,64.6398503274088,5345,99.24184988627748,5276,98.35102350265352,5276,58.707463540177294,3497,29.71948445792267,5276,0.77710386656558,5276,12.220129734254028,4779,2.2694063,1095,3.2188432,9.960532,5321.0,98.14814814814815,378,38.90429958391123,1442,47.22538,9.786117568913982,3011,19.982238010657195,3378,36.323268206039074,3378,3.641207815275311,3378,4.410894020130255,3378,35.64239194789816,3378,1.2010294538175579,3497,0.5433228481555619,3497,0.45753503002573637,3497,51.04375178724621,3497,0.028595939376608523,3497,0.057191878753217046,3497,0.028595939376608523,3497,0.0,3497,0.0,3497,0.057191878753217046,3497,2.596664139499621,5276,1.023502653525398,5276,1.6489764973464747,5276,1.061410159211524,5276,4.131918119787718,5276,78.36223506743738,5190,11.329479768786127,5190,0.674373795761079,5190,9.633911368015415,5190,90.36608863198458,5190,15.498154981549815,271,19.424635332252837,97.28841413311422,4868,1.5201314708299096,4868,3.9338773802050637,4779,96.37826961770624,497,3.278999241849886,5276,4.780262143407865,1297,61.29692832764505,1465,21.22866894197952,1465,15.563139931740615,1465,3.5494880546075085,1465,1465,3.6013651877133106,94.29378531073446,5.706214689265536,1.2429378531073447,1770,1770,1770
070303,2825,1403,32.389380530973455,2825,61.982300884955755,2825,5.628318584070796,2825,42.65486725663717,2825,8.389380530973451,2825,24.0,27.69168,101.35424091233072,1422,9.380530973451327,2825,26.194690265486727,2825,1.4867256637168142,2825,61.33637921187893,52.255853797829815,9.080525414049115,17.37704918032787,575.4716981132076,2.1482277121374866,1862,3.2327586206896552,928,94.73684210526316,893,98.81796690307328,846,84.12698412698413,126,40.468227424749166,299,2.968460111317254,1617,21.830550401978975,1617,54.42176870748299,1617,20.77922077922078,1617,75.20098948670378,1617,80.39579468150897,1617,2.162094809126486,3.2327586206896552,1.0706638115631693,928,934,4.716271043307447,23.124231242312423,18.407960199004975,813,804,0.18801747718969786,9.981549815498155,9.793532338308458,813,804,43.63636363636363,1155,36.53679653679654,1155,1.645021645021645,1155,7.359307359307359,1155,2.683982683982684,1155,0.08658008658008658,1155,46.32034632034632,1155,62.579281183932345,60.14799154334038,1892,1892,1184,3.885135135135135,48.938428874734605,47.13375796178344,942,942,25.28138528138528,1155,18.7012987012987,1155,47.35930735930736,1155,27.166834283160135,76.10526315789474,48.938428874734605,950,942,13.333333333333334,1155,8.658008658008658,1155,25.28138528138528,1155,9.264069264069263,1155,9.35064935064935,1155,16.70995670995671,1155,5.887445887445887,1155,5.2813852813852815,1155,0.0,1155,1.645021645021645,1155,6.406926406926407,1155,3.3766233766233764,1155,92.03539823008849,2825,15.185840707964601,2825,7.185840707964601,2825,15.43362831858407,2825,28.283185840707965,2825,50.3716814159292,2825,98.5,2800,97.78571428571429,2800,40.48625792811839,1892,42.892857142857146,2800,0.8571428571428571,2800,13.51457840819543,2538,2.2464,625,2.775862,7.3719263,2401.0,99.07834101382488,217,42.51655629139073,755,43.304634,9.888064316635745,1617,19.548458149779737,1816,36.28854625550661,1816,4.240088105726873,1816,3.6894273127753303,1816,36.23348017621145,1816,0.6871035940803383,1892,0.5285412262156448,1892,0.10570824524312897,1892,34.30232558139535,1892,0.0,1892,0.052854122621564484,1892,0.0,1892,0.0,1892,0.0,1892,0.0,1892,1.7857142857142858,2800,0.6071428571428571,2800,1.1428571428571428,2800,0.5357142857142857,2800,2.8214285714285716,2800,77.23812975715839,2759,10.366074664733599,2759,0.9786154403769481,2759,11.417180137731062,2759,88.58281986226893,2759,12.030075187969924,133,19.818027210884352,97.57599076567911,2599,0.7695267410542517,2599,3.5855003940110324,2538,90.83969465648855,262,3.107142857142857,2800,7.993730407523511,638,59.225806451612904,775,16.387096774193548,775,16.258064516129032,775,2.5806451612903225,775,775,3.6129032258064515,95.76271186440678,4.237288135593218,1.8008474576271187,944,944,944
070401,5537,2567,28.842333393534403,5537,64.0960809102402,5537,7.061585696225393,5537,40.18421527903197,5537,10.312443561495394,5537,25.0,29.222141,115.69925983638488,2970,8.000722412858948,5537,27.776774426584794,5537,1.1919812172656674,5537,56.01577909270217,44.99859115243731,11.017187940264863,24.48340638697558,408.43989769820973,3.664787288569964,3902,5.2836484983314795,1798,93.65482233502539,1576,89.56639566395664,1476,85.35353535353535,198,38.78378378378378,740,3.9752650176678443,3396,19.81743227326266,3396,46.73144876325088,3396,29.47585394581861,3396,76.2073027090695,3396,79.29917550058893,3396,3.002279677038704,5.2836484983314795,2.2813688212927756,1798,2104,0.6636426250721819,29.82565379825654,29.162011173184357,1606,1790,-0.2829751560141087,10.225404732254047,10.508379888268156,1606,1790,44.238358326756114,2534,38.910812943962114,2534,1.3812154696132597,2534,7.103393843725335,2534,1.1838989739542225,2534,0.03946329913180742,2534,45.42225730071034,2534,66.08695652173913,64.27109974424552,3910,3910,2584,2.7476780185758516,61.24375347029428,59.57801221543587,1801,1801,15.824782951854775,2534,20.520915548539858,2534,58.08997632202052,2534,8.979100963086466,70.22285443338075,61.24375347029428,2109,1801,14.680347277032359,2534,7.971586424625099,2534,15.035516969218627,2534,10.181531176006315,2534,10.023677979479084,2534,17.640094711917918,2534,5.445935280189424,2534,12.2336227308603,2534,0.7892659826361483,2534,3.591160220994475,2534,4.498816101026046,2534,4.380426203630623,2534,86.03937150081272,5537,16.20010836192884,5537,20.7151887303594,5537,13.960628499187285,5537,52.53747516705798,5537,60.556257901390644,5537,99.01800327332242,5499,98.69067103109656,5499,15.9846547314578,3910,53.13693398799782,5499,1.618476086561193,5499,14.819205690574986,5061,2.01519,1185,2.7394614,9.54752,4619.0,98.35616438356165,365,41.5266106442577,1428,47.07423,10.374558303886927,3396,20.384815392615703,3846,28.62714508580343,3846,4.290171606864274,3846,4.342173686947478,3846,42.35569422776911,3846,10.30690537084399,3910,1.4833759590792839,3910,0.9207161125319693,3910,0.35805626598465473,3910,0.07672634271099744,3910,0.1534526854219949,3910,0.05115089514066496,3910,0.0,3910,0.05115089514066496,3910,0.0,3910,2.600472813238771,5499,0.9274413529732679,5499,2.182214948172395,5499,1.1820330969267139,5499,4.909983633387888,5499,75.5285898143041,5439,11.803640375068946,5439,1.0479867622724766,5439,11.619783048354478,5439,88.38021695164552,5439,18.303571428571427,224,20.12314049586777,92.99709020368574,5155,5.916585838991271,5155,14.997036158861885,5061,95.4337899543379,438,3.1460265502818694,5499,6.521739130434782,1150,57.98203178991016,1447,22.32204561161023,1447,14.789219073946095,1447,4.97581202487906,1447,1447,3.800276434001382,89.00359066427289,10.996409335727108,3.994614003590664,2228,2228,2228
070402,12692,6337,31.248030255278916,12692,62.212417270721716,12692,6.53955247399937,12692,40.84462653640088,12692,9.549322407815946,12692,25.0,28.505909,100.28404607858609,6355,8.517176173967854,12692,26.536400882445633,12692,1.134572959344469,12692,60.73961499493414,50.22796352583587,10.511651469098277,20.927887039838627,477.8313253012048,4.954745880714783,8618,7.063197026022305,4304,96.3405138852842,3853,97.89870689655173,3712,93.37349397590361,498,52.10864903502502,1399,5.5650572293119325,7601,23.720563083804763,7601,46.0334166557032,7601,24.68096303118011,7601,70.7143796868833,7601,73.87185896592554,7601,4.212014828525782,7.063197026022305,2.851182197496523,4304,4314,4.868967589653117,27.13754646840149,22.26857887874837,3766,3835,0.049009908873811625,9.738449283058948,9.689439374185136,3766,3835,38.290748898678416,5675,43.91189427312775,5675,1.86784140969163,5675,6.6960352422907485,5675,1.5859030837004404,5675,0.0,5675,39.87665198237885,5675,66.70893371757926,64.91066282420749,8675,8675,5787,2.695697252462416,54.474169741697416,52.79059040590406,4336,4336,26.46696035242291,5675,14.607929515418503,5675,53.63876651982379,5675,24.461068792527065,78.93523853422448,54.474169741697416,4339,4336,12.933920704845814,5675,5.515418502202643,5675,26.308370044052865,5675,6.607929515418502,5675,7.859030837004405,5675,20.88105726872247,5675,7.594713656387666,5675,7.700440528634362,5675,0.15859030837004406,5675,1.1629955947136563,5675,4.211453744493392,5675,3.8766519823788546,5675,85.51055783170501,12692,13.03183107469272,12692,23.37693034982666,12692,18.405294673810275,12692,58.619602899464226,12692,64.33186259060825,12692,99.19987324724708,12623,98.93052364731047,12623,16.72622478386167,8675,46.66877921254852,12623,1.3388259526261586,12623,11.39591271215795,11548,2.027084,2843,2.7619047,11.134225,11056.0,98.57299670691548,911,40.881590319792565,3471,45.46096,9.713721878700172,7601,17.984678845020625,8485,31.596935769004126,8485,4.384207424867413,8485,4.313494401885681,8485,41.72068355922216,8485,10.46685878962536,8675,0.345821325648415,8675,0.622478386167147,8675,0.26512968299711814,8675,1.2680115273775217,8675,0.0345821325648415,8675,0.011527377521613832,8675,0.0,8675,0.1037463976945245,8675,0.0,8675,2.5429771052840056,12623,1.2041511526578468,12623,2.0280440465816367,12623,1.4576566584805515,12623,4.737384140061792,12623,74.16873647944877,12481,7.058729268488102,12481,0.689047351975002,12481,18.083486900088133,12481,81.91651309991187,12481,9.87460815047022,638,20.138313609467456,89.40897142372594,11793,9.615873823454592,11793,17.73467267059231,11548,96.27906976744185,1075,3.0499881169294145,12623,6.30981921304502,2821,58.480868075385494,3502,19.446030839520276,3502,16.84751570531125,3502,4.197601370645345,3502,3502,3.6045117075956594,75.70701932858596,24.292980671414043,3.458799593082401,4915,4915,4915
070403,35874,18090,31.892178179182697,35874,63.45542732898478,35874,4.652394491832525,35874,41.743323855717236,35874,6.913084685287394,35874,24.0,26.862518,98.30845771144278,17784,8.867146122540001,35874,28.421698165802532,35874,0.7470591514746056,35874,57.590933052187665,50.25918116324021,7.331751888947461,14.587885674329167,685.5002995805871,4.51620937279482,24091,6.757961267320314,12341,95.19717800289436,11056,90.14726840855107,10525,88.8499298737728,1426,52.03691199639883,4443,5.527519690609819,21203,21.808234683771165,21203,42.50341932745366,21203,30.160826298165354,21203,72.66424562561902,21203,75.7439984907796,21203,4.59625913966074,6.757961267320314,2.1617021276595745,12341,11750,4.345811581531091,32.276445179670986,27.930633598139895,10881,10322,-0.38559657406655035,9.94835033544711,10.33394690951366,10881,10322,34.57309547851453,17826,47.90194098507798,17826,2.0756198810725905,17826,6.832716257152474,17826,1.509031751374397,17826,0.07853696847301694,17826,36.082127229888926,17826,74.2489270386266,72.67662594915814,24232,24232,17992,2.1176078257003113,65.31991951710262,63.8953722334004,12425,12425,19.606193200942442,17826,14.512509817121058,17826,60.87176035005049,17826,18.325375646783215,83.64529516388583,65.31991951710262,11807,12425,14.57982721866936,17826,5.37978234040166,17826,19.465948614383485,17826,6.44003141478739,17826,7.904184898462919,17826,24.368899360484686,17826,8.403455626612812,17826,8.902726354762706,17826,0.14024458655895883,17826,1.1387860428587457,17826,4.482216986424324,17826,3.6968473016941545,17826,79.66772592964264,35874,13.215699392317555,35874,38.40943301555444,35874,26.793778223783242,35874,60.85744550370742,35874,65.02480905391091,35874,99.23902055486914,35612,98.86274289565316,35612,28.693463189171343,24232,50.494215433000115,35612,1.0839043019207009,35612,10.961899775156313,32467,1.8741164,8913,2.4088051,10.190403,28203.0,97.79850746268657,2680,44.643372798151894,10389,41.7095,10.13606565108711,21203,19.6048823455392,23841,31.198355773667213,23841,5.175957384337905,23841,3.477203137452288,23841,40.5436013590034,23841,20.84433806536811,24232,1.555793991416309,24232,0.5075932651039947,24232,0.24347969626939583,24232,0.37966325519973587,24232,0.0577748431825685,24232,0.020633872565203038,24232,0.008253549026081214,24232,0.020633872565203038,24232,0.012380323539121822,24232,2.128496012580029,35612,0.932270021341121,35612,1.620240368415141,35612,0.963158485903628,35612,3.956531506233854,35612,71.48933756805808,35264,7.375794010889292,35264,0.6975952813067151,35264,20.437273139745916,35264,79.56272686025409,35264,9.201773835920177,1804,20.458480913026367,83.39662447257383,33180,15.708257986739,33180,31.866202605722734,32467,95.93004769475358,3145,2.2660900819948333,35612,5.013719131953105,8018,58.64590257335486,10531,13.246605260659006,10531,19.001044535181844,10531,3.0101604785870286,10531,10531,3.381635172348305,95.01801466020623,4.981985339793766,1.186482792893527,16098,16098,16098
070404,6096,3002,32.41469816272966,6096,62.4507874015748,6096,5.134514435695538,6096,42.273622047244096,6096,7.1358267716535435,6096,24.0,27.218176,103.06462358427714,3094,9.087926509186351,6096,27.001312335958005,6096,0.8366141732283464,6096,60.126083530338846,51.90438665615971,8.221696874179143,15.84008097165992,631.3099041533546,2.2502472799208704,4044,3.256513026052104,1996,94.50726978998385,1857,97.32193732193733,1755,85.53191489361703,235,57.005494505494504,728,3.041396789636722,3551,20.219656434807096,3551,49.00028161081386,3551,27.738665164742326,3551,76.73894677555619,3551,80.1182765418192,3551,1.986981776052104,3.256513026052104,1.26953125,1996,2048,4.903368213689141,30.23522662076879,25.331858407079647,1743,1808,-0.02987741103478392,10.292025243832473,10.321902654867257,1743,1808,49.818913480885314,2485,31.549295774647888,2485,1.1267605633802817,2485,4.627766599597585,2485,1.971830985915493,2485,0.08048289738430583,2485,51.7907444668008,2485,62.34309623430963,60.74329313315284,4063,4063,2533,2.5661271219897355,48.4788029925187,47.18204488778055,2005,2005,27.122736418511067,2485,18.47082494969819,2485,47.927565392354126,2485,27.371537143535726,75.85034013605443,48.4788029925187,2058,2005,14.446680080482897,2485,8.571428571428571,2485,27.122736418511067,2485,8.088531187122737,2485,10.382293762575452,2485,15.653923541247485,2485,5.674044265593562,2485,6.277665995975855,2485,0.0,2485,1.448692152917505,2485,5.79476861167002,2485,4.466800804828974,2485,82.08661417322834,6096,16.010498687664043,6096,22.14566929133858,6096,14.271653543307087,6096,50.86942257217848,6096,56.938976377952756,6096,98.48837209302326,6020,98.05647840531562,6020,8.343588481417672,4063,44.71760797342193,6020,2.12624584717608,6020,7.137641474990873,5478,2.0869894,1322,2.5719888,6.8897667,4572.0,99.03381642512078,414,34.3191196698762,1454,44.31981,10.30723739791608,3551,24.32092555331992,3976,26.785714285714285,3976,4.577464788732394,3976,3.898390342052314,3976,40.41750503018109,3976,3.3472803347280333,4063,0.8368200836820083,4063,0.5906965296578882,4063,1.5505783903519568,4063,0.07383706620723603,4063,0.049224710804824025,4063,0.0,4063,0.024612355402412012,4063,0.0,4063,0.024612355402412012,4063,1.7109634551495017,6020,0.7308970099667774,6020,1.212624584717608,6020,0.6312292358803987,6020,3.0398671096345513,6020,69.61065228383617,5933,14.343502443957526,5933,3.8260576436878475,5933,12.219787628518455,5933,87.78021237148154,5933,7.2368421052631575,304,20.07529610829103,93.66749910809847,5606,1.9265073135925794,5606,9.109163928441037,5478,97.41697416974169,542,1.4451827242524917,6020,5.212922173274596,1362,63.83412644459551,1471,16.45139360978926,1471,10.26512576478586,1471,2.6512576478585994,1471,1471,4.092454112848403,87.81680746998666,12.183192530013343,1.4673188083592708,2249,2249,2249
070501,13131,6504,31.55129083847384,13131,63.06450384586094,13131,5.38420531566522,13131,41.938923158936866,13131,8.689361053994364,13131,25.0,28.306755,101.89114391143912,6627,8.948290305384205,13131,25.169446348336,13131,0.8224811514736121,13131,58.567805820553076,50.03018959062915,8.537616229923922,17.064928795558775,585.997171145686,1.639908256880734,8720,2.096924510717614,4292,94.48979591836735,3920,98.2181425485961,3704,84.20107719928187,557,37.33812949640288,1390,2.0668773038441284,7596,16.824644549763033,7596,57.42496050552923,7596,23.683517640863613,7596,81.10847814639284,7596,84.95260663507109,7596,0.8999958747645878,2.096924510717614,1.1969286359530262,4292,4428,3.197072721625698,25.291313559322035,22.094240837696336,3776,3820,0.0007406934954303779,10.541578389830509,10.540837696335078,3776,3820,41.37735849056604,5300,40.16981132075472,5300,1.320754716981132,5300,6.056603773584905,5300,1.9056603773584906,5300,0.03773584905660377,5300,43.283018867924525,5300,61.55317951603827,59.054586381541924,8885,8885,5469,4.05924300603401,51.45010276318794,49.2121488924412,4379,4379,13.88679245283019,5300,18.867924528301888,5300,59.35849056603774,5300,19.921401897264786,71.37150466045273,51.45010276318794,4506,4379,14.037735849056604,5300,7.811320754716981,5300,13.528301886792454,5300,7.716981132075472,5300,10.754716981132075,5300,18.81132075471698,5300,9.226415094339623,5300,9.377358490566039,5300,0.3584905660377358,5300,2.8867924528301887,5300,5.226415094339623,5300,3.3773584905660377,5300,85.02018125047597,13131,15.375828192826136,13131,11.400502627370345,13131,13.464321072271723,13131,29.160003046226485,13131,46.3940293960856,13131,98.75202218627224,12981,98.11262614590555,12981,33.46088913899831,8885,34.82012171635467,12981,0.9013173099144904,12981,13.829247675401522,11830,2.2369668,2743,2.7764676,9.416712,10938.0,98.71657754010695,935,39.92569305515862,3499,45.639896,10.54120589784097,7596,22.842939992898568,8449,31.281808498047106,8449,4.142502071251036,8449,3.787430465143804,8449,37.945318972659486,8449,2.5886325267304446,8885,1.4406302757456386,8885,0.32639279684862127,8885,24.805852560495218,8885,0.06752954417557681,8885,0.04501969611705121,8885,0.056274620146314014,8885,0.011254924029262802,8885,0.011254924029262802,8885,0.011254924029262802,8885,2.395809259687235,12981,0.7703566751405901,12981,1.5253062167783684,12981,0.8319852091518373,12981,4.036668977736692,12981,75.16747156878019,12838,10.281975385574077,12838,0.8100950303785637,12838,13.740458015267176,12838,86.25954198473282,12838,13.223140495867769,605,20.281261196703692,95.71109825634245,12101,2.7105197917527475,12101,6.897717666948436,11830,93.04952215464813,1151,3.012094599799707,12981,7.217939733707078,2854,56.69269380925822,3586,16.424986056887896,3586,17.679866146123814,3586,3.290574456218628,3586,3586,3.6199107640825434,96.22926093514329,3.7707390648567127,1.4005602240896358,4641,4641,4641
070502,17048,8505,35.15368371656499,17048,61.015954950727355,17048,3.830361332707649,17048,44.32778038479587,17048,6.076959174096668,17048,23.0,25.849133,100.44679600235156,8543,10.276865321445332,17048,27.111684655091505,17048,0.486860628812764,17048,63.89155931551625,57.61392039992309,6.277638915593156,10.896045386283998,917.7641653905054,2.6989426822481914,10782,3.6920804873546245,5417,93.25760351777208,5458,97.58349705304519,5090,77.97297297297297,740,43.42040413997043,2029,3.4399071436108475,9477,22.074496148570223,9477,51.19763638282157,9477,23.28796032499736,9477,74.48559670781893,9477,78.79075656853435,9477,1.9959015497963766,3.6920804873546245,1.696178937558248,5417,5365,4.516784585277737,25.54945054945055,21.032665964172814,4732,4745,-0.1509825264303668,9.814454775993237,9.965437302423604,4732,4745,46.32095304835319,7135,35.83742116327961,7135,1.2613875262789067,7135,5.746320953048353,7135,2.5508058864751226,7135,0.08409250175192712,7135,48.871758934828314,7135,66.87740516767455,64.76085761407367,10914,10914,7299,3.1648170982326347,53.561668792129716,52.06777190745127,5489,5489,19.607568325157672,7135,17.36510161177295,7135,54.99649614576034,7135,26.788561622616832,80.35023041474655,53.561668792129716,5425,5489,12.894183601962158,7135,8.297126839523475,7135,19.495444989488437,7135,9.096005606166784,7135,8.100911002102313,7135,18.121934127540296,7135,8.46531184302733,7135,8.997897687456202,7135,0.11212333566923616,7135,1.4716187806587246,7135,5.339873861247372,7135,3.2235459004905396,7135,85.3355232285312,17048,11.50868137024871,17048,19.181135617081182,17048,17.327545753167527,17048,46.02299389957766,17048,59.508446738620364,17048,98.66959672150621,16837,98.12318108926769,16837,24.491478834524465,10914,58.341747342163096,16837,1.5026429886559363,16837,13.27334083239595,15113,2.2769477,3748,2.756294,9.063446,13571.0,98.53157121879589,1362,38.03147756636129,4257,42.484615,9.890049593753297,9477,18.572241183162685,10548,37.087599544937426,10548,3.9154342055365947,10548,2.8156996587030716,10548,37.60902540766022,10548,4.8286604361370715,10914,0.678028220634048,10914,0.7696536558548653,10914,12.616822429906541,10914,0.1557632398753894,10914,0.16492578339747113,10914,0.1557632398753894,10914,0.01832508704416346,10914,0.0,10914,0.0916254352208173,10914,1.8352438082793847,16837,0.5582942329393598,16837,1.3304032784937934,16837,0.6652016392468967,16837,3.331947496584902,16837,71.7243044239242,16569,8.159816524835536,16569,0.6819964994869938,16569,19.433882551753275,16569,80.56611744824673,16569,12.88723667905824,807,19.598044853364,91.60438144329896,15520,5.457474226804123,15520,11.122874346589029,15113,94.77958236658932,1724,2.4766882461246067,16837,7.998950957251508,3813,63.432494279176204,4370,12.219679633867276,4370,14.324942791762014,4370,2.242562929061785,4370,4370,3.8528604118993135,91.50368707919205,8.496312920807952,2.9015710163513946,6238,6238,6238
070503,11994,5782,29.081207270301817,11994,63.49007837251959,11994,7.428714357178589,11994,40.60363515090879,11994,11.547440386860096,11994,26.0,30.030098,107.43687305430647,6212,8.329164582291146,11994,25.6128064032016,11994,1.4340503585125897,11994,57.50492449113592,45.80433355219961,11.70059093893631,25.5447247706422,391.4702581369248,1.2552301255230125,8365,1.5316205533596838,4048,93.57935793579358,3333,99.13433792882334,3119,89.5104895104895,429,33.333333333333336,1440,1.9714008052200471,7203,12.661391087047063,7203,59.183673469387756,7203,26.183534638345133,7203,85.36720810773289,7203,89.21282798833819,7203,0.5355584732114327,1.5316205533596838,0.9960620801482511,4048,4317,2.0779544591047276,27.217463387676155,25.139508928571427,3619,3584,-0.24240553329649117,10.965183752417795,11.207589285714286,3619,3584,40.67476948868399,4772,39.94132439228835,4772,1.1106454316848282,4772,5.972338642078793,4772,2.1584241408214586,4772,0.041911148365465216,4772,42.83319362950545,4772,57.97411233820211,56.35910224438903,8421,8421,4882,2.7857435477263417,49.01816396661758,47.6926853215513,4074,4074,13.390611902766135,4772,18.147527242246436,4772,61.98658843252305,4772,17.34944587925314,66.36760984587072,49.01816396661758,4347,4074,15.716680637049455,4772,7.648784576697402,4772,13.18105616093881,4772,6.223805532271585,4772,11.609388097233865,4772,18.81810561609388,4772,8.968985750209555,4772,7.355406538139145,4772,0.20955574182732606,4772,5.6580050293378035,4772,7.187761944677284,4772,3.7510477787091365,4772,76.59663164915791,11994,22.39453059863265,11994,12.389528097382025,11994,12.556278139069535,11994,30.757045189261298,11994,53.693513423378356,11994,99.2756064690027,11872,98.82917789757413,11872,19.249495309345683,8421,35.32681940700809,11872,0.7580862533692723,11872,16.885501790469196,10891,2.088889,2340,2.8020124,8.302439,10250.0,98.19354838709677,775,41.012970969734404,3238,48.845585,11.085797584339858,7203,26.963254270615707,8137,23.128917291385033,8137,4.387366351235099,8137,4.768342140838147,8137,40.75211994592602,8137,2.4106400665004157,8421,2.173138582116138,8421,0.2850017812611329,8421,11.305070656691605,8421,0.1543759648497803,8421,0.02375014843842774,8421,0.05937537109606935,8421,0.0,8421,0.01187507421921387,8421,0.01187507421921387,8421,2.3332210242587603,11872,0.8338948787061995,11872,1.3392857142857142,11872,0.7328167115902965,11872,3.899932614555256,11872,68.31767719897523,11710,17.728437233134073,11710,0.7685738684884714,11710,13.18531169940222,11710,86.81468830059778,11710,11.956521739130435,460,20.98202676864245,96.99945936204722,11098,1.630924490899261,11098,6.2987788081902485,10891,96.43221202854231,981,3.30188679245283,11872,6.9421487603305785,2420,53.021560886729425,3293,21.80382629820832,3293,18.797449134527785,3293,4.58548436076526,3293,3293,3.6052232007288185,95.61059342815105,4.389406571848951,1.1034820990681706,4078,4078,4078
070601,16532,8265,29.724171304137432,16532,63.41035567384466,16532,6.8654730220179045,16532,38.50108879748367,16532,10.313331720300024,16532,26.0,29.50248,100.02419842710223,8267,8.353496249697557,16532,25.65932736511009,16532,1.463827728042584,16532,57.70294762949538,46.875894305065344,10.827053324430029,23.097273097273096,432.9515418502203,2.4807152875175316,11408,3.0918881361820394,5757,96.17615467239527,4655,84.96761224033952,4477,90.87837837837837,592,56.443719412724306,1839,2.3973275692670466,10178,16.024759284731775,10178,42.45431322460208,10178,39.1235999213991,10178,81.57791314600118,10178,84.476321477697,10178,1.233809919937127,3.0918881361820394,1.8580782162449123,5757,5651,6.843888456333268,42.51999219816657,35.6761037418333,5127,5051,0.3601762510012456,11.536181002535596,11.17600475153435,5127,5051,49.40038157536113,7338,32.93813028073044,7338,1.6898337421640774,7338,4.565276642136822,7338,2.6437721449986373,7338,0.0681384573453257,7338,52.04415372035977,7338,65.44534589548984,63.70060193666579,11463,11463,7502,2.6659557451346307,56.014517801590046,54.58002073971656,5786,5786,16.680294358135733,7338,14.513491414554375,7338,62.04687925865358,7338,19.042730745177607,75.05724854676765,56.014517801590046,5677,5786,26.90106295993459,7338,6.827473426001635,7338,16.57127282638321,7338,5.8053965658217495,7338,8.544562551103843,7338,14.60888525483783,7338,7.931316434995912,7338,5.900790406105206,7338,0.10902153175252112,7338,1.3900245298446443,7338,18.383755791768873,7338,3.8702643772145,7338,82.53689813694653,16532,26.796515848052262,16532,31.321074280183886,16532,17.11831599322526,16532,36.83764819743528,16532,52.72199370917009,16532,99.10003673319456,16334,98.61638300477532,16334,4.719532408619036,11463,30.372229704910005,16334,1.4081057916003428,16334,7.190110257266956,14965,1.9591948,3676,2.554461,8.455557,13636.0,99.64633068081343,1131,36.83574879227053,4140,48.125847,11.357437610532521,10178,20.502017032720754,11155,32.59524876736889,11155,5.011205737337517,11155,4.043030031376064,11155,37.848498431196774,11155,2.05879787141237,11463,0.287882753205967,11463,0.7415161825002181,11463,0.3053301927942074,11463,0.017447439588240427,11463,0.034894879176480854,11463,0.008723719794120214,11463,0.0,11463,0.0,11463,0.02617115938236064,11463,2.534590424880617,16334,0.8142524794906331,16334,1.9529815109587363,16334,0.8632300722419493,16334,4.426349944900208,16334,67.90726429675425,16175,19.109737248840805,16175,0.5996908809891809,16175,12.383307573415765,16175,87.61669242658424,16175,12.054794520547945,730,20.100132802124833,97.34154007333683,15272,1.7286537454164483,15272,4.109589041095891,14965,95.76333089846604,1369,1.5305497734786335,16334,6.588235294117647,3400,60.01908396946565,4192,21.564885496183205,4192,12.95324427480916,4192,3.435114503816794,4192,4192,3.8964694656488548,79.25278219395867,20.747217806041334,3.5930047694753577,6290,6290,6290
070602,4661,2360,30.873203175284274,4661,60.9525852821283,4661,8.174211542587427,4661,41.428877923192445,4661,11.521132804119288,4661,25.0,29.506973,97.5,2301,7.959665307873847,4661,26.174640635056853,4661,1.7378245011800042,4661,64.06195001759944,50.65117916226681,13.410770855332629,26.476719944405836,377.6902887139108,5.1078680203045685,3152,6.5954773869346734,1592,94.88795518207283,1428,87.97047970479704,1355,86.33540372670808,161,48.425196850393704,508,5.330882352941177,2720,27.86764705882353,2720,47.904411764705884,2720,18.897058823529413,2720,66.80147058823529,2720,72.3529411764706,2720,3.0057337971910836,6.5954773869346734,3.58974358974359,1592,1560,6.265587181145484,21.988388969521043,15.722801788375559,1378,1342,0.12344506715060355,9.120464441219157,8.997019374068554,1378,1342,42.166666666666664,1800,35.94444444444444,1800,1.2777777777777777,1800,8.333333333333334,1800,2.4444444444444446,1800,0.0,1800,44.611111111111114,1800,58.333333333333336,55.95238095238095,3192,3192,1862,4.081632653061225,46.15861214374225,44.2998760842627,1614,1614,25.055555555555557,1800,19.444444444444443,1800,47.77777777777778,1800,24.62719267248081,70.78580481622306,46.15861214374225,1578,1614,11.444444444444445,1800,8.944444444444445,1800,25.0,1800,9.555555555555555,1800,9.833333333333334,1800,16.055555555555557,1800,6.722222222222222,1800,5.833333333333333,1800,0.05555555555555555,1800,1.0,1800,5.222222222222222,1800,3.4444444444444446,1800,91.20360437674319,4661,11.778588285775585,4661,12.765500965458056,4661,13.537867410426948,4661,46.66380605020382,4661,61.68204248015447,4661,99.13419913419914,4620,98.87445887445888,4620,11.936090225563909,3192,45.62770562770563,4620,0.9523809523809523,4620,9.518213866039954,4255,2.1376884,995,2.9159946,9.163343,4267.0,99.07407407407408,324,42.2866092404072,1277,48.323414,9.05955882352941,2720,17.0,3100,35.41935483870968,3100,4.096774193548387,3100,3.7419354838709675,3100,39.74193548387097,3100,6.109022556390977,3192,0.37593984962406013,3192,0.34461152882205515,3192,0.34461152882205515,3192,0.40726817042606517,3192,0.18796992481203006,3192,0.03132832080200501,3192,0.0,3192,0.0,3192,0.0,3192,3.3766233766233764,4620,1.2121212121212122,4620,2.272727272727273,4620,1.4718614718614718,4620,5.692640692640692,4620,85.12831761351174,4559,6.755867514805878,4559,0.4167580609782847,4559,7.699056810704102,4559,92.3009431892959,4559,8.979591836734693,245,19.472463768115944,94.22232493644557,4327,4.483475849318235,4327,9.236192714453583,4255,96.98630136986301,365,3.6147186147186146,4620,7.598499061913696,1066,56.37636080870917,1286,24.805598755832037,1286,17.65163297045101,1286,6.998444790046657,1286,1286,3.5925349922239502,87.33243967828419,12.667560321715811,4.624664879356568,1492,1492,1492
070603,4989,2460,29.54499899779515,4989,64.3215073160954,4989,6.133493686109441,4989,39.04590098216075,4989,9.360593305271598,4989,26.0,29.375025,102.8048780487805,2529,7.9374624173181,4989,26.678693124874723,4989,1.2427340148326318,4989,55.46899345590526,45.933312558429414,9.53568089747585,20.759837177747624,481.69934640522877,1.8481085763788623,3463,2.507288629737609,1715,93.89044943820225,1424,98.20493642483171,1337,82.42424242424242,165,44.71403812824957,577,2.566601689408707,3078,18.680961663417804,3078,63.32033788174139,3078,15.432098765432098,3078,78.75243664717348,3078,82.5211176088369,3078,1.3059156320259386,2.507288629737609,1.2013729977116705,1715,1748,3.3365261813537685,17.12962962962963,13.793103448275861,1512,1566,-0.12570698777595446,9.835978835978835,9.96168582375479,1512,1566,52.5407005426739,2027,30.735076467686238,2027,1.7266896891958559,2027,5.229403058707449,2027,2.5160335471139614,2027,0.0,2027,55.05673408978787,2027,60.11477761836442,57.761836441893834,3485,3485,2095,3.9140811455847255,45.59675550405562,43.45307068366164,1726,1726,12.728169708929453,2027,25.801677355698075,2027,50.61667488899852,2027,28.763676559616925,74.36043206367255,45.59675550405562,1759,1726,10.656142081894425,2027,12.481499753330045,2027,12.62950172668969,2027,18.5002466699556,2027,7.202762703502714,2027,14.553527380365072,2027,6.660088801184016,2027,6.758756783423779,2027,0.0986679822397632,2027,3.1080414405525407,2027,3.0093734583127776,2027,3.1573754316724223,2027,87.05151332932451,4989,20.144317498496694,4989,15.333734215273601,4989,10.12226899178192,4989,41.110442974544,4989,55.84285427941471,4989,99.25161812297735,4944,98.94822006472492,4944,9.526542324246773,3485,57.40291262135922,4944,0.6472491909385113,4944,9.02107111501317,4556,2.1729324,1064,2.8729746,10.466176,4376.0,98.9041095890411,365,31.93415637860082,1215,48.86749,9.89993502274204,3078,23.91304347826087,3404,28.202115158636897,3404,4.142185663924795,3404,3.9659224441833136,3404,39.77673325499413,3404,0.5164992826398852,3485,0.11477761836441894,3485,6.025824964131994,3485,0.6599713055954088,3485,0.17216642754662842,3485,0.028694404591104734,3485,0.28694404591104733,3485,0.0,3485,0.0,3485,0.028694404591104734,3485,2.831715210355987,4944,0.970873786407767,4944,2.2249190938511325,4944,0.8697411003236246,4944,4.874595469255663,4944,77.33115690675372,4901,9.957151601713935,4901,1.3466639461334422,4901,11.365027545398899,4901,88.6349724546011,4901,13.924050632911392,237,19.51769911504425,96.122361051271,4642,3.188280913399397,4642,6.387181738366989,4556,94.0721649484536,388,1.6990291262135921,4944,9.732824427480915,1048,57.80487804878049,1230,20.56910569105691,1230,13.577235772357724,1230,3.252032520325203,1230,1230,4.019512195121951,80.9385863267671,19.061413673232906,8.690614136732329,1726,1726,1726
070702,5654,2725,31.05765829501238,5654,62.41598868058012,5654,6.526353024407499,5654,43.72125928546162,5654,9.63919349133357,5654,23.0,28.115847,107.4862385321101,2929,8.790237000353732,5654,28.758401131941987,5654,1.238061549345596,5654,60.215358458486826,49.75913856616605,10.456219892320771,21.01366742596811,475.88075880758805,1.9000520562207184,3842,3.2119914346895073,1868,94.12103746397695,1735,98.89773423147581,1633,89.36170212765957,235,39.19597989949749,796,2.420343137254902,3264,17.55514705882353,3264,44.025735294117645,3264,35.99877450980392,3264,80.02450980392157,3264,83.82352941176471,3264,2.553430137830338,3.2119914346895073,0.6585612968591692,1868,1974,2.208629041342796,37.09090909090909,34.8822800495663,1650,1614,-0.5009665427509287,10.96,11.46096654275093,1650,1614,39.715394566623544,2319,42.087106511427336,2319,1.5092712376024149,2319,5.519620526088832,2319,2.1561017680034498,2319,0.043122035360069,2319,41.871496334627,2319,62.43208279430789,59.63777490297542,3865,3865,2413,4.4757563199336925,53.74800637958533,52.47208931419458,1881,1881,19.016817593790428,2319,13.238464855541181,2319,61.66451056489866,2319,16.91731620105984,70.66532258064517,53.74800637958533,1984,1881,20.784821043553254,2319,5.907718844329453,2319,18.758085381630014,2319,4.614057783527382,2319,8.408796895213454,2319,19.448037947391118,2319,8.15006468305304,2319,5.778352738249246,2319,0.258732212160414,2319,3.4497628288055195,2319,11.341095299698146,2319,4.915912031047865,2319,87.3010258224266,5654,22.196674920410327,5654,23.929961089494164,5654,22.16130173328617,5654,38.415281216837634,5654,64.4676335337814,5654,99.00142653352354,5608,98.5021398002853,5608,51.875808538163,3865,33.36305278174037,5608,0.9094151212553495,5608,15.383111806098514,5116,2.1388416,1174,2.8674066,8.780188,4886.0,98.4251968503937,381,41.81208053691275,1490,46.86443,11.207720588235293,3264,20.27382833070037,3798,28.936282253817797,3798,4.502369668246446,3798,4.133754607688257,3798,42.15376513954713,3798,7.736093143596378,3865,3.182406209573092,3865,37.386804657179816,3865,0.07761966364812418,3865,0.129366106080207,3865,0.07761966364812418,3865,0.0517464424320828,3865,0.0517464424320828,3865,0.0,3865,0.0258732212160414,3865,2.157631954350927,5608,0.7667617689015692,5608,1.3908701854493581,5608,0.7310984308131241,5608,3.780313837375178,5608,72.2422494592646,5548,15.609228550829128,5548,0.5948089401586157,5548,11.553713049747657,5548,88.44628695025234,5548,8.235294117647058,255,20.84856175972927,85.60244414741264,5237,13.232766851250716,5237,24.354964816262704,5116,95.1219512195122,492,3.9051355206847362,5608,4.500818330605565,1222,56.75496688741722,1510,19.801324503311257,1510,18.67549668874172,1510,4.370860927152318,1510,1510,3.713907284768212,95.31172069825436,4.688279301745638,1.745635910224439,2005,2005,2005
070703,8938,4366,32.2331617811591,8938,63.32512866413068,8938,4.441709554710226,8938,43.287088834191096,8938,6.936674871335869,8938,23.0,26.754868,104.71827759963354,4572,8.682031774446186,8938,29.26829268292683,8938,0.6377265607518461,8938,57.91519434628975,50.90106007067138,7.014134275618375,13.779937521693856,725.6926952141058,3.192934782608696,5888,4.524886877828054,2873,93.41210168277837,2793,98.73514756611729,2609,85.86666666666666,375,38.693035253654344,1163,3.8302073050345506,5065,23.5538005923001,5065,50.54294175715696,5065,22.073050345508392,5065,72.61599210266534,5065,76.70286278381046,5065,2.601172118292399,4.524886877828054,1.923714759535655,2873,3015,3.998717586067844,24.092540885520542,20.093823299452698,2507,2558,-0.16923076683176141,9.590347028320702,9.759577795152463,2507,2558,42.00984200984201,3861,37.11473711473712,3861,1.6576016576016577,3861,7.64050764050764,3861,1.2173012173012172,3861,0.0518000518000518,3861,43.22714322714323,3861,65.75686537173476,64.01540522438044,5972,5972,3927,2.648332060096766,53.52739726027397,52.157534246575345,2920,2920,25.692825692825693,3861,15.306915306915307,3861,51.074851074851075,3861,23.930007720066783,77.45740498034075,53.52739726027397,3052,2920,12.302512302512303,3861,5.49080549080549,3861,24.838124838124838,3861,5.879305879305879,3861,9.246309246309247,3861,17.223517223517224,3861,7.64050764050764,3861,8.184408184408184,3861,0.8547008547008547,3861,3.0044030044030046,3861,5.05050505050505,3861,3.7296037296037294,3861,91.45222644887,8938,11.814723651823675,8938,10.997986126650257,8938,13.403445961065115,8938,33.76594316401879,8938,46.788990825688074,8938,99.21795307718463,8823,98.97993879632779,8823,29.671801741460147,5972,61.985719143148586,8823,0.5553666553326533,8823,15.380798809228478,8062,2.3306365,1854,2.998007,10.848867,7457.0,97.6923076923077,650,40.83107497741644,2214,43.87037,9.675814412635736,5065,15.69241475295755,5748,36.6562282533055,5748,4.192762700069589,5748,3.6186499652052886,5748,39.839944328462074,5748,6.346282652377763,5972,1.2056262558606832,5972,16.627595445411924,5972,0.2511721366376423,5972,0.05023442732752847,5972,0.06697923643670463,5972,0.05023442732752847,5972,0.033489618218352314,5972,0.0,5972,0.033489618218352314,5972,2.2554686614530204,8823,0.8840530431825909,8823,1.5300918055083306,8823,0.9973931769239488,8823,3.8082284937096227,8823,77.87518744953282,8669,10.47410312608144,8669,0.4152728111662245,8669,11.235436613219518,8669,88.76456338678048,8669,11.876484560570072,421,19.802382241472657,91.1832384643333,8257,7.605667918130071,8257,14.872240138923344,8062,95.26938239159001,761,4.6356114700215345,8823,9.775171065493646,2046,60.52863436123348,2270,14.008810572687224,2270,15.859030837004406,2270,2.555066079295154,2270,2270,3.886784140969163,91.41509433962264,8.584905660377359,3.3647798742138364,3180,3180,3180
070704,2942,1343,24.67709041468389,2942,67.50509857239973,2942,7.817811012916383,2942,39.19102651257648,2942,10.605030591434398,2942,25.0,29.71244,119.06180193596425,1599,6.118286879673692,2942,32.7668252889191,2942,1.1896668932698844,2942,48.136958710976835,36.5558912386707,11.581067472306144,31.68044077134986,315.6521739130435,2.369020501138952,2195,3.2388663967611335,988,95.54655870445345,741,99.01129943502825,708,90.09009009009009,111,39.31947069943289,529,2.40128068303095,1874,15.635005336179296,1874,45.784418356456776,1874,36.17929562433298,1874,81.96371398078975,1874,84.41835645677695,1874,1.5818655682607192,3.2388663967611335,1.6570008285004143,988,1207,0.17411869548080006,36.271186440677965,36.097067745197165,885,989,-0.44313207999862847,11.189830508474577,11.632962588473205,885,989,36.95652173913044,1242,39.049919484702095,1242,1.5297906602254427,1242,7.085346215780999,1242,2.818035426731079,1242,0.1610305958132045,1242,39.774557165861516,1242,59.208731241473394,56.29831741700773,2199,2199,1302,4.915514592933948,56.2058526740666,54.08678102926337,991,991,16.586151368760063,1242,20.37037037037037,1242,56.68276972624799,1242,5.46633275639698,61.67218543046358,56.2058526740666,1208,991,18.92109500805153,1242,7.1658615136876005,1242,16.344605475040257,1242,8.53462157809984,1242,11.75523349436393,1242,15.619967793880837,1242,6.280193236714976,1242,6.119162640901771,1242,0.24154589371980675,1242,6.119162640901771,1242,8.21256038647343,1242,4.186795491143317,1242,91.02651257647858,2942,16.213460231135283,2942,12.746430999320191,2942,31.30523453433039,2942,45.47926580557444,2942,72.9775662814412,2942,99.76035604245122,2921,99.55494693598082,2921,26.330150068212824,2199,56.213625470729205,2921,0.3081136597055803,2921,22.283005105762218,2742,1.4605263,608,2.1366594,8.69565,1955.0,98.41269841269842,126,50.09208103130755,543,48.959484,11.423692636072571,1874,19.12108461898083,2139,17.952314165497896,2139,6.358111266947172,2139,4.394576905095839,2139,52.17391304347826,2139,7.0031832651205095,2199,1.8644838562983175,2199,15.325147794452024,2199,0.22737608003638018,2199,0.18190086402910413,2199,0.09095043201455207,2199,0.0,2199,0.0,2199,0.0,2199,0.0,2199,1.7459774049982884,2921,1.0612803834303322,2921,1.2324546388223212,2921,0.9243409791167408,2921,3.5261896610749743,2921,70.87243656586722,2877,16.02363573166493,2877,0.6604101494612443,2877,12.443517553006604,2877,87.5564824469934,2877,2.34375,128,21.17702448210923,92.69863994273443,2794,6.442376521116679,2794,14.223194748358862,2742,98.88268156424581,179,5.1352276617596715,2921,4.0,550,64.27289048473968,557,31.059245960502693,557,3.2315978456014363,557,1.2567324955116697,557,557,5.244165170556553,91.28352490421456,8.71647509578544,2.9693486590038316,1044,1044,1044
070706,25898,13483,25.573403351610164,25898,65.66916364198008,25898,8.75743300640976,25898,34.25361031739903,25898,13.167039925863001,25898,29.0,31.99054,92.07891418823704,12415,6.386593559348213,25898,25.924781836435248,25898,1.6449146652251139,25898,52.27847356970659,38.94278826365614,13.33568530605045,34.244300166087875,292.01940035273367,2.5121129134190014,18988,3.4749801429706118,10072,97.84750644232227,6597,83.36173508907824,6455,93.72037914691943,844,69.67701473816243,3189,2.680388394674109,17199,13.215884644456073,17199,40.72911215768359,17199,43.37461480318623,17199,84.10372696086982,17199,86.6910866910867,17199,2.0505745799378614,3.4749801429706118,1.4244055630327501,10072,8916,0.25342205955277564,43.4929638922221,43.239541832669325,9167,8032,-0.37266129927763636,11.6583396967383,12.031000996015937,9167,8032,39.87645847632121,11656,42.939258750857924,11656,1.7759094028826357,11656,6.391557995881949,11656,1.810226492793411,11656,0.025737817433081674,11656,41.686684969114616,11656,63.256861512675464,60.69034150429499,19092,19092,12077,4.057298998095553,55.349388077378606,53.474141334386104,10132,10132,8.339052848318463,11656,16.18050789293068,11656,68.22237474262182,11656,16.849272636907102,72.19866071428571,55.349388077378606,8960,10132,21.902882635552505,11656,6.923472889498971,11656,7.0006863417982155,11656,7.472546328071379,11656,8.433424845573095,11656,23.61015785861359,11656,8.176046671242279,11656,7.326698695950584,11656,1.338366506520247,11656,2.7882635552505146,11656,8.055936856554565,11656,4.735758407687028,11656,71.98239246273843,25898,27.612170824001854,25898,18.78909568306433,25898,15.437485520117384,25898,42.34303807243803,25898,59.927407521816356,25898,99.5715676728335,25675,99.34566699123661,25675,16.86570291221454,19092,33.71372930866602,25675,0.685491723466407,25675,9.899754585915728,24041,1.6968863,5813,2.3883169,8.922935,21865.0,99.24605894448253,1459,46.211920529801326,7550,48.612316,11.832373975231118,17199,26.938972679942033,18631,19.735923997638345,18631,6.47844989533573,18631,5.555257366754335,18631,41.29139606032956,18631,2.294154619736015,19092,0.8747119212235491,19092,11.99455269222711,19092,0.0680913471611146,19092,0.09428032683846638,19092,0.03142677561282212,19092,0.010475591870940708,19092,0.0,19092,0.0,19092,0.0,19092,3.415774099318403,25675,1.2930866601752677,25675,2.2473222979552094,25675,1.0087633885102238,25675,5.6475170399221035,25675,62.87432209384579,25446,20.40792265975006,25446,1.1200188634755954,25446,15.597736382928554,25446,84.40226361707144,25446,5.072463768115942,1104,21.520539152759948,95.2445207719987,24456,3.9417729800457963,24456,10.361465829208436,24041,98.10281517747858,1634,2.122687439143135,25675,3.2237673830594185,4746,47.38493723849373,7648,24.13702928870293,7648,20.17520920502092,7648,4.7594142259414225,7648,7648,3.357086820083682,93.38177533385704,6.6182246661429645,2.022780832678712,10184,10184,10184
070707,3877,1842,29.017281403146765,3877,64.61181325767346,3877,6.370905339179778,3877,42.84240392055713,3877,9.82718596853237,3877,23.0,28.505804,110.47774158523345,2035,7.89270054165592,3877,30.152179520247614,3877,1.3154500902759867,3877,54.77045908183633,44.91017964071856,9.860279441117765,21.955555555555556,455.4655870445344,3.364140480591497,2705,4.556166535742341,1273,93.83499546690844,1103,99.1304347826087,1035,86.84210526315789,152,24.763406940063092,634,4.344048653344918,2302,18.635968722849697,2302,53.69244135534318,2302,23.327541268462205,2302,77.01998262380539,2302,80.53866203301477,2302,2.2516972619993245,4.556166535742341,2.304469273743017,1273,1432,2.6766136095925575,24.690265486725664,22.013651877133107,1130,1172,-0.5368223141743922,9.948672566371682,10.485494880546074,1130,1172,41.62743779421654,1487,39.20645595158037,1487,1.277740416946873,1487,5.917955615332885,1487,2.6899798251513114,1487,0.0,1487,44.31741761936785,1487,56.08058608058608,53.73626373626374,2730,2730,1531,4.1802743305029395,50.69875776397515,48.75776397515528,1288,1288,17.350369872225958,1487,18.291862811028917,1487,57.16207128446537,1487,10.188898269311949,60.8876560332871,50.69875776397515,1442,1288,12.575655682582381,1487,9.011432414256893,1487,17.014122394082044,1487,7.531943510423671,1487,10.490921318090114,1487,17.753866845998655,1487,9.213180901143241,1487,6.99394754539341,1487,0.3362474781439139,1487,4.572965702757229,1487,5.31271015467384,1487,4.303967720242098,1487,92.18467887541914,3877,13.360846014960021,3877,13.464018571060098,3877,18.571060098013927,3877,39.901986071704926,3877,71.91127160175394,3877,99.3508179693586,3851,99.03921059465074,3851,37.875457875457876,2730,50.14282004674111,3851,0.36354193715917943,3851,18.89452904681331,3546,2.150124,806,2.8708608,10.427654,3414.0,98.81422924901186,253,49.16317991631799,956,47.81067,10.221980886185925,2302,17.024482109227872,2655,26.4030131826742,2655,4.595103578154426,2655,4.406779661016949,2655,47.570621468926554,2655,6.410256410256411,2730,2.1245421245421245,2730,27.06959706959707,2730,0.2564102564102564,2730,0.03663003663003663,2730,0.03663003663003663,2730,0.0,2730,0.0,2730,0.0,2730,0.0,2730,2.233186185406388,3851,0.5972474681900805,3851,1.5320695923136847,3851,0.9348221241236042,3851,4.024928589976629,3851,82.79229348112959,3789,9.422011084718923,3789,0.4486671945104249,3789,7.337028239641066,3789,92.66297176035893,3789,10.778443113772456,167,20.374531835205993,92.26091763405196,3618,6.909894969596462,3618,15.764241398759165,3546,96.39344262295081,305,3.323811996883926,3851,2.8967254408060454,794,56.76500508646999,983,21.566632756866735,983,16.887080366225838,983,5.289928789420142,983,983,3.9175991861648014,91.27301841473178,8.72698158526822,3.44275420336269,1249,1249,1249
070801,10777,5612,26.166836782035816,10777,63.069499860814695,10777,10.763663357149484,10777,34.879836689245614,10777,14.382481209984226,10777,29.0,32.48084,92.03492516037063,5165,6.70873155794748,10777,25.164702607404656,10777,2.9321703628096873,10777,58.555244961012214,41.488892158305134,17.066352802707076,41.13475177304964,243.10344827586206,4.122661916274335,7859,5.423728813559322,4130,98.15618221258134,2766,99.0791896869245,2715,96.90402476780186,323,62.77732128184059,1217,4.354587869362364,7073,19.19977378764315,7073,38.102643856920686,7073,38.3429944860738,7073,76.44563834299449,7073,79.25915453131627,7073,2.7420447159460206,5.423728813559322,2.681684097613301,4130,3729,5.581654475277922,40.95744680851064,35.37579233323272,3760,3313,0.02684283705069035,10.96436170212766,10.937518865076969,3760,3313,37.71224307417337,5595,45.987488829311886,5595,1.9660411081322609,5595,6.0411081322609474,5595,1.9124218051831994,5595,0.10723860589812333,5595,39.624664879356565,5595,71.29150359803054,70.00378740058073,7921,7921,5647,1.8062688153001594,65.09003601440577,63.69747899159664,4165,4165,24.057193923145665,5595,13.029490616621985,5595,57.08668453976765,5595,13.078228096350358,78.16826411075613,65.09003601440577,3756,4165,19.517426273458444,5595,6.327077747989276,5595,24.003574620196606,5595,5.719392314566577,5595,7.184986595174263,5595,17.944593386952636,5595,5.933869526362824,5595,6.595174262734584,5595,0.05361930294906166,5595,2.162645218945487,5595,9.097408400357462,5595,5.075960679177838,5595,73.91667439918345,10777,23.6336642850515,10777,33.71068015217593,10777,20.580866660480652,10777,52.67699730908416,10777,59.3300547462188,10777,99.67329412862877,10713,99.40259497806403,10713,4.696376720111097,7921,28.19004947260338,10713,0.5787361150004667,10713,12.467480488292976,9994,1.7220157,2421,2.4058793,8.346903,9213.0,98.92307692307692,650,44.75817724350014,3577,47.521667,10.951788491446345,7073,26.1250805931657,7755,22.372662798194714,7755,5.635074145712443,7755,5.983236621534494,7755,39.88394584139265,7755,2.0704456508016666,7921,0.6691074359298068,7921,0.37874005807347555,7921,0.0883726802171443,7921,0.0883726802171443,7921,0.012624668602449186,7921,0.0,7921,0.0,7921,0.012624668602449186,7921,0.0,7921,3.3884066087930553,10713,1.5961915429851583,10713,2.8936805750023336,10713,1.5681881825819097,10713,6.375431718472884,10713,66.78004535147392,10584,17.762660619803476,10584,0.7842025699168557,10584,14.673091458805745,10584,85.32690854119426,10584,6.451612903225806,434,21.297943925233646,96.49521176819034,10129,2.339816368841939,10129,5.453271963177906,9994,98.74826147426982,719,2.7723326799215906,10713,4.048192771084337,2075,45.24073049252905,3614,24.875484228002215,3614,25.816270060874377,3614,6.83453237410072,3614,3614,2.964305478693968,95.88270737095803,4.11729262904197,0.783289817232376,4979,4979,4979
070901,5321,2636,27.118962601014847,5321,64.55553467393347,5321,8.325502725051683,5321,35.78274760383387,5321,12.234542379252021,5321,29.0,31.373238,101.85887708649469,2685,7.667731629392971,5321,24.431497838752115,5321,1.6350310092087954,5321,54.90538573508006,42.00873362445415,12.89665211062591,30.6999306999307,325.7336343115124,3.0793735067693127,3767,4.501607717041801,1866,94.26523297491039,1395,88.44106463878327,1315,82.22222222222223,180,48.97196261682243,535,3.393867222387615,3359,18.904435844001192,3359,42.75081869604049,3359,34.950878237570706,3359,77.70169693361119,3359,80.8573980351295,3359,2.8182831510239157,4.501607717041801,1.6833245660178853,1866,1901,3.372579884635705,36.64670658682635,33.27412670219064,1670,1689,0.014943115545108299,11.012574850299401,10.997631734754293,1670,1689,38.41767640769779,2806,44.29793300071276,2806,2.70848182466144,2806,5.131860299358517,2806,1.5324305060584462,2806,0.03563791874554526,2806,39.95010691375624,2806,74.04980340760157,72.94888597640892,3815,3815,2825,1.4867256637168142,66.8076109936575,65.75052854122622,1892,1892,17.14183891660727,2806,19.814682822523164,2806,57.377049180327866,2806,14.367636016222889,81.1752470098804,66.8076109936575,1923,1892,18.781183178902353,2806,8.374910905203135,2806,16.963649322879544,2806,5.737704918032787,2806,13.827512473271561,2806,15.359942979330008,2806,5.737704918032787,2806,11.11903064861012,2806,0.1781895937277263,2806,2.03136136849608,2806,6.4504632929436925,2806,3.171774768353528,2806,81.48844202217629,5321,17.628265363653448,5321,27.66397293741778,5321,23.17233602706258,5321,48.16763766209359,5321,72.22326630332644,5321,96.17288651942117,5252,95.43031226199543,5252,15.570117955439056,3815,53.37014470677837,5252,5.635948210205636,5252,19.14586342067258,4847,1.826358,1123,2.3891768,9.370386,4066.0,91.44542772861357,339,37.99426934097421,1745,46.33983,11.005061030068473,3359,24.004305705059203,3716,27.125941872981702,3716,5.920344456404736,3716,4.278794402583423,3716,38.670613562970935,3716,9.488859764089122,3815,0.9174311926605505,3815,0.4980340760157274,3815,0.1834862385321101,3815,0.1834862385321101,3815,0.02621231979030144,3815,0.02621231979030144,3815,0.0,3815,0.0,3815,0.02621231979030144,3815,2.5514089870525516,5252,1.1424219345011424,5252,1.827875095201828,5252,1.0281797410510283,5252,4.5696877380045695,5252,69.0320092556884,5186,10.219822599305823,5186,2.082529888160432,5186,18.66563825684535,5186,81.33436174315464,5186,9.859154929577464,213,21.226621735467564,85.89093857693088,4933,10.723697547131563,4933,23.891066639158243,4847,95.06172839506173,405,5.312261995430312,5252,5.044510385756676,1011,43.0,1800,20.22222222222222,1800,28.88888888888889,1800,6.388888888888889,1800,1800,2.917777777777778,95.0252623396813,4.974737660318695,2.7982899339292655,2573,2573,2573
070902,3946,1983,30.005068423720225,3946,63.68474404460213,3946,6.310187531677649,3946,39.40699442473391,3946,9.503294475418144,3946,26.0,29.50811,98.99142713061019,1963,9.351241763811455,3946,25.063355296502788,3946,1.495184997465788,3946,57.023477914842815,47.1150019896538,9.908475925189018,21.030405405405407,475.5020080321285,7.9399926820343945,2733,11.328976034858387,1377,93.9982347749338,1133,98.87323943661971,1065,76.69172932330827,133,42.25352112676056,426,8.974358974358974,2418,36.47642679900744,2418,33.6641852770885,2418,20.885028949545077,2418,54.54921422663358,2418,59.63606286186931,2418,6.830450961112074,11.328976034858387,4.498525073746313,1377,1356,1.6462386546525494,21.696574225122347,20.050335570469798,1226,1192,-0.2829220359766573,8.124796084828711,8.407718120805368,1226,1192,27.74594078319007,2094,54.87106017191977,2094,2.292263610315186,2094,6.351480420248328,2094,0.9551098376313276,2094,0.04775549188156638,2094,28.701050620821395,2094,76.19220968329087,74.95449581361486,2747,2747,2093,1.6244624940277115,67.3174258857556,66.01590744757773,1383,1383,46.227316141356255,2094,8.500477554918815,2094,41.49952244508118,2094,17.873189950021526,85.19061583577712,67.3174258857556,1364,1383,9.980897803247373,2094,4.2502387774594075,2094,45.98853868194843,2094,3.2473734479465137,2094,5.157593123209169,2094,17.096466093600764,2094,5.2053486150907355,2094,6.20821394460363,2094,0.2387774594078319,2094,0.9551098376313276,2094,4.393505253104107,2094,2.76981852913085,2094,80.15712113532692,3946,15.990876837303599,3946,38.74809934110492,3946,26.964014191586415,3946,66.95387734414597,3946,75.13938165230613,3946,99.31227712684667,3926,99.00662251655629,3926,30.251183108846014,2747,69.25624044829343,3926,1.1462047885888946,3926,15.088508007867379,3559,2.1655629,906,2.8688157,13.534033,3820.0,88.1619937694704,321,39.30093776641091,1173,45.41688,8.264267990074442,2418,28.7518573551263,2692,27.26597325408618,2692,4.569093610698365,2692,4.75482912332838,2692,34.658246656760774,2692,21.659992719330177,2747,1.2377138696760102,2747,0.2912267928649436,2747,0.0728066982162359,2747,0.2912267928649436,2747,0.0,2747,0.0,2747,0.0,2747,0.0,2747,0.0,2747,2.7508914926133468,3926,1.248089658685685,3926,2.3433520122261844,3926,1.5282730514518594,3926,5.298013245033113,3926,71.49484536082474,3880,7.036082474226804,3880,0.5927835051546392,3880,20.876288659793815,3880,79.12371134020619,3880,15.168539325842696,178,20.384615384615383,75.51638667033875,3631,23.767557146791518,3631,34.61646529924136,3559,97.00272479564033,367,3.9735099337748343,3926,4.829210836277974,849,53.56842989084803,1191,17.464315701091518,1191,19.815281276238455,1191,4.282115869017632,1191,1191,3.2963895885810244,93.87434554973822,6.125654450261777,2.094240837696335,1910,1910,1910
070903,7730,3800,29.611901681759377,7730,63.932729624838295,7730,6.455368693402328,7730,38.848641655886155,7730,9.6248382923674,7730,26.0,29.208021,103.42105263157895,3930,8.33117723156533,7730,26.66235446313066,7730,1.203104786545925,7730,56.41440712262242,46.31728045325779,10.097126669364629,21.799912625600697,458.71743486973946,5.6701989217326645,5379,8.15418828762046,2698,94.89611562782295,2214,99.09566872917658,2101,87.77777777777777,270,41.84008762322016,913,5.700563792023387,4789,26.038839006055543,4789,40.09187721862602,4789,28.168719983295052,4789,68.26059720192107,4789,72.12361662142409,4789,4.983729503584653,8.15418828762046,3.1704587840358074,2698,2681,3.4018289928329857,29.855072463768117,26.45324347093513,2415,2374,-0.5068080534290562,9.394202898550725,9.901010951979782,2415,2374,32.491417361451695,4078,51.7165277096616,4078,2.30505149583129,4078,5.394801373222168,4078,0.9563511525257479,4078,0.0980872976949485,4078,33.44776851397744,4078,75.89137262146684,74.46887123591354,5413,5413,4108,1.8743914313534566,65.75947039352704,64.61934534755424,2719,2719,34.4776851397744,4078,12.923001471309465,4078,48.43060323688083,4078,20.357827305062415,86.11729769858945,65.75947039352704,2694,2719,13.560568906326631,4078,4.389406571848945,4078,34.2815105443845,4078,5.787150564001962,4078,6.9887199607650805,4078,20.966159882295244,4078,5.223148602256008,4078,5.443845022069642,4078,0.196174595389897,4078,1.2996566944580676,4078,5.811672388425698,4078,2.942618930848455,4078,82.85899094437258,7730,15.614489003880983,7730,28.253557567917206,7730,23.596377749029756,7730,56.817593790426905,7730,66.30012936610608,7730,99.37638040795115,7697,99.03858646225802,7697,20.93109181599852,5413,59.6076393400026,7697,0.857476939067169,7697,15.29628579529345,7054,2.0867994,1659,2.675154,10.899221,6450.0,95.62043795620438,548,34.831915755366545,2469,44.534225,9.645437460847775,4789,26.264150943396228,5300,27.11320754716981,5300,4.69811320754717,5300,4.320754716981132,5300,37.60377358490566,5300,14.668390910770368,5413,1.1269166820617034,5413,0.27711065952336966,5413,0.1662663957140218,5413,0.258636615555145,5413,0.018474043968224645,5413,0.0,5413,0.0,5413,0.0,5413,0.0,5413,2.221644796674029,7697,0.9614135377419774,7697,1.688969728465636,7697,0.8314927893984669,7697,4.274392620501494,7697,71.61366313309776,7641,8.847009553723336,7641,0.44496793613401386,7641,19.09435937704489,7641,80.9056406229551,7641,11.239193083573488,347,20.66029246344207,80.24485253199778,7188,19.059543683917642,7188,28.62205840657783,7054,96.26749611197512,643,2.9232168377289853,7697,5.834378920953576,1594,50.459448661606075,2503,16.540151817818618,2503,24.01118657610867,2503,5.393527766679984,2503,2503,3.07510986815821,93.83152173913044,6.168478260869563,1.440217391304348,3680,3680,3680
071001,126093,62760,29.28790654516904,126093,65.31766236032135,126093,5.394431094509608,126093,38.4977754514525,126093,8.281982346363398,126093,26.0,28.463388,100.91300191204589,63333,8.384287787585354,126093,27.875457003957397,126093,0.9500923921232741,126093,53.097946843773144,44.83918359417686,8.25876324959629,18.41862984023829,542.9285504263452,2.7785711837490146,87527,4.081212703203238,43737,95.11463038133897,34982,83.44303188771677,33273,87.4497543546226,4478,54.22746097483275,15695,3.4754325082275805,78091,18.429780640534762,78091,47.073286294195235,78091,31.021500557042426,78091,78.09478685123766,78091,81.26288560781653,78091,2.6037064232306415,4.081212703203238,1.4775062799725964,43737,43790,5.1791296902789306,33.60884362445303,28.4297139341741,39079,39012,-0.0829674607682982,10.5780086491466,10.660976109914898,39079,39012,40.87528952822138,57421,41.500496334093796,57421,1.812925584716393,57421,5.691297608888734,57421,2.0201668379164417,57421,0.04876264781177618,57421,42.89545636613782,57421,66.66212889539302,64.68025729163122,88149,88149,58762,2.9730097682175556,57.717435688035934,55.945737489224626,44082,44082,9.688093206318246,57421,16.633287473224083,57421,66.7264589610073,57421,17.892431105709946,75.60986679374588,57.717435688035934,44067,44082,16.71862210689469,57421,7.391024189756361,57421,9.562703540516535,57421,8.596158199961687,57421,7.798540603611919,57421,24.558959265773847,57421,11.501018791034639,57421,7.584333257867331,57421,0.12538966580171018,57421,1.7049511502760315,57421,4.46874836732206,57421,4.426951812054823,57421,77.53087007208964,126093,17.954208401735226,126093,24.00212541536802,126093,13.56538427985693,126093,45.08497696144909,126093,51.27643881896695,126093,99.22934426098044,124699,98.93262977249216,124699,14.345029438791137,88149,37.55924265631641,124699,1.4202198894939013,124699,8.786113006807007,114294,1.9008591,28868,2.4171934,9.047592,96324.0,98.71076233183857,8920,39.86315949521058,32885,44.572025,10.619456787593961,78091,23.405173419168243,85746,26.696289039721968,85746,4.998483894292445,85746,3.8415786159121126,85746,41.05847503090523,85746,8.474287853520742,88149,0.8962098265436931,88149,0.5808347230257859,88149,0.30062734687858056,88149,0.2847451474208443,88149,0.06579768346776481,88149,0.03176439891547266,88149,0.006806656910458429,88149,0.002268885636819476,88149,0.013613313820916857,88149,2.689676741593758,124699,0.97113850151164,124699,1.8372240354774296,124699,0.9270322937633823,124699,4.670446435015517,124699,67.99656034007204,123268,11.548009215692637,123268,1.3758639711847358,123268,19.07956647305059,123268,80.92043352694941,123268,8.678710591569253,5646,20.718067951698792,90.98636975784662,116579,8.051192753411849,116579,16.748910703973962,114294,97.33781835655935,10405,1.793117827729172,124699,7.3141818469198245,25307,57.604682575416476,33315,16.437040372204713,33315,14.864175296413027,33315,2.755515533543449,33315,33315,3.7430286657661713,91.55827443527153,8.441725564728472,2.429173843321257,50511,50511,50511
071002,7874,3929,31.24206248412497,7874,62.53492506985014,7874,6.223012446024892,7874,40.56388112776226,7874,9.029718059436119,7874,25.0,27.99873,100.40722830236702,3945,9.19481838963678,7874,28.079756159512318,7874,1.3208026416052832,7874,59.910641754671,49.959382615759544,9.951259138911453,19.91869918699187,502.0408163265306,4.301075268817204,5301,5.343796711509716,2676,93.64664926022628,2298,96.88661710037175,2152,92.12328767123287,292,41.50743099787686,942,4.3812780508655695,4679,25.197691814490277,4679,50.16029066039752,4679,20.260739474246634,4679,70.42103013464416,4679,74.75956400940372,4679,2.105701473414478,5.343796711509716,3.238095238095238,2676,2625,6.159791553989855,23.31496396778296,17.155172413793103,2359,2320,0.1909680095306303,9.460364561254769,9.269396551724139,2359,2320,47.611515343245806,3161,30.37013603290098,3161,1.8981335020563113,3161,7.086365074343562,3161,3.0686491616577034,3161,0.15817779183802594,3161,50.68016450490351,3161,60.7817467738919,58.855432953057786,5347,5347,3250,3.169230769230769,45.988909426987064,44.73197781885398,2705,2705,29.231255931667192,3161,15.406516925023727,3161,47.042075292628915,3161,29.938418354996287,75.92732778198335,45.988909426987064,2642,2705,11.610249920911103,3161,9.712116418854793,3161,29.199620373299588,3161,7.813982916798482,3161,7.49762733312243,3161,13.982916798481494,3161,7.813982916798482,3161,4.0809870294210695,3161,0.03163555836760519,3161,1.170515659601392,3161,4.397342613097122,3161,3.8595381208478328,3161,88.51917703835407,7874,13.32232664465329,7874,16.573533147066293,7874,12.293624587249175,7874,39.58597917195834,7874,56.388112776225555,7874,99.03574183594755,7778,98.54718436616096,7778,11.651393304656818,5347,52.455644124453585,7778,0.6171252249935716,7778,9.531890821665959,7071,2.076087,1748,2.779483,10.774213,6794.0,98.62542955326461,582,41.44235652615541,1969,45.573895,9.365676426586878,4679,16.929588303193537,5198,35.53289726818007,5198,3.5398230088495577,5198,4.25163524432474,5198,39.7460561754521,5198,3.590798578642229,5347,0.22442491116513932,5347,4.488498223302787,5347,0.18702075930428277,5347,0.11221245558256966,5347,0.05610622779128483,5347,0.0,5347,0.0,5347,0.0,5347,0.0,5347,2.60992543070198,7778,1.169966572383646,7778,1.761378246335819,7778,1.0799691437387504,7778,4.319876574955002,7778,79.7516339869281,7650,8.81045751633987,7650,1.411764705882353,7650,10.026143790849673,7650,89.97385620915033,7650,14.864864864864865,370,19.793978748524204,92.55201109570042,7210,5.922330097087379,7210,9.41875265167586,7071,94.76661951909476,707,2.4427873489328875,7778,8.96888346552776,1639,61.88565697091274,1994,19.358074222668005,1994,11.68505516549649,1994,3.4102306920762286,1994,1994,3.900702106318957,73.42287342287342,26.577126577126577,4.192104192104192,2457,2457,2457
071003,18681,9282,32.300198062202234,18681,61.99882233285156,18681,5.700979604946202,18681,42.17118997912317,18681,8.441732241314705,18681,24.0,27.777313,101.26050420168067,9399,9.01450671805578,18681,26.556394197312777,18681,0.9260746212729511,18681,61.29338628906925,52.09808323260231,9.195303056466932,17.64998342724561,566.5727699530516,3.691491072864726,12434,4.646660212971926,6198,94.62068965517241,5800,83.98323615160349,5488,87.2,750,46.03024574669187,2116,4.857483273760425,10911,23.480890844102284,10911,49.738795710750615,10911,21.922830171386675,10911,71.66162588213729,10911,75.52011731280359,10911,1.904517813998225,4.646660212971926,2.742142398973701,6198,6236,2.2493228374140486,23.04594545121728,20.79662261380323,5463,5448,-0.16971571267179186,9.507413509060955,9.677129221732747,5463,5448,45.08708084221471,7694,35.31323108916038,7694,1.7806082661814402,7694,6.927475955289836,7694,2.573433844554198,7694,0.06498570314530804,7694,47.66051468676891,7694,63.04781671589367,60.83659295920811,12527,12527,7898,3.5072170169663206,50.040006401024165,48.32773243718995,6249,6249,20.2105536781908,7694,20.002599428125812,7694,51.7936054068105,7694,25.955533579861473,75.99553998088564,50.040006401024165,6278,6249,11.333506628541722,7694,7.92825578372758,7694,20.14556797504549,7694,13.75097478554718,7694,6.043670392513647,7694,18.949831037171823,7694,7.941252924356641,7694,6.87548739277359,7694,0.06498570314530804,7694,1.1307512347283597,7694,3.3532622822978944,7694,2.677410969586691,7694,76.44130399871527,18681,16.658637117927306,18681,30.60863979444355,18681,12.45650661099513,18681,44.001927091697446,18681,54.959584604678554,18681,99.08757153655112,18522,98.70964258719361,18522,11.295601500758362,12527,55.54475758557391,18522,0.9286254184213368,18522,6.682874762808349,16864,2.1683,4082,2.787688,11.111111,15705.0,98.7279151943463,1415,36.02358202886766,4919,45.477333,9.592154706259738,10911,23.550605961349493,12212,29.814936128398298,12212,4.307238781526367,12212,4.118899443170652,12212,38.20831968555519,12212,4.526223357547697,12527,0.30334477528538356,12527,2.3469306298395467,12527,0.34325856150714457,12527,0.2314999600862138,12527,0.13570687315398738,12527,0.0,12527,0.0079827572443522,12527,0.0,12527,0.0,12527,2.5645178706403198,18522,1.0096101932836627,18522,2.12720008638376,18522,1.1499838030450276,18522,4.751106791923118,18522,69.72647702407002,18280,8.50109409190372,18280,5.355579868708972,18280,16.416849015317286,18280,83.58315098468272,18280,10.262257696693272,877,20.14544103072349,93.24434126523505,17230,5.763203714451538,17230,10.638045540796965,16864,95.05428226779252,1658,1.9328366267141777,18522,7.560056523787094,4246,61.51057401812689,4965,17.724068479355488,4965,13.333333333333334,4965,2.900302114803625,4965,4965,3.730513595166163,87.13866130777555,12.86133869222445,2.6279177616324008,6469,6469,6469
071004,10633,5203,30.151415404871624,10633,63.51923257782376,10633,6.329352017304617,10633,40.741089062353055,10633,8.821593153390388,10633,25.0,28.250917,104.36286757639823,5430,8.840402520455187,10633,28.402144267845387,10633,1.109752656823098,10633,57.43263251406574,47.46816701214095,9.964465501924785,20.991890205864006,476.3744427934621,6.443652316972854,7294,9.572697003329633,3604,94.26489226869455,3156,98.15126050420169,2975,88.36633663366337,404,50.11441647597254,1311,7.568160451269194,6382,27.107489815104984,6382,41.69539329363836,6382,23.628956439987466,6382,65.32434973362582,6382,69.28862425571921,6382,6.185163127990879,9.572697003329633,3.3875338753387534,3604,3690,4.509261755380454,25.886413555067463,21.37715179968701,3187,3195,-0.18074032171974075,9.066834013178537,9.247574334898278,3187,3195,37.52029220779221,4928,43.10064935064935,4928,1.0754870129870129,4928,8.644480519480519,4928,2.049512987012987,4928,0.040584415584415584,4928,39.5698051948052,4928,68.05063980397495,66.4034848897359,7346,7346,4999,2.4204840968193637,55.411732305150096,53.97961993941063,3631,3631,39.5698051948052,4928,11.343344155844155,4928,41.80194805194805,4928,24.992036200906426,80.40376850605652,55.411732305150096,3715,3631,11.911525974025974,4928,5.3977272727272725,4928,39.54951298701299,4928,5.0730519480519485,4928,6.107954545454546,4928,15.422077922077921,4928,5.133928571428571,4928,4.9310064935064934,4928,0.020292207792207792,4928,0.7913961038961039,4928,5.33685064935065,4928,3.2467532467532467,4928,88.77080786231544,10633,13.965955045612715,10633,27.762625787642246,10633,20.6714944042133,10633,58.7322486598326,10633,64.27160726041569,10633,99.22045821846183,10519,98.95427321988782,10519,35.42063708140485,7346,55.69921095161137,10519,0.960167316284818,10519,10.315723663644889,9597,2.0367587,2394,2.7534206,11.309457,9187.0,98.10844892812106,793,38.64036632617119,2839,45.66009,9.157317455343152,6382,21.163727260102764,7201,30.954034161921957,7201,3.8744618802944037,7201,4.166088043327315,7201,39.84168865435356,7201,25.728287503403212,7346,0.6670296760141574,7346,2.3277974407841002,7346,0.38115981486523276,7346,0.10890280424720937,7346,0.04083855159270351,7346,0.04083855159270351,7346,0.0,7346,0.0,7346,0.027225701061802342,7346,2.357638558798365,10519,1.0837532084798935,10519,1.9678676680292804,10519,1.3499382070539026,10519,4.724783724688659,10519,76.96835198764956,10364,8.915476649942107,10364,0.6754148977228869,10364,13.44075646468545,10364,86.55924353531455,10364,9.142857142857142,525,20.335798173118746,84.42272449602932,9822,14.803502341681938,9822,28.571428571428573,9597,95.44468546637744,922,2.813955699210952,10519,6.133909287257019,2315,59.52547103977669,2866,19.050942079553383,2866,15.491974877878576,2866,4.535938590369853,2866,2866,3.670272156315422,86.0813170366675,13.9186829633325,3.3175355450236967,4009,4009,4009
071005,8856,4158,27.416440831074976,8856,66.57633242999097,8856,6.007226738934056,8856,37.20641373080397,8856,8.401084010840108,8856,26.0,28.74921,112.98701298701299,4698,8.254290876242095,8856,29.290876242095756,8856,0.8242999096657633,8856,50.203527815468114,41.18046132971506,9.023066485753052,21.911037891268535,456.390977443609,4.570615214297011,6323,6.759510869565218,2944,94.09547738693468,2388,98.35336003560303,2247,88.85350318471338,314,46.312178387650086,1166,5.239628040057225,5592,20.70815450643777,5592,47.317596566523605,5592,26.734620886981403,5592,74.05221745350501,5592,77.19957081545064,5592,4.096000955389426,6.759510869565218,2.663509914175792,2944,3379,3.4934496693324135,28.61003861003861,25.116588940706198,2590,3002,0.022863264901905822,10.018532818532819,9.995669553630913,2590,3002,43.404655537267814,4253,36.65647778039031,4253,1.3637432400658358,4253,6.677639313425817,4253,1.7634610862920292,4253,0.1881025158711498,4253,45.16811662355984,4253,68.46747519294377,66.56166325405576,6349,6349,4347,2.783528870485392,55.427798444369294,53.80453161988502,2957,2957,39.24288737361862,4253,10.67481777568775,4253,40.18339995297437,4253,24.407107216008065,79.83490566037736,55.427798444369294,3392,2957,12.814483893722079,4253,6.136844580296262,4253,39.21937455913473,4253,4.373383494004233,4253,6.207383023747942,4253,13.026099224077122,4253,4.537973195391489,4253,6.230895838231836,4253,0.023512814483893724,4253,1.3637432400658358,4253,3.644486245003527,4253,3.03315306842229,4253,92.94263775971093,8856,11.506323396567298,8856,28.263324299909666,8856,20.82204155374887,8856,51.30984643179765,8856,64.74706413730804,8856,99.16666666666667,8760,98.78995433789954,8760,22.916994802331075,6349,48.51598173515982,8760,0.867579908675799,8760,10.088319442716756,8039,1.8986557,1934,2.663605,9.799653,6888.0,98.93992932862191,566,39.63963963963964,2331,44.097813,10.006258941344779,5592,17.557499190152253,6174,29.996760609005506,6174,3.676708778749595,6174,4.259799157758342,6174,44.50923226433431,6174,15.750511891636478,6349,0.4567648448574579,6349,0.8032761064734604,6349,0.6300204756654592,6349,0.0,6349,0.11025358324145534,6349,0.09450307134981886,6349,0.0,6349,0.0,6349,0.0787525594581824,6349,1.952054794520548,8760,0.8904109589041096,8760,1.9406392694063928,8760,0.8447488584474886,8760,3.8698630136986303,8760,83.31201302477032,8599,6.349575532038609,8599,0.5349459239446447,8599,9.803465519246425,8599,90.19653448075357,8599,7.710843373493976,415,20.155609167671894,90.89690470387521,8206,8.384109188398732,8206,19.119293444458265,8039,95.97780859916782,721,3.3447488584474887,8760,6.317586795674445,1757,52.245570663370415,2427,17.84095591264936,2427,22.661722290894108,2427,4.738360115368768,2427,2427,3.6093943139678615,92.83715724678231,7.162842753217689,1.7347509792949076,3574,3574,3574
071101,14910,7344,33.92354124748491,14910,61.64319248826291,14910,4.43326626425218,14910,43.89671361502347,14910,6.626425217974513,14910,23.0,26.127901,103.02287581699346,7566,10.435949027498323,14910,28.551307847082494,14910,0.8316566063044937,14910,62.22391469916222,55.03209661625503,7.191818082907192,13.068406484776592,765.2042360060515,4.395831183572387,9691,5.840634125990822,4794,91.3844199830652,4724,93.1433866110725,4317,72.19662058371736,651,36.252653927813164,1884,4.637406837809062,8453,19.6853188217201,8453,51.99337513308885,8453,23.683899207381995,8453,75.67727434047085,8453,79.28546078315391,8453,2.859216931790291,5.840634125990822,2.9814171942005308,4794,4897,2.8208884513421495,25.120540019286402,22.299651567944252,4148,4305,-0.1702389632382335,9.937078109932498,10.107317073170732,4148,4305,42.77080427708043,6453,40.136370680303735,6453,1.9525801952580195,6453,5.299860529986053,6453,1.906090190609019,6453,0.09298000929800093,6453,44.67689446768944,6453,66.83746669399467,65.45398647263784,9758,9758,6522,2.0699172033118676,52.535706892982816,51.397226247153796,4831,4831,18.177591817759183,6453,21.354408802107546,6453,53.38602200526887,6453,28.324857344890134,80.86056423787295,52.535706892982816,4927,4831,14.334418100108477,6453,7.779327444599411,6453,17.89865178986518,6453,13.838524717185805,6453,7.360917402758407,6453,18.812955214628854,6453,6.756547342321401,6453,8.492174182550752,6453,0.2789400278940028,6453,1.1622501162250116,6453,6.586083991941733,6453,2.6499302649930265,6453,85.84842387659289,14910,11.998658618376929,14910,15.311871227364184,14910,19.154929577464788,14910,44.0710932260228,14910,59.121395036887996,14910,98.45810509231082,14787,97.0920403056739,14787,51.72166427546628,9758,41.56353553797254,14787,1.1023196050584974,14787,16.07399018497546,13245,2.2624586,3311,2.7811139,7.728708,12046.0,96.47153167602245,1247,35.88192596177111,4133,42.012825,10.023778540163256,8453,19.614896318239527,9452,36.2251375370292,9452,4.750317393144308,9452,3.1527719001269574,9452,36.25687685146001,9452,4.273416683746669,9758,1.1785201885632302,9758,0.584136093461775,9758,38.98339823734372,9758,0.16396802623488418,9758,0.5738880918220947,9758,0.16396802623488418,9758,0.06148800983808157,9758,0.010248001639680262,9758,0.10248001639680263,9758,1.8529789680124433,14787,0.635693514573612,14787,1.2375735443294786,14787,0.8250490295529858,14787,3.300196118211943,14787,31.92948761917827,14579,9.205020920502092,14579,0.747650730502778,14579,58.11784072981686,14579,41.88215927018314,14579,14.947089947089948,756,19.40985775719484,93.899028554607,13588,4.651162790697675,13588,11.03057757644394,13245,92.15304798962387,1542,2.4345709068776626,14787,8.47010550996483,3412,58.25775656324582,4190,12.744630071599046,4190,18.353221957040574,4190,3.007159904534606,4190,4190,3.5291169451073987,96.92173913043479,3.078260869565213,1.1652173913043478,5750,5750,5750
071102,7946,4078,34.621193053108485,7946,59.92952428895042,7946,5.449282657941103,7946,44.50037754845205,7946,8.230556254719355,7946,23.0,26.978605,94.8504168710152,3868,10.974075006292475,7946,25.811729171910397,7946,1.044550717342059,7946,66.86266274674506,57.76984460310794,9.092818143637126,15.73973100690658,635.3348729792148,4.180701406776302,5047,5.606060606060606,2640,93.99038461538461,2496,99.10485933503837,2346,83.48348348348348,333,34.977064220183486,872,5.029721079103795,4374,21.993598536808413,4374,51.508916323731135,4374,21.467764060356654,4374,72.97668038408779,4374,77.45770461819845,4374,2.9886945902733193,5.606060606060606,2.617366015787287,2640,2407,1.3322908994515466,22.097053726169843,20.764762826718297,2308,2066,-0.3857809278220792,9.475303292894282,9.86108422071636,2308,2066,41.40361630401471,3263,39.472877719889674,3263,2.145265093472265,3263,5.700275819797732,3263,2.7581979773214833,3263,0.1225865767698437,3263,44.16181428133619,3263,64.86380560454634,63.31569664902998,5103,5103,3310,2.3867069486404833,53.98727068513665,52.63946087607638,2671,2671,25.49800796812749,3263,18.970272755133312,3263,48.42169782408826,3263,22.821939841179145,76.8092105263158,53.98727068513665,2432,2671,12.749003984063744,3263,7.968127490039841,3263,24.85442844008581,3263,11.58443150475023,3263,7.2019613852283175,3263,16.24272142200429,3263,4.535703340484217,3263,7.2939013178057,3263,0.6435795280416794,3263,1.4097456328532025,3263,5.7309224639901934,3263,2.911431198283788,3263,90.9640070475711,7946,11.351623458343822,7946,10.38258243141203,7946,17.556003020387617,7946,48.01157815252957,7946,62.421344072489305,7946,98.21063394683027,7824,96.98364008179959,7824,40.87791495198903,5103,29.9079754601227,7824,0.8179959100204499,7824,9.845005740528128,6968,2.3648338,1746,3.0635955,9.210348,7459.0,97.77070063694268,628,42.472342472342476,2079,44.77826,9.657521719250115,4374,18.566511439562664,4939,35.958696092326385,4939,4.413848957278802,4939,3.7659445231828306,4939,37.29499898764932,4939,1.5873015873015872,5103,0.8622378992749363,5103,0.37233000195963156,5103,34.94023123652753,5103,0.07838526357044875,5103,0.23515579071134626,5103,0.11757789535567313,5103,0.03919263178522438,5103,0.0,5103,0.01959631589261219,5103,2.006646216768916,7824,0.651840490797546,7824,1.4442740286298568,7824,0.7668711656441718,7824,3.642638036809816,7824,64.58223857067787,7612,8.512874408828166,7612,0.7225433526011561,7612,26.182343667892802,7612,73.8176563321072,7612,13.554987212276215,391,19.338444065871663,97.18369062631358,7137,1.8074821353509878,7137,4.018369690011481,6968,90.07009345794393,856,2.0322085889570554,7824,7.255864702673214,1833,62.06244087038789,2114,16.887417218543046,2114,13.103122043519395,2114,3.0274361400189216,2114,2114,3.7010406811731316,95.88759424263193,4.112405757368066,1.3708019191226868,2918,2918,2918
071103,23661,12373,34.86750348675035,23661,60.88500063395461,23661,4.247495879295043,23661,45.348886353070455,23661,6.2381133510840625,23661,22.0,25.346647,91.23090600501091,11288,9.9361819027091,23661,29.576095684882297,23661,0.7142555259710072,23661,64.24406497292794,57.26780508121616,6.976259891711787,12.181818181818182,820.8955223880597,5.624259965793975,15202,8.015736415047947,8134,94.58811656364324,7927,98.93304881301681,7498,87.14703018500487,1027,50.27642276422764,3075,6.822153004634202,13163,23.680012155283748,13163,40.81896224264985,13163,28.678872597432196,13163,69.49783484008205,13163,73.10643470333511,13163,5.143636811199617,8.015736415047947,2.8720996038483304,8134,7068,3.1431225207301132,30.128295502608204,26.98517298187809,7093,6070,-0.3760871276899902,9.572677287466517,9.948764415156507,7093,6070,36.40890726298976,10643,46.22756741520248,10643,1.6536690782674057,10643,6.680447242318895,10643,1.8697735600864418,10643,0.03758338814244104,10643,38.2786808230762,10643,70.01110457900582,68.5936377294402,15309,15309,10718,2.0246314610934877,60.33410559687843,59.12693573954396,8201,8201,17.664192426947288,10643,13.924645306774405,10643,62.57634125716433,10643,20.842033964179535,81.17613956105797,60.33410559687843,7108,8201,14.779667387014939,10643,5.909987785398854,10643,17.532650568448744,10643,6.398571831250587,10643,7.366344075918444,10643,27.708352908014657,10643,6.9623226533872025,10643,7.685802875129193,10643,0.13154185849854363,10643,1.334210279056657,10643,5.9757587146481255,10643,3.457671709104576,10643,83.78344110561684,23661,11.584463885719115,23661,36.02975360297536,23661,27.80102278010228,23661,64.90427285406365,23661,65.77067748615866,23661,99.19210817246365,23518,98.73288544944297,23518,43.47769286040891,15309,52.674547155370355,23518,1.1863253678033847,23518,13.366056258259393,21188,1.9203167,5936,2.4216113,9.747046,18857.0,97.866937531742,1969,47.59379557205356,7543,39.69959,9.746106510673858,13163,19.19151490894537,14991,29.897938763257955,14991,4.536054966313121,14991,3.4353945700753785,14991,42.939096791408176,14991,34.60056176105559,15309,1.8551179045006205,15309,0.8361094780847868,15309,0.8883663204650859,15309,0.24168789600888366,15309,0.1567705271408975,15309,0.05225684238029917,15309,0.01959631589261219,15309,0.013064210595074793,15309,0.04572473708276177,15309,1.883663576834765,23518,0.9609660685432435,23518,1.513734161068118,23518,1.0715196870482184,23518,3.6440173484139806,23518,69.96860080003441,23249,8.073465525398943,23249,0.6882016430814228,23249,21.269732031485226,23249,78.73026796851478,23249,9.53125,1280,20.260939705585802,84.57066395976561,21673,14.451160430028146,21673,31.25825939210874,21188,96.3519313304721,2330,2.738328089123225,23518,5.116279069767442,5805,57.76616590463749,7655,11.15610711952972,7655,23.749183540169824,7655,3.043762246897453,7655,7655,3.072240365774004,94.19258944686273,5.807410553137274,1.3908058180273914,9419,9419,9419
071105,7344,3542,31.998910675381264,7344,63.19444444444444,7344,4.806644880174292,7344,41.598583877995644,7344,7.271241830065359,7344,25.0,27.42647,107.34048560135517,3802,9.722222222222221,7344,27.083333333333332,7344,0.7625272331154684,7344,58.24175824175824,50.635638870932986,7.606119370825253,15.02127659574468,665.7223796033994,4.094554664415365,4738,5.598621877691645,2322,91.10588235294118,2125,97.1590909090909,1936,73.57142857142857,280,37.12871287128713,808,4.693486590038314,4176,25.57471264367816,4176,51.24521072796935,4176,18.486590038314176,4176,69.73180076628353,4176,73.87452107279694,4176,2.9496152551750887,5.598621877691645,2.6490066225165565,2322,2416,3.5338180215906583,20.294117647058822,16.760299625468164,2040,2136,-0.2790041859440411,9.125490196078431,9.404494382022472,2040,2136,39.59424083769633,3056,41.361256544502616,3056,1.6361256544502618,3056,5.464659685863874,3056,1.9960732984293195,3056,0.3599476439790576,3056,41.590314136125656,3056,63.845995470455016,62.46654313362158,4857,4857,3101,2.160593356981619,49.59932517924926,48.58709405314213,2371,2371,30.07198952879581,3056,14.430628272251308,3056,48.85471204188482,3056,27.834303139334807,77.43362831858407,49.59932517924926,2486,2371,10.765706806282722,3056,7.1662303664921465,3056,17.11387434554974,3056,5.791884816753926,3056,8.475130890052355,3056,18.455497382198953,3056,5.693717277486911,3056,7.657068062827225,3056,12.958115183246074,3056,1.9306282722513088,3056,4.024869109947644,3056,3.141361256544503,3056,90.41394335511983,7344,9.422657952069716,7344,16.734749455337692,7344,14.569716775599128,7344,49.78213507625272,7344,62.254901960784316,7344,97.1048951048951,7150,96.12587412587412,7150,18.468190240889438,4857,47.49650349650349,7150,2.5314685314685317,7150,13.958171959721147,6455,2.3938816,1569,3.07126,9.851533,6466.0,97.31663685152057,559,41.992696922274384,1917,44.14241,9.268199233716475,4176,15.94513501928847,4666,41.81311615945135,4666,4.972138876982426,4666,3.2147449635662237,4666,34.05486498071153,4666,3.891290920321186,4857,0.9882643607164917,4857,0.5764875437512869,4857,8.914968087296685,4857,0.12353304508956146,4857,0.20588840848260243,4857,0.12353304508956146,4857,0.06176652254478073,4857,0.0,4857,0.06176652254478073,4857,2.6573426573426575,7150,0.993006993006993,7150,1.8881118881118881,7150,1.2587412587412588,7150,4.559440559440559,7150,76.85620635599258,7017,6.284737067122702,7017,0.9120706854781245,7017,15.946985891406584,7017,84.05301410859342,7017,16.81159420289855,345,19.163517915309445,92.46170180494464,6593,3.685727286516002,6593,9.43454686289698,6455,90.79136690647482,695,3.1888111888111887,7150,7.806451612903226,1550,59.63396034570412,1967,14.336553126588713,1967,14.082358922216573,1967,2.491103202846975,1967,1967,3.6349771225216063,90.54613935969869,9.453860640301315,1.28060263653484,2655,2655,2655
071106,10689,5489,34.10983253812331,10689,62.84965852745813,10689,3.040508934418561,10689,43.85817195247451,10689,5.257741603517635,10689,23.0,25.273365,94.73492439424304,5200,10.000935541210591,10689,29.5069697820189,10689,0.6268126110955188,10689,59.10985412325097,54.272104793093185,4.837749330157785,8.913878222709819,1121.8461538461538,4.41240086517664,6935,6.31163708086785,3549,93.83720930232558,3440,92.4721189591078,3228,82.30088495575221,452,43.49112426035503,1352,5.3586150041220115,6065,25.8037922506183,6065,46.29843363561418,6065,22.539159109645507,6065,68.83759274525968,6065,72.959604286892,6065,3.889900518552434,6.31163708086785,2.4217365623154166,3549,3386,4.900565863391062,24.92762946284979,20.027063599458728,3109,2956,-0.17388340889930198,9.326793181087167,9.500676589986469,3109,2956,40.87081536249743,4869,42.5754775107825,4869,1.5198192647360855,4869,6.017662764428014,4869,1.5814335592524131,4869,0.041076196344218524,4869,42.45224892174985,4869,71.07071285427999,69.10964786716289,6986,6986,4965,2.7593152064451156,59.51450892857143,58.035714285714285,3584,3584,21.647155473403163,4869,13.411378106387348,4869,57.69151776545492,4869,23.730640983245152,83.24514991181658,59.51450892857143,3402,3584,12.589854179502979,4869,6.3257342370096525,4869,21.544464982542618,4869,5.483672211953174,4869,7.763401109057301,4869,21.072088724584102,4869,9.242144177449168,4869,8.584925035941671,4869,0.10269049086054631,4869,1.8895050318340523,4869,4.641610186896694,4869,3.573629081947012,4869,85.28393675741417,10689,13.1817756572177,10689,29.2263074188418,10689,23.397885676864068,10689,61.13761811207784,10689,64.7300963607447,10689,99.20881604973157,10617,98.84148064424978,10617,33.72459204122531,6986,62.06084581331827,10617,1.0360742205896205,10617,14.30514859773964,9556,2.116673,2597,2.593179,10.855925,8447.0,98.24175824175825,910,40.93161546085233,3027,40.30988,9.41154163231657,6065,18.662383177570092,6848,33.162967289719624,6848,4.570677570093458,6848,3.125,6848,40.478971962616825,6848,23.561408531348413,6986,1.1308330947609504,6986,0.8445462353277985,6986,2.0469510449470367,6986,0.12882908674491841,6986,0.0572573718866304,6986,0.12882908674491841,6986,0.0,6986,0.0143143429716576,6986,0.0429430289149728,6986,1.8084204577564285,10617,1.0078176509371761,10617,1.8649335970613168,10617,1.262126777809174,10617,3.7957991899783368,10617,77.6898884970933,10493,8.224530639473935,10493,0.8481845039550177,10493,13.237396359477748,10493,86.76260364052226,10493,8.846153846153847,520,19.74069089277703,85.00970080669866,9793,13.795568263045032,9793,25.366262034323984,9556,95.94721960414704,1061,2.740887256287087,10617,6.169354838709677,2480,60.900783289817234,3064,8.942558746736292,3064,19.092689295039165,3064,2.3172323759791125,3064,3064,3.4650783289817233,92.2752808988764,7.724719101123597,2.01310861423221,4272,4272,4272
071201,7923,3868,30.594471790988262,7923,62.80449324750726,7923,6.601034961504481,7923,40.45184904707813,7923,9.718540956708317,7923,26.0,29.084942,104.83453981385729,4055,9.163195759182129,7923,25.268206487441624,7923,1.2242837309100087,7923,59.22427652733119,48.71382636655949,10.510450160771704,21.575907590759076,463.4799235181644,1.895910780669145,5380,2.25104921785578,2621,90.59518400726942,2201,89.01705115346039,1994,68.16608996539793,289,27.59009009009009,888,2.3864836325237593,4735,23.231256599788807,4735,55.24815205913411,4735,19.134107708553326,4735,74.38225976768743,4735,79.85216473072862,4735,0.6925135165147145,2.25104921785578,1.5585357013410657,2621,2759,0.3710146478973755,19.32059447983015,18.949579831932773,2355,2380,-0.2816999411229464,9.78216560509554,10.063865546218487,2355,2380,35.05747126436781,3306,43.79915305505142,3306,1.8753781004234724,3306,7.713248638838476,3306,2.9340592861464003,3306,0.030248033877797943,3306,37.99153055051422,3306,62.07533234859675,60.635155096011815,5416,5416,3362,2.3200475907198097,51.324753974261924,50.49205147615443,2642,2642,23.502722323049003,3306,14.821536600120993,3306,54.56745311554749,3306,20.989593538355237,72.31434751261716,51.324753974261924,2774,2642,13.581367211131276,3306,8.741681790683606,3306,23.41197822141561,3306,6.170598911070781,3306,8.439201451905626,3306,18.84452510586812,3306,6.805807622504537,3306,4.99092558983666,3306,0.09074410163339383,3306,3.0248033877797944,3306,6.745311554748941,3306,3.3575317604355717,3306,87.49211157389878,7923,11.851571374479365,7923,11.902057301527199,7923,18.894358197652405,7923,44.982960999621355,7923,64.12974883251293,7923,97.38226613627614,7793,95.89375080200179,7793,31.517725258493353,5416,23.071987681252406,7793,5.928397279609906,7793,10.38906117846067,7094,2.2753623,1656,2.9933965,8.148557,7216.0,97.1900826446281,605,35.71776155717762,2055,47.528954,9.92375923970433,4735,18.46650218257734,5269,36.95198329853862,5269,3.1884608085025623,5269,3.8147656101727083,5269,37.578288100208766,5269,2.6957163958641064,5416,2.603397341211226,5416,0.14771048744460857,5416,18.334564254062037,5416,0.4431314623338257,5416,0.03692762186115214,5416,0.055391432791728215,5416,0.01846381093057607,5416,0.0,5416,0.0,5416,2.5150776337739,7793,0.7955857821121519,7793,1.1805466444244834,7793,0.6672654946747081,7793,3.65712819196715,7793,70.81301884306232,7589,7.682171564105943,7589,0.5007247331664251,7589,21.004084859665305,7589,78.99591514033469,7589,13.486842105263158,304,20.065217391304348,95.18088925711129,7242,1.9884009942004972,7242,13.927262475331267,7094,89.55650929899856,699,2.6818940074425766,7793,7.12054965646471,1601,57.43663318986131,2091,19.320899091343854,2091,17.50358680057389,2091,3.1085604973696794,2091,2091,3.7269249163079867,98.70370370370371,1.2962962962962905,0.7407407407407407,2700,2700,2700
071301,6343,3226,31.388932681696357,6343,61.73734825792212,6343,6.873719060381523,6343,41.336906826422826,6343,9.601135109569604,6343,25.0,28.623522,96.62120272783633,3117,8.355667665142677,6343,26.09175469020968,6343,1.5607756582058963,6343,61.97650663942799,50.842696629213485,11.133810010214505,21.89854344550477,456.651376146789,5.718270571827057,4302,7.860652076820009,2239,95.78524836929252,1993,98.58564693556836,1909,90.15151515151516,264,47.7037037037037,675,6.223516949152542,3776,25.66207627118644,3776,35.35487288135593,3776,32.75953389830509,3776,68.11440677966101,3776,71.47775423728814,3776,4.4675352566552,7.860652076820009,3.3931168201648085,2239,2063,1.478004978478019,33.469179826795724,31.991174848317705,1963,1813,-0.6027518468388848,9.518593988792665,10.12134583563155,1963,1813,36.91833590138675,3245,49.152542372881356,3245,1.6640986132511557,3245,5.362095531587057,3245,1.078582434514638,3245,0.061633281972265024,3245,37.996918335901384,3245,75.10987739995373,73.99953735831599,4323,4323,3247,1.4782876501385895,67.52440106477374,66.19343389529725,2254,2254,31.987673343605547,3245,11.248073959938367,3245,50.878274268104775,3245,15.849209375052268,83.37361043982601,67.52440106477374,2069,2254,15.654853620955317,3245,4.560862865947612,3245,31.987673343605547,3245,4.776579352850539,3245,6.2557781201849,3245,19.537750385208014,3245,5.793528505392912,3245,5.300462249614792,3245,0.0,3245,1.5408320493066257,3245,6.7180277349768875,3245,3.8212634822804312,3245,83.74586157969415,6343,18.319407220558094,6343,26.060223868831784,6343,27.242629670502918,6343,58.205896263597666,6343,67.69667349834464,6343,99.50832672482157,6305,99.23869944488501,6305,20.610687022900763,4323,41.60190325138779,6305,0.7930214115781126,6305,11.593701332410452,5779,2.017265,1448,2.686052,10.24043,5615.0,98.82903981264637,427,43.323442136498514,2022,43.74926,9.807997881355933,3776,25.49249530956848,4264,27.72045028142589,4264,5.722326454033771,4264,3.6116322701688555,4264,37.453095684803,4264,16.192458940550544,4323,1.3416608836456165,4323,0.18505667360629194,4323,0.11566042100393245,4323,0.09252833680314597,4323,0.0,4323,0.0,4323,0.0,4323,0.0,4323,0.0,4323,2.3632038065027756,6305,1.078509119746233,6305,1.76050753370341,6305,1.379857256145916,6305,4.329896907216495,6305,74.6359417506801,6249,12.61001760281645,6249,0.6561049767962874,6249,12.097935669707153,6249,87.90206433029284,6249,8.04953560371517,323,20.689922480620154,82.70142180094787,5908,16.452268111035885,5908,31.04343311991694,5779,97.52851711026616,526,2.157018239492466,6305,6.769016050244243,1433,53.036238981390795,2042,15.915768854064643,2042,24.14299706170421,2042,5.729676787463271,2042,2042,3.087659157688541,96.06193200942444,3.9380679905755613,0.8751262201279031,2971,2971,2971
071302,3682,1809,30.71700162954916,3682,63.11787072243346,3682,6.165127648017382,3682,40.68441064638783,3682,9.451385116784357,3682,25.0,29.053232,103.53786622443339,1873,8.337859858772406,3682,25.339489407930472,3682,0.977729494839761,3682,58.433734939759034,48.66609294320138,9.767641996557659,20.07073386383731,498.2378854625551,6.25,2512,9.450726978998384,1238,95.13951395139514,1111,99.33774834437087,1057,91.12903225806451,124,39.75903614457831,415,6.893424036281179,2205,37.55102040816327,2205,35.78231292517007,2205,19.773242630385486,2205,55.55555555555556,2205,61.13378684807256,2205,6.311009553566673,9.450726978998384,3.1397174254317113,1238,1274,3.0998555298500357,21.330902461257978,18.231046931407942,1097,1108,-0.5628938786121651,8.119416590701915,8.68231046931408,1097,1108,30.046948356807512,1917,52.94731351069379,1917,2.0344287949921753,1917,4.381846635367762,1917,1.7214397496087637,1917,0.05216484089723526,1917,31.768388106416275,1917,75.68208778173191,74.57493080268881,2529,2529,1914,1.4629049111807733,65.09207365892715,64.2914331465172,1249,1249,52.895148669796555,1917,8.03338549817423,1917,34.74178403755869,1917,20.92355134107285,86.015625,65.09207365892715,1280,1249,8.555033907146584,1917,4.381846635367762,1917,52.63432446531038,1917,3.2342201356285862,1917,4.7991653625456445,1917,12.206572769953052,1917,4.694835680751174,1917,4.851330203442879,1917,0.2608242044861763,1917,1.3041210224308817,1917,4.434011476264997,1917,1.8779342723004695,1917,86.90928843020097,3682,19.011406844106464,3682,23.546985334057577,3682,25.529603476371538,3682,65.39923954372624,3682,69.36447582835416,3682,99.42575881870386,3657,99.17965545529123,3657,25.622775800711743,2529,65.24473612250479,3657,0.3828274541974296,3657,12.231503579952268,3352,2.4007833,766,3.0327303,7.541263,3514.0,97.03703703703704,270,37.72302463891249,1177,45.163975,8.402267573696145,2205,24.758064516129032,2480,30.120967741935484,2480,4.07258064516129,2480,4.556451612903226,2480,36.49193548387097,2480,18.070383550810597,2529,0.7908264136022143,2529,0.3163305654408857,2529,0.0,2529,0.039541320680110716,2529,0.0,2529,0.0,2529,0.0,2529,0.0,2529,0.0,2529,1.8867924528301887,3657,1.2031719989062073,3657,1.7500683620453923,3657,1.2031719989062073,3657,4.0196882690730105,3657,80.740536059685,3619,7.046145344017685,3619,0.4697430229345123,3619,11.743575573362808,3619,88.2564244266372,3619,12.804878048780488,164,20.300361881785282,77.0698766881973,3406,22.049324721080445,3406,33.89021479713604,3352,96.72131147540983,305,2.816516270166803,3657,9.382422802850357,842,49.11690496215307,1189,15.643397813288479,1189,25.231286795626577,1189,6.3919259882254,1189,1189,3.0756938603868798,94.45714285714286,5.5428571428571445,1.1428571428571428,1750,1750,1750
071401,11838,5686,27.05693529312384,11838,66.48082446359183,11838,6.462240243284339,11838,37.48099341104916,11838,10.153742186180098,11838,28.0,30.616405,108.19556806190644,6152,6.901503632370333,11838,25.266092245311707,11838,1.055921608379794,11838,50.41931385006353,40.69885641677256,9.720457433290978,23.883858882297847,418.6928104575163,1.2868310282621769,8315,1.5679442508710801,4018,93.38658146964856,3130,93.97878891549777,2923,86.70212765957447,376,41.4336917562724,1395,1.8546297558979954,7333,13.582435565252966,7333,60.49365880267285,7333,24.06927587617619,7333,84.56293467884903,7333,87.90399563616528,7333,0.5439740390954226,1.5679442508710801,1.0239702117756575,4018,4297,1.4128344259209236,24.785615491009683,23.37278106508876,3615,3718,-0.295124462727399,10.75463347164592,11.04975793437332,3615,3718,37.17074967765703,5429,44.04125990053417,5429,1.8051206483698656,5429,6.465279056916559,5429,2.302449806594216,5429,0.09209799226376865,5429,39.473199484251246,5429,65.34665099882491,63.36075205640423,8510,8510,5561,3.039021758676497,56.90458670591121,55.80083394652931,4077,4077,10.609688708786148,5429,17.73807331000184,5429,63.38183827592559,5429,16.20617350162319,73.1107602075344,56.90458670591121,4433,4077,13.92521643028182,5429,7.90200773623135,5429,9.92816356603426,5429,7.846748940873089,5429,9.541351998526432,5429,22.011420151040706,5429,11.033339473199485,5429,7.165223798121201,5429,0.681525142751888,5429,3.665500092097992,5429,4.162829250322343,5429,2.8918769570823355,5429,86.41662442980233,11838,14.639297178577463,11838,17.87464098665315,11838,11.68271667511404,11838,28.560567663456666,11838,43.97702314580165,11838,98.68939523727943,11674,98.16686654103135,11674,13.595769682726205,8510,34.36696933356176,11674,2.1929073154017473,11674,11.991907301820858,10874,2.175801,2372,2.7028248,8.603066,9392.0,98.32402234636872,716,37.50376846548085,3317,47.80163,10.904268375835265,7333,25.006180469715698,8090,26.84796044499382,8090,4.313967861557479,8090,4.066749072929543,8090,39.76514215080346,8090,1.8683901292596945,8510,1.2808460634547592,8510,0.3290246768507638,8510,4.900117508813161,8510,0.4112808460634548,8510,0.04700352526439483,8510,0.04700352526439483,8510,0.011750881316098707,8510,0.0,8510,0.011750881316098707,8510,2.5526811718348466,11674,0.788076066472503,11674,1.6104163097481583,11674,0.8737365084803838,11674,4.23162583518931,11674,77.25840336134453,11424,10.215336134453782,11424,0.9978991596638656,11424,11.528361344537815,11424,88.47163865546219,11424,11.44708423326134,463,20.7998420844848,95.56721548760629,11054,2.6596707074362222,11054,13.913923119367299,10874,93.0,800,3.143738221689224,11674,5.22420548541576,2297,48.58673013983933,3361,19.041951800059508,3361,21.273430526628978,3361,3.719131210949122,3361,3361,3.4733710205296044,95.0769898069833,4.923010193016694,0.5204944697462589,4611,4611,4611
071402,17522,8428,27.67378153178861,17522,68.1600273941331,17522,4.166191074078301,17522,37.52425522200662,17522,7.0368679374500624,17522,27.0,28.910797,107.90223065970574,9094,7.3621732678917935,17522,27.422668645131836,17522,0.6449035498230795,17522,46.713556057941894,40.60118898099305,6.11236707694884,15.05465044339039,664.2465753424658,1.3075755019402733,11854,2.021993614757006,5638,92.92667099286177,4623,80.98230912476723,4296,76.0942760942761,594,38.818778394750126,1981,2.154553289284688,10443,14.947811931437327,10443,61.23719237766925,10443,21.660442401608734,10443,82.89763477927798,10443,85.94273676146702,10443,1.3624054551688463,2.021993614757006,0.6595881595881596,5638,6216,-0.9280059428354761,21.177644710578843,22.10565065341432,5010,5433,-0.5379454233443663,10.39560878243513,10.933554205779496,5010,5433,34.895580378824675,8236,47.75376396308888,8236,1.6148615832928606,8236,4.796017484215638,8236,1.602719766877125,8236,0.04856726566294318,8236,36.4983001457018,8236,69.43386856480716,67.61297798377753,12082,12082,8389,2.6224818214328285,59.033211615371236,57.676925752043125,5751,5751,5.002428363283147,8236,16.76784847013113,8236,69.7061680427392,8236,19.84848164003865,78.88169325540989,59.033211615371236,6331,5751,11.340456532297232,8236,7.527926177756192,8236,4.808159300631375,8236,6.884409907722195,8236,9.737736765420108,8236,28.593977659057796,8236,13.003885381253035,8236,9.276347741622146,8236,0.1942690626517727,8236,2.7926177756192327,8236,3.1932977173385138,8236,2.3312287518212726,8236,77.81645930829814,17522,12.818171441616254,17522,21.361716699006962,17522,11.750941673324963,17522,34.47665791576304,17522,48.46478712475745,17522,97.06968433591423,16790,96.25967837998809,16790,15.651382221486509,12082,54.75878499106611,16790,5.265038713519952,16790,15.21389514313284,15545,2.090164,3660,2.5246458,8.694959,12536.0,98.51528384279476,1145,34.84201537147737,4684,44.231,10.675476395671742,10443,23.193553976780453,11542,28.877144342401664,11542,4.7825333564373596,11542,3.1190434933287126,11542,40.02772483105181,11542,3.38520112564145,12082,2.466479059758318,12082,0.28968713789107764,12082,4.105280582684986,12082,0.4055619930475087,12082,0.01655355073663301,12082,0.09104452905148154,12082,0.0,12082,0.0,12082,0.0,12082,2.364502680166766,16790,0.6611078022632519,16790,1.4949374627754617,16790,0.714711137581894,16790,3.9428231089934487,16790,69.06137842934486,16439,9.824198552223372,16439,1.4051949631972749,16439,19.709228055234504,16439,80.2907719447655,16439,10.45392022008253,727,20.471359361641493,92.86255684689237,15832,4.573016675088429,15832,22.83049211965262,15545,88.19277108433735,1245,3.2578916021441335,16790,6.637037037037037,3375,51.09124922053627,4811,12.03491997505716,4811,20.86884223654126,4811,2.2240698399501144,4811,4811,3.489918935772189,96.8285152960988,3.1714847039012,0.6174571989896155,7126,7126,7126
071403,3786,1915,33.465398837823564,3786,60.24828314844163,3786,6.286318013734812,3786,42.28737453777073,3786,9.693608029582673,3786,25.0,28.546223,97.7023498694517,1871,9.323824617010038,3786,23.217115689381934,3786,1.0301109350237718,3786,65.9798334064007,55.5458132398071,10.4340201665936,18.784530386740332,532.3529411764706,1.8374846876276032,2449,2.891566265060241,1245,90.9090909090909,1166,98.39622641509433,1060,71.06918238993711,159,22.22222222222222,351,2.8045977011494254,2175,19.126436781609197,2175,62.666666666666664,2175,15.402298850574713,2175,78.06896551724138,2175,84.45977011494253,2175,2.1440579594124003,2.891566265060241,0.7475083056478405,1245,1204,-0.41775050654363,15.195632393084622,15.613382899628252,1099,1076,-0.2770497681230992,9.613284804367607,9.890334572490707,1099,1076,41.16161616161616,1584,39.898989898989896,1584,0.5681818181818182,1584,6.186868686868687,1584,2.7777777777777777,1584,0.0,1584,43.93939393939394,1584,63.796555867040446,63.03564277132559,2497,2497,1593,1.1927181418706843,51.65615141955836,50.867507886435334,1268,1268,25.126262626262626,1584,17.550505050505052,1584,47.97979797979798,1584,24.66606176188997,76.32221318144833,51.65615141955836,1229,1268,10.227272727272727,1584,8.712121212121213,1584,25.0,1584,7.26010101010101,1584,10.037878787878787,1584,18.30808080808081,1584,6.186868686868687,1584,5.744949494949495,1584,0.12626262626262627,1584,1.7676767676767677,1584,4.734848484848484,1584,2.904040404040404,1584,90.01584786053883,3786,14.844162704701532,3786,14.051769677760168,3786,16.13840464870576,3786,28.869519281563655,3786,56.02218700475436,3786,97.97279274473193,3749,97.27927447319286,3749,20.94513416099319,2497,39.31715124033075,3749,2.107228594291811,3749,14.516602997355275,3403,2.4697733,794,3.0894873,8.796167,3547.0,96.45390070921985,282,43.05835010060362,994,47.325954,9.750344827586208,2175,19.691923397169028,2402,38.176519567027476,2402,3.7885095753538716,2402,4.704412989175687,2402,33.63863447127394,2402,1.3215859030837005,2497,0.8810572687224669,2497,0.2803364036844213,2497,11.533840608730477,2497,0.6007208650380457,2497,0.0,2497,0.0,2497,0.0,2497,0.0,2497,0.040048057669203045,2497,2.107228594291811,3749,0.8535609495865564,3749,1.680448119498533,3749,0.7468658308882369,3749,3.9743931715124035,3749,80.1470588235294,3672,7.189542483660131,3672,0.9803921568627451,3672,11.683006535947712,3672,88.31699346405229,3672,15.606936416184972,173,20.321909424724602,95.10791366906474,3475,2.0431654676258995,3475,7.111372318542463,3403,93.35260115606937,346,2.42731395038677,3749,6.730769230769231,832,55.675146771037184,1022,18.88454011741683,1022,17.025440313111545,1022,3.3268101761252447,1022,1022,3.668297455968689,94.16484318016046,5.83515681983954,0.87527352297593,1371,1371,1371
071501,23342,11448,34.435780995630196,23342,60.74029646131437,23342,4.823922543055437,23342,45.0304172735841,23342,7.36869162882358,23342,23.0,26.558006,103.89587700908456,11894,9.772084654271271,23342,26.93428155256619,23342,0.8139833776026048,23342,64.63535054309493,56.69346875440824,7.941881788686698,14.008459815874597,713.854351687389,3.6771119908743204,14903,5.0,7340,88.59741629317163,7586,98.1401577146258,6721,66.56050955414013,942,32.316118935837245,2556,3.946237399390482,12797,28.545752910838477,12797,50.30866609361569,12797,17.199343596155348,12797,67.50800968977104,12797,72.32163788387903,12797,2.606769800343779,5.0,2.393230199656221,7340,7563,1.9047043318092065,18.170226330889385,16.26552199908018,6274,6523,-0.3174220192681769,8.869301880777813,9.18672390004599,6274,6523,37.45032100275145,9813,42.46407826352797,9813,1.467441149495567,9813,6.002241923978396,9813,1.8444920004076226,9813,0.0509528176908183,9813,39.29481300315908,9813,66.42558556167474,64.4217371110079,15071,15071,10011,3.016681650184797,52.93563156477242,51.06382978723404,7426,7426,22.88800570671558,9813,19.23978396005299,9813,49.373280342402936,9813,26.59347242476322,79.52910398953564,52.93563156477242,7645,7426,10.99561805767859,9813,6.31814939366147,9813,22.684194435952307,9813,12.66687047793743,9813,6.389483338428615,9813,18.740446346682972,9813,6.685009681035361,9813,7.541017018241109,9813,0.2038112707632732,9813,1.049628044430857,9813,4.4430857026393555,9813,2.6903087740752065,9813,84.73995373147116,23342,11.789906606117727,23342,21.23211378630794,23342,19.372804386941993,23342,43.792305715020134,23342,55.17950475537658,23342,98.32305152489356,23018,97.44982187852985,23018,48.42412580452525,15071,45.11686506212529,23018,0.6212529324876184,23018,15.80670003850597,20776,2.5100102,4845,3.1659586,10.335332,20696.0,97.49443207126949,1796,38.84892086330935,6116,43.375736,9.031101039306087,12797,21.09713342957311,14547,35.127517701244244,14547,4.392658280057744,14547,3.464631882862446,14547,35.91805870626246,14547,4.830469112865769,15071,1.0616415632672018,15071,1.0483710437263618,15071,0.6038086391082211,15071,0.08625837701546016,15071,32.90425320151284,15071,0.2853161701280605,15071,0.09289363678588017,15071,0.013270519540840024,15071,0.09952889655630018,15071,2.267790424884873,23018,0.8297853853505952,23018,1.6204709357893823,23018,1.0687288209227561,23018,4.040316274220175,23018,73.13578494432862,22543,4.271836046666371,22543,0.7141906578538793,22543,21.878188351151135,22543,78.12181164884886,22543,16.53027823240589,1222,18.972858354537745,85.4847046661341,21281,13.119684225365349,21281,21.009819021948402,20776,89.16146297948261,2242,4.71804674602485,23018,10.436634717784878,5634,61.002740609382556,6203,14.638078349185879,6203,15.669837175560213,6203,2.8373367725294214,6203,6203,3.7107851039819444,96.36553646075244,3.6344635392475624,0.8592661402693915,8612,8612,8612
071502,5478,2741,33.004746257758306,5478,60.752099306316175,5478,6.24315443592552,5478,43.373493975903614,5478,9.620299379335524,5478,24.0,28.155348,99.85406785844582,2737,9.456005841548011,5478,25.246440306681272,5478,0.9675063891931361,5478,64.60336538461539,54.32692307692308,10.276442307692308,18.91592920353982,528.6549707602339,2.650669642857143,3584,3.73675404350251,1793,91.60879629629629,1728,99.17877447883765,1583,79.52380952380952,210,32.45283018867924,530,2.8274293142671434,3077,30.939226519337016,3077,52.25869353266168,3077,13.974650633734157,3077,66.23334416639584,3077,71.62820929476763,3077,2.1733816258587355,3.73675404350251,1.5633724176437744,1793,1791,-1.490198763613062,13.213811420982736,14.704010184595798,1506,1571,-0.732419357156564,8.682602921646746,9.41502227880331,1506,1571,26.98263725950258,2131,43.03144063819803,2131,1.0793054903801031,2131,12.060065696855936,2131,1.5954950727358048,2131,0.09385265133740028,2131,28.578132332238386,2131,59.45871306268987,58.3816625241646,3621,3621,2153,1.8114259173246632,47.15940430226144,46.33204633204633,1813,1813,43.03144063819803,2131,22.524636320976068,2131,28.531206006569686,2131,24.63263109596864,71.79203539823008,47.15940430226144,1808,1813,11.919286719849836,2131,3.988737681839512,2131,42.93758798686063,2131,17.22196152041295,2131,5.208822149225716,2131,7.836696386672924,2131,2.1116846550915063,2131,2.1116846550915063,2131,0.09385265133740028,2131,1.360863444392304,2131,7.789770061004224,2131,2.580947911778508,2131,93.55604235122307,5478,8.1416575392479,5478,11.829134720700985,5478,39.3574297188755,5478,60.113179992698065,5478,73.9503468419131,5478,99.24074074074075,5400,98.79629629629629,5400,94.11764705882354,3621,23.09259259259259,5400,0.3333333333333333,5400,8.92018779342723,4899,2.720817,1028,3.839604,12.791103,5754.0,96.21212121212122,396,34.29256594724221,1251,47.195045,9.056548586285343,3077,32.93481354967265,3513,20.836891545687447,3513,2.021064617136351,3513,3.672075149444919,3513,40.53515513805864,3513,1.9331676332504832,3621,0.44186688760011045,3621,1.0770505385252693,3621,0.3590168461750898,3621,0.0,3621,85.88787627727147,3621,0.0,3621,0.0,3621,0.0,3621,0.0,3621,2.185185185185185,5400,0.9814814814814815,5400,1.6666666666666667,5400,1.3518518518518519,5400,4.0,5400,84.22256097560975,5248,6.764481707317073,5248,0.13338414634146342,5248,8.879573170731707,5248,91.1204268292683,5248,12.297734627831716,309,18.856893542757415,25.84314508082219,5011,71.80203552185192,5011,75.89303939579506,4899,96.20758483033931,501,2.9444444444444446,5400,6.0909791827293756,1297,62.16814159292036,1356,19.837758112094395,1356,11.061946902654867,1356,2.8761061946902653,1356,1356,3.982300884955752,93.1960049937578,6.803995006242204,2.247191011235955,1602,1602,1602
071503,2852,1403,33.20476858345021,2852,60.06311360448808,2852,6.732117812061711,2852,43.8288920056101,2852,9.537166900420758,2852,24.0,28.097475,103.27868852459017,1449,8.450210378681627,2852,25.0,2852,1.332398316970547,2852,66.49153531815529,55.28312901342674,11.208406304728546,20.27455121436114,493.2291666666667,5.277185501066098,1876,6.695464362850972,926,93.4873949579832,952,99.32584269662921,890,79.0,100,39.93288590604027,298,6.032338308457711,1608,30.223880597014926,1608,46.39303482587065,1608,17.350746268656717,1608,63.743781094527364,1608,68.78109452736318,1608,2.8007275207457085,6.695464362850972,3.8947368421052633,926,950,2.200763599685647,18.453865336658353,16.253101736972706,802,806,0.17537421953800347,8.83790523690773,8.662531017369727,802,806,42.929720575783236,1181,39.37341236240474,1181,1.5241320914479255,1181,7.281964436917867,1181,2.5402201524132093,1181,0.2540220152413209,1181,45.46994072819644,1181,63.51136964569011,61.92490745637229,1891,1891,1201,2.4979184013322233,49.94652406417112,48.98395721925134,935,935,36.83319220999153,1181,14.14055884843353,1181,41.82895850973751,1181,26.831718613653145,76.77824267782427,49.94652406417112,956,935,10.9229466553768,1181,8.890770533446233,1181,36.57917019475021,1181,6.096528365791702,1181,7.790008467400508,1181,13.293818797629127,1181,3.8103302286198137,1181,6.7739204064352245,1181,0.2540220152413209,1181,2.032176121930567,1181,4.911092294665537,1181,2.79424216765453,1181,92.04067321178121,2852,11.746143057503506,2852,14.901823281907433,2852,21.107994389901823,2852,50.876577840112205,2852,67.46143057503507,2852,99.04728299223711,2834,98.76499647141848,2834,20.94130089899524,1891,53.952011291460835,2834,0.8468595624558928,2834,13.284559106661533,2597,2.363929,621,3.13416,8.348393,2767.0,98.45360824742268,194,41.37483787289235,771,45.758755,8.75,1608,17.549491706795077,1869,36.383092562867844,1869,3.6383092562867843,1869,4.333868378812199,1869,38.095238095238095,1869,6.768905341089371,1891,0.8989952406134321,1891,1.110523532522475,1891,0.9518773135906927,1891,0.0,1891,8.038075092543627,1891,0.0,1891,0.0,1891,0.0,1891,0.0,1891,2.1524347212420607,2834,0.9527170077628794,2834,2.0112914608327452,2834,1.305575158786168,2834,4.375441072688779,2834,81.09363831308077,2798,6.540385989992852,2798,0.28591851322373124,2798,12.080057183702644,2798,87.91994281629735,2798,16.666666666666668,138,19.125198098256735,94.78458049886622,2646,4.270597127739985,2646,9.318444358875626,2597,94.09282700421942,237,3.4580098800282286,2834,8.835904628330995,713,58.09768637532134,778,20.17994858611825,778,20.308483290488432,778,4.884318766066838,778,778,3.6426735218508997,93.2872655478776,6.712734452122405,2.8627838104639682,1013,1013,1013
080101,122722,61264,28.884796531999154,122722,65.73149068626653,122722,5.383712781734326,122722,39.02641743126742,122722,8.168869477355324,122722,25.0,28.403131,100.31666231392008,61458,7.711738726552697,122722,28.621600039112792,122722,0.8572220139828229,122722,52.134082090569876,43.94362006768567,8.190462022884203,18.63856917174453,536.5218707431512,1.3758511174395576,85329,1.7619711761971175,43020,95.8729702543469,34795,77.50232321112743,33359,88.31198536139067,4372,63.371221583812144,16012,1.7158462665689735,75065,10.461599946712848,75065,46.31719176713515,75065,41.505362019583025,75065,87.82255378671817,75065,89.92339972024246,75065,0.7787288400511438,1.7619711761971175,0.9832423361459737,43020,42309,2.3553676656109843,42.67003979234195,40.31467212673097,37947,37118,-0.1063455890214886,11.970247977442222,12.07659356646371,37947,37118,44.5255212077642,55640,36.572609633357295,55640,2.127965492451474,55640,5.377426312005751,55640,2.3616103522645577,55640,0.03414809489575845,55640,46.887131560028756,55640,66.2910656470124,64.08503823703481,86173,86173,57125,3.327789934354486,58.154560713710886,56.358786875445496,43491,43491,7.4784327821711,55640,16.921279654924515,55640,68.362688713156,55640,16.427230205177644,74.58179091888853,58.154560713710886,42682,43491,21.333572969086987,55640,8.44176851186197,55640,7.379583033788641,55640,7.172897196261682,55640,9.345794392523365,55640,20.20488856937455,55640,6.653486700215672,55640,9.007907979870597,55640,0.09884974838245866,55640,5.758447160316319,55640,6.344356578001438,55640,5.260603882099209,55640,74.21652189501475,122722,24.3819364091198,122722,15.493554537898666,122722,13.855706393311713,122722,33.38276755593944,122722,48.54712276527436,122722,99.48196786221006,121228,99.3103903388656,121228,16.927575922852867,86173,32.92473685947141,121228,0.8009700729204474,121228,11.726972214777092,111930,1.927841,28160,2.4500809,8.375025,94543.0,97.78383063018447,8077,41.9363248281031,30687,44.311596,12.02283354426164,75065,21.077424084021295,83217,28.020716920821467,83217,5.442397587031496,83217,3.5894108175012316,83217,41.87005059062451,83217,1.1256426026713704,86173,1.729079874206538,86173,0.06846692119341324,86173,0.09631787218734407,86173,0.1299711046383438,86173,0.05222053311362027,86173,1.567776449700022,86173,1.4354844324788507,86173,0.07078783377624082,86173,1.1627772039966116,86173,2.720493615336391,121228,0.8504635892698057,121228,1.762794073976309,121228,0.8050945326162273,121228,4.461015606955489,121228,63.05548361224132,119693,19.005288529822128,119693,1.496328106071366,119693,16.442899751865188,119693,83.55710024813482,119693,9.621087314662274,6070,20.40220801859384,97.28171334431632,114116,1.6307967331487259,114116,5.988564281247208,111930,98.22542482254248,9298,2.0086118718447885,121228,5.386783589101158,25544,56.457588145120084,31312,17.268140010219724,31312,15.696857434849258,31312,2.459121103730199,31312,31312,3.8716147164026573,97.35562005805225,2.644379941947747,0.0,49955,49955,49955
080201,98363,49414,34.679706800321256,98363,60.753535374073586,98363,4.566757825605157,98363,45.081992212518934,98363,6.998566534164269,98363,22.0,26.163963,99.05897114178168,48949,9.155881784817462,98363,27.95461708162622,98363,0.7401156939092952,98363,64.5994745561338,57.0826151709366,7.5168593851972085,13.168386491557223,759.3944790739092,1.7481064842926082,62582,2.298487670886875,31673,93.24051407588739,32680,86.83994617833349,30471,77.43641400151095,3971,48.7839296090313,12047,2.4150929450460104,54118,14.808381684467275,54118,52.285745962526335,54118,30.49077940796038,54118,82.77652537048671,54118,85.8106360175912,54118,1.1143665411188464,2.298487670886875,1.1841211297680287,31673,30909,2.239332210882573,31.58810101815283,29.348768807270257,27599,26519,-0.17968372147807798,10.833363527664046,11.013047249142124,27599,26519,44.94824318413763,41154,34.74267385916314,41154,1.9779365310783885,41154,6.378480828109054,41154,1.3656023715799193,41154,0.1457938474996355,41154,46.31384555571755,41154,66.38225255972696,64.37871318417393,63288,63288,42012,3.0181852803960774,58.10557843504306,56.47073505553475,32052,32052,12.096029547553094,41154,27.958400155513438,41154,52.86241920590951,41154,16.769565629497862,74.87514406454092,58.10557843504306,31236,32052,15.055644651795694,41154,15.72386645283569,41154,11.194537590513681,41154,19.380862127618215,41154,8.353987461729115,41154,18.33600622053749,41154,5.729698206735676,41154,7.824269815813772,41154,0.901491957039413,41154,2.6753171016183117,41154,5.603343538902658,41154,3.4626038781163433,41154,75.89032461393003,98363,23.62168701645944,98363,15.25166983520226,98363,12.191576100769598,98363,37.95939530107866,98363,51.023250612527065,98363,99.41934818481849,96960,99.08003300330033,96960,8.66830994817343,63288,24.216171617161717,96960,0.8085808580858086,96960,8.757600508213086,88152,2.2877886,21693,2.830431,10.323006,82970.0,97.44467860906217,7592,43.76219977934312,23566,43.208435,10.921412469049114,54118,19.132548324054458,60891,34.77361186382224,60891,4.764250874513475,60891,3.3206877863723703,60891,38.00890115123746,60891,1.1297560358993806,63288,2.052521805081532,63288,0.03950195929718114,63288,0.018960940462646948,63288,0.29231449879914045,63288,0.02528125395019593,63288,0.05056250790039186,63288,0.009480470231323474,63288,0.0015800783718872456,63288,0.07742384022247503,63288,2.651608910891089,96960,0.9746287128712872,96960,1.795585808580858,96960,0.9416254125412541,96960,4.4647277227722775,96960,66.8357614505817,95410,14.634734304580233,95410,1.2273346609370086,95410,17.30216958390106,95410,82.69783041609894,95410,16.63248564397047,4876,19.403166511445516,97.20613363513304,90126,1.4535206266782061,90126,5.3668663218077866,88152,98.06993642143506,8808,1.50990099009901,96960,7.734326505276226,24165,64.91242772144473,23866,15.549317020028493,23866,14.267158300511188,23866,1.9567585686751026,23866,23866,4.062683315176401,95.92692339728461,4.073076602715389,0.03887053335924702,36017,36017,36017
080202,35759,17701,30.831399088341396,35759,62.92401912805168,35759,6.244581783606924,35759,40.90438770659135,35759,9.642327805587405,35759,25.0,28.891523,102.01683520705045,18058,8.230095919908274,35759,25.83125926340222,35759,1.0990240219245504,35759,58.92182569663571,48.997822319008044,9.924003377627661,20.253968253968253,493.73040752351096,1.8523975918831306,23753,2.362070435746568,11727,94.77697293175753,10492,83.84955752212389,9944,89.46528332003193,1253,43.34170854271357,3980,2.5489062349426614,20754,13.838296232051652,20754,55.295364748964055,20754,28.317432784041632,20754,83.61279753300569,20754,86.39298448491857,20754,1.0066737951345606,2.362070435746568,1.3553966406120073,11727,12026,3.1273547340453867,29.886836251088113,26.759481517042726,10339,10415,-0.11353942445667009,10.927459135312892,11.040998559769562,10339,10415,36.494081862064405,15123,41.24842954440257,15123,2.0101831647159956,15123,6.619057065397078,15123,2.373867618858692,15123,0.08596178007009192,15123,38.867949480923095,15123,64.01343896470198,62.192542204156126,24109,24109,15433,2.844553878053522,55.241292488459926,53.51237935375577,11915,11915,11.74370164649871,15123,18.329696488791907,15123,63.12239634993057,15123,17.34358532029848,72.5848778087584,55.241292488459926,12194,11915,15.149110626198505,15123,8.212656219004165,15123,11.51226608477154,15123,8.913575348806454,15123,9.184685578258282,15123,22.072340144151294,15123,7.29352641671626,15123,9.02598690735965,15123,0.23143556172717053,15123,3.6963565430139522,15123,5.342855253587251,15123,3.9608543278450044,15123,79.2220140384239,35759,16.56086579602338,35759,15.498196258284628,35759,8.269246902877597,35759,27.97337733158086,35759,43.87147291590928,35759,98.70345459228942,34939,98.29989410114771,34939,8.212700651209092,24109,31.801139128194855,34939,2.0979421277082917,34939,11.11007171811662,32070,2.266935,7204,2.8685703,9.443444,30042.0,98.0634528224145,2427,40.778897316879885,8833,46.533566,10.984436735087213,20754,19.49378136591752,22915,31.298276238271875,22915,5.62077241981235,22915,3.9755618590442943,22915,39.61160811695396,22915,0.738313492886474,24109,2.1900535069890914,24109,0.07466091501099174,24109,0.024886971670330583,24109,0.7507569787216393,24109,0.004147828611721764,24109,0.09954788668132233,24109,0.016591314446887055,24109,0.004147828611721764,24109,0.369156746443237,24109,3.471765076275795,34939,1.0418157359970235,34939,2.1866681931366094,34939,1.0990583588540026,34939,5.455221958270128,34939,72.51328777524677,34242,11.640675194205945,34242,1.3054144033642894,34242,14.54062262718299,34242,85.459377372817,34242,14.150347441566646,1583,19.77857905982906,96.42551369863014,32704,1.2628424657534247,32704,10.35859058309947,32070,94.8065528058557,2869,1.9433870459944476,34939,6.243654822335025,7880,56.169651686627844,9101,19.558290297769474,9101,16.965168662784308,9101,3.5160971321832766,9101,9101,3.8390286781672343,97.9409269684584,2.059073031541601,0.09254260815917328,12967,12967,12967
080301,6735,3373,31.997030438010395,6735,60.46028210838901,6735,7.542687453600594,6735,41.87082405345212,6735,10.631031922791388,6735,26.0,29.217966,99.67388081826267,3362,8.834446919079436,6735,23.979213066072756,6735,1.3956941351150705,6735,65.39783889980353,52.922396856581535,12.475442043222005,23.573085846867748,424.21259842519686,2.54932387497229,4511,3.424056189640035,2278,93.20665083135393,2105,85.4230377166157,1962,83.52059925093633,267,34.85804416403786,634,2.8433612592028434,3939,17.49174917491749,3939,54.22696115765423,3939,25.43792840822544,3939,79.66488956587966,3939,83.85376999238386,3939,1.7670924637107919,3.424056189640035,1.6569637259292431,2278,2233,3.0491354891142635,26.94430506773708,23.895169578622816,1993,1946,-0.35751543557641874,10.292022077270447,10.649537512846866,1993,1946,38.98365316275764,2814,40.58280028429282,2814,1.7057569296375266,2814,6.751954513148543,2814,2.985074626865672,2814,0.03553660270078181,2814,41.968727789623316,2814,63.474240422721266,61.55878467635403,4542,4542,2883,3.0176899063475546,53.20261437908497,51.89542483660131,2295,2295,21.46410803127221,2814,18.69225302061123,2814,52.38095238095238,2814,20.762672670314224,73.9652870493992,53.20261437908497,2247,2295,15.991471215351812,2814,7.746979388770433,2814,21.321961620469082,2814,7.746979388770433,2814,10.767590618336888,2814,14.818763326226012,2814,4.371002132196162,2814,7.782515991471215,2814,0.14214641080312723,2814,3.091684434968017,2814,7.818052594171997,2814,3.411513859275053,2814,84.60282108389012,6735,13.674832962138085,6735,19.361544172234595,6735,23.16258351893096,6735,28.596881959910913,6735,60.02969561989607,6735,99.34141595569525,6681,99.13186648705283,6681,28.753852928225452,4542,32.85436311929352,6681,1.197425535099536,6681,14.440433212996389,6094,2.2489598,1442,3.0,7.3050203,6475.0,96.40718562874251,501,41.97002141327623,1868,46.82762,10.468646864686468,3939,19.810040705563093,4422,32.3835368611488,4422,4.7942107643600185,4422,4.929895974672094,4422,38.082315694255996,4422,1.0127697049757816,4542,3.2364597093791283,4542,0.13210039630118892,4542,0.0,4542,0.13210039630118892,4542,0.022016732716864818,4542,0.06605019815059446,4542,0.0,4542,0.0,4542,0.044033465433729636,4542,3.0833707528813052,6681,1.0327795240233497,6681,1.9757521329142345,6681,1.0178117048346056,6681,4.759766502020655,6681,77.86050752165325,6581,8.843640784075369,6581,0.5318340677708555,6581,12.764017626500532,6581,87.23598237349947,6581,11.041009463722398,317,20.020765736534717,97.89083883432619,6211,1.1592336177749154,6211,7.679684936002626,6094,97.44463373083475,587,2.6044005388414906,6681,6.984334203655353,1532,56.64041994750656,1905,21.522309711286088,1905,16.8503937007874,1905,4.251968503937008,1905,1905,3.5070866141732284,96.36289333878219,3.637106661217814,0.12259910093992644,2447,2447,2447
080302,22410,11389,33.235162873717094,22410,60.38821954484605,22410,6.376617581436858,22410,42.65060240963855,22410,9.65640339134315,22410,25.0,28.430834,96.76881201159013,11021,9.245872378402499,22410,24.35519857206604,22410,1.2405176260597948,22410,65.59521170472179,55.035838321140915,10.559373383580876,19.18635875402793,521.2036389083275,2.9441971927422115,14605,4.09693399384121,7469,93.43434343434343,7128,87.04204204204204,6660,78.80434782608695,920,40.66543438077634,2164,4.180340678230974,12798,19.69057665260197,12798,52.070636036880764,12798,24.058446632286294,12798,76.12908266916706,12798,79.7233942803563,12798,2.3592658324062326,4.09693399384121,1.7376681614349776,7469,7136,1.9704923079622425,25.019057783198658,23.048565475236416,6559,6239,-0.4587929245485771,9.88565330080805,10.344446225356627,6559,6239,37.19643406086689,9759,43.467568398401475,9759,1.6600061481709192,9759,6.578542883492161,9759,2.1928476278307203,9759,0.05123475765959627,9759,39.389281688697615,9759,67.3566338649474,65.46318289786224,14735,14735,9925,2.8110831234256928,56.23257666268419,54.7856099827426,7533,7533,18.751921303412235,9759,18.096116405369404,9759,57.35218772415207,9759,22.759370018793184,78.99194668147737,56.23257666268419,7202,7533,15.052771800389385,9759,6.773234962598627,9759,18.53673532124193,9759,8.300030740854595,9759,9.396454554769957,9759,20.03279024490214,9759,6.947433138641254,9759,7.920893534173583,9759,0.21518598217030432,9759,2.0801311609796085,9759,7.162619120811558,9759,3.4942104723844656,9759,84.52922802320393,22410,12.583668005354752,22410,16.983489513609996,22410,24.9888442659527,22410,43.824185631414544,22410,62.59705488621151,22410,99.07248212831418,22102,98.56121617953126,22102,24.255174753987106,14735,33.16441950954665,22102,0.7103429553886527,22102,12.292507851054284,20061,2.2982678,4734,2.9315245,9.076953,20194.0,95.49007817197835,1663,42.553865652724966,6312,45.19851,10.109313955305517,12798,19.449695442134004,14283,34.152488972904855,14283,5.66407617447315,14283,4.221802142407057,14283,36.511937268080935,14283,3.3050559891414997,14735,7.818120122158127,14735,0.1153715643026807,14735,0.08143875127248049,14735,0.21038344078724125,14735,0.047505938242280284,14735,0.38004750593824227,14735,0.08822531387852053,14735,0.02035968781812012,14735,0.3189684424838819,14735,2.836847344131753,22102,0.9953850330286852,22102,1.9590987240973667,22102,1.0406298072572617,22102,4.709980997194824,22102,79.63073806344676,21719,8.65601547032552,21719,0.7182651134950965,21719,10.99498135273263,21719,89.00501864726736,21719,13.060428849902534,1026,19.844571195762885,94.43280892309191,20531,4.563830305391846,20531,10.223817357060964,20061,94.85546300832925,2041,1.9048049950230748,22102,6.9105691056910565,5166,54.64302379841344,6429,18.540986156478457,6429,23.051796546896874,6429,4.386374241717219,6429,6429,3.4378596982423395,97.40663900414938,2.5933609958506167,0.2074688796680498,8676,8676,8676
080303,5563,2741,35.52040266043502,5563,58.97896818263527,5563,5.5006291569297145,5563,44.93978069387021,5563,8.664389717778178,5563,23.0,27.215712,102.95512586647209,2822,9.706992629875966,5563,24.177602013302174,5563,0.8448678770447601,5563,69.55196586406583,60.22554099359951,9.32642487046632,15.48582995951417,645.7516339869281,2.765896777872826,3507,3.5817446562680533,1731,94.40894568690096,1878,88.26847151720249,1773,84.81012658227849,237,33.13373253493014,501,2.895689371503784,3039,19.118130964132938,3039,58.47318196775255,3039,19.51299769661073,3039,77.98617966436328,3039,81.5728858177032,3039,1.6110239355473326,3.5817446562680533,1.9707207207207207,1731,1776,-1.7105414843906424,18.63605671843349,20.346598202824133,1481,1558,-0.7704513915674696,9.60567184334909,10.376123234916559,1481,1558,34.68409586056645,2295,44.705882352941174,2295,1.7429193899782136,2295,6.405228758169935,2295,2.0043572984749454,2295,0.08714596949891068,2295,36.688453159041394,2295,65.95563139931741,64.50511945392492,3516,3516,2319,2.1992238033635187,54.97985031663788,53.8860103626943,1737,1737,20.043572984749456,2295,18.77995642701525,2295,52.854030501089326,2295,21.692437485498147,76.67228780213603,54.97985031663788,1779,1737,13.115468409586057,2295,7.363834422657952,2295,20.0,2295,7.668845315904139,2295,10.893246187363834,2295,16.034858387799563,2295,5.533769063180828,2295,9.368191721132897,2295,0.04357298474945534,2295,2.570806100217865,2295,5.620915032679738,2295,3.4422657952069717,2295,87.56066870393673,5563,16.555815207621787,5563,10.911378752471688,5563,20.65432320690275,5563,35.59230630954521,5563,62.71795793636527,5563,99.25114155251141,5475,99.08675799086758,5475,7.366325369738339,3516,36.10958904109589,5475,0.6210045662100456,5475,13.39538648320518,4942,2.4547024,1159,2.985321,7.803768,4831.0,96.56019656019656,407,39.51255539143279,1354,45.980797,10.000658111220796,3039,16.93782684485764,3442,37.85589773387565,3442,4.677513073794306,3442,4.096455549099361,3442,36.43230679837304,3442,0.6541524459613197,3516,2.076222980659841,3516,0.0,3516,0.02844141069397042,3516,0.36973833902161546,3516,0.0,3516,0.11376564277588168,3516,0.22753128555176336,3516,0.0,3516,0.3981797497155859,3516,2.3926940639269407,5475,0.7488584474885844,5475,1.6255707762557077,5475,0.821917808219178,5475,3.7260273972602738,5475,76.1611639619474,5361,9.289311695579183,5361,0.31710501772057453,5361,14.232419324752845,5361,85.76758067524716,5361,14.49814126394052,269,19.604273504273504,97.55568697023458,5073,1.3207175241474474,5073,4.026709834075273,4942,96.99812382739212,533,1.8812785388127853,5475,7.658959537572255,1384,62.689804772234275,1383,18.29356471438901,1383,14.6059291395517,1383,3.109182935647144,1383,1383,3.9587852494577005,97.17314487632508,2.8268551236749175,0.05047955577990914,1981,1981,1981
080304,14260,6996,31.746143057503506,14260,62.847124824684435,14260,5.406732117812061,14260,42.37727910238429,14260,8.225806451612904,14260,24.0,27.868093,103.83076043453401,7264,9.081346423562412,14260,26.023842917251052,14260,0.8274894810659187,14260,59.11626869002455,50.513278286096856,8.602990403927695,17.0311464546057,587.15953307393,1.9141775347076146,9508,2.4579560155239326,4638,94.1919191919192,4356,90.95783572995369,4103,82.72251308900523,573,34.266169154228855,1608,2.3627771719374775,8253,15.957833515085424,8253,55.57978916757543,8253,26.099600145401674,8253,81.6793893129771,8253,84.58742275536169,8253,1.061652114086561,2.4579560155239326,1.3963039014373717,4638,4870,-0.6932539188487645,25.75242718446602,26.445681103314783,4120,4133,-0.5215004028668151,10.510679611650485,11.0321800145173,4120,4133,37.40845912419668,6691,44.268420266029,6691,2.032581079061426,6691,6.351815872066956,6691,1.1657450306381707,6691,0.059781796442983114,6691,38.57420415483485,6691,70.52522100884035,68.87155486219449,9615,9615,6781,2.344786904586344,63.00787066581579,61.41246543288662,4701,4701,15.603048871618592,6691,16.738903004035272,6691,60.469287102077416,6691,14.70885705091193,77.71672771672772,63.00787066581579,4914,4701,13.869376774772082,6691,6.082797788073532,6691,15.25930354207144,6691,7.4428336571513976,6691,9.161560304887162,6691,21.641010312359885,6691,7.577342699148109,6691,10.641159766850993,6691,0.34374532954715287,6691,2.8695262292631893,6691,4.483634733223734,6691,2.8994171274846807,6691,81.1711079943899,14260,13.983169705469846,14260,21.444600280504908,14260,24.53015427769986,14260,42.56661991584853,14260,56.87938288920056,14260,99.14984059511158,14115,98.7743535246192,14115,27.467498699948,9615,49.55720864328728,14115,1.1193765497697485,14115,16.538131962296486,12837,2.2617006,3034,2.8241134,8.646459,11843.0,96.11742424242425,1056,39.89135569201701,4234,44.049362,10.771840542832908,8253,21.295896328293736,9260,32.915766738660906,9260,6.684665226781857,9260,3.552915766738661,9260,35.55075593952484,9260,2.8809152366094644,9615,6.427457098283932,9615,0.062402496099843996,9615,0.010400416016640665,9615,0.24960998439937598,9615,0.010400416016640665,9615,0.12480499219968799,9615,0.062402496099843996,9615,0.0,9615,0.08320332813312532,9615,3.2660290471130002,14115,1.0556145944031172,14115,2.0049592631951825,14115,0.9564293304994687,14115,5.051363797378675,14115,75.03053819070202,13917,9.707551914924194,13917,0.9053675361069196,13917,14.356542358266868,13917,85.64345764173314,13917,12.31527093596059,609,20.03351773511227,95.6127656333308,13129,3.30565922766395,13129,11.443483679987535,12837,97.10485133020345,1278,2.649663478568898,14115,4.9185463659147866,3192,54.5707656612529,4310,14.94199535962877,4310,23.08584686774942,4310,3.82830626450116,4310,4310,3.2749419953596286,94.0885860306644,5.911413969335598,0.11925042589437819,5870,5870,5870
080401,13023,6496,36.151424402979345,13023,57.552023343315675,13023,6.296552253704983,13023,46.033939952391925,13023,9.45250710281809,13023,23.0,27.181372,100.47721674876847,6527,10.128234661752284,13023,24.01904323120633,13023,1.0903785610074483,13023,73.75583722481655,62.8152101400934,10.940627084723149,17.41716227697536,574.1463414634146,3.647752394988946,8142,4.771178188899708,4108,92.63157894736842,4465,84.6953578336557,4136,77.6068376068376,585,37.39266198282592,1281,4.921287760601333,7051,19.756062969791518,7051,49.964544036306904,7051,25.35810523330024,7051,75.32264926960715,7051,79.01006949368883,7051,2.2674597952457667,4.771178188899708,2.5037183936539416,4108,4034,3.2992512995053076,26.976614699331847,23.67736339982654,3592,3459,-0.31517406256297953,9.948775055679286,10.263949118242266,3592,3459,38.40837282780411,5064,39.88941548183254,5064,1.4020537124802528,5064,6.753554502369668,5064,3.4755134281200633,5064,0.11848341232227488,5064,41.88388625592417,5064,63.17201024015604,61.03864439839083,8203,8203,5182,3.3770744886144346,52.84749034749035,51.423745173745175,4144,4144,18.009478672985782,5064,17.83175355450237,5064,58.90600315955766,5064,20.86524677988092,73.71273712737127,52.84749034749035,4059,4144,14.94865718799368,5064,11.255924170616113,5064,17.812006319115323,5064,8.925750394944707,5064,8.590047393364928,5064,17.120853080568722,5064,5.726698262243286,5064,9.419431279620854,5064,0.19747235387045814,5064,3.179304897314376,5064,6.6350710900473935,5064,3.060821484992101,5064,88.31298471934271,13023,16.286569914766183,13023,13.099900176610612,13023,14.05974045918759,13023,34.254780004607234,13023,61.76764186439377,13023,99.24625067992851,12869,98.29046545963168,12869,48.92112641716445,8203,21.019504234983295,12869,0.4973191390162406,12869,11.044853513093077,11571,2.4808125,2658,3.1259944,10.461182,12121.0,97.64243614931237,1018,39.16440217391305,2944,47.15591,10.10338959012906,7051,17.765544851745275,7993,37.707994495183286,7993,4.591517577880645,7993,4.341298636306768,7993,35.59364443888402,7993,0.5851517737413141,8203,0.8289650128001951,8203,0.07314397171766426,8203,0.04876264781177618,8203,0.17066926734121662,8203,0.02438132390588809,8203,0.18285992929416067,8203,0.29257588687065705,8203,0.0,8203,42.99646470803365,8203,2.4865956950812027,12869,0.901390939466936,12869,1.608516590255653,12869,0.8780791048255497,12869,4.126194731525371,12869,65.68875533765618,12646,8.864463071326902,12646,0.6326111023248459,12646,24.814170488692078,12646,75.18582951130793,12646,19.471947194719473,606,19.34776437189496,98.0853576248313,11856,1.062753036437247,11856,3.845821450177167,11571,96.3020030816641,1298,1.7017639288211983,12869,8.333333333333334,3228,64.8711943793911,2989,21.679491468718634,2989,15.389762462361993,2989,3.8139846102375374,2989,2989,4.305453328872533,97.96909492273731,2.0309050772626875,0.46357615894039733,4530,4530,4530
080402,2095,951,33.078758949880665,2095,62.29116945107398,2095,4.630071599045346,2095,42.81622911694511,2095,6.825775656324582,2095,23.0,25.968973,120.2944269190326,1144,12.267303102625299,2095,30.310262529832936,2095,0.7159904534606205,2095,60.53639846743295,53.10344827586207,7.432950191570881,13.997113997113997,714.4329896907217,3.1746031746031744,1386,4.354838709677419,620,89.58333333333333,576,99.6124031007752,516,70.0,90,19.938650306748468,326,4.82420278004906,1223,15.53556827473426,1223,63.94112837285364,1223,15.699100572363042,1223,79.64022894521668,1223,81.84791496320523,1223,2.1355175608523536,4.354838709677419,2.2193211488250655,620,766,2.912498040678223,17.304189435336976,14.391691394658753,549,674,0.0623010274953657,9.95992714025501,9.897626112759644,549,674,29.06574394463668,867,44.63667820069204,867,0.461361014994233,867,5.651672433679354,867,2.9988465974625145,867,0.0,867,32.06459054209919,867,65.3208363374189,62.22062004325883,1387,1387,906,4.746136865342163,50.0805152979066,47.50402576489533,621,621,33.67935409457901,867,27.45098039215686,867,35.40945790080738,867,27.595724910970688,77.67624020887729,50.0805152979066,766,621,7.8431372549019605,867,7.497116493656286,867,33.56401384083045,867,9.803921568627452,867,17.301038062283737,867,10.034602076124568,867,2.1914648212226067,867,6.459054209919262,867,0.11534025374855825,867,3.229527104959631,867,2.422145328719723,867,2.1914648212226067,867,92.21957040572792,2095,5.68019093078759,2095,3.2935560859188544,2095,7.255369928400954,2095,20.190930787589497,2095,48.44868735083532,2095,96.38030888030887,2072,96.28378378378379,2072,43.11463590483057,1387,54.00579150579151,2072,0.5308880308880309,2072,23.059988992845348,1817,1.9568106,301,2.6650944,9.171862,1123.0,89.10891089108911,101,34.30962343096234,239,49.33473,9.925592804578905,1223,7.594936708860759,1343,34.99627699180938,1343,7.297096053611318,1343,2.308265078183172,1343,47.803425167535366,1343,0.3604902667627974,1387,0.2883922134102379,1387,0.07209805335255948,1387,0.0,1387,0.0,1387,0.0,1387,0.2883922134102379,1387,0.3604902667627974,1387,0.0,1387,1.7303532804614274,1387,1.303088803088803,2072,0.8204633204633205,2072,0.916988416988417,2072,0.7239382239382239,2072,2.4613899613899615,2072,83.0179282868526,2008,6.374501992031872,2008,0.099601593625498,2008,10.50796812749004,2008,89.49203187250995,2008,13.333333333333334,90,19.641221374045802,98.12332439678285,1865,0.4289544235924933,1865,2.0913593835993396,1817,78.82352941176471,255,1.303088803088803,2072,5.236907730673317,401,86.74698795180723,249,26.907630522088354,249,0.8032128514056225,249,0.40160642570281124,249,249,8.32128514056225,98.14814814814815,1.8518518518518476,0.5291005291005291,756,756,756
080501,10315,5087,34.38681531749879,10315,59.04992729035386,10315,6.563257392147358,10315,44.46921958313136,10315,9.597673291323316,10315,23.0,27.547552,102.77177118144289,5228,10.324769752787203,10315,25.43868153174988,10315,1.211827435773146,10315,69.34821868330323,58.233459202101464,11.114759481201773,19.08655201578799,523.9290989660266,4.207362885048836,6655,5.1173991571342565,3322,94.45609829187893,3337,98.57233502538071,3152,81.17913832199547,441,50.04516711833785,1107,4.718126626192541,5765,20.919340849956633,5765,45.91500433651344,5765,28.44752818733738,5765,74.36253252385083,5765,78.40416305290546,5765,1.8170691241309562,5.1173991571342565,3.3003300330033003,3322,3333,4.321269075891472,30.61153578874218,26.29026671285071,2878,2887,-0.11584977636925586,10.171299513551077,10.287149289920333,2878,2887,39.0755301405766,4197,40.19537765070288,4197,1.9537765070288302,4197,7.076483202287348,4197,2.4064808196330714,4197,0.11913271384322136,4197,41.48201096020967,4197,64.38580799045916,62.0304114490161,6708,6708,4319,3.6582542255151655,54.09444112372983,52.480573819485954,3346,3346,19.99046938289254,4197,18.513223731236597,4197,54.110078627591136,4197,20.533756377757378,74.62819750148721,54.09444112372983,3362,3346,16.13056945437217,4197,7.672146771503455,4197,19.942816297355254,4197,9.411484393614487,4197,8.81582082439838,4197,17.488682392184895,4197,5.432451751250894,4197,7.171789373361925,4197,0.04765308553728854,4197,2.049082678103407,4197,7.934238741958541,4197,4.24112461281868,4197,87.45516238487639,10315,14.76490547746001,10315,12.273388269510422,10315,26.223945710130877,10315,33.45613184682501,10315,58.91420261754726,10315,99.23738756355104,10228,98.82675009777083,10228,64.31127012522361,6708,29.624560031286663,10228,0.4692999608916699,10228,13.08991825613079,9175,2.404573,2143,3.1776273,10.437191,9744.0,94.47236180904522,796,41.82450715114032,2587,45.04136,10.229314830875976,5765,20.70769230769231,6500,32.784615384615385,6500,4.2,6500,4.123076923076923,6500,38.184615384615384,6500,1.2522361359570662,6708,2.802623732856291,6708,0.1490757304710793,6708,0.05963029218843172,6708,0.07453786523553965,6708,0.02981514609421586,6708,5.799045915324985,6708,1.2671437090041742,6708,0.08944543828264759,6708,0.9689922480620154,6708,2.9722330856472428,10228,0.9581540868204927,10228,1.926085256159562,10228,1.0363707469691044,10228,4.839655846695346,10228,82.14853057982526,10072,9.48173153296267,10072,0.48649722001588563,10072,7.883240667196188,10072,92.11675933280381,10072,13.825757575757576,528,19.46146872166818,94.97872340425532,9400,3.893617021276596,9400,12.632152588555858,9175,95.91642924976259,1053,2.512710207274149,10228,6.639004149377594,2410,60.73318216175359,2646,20.408163265306122,2646,17.157974300831444,2646,3.401360544217687,2646,2646,3.8654572940287224,96.78581324466612,3.214186755333884,1.1083402604599613,3609,3609,3609
080602,2549,1270,35.504119262455866,2549,60.10200078462142,2549,4.393879952922715,2549,44.84111416241663,2549,7.218517065515889,2549,23.0,26.340527,100.70866141732283,1279,9.101608473911337,2549,26.951745782659867,2549,0.7061592781482935,2549,66.38381201044386,59.07310704960835,7.310704960835509,12.375690607734807,808.0357142857143,3.217665615141956,1585,4.197530864197531,810,94.7242206235012,834,91.26582278481013,790,87.61904761904762,105,37.60683760683761,234,4.1998551774076756,1381,24.040550325850834,1381,53.80159304851557,1381,17.95800144822592,1381,71.75959449674149,1381,75.52498189717596,1381,2.003982477100757,4.197530864197531,2.193548387096774,810,775,2.0912810827824977,18.980169971671387,16.88888888888889,706,675,-0.19599202602035604,9.396600566572237,9.592592592592593,706,675,30.922930542340627,1051,49.19124643196955,1051,1.236917221693625,1051,6.1845861084681255,1051,1.236917221693625,1051,0.0,1051,32.159847764034254,1051,66.25155666251557,64.44582814445828,1606,1606,1064,2.725563909774436,54.63414634146341,53.292682926829265,820,820,34.15794481446242,1051,11.512844909609896,1051,47.38344433872502,1051,23.737354930801224,78.37150127226464,54.63414634146341,786,820,9.60989533777355,1051,4.471931493815414,1051,34.15794481446242,1051,5.518553758325404,1051,5.899143672692674,1051,20.93244529019981,1051,5.899143672692674,1051,8.277830637488107,1051,0.0,1051,0.6660323501427212,1051,3.8058991436726926,1051,2.283539486203616,1051,87.99529227147902,2549,10.200078462142017,2549,16.359356610435466,2549,15.574735190270694,2549,36.60258925068654,2549,52.02040015692428,2549,99.23969587835134,2499,98.83953581432573,2499,36.05230386052304,1606,66.26650660264106,2499,0.9203681472589036,2499,17.693661971830984,2272,2.510848,507,3.2245762,9.295016,2227.0,98.36065573770492,183,47.73060029282577,683,42.193264,9.49239681390297,1381,21.603711066931744,1509,30.947647448641483,1509,4.108681245858184,1509,2.3194168323392974,1509,41.020543406229294,1509,9.58904109589041,1606,2.303860523038605,1606,0.24906600249066002,1606,0.24906600249066002,1606,0.18679950186799502,1606,0.31133250311332505,1606,1.4943960149439601,1606,1.36986301369863,1606,0.0,1606,1.6189290161892902,1606,1.9207683073229291,2499,0.7603041216486595,2499,1.2004801920768307,2499,0.6802721088435374,2499,3.161264505802321,2499,80.86776859504133,2420,4.75206611570248,2420,0.5371900826446281,2420,13.84297520661157,2420,86.15702479338843,2420,10.743801652892563,121,19.244979919678716,89.01808785529715,2322,8.354866494401378,2322,14.040492957746478,2272,97.3568281938326,227,6.042416966786715,2499,3.3980582524271843,618,57.06447187928669,729,12.482853223593965,729,21.39917695473251,729,2.4691358024691357,729,729,3.42798353909465,96.01366742596811,3.9863325740318913,0.7972665148063781,878,878,878
080701,4799,2264,31.902479683267348,4799,62.617211919149824,4799,5.48030839758283,4799,43.61325276099188,4799,8.564284225880392,4799,23.0,27.501354,111.96996466431095,2535,9.12690143779954,4799,28.42258803917483,4799,1.22942279641592,4799,59.70049916805324,50.948419301164726,8.752079866888518,17.178314826910515,582.1292775665399,1.832797427652733,3110,2.539464653397392,1457,92.93517844136926,1373,98.90282131661442,1276,85.79545454545455,176,28.925619834710744,605,3.2053671263510997,2683,17.33134550875885,2683,56.09392471114424,2683,23.369362653745807,2683,79.46328736489005,2683,81.88594856503913,2683,1.3295432982854742,2.539464653397392,1.2099213551119177,1457,1653,0.353276289875712,23.55212355212355,23.19884726224784,1295,1388,-0.17375351885438306,10.374517374517374,10.548270893371757,1295,1388,35.395010395010395,1924,37.62993762993763,1924,1.7151767151767152,1924,8.108108108108109,1924,4.6777546777546775,1924,0.0,1924,40.07276507276507,1924,61.70414950902756,60.247070003167565,3157,3157,1948,2.3613963039014374,51.54986522911051,50.13477088948787,1484,1484,22.14137214137214,1924,19.334719334719335,1924,50.987525987525984,1924,19.161431842019198,70.7112970711297,51.54986522911051,1673,1484,13.40956340956341,1924,9.875259875259875,1924,21.933471933471935,1924,6.8087318087318085,1924,12.006237006237006,1924,14.397089397089397,1924,3.274428274428274,1924,5.8212058212058215,1924,0.2079002079002079,1924,5.8212058212058215,1924,4.6777546777546775,1924,5.145530145530145,1924,86.26797249426964,4799,16.482600541779536,4799,6.5847051469056055,4799,8.272556782663054,4799,16.75349031048135,4799,44.88435090643884,4799,99.05131522207849,4638,98.70633893919793,4638,36.42698764649984,3157,39.047003018542476,4638,0.9486847779215178,4638,21.08133744368034,4217,2.3906977,860,3.0847738,7.543105,3712.0,98.95104895104895,286,39.12175648702595,1002,46.75948,10.464405516213194,2683,19.442578912021492,2978,30.322364002686367,2978,4.298186702484889,2978,3.895231699126931,2978,42.041638683680326,2978,1.6471333544504276,3157,1.1719987329743426,3157,0.09502692429521697,3157,0.09502692429521697,3157,0.4751346214760849,3157,0.0,3157,0.3801076971808679,3157,0.19005384859043395,3157,0.0,3157,0.8869179600886918,3157,2.6735661923242775,4638,0.8624407072013799,4638,1.3583441138421732,4638,0.6037084950409659,4638,4.182837429926693,4638,75.02230151650312,4484,13.336306868867084,4484,0.4683318465655665,4484,11.173059768064228,4484,88.82694023193577,4484,14.594594594594595,185,19.66248574686431,96.84161634928007,4306,1.4166279609846726,4306,6.829499644296893,4217,98.09976247030879,421,3.600689952565761,4638,5.376344086021505,1023,66.02316602316603,1036,21.62162162162162,1036,11.776061776061775,1036,3.5714285714285716,1036,1036,4.476833976833976,97.78481012658227,2.215189873417728,0.5063291139240507,1580,1580,1580
080702,3837,1880,33.64607766484232,3837,59.21292676570237,3837,7.140995569455304,3837,43.96664060463904,3837,10.52905916080271,3837,24.0,28.394579,104.09574468085107,1957,8.73077925462601,3837,24.75892624446182,3837,1.1727912431587177,3837,68.88204225352112,56.82218309859155,12.059859154929578,21.223857474825717,471.1678832116788,3.294021960146401,2459,3.9215686274509802,1224,93.65461847389558,1245,99.05660377358491,1166,88.14814814814815,135,38.46153846153846,364,3.6671368124118477,2127,17.48942172073343,2127,56.46450399623883,2127,22.37893747061589,2127,78.84344146685473,2127,82.22849083215797,2127,1.249503850123045,3.9215686274509802,2.672064777327935,1224,1235,3.8243017426593475,24.293785310734464,20.469483568075116,1062,1065,-0.23619797883345228,10.149717514124294,10.385915492957746,1062,1065,37.00887198986058,1578,42.14195183776933,1578,1.267427122940431,1578,5.766793409378961,1578,3.1051964512040557,1578,0.06337135614702155,1578,40.11406844106464,1578,64.91511721907841,63.29830234438157,2474,2474,1606,2.4906600249066004,53.933495539334956,53.04136253041362,1233,1233,19.20152091254753,1578,20.08871989860583,1578,53.80228136882129,1578,21.892451277748037,75.825946817083,53.933495539334956,1241,1233,15.842839036755386,1578,9.44233206590621,1578,19.20152091254753,1578,7.224334600760456,1578,12.547528517110266,1578,17.74397972116603,1578,3.485424588086185,1578,7.858048162230672,1578,0.0,1578,2.4081115335868186,1578,7.097591888466413,1578,4.119138149556401,1578,84.72765181131092,3837,19.103466249674224,3837,12.197028928850665,3837,14.438363304665103,3837,30.85744070888715,3837,61.32395100338806,3837,99.11504424778761,3729,98.68597479216949,3729,24.818108326596604,2474,35.58594797532851,3729,1.0726736390453204,3729,15.393654524089307,3404,2.4569893,744,3.2146642,10.193372,3620.0,97.29729729729729,259,39.42992874109264,842,48.714966,10.267983074753174,2127,19.576059850374065,2406,31.17206982543641,2406,3.865336658354115,2406,5.029093931837074,2406,40.35743973399834,2406,0.5658852061438965,2474,0.8488278092158448,2474,0.08084074373484236,2474,0.444624090541633,2474,0.0,2474,0.0,2474,0.32336297493936944,2474,0.04042037186742118,2474,0.0,2474,0.5658852061438965,2474,2.574416733708769,3729,1.5285599356395816,3729,1.7162778224725128,3729,1.4212925717350495,3729,4.558862965942612,3729,72.59708069402369,3631,13.274580005508124,3631,1.019003029468466,3631,13.109336270999725,3631,86.89066372900028,3631,13.186813186813186,182,19.275092936802974,97.52304147465438,3472,0.43202764976958524,3472,5.640423031727379,3404,97.23076923076923,325,2.842585143470099,3729,5.037513397642015,933,63.12138728323699,865,23.46820809248555,865,11.445086705202312,865,2.8901734104046244,865,865,4.310982658959538,96.38205499276411,3.617945007235889,1.0130246020260492,1382,1382,1382
080801,9845,4813,35.347892331132556,9845,58.38496698831894,9845,6.2671406805485015,9845,44.591163026917215,9845,9.375317420010157,9845,24.0,27.861553,104.55017660502804,5032,9.73082783138649,9845,22.5596749619096,9845,1.2899949212798374,9845,71.27696590118302,60.54279749478079,10.734168406402226,17.729885057471265,564.0194489465154,2.031454783748362,6104,2.824858757062147,3009,94.37637448947534,3183,99.30093209054594,3004,89.57345971563981,422,41.60401002506266,798,2.590576309367374,5327,15.355734935235592,5327,60.93486014642388,5327,21.118828608973157,5327,82.05368875539703,5327,85.18866153557349,5327,1.564761826529029,2.824858757062147,1.260096930533118,3009,3095,3.117974122496623,22.69449715370019,19.576523031203568,2635,2692,0.011105926337364735,10.594686907020872,10.583580980683507,2635,2692,29.626623376623378,3696,42.55952380952381,3696,1.7857142857142858,3696,9.5508658008658,3696,2.380952380952381,3696,0.08116883116883117,3696,32.00757575757576,3696,60.57087566521529,58.84534752459281,6201,6201,3756,2.8487752928647496,49.29807378387202,47.76363042768528,3063,3063,28.571428571428573,3696,18.208874458874458,3696,45.94155844155844,3696,22.27617733148808,71.5742511153601,49.29807378387202,3138,3063,14.231601731601732,3696,7.196969696969697,3696,28.3008658008658,3696,8.847402597402597,3696,8.901515151515152,3696,15.016233766233766,3696,2.5162337662337664,3696,6.6558441558441555,3696,0.27056277056277056,3696,2.2186147186147185,3696,7.061688311688312,3696,3.382034632034632,3696,87.29304215337734,9845,13.753174200101574,9845,9.984763839512443,9845,12.188928390045708,9845,26.00304723209751,9845,55.4393092940579,9845,99.40643548890972,9603,99.18775382692908,9603,24.044508950169327,6201,25.689888576486513,9603,0.8747266479225242,9603,9.919354838709678,8680,2.6657534,1825,3.4233522,8.261257,9018.0,97.21407624633432,682,33.751205400192866,2074,49.00868,10.589074525999624,5327,21.318681318681318,5915,31.90194420963652,5915,3.6348267117497888,5915,4.108199492814878,5915,39.036348267117496,5915,0.43541364296081275,6201,0.46766650540235444,6201,0.032252862441541685,6201,0.06450572488308337,6201,0.1128850185453959,6201,0.016126431220770843,6201,0.1128850185453959,6201,0.12901144976616674,6201,0.0,6201,0.06450572488308337,6201,2.7074872435697177,9603,0.8122461730709153,9603,1.7494532958450484,9603,0.9163802978235968,9603,4.352806414662084,9603,74.97333048858545,9374,11.617239172178365,9374,0.49071901002773627,9374,12.918711329208449,9374,87.08128867079155,9374,14.457831325301205,415,19.582215598609043,98.11299561945411,8903,0.3931259126137257,8903,2.119815668202765,8680,98.59154929577464,923,2.3013641570342602,9603,5.734919286321156,2354,66.03684459140293,2117,23.760037789324517,2117,12.281530467642892,2117,3.4482758620689653,2117,2117,4.536136041568257,97.31235660439201,2.687643395607992,0.42608980662078005,3051,3051,3051
080802,2148,1049,31.70391061452514,2148,59.45065176908752,2148,8.845437616387336,2148,40.828677839851025,2148,11.778398510242086,2148,27.0,30.232775,104.76644423260248,1099,7.355679702048417,2148,21.880819366852887,2148,1.3500931098696463,2148,68.20673453406421,53.328112764291305,14.878621769772906,27.90014684287812,358.42105263157896,2.1231422505307855,1413,2.8328611898016995,706,97.61549925484351,671,99.23664122137404,655,96.82539682539682,63,37.42690058479532,171,3.04,1250,16.08,1250,60.72,1250,20.16,1250,80.88,1250,85.52,1250,1.4184340328002851,2.8328611898016995,1.4144271570014144,706,707,-5.698281401606209,17.329093799682035,23.027375201288244,629,621,-0.7113609773456329,10.21939586645469,10.930756843800323,629,621,32.48554913294798,865,40.46242774566474,865,1.1560693641618498,865,9.595375722543352,865,1.8497109826589595,865,0.0,865,34.335260115606935,865,61.824561403508774,59.92982456140351,1425,1425,881,3.064699205448354,51.051893408134646,49.08835904628331,713,713,28.55491329479769,865,19.884393063583815,865,44.85549132947977,865,21.560466142427146,72.61235955056179,51.051893408134646,712,713,15.83815028901734,865,4.624277456647399,865,28.208092485549134,865,8.323699421965317,865,10.982658959537572,865,13.410404624277456,865,2.1965317919075145,865,7.0520231213872835,865,0.3468208092485549,865,3.121387283236994,865,6.936416184971098,865,4.046242774566474,865,89.66480446927375,2148,14.292364990689013,2148,4.934823091247672,2148,7.9143389199255125,2148,13.45437616387337,2148,38.12849162011173,2148,99.66459032103498,2087,99.2333493052228,2087,46.73684210526316,1425,28.318160038332536,2087,1.2937230474365118,2087,13.13340227507756,1934,2.2195122,451,3.08237,9.198112,2120.0,98.4,125,40.90909090909091,572,48.982517,10.5728,1250,22.582972582972584,1386,27.417027417027416,1386,4.978354978354979,1386,4.617604617604617,1386,40.4040404040404,1386,0.49122807017543857,1425,0.631578947368421,1425,0.07017543859649122,1425,0.0,1425,0.0,1425,0.0,1425,0.0,1425,0.07017543859649122,1425,0.0,1425,0.07017543859649122,1425,3.5457594633445138,2087,1.1499760421657883,2087,2.5874460948730236,2087,1.5812170579779588,2087,5.84571154767609,2087,80.2919708029197,2055,13.430656934306569,2055,0.291970802919708,2055,5.985401459854015,2055,94.01459854014598,2055,6.666666666666667,90,20.014736842105265,98.32146490335707,1966,0.3560528992878942,1966,4.188210961737332,1934,97.38562091503267,153,2.3957834211787254,2087,2.8957528957528957,518,58.44827586206897,580,24.82758620689655,580,15.344827586206897,580,3.6206896551724137,580,580,3.5982758620689657,97.93103448275862,2.068965517241381,0.41379310344827586,725,725,725
080803,2238,1038,30.116175156389634,2238,61.751563896336016,2238,8.132260947274352,2238,37.2207327971403,2238,11.528150134048257,2238,29.0,30.892761,115.60693641618496,1200,7.774798927613941,2238,20.777479892761395,2238,1.2511170688114388,2238,61.93921852387844,48.769898697539794,13.16931982633864,27.002967359050444,370.3296703296703,2.1653543307086616,1524,2.8368794326241136,705,95.45454545454545,638,92.77504105090313,609,92.10526315789474,76,22.988505747126435,174,2.6030368763557483,1383,18.22125813449024,1383,63.05133767172813,1383,16.124367317425886,1383,79.17570498915401,1383,82.79103398409255,1383,1.2495778453225264,2.8368794326241136,1.5873015873015872,705,819,-2.8134588710016377,14.618973561430794,17.43243243243243,643,740,-0.7215165398680163,9.959564541213064,10.68108108108108,643,740,31.12449799196787,996,46.3855421686747,996,1.104417670682731,996,10.240963855421686,996,1.0040160642570282,996,0.20080321285140562,996,32.1285140562249,996,68.58262573481385,64.53298497713912,1531,1531,1050,5.904761904761905,55.00705218617772,51.763046544428775,709,709,40.76305220883534,996,15.963855421686747,996,38.855421686746986,996,25.28491861674199,80.2919708029197,55.00705218617772,822,709,11.44578313253012,996,5.72289156626506,996,40.76305220883534,996,6.224899598393574,996,9.236947791164658,996,12.349397590361447,996,2.208835341365462,996,6.927710843373494,996,0.0,996,2.710843373493976,996,5.321285140562249,996,2.610441767068273,996,93.61036639857015,2238,10.813226094727435,2238,6.836461126005362,2238,12.019660411081322,2238,26.228775692582662,2238,68.40929401251117,2238,98.99817850637523,2196,98.63387978142076,2196,23.383409536250817,1531,35.70127504553734,2196,1.5938069216757742,2196,13.56684755796744,2027,2.4831731,416,3.4483283,10.521662,2262.0,97.91666666666667,144,29.588014981273407,534,49.975655,10.345625451916124,1383,26.09575185434929,1483,25.421443020903574,1483,2.9669588671611598,1483,3.3715441672285906,1483,42.144302090357385,1483,0.13063357282821686,1531,0.06531678641410843,1531,0.0,1531,0.13063357282821686,1531,0.13063357282821686,1531,0.0,1531,0.1959503592423253,1531,0.06531678641410843,1531,0.0,1531,0.1959503592423253,1531,3.1876138433515484,2196,0.9562841530054644,2196,2.09471766848816,2196,1.2750455373406193,2196,4.918032786885246,2196,78.57806691449814,2152,9.014869888475836,2152,0.37174721189591076,2152,12.035315985130111,2152,87.96468401486989,2152,14.705882352941176,68,19.624750499001998,98.63746958637469,2055,0.291970802919708,2055,4.144055254070055,2027,94.0828402366864,169,4.2349726775956285,2196,3.463203463203463,462,55.45286506469501,541,26.247689463955638,541,17.005545286506468,541,4.805914972273568,541,541,4.0591497227356745,98.8193624557261,1.1806375442739068,0.1180637544273908,847,847,847
090101,53367,26231,29.05353495605899,53367,67.01332283995728,53367,3.9331422039837354,53367,39.723049824798096,53367,6.222946764854686,53367,25.0,27.477936,103.45011627463688,27136,7.2835272734086605,53367,29.876140686191842,53367,0.6277287462289429,53367,49.22405838436373,43.35486396555099,5.869194418812739,13.537568526281845,738.6850881372081,1.0687309155193658,37334,1.449117454783177,18356,96.19558196615425,15482,82.07882898005775,14893,89.3814997263273,1827,62.08997795928951,7713,1.4630868383273772,32739,9.529918445890223,32739,44.33855646171233,32739,44.66843825407007,32739,89.0069947157824,32739,90.99239439200953,32739,0.7483059888752838,1.449117454783177,0.7008114659078933,18356,18978,3.9194566371824635,46.640437695948854,42.72098105876639,16267,16472,-0.03042845780823633,12.252597282842565,12.283025740650801,16267,16472,46.19171502901741,24985,36.97018210926556,24985,2.1893135881528916,24985,6.015609365619372,24985,1.4208525115069042,24985,0.040024014408645184,24985,47.61256754052432,24985,68.95356895356895,66.0856122394584,37518,37518,25870,4.159257827599536,61.60477094063432,58.60666847384115,18445,18445,7.984790874524715,24985,16.4578747248349,24985,68.99739843906343,24985,14.455628577008419,76.06039951764274,61.60477094063432,19073,18445,21.484890934560738,24985,7.876726035621373,24985,7.908745247148289,24985,7.504502701620972,24985,8.593155893536121,24985,20.45227136281769,24985,6.772063237942766,24985,8.773263958375026,24985,0.07604562737642585,24985,8.288973384030419,24985,6.159695817490494,24985,6.187712627576546,24985,73.47611820038601,53367,29.808683268686643,53367,16.88684018213503,53367,16.448366968351227,53367,42.012854385669044,53367,50.471265013959936,53367,98.97002683599804,52914,98.81127867861058,52914,16.365477903939443,37518,48.49945194088521,52914,2.0429375968552748,52914,13.844962504075644,49072,1.8674736,12805,2.2242377,7.5738134,37458.0,98.3833039388595,3402,42.55892255892256,14850,42.11064,12.26790677784905,32739,22.28482345540574,36563,26.647156961956075,36563,5.552060826518612,36563,2.754150370593223,36563,42.76180838552635,36563,2.902606748760595,37518,9.025001332693641,37518,0.11727704035396343,37518,0.05064235833466603,37518,0.33317341009648704,37518,0.010661549123087585,37518,0.0666346820192974,37518,0.018657710965403272,37518,0.002665387280771896,37518,0.04264619649235034,37518,3.048342593642514,52914,0.857995993498885,52914,1.5421249574781721,52914,0.8693351475979892,52914,4.7038590921117285,52914,67.2440794499618,52360,20.225362872421695,52360,1.1535523300229182,52360,11.377005347593583,52360,88.62299465240642,52360,8.50811238622873,2527,20.39681814025784,93.70308840895899,49961,3.8149756810312043,49961,21.788392566025433,49072,97.57938573659553,3842,2.3755527837623314,52914,5.567153792623521,11496,55.127610208816705,15085,11.693735498839906,15085,18.926085515412662,15085,2.1942326814716604,15085,15085,3.5077229035465693,96.50763953850951,3.4923604614904917,0.0,22449,22449,22449
090102,7307,3740,31.627206788011495,7307,64.59559326673053,7307,3.777199945257972,7307,42.61666894758451,7307,5.816340495415355,7307,23.0,26.241823,95.37433155080214,3567,9.251402764472424,7307,29.793348843574655,7307,0.5611057889694813,7307,54.809322033898304,48.96186440677966,5.8474576271186445,11.94288186932064,837.3188405797101,1.8342820999367488,4743,2.178466694595727,2387,95.08804448563485,2158,97.70955165692008,2052,85.71428571428571,273,57.502623294858346,953,3.795298726738492,4084,14.985308521057787,4084,53.428011753183156,4084,27.791380999020568,4084,81.21939275220372,4084,83.8148873653281,4084,0.6928979339845216,2.178466694595727,1.4855687606112054,2387,2356,4.429196575440859,30.004894762604014,25.575698187163155,2043,2041,0.28298035164108803,10.718551150269212,10.435570798628124,2043,2041,34.21052631578947,3002,38.441039307128584,3002,2.1985343104596935,3002,8.694203864090607,3002,1.73217854763491,3002,0.033311125916055964,3002,35.94270486342438,3002,63.992537313432834,61.38059701492537,4824,4824,3087,4.081632653061225,55.44595150020551,52.89765721331689,2433,2433,22.28514323784144,3002,20.986009327115255,3002,47.668221185876085,3002,17.243299859058396,72.6892513592639,55.44595150020551,2391,2433,12.958027981345769,3002,7.928047968021319,3002,22.218520986009327,3002,9.32711525649567,3002,11.425716189207195,3002,14.457028647568288,3002,5.063291139240507,3002,6.628914057295137,3002,0.06662225183211193,3002,4.497001998667555,3002,3.8974017321785475,3002,3.864090606262492,3002,91.41918708088134,7307,11.618995483782674,7307,10.236759271931025,7307,7.677569453948268,7307,24.75708224989736,7307,41.713425482414124,7307,99.05420666290232,7084,98.91304347826087,7084,8.001658374792703,4824,46.88029361942405,7084,1.129305477131564,7084,12.321095208462975,6428,1.8860681,1615,2.231614,7.839757,4643.0,97.81659388646288,458,40.14598540145985,1644,42.770073,10.577130264446621,4084,14.3545912776682,4563,32.544378698224854,4563,4.9747972824895905,4563,3.155818540433925,4563,44.97041420118343,4563,0.7048092868988391,4824,2.3217247097844114,4824,0.08291873963515754,4824,0.0,4824,0.2902155887230514,4824,0.0,4824,0.0,4824,0.0,4824,0.0,4824,0.020729684908789386,4824,2.442123094297007,7084,0.9175607001693958,7084,1.4257481648785997,7084,1.1716544325239977,7084,4.037267080745342,7084,87.2604121631359,6939,6.7877215737137915,6939,0.6052745352356247,6939,5.346591727914685,6939,94.65340827208531,6939,7.990314769975787,413,19.77831715210356,96.6235741444867,6575,1.231939163498099,6575,9.365276913503422,6428,98.78048780487805,656,2.8091473743647657,7084,8.979841172877215,1637,67.64004767580452,1678,13.468414779499405,1678,10.190703218116806,1678,1.7282479141835518,1678,1678,4.221692491060787,90.53601340033501,9.463986599664992,4.606365159128978,2388,2388,2388
090201,3537,1584,28.92281594571671,3537,67.4017528979361,3537,3.675431156347187,3537,44.020356234096695,3537,6.078597681651117,3537,22.0,25.890867,123.29545454545455,1953,7.237772123268306,3537,36.415040995193664,3537,0.5089058524173028,3537,48.36409395973154,42.91107382550336,5.453020134228188,12.70772238514174,786.9230769230769,1.7656500802568218,2492,2.5925925925925926,1080,92.81553398058253,1030,99.16317991631799,956,87.8048780487805,123,53.80507343124165,749,2.4975984630163306,2082,15.706051873198847,2082,41.78674351585014,2082,40.009606147934676,2082,81.79634966378482,2082,84.29394812680115,2082,1.4594481166719127,2.5925925925925926,1.13314447592068,1080,1412,5.722276914651559,43.145589798087144,37.423312883435585,941,1141,-0.2680460956280317,11.250797024442083,11.518843120070114,941,1141,38.05774278215223,1524,41.40419947506562,1524,2.099737532808399,1524,10.039370078740157,1524,0.6561679790026247,1524,0.06561679790026247,1524,38.71391076115486,1524,61.48919135308247,60.24819855884708,2498,2498,1536,2.0182291666666665,56.91881918819188,55.904059040590404,1084,1084,22.965879265091864,1524,14.566929133858268,1524,55.44619422572178,1524,8.074108676023108,64.99292786421499,56.91881918819188,1414,1084,18.569553805774277,1524,7.020997375328084,1524,22.834645669291337,1524,6.364829396325459,1524,7.742782152230971,1524,16.53543307086614,1524,3.543307086614173,1524,9.58005249343832,1524,0.13123359580052493,1524,4.921259842519685,1524,11.023622047244094,1524,4.593175853018373,1524,90.21769861464517,3537,17.020073508623128,3537,13.090189426067289,3537,28.442182640655922,3537,47.97851286400905,3537,67.51484308736217,3537,99.48849104859335,3519,99.03381642512078,3519,31.184947958366692,2498,67.0076726342711,3519,1.0230179028132993,3519,31.158088235294116,3264,2.003856,778,2.5054946,8.653843,2496.0,97.0464135021097,237,37.88187372708757,982,39.648678,11.397694524495677,2082,14.181227143437628,2461,32.954083705810646,2461,3.900853311661926,2461,2.3161316537992684,2461,46.64770418529053,2461,5.084067253803043,2498,18.014411529223377,2498,0.0,2498,0.0,2498,0.2401921537229784,2498,0.0,2498,0.16012810248198558,2498,0.0,2498,0.0,2498,0.040032025620496396,2498,2.6427962489343564,3519,0.7104290991759022,3519,1.5345268542199488,3519,1.1651037226484797,3519,4.035237283319125,3519,77.25964306275188,3474,14.680483592400691,3474,0.5469199769717904,3474,7.512953367875648,3474,92.48704663212435,3474,17.045454545454547,176,19.08823529411765,94.36916591388136,3321,4.1854862993074375,3321,17.892156862745097,3264,96.86274509803921,255,4.0068201193520885,3519,6.216931216931217,756,49.70817120622568,1028,10.797665369649806,1028,26.361867704280154,1028,2.3346303501945527,1028,1028,3.4231517509727625,94.78599221789884,5.214007782101163,0.38910505836575876,1285,1285,1285
090301,2017,926,25.5825483391175,2017,70.10411502231037,2017,4.313336638572137,2017,33.61427863163114,2017,6.643529995042142,2017,29.0,29.85523,117.81857451403887,1091,6.841844323252355,2017,25.433812592959843,2017,0.8924144769459593,2017,42.64497878359264,36.49222065063649,6.152758132956153,16.86046511627907,593.1034482758621,2.03527815468114,1474,3.488372093023256,688,94.35483870967742,496,98.93162393162393,468,73.84615384615384,65,47.34299516908212,207,6.203288490284006,1338,10.46337817638266,1338,60.46337817638266,1338,22.869955156950674,1338,83.33333333333333,1338,85.949177877429,1338,2.7250133143973017,3.488372093023256,0.7633587786259542,688,786,1.934566272937868,23.909531502423263,21.974965229485395,619,719,0.1739873859987746,10.60096930533118,10.426981919332405,619,719,37.33195449844881,967,35.67735263702172,967,0.9307135470527405,967,11.478800413650465,967,1.5511892450879008,967,0.31023784901758017,967,38.88314374353671,967,67.816091954023,65.11156186612575,1479,1479,1003,3.988035892323031,54.927536231884055,52.46376811594203,690,690,48.29369183040331,967,21.199586349534645,967,27.19751809720786,967,24.159916239598836,79.08745247148289,54.927536231884055,789,690,8.686659772492243,967,4.239917269906929,967,48.19027921406411,967,4.653567735263702,967,16.546018614270942,967,8.066184074457084,967,1.4477766287487073,967,3.9296794208893484,967,0.10341261633919338,967,3.4126163391933817,967,2.4819027921406414,967,2.5853154084798344,967,94.39762022806148,2017,9.0233019335647,2017,7.238472979672781,2017,23.549826474962817,2017,34.01090728805156,2017,66.08824987605354,2017,99.69864389753893,1991,99.64841788046208,1991,38.81000676132522,1479,58.764439979909596,1991,0.15067805123053743,1991,17.647058823529413,1853,1.987013,385,2.5213177,6.7848864,1297.0,95.78947368421052,95,37.64705882352941,340,43.811764,10.507473841554559,1338,11.228070175438596,1425,36.49122807017544,1425,8.140350877192983,1425,4.0701754385964914,1425,40.07017543859649,1425,0.2028397565922921,1479,0.5409060175794456,1479,0.0,1479,0.0,1479,0.0,1479,0.0,1479,0.0,1479,0.0,1479,0.0,1479,0.0676132521974307,1479,2.360622802611753,1991,1.3561024610748367,1991,1.5067805123053741,1991,1.2054244098442994,1991,3.0637870416875943,1991,90.14879425346331,1949,6.670087224217547,1949,0.2565418163160595,1949,2.9245767060030783,1949,97.07542329399692,1949,7.6923076923076925,78,19.264984227129336,98.72813990461049,1887,0.052994170641229466,1887,0.8634646519158122,1853,98.55072463768116,138,4.972375690607735,1991,6.744868035190616,341,57.5,360,19.166666666666668,360,8.055555555555555,360,0.8333333333333334,360,360,5.530555555555556,96.15877080665813,3.8412291933418743,0.12804097311139565,781,781,781
090303,4495,2173,37.99777530589544,4495,59.265850945494996,4495,2.7363737486095663,4495,47.452725250278085,4495,4.671857619577308,4495,21.0,24.233593,106.85687988955361,2322,11.39043381535039,4495,26.651835372636263,4495,0.2447163515016685,4495,68.73123123123123,64.11411411411412,4.617117117117117,7.201405152224824,1388.6178861788617,1.5676266861100985,2743,2.4634334103156275,1299,92.16944801026958,1558,99.3732590529248,1436,76.65198237885463,227,32.758620689655174,522,2.3450586264656614,2388,19.807370184254605,2388,56.28140703517588,2388,21.566164154103852,2388,77.84757118927973,2388,81.99329983249581,2388,1.7016605571300318,2.4634334103156275,0.7617728531855956,1299,1444,1.4952178383784336,22.361359570661897,20.866141732283463,1118,1270,-0.17577366782640702,10.011627906976743,10.18740157480315,1118,1270,39.30174563591022,2005,43.14214463840399,2005,2.2443890274314215,2005,5.3366583541147135,2005,0.9975062344139651,2005,0.19950124688279303,2005,40.29925187032419,2005,74.08348457350272,71.57894736842105,2755,2755,2041,3.3806957373836353,61.0260336906585,58.95865237366003,1306,1306,21.74563591022444,2005,23.19201995012469,2005,49.32668329177057,2005,24.82627824860996,85.85231193926846,61.0260336906585,1449,1306,11.970074812967582,2005,12.319201995012468,2005,19.45137157107232,2005,14.513715710723192,2005,8.27930174563591,2005,19.800498753117207,2005,5.635910224438903,2005,8.778054862842893,2005,2.29426433915212,2005,2.0947630922693268,2005,4.1895261845386536,2005,2.8428927680798006,2005,89.32146829810901,4495,12.74749721913237,4495,11.345939933259176,4495,19.688542825361512,4495,47.25250278086763,4495,55.506117908787544,4495,99.12516823687753,4458,98.83355764917003,4458,25.15426497277677,2755,76.64872139973082,4458,1.0767160161507403,4458,31.534954407294833,3948,2.5343435,990,2.8701808,8.995586,3624.0,97.59615384615384,416,36.563876651982376,1135,39.82555,10.105108877721943,2388,17.10870377288009,2677,43.66828539409787,2677,4.482629809488233,2677,2.614867388868136,2677,32.12551363466567,2677,3.339382940108893,2755,6.098003629764065,2755,0.1088929219600726,2755,0.0,2755,0.5807622504537205,2755,0.036297640653357534,2755,0.07259528130671507,2755,0.0,2755,0.0,2755,0.036297640653357534,2755,2.0861372812920593,4458,0.6953790937640197,4458,1.278600269179004,4458,0.8972633467922836,4458,3.454463885150292,4458,83.25719506624029,4378,6.8296025582457744,4378,0.25125628140703515,4378,9.661946094106899,4378,90.3380539058931,4378,27.397260273972602,219,18.547274749721915,93.74692269817824,4062,4.185130477597243,4062,11.904761904761905,3948,97.6470588235294,510,5.293853746074473,4458,10.765124555160142,1124,61.93656093489149,1198,8.848080133555927,1198,19.115191986644408,1198,2.0868113522537564,1198,1198,3.721202003338898,97.33481399222654,2.665186007773457,0.3886729594669628,1801,1801,1801
