cod_ine,poblacion,n_mujeres,pct_0_14,_den_pct_0_14,pct_15_64,_den_pct_15_64,pct_65_mas,_den_pct_65_mas,pct_menor20,_den_pct_menor20,pct_60_mas,_den_pct_60_mas,edad_mediana,edad_promedio,indice_masculinidad,pob_hombres,pct_0_4,_den_pct_0_4,pct_15_29,_den_pct_15_29,pct_80_mas,_den_pct_80_mas,razon_dependencia,dep_juvenil,dep_senil,indice_envejecimiento,indice_juventud,pct_analfabetismo,_den_pct_analfabetismo,pct_analfabetismo_mujeres,_den_pct_analfabetismo_mujeres,pct_asistencia_4_17,_den_pct_asistencia_4_17,pct_educacion_publica,_den_pct_educacion_publica,tasa_asistencia_4_5,_den_tasa_asistencia_4_5,tasa_asistencia_18_24,_den_tasa_asistencia_18_24,pct_edu_ninguno,_den_pct_edu_ninguno,pct_edu_primaria,_den_pct_edu_primaria,pct_edu_secundaria,_den_pct_edu_secundaria,pct_edu_superior,_den_pct_edu_superior,pct_secundaria_mas,_den_pct_secundaria_mas,pct_primaria_completa,_den_pct_primaria_completa,brecha_alfabetismo,brecha_alfabetismo_muj,brecha_alfabetismo_hom,_den_brecha_alfabetismo_muj,_den_brecha_alfabetismo_hom,brecha_edu_superior,brecha_edu_superior_muj,brecha_edu_superior_hom,_den_brecha_edu_superior_muj,_den_brecha_edu_superior_hom,brecha_anios_estudio,brecha_anios_estudio_muj,brecha_anios_estudio_hom,_den_brecha_anios_estudio_muj,_den_brecha_anios_estudio_hom,pct_catocu_asalariado,_den_pct_catocu_asalariado,pct_catocu_cuenta_propia,_den_pct_catocu_cuenta_propia,pct_catocu_empleador,_den_pct_catocu_empleador,pct_catocu_familiar,_den_pct_catocu_familiar,pct_catocu_hogar,_den_pct_catocu_hogar,pct_catocu_cooperativista,_den_pct_catocu_cooperativista,pct_catocu_asalariado_amplio,_den_pct_catocu_asalariado_amplio,tasa_participacion,tasa_ocupacion,_den_tasa_participacion,_den_tasa_ocupacion,_den_tasa_desocupacion,tasa_desocupacion,tasa_participacion_fem,tasa_ocupacion_fem,_den_tasa_participacion_fem,_den_tasa_ocupacion_fem,pct_sector_primario,_den_pct_sector_primario,pct_sector_secundario,_den_pct_sector_secundario,pct_sector_servicios,_den_pct_sector_servicios,brecha_participacion,brecha_participacion_hom,brecha_participacion_muj,_den_brecha_participacion_hom,_den_brecha_participacion_muj,pct_ocu_profesionales,_den_pct_ocu_profesionales,pct_ocu_no_calificado,_den_pct_ocu_no_calificado,pct_rama_agricultura,_den_pct_rama_agricultura,pct_rama_manufactura,_den_pct_rama_manufactura,pct_rama_construccion,_den_pct_rama_construccion,pct_rama_comercio,_den_pct_rama_comercio,pct_rama_transporte,_den_pct_rama_transporte,pct_rama_alojamiento,_den_pct_rama_alojamiento,pct_rama_mineria,_den_pct_rama_mineria,pct_rama_adm_publica,_den_pct_rama_adm_publica,pct_rama_ensenanza,_den_pct_rama_ensenanza,pct_rama_salud,_den_pct_rama_salud,pct_salud_publica,_den_pct_salud_publica,pct_salud_caja,_den_pct_salud_caja,pct_salud_privada,_den_pct_salud_privada,pct_salud_tradic,_den_pct_salud_tradic,pct_salud_autome,_den_pct_salud_autome,pct_salud_casera,_den_pct_salud_casera,pct_registro_civil,_den_pct_registro_civil,pct_cedula,_den_pct_cedula,pct_autoident_indigena,_den_pct_autoident_indigena,pct_nacido_otro_municipio,_den_pct_nacido_otro_municipio,pct_nacido_extranjero,_den_pct_nacido_extranjero,pct_migrante_reciente,_den_pct_migrante_reciente,paridez_media,_den_paridez_media,paridez_media_12mas,pct_hijos_fallecidos,_den_pct_hijos_fallecidos,pct_parto_calificado,_den_pct_parto_calificado,pct_jefatura_femenina,_den_pct_jefatura_femenina,edad_media_jefe,prom_anios_estudio,_den_prom_anios_estudio,pct_ecivil_casado,_den_pct_ecivil_casado,pct_ecivil_conviviente,_den_pct_ecivil_conviviente,pct_ecivil_separado_divorciado,_den_pct_ecivil_separado_divorciado,pct_ecivil_viudo,_den_pct_ecivil_viudo,pct_ecivil_soltero,_den_pct_ecivil_soltero,pct_pueblo_quechua,_den_pct_pueblo_quechua,pct_pueblo_aymara,_den_pct_pueblo_aymara,pct_pueblo_guarani,_den_pct_pueblo_guarani,pct_pueblo_chiquitano,_den_pct_pueblo_chiquitano,pct_pueblo_afroboliviano,_den_pct_pueblo_afroboliviano,pct_pueblo_guarayo,_den_pct_pueblo_guarayo,pct_pueblo_mojeno,_den_pct_pueblo_mojeno,pct_pueblo_trinitario,_den_pct_pueblo_trinitario,pct_pueblo_yuracare,_den_pct_pueblo_yuracare,pct_pueblo_movima,_den_pct_pueblo_movima,pct_disc_ver,_den_pct_disc_ver,pct_disc_oir,_den_pct_disc_oir,pct_disc_caminar,_den_pct_disc_caminar,pct_disc_comunicar,_den_pct_disc_comunicar,pct_discapacidad,_den_pct_discapacidad,pct_afiliado_sus,_den_pct_afiliado_sus,pct_afiliado_caja,_den_pct_afiliado_caja,pct_afiliado_privado,_den_pct_afiliado_privado,pct_afiliado_ninguno,_den_pct_afiliado_ninguno,pct_seguro_salud,_den_pct_seguro_salud,pct_madres_adolescentes,_den_pct_madres_adolescentes,edad_1er_hijo,pct_idioma_castellano,_den_pct_idioma_castellano,pct_idioma_materno_originario,_den_pct_idioma_materno_originario,pct_bilingue,_den_pct_bilingue,pct_registro_menores5,_den_pct_registro_menores5,pct_residia_otro_mun,_den_pct_residia_otro_mun,pct_rezago_escolar,_den_pct_rezago_escolar,pct_hogar_con_menores,_den_pct_hogar_con_menores,pct_hogar_con_am,_den_pct_hogar_con_am,pct_hogar_unipersonal,_den_pct_hogar_unipersonal,pct_am_solo,_den_pct_am_solo,hogares,tam_hogar_pers,autocontencion_laboral,pct_trabaja_fuera,dependencia_capital,_den_autocontencion_laboral,_den_pct_trabaja_fuera,_den_dependencia_capital
010101,296746,154624,24.93782561517257,296746,67.6501115432053,296746,7.412062841622128,296746,34.80889380143287,296746,10.511683392530987,296746,27.0,30.395163,91.91457988410596,142122,6.604301321669037,296746,30.241014200696892,296746,1.7152716464585875,296746,47.819416286008895,36.862948258770906,10.956468027237994,29.722169671089972,336.4491929984087,4.332895758858612,220153,6.506195967894402,116366,97.52413204629086,75004,79.20215456546407,73147,93.33846322963615,9097,74.204312705682,43453,5.003780747116229,197051,14.712942334725527,197051,27.3847887095219,197051,52.898488208636344,197051,80.28327691815824,197051,82.46849800305505,197051,4.6100047300707825,6.506195967894402,1.8961912378236194,116366,103787,1.1741020617022855,53.44776617555905,52.27366411385677,104865,92186,-0.6762982350308082,11.696524102417394,12.372822337448202,104865,92186,41.60386270599349,142905,41.949546901787905,142905,2.0314194744760505,142905,7.094923200727756,142905,1.3253560057380778,142905,0.04548476260452748,142905,42.92921871173157,142905,67.11605539243851,64.12656475495497,221041,221041,148354,4.45421087399059,60.81437125748503,57.941830624465354,116900,116900,10.113012140932787,142905,18.0616493474686,142905,64.75420734054092,142905,13.37542910932536,74.18980036681039,60.81437125748503,104141,116900,25.188061999230257,142905,5.916517966481229,142905,9.763829117245722,142905,8.458066547706519,142905,9.389454532731534,142905,21.23298694937196,142905,6.196424197893705,142905,6.908085791259928,142905,0.34918302368706483,142905,3.4953290647633044,142905,7.011651096882544,142905,6.125747874462055,142905,70.52293880962169,296746,27.561618353743604,296746,29.270487218024844,296746,21.257236828803084,296746,56.01726729256671,296746,68.5866026837767,296746,99.56328321439842,294699,99.38547467076576,294699,32.47497070679195,221041,34.179620561997154,294699,1.4085558485098355,294699,8.968578912377707,275261,1.4368178,75947,2.0424886,9.569067,224421.0,96.90483249332938,16865,43.81837955410549,91950,44.323154,12.012915438135305,197051,29.309585218772085,217898,15.331944304215734,217898,5.063837208235046,217898,4.19462317230998,217898,46.10001009646715,217898,26.254857696083533,221041,0.8288055157188033,221041,0.2343456643790066,221041,0.029858713994236362,221041,0.14386471288132066,221041,0.005881261847349587,221041,0.005881261847349587,221041,0.00045240475748842973,221041,0.001809619029953719,221041,0.00045240475748842973,221041,3.6080882527595954,294699,1.5089973159053813,294699,2.193424477178409,294699,1.2823253557019196,294699,6.126929511128304,294699,60.17874841928979,292590,19.422058170135685,292590,1.3004545609897809,292590,19.098738849584745,292590,80.90126115041525,292590,4.305364511691884,14540,22.431379529167764,76.53775072119767,279743,22.600744254547923,279743,47.05388703812019,275261,98.66755839078094,19438,1.8978686727813803,294699,4.468951598370995,55494,46.24359734727988,92735,18.673639941769558,92735,22.688305386315847,92735,3.8938911953415647,92735,92735,3.17786164878417,95.48003358096656,4.519966419033437,0.0,126262,126262,126262
010102,9256,4602,24.6542783059637,9256,63.20224719101124,9256,12.143474503025065,9256,33.27571305099395,9256,17.491356957649092,9256,30.0,34.0941,101.12994350282486,4654,6.784788245462403,9256,24.21132238547969,9256,2.3120138288677614,9256,58.22222222222222,39.00854700854701,19.213675213675213,49.25503943908852,203.02491103202846,10.464776381175096,6842,16.06832657788072,3454,97.05494505494505,2275,95.8786231884058,2208,94.24460431654676,278,52.757544224765866,961,11.659697651978128,6218,32.30942425217112,6218,31.183660340945643,6218,24.847217754905113,6218,56.03087809585075,6218,59.61724027018334,6218,11.316260462178239,16.06832657788072,4.75206611570248,3454,3388,-0.41314569732087136,24.64409996836444,25.05724566568531,3161,3057,-1.2430282504397887,7.826320784561847,9.069349035001636,3161,3057,23.7593984962406,5320,54.661654135338345,5320,1.0338345864661653,5320,11.503759398496241,5320,1.1090225563909775,5320,0.13157894736842105,5320,24.86842105263158,5320,77.67650462962963,76.02719907407408,6912,6912,5369,2.123300428385174,70.5798343330477,69.06598114824335,3501,3501,42.838345864661655,5320,17.763157894736842,5320,34.266917293233085,5320,14.38058783054069,84.96042216358839,70.5798343330477,3411,3501,8.533834586466165,5320,3.5902255639097747,5320,42.08646616541353,5320,6.616541353383458,5320,11.052631578947368,5320,13.928571428571429,5320,5.112781954887218,5320,3.3834586466165413,5320,0.7518796992481203,5320,1.0902255639097744,5320,2.537593984962406,5320,2.556390977443609,5320,88.02938634399308,9256,16.745894554883318,9256,23.67113223854797,9256,34.06439066551426,9256,51.6637856525497,9256,71.74805531547105,9256,99.3025283347864,9176,99.19354838709677,9176,71.00694444444444,6912,34.7101133391456,9176,2.005231037489102,9176,14.584550660278135,8557,1.96106,1849,3.2383006,13.466883,10433.0,97.36842105263158,494,39.940633245382585,3032,51.639183,8.437439691219042,6218,38.30383480825959,6780,15.988200589970502,6780,2.8171091445427727,6780,8.023598820058996,6780,34.86725663716814,6780,61.00983796296296,6912,0.2170138888888889,6912,0.13020833333333334,6912,0.014467592592592593,6912,0.15914351851851852,6912,0.0,6912,0.0,6912,0.0,6912,0.0,6912,0.0,6912,4.206625980819529,9176,2.38666085440279,9176,4.086748038360942,9176,2.2558849171752398,9176,8.456843940714908,9176,79.51980526665191,9038,8.519583978756362,9038,1.0843106882053553,9038,10.876300066386369,9038,89.12369993361364,9038,6.63265306122449,392,21.384720327421554,50.58607216731786,8702,48.08090094231211,8702,67.76907794787893,8557,98.8691437802908,619,7.268962510897995,9176,5.114638447971782,1701,39.50016228497241,3081,29.276209023044466,3081,29.178838039597533,3081,10.41869522882181,3081,3081,2.9782538136968517,82.58766626360338,17.41233373639662,13.615477629987907,4135,4135,4135
010103,13649,6667,30.976628324419373,13649,56.81002271228662,13649,12.213348963294015,13649,40.252033115979195,13649,17.31995017950033,13649,27.0,32.493954,104.72476376181191,6982,8.315627518499523,13649,22.15546926514763,13649,3.0331892446333066,13649,76.02527727624452,54.52669589889089,21.498581377353624,39.427625354777675,253.62927414517097,18.33951560113463,9166,26.668154429814773,4481,83.30834582708646,4002,98.26034793041391,3334,67.09677419354838,465,27.137254901960784,1275,21.233544612384204,8204,51.93807898586056,8204,20.98976109215017,8204,5.83861530960507,8204,26.828376401755243,8204,32.825450999512434,8204,16.29462187912107,26.668154429814773,10.373532550693703,4481,4685,-0.8038048379547709,5.4282868525896415,6.232091690544412,4016,4188,-1.4601293964542972,4.191733067729084,5.651862464183381,4016,4188,10.419114766940854,7659,51.8605562083823,7659,0.7703355529442486,7659,21.125473299386343,7659,0.9139574356965662,7659,0.11750881316098707,7659,11.33307220263742,7659,81.58488134865242,80.3393106410394,9313,9313,7598,1.5267175572519085,75.04920183686858,74.10890006560246,4573,4573,78.10419114766941,7659,7.69029899464682,7659,10.340775558166863,7659,12.841093521781218,87.8902953586498,75.04920183686858,4740,4573,2.8724376550463506,7659,2.663533098315707,7659,77.64721242982112,7659,2.1151586368977675,7659,5.549027288157723,7659,2.9638333986160075,7659,1.3709361535448492,7659,1.3187100143621884,7659,0.4569787178482831,7659,0.5744875310092702,7659,1.0967489228358793,7659,1.1750881316098707,7659,86.02828046010697,13649,6.821012528390359,13649,7.42178914206169,13649,30.624954209099567,13649,27.232764305077296,13649,63.074217891420616,13649,99.37055687203791,13504,99.14840047393365,13504,85.32159347149147,9313,15.136255924170616,13504,0.05924170616113744,13504,8.06620912394025,12385,2.76582,2323,3.7438529,24.941498,15384.0,79.08653846153847,832,37.14781100996966,4614,51.171,4.93710385177962,8204,37.28031634446397,9104,15.38884007029877,9104,1.6036906854130053,9104,4.76713532513181,9104,40.96001757469244,9104,71.83506925802641,9313,0.08590142811124235,9313,0.0,9313,0.0,9313,0.11811446365295823,9313,0.0,9313,0.0,9313,0.0,9313,0.0,9313,0.0,9313,4.058056872037914,13504,3.813684834123223,13504,5.73904028436019,13504,4.628258293838862,13504,9.930390995260664,13504,86.49654439128123,13167,2.445507708665603,13167,0.4404951773372826,13167,10.61745272271588,13167,89.38254727728412,13167,20.28985507246377,621,20.797675263349074,9.40821830874187,12606,88.1722989052832,12606,62.74525635849818,12385,98.03395889186774,1119,6.538803317535545,13504,15.268180322474498,3039,43.109388458225666,4644,29.37123169681309,4644,33.41946597760551,4644,10.852713178294573,4644,4644,2.907838070628768,89.5716140199048,10.4283859800952,4.803115534400693,4622,4622,4622
010201,7903,3899,31.21599392635708,7903,56.61141338732127,7903,12.17259268632165,7903,39.83297481968872,7903,16.993546754397066,7903,28.0,32.45122,102.69299820466786,4004,9.173731494369227,7903,20.726306465899025,7903,3.226622801467797,7903,76.64282521233795,55.14081358962897,21.502011622708984,38.99473044183218,256.44490644490645,21.450617283950617,5184,29.26356589147287,2580,79.84014209591474,2252,98.72080088987764,1798,61.48867313915858,309,28.396946564885496,655,21.614019904803115,4622,46.79792297706621,4622,17.61142362613587,4622,13.976633491994807,4622,31.588057118130678,4622,40.155776720034616,4622,15.55388847211803,29.26356589147287,13.709677419354838,2580,2604,0.9585342373381547,14.460463084316295,13.50192884697814,2289,2333,-0.9227994937303343,5.343381389252949,6.266180882983283,2289,2333,11.317165953399904,4206,49.85734664764622,4206,0.5943889681407513,4206,25.558725630052304,4206,0.9034712315739419,4206,0.07132667617689016,4206,12.220637184973848,4206,78.3844850310676,77.57484466202222,5311,5311,4163,1.0329089598846986,71.94108761329305,71.22356495468279,2648,2648,75.0832144555397,4206,5.206847360912981,4206,16.286257727056586,4206,12.85050082080383,84.79158843409688,71.94108761329305,2663,2648,7.2277698525915355,4206,2.377555872563005,4206,74.94056110318593,4206,1.4503090822634332,4206,3.708987161198288,4206,4.2320494531621495,4206,1.1174512601046125,4206,1.6880646695197337,4206,0.14265335235378032,4206,1.0223490252020921,4206,3.9467427484545885,4206,1.7356157869709938,4206,90.1556370998355,7903,10.160698468935847,7903,9.009236998608124,7903,33.442996330507405,7903,34.83487283310135,7903,71.13754270530178,7903,99.40383618455158,7716,99.15759460860549,7716,52.13707399736396,5311,14.696734059097977,7716,0.168481078278901,7716,8.946917808219178,7008,2.7425017,1367,3.8559077,16.617949,9237.0,76.63366336633663,505,31.878636741479635,2406,50.488777,5.8091735179575945,4622,35.399097862325945,5099,21.57285742302412,5099,1.980780545204942,5099,4.883310453030006,5099,36.16395371641498,5099,48.39013368480512,5311,0.09414422895876483,5311,0.13180192054227075,5311,0.0,5311,0.03765769158350593,5311,0.0,5311,0.0,5311,0.0,5311,0.0,5311,0.0,5311,5.443234836702955,7716,4.782270606531882,7716,5.1969932607568685,7716,4.937791601866252,7716,11.236391912908243,7716,83.36,7500,6.8533333333333335,7500,0.36,7500,9.426666666666666,7500,90.57333333333334,7500,20.597014925373134,335,20.22651605231867,50.1255230125523,7170,47.40585774058577,7170,36.92922374429224,7008,97.45762711864407,708,4.821150855365475,7716,17.13933415536375,1622,50.102082482645976,2449,29.032258064516128,2449,23.84646794610045,2449,7.717435688035933,2449,2449,3.1506737443854633,96.28406275805119,3.715937241948808,0.990916597853014,2422,2422,2422
010202,16812,8544,28.681893885320008,16812,60.60551986676184,16812,10.712586247918154,16812,39.22198429693076,16812,14.566975969545563,16812,26.0,31.341541,96.76966292134831,8268,8.654532476802284,16812,26.39186295503212,16812,3.2298358315488938,16812,65.00147217587595,47.32554715870056,17.675925017175384,37.34964744919121,267.7401443642421,20.4029147021003,11665,26.04096709200806,5956,89.04555314533623,4610,98.66017052375152,4105,72.44582043343654,646,35.32182103610675,1911,24.40093512565751,10266,34.22949542178063,10266,29.144749659068772,10266,12.224819793493085,10266,41.369569452561855,10266,45.168517436197156,10266,11.520035230035736,26.04096709200806,14.520931861972324,5956,5709,0.27834899127860524,12.3625843780135,12.084235386734894,5185,5081,-0.744881198452001,5.737897782063645,6.482778980515646,5185,5081,14.703910614525139,8950,43.910614525139664,8950,0.43575418994413406,8950,26.52513966480447,8950,1.4189944134078212,8950,0.055865921787709494,8950,16.122905027932962,8950,75.71247357293869,74.48625792811839,11825,11825,8953,1.619568859600134,66.82644628099173,65.88429752066116,6050,6050,71.82122905027933,8950,10.324022346368714,8950,13.966480446927374,8950,18.195198740653296,85.02164502164503,66.82644628099173,5775,6050,5.4748603351955305,8950,2.9497206703910615,8950,71.5195530726257,8950,4.335195530726257,8950,5.955307262569832,8950,4.044692737430168,8950,0.88268156424581,8950,1.5083798882681565,8950,0.3016759776536313,8950,0.49162011173184356,8950,2.804469273743017,8950,1.6983240223463687,8950,93.84963121579824,16812,6.667856293123959,16812,7.238876992624316,16812,33.27980014275518,16812,31.798715203426124,16812,71.93671187247205,16812,99.45773332529976,16597,99.28300295234078,16597,81.28541226215644,11825,12.128697957462192,16597,0.1807555582334157,16597,6.383960957594144,15163,2.1494043,3273,3.3335228,14.25289,17407.0,90.6614785992218,1028,30.21724818959842,4557,50.241608,6.106565361387103,10266,33.23223570190641,11540,20.92720970537262,11540,2.9376083188908146,11540,5.337954939341421,11540,37.56499133448874,11540,77.62367864693447,11825,0.16913319238900634,11825,0.08456659619450317,11825,0.0,11825,0.008456659619450317,11825,0.0,11825,0.0,11825,0.0,11825,0.0,11825,0.0,11825,3.789841537627282,16597,3.5367837561005,16597,4.862324516478882,16597,3.699463758510574,16597,8.646140868831717,16597,89.05435591958302,16116,4.076693968726731,16116,0.14271531397369075,16116,6.726234797716555,16116,93.27376520228344,16116,12.622415669205658,919,20.59789993823348,20.65049044914817,15496,76.35518843572535,15496,64.2946646441997,15163,96.58298465829847,1434,3.789841537627282,16597,9.98522895125554,3385,51.185555797259084,4597,28.736132260169676,4597,19.817272134000437,4597,6.808788340221883,4597,4597,3.6103980857080704,93.9761392528848,6.023860747115194,1.779777038920399,5113,5113,5113
010301,13694,6551,24.346429093033446,13694,67.51131882576311,13694,8.142252081203447,13694,33.657076091719,13694,11.640134365415511,13694,28.0,31.24843,109.036788276599,7143,6.54301153789981,13694,28.567255732437562,13694,1.5189133927267415,13694,48.123309897241754,36.062736614386154,12.060573282855598,33.44331133773245,299.0134529147982,10.180348871587661,10147,13.995859213250517,4830,88.37699488105991,3321,97.9557069846678,2935,82.56658595641646,413,36.50429799426934,1745,11.37855579868709,9140,41.44420131291029,9140,28.840262582056894,9140,18.336980306345733,9140,47.177242888402624,9140,55.645514223194745,9140,7.2815466309672745,13.995859213250517,6.714312582283243,4830,5317,0.7983744421075549,18.75721875721876,17.958844315111204,4329,4811,-0.7017912336972829,7.237930237930238,7.939721471627521,4329,4811,21.332990221307256,7772,50.02573340195574,7772,0.5918682449819866,7772,14.127637673700463,7772,1.6212043232115285,7772,0.1029336078229542,7772,22.954194544518785,7772,76.51433604070849,75.08562481651825,10219,10219,7819,1.8672464509528073,66.31665637224624,65.20485896644018,4857,4857,52.56047349459599,7772,16.71384457025219,7772,23.648996397323724,7772,19.434928857145778,85.75158522939202,66.31665637224624,5362,4857,8.633556356150283,7772,3.4354091610910964,7772,52.35460627895008,7772,5.442614513638703,7772,11.245496654657746,7772,8.67215645908389,7772,1.9300051466803911,7772,2.676273803396809,7772,0.2058672156459084,7772,0.8363355635615028,7772,2.7406073082861555,7772,1.9042717447246527,7772,92.07682196582445,13694,9.376369212793925,13694,11.092449247845773,13694,42.704834233971084,13694,51.957061486782536,13694,72.51350956623338,13694,99.72651341562569,13529,99.57129130017,13529,77.73754770525491,10219,16.357454357306526,13529,0.33261881883361666,13529,8.96218952697358,12642,1.8446771,2865,2.5874324,8.29224,10950.0,94.99358151476251,779,38.63204559848005,3158,49.244774,7.607330415754923,9140,20.921382073109665,9985,31.367050575863797,9985,2.814221331997997,9985,4.3264897346019024,9985,40.57085628442664,9985,73.05998630002935,10219,0.23485663959291517,10219,0.09785693316371465,10219,0.0,10219,0.0,10219,0.009785693316371465,10219,0.0,10219,0.0,10219,0.0,10219,0.0,10219,2.8531303126616896,13529,2.3135486732204895,13529,3.0600931332692736,13529,1.9883213836942863,13529,6.164535442383029,13529,86.0375939849624,13300,6.7218045112781954,13300,0.6992481203007519,13300,6.541353383458647,13300,93.45864661654136,13300,12.033898305084746,590,21.254250386398763,32.22412718204489,12832,65.91334164588528,12832,71.15962664135422,12642,97.9706877113867,887,4.952324635967182,13529,13.714285714285714,2450,52.33908948194662,3185,27.252747252747252,3185,13.218210361067504,3185,3.987441130298273,3185,3185,4.247723704866562,94.09163276136564,5.908367238634355,2.2112152839200423,5653,5653,5653
010302,12539,5989,28.463194832123772,12539,63.067230241646065,12539,8.469574926230163,12539,38.55171863784991,12539,11.91482574367972,12539,25.0,29.79193,109.36717315077642,6550,8.37387351463434,12539,28.853975596140042,12539,1.5950235265970174,12539,58.560950935761255,45.13151239251391,13.429438543247345,29.756234239282712,336.06403013182677,19.02946273830156,8655,23.058252427184467,4120,84.40023068050749,3468,98.63341305090536,2927,63.205417607223474,443,29.692404268675457,1593,24.9026732416299,7706,35.59563976122502,7706,29.198027511030364,7706,10.303659486114716,7706,39.50168699714508,7706,47.19698935894108,7706,7.688902923325591,23.058252427184467,15.369349503858876,4120,4535,-0.3663307104837621,10.111747070046334,10.478077780530096,3669,4037,-0.7066080564535477,5.748432815481057,6.455040871934605,3669,4037,15.34074290728283,6838,46.036852880959344,6838,0.5557180462123428,6838,21.073413278736474,6838,1.5794091839719215,6838,0.13161743199766013,6838,16.920152091254753,6838,77.15810995002272,76.27214902317128,8804,8804,6793,1.1482408361548653,68.32697807435653,67.58817921830314,4196,4196,61.874817198011115,6838,16.07195086282539,6838,17.5343667739105,6838,16.87267470342124,85.19965277777777,68.32697807435653,4608,4196,4.489616847031296,6838,2.8224627083942675,6838,61.7285756069026,6838,4.357999415033635,6838,11.699327288680902,6838,6.507750804328751,6838,1.1991810470897923,6838,2.7932143901725652,6838,0.14624159110851126,6838,0.584966364434045,6838,1.8280198888563908,6838,1.2576776835331969,6838,91.06786825105671,12539,4.8488715208549324,12539,7.313182869447324,12539,42.770555865699016,12539,30.688252651726614,12539,70.13318446447084,12539,99.20544835414302,12334,98.99464893789525,12334,77.13539300318037,8804,9.485973731149668,12334,0.28376844494892167,12334,6.355107098601523,11298,2.1309524,2352,2.9055073,13.067907,10323.0,75.76564580559254,751,32.20286247666459,3214,47.569695,6.118608876200363,7706,24.526758588455248,8558,26.396354288385137,8558,3.014723066136948,8558,5.468567422294929,8558,40.59359663472774,8558,72.0581553839164,8804,0.02271694684234439,8804,0.02271694684234439,8804,0.0,8804,0.0,8804,0.011358473421172195,8804,0.0,8804,0.0,8804,0.0,8804,0.0,8804,2.82146910977785,12334,2.8701151289119506,12334,3.2025295929949733,12334,2.9025458083346845,12334,6.43748986541268,12334,88.21529275170012,12058,3.1348482335379,12058,0.306850223917731,12058,8.343008790844253,12058,91.65699120915575,12058,13.322091062394604,593,20.813953488372093,19.010055478502082,11536,78.95284327323162,11536,65.10886882634095,11298,95.55984555984556,1036,4.191665315388358,12334,14.896927265655387,2571,51.81203931203931,3256,24.815724815724817,3256,16.86117936117936,3256,5.19041769041769,3256,3256,3.788083538083538,88.0400181900864,11.9599818099136,4.797635288767622,4398,4398,4398
010303,9055,4540,27.907233572611815,9055,62.55107675317504,9055,9.541689674213142,9055,36.256212037548316,9055,13.064605190502485,9055,27.0,30.95958,99.44933920704845,4515,8.448371065709553,9055,26.195472114853672,9055,2.0209828823854226,9055,59.869350282485875,44.615112994350284,15.254237288135593,34.19074000791452,292.47685185185185,10.806626412757392,6459,15.437073775573465,3226,92.66666666666667,2400,99.01079136690647,2224,80.16528925619835,363,40.856031128404666,1028,12.09016393442623,5856,35.14344262295082,5856,35.05806010928962,5856,17.708333333333332,5856,52.76639344262295,5856,56.79644808743169,5856,9.250869012195796,15.437073775573465,6.186204763377668,3226,3233,0.02988400526854207,17.723244717109747,17.693360711841205,2934,2922,-0.8717332303139989,7.350374914792092,8.222108145106091,2934,2922,13.350732784581409,4981,60.93153985143545,4981,0.5822124071471592,4981,14.836378237301746,4981,0.9636619152780567,4981,0.04015257980325236,4981,14.314394699859466,4981,77.70416024653312,75.73189522342065,6490,6490,5043,2.5381717231806467,69.51970443349754,67.51847290640394,3248,3248,66.71351134310379,4981,7.669142742421201,4981,18.91186508733186,4981,16.38405867569432,85.90376310919186,69.51970443349754,3242,3248,5.962658100782975,4981,2.46938365790002,4981,66.67335876330054,4981,3.794418791407348,4981,3.8747239510138525,4981,7.508532423208191,4981,1.5458743224252158,4981,2.007628990162618,4981,0.04015257980325236,4981,0.7428227263601687,4981,3.011443485243927,4981,1.565950612326842,4981,94.19105466593042,9055,10.513528437327443,9055,12.14798453892877,9055,44.38431805632247,9055,55.16289342904473,9055,79.55825510767532,9055,99.55619660490403,9013,99.38977033174304,9013,68.9984591679507,6490,11.794075224675469,9013,0.23299678242538555,9013,5.114531571930675,8251,1.9150219,1824,2.9951558,12.669211,8643.0,93.44569288389513,534,34.41199684293607,2534,48.65904,7.785348360655738,5856,21.779237023139462,6396,27.986241400875546,6396,3.2363977485928705,6396,5.644152595372107,6396,41.353971232020015,6396,65.37750385208012,6490,0.07704160246533127,6490,0.030816640986132512,6490,0.0,6490,0.1386748844375963,6490,0.0,6490,0.0,6490,0.0,6490,0.0,6490,0.0,6490,3.084433595917009,9013,2.3188727393764563,9013,3.3507156329745924,9013,2.0082103628092756,9013,6.30200821036281,9013,88.33501740204333,8907,4.6592567643426515,8907,0.15717974626698103,8907,6.848546087347031,8907,93.15145391265297,8907,9.358288770053475,374,21.134099616858236,34.439440625740694,8438,64.06731452950936,8438,69.10677493637135,8251,95.8005249343832,762,1.7530234106290914,9013,8.057971014492754,1725,49.76489028213166,2552,26.17554858934169,2552,20.101880877742946,2552,7.2884012539184955,2552,2552,3.531739811912226,97.42990654205607,2.5700934579439263,1.142263759086189,3852,3852,3852
010304,9155,4474,24.675040961223374,9155,64.34735117422174,9155,10.977607864554889,9155,34.73511742217367,9155,14.46204259967231,9155,28.0,32.414417,104.62673223066606,4681,6.400873839432005,9155,28.487165483342437,9155,2.588749317312944,9155,55.406552368019014,38.34663045323374,17.059921914785267,44.48871181938911,224.77611940298507,17.784082424966403,6697,24.728588661037396,3316,85.10362694300518,2316,98.78234398782344,1971,75.1937984496124,258,23.076923076923077,1157,20.523577781506965,5959,36.1805672092633,5959,33.94864910219835,5959,9.34720590703138,5959,43.29585500922974,5959,48.73300889410975,5959,13.755503774909032,24.728588661037396,10.973084886128364,3316,3381,0.1176967668880664,9.406952965235174,9.289256198347108,2934,3025,-1.1146558727261464,5.804021813224267,6.9186776859504135,2934,3025,13.003628031315639,5237,48.53924002291388,5237,0.4582776398701547,5237,23.906816879893068,5237,1.4894023295780028,5237,0.2673286232575902,5237,14.493030360893641,5237,77.84838185311068,76.22284616521354,6767,6767,5268,2.088078967350038,67.66984505363529,66.26936829558998,3356,3356,65.66736681306091,5237,13.232766851250716,5237,14.989497804086309,5237,20.192951780137804,87.86279683377309,67.66984505363529,3411,3356,4.773725415314111,5237,3.2461332824135956,5237,65.13270956654573,5237,6.358602253198396,5237,6.8359747947298075,5237,5.1747183502004965,5237,1.71854114951308,5237,1.4512125262554898,5237,0.5346572465151804,5237,0.5919419514989498,5237,2.0431544777544395,5237,1.2411686079816688,5237,91.1414527580557,9155,5.9639541234298195,9155,10.234844347351174,9155,36.42818132168214,9155,33.544511196067724,9155,69.69961769524849,9155,99.44382647385984,8990,99.2992213570634,8990,90.77877937047437,6767,12.424916573971078,8990,0.5672969966629589,8990,6.0570071258907365,8420,2.0449374,1758,3.4582767,16.879135,10119.0,88.41698841698842,518,36.83001531393568,2612,51.117916,6.369860714885048,5959,25.01509661835749,6624,21.995772946859905,6624,2.2041062801932365,6624,4.438405797101449,6624,46.34661835748792,6624,87.04004728831092,6767,0.22166395744052017,6767,0.08866558297620807,6767,0.0,6767,0.0,6767,0.0,6767,0.0,6767,0.0,6767,0.0,6767,0.0,6767,4.927697441601779,8990,3.4705228031145716,8990,5.461624026696329,8990,3.9265850945494996,8990,9.621802002224694,8990,86.92316500629795,8733,3.252032520325203,8733,0.19466391847017062,8733,9.630138554906676,8733,90.36986144509332,8733,11.894273127753303,454,21.210966057441254,14.752370916754478,8541,83.09331460016392,8541,65.48693586698337,8420,98.24561403508773,570,3.993325917686318,8990,13.568129330254042,1732,43.75711574952562,2635,29.63946869070209,2635,24.743833017077797,2635,7.286527514231499,2635,2635,3.411764705882353,89.16768665850674,10.832313341493261,5.1713586291309666,3268,3268,3268
010401,9192,4564,24.78241949521323,9192,63.207136640557,9192,12.010443864229766,9192,31.7993907745866,9192,17.036553524804177,9192,32.0,34.461487,101.4022787028922,4628,7.4956483899042645,9192,22.160574412532636,9192,2.1214099216710185,9192,58.20998278829604,39.20826161790017,19.001721170395868,48.46356453028973,206.34057971014494,10.705382020824167,6819,14.884696016771489,3339,90.45155221072436,2126,98.90795631825273,1923,85.46712802768167,289,49.04661016949152,944,10.435196950444727,6296,44.933290978398986,6296,21.029224904701397,6296,23.602287166454893,6296,44.63151207115629,6296,49.57115628970775,6296,8.189293717920915,14.884696016771489,6.695402298850575,3339,3480,4.531120853076025,25.917505683663528,21.386384830587502,3079,3217,-0.0835224690849996,7.516726209808379,7.6002486788933785,3079,3217,18.447523249193395,5269,54.58341241222243,5269,0.5693680015183147,5269,16.13209337635225,5269,1.062820269500854,5269,0.03795786676788764,5269,19.51034351869425,5269,77.1891418563923,76.07997664915354,6852,6852,5289,1.4369446020041596,68.36158192090396,67.08296164139162,3363,3363,61.16910229645094,5269,7.705446953881192,5269,26.532548870753462,5269,17.33632578904158,85.69790770994554,68.36158192090396,3489,3363,9.43252989182008,5269,2.7519453406718544,5269,61.131144429683054,5269,2.9417346745112924,5269,4.630859745682293,5269,8.312772822167394,5269,2.5241981400645286,5269,3.2453976086543936,5269,0.03795786676788764,5269,1.1956728031884607,5269,3.738849876636933,5269,2.676029607136079,5269,91.50348128807659,9192,11.912532637075717,9192,15.2088772845953,9192,45.55047867711053,9192,61.80374238468233,9192,77.83942558746736,9192,99.51738510474937,9117,99.24317209608424,9117,21.52656158785756,6852,23.47263354173522,9117,0.48261489525063067,9117,12.686744130898743,8434,1.9973433,1882,3.2326162,12.947822,10272.0,96.17391304347827,575,37.42118537200504,3172,49.554226,7.559402795425667,6296,30.34921574430305,6758,25.273749630068068,6758,3.7585084344480615,6758,6.052086416099438,6758,34.566439775081385,6758,18.24284880326912,6852,0.18972562755399883,6852,0.23350846468184472,6852,0.0,6852,0.21891418563922943,6852,0.0,6852,0.014594279042615295,6852,0.0,6852,0.0,6852,0.0,6852,4.4641877810683335,9117,3.246682022595152,9117,4.573872984534386,9117,3.4989579905670727,9117,9.553581221893166,9117,83.53190067921167,8981,9.531232602160117,8981,0.5121924061908474,8981,6.424674312437368,8981,93.57532568756264,8981,10.51051051051051,333,21.008810572687224,92.8280358598207,8589,5.425544300849924,8589,16.76547308513161,8434,97.36456808199121,683,6.230119556871778,9117,8.844415752098127,1549,40.860885839051775,3206,27.074235807860262,3206,28.75857766687461,3206,8.546475358702432,3206,3206,2.843730505302558,95.90583418628455,4.094165813715449,1.458546571136131,3908,3908,3908
010402,8509,4199,26.724644494065107,8509,63.95581149371254,8509,9.319544012222353,8509,36.149958867081914,8509,13.421083558585028,8509,27.0,31.47961,102.64348654441534,4310,7.368668468680221,8509,27.559055118110237,8509,1.892114231989658,8509,56.35795663359059,41.78610804851158,14.571848585079016,34.87247141600704,286.7591424968474,15.654015311940055,6139,21.633190648666446,3037,85.94306049822065,2248,98.65424430641822,1932,78.19548872180451,266,29.41738299904489,1047,16.23931623931624,5499,44.171667575922896,5499,24.04073467903255,5499,15.548281505728314,5499,39.589016184760865,5499,50.10001818512457,5499,11.833061699601327,21.633190648666446,9.800128949065119,3037,3102,0.7063186599472822,15.905743740795288,15.199425080848005,2716,2783,-0.8274074342592339,6.33321060382916,7.160618038088394,2716,2783,21.068671271840714,4922,47.379114181227145,4922,0.7314099959366112,4922,18.102397399431126,4922,2.1129622104835435,4922,0.04063388866314506,4922,23.18163348232426,4922,79.60006450572489,77.97129495242703,6201,6201,4936,2.0461912479740683,71.83739837398375,70.69918699186992,3075,3075,58.53311661926046,4922,13.612352702153595,4922,22.815928484355954,4922,15.398686078991304,87.23608445297505,71.83739837398375,3126,3075,6.806176351076798,4922,4.022754977651362,4922,58.41121495327103,4922,5.262088581877285,4922,8.248679398618448,4922,8.26899634295002,4922,1.1783827712312067,4922,3.2710280373831777,4922,0.12190166598943519,4922,0.9345794392523364,4922,3.0272247054043073,4922,1.9707436001625356,4922,93.51275120460689,8509,11.587730638147843,8509,15.313197790574685,8509,47.84345986602421,8509,57.93865319073922,8509,78.14079210247972,8509,99.42135096835145,8468,99.26783183750591,8468,75.72972101273989,6201,23.382144544166273,8468,1.1927255550307039,8468,9.802421924792862,7845,2.0583334,1800,3.242624,13.961005,9283.0,95.8955223880597,536,35.86762075134168,2236,50.723614,6.7519549008910715,5499,26.40827722121859,6089,28.116275250451633,6089,2.6276892757431436,6089,5.173263261619313,6089,37.67449499096732,6089,69.89195291082083,6201,0.2257700370907918,6201,0.1128850185453959,6201,0.016126431220770843,6201,0.016126431220770843,6201,0.0,6201,0.0,6201,0.0,6201,0.0,6201,0.0,6201,4.204062352385451,8468,3.554558337269721,8468,4.4992914501653285,8468,3.247520075578649,8468,9.163911195087389,8468,86.69383840805563,8342,5.7420282905777995,8342,0.2157755933828818,8342,7.348357707983697,8342,92.6516422920163,8342,11.282051282051283,390,20.271077908217716,34.954864593781345,7976,63.314944834503514,7976,69.67495219885278,7845,97.75280898876404,623,2.2319319792158714,8468,12.763395544852498,1661,49.84478935698448,2255,27.45011086474501,2255,21.33037694013304,2255,7.095343680709535,2255,2255,3.755210643015521,95.69517161140197,4.304828388598025,1.0471204188481675,3438,3438,3438
010403,6942,3435,26.390089311437627,6942,62.04263900893115,6942,11.56727167963123,6942,36.30077787381158,6942,15.787957360991069,6942,28.0,32.68309,102.09606986899563,3507,7.850763468740997,6942,26.044367617401324,6942,2.75136848170556,6942,61.1794752728117,42.535407476201534,18.64406779661017,43.83187772925764,228.14445828144457,20.492454328832405,5036,27.86168521462639,2516,83.57461024498886,1796,98.20119920053298,1501,74.78991596638656,238,28.050314465408807,795,22.620106761565836,4496,42.19306049822064,4496,21.552491103202847,4496,13.634341637010676,4496,35.186832740213525,4496,42.28202846975089,4496,14.726764579705756,27.86168521462639,13.134920634920634,2516,2520,0.5297727035267528,13.898756660746004,13.368983957219251,2252,2244,-0.8883875849710137,5.44271758436945,6.331105169340463,2252,2244,14.155482400607749,3949,43.35274753102051,3949,0.6077487971638389,3949,22.15750822993163,3949,1.823246391491517,3949,0.10129146619397315,3949,15.978728792099266,3949,78.50946372239747,76.8730283911672,5072,5072,3982,2.084379708689101,69.74723538704582,68.64139020537125,2532,2532,65.76348442643707,3949,8.711066092681692,3949,19.54925297543682,3949,17.49685910114316,87.24409448818898,69.74723538704582,2540,2532,6.710559635350721,3949,4.22891871359838,3949,65.6621929602431,3949,3.1147125854646744,3949,5.5457077741200305,3949,6.178779437832363,3949,1.392757660167131,3949,2.380349455558369,3949,0.10129146619397315,3949,0.8103317295517852,3949,2.6842238541402885,3949,2.0511521904279566,3949,93.38807260155575,6942,7.951598962834918,6942,9.853068280034572,6942,48.76116392970326,6942,49.32296168251224,6942,76.08758282915586,6942,99.53562617907416,6891,99.3759976781309,6891,82.80757097791798,5072,19.721375707444494,6891,0.3192570018865186,6891,11.126849228832231,6354,2.0275724,1487,3.1337657,15.147191,7711.0,94.39252336448598,428,39.14299470389985,2077,51.455948,5.8861209964412815,4496,28.49139655862345,4998,21.248499399759904,4998,2.881152460984394,4998,4.981992797118847,4998,42.396958783513405,4998,79.35725552050474,5072,0.09858044164037855,5072,0.13801261829652997,5072,0.0,5072,0.0,5072,0.0,5072,0.0,5072,0.0,5072,0.0,5072,0.0,5072,3.831084022638224,6891,3.656943839791032,6891,4.164852706428675,6891,3.2941517921927153,6891,8.547380641416341,6891,84.91372953841616,6781,3.9817136115617164,6781,0.2949417490045716,6781,10.809615101017549,6781,89.19038489898244,6781,11.782477341389727,331,20.851186658114177,28.734921125889265,6466,69.71852768326632,6466,64.73087818696884,6354,97.20670391061452,537,7.61863299956465,6891,17.927382753403933,1322,44.1738299904489,2094,30.563514804202484,2094,26.64756446991404,2094,8.022922636103152,2094,2094,3.2908309455587395,91.12455874936964,8.87544125063036,1.51285930408472,1983,1983,1983
010404,3768,1851,23.673036093418258,3768,65.81740976645435,3768,10.509554140127388,3768,30.626326963906582,3768,15.976645435244162,3768,31.0,34.076965,103.56564019448946,1917,6.210191082802548,3768,23.88535031847134,3768,2.468152866242038,3768,51.935483870967744,35.96774193548387,15.96774193548387,44.39461883408072,225.25252525252526,12.589413447782546,2796,17.63005780346821,1384,90.68396226415095,848,98.43953185955787,769,76.0,100,42.0253164556962,395,11.660231660231661,2590,30.617760617760617,2590,26.254826254826256,2590,31.46718146718147,2590,57.722007722007724,2590,60.61776061776062,2590,9.98133259100362,17.63005780346821,7.648725212464589,1384,1412,3.6207167969774865,33.28173374613003,29.661016949152543,1292,1298,-0.3890004627266528,8.679566563467493,9.068567026194145,1292,1298,25.147347740667975,2036,47.69155206286837,2036,0.68762278978389,2036,14.489194499017682,2036,1.424361493123772,2036,0.09823182711198428,2036,26.571709233791747,2036,73.34747260516083,71.2972781901732,2829,2829,2075,2.7951807228915664,64.34163701067615,62.91814946619217,1405,1405,53.04518664047151,2036,10.363457760314342,2036,30.74656188605108,2036,17.89150905673958,82.23314606741573,64.34163701067615,1424,1405,15.225933202357563,2036,3.3398821218074657,2036,52.99607072691552,2036,3.045186640471513,2036,7.269155206286837,2036,8.693516699410608,2036,1.8172888015717092,2036,2.9469548133595285,2036,0.04911591355599214,2036,1.719056974459725,2036,6.139489194499018,2036,3.3398821218074657,2036,92.72823779193206,3768,16.268577494692146,3768,16.56050955414013,3768,63.561571125265395,3768,49.3895966029724,3768,82.61677282377919,3768,99.51430113329735,3706,99.40636805180787,3706,35.065394132202194,2829,29.789530491095523,3706,0.4317323259579061,3706,12.917146144994247,3476,1.6753731,804,2.8808637,12.0961485,3869.0,97.46192893401015,197,41.166525781910394,1183,50.529163,8.874517374517374,2590,25.297726452544207,2771,24.070732587513533,2771,3.428365211115121,2771,4.980151569830386,2771,42.22302417899675,2771,33.68681512902086,2829,0.07069635913750442,2829,0.21208907741251326,2829,0.0,2829,0.03534817956875221,2829,0.0,2829,0.0,2829,0.0,2829,0.0,2829,0.0,2829,4.263356718834323,3706,3.1300593631948193,3706,4.074473826227739,3706,3.480841878035618,3706,9.336211548839719,3706,84.40417353102691,3642,8.676551345414607,3642,0.5216913783635365,3642,6.3975837451949475,3642,93.60241625480505,3642,8.695652173913043,115,21.272311212814646,91.01728534995749,3529,8.104278832530461,3529,30.17836593785961,3476,97.82608695652173,230,7.636265515380464,3706,5.741626794258373,627,42.60504201680672,1190,26.722689075630253,1190,25.462184873949578,1190,7.394957983193278,1190,1190,3.1142857142857143,88.79725085910653,11.202749140893474,3.0240549828178693,1455,1455,1455
010405,5654,2792,25.822426600636717,5654,66.147859922179,5654,8.029713477184295,5654,33.763707110010614,5654,11.602405376724443,5654,28.0,31.414928,102.50716332378224,2862,7.587548638132295,5654,26.370711001061196,5654,1.892465511142554,5654,51.1764705882353,39.037433155080215,12.13903743315508,31.095890410958905,321.58590308370043,12.041256896138163,4169,16.885644768856448,2055,93.41534008683068,1382,98.99302865995352,1291,87.43169398907104,183,37.83359497645212,637,13.370107696348832,3807,30.627790911478854,3807,35.30338849487786,3807,20.698712897294456,3807,56.002101392172314,3807,60.73023377987917,3807,9.553572867248121,16.885644768856448,7.332071901608326,2055,2114,4.276400420034914,22.86780383795309,18.591403417918176,1876,1931,-0.2519207432542121,8.100746268656716,8.352667011910928,1876,1931,15.01639344262295,3050,52.295081967213115,3050,0.8852459016393442,3050,22.262295081967213,3050,0.9836065573770492,3050,0.0,3050,16.0,3050,75.05983724269986,72.28338918142651,4178,4178,3136,3.6989795918367347,64.96846191169335,62.73653566229986,2061,2061,67.60655737704919,3050,9.37704918032787,3050,19.508196721311474,3050,19.915808281976936,84.88427019367029,64.96846191169335,2117,2061,7.508196721311475,3050,2.459016393442623,3050,67.57377049180327,3050,3.2131147540983607,3050,6.098360655737705,3050,6.163934426229508,3050,1.8688524590163935,3050,2.19672131147541,3050,0.03278688524590164,3050,0.7540983606557377,3050,2.8852459016393444,3050,2.3278688524590163,3050,94.87088786699681,5654,7.693668199504775,5654,14.060841881853555,5654,47.75380261761585,5654,45.967456667845774,5654,75.68093385214007,5654,99.44957386363636,5632,99.34303977272727,5632,45.11728099569172,4178,21.058238636363637,5632,0.6747159090909091,5632,7.356895889358433,5206,1.729667,1291,2.7122934,9.973097,5204.0,95.22388059701493,335,35.843793584379355,1434,48.829147,8.228526398739165,3807,23.767904831269725,4119,26.51128914785142,4119,2.791939791211459,4119,4.2728817674192765,4119,42.65598446224812,4119,43.513642891335564,4178,0.07180469123982768,4178,0.09573958831977022,4178,0.0,4178,0.023934897079942556,4178,0.0,4178,0.0,4178,0.0,4178,0.0,4178,0.0,4178,3.000710227272727,5632,2.3615056818181817,5632,3.213778409090909,5632,2.7698863636363638,5632,6.942471590909091,5632,84.67350242849433,5559,5.522576002878216,5559,0.6116207951070336,5559,9.192300773520417,5559,90.80769922647958,5559,7.207207207207207,222,20.82201986754967,91.97961879599924,5299,6.982449518777128,5299,26.238955051863236,5206,96.71361502347418,426,0.9232954545454546,5632,7.5910931174089065,988,52.08044382801664,1442,24.271844660194176,1442,17.05963938973648,1442,4.368932038834951,1442,1442,3.9056865464632455,98.9367088607595,1.063291139240505,0.6582278481012658,1975,1975,1975
010501,24546,11897,26.517558869062167,24546,64.32820011407154,24546,9.154241016866292,24546,34.14813004155463,24546,13.44414568565143,24546,30.0,32.50159,106.3209212406489,12649,7.019473641326489,24546,23.384665525951274,24546,2.12661940845759,24546,55.45281823939202,41.222292590246994,14.23052564914503,34.52143186357351,289.67512238540274,10.0,17500,13.380857777258385,8557,94.79712041884817,6112,98.4984466689679,5794,87.2870249017038,763,50.67226890756302,2380,10.48376989597694,15958,31.5202406316581,15958,29.916029577641307,15958,28.07995989472365,15958,57.99598947236496,15958,61.45506955758867,15958,6.615790126581878,13.380857777258385,6.765067650676507,8557,8943,4.121051023641055,30.18722749422929,26.066176470588236,7798,8160,-0.16425849513952784,8.70069248525263,8.864950980392157,7798,8160,24.062076239264726,13274,53.013409673045054,13274,1.0998945306614434,13274,9.386771131535331,13274,1.34850082868766,13274,0.015067048365225252,13274,25.41057706795239,13274,74.9747786122632,73.65766169711915,17842,17842,13377,1.7567466547058384,65.90648636259455,64.76048590419437,8726,8726,46.82085279493747,13274,11.563959620310381,13274,36.12324845562754,13274,17.74862552858579,83.65511189118034,65.90648636259455,9116,8726,11.887901160162723,13274,3.8571643814976646,13274,46.51951182763297,13274,5.228265782733162,13274,6.200090402290192,13274,13.31173723067651,13274,4.196172969715232,13274,3.827030284767214,13274,0.30134096730450505,13274,1.1450956757571191,13274,4.602983275576315,13274,2.69700165737532,13274,89.7743013118227,24546,13.028599364458568,24546,21.930253401776255,24546,35.30106738368777,24546,48.716695184551455,24546,68.49995926016459,24546,99.19729963363932,24293,99.04087597250236,24293,19.66147292904383,17842,32.194459309266044,24293,0.6215782324126291,24293,9.357708822097296,22591,1.9386073,4854,3.03097,12.215799,23355.0,97.80701754385964,1368,37.952980906611245,7699,47.740227,8.784684797593684,15958,26.80921052631579,17024,27.349624060150376,17024,4.1118421052631575,17024,4.581766917293233,17024,37.14755639097744,17024,9.359937226768299,17842,0.3979374509584127,17842,5.223629637932967,17842,0.03923326981280126,17842,0.17374733774240556,17842,0.011209505660800359,17842,0.0,17842,0.0,17842,0.005604752830400179,17842,0.0,17842,4.458074342403162,24293,2.930885440250278,24293,3.55658008479809,24293,2.90618696743918,24293,8.479808998476928,24293,82.04117946110829,23604,10.443145229622099,23604,0.3304524656837824,23604,7.185222843585833,23604,92.81477715641417,23604,7.230255839822025,899,20.705069961838998,92.2922835742902,22964,5.643616094757011,22964,12.39431632065867,22591,98.00235017626322,1702,2.531593463137529,24293,5.180080035571365,4498,48.54131859658142,7781,22.4521269759671,7781,21.488240586042924,7781,4.947950134944095,7781,7781,3.122092276057062,97.49015297242832,2.5098470275716807,0.4488412567555189,10917,10917,10917
010502,7200,3468,29.444444444444443,7200,59.736111111111114,7200,10.819444444444445,7200,36.111111111111114,7200,15.694444444444445,7200,30.0,33.128613,107.61245674740485,3732,8.51388888888889,7200,19.72222222222222,7200,2.875,7200,67.40292955126715,49.29086259009533,18.11206696117182,36.74528301886792,272.14377406931965,14.335165953980859,4911,18.660907127429805,2315,94.86208761492699,1849,99.2018244013683,1754,87.25099601593625,251,34.716981132075475,530,15.504566718645577,4489,33.4372911561595,4489,33.50412118511918,4489,17.55402094007574,4489,51.05814212519492,4489,56.29316106036979,4489,8.183249192144752,18.660907127429805,10.477657935285054,2315,2596,0.4388189015585304,17.786187322611163,17.347368421052632,2114,2375,-0.6975591296121095,7.06244087038789,7.76,2114,2375,18.04553026096613,3602,56.63520266518601,3602,0.832870627429206,3602,14.575235980011104,3602,1.1382565241532483,3602,0.0277623542476402,3602,19.183786785119377,3602,73.42333266169655,72.01289542615353,4963,4963,3644,1.920965971459934,60.6473594548552,59.28449744463373,2348,2348,68.32315380344254,3602,5.968906163242643,3602,22.320932815102722,3602,24.247478021244227,84.89483747609943,60.6473594548552,2615,2348,8.911715713492503,3602,3.303720155469184,3602,68.12881732370906,3602,2.692948362021099,3602,3.192670738478623,3602,7.384786229872293,3602,1.110494169905608,3602,2.3042754025541368,3602,0.1943364797334814,3602,0.5830094392004442,3602,5.108273181565797,3602,2.4153248195446975,3602,93.27777777777777,7200,8.222222222222221,7200,11.583333333333334,7200,39.09722222222222,7200,37.416666666666664,7200,70.90277777777777,7200,99.17367146317139,7019,98.94571876335661,7019,52.44811605883538,4963,30.830602649950137,7019,0.4274113121527283,7019,8.540759178593653,6428,2.5156987,1274,3.8383443,11.449427,8769.0,93.80530973451327,452,32.628797886393656,2271,49.640686,7.431499220316328,4489,23.745134193812742,4881,37.94304445810285,4881,3.933620159803319,4881,5.28580208973571,4881,29.09239909854538,4881,4.775337497481362,4963,0.18134193028410237,4963,29.034857948821276,4963,0.04029820672980052,4963,0.14104372355430184,4963,0.02014910336490026,4963,0.02014910336490026,4963,0.0,4963,0.0,4963,0.0,4963,4.872488958541103,7019,3.1485966661917653,7019,3.9891722467587973,7019,4.003419290497222,7019,9.502778173528993,7019,88.0648899188876,6904,6.011008111239861,6904,0.20278099652375434,6904,5.721320973348783,6904,94.27867902665122,6904,14.97584541062802,207,19.624492164828787,75.27798933739528,6565,23.22924600152323,6565,26.509023024268824,6428,94.585448392555,591,1.5814218549650947,7019,6.413124533929903,1341,47.309513560051656,2323,25.69952647438657,2323,22.341799397331037,2323,5.6392595781317265,2323,2323,3.021523891519587,98.35302542069459,1.6469745793054074,0.2506265664160401,2793,2793,2793
010601,13323,6731,24.68663213990843,13323,60.016512797418,13323,15.296855062673572,13323,34.52675823763417,13323,20.400810628236883,13323,31.0,35.55956,97.93492794532759,6592,6.792764392404113,13323,23.695864294828493,13323,3.662838699992494,13323,66.6208104052026,41.133066533266636,25.48774387193597,61.96412283368805,161.3837095191364,23.732126324452217,9721,31.691995947315096,4935,87.97354179194227,3326,97.64183185235817,2926,73.36814621409921,383,38.8690050107373,1397,27.784142988084326,8728,39.367552703941335,8728,21.860678276810265,8728,10.98762603116407,8728,32.84830430797434,8728,37.820806599450044,8728,16.167549645601767,31.691995947315096,15.524446301713331,4935,4786,-0.954997094926048,10.520412741139525,11.475409836065573,4458,4270,-1.283054330661506,4.785329744279946,6.068384074941452,4458,4270,13.009463722397477,7925,54.28391167192429,7925,0.832807570977918,7925,17.37539432176656,7925,1.3753943217665616,7925,0.26498422712933756,7925,14.384858044164037,7925,79.85618796840187,78.85355479035852,9874,9874,7885,1.2555485098287889,71.91971383147853,71.08505564387917,5032,5032,61.564668769716086,7925,12.89589905362776,7925,19.09148264984227,7925,16.184375387852327,88.10408921933086,71.91971383147853,4842,5032,4.176656151419558,7925,3.470031545741325,7925,61.24921135646688,7925,6.3974763406940065,7925,6.473186119873817,7925,8.416403785488958,7925,1.6025236593059937,7925,2.3470031545741326,7925,0.31545741324921134,7925,0.4037854889589905,7925,2.145110410094637,7925,1.160883280757098,7925,81.40809127073481,13323,12.797417998949186,13323,11.836673421901974,13323,39.12782406364933,13323,42.122645049913686,13323,71.65803497710726,13323,99.5047619047619,13125,99.21523809523809,13125,74.51893862669637,9874,15.588571428571429,13125,0.44952380952380955,13125,8.908139915004904,12236,2.4400723,2211,3.8941498,18.091196,16953.0,81.58273381294964,695,38.63743517208864,4242,54.071194,5.413038496791934,8728,37.28038257615137,9619,15.303046054683438,9619,2.3495165817652564,9619,7.422809023807049,9619,37.64424576359289,9619,54.03078792789143,9874,0.5874012558233745,9874,0.08102086287218958,9874,0.010127607859023698,9874,0.030382823577071096,9874,0.0,9874,0.0,9874,0.0,9874,0.0,9874,0.0,9874,5.729523809523809,13125,4.83047619047619,13125,6.011428571428572,13125,4.556190476190476,13125,11.900952380952381,13125,82.26766964425639,12762,3.6593010499921643,12762,0.7835762419683435,12762,13.289453063783107,12762,86.7105469362169,12762,9.95260663507109,633,21.536660929432013,16.97687535250987,12411,81.19410200628475,12411,64.44099378881988,12236,97.97525309336334,889,5.9123809523809525,13125,10.970797158642462,2534,37.65992091183996,4299,36.56664340544312,4299,28.79739474296348,4299,11.700395440800186,4299,4299,3.053035589672017,90.80102414045355,9.19897585954645,3.584491587417703,5468,5468,5468
010602,8480,4214,22.67688679245283,8480,61.93396226415094,8480,15.389150943396226,8480,30.25943396226415,8480,20.99056603773585,8480,34.0,36.749763,101.23398196487898,4266,6.356132075471698,8480,21.403301886792452,8480,3.2783018867924527,8480,61.46230007616146,36.61462300076161,24.847677075399847,67.86271450858034,147.35632183908046,15.71205007824726,6390,22.918615528531337,3207,92.83761618370694,1829,97.82096584216725,1698,88.73239436619718,213,36.375838926174495,745,17.550118926265714,5886,44.78423377505946,5886,26.843357118586475,5886,10.822290180088345,5886,37.66564729867482,5886,42.83044512402311,5886,14.467468811597627,22.918615528531337,8.45114671693371,3207,3183,0.1495998489800101,10.89678510998308,10.74718526100307,2955,2931,-1.445813438354575,5.48663282571912,6.932446264073695,2955,2931,15.043731778425656,5145,54.499514091350825,5145,0.6997084548104956,5145,16.05442176870748,5145,1.3605442176870748,5145,0.25267249757045673,5145,16.40427599611273,5145,79.75821450712957,78.61128332300062,6452,6452,5146,1.4380101049358724,70.91412742382272,69.83687288396429,3249,3249,61.10787172011662,5145,12.108843537414966,5145,20.97181729834791,5145,17.815188842177903,88.72931626600062,70.91412742382272,3203,3249,4.684159378036929,5145,3.3624878522837705,5145,60.97181729834791,5145,3.8872691933916426,5145,8.104956268221574,5145,7.482993197278912,5145,4.256559766763848,5145,2.001943634596696,5145,0.1360544217687075,5145,0.7191448007774538,5145,1.4188532555879494,5145,1.7298347910592808,5145,87.59433962264151,8480,11.78066037735849,8480,13.537735849056604,8480,29.56367924528302,8480,44.64622641509434,8480,69.41037735849056,8480,99.56855225311601,8344,99.46069031639502,8344,71.94668319900806,6452,21.88398849472675,8344,0.9467881112176414,8344,11.308686196750672,7817,2.1812866,1539,3.6229784,15.967333,10653.0,95.19450800915332,437,36.14417989417989,3024,53.46594,6.2065919130139315,5886,42.02944435649834,6317,17.00174133291119,6317,1.8838056039259141,6317,8.358397973721702,6317,30.726610732942852,6317,54.75821450712957,6452,0.4804711717296962,6452,0.10849349039057657,6452,0.0,6452,0.04649721016738995,6452,0.0,6452,0.0,6452,0.0,6452,0.0,6452,0.0,6452,5.333173537871525,8344,3.5354745925215725,8344,5.009587727708533,8344,2.936241610738255,8344,9.719558964525408,8344,82.96676441837732,8184,4.36217008797654,8184,0.647605083088954,8184,12.023460410557185,8184,87.97653958944281,8184,9.75609756097561,328,21.368142444658325,22.408786769347305,7921,76.06362832975634,7921,69.25930663937572,7817,98.292220113852,527,7.454458293384468,8344,6.919155134741442,1373,35.109512912716575,3059,33.54037267080745,3059,29.715593331153972,3059,11.474338018960445,3059,3059,2.727688787185355,86.56294200848656,13.437057991513441,8.373408769448373,3535,3535,3535
010701,14713,7444,26.316862638482974,14713,62.760823761299534,14713,10.922313600217494,14713,34.41854142594984,14713,15.333378644735948,14713,30.0,33.084347,97.64911337990328,7269,6.545232107659893,14713,23.23795283082988,14713,2.3788486372595665,14713,59.335066060212256,41.93199047000216,17.403075590210094,41.50309917355372,240.94586185438706,7.982324182023317,10636,12.043795620437956,5480,89.90486257928119,3784,98.94179894179894,3402,75.4060324825986,431,43.724137931034484,1450,8.836006207966891,9665,38.84117951370926,9665,27.78065183652354,9665,24.54216244180031,9665,52.32281427832385,9665,59.306777030522504,9665,8.37816334735805,12.043795620437956,3.6656322730799067,5480,5156,2.098628301783897,25.55488902219556,23.456260720411663,5001,4664,-0.6604486564093701,8.18496300739852,8.84541166380789,5001,4664,21.74330651939008,8329,53.51182614959779,8329,1.2846680273742346,8329,12.978748949453715,8329,1.4047304598391164,8329,0.07203745947892905,8329,23.1480369792292,8329,77.67116907312528,76.46949231485794,10735,10735,8338,1.5471336051810987,71.11913357400722,70.16245487364621,5540,5540,50.5582903109617,8329,11.189818705726978,8329,32.66898787369432,8329,13.539191738793548,84.65832531280077,71.11913357400722,5195,5540,10.337375435226317,8329,3.5538480009604996,8329,50.10205306759515,8329,4.682434866130388,8329,6.351302677392244,8329,12.282386841157402,8329,3.854004082122704,8329,3.5418417577140113,8329,0.4562372433665506,8329,1.3086805138672108,8329,3.709929163164846,8329,2.10109256813543,8329,84.06171413036091,14713,11.887446475905662,14713,30.08224019574526,14713,27.778155372799564,14713,52.504587779514715,14713,72.38496567661252,14713,99.26586620926244,14575,99.02572898799313,14575,34.77410340009315,10735,20.13722126929674,14575,1.2830188679245282,14575,8.367586611861421,13624,2.0019886,3017,3.083968,12.718206,15639.0,94.23558897243107,798,39.50937375349023,5014,49.18329,8.503673047077083,9665,29.923591212989493,10470,21.33715377268386,10470,3.3333333333333335,10470,6.017191977077364,10470,39.38872970391595,10470,28.24406148113647,10735,0.48439683278993945,10735,0.11178388448998602,10735,0.009315323707498836,10735,0.05589194224499301,10735,0.009315323707498836,10735,0.009315323707498836,10735,0.0,10735,0.0,10735,0.0,10735,3.5334476843910805,14575,2.044596912521441,14575,3.704974271012007,14575,1.9554030874785593,14575,7.478559176672384,14575,79.33109431849986,14292,9.669745312062693,14292,0.6647075286873776,14292,10.33445284075007,14292,89.66554715924993,14292,6.968641114982578,574,21.24808619223136,78.3920688906578,13819,20.688906577899992,13819,30.137991779213152,13624,97.05573080967403,951,3.1080617495711835,14575,9.107079331198861,2811,42.39023429809018,5079,25.12305571962985,5079,28.4898602087025,5079,8.485922425674346,5079,5079,2.8696593817680647,96.13870381586916,3.861296184130836,0.3937007874015748,6604,6604,6604
010702,26715,13557,31.01628298708591,26715,57.67172000748643,26715,11.311997005427662,26715,40.98072244057646,26715,15.609208309938237,26715,26.0,31.465582,97.05687098915689,13158,8.631854763241625,26715,23.728242560359348,26715,2.6352236571214673,26715,73.39520996949439,53.78074901019017,19.614460959304214,36.471156167028724,274.1892786234282,14.042148806529152,17889,21.385215694775635,9226,86.84047942666501,8093,99.20318725099601,7028,76.13751263902932,989,28.78787878787879,2640,15.615863734587517,15734,42.563874412101185,15734,29.72543536290835,15734,12.09482649040295,15734,41.8202618533113,15734,49.50425829414008,15734,15.163352598850436,21.385215694775635,6.221863095925199,9226,8663,-1.7013448645916203,11.279296875,12.98064173959162,8192,7542,-1.7991167431135642,5.78759765625,7.586714399363564,8192,7542,14.336696177338549,14571,48.83673049207329,14571,1.1117974058060531,14571,24.315421041795346,14571,0.679431747992588,14571,0.3637361883192643,14571,15.016127925331137,14571,79.47911493682061,78.44175909065828,18123,18123,14404,1.3051930019439044,73.28146648193541,72.578066716402,9383,9383,72.23251664264635,14571,7.521789856564409,14571,16.82108297302862,14571,12.851256630192736,86.13272311212815,73.28146648193541,8740,9383,6.1492004666803926,14571,2.0520211378766042,14571,68.03239310960126,14571,2.861848877908174,14571,4.632489190858554,14571,5.819779013108229,14571,1.3794523368334364,14571,2.0245693500789237,14571,4.2001235330450895,14571,0.7137464827396884,14571,3.5138288381030813,14571,1.3725893898840162,14571,87.92813026389669,26715,8.455923638405391,26715,11.622683885457608,26715,30.840351862249673,26715,38.573834924199886,26715,70.11791128579449,26715,99.09605378100194,26329,98.67446541835999,26329,87.3420515367213,18123,11.512020965475331,26329,1.7737095977819135,26329,6.558330908939778,24061,2.6049457,4974,3.6381602,16.68644,31187.0,82.29638009049773,1768,35.06858951811467,8529,49.312817,6.649993644337104,15734,38.92983739379958,17773,16.952681033027627,17773,1.9692792437967703,17773,5.930343779890846,17773,36.21785854948517,17773,77.6858136070187,18123,0.2151961595762291,18123,0.03862495171881035,18123,0.0,18123,0.04966065220989902,18123,0.005517850245544336,18123,0.0,18123,0.0,18123,0.0,18123,0.0,18123,3.7791028903490447,26329,2.7878005241368835,26329,4.284249306847962,26329,3.0726575259219873,26329,7.706331421626343,26329,85.5950218374367,25873,5.9830711552583775,25873,0.21644185057782245,25873,8.20546515672709,25873,91.79453484327291,25873,14.198936977980258,1317,20.85164462529671,20.826210826210826,24570,77.55392755392755,24570,72.000332488259,24061,95.85537918871252,2268,3.1106384594933343,26329,11.220634138327583,6087,45.229805013927574,8616,27.19359331476323,8616,28.35422469823584,8616,9.470752089136491,8616,8616,3.0558263695450325,94.11835313887889,5.881646861121112,0.8882487096386988,8331,8331,8331
010703,16484,8010,27.171802960446495,16484,65.03882552778452,16484,7.789371511768988,16484,35.96821159912643,16484,11.289735501091968,16484,27.0,30.809513,105.79275905118602,8474,8.323222518806116,16484,26.328561028876486,16484,1.6379519534093667,16484,53.7543139632497,41.777819233280475,11.97649472996922,28.66711319490958,348.8317757009346,13.310492505353318,11675,17.27467811158798,5592,81.51831190880426,4123,99.01814936030944,3361,65.25911708253359,521,24.236354531797698,1997,15.426085311642863,10573,43.507046249881775,10573,30.000945805353258,10573,11.065922633122103,10573,41.06686843847536,10573,49.59803272486522,10573,7.608395027583379,17.27467811158798,9.666283084004602,5592,6083,0.13279443947128655,11.135327917574797,11.00253347810351,5047,5526,-0.5438640442525751,6.349910838121656,6.893774882374231,5047,5526,12.977581307230817,9501,55.85727818124408,9501,0.4104831070413641,9501,19.303231238816966,9501,0.9156930849384275,9501,0.04210083149142196,9501,13.893274392169245,9501,80.51539377445144,79.36723932641605,11758,11758,9467,1.42600612654484,72.77896233120114,71.6773276474769,5628,5628,77.6549836859278,9501,4.799494790022103,9501,12.872329228502263,9501,14.839308468146328,87.61827079934747,72.77896233120114,6130,5628,4.883696453004947,9501,1.9682138722239764,9501,77.59183243869066,9501,1.6840332596568783,9501,3.094411114619514,9501,4.378486475107883,9501,1.1472476581412483,9501,1.1577728660141038,9501,0.06315124723713293,9501,0.4104831070413641,9501,2.7155036311967162,9501,1.031470371539838,9501,88.64959961174472,16484,7.024993933511284,16484,6.964329046347974,16484,36.18053870419801,16484,45.801989808298956,16484,74.13249211356467,16484,99.16434540389972,16155,98.81770349736924,16155,51.22469807790441,11758,12.906220984215413,16155,0.7985143918291551,16155,4.530416582269934,14811,1.962974,3376,2.6734815,10.990733,13384.0,77.54698318496538,1011,33.001493280238925,4018,45.533848,6.6341624893596896,10573,26.63242207905276,11486,22.348946543618318,11486,3.987462998432875,11486,5.833188229148528,11486,41.19798014974752,11486,49.047457050518794,11758,0.20411634631740092,11758,0.05953393434257527,11758,0.0,11758,0.008504847763225038,11758,0.0,11758,0.0,11758,0.0,11758,0.0,11758,0.0,11758,2.209842154131848,16155,2.3026926648096566,16155,2.333642835035593,16155,1.869390281646549,16155,4.914887031878675,16155,80.80962383043727,15711,3.5198268728916045,15711,0.2673286232575902,15711,15.403220673413532,15711,84.59677932658647,15711,14.285714285714286,693,20.742510699001425,60.20834715679119,15071,38.00676796496583,15071,47.00560394301532,14811,96.13095238095238,1344,2.191272051996286,16155,14.666666666666666,3075,49.76778293815693,4091,23.050598875580544,4091,15.472989489122464,4091,3.0799315570765096,4091,4091,3.9489122463945248,97.00503959683225,2.9949604031677524,0.3599712023038157,6945,6945,6945
010704,14282,7212,29.70172244783644,14282,62.36521495588853,14282,7.933062596275032,14282,40.365495028707464,14282,11.01386360453718,14282,24.0,29.395674,98.03105934553523,7070,8.43019184988097,14282,28.58843299257807,14282,1.8414787844839657,14282,60.34579544178736,47.625463118895254,12.720332322892107,26.709099481376708,374.4042365401589,12.866333095067906,9793,18.582298758510213,4994,82.57831325301204,4150,99.24131893784651,3427,67.01244813278008,482,25.42016806722689,1904,14.563445867287543,8590,45.38998835855646,8590,28.88242142025611,8590,11.164144353899884,8590,40.046565774155994,8590,49.359720605355065,8590,11.664190819356222,18.582298758510213,6.91810793915399,4994,4799,0.26419901575127724,11.293260473588342,11.029061457837065,4392,4198,-1.1376001105565923,6.054872495446266,7.192472606002858,4392,4198,13.932555780933063,7888,55.67951318458418,7888,0.595841784989858,7888,19.713488843813387,7888,0.6719066937119675,7888,0.012677484787018255,7888,14.60446247464503,7888,79.66325185110051,78.43594685059337,9859,9859,7854,1.5406162464985995,72.29823517747373,71.34642078128098,5043,5043,72.87018255578093,7888,6.237322515212981,7888,17.30476673427992,7888,15.077180104918298,87.37541528239203,72.29823517747373,4816,5043,5.109026369168357,7888,1.9396551724137931,7888,72.29969574036511,7888,2.4974645030425964,7888,3.7271805273833674,7888,7.213488843813387,7888,1.6480730223123732,7888,1.7494929006085194,7888,0.5704868154158215,7888,0.6719066937119675,7888,2.8524340770791077,7888,1.2423935091277891,7888,89.25920739392242,14282,7.232880548942725,14282,10.117630583951827,14282,34.01484385940344,14282,51.30934042851141,14282,74.03724968491808,14282,98.42794138568786,14058,98.05093185374875,14058,77.11735470128816,9859,17.40645895575473,14058,2.617726561388533,14058,6.978551445446068,12868,2.2302506,3114,3.1863341,14.906502,15027.0,85.90130916414904,993,35.60778367450089,3957,46.86707,6.610826542491269,8590,33.664390647630874,9666,19.190978688185393,9666,1.4173391268363336,9666,4.7279122698117115,9666,40.999379267535694,9666,72.9587179227102,9859,0.3347195455928593,9859,0.05071508266558474,9859,0.0,9859,0.0202860330662339,9859,0.0,9859,0.0,9859,0.0,9859,0.0,9859,0.0,9859,3.094323516858728,14058,2.1197894437331057,14058,2.7386541471048513,14058,2.205150092474036,14058,6.188647033717456,14058,79.67379485320768,13795,3.051830373323668,13795,0.2972091337441102,13795,16.97716563972454,13795,83.02283436027547,13795,12.383488681757656,751,20.7761696398519,44.680039661353064,13111,53.931812981465946,13111,64.87410631022692,12868,92.85714285714286,1190,3.357518850476597,14058,13.29073482428115,3130,50.14992503748126,4002,22.31384307846077,4002,22.688655672163918,4002,5.9720139930034986,4002,4002,3.5127436281859072,94.21142531789714,5.788574682102862,0.45549440121465173,5269,5269,5269
010801,9107,4414,23.88272757219721,9107,62.00724717250467,9107,14.110025255298122,9107,32.14011200175689,9107,19.6771714066103,9107,32.0,35.64412,106.32079746261894,4693,6.105193806961678,9107,23.32271878774569,9107,2.7780827934555834,9107,61.27147157782893,38.51602620860634,22.755445369222596,59.08045977011494,169.26070038910507,14.998536728124085,6834,21.581196581196583,3276,93.60751005811355,2237,98.75835721107927,2094,91.66666666666667,300,55.635245901639344,976,13.504874540514624,6257,42.72015342816046,6257,17.372542752117628,6257,26.402429279207286,6257,43.774972031324914,6257,49.033082947099246,6257,12.643591184906532,21.581196581196583,8.937605396290051,3276,3558,-1.1543557147431684,25.804311774461027,26.958667489204196,3015,3242,-0.9612238007985976,7.042786069651742,8.00400987045034,3015,3242,18.946322067594433,5030,52.24652087475149,5030,0.73558648111332,5030,19.463220675944335,5030,1.6302186878727634,5030,0.09940357852882704,5030,20.576540755467196,5030,72.85652110837081,71.88452052807196,6893,6893,5022,1.3341298287534846,64.46056210335449,63.55394378966455,3309,3309,61.5506958250497,5030,7.614314115308151,5030,27.09741550695825,5030,16.14769682521694,80.60825892857143,64.46056210335449,3584,3309,11.451292246520875,5030,3.4393638170974157,5030,61.39165009940358,5030,2.047713717693837,5030,5.526838966202783,5030,7.673956262425447,5030,1.3916500994035785,5030,3.320079522862823,5030,0.15904572564612326,5030,1.3518886679920477,5030,7.157057654075547,5030,1.8886679920477136,5030,90.6335785659383,9107,15.735148786647633,9107,15.691226529043593,9107,47.55682442077523,9107,59.40485340946525,9107,84.4075985505655,9107,99.4922176840711,9059,99.23832652610663,9059,36.0655737704918,6893,22.530080582845788,9059,0.4525885859366376,9059,10.554771979313587,8508,2.112443,1752,3.4315047,14.211422,11153.0,93.82716049382717,486,32.429877087929405,3173,52.012608,7.540834265622503,6257,28.393433010847257,6822,27.2207563764292,6822,3.0782761653474053,6822,6.4350630313691,6822,34.87247141600704,6822,34.165095023937326,6893,0.2901494269548818,6893,0.2321195415639054,6893,0.0,6893,0.08704482808646453,6893,0.014507471347744088,6893,0.0,6893,0.0,6893,0.0,6893,0.0,6893,5.905729109173198,9059,4.216800971409648,9059,5.673915443205652,9059,4.459653383375649,9059,12.363395518269124,9059,81.01152512028645,8937,9.712431464697326,8937,0.6154190444220655,8937,8.660624370594158,8937,91.33937562940584,8937,9.510086455331413,347,20.46909250328803,82.98486773709138,8657,15.536560009241077,8657,26.7277856135402,8508,97.45916515426497,551,3.046693895573463,9059,7.007921998781231,1641,39.53706599937441,3197,31.37316233969346,3197,28.839537065999373,3197,10.822646230841414,3197,3197,2.8335939943697217,94.84193011647254,5.15806988352746,1.2201885745978924,3606,3606,3606
010901,5375,2658,23.77674418604651,5375,66.64186046511628,5375,9.581395348837209,5375,32.11162790697674,5375,12.986046511627906,5375,29.0,32.432743,102.21971407072988,2717,6.641860465116279,5375,26.36279069767442,5375,1.9534883720930232,5375,50.055834729201564,35.678391959798994,14.377442769402569,40.29733959311424,248.15533980582524,7.064676616915423,4020,10.455896927651139,2018,92.73875295974743,1267,97.70212765957447,1175,93.00699300699301,143,38.84430176565008,623,8.17109953386345,3647,32.08116259939676,3647,36.93446668494653,3647,22.813271181793255,3647,59.74773786673978,3647,64.13490540170002,3647,6.8095432812974925,10.455896927651139,3.6463536463536466,2018,2002,2.0713940295060205,23.848684210526315,21.777290181020295,1824,1823,-0.47703022297928044,8.62609649122807,9.10312671420735,1824,1823,22.415490646537577,3047,54.25008204791598,3047,0.9845749917952084,3047,12.011814899901543,3047,1.8378733180177222,3047,0.032819166393173616,3047,24.2533639645553,3047,76.14314115308152,74.95029821073558,4024,4024,3064,1.566579634464752,66.46884272997033,65.28189910979229,2022,2022,49.721037085658025,3047,13.455858221201181,3047,31.112569740728585,3047,19.445243184115583,85.91408591408592,66.46884272997033,2002,2022,9.944207417131604,3047,3.9382999671808334,3047,49.16311125697407,3047,4.791598293403347,3047,8.598621595011487,3047,10.239579914670168,3047,3.7413849688217917,3047,3.6101083032490973,3047,0.5579258286839515,3047,1.3455858221201182,3047,2.9537249753856254,3047,2.3957991467016737,3047,90.47441860465116,5375,12.353488372093024,5375,20.037209302325582,5375,31.795348837209303,5375,48.70697674418604,5375,77.43255813953489,5375,97.61634506242906,5286,97.18123344684071,5286,15.382703777335983,4024,33.617101778282255,5286,4.767309875141884,5286,12.089249492900608,4930,1.7370518,1255,2.7113779,9.138232,5187.0,93.95973154362416,298,39.58793230316409,1359,49.025017,8.864546202358103,3647,25.714285714285715,3990,23.984962406015036,3990,3.0325814536340854,3990,4.5363408521303255,3990,42.73182957393484,3990,10.636182902584492,4024,0.4721669980119284,4024,0.09940357852882704,4024,0.0,4024,0.04970178926441352,4024,0.0,4024,0.0,4024,0.0,4024,0.0,4024,0.0,4024,3.3295497540673478,5286,1.8350359440030268,5286,2.591751797200151,5286,1.551267499054105,5286,5.959137343927355,5286,71.00535168195718,5232,6.976299694189603,5232,0.6880733944954128,5232,21.3302752293578,5232,78.6697247706422,5232,7.048458149779735,227,21.41253051261188,95.73914782956591,4999,3.680736147229446,4999,11.906693711967545,4930,94.38202247191012,356,4.40786984487325,5286,8.324661810613943,961,47.49090909090909,1375,27.70909090909091,1375,18.181818181818183,1375,4.581818181818182,1375,1375,3.8443636363636364,93.28636552009947,6.713634479900534,0.49730625777041026,2413,2413,2413
010902,14848,7546,29.14197198275862,14848,59.04498922413793,14848,11.813038793103448,14848,38.267780172413794,14848,15.8203125,14848,27.0,32.349678,96.76649880731513,7302,8.741918103448276,14848,23.659752155172413,14848,3.3876616379310347,14848,69.36238165849207,49.35553781225048,20.006843846241587,40.53616824589785,246.69327251995438,13.15381635025184,10324,19.25771634160197,5281,80.44379419653743,4101,99.42406789936345,3299,75.63352826510722,513,25.785340314136125,1528,14.470396523628462,9205,48.71265616512765,9205,24.421510048886475,9205,12.395437262357415,9205,36.81694731124389,9205,46.018468223791416,9205,12.49586823531603,19.25771634160197,6.761848106285941,5281,5043,0.4204504245028904,12.600934976625584,12.180484552122694,4706,4499,-1.0077671318941634,5.994900127496813,7.002667259390976,4706,4499,12.981272536931488,8597,56.76398743747819,8597,0.4885425148307549,8597,18.960102361288822,8597,0.5001744794695824,8597,0.08142375247179248,8597,13.48144701640107,8597,82.23120608335739,81.2590239676581,10389,10389,8543,1.182254477349877,76.29601803155522,75.6198347107438,5324,5324,75.61940211701756,8597,4.676049784808654,8597,15.517040828195883,8597,12.173873380093355,88.46989141164858,76.29601803155522,5065,5324,6.071885541467954,8597,2.0006979178783295,8597,75.51471443526812,8597,1.5470512969640573,8597,3.059206700011632,8597,5.699662673025474,8597,1.0003489589391648,8597,1.4888914737699197,8597,0.10468768174944748,8597,0.6281260904966849,8597,3.2336861695940446,8597,1.2562521809933698,8597,89.54067887931035,14848,11.651400862068966,14848,12.836745689655173,14848,27.64008620689655,14848,49.427532327586206,14848,73.29606681034483,14848,99.07363258633607,14681,98.75349090661399,14681,33.7761093464241,10389,18.200395068455826,14681,1.580273823309039,14681,6.578063167326215,13393,2.3037672,2920,3.3751729,14.096451,16983.0,86.03465851172272,981,34.293137042649924,4619,50.31912,6.487452471482889,9205,35.42784661918236,10249,19.4165284417992,10249,2.3026636745048297,10249,5.863986730412723,10249,36.98897453410089,10249,28.058523438251996,10389,0.279141399557224,10389,0.5390316681105015,10389,0.009625565501973242,10389,0.18288574453749157,10389,0.0,10389,0.0,10389,0.0,10389,0.0,10389,0.0,10389,4.3661875894012665,14681,3.1673591717185476,14681,4.543287242013487,14681,3.2763435733260677,14681,8.548464001089844,14681,83.66795901412351,14444,5.019385211852672,14444,0.47078371642204375,14444,10.841872057601773,14444,89.15812794239822,14444,13.017751479289942,676,20.883998834159136,86.36263816704488,13661,12.400263523900154,13661,20.63764653177033,13393,95.4968944099379,1288,3.187793747019958,14681,16.16785946649317,3074,47.33103745157124,4646,28.626775721050365,4646,24.23590185105467,4646,8.58803271631511,4646,4646,3.1599225139905296,96.55407710678949,3.4459228932105077,0.2047082906857728,5862,5862,5862
010903,5016,2440,21.750398724082935,5016,66.70653907496013,5016,11.543062200956937,5016,29.086921850079744,5016,16.40749601275917,5016,31.0,34.388756,105.57377049180327,2576,6.160287081339713,5016,25.49840510366826,5016,2.4720893141945774,5016,49.91034070531978,32.606096832038254,17.30424387328153,53.07057745187901,188.42832469775476,6.87789799072643,3882,10.13262599469496,1885,90.88291746641075,1042,98.3104540654699,947,75.40983606557377,122,43.14049586776859,605,7.826810990840966,3603,35.609214543436025,3603,35.55370524562864,3603,21.010269220094365,3603,56.56397446572301,3603,62.781015820149875,3603,6.326917431850694,10.13262599469496,3.8057085628442664,1885,1997,1.123655764838599,21.581920903954803,20.458265139116204,1770,1833,-0.6718882631973155,8.165536723163841,8.837424986361157,1770,1833,20.078041858815183,2819,51.933309684285206,2819,1.0287335934728628,2819,15.46647747428166,2819,1.5608371763036537,2819,0.2837885775097552,2819,21.638879035118837,2819,73.7233769566333,71.74749807544265,3897,3897,2873,2.6801253045596938,63.37730870712401,61.74142480211082,1895,1895,59.98581057112451,2819,10.925860234125576,2819,24.654132671159985,2819,20.13917480935951,83.51648351648352,63.37730870712401,2002,1895,8.33628946434906,2819,3.5828307910606596,2819,58.24760553387726,2819,3.4764100744945017,2819,7.413976587442355,2819,7.8041858815182685,2819,3.1216743526073074,2819,2.199361475700603,2819,1.7382050372472508,2819,0.9577864490954239,2819,2.8378857750975524,2819,2.021993614757006,2819,90.37081339712918,5016,12.161084529505581,5016,18.60047846889952,5016,30.283094098883574,5016,41.82615629984051,5016,74.44178628389155,5016,97.99317680112382,4983,97.02990166566326,4983,13.394919168591224,3897,34.256472004816374,4983,2.5486654625727474,4983,11.265498076100897,4678,1.6044568,1077,2.5814607,8.475315,4578.0,92.91666666666667,240,39.56043956043956,1274,51.629513,8.507354981959478,3603,19.93785603314345,3862,23.381667529777317,3862,3.8322112894873124,3862,5.877783531848783,3862,46.97048161574314,3862,7.954837054144214,3897,0.23094688221709006,3897,0.2052861175263023,3897,0.0,3897,0.2822684115986656,3897,0.0,3897,0.0,3897,0.0,3897,0.0,3897,0.0,3897,3.5922135259883605,4983,1.90648203893237,4983,3.150712422235601,4983,1.6857314870559903,4983,6.361629540437487,4983,68.56501326801389,4899,7.654623392529087,4899,1.6329863237395388,4899,22.147377015717492,4899,77.8526229842825,4899,9.433962264150944,159,21.35948905109489,95.29039070749737,4735,4.118268215417107,4735,8.614792646430098,4678,98.0327868852459,305,2.7894842464378886,4983,7.870967741935484,775,43.77916018662519,1286,32.97045101088647,1286,20.762052877138412,1286,7.076205287713841,1286,1286,3.874805598755832,89.7484575225439,10.251542477456098,0.5695301376364499,2107,2107,2107
011001,13282,6003,28.527330221352205,13282,64.69658184008432,13282,6.776087938563469,13282,38.44300557145008,13282,10.036139135672338,13282,25.0,29.177156,121.25603864734299,7279,6.1436530642975455,13282,29.78467098328565,13282,1.5208552928775787,13282,54.56767136040963,44.094030024438496,10.47364133597114,23.752969121140143,421.0,10.99041533546326,9390,14.226854095976734,4126,89.19824697086878,3879,99.76878612716763,3460,85.09316770186335,483,63.53346456692913,2032,11.22693505871076,8346,24.299065420560748,8346,31.164629762760605,8346,33.309369757967886,8346,64.4739995207285,8346,67.67313683201533,8346,5.77320667956336,14.226854095976734,8.453647416413373,4126,5264,-0.9150194861263472,32.794520547945204,33.70954003407155,3650,4696,-0.5556204055914691,9.120273972602739,9.675894378194208,3650,4696,26.25,6480,46.75925925925926,6480,0.9567901234567902,6480,13.441358024691358,6480,0.9259259259259259,6480,0.06172839506172839,6480,27.175925925925927,6480,69.60763520678685,67.95334040296925,9430,9430,6564,2.376599634369287,61.41789245237521,60.067518688208345,4147,4147,54.367283950617285,6480,10.277777777777779,6480,26.635802469135804,6480,14.618450534564019,76.03634298693923,61.41789245237521,5283,4147,10.154320987654321,6480,4.04320987654321,6480,54.22839506172839,6480,3.7191358024691357,6480,6.512345679012346,6480,7.777777777777778,6480,2.654320987654321,6480,3.2098765432098766,6480,0.1388888888888889,6480,0.5864197530864198,6480,4.027777777777778,6480,2.4691358024691357,6480,90.00903478391808,13282,12.046378557446168,13282,12.52070471314561,13282,27.556090950158108,13282,35.00225869597952,13282,59.087486824273455,13282,99.38650306748467,13203,99.20472619859123,13203,32.364793213149525,9430,36.47655835794895,13203,0.3484056653790805,13203,1.9123698862260954,12393,1.9012395,2501,2.8486876,11.115313,10580.0,91.05431309904154,626,31.77749360613811,3128,46.284206,9.432901988976756,8346,18.09410234171726,9224,28.317432784041632,9224,4.759323503902862,9224,4.499132697311362,9224,44.33000867302689,9224,7.0519618239660655,9430,0.21208907741251326,9430,20.593849416755038,9430,0.042417815482502653,9430,0.0,9430,0.021208907741251327,9430,0.010604453870625663,9430,0.0,9430,0.0,9430,0.0,9430,2.9765962281299703,13203,1.9919715216238734,13203,2.522154055896387,13203,1.9162311595849428,13203,5.832007876997652,13203,80.34785309418433,12879,11.833216864663406,12879,0.3882288997592981,12879,7.430701141392965,12879,92.56929885860704,12879,6.884681583476764,581,20.21693583587953,83.19034000635526,12588,15.570384493168097,12588,19.06721536351166,12393,96.66666666666667,810,0.8104218738165568,13203,13.256897169473307,2791,46.44859813084112,3210,21.277258566978194,3210,24.797507788161994,3210,4.423676012461059,3210,3210,4.113084112149533,96.13438575187209,3.865614248127912,0.3845375430074884,4941,4941,4941
011002,2547,1201,32.391048292108366,2547,60.188457008244995,2547,7.420494699646643,2547,41.22497055359246,2547,10.954063604240282,2547,26.0,29.416569,112.07327227310574,1346,8.205732234000786,2547,23.635649784059677,2547,1.7275225755791126,2547,66.14481409001957,53.816046966731896,12.32876712328767,22.90909090909091,436.5079365079365,5.5685814771395075,1706,8.312342569269521,794,95.75530586766541,801,99.34810951760105,767,92.5233644859813,107,42.75092936802974,269,5.621693121693122,1512,35.05291005291005,1512,40.27777777777778,1512,19.047619047619047,1512,59.32539682539682,1512,65.8068783068783,1512,5.132518007866013,8.312342569269521,3.1798245614035086,794,912,2.0594965675057217,20.17543859649123,18.115942028985508,684,828,-0.28998220188151613,8.29093567251462,8.580917874396135,684,828,21.506211180124225,1288,49.45652173913044,1288,0.5434782608695652,1288,15.062111801242237,1288,3.4937888198757765,1288,0.0,1288,25.0,1288,75.6140350877193,74.44444444444444,1710,1710,1293,1.5467904098994587,63.48808030112924,62.73525721455458,797,797,59.78260869565217,1288,11.024844720496894,1288,24.922360248447205,1288,22.711262524719608,86.19934282584884,63.48808030112924,913,797,7.996894409937888,1288,6.754658385093168,1288,59.70496894409938,1288,3.027950310559006,1288,7.919254658385094,1288,5.8229813664596275,1288,2.1739130434782608,1288,3.3385093167701863,1288,0.07763975155279502,1288,0.9316770186335404,1288,4.192546583850931,1288,2.717391304347826,1288,94.62112288967413,2547,7.656065959952886,2547,8.12720848056537,2547,36.74911660777385,2547,16.52925009815469,2547,69.572045543777,2547,99.6437054631829,2526,99.36658749010293,2526,78.42105263157895,1710,34.24386381631037,2526,0.1583531274742676,2526,8.408796895213454,2319,2.587002,477,3.7102673,12.514221,2637.0,92.12121212121212,165,35.25798525798526,814,46.511055,8.44973544973545,1512,21.45390070921986,1692,32.328605200945624,1692,4.432624113475177,1692,4.846335697399527,1692,36.938534278959814,1692,1.9883040935672514,1710,0.11695906432748537,1710,61.16959064327485,1710,0.0,1710,0.11695906432748537,1710,0.05847953216374269,1710,0.0,1710,0.0,1710,0.0,1710,0.0,1710,2.6920031670625493,2526,1.9002375296912113,2526,1.9794140934283453,2526,1.8606492478226444,2526,5.5027711797308,2526,87.12,2500,7.04,2500,0.0,2500,5.84,2500,94.16,2500,12.396694214876034,121,19.343866171003718,73.65546218487395,2380,25.168067226890756,2380,43.38076757222941,2319,96.61835748792271,207,3.1274742676167855,2526,5.290102389078498,586,51.282051282051285,819,19.413919413919412,819,23.931623931623932,819,6.105006105006105,819,819,3.0842490842490844,88.75739644970415,11.242603550295854,0.23668639053254437,845,845,845
011003,7235,3340,26.371803731859018,7235,65.45957152729785,7235,8.168624740843123,7235,36.586040082930204,7235,11.955770559778852,7235,26.0,30.7349,116.61676646706587,3895,7.28403593642018,7235,28.47270214236351,7235,1.4236351071181754,7235,52.7660472972973,40.28716216216216,12.478885135135135,30.9748427672956,322.84263959390864,4.548060386011848,5233,6.586310804993543,2323,90.36144578313252,1826,95.21212121212122,1650,79.64601769911505,226,60.43360433604336,1107,5.09020618556701,4656,30.369415807560138,4656,41.64518900343643,4656,22.895189003436425,4656,64.54037800687286,4656,69.15807560137458,4656,3.6653486056808284,6.586310804993543,2.9209621993127146,2323,2910,0.23790595077813137,23.025689819219792,22.78778386844166,2102,2554,-0.4086047743618906,8.9058039961941,9.31440877055599,2102,2554,27.942046126552334,3382,46.21525724423418,3382,1.0644589000591367,3382,11.413364872856299,3382,2.306327616794796,3382,0.0,3382,30.24837374334713,3382,66.00835548803646,63.69160653247246,5266,5266,3476,3.509781357882624,57.35671514114628,55.47476475620188,2338,2338,55.76581904198699,3382,8.870490833826139,3382,28.38557066824364,3382,15.55995152552039,72.91666666666667,57.35671514114628,2928,2338,9.402720283855707,3382,5.381431105854524,3382,55.14488468361916,3382,3.607332939089296,3382,5.233589591957422,3382,8.072146658781786,3382,2.749852158486103,3382,3.22294500295683,3382,0.6209343583678297,3382,1.4488468361916027,3382,5.292726197516263,3382,2.099349497338853,3382,88.38977194194887,7235,12.06634416033172,7235,13.185901865929509,7235,20.677263303386315,7235,23.386316516931583,7235,56.973047684865236,7235,98.65940511101802,7161,98.32425638877251,7161,46.752753513102924,5266,53.80533445049574,7161,0.5865102639296188,7161,20.174777761036612,6637,2.2807295,1261,3.1953855,10.556501,6451.0,94.18604651162791,430,35.94164456233422,2262,47.914234,9.129939862542955,4656,18.491008600469115,5116,30.27756059421423,5116,4.397967161845192,5116,4.730258014073495,5116,42.10320562939797,5116,3.7599696164071403,5266,0.49373338397265476,5266,33.89669578427649,5266,1.519179642992784,5266,0.20888720091150778,5266,0.759589821496392,5266,0.5127231295100646,5266,0.0189897455374098,5266,0.0569692366122294,5266,0.13292821876186858,5266,2.7230833682446587,7161,1.3824884792626728,7161,2.024856863566541,7161,1.2987012987012987,7161,5.138947074430946,7161,74.47290222159332,7067,9.820291495684167,7067,0.3396066223291354,7067,15.367199660393378,7067,84.63280033960662,7067,10.48951048951049,286,20.2817753866846,84.98591966800059,6747,10.36016007114273,6747,21.31987343679373,6637,88.74045801526718,524,4.231252618349393,7161,9.736456808199122,1366,42.52376836646499,2314,20.82973206568712,2314,30.72601555747623,2314,6.871218668971478,2314,2314,3.094641313742437,93.67726920093095,6.322730799069049,0.3103180760279286,2578,2578,2578
020101,757431,390792,19.673211157187914,757431,70.20230225591506,757431,10.124486586897024,757431,27.673543860760915,757431,14.408705215392557,757431,33.0,34.68615,93.81947429834797,366639,4.924276930835944,757431,25.188961106688264,757431,2.106198452400285,757431,42.445470855728615,28.023598265298062,14.421872590430553,51.46331478884109,194.31317319980178,1.319990848593966,603186,2.1554543664780486,314922,98.3808889262635,154591,64.3923254957656,152088,95.40941543953592,17928,75.01712078856669,89073,1.583310804721997,554850,7.048391457150581,554850,31.252771019194377,554850,60.11552671893305,554850,91.36829773812742,554850,92.47526358475264,554850,1.7481888043544396,2.1554543664780486,0.4072655621236089,314922,288264,-1.2762077544433268,59.5094677663485,60.78567552079183,291357,263493,-0.6995599371178045,13.120196185435736,13.81975612255354,291357,263493,49.50422364502167,405929,37.62800883898416,405929,2.582964015874697,405929,4.894698333945099,405929,0.9876111339667775,405929,0.04705256337931017,405929,50.49183477898844,405929,69.93867263562083,66.91796493073994,604461,604461,422752,4.319080690333813,64.98009116567255,62.020532866206935,315689,315689,3.740555614405475,405929,14.36827622564537,405929,74.3073296069017,405929,10.379361966902636,75.35945313257518,64.98009116567255,288772,315689,34.306492022003845,405929,5.622165452579146,405929,3.3619179708766804,405929,8.655947222297495,405929,5.5241187498306354,405929,20.717662448359196,405929,5.58767666266761,405929,6.9684600016259,405929,0.3786376435287944,405929,6.824838826494289,405929,6.502368640821424,405929,6.7639907471503635,405929,55.434224371592926,757431,34.94153262805457,757431,36.74301685566078,757431,22.570900847733984,757431,53.9468281599248,757431,65.2970369578219,757431,99.18836753098242,752927,99.00734068508633,752927,25.595034253657392,604461,18.550802401826473,752927,1.819831139008164,752927,6.105320799998882,715851,1.2220052,186883,1.7504618,7.574421,521492.0,97.95714997508719,34119,41.97959869969734,249788,49.193172,13.452410561412995,554850,32.30497213170696,597812,11.191645534047494,597812,8.165777869965808,597812,5.123182538992191,597812,43.214421925287546,597812,2.3283553446789784,604461,20.6809041443534,604461,0.07659716673201414,604461,0.016047354585324778,604461,0.3934083423082713,604461,0.005790282582333682,604461,0.010587945293410162,604461,0.002150676387723939,604461,0.002150676387723939,604461,0.006782902453590885,604461,3.849111534053102,752927,1.5801000628214954,752927,2.6509874131223876,752927,0.9690182447966403,752927,6.584569287593618,752927,47.380392083579714,749177,27.517796195024673,749177,2.838314577196043,749177,22.26349714419957,749177,77.73650285580044,749177,1.9219588933347014,29241,23.53185392395995,92.58429695381383,724611,6.505559534702067,724611,31.6884379570609,715851,98.36551947351386,37076,2.0709843052513723,752927,2.265616197335691,115377,37.145403828783124,251307,24.340348657220055,251307,23.414389571321134,251307,5.897965436696948,251307,251307,2.996044678421214,94.65584599515796,5.344154004842039,0.0,374222,374222,374222
020102,21729,10827,28.749597312347554,21729,62.37746790004142,21729,8.872934787611026,21729,36.74352248147637,21729,12.904413456670808,21729,27.0,31.171108,100.69271266278747,10902,8.297666712688113,21729,24.225689171153757,21729,1.8638685627502416,21729,60.314298362107124,46.08971521322119,14.224583148885937,30.86281415079238,324.01452282157675,5.920835260688562,15133,9.150757077024359,7595,95.11271726036827,5811,97.4488872806224,5527,88.18897637795276,762,31.156636790439606,2343,6.909593424976362,13749,36.075350934613425,13749,48.87628191141174,13749,8.138773728998473,13749,57.01505564041021,13749,62.17906756855044,13749,6.484267291935476,9.150757077024359,2.666489785088883,7595,7538,0.7471157593950215,8.513119533527696,7.766003774132675,6860,6889,-1.292081134965236,7.16734693877551,8.459428073740746,6860,6889,11.30314018980017,12961,67.4484993441864,12961,0.8255535838284083,12961,9.49772394105393,12961,0.6480981405755729,12961,0.5632281459763907,12961,11.951238330375743,12961,84.44632842050346,83.28550932568149,15334,15334,12949,1.3746235230519732,80.11415228953172,79.40070047995849,7709,7709,72.53298356608286,12961,8.479284005863745,12961,16.310469871151916,12961,8.712077218665002,88.82622950819672,80.11415228953172,7625,7709,2.484376205539696,12961,2.9627343569169047,12961,69.8557210091814,12961,3.0398888974616156,12961,5.423964200293187,12961,6.4964123138646706,12961,3.5336779569477663,12961,1.6433917136023455,12961,2.6772625569014736,12961,0.33176452434225756,12961,0.5246508757040352,12961,0.7561144973381684,12961,74.28781812324543,21729,8.18261309770353,21729,9.719729393897556,21729,40.14910948502002,21729,41.70463435961158,21729,71.15375765106539,21729,99.28455284552845,21525,98.78281068524971,21525,87.8961784270249,15334,17.979094076655052,21525,0.4413472706155633,21525,8.141359931142727,19751,2.2435281,4365,3.051082,10.523253,20640.0,70.14925373134328,1474,35.154899614412976,7521,47.1194,7.814750163648266,13749,36.5664143613102,14929,23.16966977024583,14929,3.670708017951638,14929,5.566347377587246,14929,31.026860472905085,14929,0.5151949915221077,15334,66.90361288639625,15334,0.026085822355549758,15334,0.0,15334,0.13695056736663624,15334,0.0,15334,0.0,15334,0.0,15334,0.0,15334,0.0,15334,2.1045296167247387,21525,1.8211382113821137,21525,2.457607433217189,21525,1.6306620209059233,21525,5.026713124274099,21525,76.03360706317937,21067,5.202449328333413,21067,0.48891631461527507,21067,18.275027293871933,21067,81.72497270612807,21067,10.18418201516793,923,20.604655953852493,50.97094611373231,20135,47.593742239880804,20135,65.9865323274771,19751,95.09582863585118,1774,4.02787456445993,21525,4.356105689121637,4201,44.464944649446494,7588,21.046389035318924,7588,28.110173958882445,7588,7.380073800738008,7588,7588,2.8367158671586714,90.63716646092489,9.362833539075112,6.912923748931726,10531,10531,10531
020103,20446,10206,24.449770126186053,20446,64.13479409175389,20446,11.41543578206006,20446,31.414457595617726,20446,16.144967230754183,20446,32.0,34.3857,100.33313737017441,10240,6.343539078548371,20446,21.935830969382764,20446,2.3183018683361047,20446,55.92160451460383,38.122473880881564,17.79913063372226,46.689337867573514,214.1816623821765,4.068508432311831,15239,6.587926509186352,7620,96.75431388660641,4868,81.78343949044586,4710,90.70866141732283,635,49.28676832267585,2033,4.599659284497444,14088,24.51022146507666,14088,43.48381601362862,14088,27.406303236797275,14088,70.8901192504259,14088,73.9068710959682,14088,5.039166829438354,6.587926509186352,1.5487596797479983,7620,7619,-0.6571378474300609,27.078014184397162,27.735152031827223,7050,7038,-1.5145052088056943,9.257304964539006,10.7718101733447,7050,7038,20.66729917773561,12648,62.84788108791904,12648,1.3282732447817838,12648,7.052498418722328,12648,0.6957621758380772,12648,0.031625553447185324,12648,21.363061353573688,12648,82.7232987538331,81.5489006328701,15327,15327,12679,1.4196703210032338,78.64495114006515,77.57654723127035,7675,7675,49.47817836812144,12648,12.689753320683112,12648,33.13567362428842,12648,8.168953721408982,86.81390486147413,78.64495114006515,7652,7675,12.104680581910184,12648,3.6369386464263123,12648,48.98007590132827,12648,4.475015812776723,12648,8.135673624288424,12648,10.705249841872233,12648,4.4512966476913345,12648,3.739721695129665,12648,0.4981024667931689,12648,1.2096774193548387,12648,2.340290955091714,12648,2.458886780518659,12648,70.48322410251394,20446,15.548273500929277,20446,19.994130881345985,20446,34.12892497309987,20446,48.95334050670058,20446,69.89142130490072,20446,99.5615763546798,20300,99.28571428571429,20300,69.22424479676388,15327,37.86699507389162,20300,0.7832512315270936,20300,16.931411739953713,19012,1.871969,4124,2.5971255,9.428668,17818.0,83.33333333333333,1110,31.205882352941178,6800,50.199413,10.013912549687678,14088,45.01135301188727,14974,15.046079871777748,14974,4.728195538934153,14974,5.5362628556164015,14974,29.678108721784426,14974,0.9395184967704052,15327,53.108892803549296,15327,0.03914660403210021,15327,0.0,15327,0.24140405819795133,15327,0.0,15327,0.0,15327,0.0,15327,0.0,15327,0.0,15327,2.3842364532019706,20300,1.793103448275862,20300,2.2610837438423643,20300,1.2955665024630543,20300,4.995073891625616,20300,68.07584550730438,19988,10.49129477686612,19988,1.3057834700820492,19988,20.12707624574745,19988,79.87292375425255,19988,4.329004329004329,693,21.934183033848726,66.56487759432741,19321,32.431033590393874,19321,56.9745423942773,19012,97.98136645962732,1288,4.847290640394089,20300,2.802944507361268,3532,41.296728971962615,6848,26.372663551401867,6848,25.073014018691588,6848,7.213785046728972,6848,6848,2.9643691588785046,82.16276477146042,17.837235228539583,13.145670754366407,10764,10764,10764
020104,46188,23319,26.07387200138564,46188,66.8420368926994,46188,7.084091105914956,46188,34.36390404434052,46188,10.823157530094397,46188,28.0,31.026651,98.07024314936318,22869,7.066770589763575,46188,25.81406425911492,46188,1.1777950982939291,46188,49.6064522398212,39.00819486282512,10.59825737699608,27.16930997259819,368.0623471882641,3.53007541119886,33682,6.158238172920065,17164,97.18465594964702,11757,92.06196394188693,11426,89.093387866394,1467,55.263648220607415,5367,3.92163275986132,30574,20.831425394125727,30574,48.91083927520115,30574,26.3361025708118,30574,75.24694184601296,30574,78.226597762805,30574,5.3591099491641625,6.158238172920065,0.7991282237559026,17164,16518,-1.2376369374994098,25.731816438706378,26.969453376205788,15646,14928,-1.5342253323430413,9.49431164514892,11.028536977491962,15646,14928,31.093023255813954,25800,52.445736434108525,25800,1.7403100775193798,25800,7.147286821705427,25800,1.050387596899225,25800,0.09302325581395349,25800,32.14341085271318,25800,77.27862662969736,75.44982596896938,33902,33902,26199,2.3665025382648195,71.36907860489329,69.65700734571115,17289,17289,19.27906976744186,25800,22.786821705426355,25800,52.36434108527132,25800,12.059561616619987,83.42864022151328,71.36907860489329,16613,17289,11.224806201550388,25800,5.3062015503875966,25800,18.872093023255815,25800,11.422480620155039,25800,11.290697674418604,25800,22.197674418604652,25800,8.852713178294573,25800,6.0310077519379846,25800,0.4069767441860465,25800,1.6317829457364341,25800,2.883720930232558,25800,2.12015503875969,25800,70.2043820905863,46188,14.440980341214168,46188,19.892612799861435,46188,40.13380098726942,46188,55.13986316792241,46188,69.8406512514073,46188,99.55324063984658,45886,99.28082639585058,45886,67.3529585275205,33902,51.47757485943425,45886,0.9305670574903021,45886,23.937255269760136,42649,1.8620888,10427,2.4522257,9.170282,37796.0,89.95830437804031,2878,39.595572320821226,16171,45.172962,10.243409432851442,30574,35.801165001659975,33133,19.07765671686838,33133,4.768659644463224,33133,4.472882020945884,33133,35.879636616062534,33133,2.3036988968202468,33902,57.67211373960238,33902,0.05014453424576721,33902,0.00294967848504513,33902,0.30971624092973865,33902,0.0,33902,0.00589935697009026,33902,0.00589935697009026,33902,0.00294967848504513,33902,0.0,33902,2.900666870069302,45886,1.176829534062677,45886,2.1531621845443056,45886,1.0264568713768905,45886,5.1083119034128055,45886,69.99513661685383,45236,9.041471394464585,45236,1.1981607569192678,45236,19.765231231762314,45236,80.23476876823769,45236,4.421949920085242,1877,21.989307435746518,73.89219347996496,43374,25.144095541107575,43374,50.751483035944574,42649,98.30089589125734,3237,5.171512008019875,45886,2.538656819755366,8666,41.1513599219417,16398,16.562995487254543,16398,33.22966215392121,16398,6.165386022685693,16398,16398,2.7982680814733505,64.99451623670784,35.00548376329216,11.034285441800582,20971,20971,20971
020105,885825,458451,26.488866311065955,885825,68.59131318262637,885825,4.919820506307679,885825,36.05283210566421,885825,7.47901673581125,885825,26.0,28.84669,93.22130391252283,427374,7.213162870770186,885825,29.73115457342026,885825,0.8509581463607372,885825,45.79105627231118,38.618397989463446,7.172658282847734,18.573163715399858,538.411234253459,2.3895500312521274,646356,4.017073665458458,340173,97.62368672397325,235575,84.4888836709758,229977,91.23638737160329,29109,66.37315113994195,121629,2.8693960485927974,578275,13.299727638234405,578275,45.08010894470624,578275,38.75076736846656,578275,83.8308763131728,578275,85.73118326055942,578275,3.4357219901531666,4.017073665458458,0.5813516753052913,340173,306183,-0.8421630850362689,38.35358649512844,39.19574958016471,305549,272726,-1.1332286790012471,11.068790930423598,12.202019609424845,305549,272726,39.509385198326655,456570,46.5692007797271,456570,1.9495367632564558,456570,6.5021792934270755,456570,0.6196202115776333,456570,0.08103905206211534,456570,40.12900540990429,456570,72.452137902091,69.88699484039796,648112,648112,469571,3.5404656590803096,66.2820238580123,63.891534244247204,341269,341269,4.695227456906936,456570,24.015156492980267,456570,65.94826642135926,456570,13.032478998497382,79.31450285650968,66.2820238580123,306843,341269,18.19852377510568,456570,4.886873863810588,456570,4.327047331186893,456570,16.546860284293757,456570,7.32461615962503,456570,28.541297062881924,456570,7.296362003635807,456570,7.579341612458111,456570,0.36818012572004294,456570,2.862868782442999,456570,6.089975250235451,456570,3.5313314497229342,456570,61.39801879603759,885825,21.014421584398725,885825,28.89238845144357,885825,38.22448000451556,885825,64.64301639714391,885825,73.46575226483786,885825,99.57345101036098,881962,99.29554788074769,881962,55.51694768805392,648112,38.48056945764103,881962,1.0453965136819954,881962,8.255766500414206,818434,1.518552,234989,1.9638073,9.254676,626105.0,92.1372887932555,56698,42.22095568273411,296521,42.796856,11.603244131252431,578275,30.203120630312952,640063,17.01801228941526,640063,5.310102286806143,640063,3.945392875388829,640063,43.52337191807681,640063,2.1209297158515814,648112,50.1397906534673,648112,0.03903646283358432,648112,0.007406127336015997,648112,0.2118461006739576,648112,0.002623003431505666,648112,0.006634655738514331,648112,0.0006171772780013331,648112,0.0015429431950033327,648112,0.0009257659170019997,648112,3.238915055297167,881962,1.1327018624385177,881962,1.9726473476181514,881962,0.9340538481249759,881962,5.332089137627245,881962,59.415509887110495,875635,15.045880989224962,875635,1.0893808493264887,875635,24.44922827433805,875635,75.55077172566195,875635,3.2148743065388454,43081,22.317488827592104,83.34578043315908,832858,15.860326730367001,832858,39.330477472832264,818434,97.79939554212316,63528,1.604037362153925,881962,2.296260869064151,173543,46.07617004157168,298280,12.652876491886818,298280,25.502883196996113,298280,3.7749765321174733,298280,298280,2.9568258012605604,87.11539442645334,12.884605573546665,7.535536158086404,411623,411623,411623
020201,47257,24114,23.439913663584232,47257,63.90799246672451,47257,12.652093869691262,47257,31.32869204562287,47257,18.185665615675983,47257,32.0,35.31553,95.9732935224351,23143,6.062593901432592,47257,22.623103455572718,47257,2.5287259030408196,47257,56.474951160557595,36.67759345717029,19.797357703387306,53.9767084950799,185.2650944974076,8.617812597222615,35357,14.804223493180817,18184,96.53853160867189,10978,98.11285148141158,10598,89.97739261492087,1327,52.075793059399615,4697,10.216594263178976,32457,24.376867855932463,32457,44.96102535662569,32457,20.44551252426287,32457,65.40653788088856,32457,68.33348738330714,32457,12.737024983892981,14.804223493180817,2.0671985092878358,18184,17173,-9.486884797722512,15.876129339039467,25.36301413676198,16824,15633,-3.063905437334771,7.5768544935805995,10.64075993091537,16824,15633,15.575713843933615,29103,58.49912380166993,29103,0.8384015393602035,29103,13.118922447857608,29103,0.21647252860529842,29103,0.1374428753049514,29103,15.792186372538913,29103,81.14978490418459,80.27543438180903,35798,35798,29050,1.0774526678141136,77.95629124743049,77.28551336146273,18486,18486,55.739958079923035,29103,13.586228223894445,29103,26.897570697178985,29103,6.603551636118496,84.55984288354898,77.95629124743049,17312,18486,9.864962375012885,29103,1.6871112943682782,29103,55.516613407552484,29103,7.342885613167027,29103,6.2158540356664265,29103,10.400989588702195,29103,2.8485035906951173,29103,2.278115658179569,29103,0.223344672370546,29103,1.1407758650310964,29103,6.7347008899426175,29103,1.1579562244442154,29103,69.12203483081872,47257,15.900289904141186,47257,11.73159531921197,47257,42.438157310028146,47257,47.986541676365405,47257,63.9587785936475,47257,99.60246216978713,46788,99.28614174574678,46788,92.10291077713839,35798,14.864922629734119,46788,0.5492861417457467,46788,8.570843663990173,43963,2.0958006,8549,3.2504764,11.510891,50917.0,74.73294987674609,2434,37.94320374965536,18135,50.8842,9.052592661059247,32457,45.71855770889643,34778,15.170510092587268,34778,2.7517396054977286,34778,6.581747081488297,34778,29.777445511530278,34778,0.2514106933348232,35798,84.68908877590927,35798,0.005586904296329404,35798,0.0,35798,0.055869042963294036,35798,0.0,35798,0.0,35798,0.0,35798,0.002793452148164702,35798,0.0,35798,3.2059502436522185,46788,1.93639394716594,46788,3.1952637428400443,46788,1.718389330597589,46788,6.253740275284261,46788,72.00983485280359,45959,11.799647511912791,45959,0.6353488979307643,45959,15.555168737352858,45959,84.44483126264714,45959,5.09518477043673,1786,21.557221206581353,36.60598179453836,44602,61.92323214205641,44602,74.62866501376158,43963,97.30973451327434,2825,5.259895699752073,46788,2.182709993868792,8155,33.981799356983274,18351,26.211105661816795,18351,35.1806441065882,18351,10.882240749822898,18351,18351,2.5496158247506946,85.97415031115366,14.025849688846336,3.465773097175682,20890,20890,20890
020202,16953,8481,24.09603020114434,16953,61.61741284728367,16953,14.286556951571994,16953,30.88538901669321,16953,19.955170176369965,16953,35.0,36.45166,99.89388043862752,8472,5.886863681944199,16953,19.377101397982656,16953,2.7015867398100633,16953,62.291786329695576,39.10587784798009,23.18590848171549,59.290085679314565,168.66226259289843,10.626246509772637,12535,18.675857646681628,6238,95.6248428463666,3977,97.79121745990008,3803,88.30645161290323,496,43.26561324303988,1329,13.522795569674594,11647,29.62994762599811,11647,45.30780458487164,11647,11.539452219455654,11647,56.847256804327294,11647,60.1785867605392,11647,16.023801111823758,18.675857646681628,2.6520565348578686,6238,6297,-6.112550978469928,8.473992421632794,14.586543400102721,5806,5841,-3.1874248772869143,6.178608336203927,9.36603321349084,5806,5841,10.91773656680932,10515,61.46457441749881,10515,0.7893485496909177,10515,14.236804564907276,10515,0.31383737517831667,10515,0.16167379933428436,10515,11.231573941987637,10515,83.13376398298409,81.92059240586104,12694,12694,10553,1.459300672794466,79.33962264150944,78.38050314465409,6360,6360,61.483594864479315,10515,15.102234902520209,10515,19.66714217784118,10515,7.6038569922133235,86.94347963372276,79.33962264150944,6334,6360,5.106990014265335,10515,1.6547788873038516,10515,60.75130765572991,10515,8.65430337612934,10515,6.438421302900618,10515,9.633856395625298,10515,2.5011887779362816,10515,1.5691868758915835,10515,0.7322872087494056,10515,0.6562054208273894,10515,2.4916785544460294,10515,0.7513076557299097,10515,71.55075797793901,16953,8.653335692797734,16953,8.13425352444995,16953,43.154603904913586,16953,33.13867752020291,16953,63.65245089364714,16953,99.68934822868749,16739,99.45038532767788,16739,93.65842130140224,12694,16.165840253300676,16739,0.3823406416153892,16739,10.453824182799112,15755,2.3177197,2754,3.5033655,10.953772,19208.0,59.557867360208064,769,37.960042060988435,6657,52.879074,7.777109985403967,11647,49.463579898362504,12397,13.325804630152456,12397,2.403807372751472,12397,7.792207792207792,12397,27.01460030652577,12397,0.2993540255238695,12694,82.51142271939499,12694,0.00787773751378604,12694,0.0,12694,0.0787773751378604,12694,0.0,12694,0.0,12694,0.0,12694,0.0,12694,0.0,12694,3.052751060397873,16739,2.2581994145408926,16739,3.2259991636298464,16739,1.9355994981779079,16739,6.2787502240277195,16739,73.12885684609275,16367,6.19539316918189,16367,0.274943483839433,16367,20.400806500885928,16367,79.59919349911407,16367,5.208333333333333,576,21.765896703867117,27.129554402849823,16001,71.41428660708706,16001,72.94192319898445,15755,97.86585365853658,984,6.726805663420754,16739,3.0034129692832763,2930,33.858033858033856,6734,29.84852984852985,6734,37.46658746658747,6734,13.053163053163054,6734,6734,2.485743985743986,83.70638120394828,16.293618796051717,3.934380647852078,7193,7193,7193
020203,8679,4603,21.223643276875215,8679,59.89169259131236,8679,18.88466413181242,8679,27.23816107846526,8679,25.867035372738794,8679,40.0,39.848255,88.55094503584618,4076,5.403848369627838,8679,17.121788224449823,8679,4.032722663901371,8679,66.96806464024625,35.43670642554829,31.53135821469796,88.97937024972856,112.385600976205,7.878151260504202,6664,13.346336026748398,3589,96.06648199445983,1805,97.69319492502883,1734,85.59322033898304,236,56.847133757961785,628,9.382518043303929,6235,28.853247794707297,6235,42.56615878107458,6235,19.198075380914194,6235,61.764234161988774,6235,65.29270248596632,6235,11.850401067398804,13.346336026748398,1.4959349593495934,3589,3075,-8.897536602649563,15.101070154577883,23.998606757227446,3364,2871,-3.1986511968676057,7.187277051129608,10.385928247997214,3364,2871,16.275712739083364,5542,60.158787441356914,5542,1.0826416456153014,5542,12.486466979429808,5542,0.37892457596535545,5542,0.1623962468422952,5542,16.65463731504872,5542,81.94753223654958,81.39914035867793,6747,6747,5529,0.6691987701211792,78.68897421832145,78.22270981897971,3646,3646,51.06459761818838,5542,14.669794298087334,5542,30.530494406351497,5542,7.089806820053269,85.77878103837472,78.68897421832145,3101,3646,9.166365932876218,5542,2.2735474557921327,5542,50.95633345362685,5542,8.877661494045471,5542,5.7560447491880185,5542,13.15409599422591,5542,3.302057019126669,5542,2.417899675207506,5542,0.10826416456153014,5542,1.4976542764345002,5542,4.944063514976543,5542,1.6600505232767955,5542,75.49256826823367,8679,16.061758267081462,8679,14.091485194146792,8679,44.866920152091254,8679,41.96335983408227,8679,66.81645350846871,8679,99.61529494054558,8578,99.45208673350432,8578,90.38091003408923,6747,23.875029144322685,8578,1.0375378876194916,8578,12.951324707332102,8115,2.132907,1407,3.3602426,11.401582,10481.0,83.58974358974359,390,44.55521472392638,3912,55.463703,8.660144346431435,6235,44.401957785255426,6538,15.019883756500459,6538,3.747323340471092,6538,9.437136739063934,6538,27.393698378709086,6538,0.48910626945309027,6747,80.45057062398102,6747,0.0,6747,0.0,6747,0.044464206313917294,6747,0.0,6747,0.0,6747,0.0,6747,0.0,6747,0.0,6747,5.350897645138727,8578,3.38074143156913,8578,5.211004896246211,8578,2.62298904173467,8578,9.582653299137329,8578,72.96945299550083,8446,11.768884679138054,8446,0.7814349988160075,8446,14.48022732654511,8446,85.5197726734549,8446,5.964912280701754,285,22.17289313640313,42.51184258472003,8233,56.13992469330742,8233,73.43191620455946,8115,97.19222462203024,463,6.901375612030776,8578,1.893939393939394,1320,26.524466750313675,3985,34.50439146800502,3985,45.31994981179423,3985,18.644918444165622,3985,3985,2.152572145545797,76.45379023883697,23.546209761163027,6.645898234683282,3852,3852,3852
020204,9287,4675,19.446538171637773,9287,60.751588241628085,9287,19.801873586734146,9287,25.573382147087326,9287,27.37159470227199,9287,42.0,40.871326,98.6524064171123,4612,4.931624851943577,9287,17.745235275115753,9287,3.8763863465058686,9287,64.60475008862106,32.00992555831265,32.5948245303084,101.82724252491694,98.20554649265905,7.811641954969796,7284,13.912105688864923,3709,95.9841628959276,1768,96.11078373600472,1697,84.7926267281106,217,54.061624649859944,714,8.805122980643283,6871,22.020084412749235,6871,42.00261970601077,6871,27.17217290059671,6871,69.17479260660748,6871,71.66351331683889,6871,12.42958820634744,13.912105688864923,1.4825174825174825,3709,3575,-17.45797063857165,18.632478632478634,36.09044927105028,3510,3361,-3.824775813737432,7.91994301994302,11.744718833680452,3510,3361,20.344827586206897,5800,55.98275862068966,5800,1.4655172413793103,5800,13.172413793103448,5800,0.2413793103448276,5800,0.06896551724137931,5800,20.586206896551722,5800,79.098193671058,77.95735433926389,7363,7363,5824,1.4423076923076923,75.32571124700877,74.42169635735176,3761,3761,49.689655172413794,5800,13.948275862068966,5800,32.189655172413794,5800,7.711490307683064,83.03720155469183,75.32571124700877,3602,3761,17.120689655172413,5800,1.9137931034482758,5800,49.46551724137931,5800,6.672413793103448,5800,7.275862068965517,5800,9.051724137931034,5800,2.586206896551724,5800,1.603448275862069,5800,0.22413793103448276,5800,1.4137931034482758,5800,13.53448275862069,5800,1.6206896551724137,5800,68.49359319478842,9287,24.625821040163668,9287,14.68719715731668,9287,45.0199203187251,9287,44.54613976526327,9287,69.19349628512975,9287,99.25577322972529,9137,99.04782751450148,9137,94.33654760287926,7363,24.001313341359307,9137,0.44872496443033816,9137,15.086306098964327,8690,2.1026351,1442,3.3774915,10.617531,10963.0,79.94923857868021,394,40.538096314718516,4423,55.425728,9.79086013680687,6871,48.218793828892004,7130,14.025245441795231,7130,3.1416549789621318,7130,9.018232819074333,7130,25.596072931276296,7130,0.2852098329485264,7363,87.27420888224908,7363,0.0,7363,0.0,7363,0.040744261849789486,7363,0.013581420616596496,7363,0.0,7363,0.0,7363,0.0,7363,0.0,7363,4.224581372441721,9137,3.173908284995075,9137,4.23552588376929,9137,2.3421254240998137,9137,8.263106052314765,9137,64.38692402097512,8963,20.81892223585853,8963,0.5466919558183644,8963,14.247461787347985,8963,85.75253821265201,8963,6.993006993006993,286,21.761306532663315,38.51658337119491,8804,59.90458882326215,8804,79.19447640966628,8690,97.31543624161074,447,9.324723651088979,9137,3.1963470319634704,1314,24.287956941018166,4459,34.51446512671002,4459,49.11415115496748,4459,19.107423189055844,4459,4459,2.0491141511549675,71.2545001384658,28.7454998615342,4.846302963168098,3611,3611,3611
020205,5118,2514,20.14458772958187,5118,63.63813989839781,5118,16.21727237202032,5118,26.709652207893708,5118,22.919109026963657,5118,39.0,38.782143,103.5799522673031,2604,5.763970300898788,5118,18.79640484564283,5118,3.243454474404064,5118,57.13847098556954,31.654897144611606,25.483573840957938,80.50436469447139,124.21686746987952,4.735655224254573,3991,8.728557013118063,1982,96.95431472081218,985,91.41361256544502,955,90.08264462809917,121,63.08724832214765,447,6.164567140176897,3731,14.366121683194853,3731,36.29053872956312,3731,43.17877244706513,3731,79.46931117662825,3731,81.05065666041276,3731,7.932140885691483,8.728557013118063,0.7964161274265804,1982,2009,-17.074689500160055,34.607104413347685,51.68179391350774,1858,1873,-3.1517459312179135,9.851991388589882,13.003737319807795,1858,1873,32.77739959155888,2938,47.75357385976855,2938,1.4295439074200136,2938,8.543226684819604,2938,0.3063308373042886,2938,0.03403675970047652,2938,33.08373042886317,2938,74.14091470951793,72.16316440049444,4045,4045,2999,2.66755585195065,70.81268582755203,69.47472745292369,2018,2018,30.25867937372362,2938,10.279101429543907,2938,54.45881552076242,2938,6.641680230662075,77.4543660582141,70.81268582755203,2027,2018,27.56977535738598,2938,1.7699115044247788,2938,30.156569094622192,2938,5.479918311776719,2938,4.799183117767188,2938,16.98434309053778,2938,3.0973451327433628,2938,2.6548672566371683,2938,0.10211027910142954,2938,4.765146358066712,2938,18.413886997957796,2938,3.9482641252552755,2938,71.61000390777647,5118,35.873388042203985,5118,21.96170379054318,5118,37.690504103165296,5118,48.124267291910904,5118,65.84603360687768,5118,99.25093632958801,5073,99.17208752217623,5073,88.38071693448703,4045,34.2400946185689,5073,0.41395623891188643,5073,21.531701192718142,4779,1.7091837,784,2.7103198,12.823952,4476.0,93.12169312169313,189,41.64317358034636,2483,52.631092,11.434199946395069,3731,46.52364952184027,3869,10.46782114241406,3869,4.523132592401137,3869,9.408115792194366,3869,29.07728095115017,3869,0.37082818294190356,4045,85.88380716934488,4045,0.0,4045,0.0,4045,0.024721878862793572,4045,0.0,4045,0.0,4045,0.0,4045,0.0,4045,0.0,4045,3.508771929824561,5073,2.1092055982653264,5073,3.567908535383402,5073,1.3207175241474474,5073,6.485314409619554,5073,53.86468580606304,4981,31.35916482634009,4981,1.1644248142943183,4981,13.61172455330255,4981,86.38827544669745,4981,5.769230769230769,156,22.84440400363967,61.93029490616622,4849,37.182924314291604,4849,69.91002301736765,4779,94.5578231292517,294,12.714370195150797,5073,3.8978494623655915,744,25.833333333333332,2520,28.650793650793652,2520,50.476190476190474,2520,17.976190476190474,2520,2520,2.013095238095238,54.52346395742622,45.47653604257378,11.514271891630383,2067,2067,2067
020206,7226,3580,21.810130085801273,7226,65.56877940769444,7226,12.62109050650429,7226,31.44201494602823,7226,17.893717132576807,7226,33.0,35.434956,101.84357541899442,3646,5.3833379463050095,7226,24.10738998062552,7226,2.2972598948242458,7226,52.511608273533135,33.262980160405235,19.248628113127904,57.868020304568525,172.80701754385964,5.437903804737975,5572,10.072202166064981,2770,95.34735500318675,1569,93.24866310160428,1496,89.41798941798942,189,50.495049504950494,909,6.790734508018215,5051,20.748366660067312,5051,48.01029499109087,5051,24.4506038408236,5051,72.46089883191448,5051,74.75747376757077,5051,9.215671116814447,10.072202166064981,0.8565310492505354,2770,2802,-8.540699100944362,20.28593508500773,28.82663418595209,2588,2463,-2.821830008390016,8.473338485316846,11.295168493706862,2588,2463,22.237762237762237,4290,55.80419580419581,4290,1.0722610722610724,4290,11.072261072261073,4290,0.3962703962703963,4290,0.023310023310023312,4290,22.634032634032636,4290,76.82036674381342,75.84119636816806,5617,5617,4315,1.2746234067207416,73.86485520200215,73.18555595280658,2797,2797,36.55011655011655,4290,16.573426573426573,4290,41.375291375291376,4290,5.886917847643247,79.7517730496454,73.86485520200215,2820,2797,10.256410256410257,4290,2.097902097902098,4290,36.34032634032634,4290,9.324009324009324,4290,7.226107226107226,4290,18.39160839160839,4290,4.2890442890442895,4290,3.473193473193473,4290,0.2097902097902098,4290,4.0792540792540795,4290,4.195804195804196,4290,2.0046620046620047,4290,73.29089399391087,7226,21.561029615278162,7226,18.267367838361473,7226,40.091336839191804,7226,49.8200941046222,7226,67.83836147246056,7226,99.4986770644757,7181,99.34549505639883,7181,85.73971871105573,5617,36.42946664809915,7181,1.0444227823422922,7181,25.165562913907284,6795,1.816119,1278,2.8233583,12.051397,6771.0,89.09657320872275,321,42.862610026789135,2613,52.31994,9.84933676499703,5051,41.05779716466739,5502,14.031261359505635,5502,4.016721192293711,5502,6.870229007633588,5502,34.023991275899675,5502,0.5696991276482107,5617,80.73704824639488,5617,0.0,5617,0.0,5617,0.10681858643403952,5617,0.0,5617,0.017803097739006585,5617,0.0,5617,0.0,5617,0.0,5617,3.21682216961426,7181,1.9356635566077147,7181,2.9522350647542126,7181,1.4761175323771063,7181,6.182982871466369,7181,63.41566690190543,7085,17.290049400141143,7085,0.8750882145377559,7085,18.419195483415667,7085,81.58080451658434,7085,5.9760956175298805,251,22.116335141651597,55.4732868757259,6888,43.42334494773519,6888,69.05077262693156,6795,98.18652849740933,386,15.485308452861718,7181,2.5,1160,34.29860849943588,2659,28.35652500940203,2659,37.946596464836404,2659,11.996991350131628,2659,2659,2.700639338097029,71.3953488372093,28.604651162790702,10.199335548172758,3010,3010,3010
020301,13551,6586,25.370821341598408,13551,61.95852704597446,13551,12.670651612427127,13551,35.288908567633385,13551,18.197918972769536,13551,31.0,34.327797,105.75463103552991,6965,6.612058150689986,13551,23.378348461368166,13551,2.302413106043834,13551,61.39828489757027,40.94807050976655,20.450214387803715,49.94182664339733,200.23296447291787,4.275055454728776,9918,7.551919446192574,4767,94.50349225630124,3293,97.39717223650386,3112,83.33333333333333,408,39.72344437460716,1591,5.566175643764759,8893,26.009220735409873,8893,51.737321488811425,8893,16.687282132013944,8893,68.42460362082537,8893,71.84302260204656,8893,6.309442257297214,7.551919446192574,1.24247718889536,4767,5151,-2.8298609214143458,15.255009107468124,18.08487002888247,4392,4501,-2.1989341874645145,8.097222222222221,10.296156409686736,4392,4501,16.534568955005486,8201,59.578100231679066,8201,0.7072308255090842,8201,12.376539446408975,8201,0.19509815876112668,8201,0.10974271430313376,8201,16.729667113766613,8201,81.81,80.63,10000,10000,8181,1.442366458868109,80.65050756163248,79.51108348870935,4827,4827,56.46872332642361,8201,13.205706621143763,8201,26.191927813681257,8201,2.241431351957317,82.8919389135898,80.65050756163248,5173,4827,6.267528350201195,8201,1.7924643336178514,8201,54.310449945128646,8201,7.681990001219363,8201,5.487135715156688,8201,12.108279478112426,8201,4.048286794293379,8201,2.1094988416046823,8201,2.158273381294964,8201,1.4510425557858797,8201,3.0484087306426044,8201,1.024265333495915,8201,71.81757803852115,13551,18.15364179765331,13551,11.73345140580031,13551,42.22566600250904,13551,39.19267950704745,13551,67.8400118072467,13551,99.55230562602597,13402,99.35084315773766,13402,85.12,10000,24.921653484554543,13402,0.18653932248918073,13402,14.122533748701972,12519,2.1345248,2126,3.1757946,10.264725,12957.0,75.11961722488039,627,44.196342637151105,5195,51.297787,9.210165298549422,8893,38.09230769230769,9750,13.538461538461538,9750,3.887179487179487,9750,6.994871794871795,9750,37.48717948717949,9750,0.7,10000,73.29,10000,0.03,10000,0.0,10000,0.08,10000,0.0,10000,0.0,10000,0.0,10000,0.0,10000,0.0,10000,2.8503208476346815,13402,1.9922399641844502,13402,2.641396806446799,13402,1.4550067154156097,13402,5.566333383077152,13402,75.07067002826801,13089,13.171365268546108,13089,0.6570402628161052,13089,11.100924440369775,13089,88.89907555963022,13089,6.304347826086956,460,22.013314141777617,58.76288659793814,12707,39.686786810419456,12707,67.67313683201533,12519,97.1687429218573,883,7.857036263244292,13402,3.3526490066225167,2416,35.51508252703472,5271,28.362739518118005,5271,38.83513564788465,5271,12.521343198634035,5271,5271,2.542591538607475,85.42419549130959,14.57580450869041,2.822233694716916,5811,5811,5811
020302,15570,7719,26.01156069364162,15570,59.76236351958895,15570,14.226075786769428,15570,33.42324983943481,15570,19.582530507386,15570,33.0,35.53847,101.71006607073456,7851,6.705202312138728,15570,20.218368657675015,15570,3.2113037893384715,15570,67.32939279957013,43.52498656636217,23.804406233207953,54.69135802469136,182.84424379232505,2.9222520107238608,11190,5.147982062780269,5575,95.58823529411765,3876,95.87044534412955,3705,86.33540372670808,483,48.792977322604244,1367,4.173151750972763,10280,25.32101167315175,10280,52.06225680933852,10280,18.443579766536963,10280,70.50583657587549,10280,74.05642023346303,10280,4.435604502673412,5.147982062780269,0.7123775601068566,5575,5615,-6.032276412415248,15.433896330809551,21.4661727432248,5151,5129,-2.42060481207824,8.331003688604154,10.751608500682394,5151,5129,13.403567330760405,9587,59.83102117450714,9587,0.8553249191613643,9587,15.30197141963075,9587,0.26076979242724524,9587,0.16689266715343695,9587,13.66433712318765,9587,83.88458831808586,83.09289232934553,11368,11368,9536,0.9437919463087249,80.08802816901408,79.45422535211267,5680,5680,55.75258162094503,9587,13.309690205486596,9587,25.899655783873996,9587,7.587780551098433,87.67580872011251,80.08802816901408,5688,5680,7.280692604568687,9587,1.8879732971732555,9587,55.12673411911964,9587,8.459372066339835,9587,4.808594972358402,9587,11.48430165849588,9587,4.193178262230103,9587,1.6272035047460103,9587,0.6258475018253885,9587,0.9700636278293523,9587,4.026285595076667,9587,1.1995410451653281,9587,73.80860629415542,15570,14.13615928066795,15570,10.937700706486833,15570,41.98458574181117,15570,39.46692357096981,15570,70.9184328837508,15570,99.66794713197474,15359,99.45960023439027,15359,92.89232934553132,11368,27.91197343577056,15359,0.4427371573670161,15359,15.4296875,14336,2.0920634,2520,3.1266913,10.273022,15127.0,73.99165507649514,719,42.65246853823814,5165,53.981415,9.538715953307394,10280,41.51149059860114,11009,14.15205740757562,11009,3.4880552275411025,11009,7.5756199473158325,11009,33.2727768189663,11009,0.2902885292047854,11368,78.527445460943,11368,0.017593244194229415,11368,0.0,11368,0.07916959887403237,11368,0.008796622097114707,11368,0.0,11368,0.0,11368,0.0,11368,0.0,11368,3.079627579920568,15359,2.0183605703496323,15359,3.0014974933263883,15359,1.4193632397942575,15359,5.61234455368188,15359,73.35594121949597,15039,9.196090165569519,15039,0.605093423764878,15039,16.842875191169625,15039,83.15712480883037,15039,8.037383177570094,535,22.16,48.308747855917666,14575,49.99656946826758,14575,72.90736607142857,14336,97.84946236559139,1023,11.452568526596783,15359,3.6684303350970016,2835,39.789875835721105,5235,34.708691499522445,5235,35.319961795606496,5235,11.404011461318051,5235,5235,2.9339063992359122,84.60259897249925,15.397401027500749,3.0825022665457844,6618,6618,6618
020303,12219,5957,24.330959980358458,12219,60.978803502741634,12219,14.69023651689991,12219,30.869956624928392,12219,20.386283656600376,12219,34.0,36.52132,105.12002685915729,6262,6.391685080612161,12219,19.805221376544726,12219,3.568213438088223,12219,63.99141054891961,39.90068447188297,24.09072607703664,60.37672384796502,165.6267409470752,3.308254038504094,9038,5.843862815884476,4432,95.43985637342908,2785,96.50112866817156,2658,86.60714285714286,336,38.299904489016235,1047,3.8904044597319416,8431,27.707270786383585,8431,53.81330802988969,8431,14.589016723994781,8431,68.40232475388447,8431,72.01992646186692,8431,4.975430336509747,5.843862815884476,0.8684324793747286,4432,4606,-3.3405359625350695,12.884475659966094,16.225011622501164,4129,4302,-2.091171132645812,8.120125938483895,10.211297071129707,4129,4302,9.5125786163522,7632,58.58228511530398,7632,0.589622641509434,7632,16.15566037735849,7632,0.19654088050314467,7632,0.2620545073375262,7632,9.709119496855346,7632,83.91700515973213,82.89603688659568,9109,9109,7644,1.2166405023547882,79.35195530726257,78.59217877094972,4475,4475,68.23899371069183,7632,8.831236897274634,7632,19.195492662473793,7632,8.973465495499624,88.3254208027622,79.35195530726257,4634,4475,5.529350104821803,7632,1.7164570230607967,7632,68.0293501048218,7632,5.437631027253669,7632,3.3674004192872116,7632,7.914046121593292,7632,3.9439203354297696,7632,1.0875262054507338,7632,0.20964360587002095,7632,0.6420335429769392,7632,2.646750524109015,7632,0.9171907756813418,7632,72.72280874048613,12219,10.295441525493084,12219,8.323103363614043,12219,34.02897127424503,12219,28.251084376790246,12219,68.36893362795647,12219,99.5424292845258,12020,99.27620632279535,12020,93.6875617521133,9109,25.033277870216306,12020,0.4242928452579035,12020,14.034464380884705,11258,2.1270802,1983,3.3062994,10.5545225,12876.0,74.9546279491833,551,40.54696789536266,5046,53.0436,9.187166409678568,8431,39.88935305408152,8857,16.21316472846336,8857,3.8726431071468896,8857,8.027548831432766,8857,31.997290278875465,8857,0.3952135250850807,9109,79.4598748490504,9109,0.010978153474585575,9109,0.0,9109,0.0,9109,0.0,9109,0.0,9109,0.0,9109,0.0,9109,0.0,9109,4.093178036605657,12020,2.7537437603993347,12020,3.810316139767055,12020,1.9467554076539102,12020,7.246256239600665,12020,75.46864349011588,11736,7.694274028629857,11736,0.4516019086571234,11736,16.385480572597135,11736,83.61451942740287,11736,7.751937984496124,387,21.89590942293645,50.81307920965204,11438,47.26350760622486,11438,74.86232012790904,11258,97.76902887139107,762,8.693843594009984,12020,4.583538689009364,2029,31.88860560894293,5099,29.868601686605217,5099,41.36105118650716,5099,13.551676799372427,5099,5099,2.357324965679545,85.07853403141361,14.92146596858639,2.770506108202443,4584,4584,4584
020304,5238,2691,26.746849942726232,5238,60.17563955708285,5238,13.077510500190913,5238,34.173348606338294,5238,18.59488354333715,5238,32.0,34.904163,94.64882943143813,2547,7.178312332951508,5238,20.29400534555174,5238,2.730049637266132,5238,66.18020304568527,44.44796954314721,21.732233502538072,48.89364739471806,204.52554744525548,3.9546533087266016,3793,6.436898124683223,1973,95.52572706935123,1341,98.82903981264637,1281,83.95061728395062,162,38.92215568862275,501,4.581901489117984,3492,32.932416953035506,3492,48.33906071019473,3492,14.146620847651775,3492,62.485681557846505,3492,66.32302405498282,3492,5.173161860946959,6.436898124683223,1.2637362637362637,1973,1820,-2.5617695051733733,12.924424972617743,15.486194477791116,1826,1666,-1.8779947904682128,7.785870755750274,9.663865546218487,1826,1666,11.031390134529149,3345,59.76083707025411,3345,0.5680119581464873,3345,19.37219730941704,3345,0.11958146487294469,3345,0.17937219730941703,3345,11.150971599402093,3345,87.29992128050381,86.69640514300708,3811,3811,3327,0.6913134956417193,84.44108761329305,83.7865055387714,1986,1986,66.84603886397609,3345,12.49626307922272,3345,17.698056801195815,3345,5.969871290816542,90.41095890410959,84.44108761329305,1825,1986,4.693572496263079,3345,0.9865470852017937,3345,66.21823617339312,3345,6.9058295964125564,3345,5.560538116591928,3345,8.251121076233185,3345,2.8101644245142,3345,1.3153961136023917,3345,0.6278026905829597,3345,0.7473841554559043,3345,2.0328849028400597,3345,0.7473841554559043,3345,74.99045437189767,5238,8.552882779686904,5238,12.065673921344024,5238,41.37075219549446,5238,42.2680412371134,5238,73.63497518136694,5238,99.76936382856044,5203,99.481068614261,5203,93.0202046706901,3811,22.640784162982893,5203,0.4036133000192197,5203,9.569179784589892,4828,2.1026177,955,3.321663,9.707779,6057.0,81.22866894197952,293,42.99163179916318,1912,52.40795,8.68184421534937,3492,41.71094580233794,3764,15.40913921360255,3764,3.6397449521785337,3764,7.704569606801275,3764,31.535600425079704,3764,0.5510364733665705,3811,89.00551036473367,3811,0.0,3811,0.0,3811,0.026239832065074783,3811,0.0,3811,0.0,3811,0.0,3811,0.0,3811,0.0,3811,3.76705746684605,5203,2.152604266769172,5203,3.5364212954064964,5203,2.2487026715356526,5203,7.265039400345954,5203,78.73923257635082,5108,6.617071260767424,5108,0.7047768206734534,5108,13.938919342208301,5108,86.0610806577917,5108,4.838709677419355,186,21.35398915569326,48.689823278488724,4923,49.70546414787731,4923,77.17481358740679,4828,98.13333333333334,375,4.401306938304824,5203,3.163265306122449,980,40.50829875518672,1928,29.66804979253112,1928,31.690871369294605,1928,9.95850622406639,1928,1928,2.698651452282158,86.28779979144943,13.71220020855057,2.6068821689259645,1918,1918,1918
020305,4221,2036,23.288320303245676,4221,66.21653636579009,4221,10.495143330964227,4221,31.414356787491116,4221,14.949064202795546,4221,31.0,33.75219,107.31827111984283,2185,6.823027718550106,4221,23.69106846718787,4221,1.8715944089078418,4221,51.01967799642218,35.169946332737034,15.849731663685152,45.06612410986775,221.8961625282167,1.6682707731793391,3117,2.826379542395693,1486,94.22028353326063,917,96.41203703703704,864,87.73584905660377,106,36.91275167785235,447,2.3157894736842106,2850,27.29824561403509,2850,53.75438596491228,2850,16.63157894736842,2850,70.3859649122807,2850,74.24561403508773,2850,2.2132587576010883,2.826379542395693,0.6131207847946045,1486,1631,-2.088702770333473,15.542521994134898,17.63122476446837,1364,1486,-1.4231764306548307,8.8291788856305,10.25235531628533,1364,1486,13.077884214910455,2401,56.80966264056643,2401,0.5414410662224073,2401,14.785506039150354,2401,0.20824656393169513,2401,0.04164931278633902,2401,13.28613077884215,2401,77.91177403998731,75.56331323389401,3151,3151,2455,3.0142566191446027,73.48837209302326,71.56146179401993,1505,1505,62.34902124114952,2401,10.912119950020825,2401,23.19866722199084,2401,8.467885501144423,81.95625759416768,73.48837209302326,1646,1505,3.9983340274885464,2401,1.957517700957934,2401,62.30737192836318,2401,5.5810079133694295,2401,5.331112036651395,2401,9.787588504789671,2401,5.372761349437734,2401,1.665972511453561,2401,0.04164931278633902,2401,2.165764264889629,2401,1.9158683881715952,2401,0.7913369429404414,2401,71.12058753849799,4221,5.899076048329779,4221,7.723288320303245,4221,38.73489694385217,4221,29.637526652452024,4221,68.39611466477137,4221,98.80981297060967,4117,98.29973281515667,4117,89.30498254522374,3151,26.864221520524655,4117,2.1131892154481418,4117,9.551148225469728,3832,1.9435383,797,2.9048724,11.579508,3748.0,79.35779816513761,218,43.06698002350176,1702,48.08578,9.571228070175438,2850,31.875414181577202,3018,19.151756129887342,3018,3.3465871438038435,3018,5.500331345261762,3018,40.12591119946985,3018,0.6029831799428753,3151,68.20057124722311,3151,0.0,3151,0.0,3151,0.06347191367819739,3151,0.0,3151,0.0,3151,0.0,3151,0.0,3151,0.0,3151,3.35195530726257,4117,2.2346368715083798,4117,2.890454214233665,4117,1.554529997571047,4117,5.805197959679378,4117,73.84039900249377,4010,4.139650872817955,4010,0.1745635910224439,4010,21.845386533665835,4010,78.15461346633417,4010,5.228758169934641,153,21.658243080625752,73.06803594351733,3895,25.1604621309371,3895,59.707724425887264,3832,92.98245614035088,285,5.17367014816614,4117,5.278592375366569,682,33.10344827586207,1740,21.551724137931036,1740,39.13793103448276,1740,8.96551724137931,1740,1740,2.3660919540229886,93.67088607594937,6.329113924050631,1.2658227848101267,1501,1501,1501
020306,6442,2896,21.887612542688608,6442,72.71033840422228,6442,5.402049053089103,6442,30.083824899099657,6442,8.38248990996585,6442,29.0,30.742315,122.44475138121547,3546,5.5572803477181,6442,30.145917416951256,6442,0.8848183793852841,6442,37.53202391118702,30.102476515798465,7.429547395388557,24.680851063829788,405.17241379310343,1.2836438923395446,4830,1.9830028328611897,2118,90.9090909090909,1375,97.2,1250,76.21951219512195,164,41.33016627078385,842,3.5851183765501693,4435,9.898534385569334,4435,71.20631341600902,4435,15.310033821871476,4435,86.5163472378805,4435,88.07215332581737,4435,1.245539706017532,1.9830028328611897,0.7374631268436578,2118,2712,0.9714836347762255,15.857438016528926,14.8859543817527,1936,2499,-0.8284787055317988,10.295971074380166,11.124449779911965,1936,2499,13.200098692326671,4053,53.5405872193437,4053,1.0856155933876142,4053,18.011349617567234,4053,0.2467308166790032,4053,0.09869232667160129,4053,13.446829509005674,4053,82.80450358239509,81.82190378710338,4885,4885,4045,1.1866501854140914,78.43866171003718,77.9275092936803,2152,2152,54.50283740439181,4053,17.221811004194425,4053,23.2913890944979,4053,7.803562951506905,86.24222466154409,78.43866171003718,2733,2152,5.699481865284974,4053,0.9375771033802122,4053,54.45349124105601,4053,8.783617073772515,4053,8.388847767086109,4053,10.436713545521835,4053,4.959289415247964,4053,1.6284233900814211,4053,0.04934616333580064,4053,0.6661732050333087,4053,2.566000493461633,4053,0.8882309400444115,4053,88.43526855013971,6442,5.262340887923005,6442,5.138155852219808,6442,32.17944737659112,6442,23.734864948773673,6442,55.91431232536479,6442,99.53666719923311,6259,99.40885125419396,6259,88.12691914022518,4885,23.53411088033232,6259,0.3834478351174309,6259,9.659956014210794,5911,1.745614,912,2.2419753,7.895714,2685.0,77.29468599033817,207,41.081460674157306,1424,46.841293,10.762795941375423,4435,33.31894691411308,4634,12.408286577470868,4634,4.963314630988347,4634,5.438066465256798,4634,43.87138541217091,4634,1.699078812691914,4885,83.84851586489253,4885,0.04094165813715456,4885,0.0,4885,0.0,4885,0.0,4885,0.0,4885,0.0,4885,0.0,4885,0.0,4885,1.2781594503914364,6259,0.7509186771049688,6259,0.9905735740533631,6259,0.7668956702348618,6259,2.3166640038344783,6259,89.8274145370063,6026,3.1861931629605045,6026,0.3318951211417192,6026,6.654497178891471,6026,93.34550282110852,6026,4.979253112033195,241,21.691542288557216,67.20053386720053,5994,30.497163830497165,5994,74.13297242429368,5911,97.70114942528735,348,4.665281993928742,6259,4.799216454456415,1021,47.32620320855615,1496,18.91711229946524,1496,13.101604278074866,1496,2.339572192513369,1496,1496,4.1838235294117645,89.03605592347314,10.963944076526857,1.7660044150110374,2718,2718,2718
020307,4022,1972,28.393833913475884,4022,60.39283938339135,4022,11.21332670313277,4022,36.15116857284933,4022,15.663848831427151,4022,29.0,33.09249,103.95537525354969,2050,6.5638985579313776,4022,22.103431128791645,4022,2.78468423669816,4022,65.58254425689584,47.015232606010706,18.567311650885138,39.492119089316986,253.2150776053215,5.059203444564047,2787,8.764367816091953,1392,96.62408759124088,1096,98.48914069877243,1059,92.74193548387096,124,36.87002652519894,377,6.742453939631517,2551,23.48098784790278,2551,56.09564876519012,2551,13.680909447275578,2551,69.7765582124657,2551,72.71658173265386,2551,7.402360647633172,8.764367816091953,1.3620071684587813,1392,1395,-4.866718555378906,11.282843894899536,16.14956245027844,1294,1257,-2.4264575871256984,8.001545595054095,10.428003182179793,1294,1257,12.46830092983939,2366,58.96027049873204,2366,0.8875739644970414,2366,16.737109044801354,2366,0.2958579881656805,2366,0.08453085376162299,2366,12.764158918005071,2366,83.3628946434906,82.54700248315005,2819,2819,2350,0.9787234042553191,79.90092002830856,79.33474876150035,1413,1413,59.213863060016905,2366,15.469146238377007,2366,22.062552831783602,2366,6.941185234849328,86.84210526315789,79.90092002830856,1406,1413,5.832628909551986,2366,1.6906170752324599,2366,59.129332206255285,2366,7.945900253592561,2366,7.523245984784446,2366,9.678782755705832,2366,3.930684699915469,2366,1.9864750633981403,2366,0.08453085376162299,2366,0.6339814032121724,2366,2.366863905325444,2366,0.8453085376162299,2366,78.79164594728991,4022,11.785181501740428,4022,9.000497265042268,4022,48.408751864743905,4022,42.665340626553956,4022,70.31327697662854,4022,99.44091486658196,3935,99.26302414231257,3935,86.05888612983327,2819,27.649301143583227,3935,0.7878017789072427,3935,14.635473340587595,3676,2.2581604,674,3.240664,9.239554,3853.0,79.06976744186046,215,42.34995773457312,1183,51.352493,9.19717757742062,2551,39.25543678584593,2713,17.1028381865094,2713,3.6859565057132326,2713,6.708440840398083,2713,33.247327681533356,2713,0.31926214969847466,2819,66.26463284852785,2819,0.0709471443774388,2819,0.0,2819,0.10642071656615822,2819,0.0,2819,0.0,2819,0.0,2819,0.0,2819,0.0,2819,2.846251588310038,3935,1.804320203303685,3935,2.4650571791613722,3935,1.3977128335451081,3935,5.031766200762389,3935,78.52713178294573,3870,7.131782945736434,3870,0.5167958656330749,3870,13.824289405684755,3870,86.17571059431525,3870,10.218978102189782,137,21.370853080568722,47.31471535982814,3724,51.31578947368421,3724,69.0152339499456,3676,98.45559845559846,259,10.190597204574333,3935,3.745318352059925,801,46.99499165275459,1198,31.803005008347245,1198,23.53923205342237,1198,7.679465776293823,1198,1198,3.2846410684474123,82.9940906106369,17.005909389363097,3.9395929087327644,1523,1523,1523
020308,8037,3860,21.649869354236657,8037,60.8809257185517,8037,17.469204927211646,8037,27.634689560781386,8037,24.53651860146821,8037,39.0,39.091454,108.21243523316062,4177,5.648873957944507,8037,17.991787980589773,8037,3.4341172079134004,8037,64.25505824647456,35.561005518087065,28.694052728387494,80.6896551724138,123.93162393162393,6.311243979405415,6021,11.48861646234676,2855,95.56103575832306,1622,96.0,1550,86.56716417910448,201,40.476190476190474,588,7.33509234828496,5685,36.65787159190853,5685,45.87510993843448,5685,10.131926121372032,5685,56.00703605980651,5685,60.19349164467898,5685,9.84616542002206,11.48861646234676,1.6424510423246999,2855,3166,-1.5985664131942006,9.29285449833395,10.89142091152815,2701,2984,-2.4267007651817973,6.5290633098852275,8.955764075067025,2701,2984,10.201367781155016,5264,62.8419452887538,5264,0.5509118541033434,5264,12.3290273556231,5264,0.34194528875379937,5264,0.13297872340425532,5264,10.543313069908814,5264,85.15992855983114,84.51047247929858,6159,6159,5245,0.7626310772163966,81.22241086587437,80.91680814940577,2945,2945,66.64133738601824,5264,11.322188449848024,5264,18.237082066869302,5264,7.5454796132793405,88.7678904791537,81.22241086587437,3214,2945,3.4574468085106385,5264,1.8237082066869301,5264,66.20440729483283,5264,5.699088145896656,5264,5.585106382978723,5264,9.004559270516717,5264,3.514437689969605,5264,1.21580547112462,5264,0.4369300911854103,5264,0.702887537993921,5264,1.4817629179331306,5264,0.702887537993921,5264,71.85516983949235,8037,9.369167599850691,8037,7.925842976234914,8037,36.929202438720914,8037,31.11857658330223,8037,62.6601965907677,8037,99.45278696869433,7858,99.22372104861287,7858,91.76814417924987,6159,24.4209722575719,7858,0.17816238228556885,7858,14.160603610886554,7422,2.6023657,1099,4.1928062,12.550324,9936.0,69.66966966966967,333,37.94285714285714,3500,54.93257,7.802814423922603,5685,46.75257731958763,5820,14.072164948453608,5820,3.7285223367697595,5820,8.728522336769759,5820,26.718213058419245,5820,0.4870920603994155,6159,73.81068355252476,6159,0.01623640201331385,6159,0.01623640201331385,6159,0.0324728040266277,6159,0.0,6159,0.0,6159,0.0,6159,0.0,6159,0.0,6159,4.174090099261899,7858,3.143293458895393,7858,4.034105370323237,7858,2.1634003563247646,7858,7.228302367014508,7858,78.13196904105995,7623,5.719532992260265,7623,0.642791551882461,7623,15.505706414797324,7623,84.49429358520267,7623,5.809128630705394,241,21.329615170105967,35.99255418162478,7521,61.85347693125914,7521,75.3839935327405,7422,97.24770642201835,436,9.328073301094426,7858,3.4053156146179404,1204,27.280429257271958,3541,32.58966393674103,3541,45.55210392544479,3541,15.645297938435471,3541,3541,2.2191471335780855,85.89670828603859,14.103291713961411,2.922814982973893,3524,3524,3524
020401,14012,6856,20.6894090779332,14012,62.84613188695404,14012,16.46445903511276,14012,27.490722238081645,14012,23.401370254067942,14012,39.0,39.030617,104.3757292882147,7156,5.159862974593206,14012,18.49129317727662,14012,3.504139309163574,14012,59.11878264819441,32.920735861912334,26.19804678628208,79.57916522938945,125.66103164282619,11.145737855178735,10910,19.392697466467958,5368,95.48275862068965,2900,96.64138678223185,2769,85.02824858757062,354,40.69456812110418,1123,12.900049236829148,10155,33.628754308222554,10155,41.44756277695716,10155,12.023633677991137,10155,53.4711964549483,10155,57.43968488429345,10155,16.23499266675666,19.392697466467958,3.1577047997112957,5368,5542,-5.72890013273099,9.13069425104436,14.85959438377535,5027,5128,-2.965526523388367,6.086930574895564,9.05245709828393,5027,5128,9.402642786938953,9157,62.73888828218849,9157,0.6443158239598121,9157,15.72567434749372,9157,0.2402533580867096,9157,0.13104728622911435,9157,9.642896145025663,9157,83.29548551185394,82.16913434462712,11009,11009,9170,1.352235550708833,80.29438822447102,79.4848206071757,5435,5435,67.77328819482364,9157,9.686578573768701,9157,19.19842743256525,9157,5.927355586077951,86.22174381054897,80.29438822447102,5574,5435,5.263732663536093,9157,1.5179643988205744,9157,67.63132030140876,9157,5.31833569946489,9157,4.324560445560773,9157,7.950202031232936,9157,3.8768155509446327,9157,1.3104728622911435,9157,0.14196789341487387,9157,0.7316806814458884,9157,2.795675439554439,9157,0.6552364311455717,9157,64.60176991150442,14012,8.85669426206109,14012,9.391949757350842,14012,46.63859548958036,14012,35.640879246360264,14012,65.03711104767342,14012,99.5105448787159,13893,99.12905779889152,13893,93.56889817422109,11009,18.318577701000503,13893,0.518246599006694,13893,13.115749525616698,13175,2.1908805,2237,3.3751545,11.124015,16361.0,64.59016393442623,610,41.711229946524064,6545,53.541023,7.584441161989168,10155,44.25441434778589,10817,14.671350651751872,10817,3.281871128778774,10817,8.412683738559675,10817,29.379680133123788,10817,0.19075302025615407,11009,79.31692251793987,11009,0.01816695431010991,11009,0.0,11009,0.027250431465164864,11009,0.0,11009,0.0,11009,0.0,11009,0.0,11009,0.0,11009,4.412293960987547,13893,2.792773339091629,13893,4.030806881163175,13893,2.440077736989851,13893,7.939249982005326,13893,69.02570145076957,13579,5.655792031813831,13579,0.427130127402607,13579,24.891376390013992,13579,75.10862360998601,13579,5.145413870246085,447,22.235559566787003,30.224550898203592,13360,68.47305389221557,13360,71.00569259962049,13175,97.63231197771587,718,8.630245447347585,13893,3.4916201117318435,2148,25.58421851289833,6590,29.98482549317147,6590,48.968133535660094,6590,15.493171471927162,6590,6590,2.108194233687405,86.6268210683601,13.373178931639899,4.968248038849459,5354,5354,5354
020402,17811,8513,22.604008758632308,17811,62.75896917635169,17811,14.637022065016001,17811,29.83549491887036,17811,20.330133063836954,17811,35.0,36.946045,109.22119111946435,9298,5.698725506709337,17811,20.77367918701926,17811,3.177811464825108,17811,59.33977455716586,36.01717659688674,23.32259796027912,64.75409836065573,154.43037974683546,12.645239173079824,13254,21.795695470607132,6226,92.2858617131063,3876,97.8753145093654,3577,83.43558282208589,489,33.54838709677419,1550,15.884973673552045,12345,35.69056298096395,12345,39.44916970433374,12345,8.975293641150262,12345,48.424463345484,12345,51.75374645605508,12345,17.256708561102293,21.795695470607132,4.538986909504838,6226,7028,-3.9871936329983937,6.857833822767318,10.845027455765711,5789,6556,-2.4962109399166605,5.6216963206080495,8.11790726052471,5789,6556,8.490399859080501,11354,60.3751981680465,11354,0.5460630614761317,11354,14.549938347718866,11354,0.2025717808701779,11354,0.13211203100228994,11354,8.692971639950677,11354,84.02988386714993,83.00170130926844,13519,13519,11360,1.2235915492957747,80.32197561738043,79.4467020944045,6398,6398,71.04985027303152,11354,10.384005636779989,11354,15.148846221595914,11354,7.039350039128479,87.36132565650891,80.32197561738043,7121,6398,3.4877576184604546,11354,1.7350713404967413,11354,70.80324114849392,11354,4.659150960014092,11354,5.680817333098467,11354,7.6801127355997885,11354,2.210674652104985,11354,1.2858904350889555,11354,0.2466091245376079,11354,0.39633609300686984,11354,1.4356174035582174,11354,0.6429452175444778,11354,71.29863567458312,17811,6.552130705743641,17811,6.422997024310819,17811,37.8249396440402,17811,23.260906181573183,17811,55.909269552523725,17811,99.3130295397298,17468,99.0783146324708,17468,93.48324580220431,13519,13.567666590336616,17468,0.17746736890313716,17468,8.788007525641804,16477,2.3607073,2545,3.528268,10.442084,17621.0,61.05263157894737,760,37.97997718920289,7891,51.170322,6.947347104090725,12345,43.15944500426323,12901,15.115107356018914,12901,2.8912487404077205,12901,7.565305015115108,12901,31.268893884195023,12901,0.1849249204822842,13519,60.10059915674236,13519,0.022190990457874104,13519,0.0,13519,0.04438198091574821,13519,0.0,13519,0.0,13519,0.0,13519,0.0,13519,0.0,13519,2.942523471490726,17468,2.536065949164186,17468,3.343256239981681,17468,2.4788184108083353,17468,6.594916418594001,17468,79.39147355386521,16959,3.313874638834837,16959,0.36558759360811366,16959,16.929064213691845,16959,83.07093578630816,16959,6.771653543307087,635,21.923275121671914,20.441229223962694,16726,77.46622025588904,16726,71.15979850700977,16477,95.8627648839556,991,5.644607281886879,17468,4.87720511933587,2891,29.360902255639097,7980,28.045112781954888,7980,45.476190476190474,7980,13.596491228070175,7980,7980,2.188972431077694,89.51182825105975,10.488171748940246,3.2408040475864897,7313,7313,7313
020403,17336,8336,22.95800646054453,17336,62.084679280110755,17336,14.957314259344717,17336,30.935625288417167,17336,20.685279187817258,17336,36.0,36.96406,107.96545105566219,9000,5.583756345177665,17336,20.229580064605447,17336,2.8841716658975542,17336,61.07033355012543,36.97853758245842,24.091795967667007,65.15075376884423,153.4901658310837,8.730097684793478,13001,15.374800637958533,6270,94.83020780537252,3946,87.92089791555318,3742,89.749430523918,439,39.133289560078794,1523,10.587546032808838,11948,32.716772681620355,11948,43.362905925677936,11948,13.332775359892869,11948,56.69568128557081,11948,60.5959156344158,11948,12.83431631170686,15.374800637958533,2.540484326251671,6270,6731,-3.0075143905546575,11.787988298055412,14.79550268861007,5811,6137,-2.62053680675682,6.557563242127,9.17810004888382,5811,6137,10.358044311489202,10697,61.24146957090773,10697,0.8226605590352435,10697,14.55548284565766,10697,0.20566513975881087,10697,0.5422080957277742,10697,10.563709451248014,10697,81.18128743650011,80.17287133217074,13189,13189,10707,1.2421780143831138,77.29907566974777,76.53141156196146,6383,6383,63.550528185472565,10697,12.844722819482097,10697,19.491446199869124,10697,7.523140022288672,84.82221569203644,77.29907566974777,6806,6383,5.066841170421614,10697,1.6172758717397402,10697,62.08282696083014,10697,6.805646442927924,10697,6.011031130223427,10697,8.946433579508273,10697,2.9167056183976814,10697,1.523791717303917,10697,1.467701224642423,10697,1.1311582686734598,10697,2.0473029821445263,10697,0.9441899598018136,10697,70.79487771112137,17336,10.573373327180434,17336,10.186894323950161,17336,40.297646515920626,17336,32.521919704660824,17336,65.15343793262575,17336,99.45157526254376,17140,99.17152858809801,17140,91.00765789673213,13189,18.185530921820302,17140,0.3267211201866978,17140,11.610949762096027,16183,2.3434534,2635,3.389695,9.840131,18140.0,68.25,800,37.1726999570754,6989,52.940334,7.90358218948778,11948,44.09976617303196,12830,14.879189399844115,12830,2.665627435697584,12830,7.59937646141855,12830,30.756040530007795,12830,0.4700887102888771,13189,76.11646068693608,13189,0.02274622791720373,13189,0.0075820759724012435,13189,0.06065660777920995,13189,0.0,13189,0.0,13189,0.0,13189,0.0,13189,0.0,13189,3.372228704784131,17140,2.6779463243873978,17140,3.763127187864644,17140,2.2112018669778295,17140,6.925320886814469,17140,71.22319396190248,16694,8.997244518988857,16694,0.6349586677848329,16694,19.144602851323828,16694,80.85539714867618,16694,5.254515599343185,609,22.172704081632652,34.0595630416209,16386,63.957036494568534,16386,70.821232157202,16183,97.28317659352142,957,6.7386231038506414,17140,4.159621237740954,2957,31.825914374822794,7054,30.22398639070031,7054,38.92826764956053,7054,12.928834703714205,7054,7054,2.4298270484831304,88.70269515430806,11.29730484569194,4.049713727133082,7161,7161,7161
020404,5658,2733,23.73630258041711,5658,61.50583244962884,5658,14.757864969954047,5658,31.866383881230117,5658,20.820077765995052,5658,34.0,36.272713,107.0252469813392,2925,6.115235065394132,5658,21.33262636974196,5658,2.6157652880876636,5658,62.58620689655172,38.5919540229885,23.99425287356322,62.17423678332092,160.83832335329342,13.336475023562677,4244,24.30966469428008,2028,92.41172051089407,1331,97.96747967479675,1230,77.33333333333333,150,35.38461538461539,520,16.10169491525424,3894,36.36363636363637,3894,40.26707755521315,3894,7.267591165896251,3894,47.5346687211094,3894,50.38520801232666,3894,21.015440867565278,24.30966469428008,3.2942238267148016,2028,2216,-4.789242313531541,4.772117962466488,9.561360275998029,1865,2029,-3.2010348604748566,5.031099195710456,8.232134056185313,1865,2029,6.05983124520583,3911,65.43083610329839,3911,0.33239580669905394,3911,15.673740731270774,3911,0.12784454103809767,3911,0.025568908207619534,3911,6.187675786243927,3911,91.03013314646111,90.14249007241298,4281,4281,3897,0.9751090582499359,89.48905109489051,88.75912408759125,2055,2055,79.39145998465865,3911,8.463308616722067,3911,9.460496036819228,3911,2.9637790937887303,92.45283018867924,89.48905109489051,2226,2055,2.633597545384812,3911,0.9460496036819228,3911,79.26361544362055,3911,4.321145487087701,3911,4.1165942214267455,3911,4.704679110201995,3911,1.431858859626694,3911,0.5625159805676297,3911,0.12784454103809767,3911,0.48580925594477115,3911,0.9971874200971619,3911,0.40910253132191254,3911,68.36337928596677,5658,5.461293743372217,5658,5.019441498762814,5658,41.85224460940262,5658,26.528808766348533,5658,60.904913396960055,5658,99.76851851851852,5616,99.5014245014245,5616,96.47278673207195,4281,11.378205128205128,5616,0.2492877492877493,5616,7.260663507109005,5275,2.292767,871,3.6445818,9.357089,6455.0,58.148148148148145,270,37.43038981702466,2514,51.497215,6.6990241397021055,3894,46.8683526353108,4231,14.724651382651855,4231,1.819900732687308,4231,7.3032380051997166,4231,29.28385724415032,4231,0.1401541695865452,4281,92.26816164447558,4281,0.0,4281,0.0,4281,0.023359028264424198,4281,0.0,4281,0.0,4281,0.0,4281,0.0,4281,0.0,4281,2.849002849002849,5616,1.9764957264957266,5616,3.0804843304843303,5616,2.742165242165242,5616,6.3568376068376065,5616,77.23636363636363,5500,2.418181818181818,5500,0.43636363636363634,5500,19.90909090909091,5500,80.0909090909091,5500,10.31390134529148,223,21.856287425149702,14.485719619189846,5357,84.00224005973493,5357,74.44549763033176,5275,98.53372434017595,341,3.668091168091168,5616,5.13347022587269,974,29.10891089108911,2525,28.316831683168317,2525,45.10891089108911,2525,14.376237623762377,2525,2525,2.2241584158415844,91.20879120879121,8.791208791208788,1.6483516483516483,2366,2366,2366
020405,8837,4376,19.82573271472219,8837,62.07989136584814,8837,18.09437591942967,8837,26.86432047074799,8837,24.759533778431596,8837,39.0,39.52959,101.94241316270566,4461,5.069593753536268,8837,18.501753988910263,8837,3.4627135905850404,8837,61.08275610645279,31.935836675173167,29.14691943127962,91.26712328767124,109.56848030018762,10.75455333911535,6918,19.44606413994169,3430,96.50507328072153,1774,89.42757009345794,1712,89.85507246376811,207,51.267605633802816,710,12.097150864082204,6423,28.865016347501168,6423,41.92744823291297,6423,17.110384555503657,6423,59.03783278841663,6423,61.855830608749805,6423,17.23849533260224,19.44606413994169,2.2075688073394497,3430,3488,-10.403038300661452,11.89509834530128,22.29813664596273,3203,3220,-3.533782187894502,6.483609116453325,10.017391304347827,3203,3220,12.942634560906516,5648,59.98583569405099,5648,0.7613314447592068,5648,14.270538243626062,5648,0.40722379603399433,5648,0.21246458923512748,5648,13.34985835694051,5648,80.34747935061236,79.56422671603532,7022,7022,5642,0.9748316199929103,77.37686139747996,76.71821305841924,3492,3492,58.0028328611898,5648,12.057365439093484,5648,25.81444759206799,5648,5.909257582690017,83.28611898016997,77.37686139747996,3530,3492,8.392351274787535,5648,1.7351274787535411,5648,57.87889518413598,5648,6.373937677053824,5648,5.612606232294618,5648,12.181303116147308,5648,2.7089235127478752,5648,1.8590651558073654,5648,0.12393767705382436,5648,0.8498583569405099,5648,4.638810198300283,5648,0.9737960339943342,5648,72.27565916034854,8837,12.164761796989929,8837,11.972388819735205,8837,44.2571008260722,8837,44.86816793029308,8837,65.56523707140433,8837,99.46353156032417,8761,99.18959022942586,8761,93.33523212759897,7022,19.41559182741696,8761,0.559296883917361,8761,12.276061079716245,8317,2.1053402,1367,3.4490137,12.120623,10280.0,70.47353760445682,359,40.82332761578044,4081,53.30483,8.255176708703098,6423,47.9829210836278,6792,13.074204946996467,6792,2.67962308598351,6792,7.862190812720848,6792,28.401060070671377,6792,0.28481913984619767,7022,85.67359726573626,7022,0.0,7022,0.0,7022,0.07120478496154942,7022,0.0,7022,0.0,7022,0.0,7022,0.0,7022,0.0,7022,4.383061294372789,8761,3.355781303504166,8761,4.485789293459651,8761,2.5681999771715556,8761,8.149754594224403,8761,66.84554363042464,8572,10.289314045730285,8572,0.7466168922071862,8572,22.11852543163789,8572,77.88147456836211,8572,5.629139072847682,302,22.18577648766328,30.561824444708396,8419,68.14348497446252,8419,73.74053144162559,8317,95.94594594594595,444,8.389453258760415,8761,2.712886209495102,1327,25.81587920116902,4106,31.880175353141745,4106,44.203604481246956,4106,15.002435460301998,4106,4106,2.1337067705796398,83.29183955739973,16.708160442600274,5.615491009681881,3615,3615,3615
020501,17830,8559,26.25350532809871,17830,63.011777902411666,17830,10.734716769489625,17830,33.864273696017946,17830,15.221536735838475,17830,29.0,32.952663,108.31872882346069,9271,7.722938867077959,17830,24.7279865395401,17830,3.101514301738643,17830,58.700489541611034,41.66444147752559,17.03604806408545,40.88869899594104,244.56635318704284,9.259551626144617,12668,13.406520292747837,6012,91.74269005847954,4275,85.69607343192249,3922,78.26086956521739,575,28.676085818942962,1911,12.390895088139654,11686,28.213246619887045,11686,49.127160705117234,11686,10.268697586856067,11686,59.395858291973305,11686,62.77597124764676,11686,7.892698177363222,13.406520292747837,5.513822115384615,6012,6656,-1.6911827252548726,9.378388146006506,11.069570871261378,5534,6152,-1.5850718081344164,7.133718829056741,8.718790637191157,5534,6152,7.299741602067184,10836,66.25138427464009,10836,0.3968253968253968,10836,13.242894056847545,10836,0.18456995201181248,10836,0.16611295681063123,10836,7.484311554078996,10836,84.04708433361729,82.62990784480756,12913,12913,10853,1.6861697226573298,81.26421839454014,80.40298992525187,6154,6154,75.82133628645256,10836,8.176448874123293,10836,13.030638612033961,10836,5.31663676154804,86.58085515608818,81.26421839454014,6759,6154,3.820598006644518,10836,1.688815060908084,10836,75.5813953488372,10836,4.392764857881137,10836,3.7652270210409746,10836,6.330749354005168,10836,1.5227021040974529,10836,0.858250276854928,10836,0.23994093761535623,10836,0.3137689184200812,10836,1.4396456256921373,10836,0.932078257659653,10836,81.74425126191811,17830,6.427369601794728,17830,6.90970274817723,17830,32.98373527762199,17830,25.73752103196859,17830,57.941671340437466,17830,99.06467434698301,17534,98.79092049731949,17534,85.2938898784171,12913,13.7504277403901,17534,0.30797308087144976,17534,7.415647015202077,16182,2.0081763,2813,2.9429517,9.887087,14170.0,66.85779816513761,872,38.541168975951585,6279,48.762066,7.968167037480746,11686,36.05068132918958,12549,17.68268387919356,12549,3.2910988923420192,12549,5.410789704358913,12549,37.56474619491593,12549,16.0923100751181,12913,56.52443274219779,12913,0.0,12913,0.0,12913,0.03872066909316193,12913,0.0,12913,0.0,12913,0.0,12913,0.0,12913,0.0,12913,2.0531538724763316,17534,2.1272955400935327,17534,2.332610927341166,17534,2.264172464925288,17534,5.121478270788183,17534,82.35259433962264,16960,3.767688679245283,16960,0.30660377358490565,16960,13.57311320754717,16960,86.42688679245283,16960,8.545727136431784,667,21.598992760465848,28.912370194935324,16467,68.71318394364486,16467,71.91941663576814,16182,93.78698224852072,1352,4.682331470286301,17534,5.449330783938814,3138,42.058130400628436,6365,24.24194815396701,6365,29.269442262372348,6365,7.415553809897879,6365,6365,2.754752553024352,94.43680460057507,5.563195399424927,2.000250031253907,7999,7999,7999
020502,9029,4257,27.289843836526746,9029,63.53970539373131,9029,9.170450769741942,9029,36.936537822571715,9029,13.22405582013512,9029,27.0,31.450327,112.09772140004698,4772,7.6420423081182856,9029,27.21231587108207,9029,2.480894894229704,9029,57.38190691999303,42.94927662541398,14.432630294579049,33.603896103896105,297.5845410628019,12.610759493670885,6320,20.020087043856712,2987,92.09183673469387,2352,98.29178208679593,2166,80.63241106719367,253,25.566037735849058,1060,16.244280183034142,5682,30.939809926082365,5682,45.17775431186202,5682,7.638155579021471,5682,52.81590989088349,5682,56.61738824357621,5682,14.049489984150743,20.020087043856712,5.9705970597059705,2987,3333,-2.290164544317334,6.42132932782576,8.711493872143095,2663,3019,-2.2723376557307535,6.013518588058581,8.285856243789334,2663,3019,8.264936056499332,5239,62.2256155754915,5239,0.40083985493414775,5239,12.464210727238022,5239,0.20996373353693454,5239,0.40083985493414775,5239,8.474899790036266,5239,81.52123191787214,79.81023487323067,6429,6429,5241,2.0988360999809195,77.70867430441899,76.2684124386252,3055,3055,78.46917350639436,5239,7.291467837373545,5239,10.68906279824394,5239,7.264651125337977,84.97332542975697,77.70867430441899,3374,3055,3.168543615193739,5239,1.4124832983393778,5239,76.8085512502386,5239,3.1876312273334606,5239,4.065661385760642,5239,4.8673410956289365,5239,0.9352929948463448,5239,1.2406947890818858,5239,1.6606222561557549,5239,0.20996373353693454,5239,1.2979576255010499,5239,0.591715976331361,5239,81.6369476132462,9029,6.456971979178204,9029,7.1104219736404914,9029,36.03942850814044,9029,21.718905748144866,9029,52.44213091150736,9029,98.83773414579102,8862,98.48792597607763,8862,87.85192098304557,6429,15.605958023019634,8862,0.1015572105619499,8862,9.800806550164976,8183,2.304524,1481,3.325123,11.624718,8026.0,57.675438596491226,456,37.42672919109027,3412,46.82591,7.2208729320661735,5682,33.49018335226351,6163,19.84423170533831,6163,2.839526204770404,6163,4.332305695278274,6163,39.4937530423495,6163,44.95255871830767,6429,34.733240006221806,6429,0.0,6429,0.0,6429,0.015554518587649712,6429,0.0,6429,0.0,6429,0.0,6429,0.0,6429,0.0,6429,2.7194764161588805,8862,2.3019634394041977,8862,2.9225908372827805,8862,2.268111035883548,8862,5.991875423155044,8862,81.96625263651278,8534,2.6013592688071245,8534,0.43355987813452074,8534,14.998828216545583,8534,85.00117178345442,8534,8.256880733944953,436,21.141354372123605,23.32129963898917,8310,73.64620938628158,8310,73.83600146645485,8183,92.93078055964654,679,4.603926878808395,8862,5.567685589519651,1832,39.820964481663296,3463,20.01155067860237,3463,37.6263355472134,3463,9.29829627490615,3463,3463,2.5590528443546057,92.526790750141,7.473209249858996,2.6226734348561758,3546,3546,3546
020503,6721,3068,27.58518077667014,6721,65.3474185389079,6721,7.067400684421961,6721,35.82800178544859,6721,10.504389227793483,6721,27.0,30.33269,119.0677966101695,3653,8.778455586966226,6721,26.88588007736944,6721,1.7705698556762386,6721,53.02823315118397,42.21311475409836,10.81511839708561,25.620280474649405,390.3157894736842,10.793515358361775,4688,18.677606177606176,2072,90.41420118343196,1690,97.84031413612566,1528,80.86124401913875,209,20.266666666666666,750,14.469078179696616,4285,30.47841306884481,4285,46.20770128354726,4285,8.844807467911318,4285,55.052508751458575,4285,58.99649941656943,4285,14.128676513997613,18.677606177606176,4.548929663608563,2072,2616,-0.8465721561203061,8.368869936034114,9.21544209215442,1876,2409,-2.210007824248266,6.255330490405117,8.465338314653383,1876,2409,13.735558408215661,3895,59.66623876765083,3895,1.4377406931964056,3895,10.526315789473685,3895,0.07702182284980745,3895,2.1566110397946083,3895,13.812580231065468,3895,80.95634095634095,79.93762993762994,4810,4810,3894,1.258346173600411,74.24953095684803,73.59287054409006,2132,2132,74.45442875481386,3895,6.572528883183569,3895,14.428754813863929,3895,12.046212135011558,86.29574309185959,74.24953095684803,2678,2132,3.568677792041078,3895,1.258023106546855,3895,59.12708600770218,3895,2.490372272143774,3895,4.056482670089859,3895,6.572528883183569,3895,1.514762516046213,3895,2.490372272143774,3895,15.32734274711168,3895,0.25673940949935814,3895,1.7715019255455713,3895,0.7445442875481386,3895,83.60363041214104,6721,5.37122452016069,6721,9.58190745424788,6721,40.97604523136438,6721,32.43564945692605,6721,61.67237018300848,6721,99.38280897185007,6643,98.6150835465904,6643,85.11434511434511,4810,25.349992473280146,6643,0.1806412765316875,6643,14.921681780708987,6065,2.2447786,1197,2.9798546,8.984745,5309.0,66.7420814479638,442,34.76848090982941,2462,44.019497,7.497782963827304,4285,31.993044990219516,4601,28.559008911106282,4601,2.955879156705064,4601,4.564225168441643,4601,31.927841773527494,4601,56.75675675675676,4810,14.407484407484407,4810,0.062370062370062374,4810,0.0,4810,0.18711018711018712,4810,0.0,4810,0.0,4810,0.0,4810,0.0,4810,0.0,4810,1.8365196447388228,6643,1.460183651964474,6643,1.8666265241607707,6643,1.1892217371669427,6643,3.642932410055698,6643,74.46381731214319,6481,3.178521833050455,6481,0.8023453170806975,6481,21.555315537725658,6481,78.44468446227434,6481,10.037174721189592,269,20.80345394736842,32.8421052631579,6175,65.78137651821862,6175,73.65210222588624,6065,96.02076124567473,578,4.26012343820563,6643,5.891848264729621,1239,40.67266327727806,2557,15.486898709425107,2557,36.84004692999609,2557,5.9444661712944855,2557,2557,2.597966366836136,95.57609772202046,4.423902277979536,1.2215252558600198,3029,3029,3029
020601,30083,14792,27.194761160788484,30083,63.790180500614966,30083,9.01505833859655,30083,34.97656483728352,30083,12.771332646345112,30083,28.0,31.514908,103.37344510546241,15291,7.751886447495263,30083,25.11717581358242,30083,1.8781371538742813,30083,56.76393955184992,42.63157894736842,14.132360604481502,33.14998166483315,301.6592920353982,6.057068136178957,21413,9.817976044515703,10603,94.98474193976384,7537,95.25073334264562,7159,88.48920863309353,973,36.43054277828887,3261,7.3011999186495835,19668,29.09802725238967,19668,48.65771812080537,19668,14.94305470815538,19668,63.60077282896075,19668,67.54626804962375,19668,7.449798431194704,9.817976044515703,2.368177613320999,10603,10810,-0.2381037698341597,14.822804314329739,15.060908084163898,9735,9933,-1.4223589575580116,7.948022598870057,9.370381556428068,9735,9933,13.56849681755993,16811,61.73338885253703,16811,1.249182083159836,16811,10.171911248587234,16811,0.3628576527273809,16811,0.707869847123907,16811,13.931354470287312,16811,78.17946465720493,76.8619111460404,21631,21631,16911,1.6852935958843356,71.59757801583605,70.79646017699115,10735,10735,69.45452382368687,16811,7.828207721134971,16811,18.410564511331867,16811,13.066518900463507,84.66409691629956,71.59757801583605,10896,10735,4.437570638272559,16811,1.766700374754625,16811,62.07245256082327,16811,3.8546189994646363,16811,3.95574326333948,16811,8.268395693296057,16811,2.6827672357385044,16811,2.367497471893403,16811,7.382071262863601,16811,0.529415263815359,16811,1.2848729998215453,16811,0.9279638332044494,16811,77.59531961572982,30083,7.652162350829372,30083,10.032244124588638,30083,38.11787388225908,30083,42.81820297177808,30083,67.1741515141442,30083,99.36438540440558,29735,98.99445098368926,29735,81.46179094817623,21631,25.989574575416178,29735,0.4573734656129141,29735,12.775185887155562,27436,1.9955639,5861,2.7384377,9.553414,24609.0,75.82835415535035,1841,40.93971631205674,11280,45.929874,8.666361602603214,19668,33.75841811147729,20937,22.70621387973444,20937,4.1266657114199745,20937,5.86521469169413,20937,33.543487605674166,20937,0.910729970875133,21631,68.62373445518007,21631,0.018491979104063614,21631,0.0,21631,0.1386898432804771,21631,0.0,21631,0.0,21631,0.0,21631,0.0,21631,0.0,21631,2.1557087607196905,29735,1.489826803430301,29735,2.1758870018496723,29735,1.2981335126954767,29735,4.496384731797545,29735,74.21400992829564,29008,3.6851902923331497,29008,1.0893546607832323,29008,21.011445118587975,29008,78.98855488141203,29008,8.013640238704177,1173,21.19862355953905,49.39853930975226,27932,48.886581698410424,27932,65.15162560139962,27436,95.95476294040887,2299,5.747435681856398,29735,4.067734216823118,5433,41.67828511676542,11476,19.780411293133497,11476,34.45451376786337,11476,7.293482049494598,11476,11476,2.5910596026490067,93.6694021101993,6.3305978898007,2.71199687377882,12795,12795,12795
020602,16386,7628,27.572317832295862,16386,66.81923593311363,16386,5.608446234590504,16386,35.90259978030026,16386,9.111436592212865,16386,27.0,29.67222,114.813843733613,8758,8.299768094715,16386,26.815574270718905,16386,0.9215183693396802,16386,49.65750296830761,41.264042378299386,8.39346059000822,20.340858787073927,491.6213275299238,2.9900616860863605,11672,4.708774583963692,5288,92.70142180094787,4220,98.10838445807771,3912,82.14285714285714,588,31.70984455958549,1930,3.6452922844461235,10589,24.36490697894041,10589,56.9931060534517,10589,14.996694683161772,10589,71.98980073661346,10589,75.8617433185381,10589,3.142358543863441,4.708774583963692,1.5664160401002507,5288,6384,1.6193637309780318,15.89041095890411,14.271047227926077,4745,5844,-0.5928137908054083,8.975974710221285,9.568788501026694,4745,5844,20.37614066325395,8986,59.42577342532829,8986,1.9586022701980859,8986,6.3654573781437795,8986,0.44513687959047404,8986,1.0572000890273758,8986,20.821277542844424,8986,77.66510438858117,75.94375798892203,11735,11735,9114,2.216370419135396,66.72303645246149,65.48290116497557,5322,5322,50.71221900734476,8986,9.492543957266859,8986,34.19764077453817,8986,20.022636399557854,86.74567285201934,66.72303645246149,6413,5322,5.508568884932116,8986,2.7487202314711774,8986,40.34052971288671,8986,4.239928778099266,8986,5.0856888493211665,8986,15.13465390607612,8986,5.675495214778544,8986,6.020476296461162,8986,10.371689294458045,8986,0.9793011350990429,8986,1.424438014689517,8986,1.1907411529045182,8986,80.81899182228732,16386,8.916147931160747,16386,20.450384474551445,16386,34.73086781398755,16386,52.42890272183571,16386,64.6283412669352,16386,98.9957488756084,16231,98.49670383833406,16231,71.29100979974436,11735,45.06807960076397,16231,0.8194196291047995,16231,16.31624907637536,14887,2.2635357,3343,2.8932848,10.284948,13476.0,91.3006029285099,1161,34.776288160232596,6191,43.213696,9.303144772877515,10589,19.52054794520548,11388,34.75588338602037,11388,5.874604847207587,11388,3.951527924130664,11388,35.8974358974359,11388,4.32040903280784,11735,17.83553472518108,11735,0.13634426927993182,11735,0.05112910097997444,11735,0.48572645930975716,11735,0.0,11735,0.04260758414997869,11735,0.04260758414997869,11735,0.008521516829995739,11735,0.02556455048998722,11735,3.006592323331896,16231,1.1397942209352474,16231,2.3350378904565336,16231,1.158277370463927,16231,5.261536565830817,16231,77.47476647232149,15951,3.0468309196915553,15951,0.9654567111779826,15951,18.512945896808976,15951,81.48705410319103,15951,12.797619047619047,672,19.875333926981302,84.21295381168873,15177,14.475851617579231,15177,29.53583663599113,14887,94.49404761904762,1344,3.598053108249646,16231,6.569343065693431,3014,39.414556962025316,6320,12.5,6320,38.30696202531646,6320,4.9525316455696204,6320,6320,2.5681962025316456,96.59458759549398,3.4054124045060234,0.8804868574388192,7723,7723,7723
020603,9761,4600,27.97869070791927,9761,66.18174367380391,9761,5.839565618276816,9761,36.010654646040365,9761,9.220366765700236,9761,27.0,29.529863,112.19565217391305,5161,8.226616125396989,9761,26.92347095584469,9761,1.2703616432742546,9761,51.09907120743034,42.27554179566563,8.823529411764707,20.871475649945076,479.12280701754383,5.65955594253374,6891,8.861154446177848,3205,93.97400551398188,2539,97.61106454316848,2386,86.3905325443787,338,30.868443680137574,1163,6.660293180369663,6276,25.541746335245378,6276,56.37348629700446,6276,11.424474187380497,6276,67.79796048438496,6276,71.70172084130019,6276,5.985408379981429,8.861154446177848,2.875746066196419,3205,3686,2.4429795292540266,12.736660929432015,10.293681400177988,2905,3371,-1.0483930211671808,8.355938037865748,9.404331059032929,2905,3371,13.058933582787652,5345,61.34705332086062,5345,0.8793264733395697,5345,10.233863423760523,5345,0.4490177736202058,5345,1.7399438727782974,5345,13.507951356407858,5345,77.88475355654548,75.9879293001868,6959,6959,5420,2.4354243542435423,68.78274268104776,67.3959938366718,3245,3245,73.99438727782974,5345,5.463049579045837,5345,17.54911131898971,5345,17.054629424498813,85.83737210554658,68.78274268104776,3714,3245,3.3676333021515434,5345,1.7212347988774557,5345,66.00561272217026,5345,2.488306828811974,5345,2.9747427502338635,5345,8.606173994387278,5345,2.3386342376052385,5345,2.1328344246959774,5345,7.988774555659495,5345,0.26192703461178674,5345,1.2722170252572498,5345,0.9915809167446211,5345,85.3601065464604,9761,4.005737117098658,9761,9.128163098043233,9761,40.26226821022436,9761,41.91168937608852,9761,68.41512140149575,9761,99.21447028423772,9675,98.79069767441861,9675,77.84164391435552,6959,36.76485788113695,9675,0.28940568475452194,9675,15.207840486650895,8877,1.9357142,1960,2.5835745,8.480316,7087.0,81.23028391167192,634,40.2046783625731,4104,41.41569,8.919056724028044,6276,24.69080613917449,6711,26.41931157800626,6711,4.589479958277455,6711,4.634182685143794,6711,39.666219639398,6711,4.986348613306509,6959,65.12429946831442,6959,0.0,6959,0.0,6959,0.10058916510992959,6959,0.0,6959,0.0,6959,0.0,6959,0.014369880729989942,6959,0.0,6959,1.7054263565891472,9675,1.302325581395349,9675,1.8604651162790697,9675,1.1576227390180878,9675,3.813953488372093,9675,75.61362674566229,9452,2.4439272111722388,9452,1.1214557765552264,9452,20.82099026661024,9452,79.17900973338976,9452,6.756756756756757,370,20.870158210583742,64.26360017691287,9044,34.21052631578947,9044,61.50726596823251,8877,94.61152882205513,798,4.516795865633075,9675,5.473453749315818,1827,40.49606487002146,4193,11.924636298592892,4193,41.1161459575483,4193,4.602909611256857,4193,4193,2.3074171237777246,96.47609659931001,3.5239034006899885,1.0842779694430753,4058,4058,4058
020604,4224,2043,29.876893939393938,4224,61.78977272727273,4224,8.333333333333334,4224,38.42329545454545,4224,11.813446969696969,4224,26.0,29.629498,106.75477239353891,2181,8.996212121212121,4224,28.196022727272727,4224,1.5151515151515151,4224,61.839080459770116,48.35249042145594,13.486590038314176,27.892234548335974,358.52272727272725,8.623663332183511,2899,12.793176972281449,1407,91.6382252559727,1172,98.23091247672254,1074,76.50602409638554,166,25.646123260437374,503,9.980879541108987,2615,31.166347992351817,2615,49.29254302103251,2615,9.560229445506693,2615,58.8527724665392,2615,62.86806883365201,2615,8.101487964238554,12.793176972281449,4.6916890080428955,1407,1492,0.4902150156224945,9.811616954474097,9.321401938851603,1274,1341,-1.105671041433265,7.392464678178964,8.498135719612229,1274,1341,8.953938872148084,2323,62.41928540680155,2323,1.248385708136031,2323,14.636246233318984,2323,0.17219113215669393,2323,0.2582866982350409,2323,9.126130004304779,2323,79.22919508867668,77.55798090040928,2932,2932,2323,2.109341368919501,73.23055360896987,72.24947442186405,1427,1427,77.95953508394318,2323,5.854498493327593,2323,11.924235901851056,2323,11.686389912624819,84.91694352159469,73.23055360896987,1505,1427,3.357727077055532,2323,1.7219113215669393,2323,74.21437795953508,2323,3.228583727938011,2323,2.582866982350409,2323,6.629358588032717,2323,1.162290142057684,2323,1.0331467929401636,2323,3.745157124408093,2323,0.2152389151958674,2323,0.6887645286267757,2323,0.8179078777442962,2323,85.06155303030303,4224,5.089962121212121,4224,8.262310606060606,4224,30.989583333333332,4224,31.723484848484848,4224,55.04261363636363,4224,99.30688336520076,4184,98.9244741873805,4184,85.9481582537517,2932,18.905353728489484,4184,0.11950286806883365,4184,10.131233595800525,3810,2.221629,749,3.0269098,9.169549,3468.0,72.40143369175627,279,40.64981949458484,1385,45.20289,7.959464627151052,2615,27.954706298655342,2826,26.18542108987969,2826,3.786270346779901,2826,5.130927105449398,2826,36.94267515923567,2826,0.37517053206002726,2932,68.11050477489768,2932,0.0,2932,0.0,2932,0.034106412005457026,2932,0.0,2932,0.0,2932,0.0,2932,0.0,2932,0.0,2932,2.8680688336520075,4184,2.5334608030592736,4184,3.80019120458891,4184,2.4378585086042066,4184,6.572657743785851,4184,82.6182887962736,4079,2.8683500858053446,4079,0.19612650159352782,4079,14.317234616327532,4079,85.68276538367247,4079,15.517241379310345,174,20.588162762022193,41.75456650373038,3887,56.39310522253666,3887,65.38057742782152,3810,96.524064171123,374,4.89961759082218,4184,4.6539379474940334,838,55.13552068473609,1402,20.399429386590583,1402,19.40085592011412,1402,4.56490727532097,1402,1402,2.984308131241084,93.61830222757375,6.38169777242625,1.8061408789885611,1661,1661,1661
020605,3529,1677,21.16746953811278,3529,63.58741853216208,3529,15.245111929725134,3529,27.146500425049588,3529,21.365826013034855,3529,36.0,37.656277,110.43530113297555,1852,6.1207140833097196,3529,20.657410031170304,3529,3.287050155851516,3529,57.263814616755795,33.288770053475936,23.97504456327986,72.02141900937082,138.84758364312268,8.528864059590317,2685,12.971698113207546,1272,94.01459854014598,685,95.3416149068323,644,88.04347826086956,92,37.6271186440678,295,11.300555114988105,2522,28.667724028548772,2522,47.58128469468676,2522,12.450436161776368,2522,60.031720856463124,2522,64.15543219666931,2522,8.44232797874187,12.971698113207546,4.529370134465676,1272,1413,-1.1181412651124667,11.862990810359232,12.981132075471699,1197,1325,-1.939158588294636,7.254803675856308,9.193962264150944,1197,1325,8.930987821380244,2217,72.71087054578258,2217,0.5412719891745602,2217,6.044203879115923,2217,0.18042399639152007,2217,0.09021199819576003,2217,9.111411817771764,2217,82.10757409440176,80.27808269301134,2733,2733,2244,2.228163992869875,78.73651771956857,76.88751926040062,1298,1298,68.69643662607126,2217,12.268831754623365,2217,15.516463689670726,2217,6.420276705518546,85.15679442508711,78.73651771956857,1435,1298,4.781235904375282,2217,2.119981957600361,2217,68.42580063148398,2217,6.946323861073523,2217,5.232295895354082,2217,7.171853856562923,2217,1.6238159675236807,2217,0.9472259810554804,2217,0.2706359945872801,2217,0.6314839873703203,2217,1.8042399639152007,2217,0.9021199819576003,2217,72.23009351090961,3529,11.759705298951545,3529,7.055823179370926,3529,29.498441484839898,3529,27.74156984981581,3529,57.7217342023236,3529,99.3941142527409,3466,99.19215233698789,3466,89.42553969996341,2733,15.868436237738026,3466,0.3173687247547605,3466,9.615975422427036,3255,1.9428045,542,3.0288641,10.708761,3231.0,72.86821705426357,129,37.87234042553192,1410,52.90922,8.27359238699445,2522,45.806451612903224,2635,11.650853889943074,2635,2.428842504743833,2635,7.666034155597723,2635,32.44781783681214,2635,0.2561287961946579,2733,83.64434687156971,2733,0.0,2733,0.0,2733,0.03658982802780827,2733,0.0,2733,0.0,2733,0.0,2733,0.0,2733,0.0,2733,2.5100980957876513,3466,2.3658395845354874,3466,2.279284477784189,3466,1.6156953260242355,3466,5.1933064050779,3466,74.36510307738273,3347,6.9913355243501645,3347,1.0158350761876307,3347,17.627726322079475,3347,82.37227367792053,3347,7.766990291262136,103,22.0621387283237,25.369532428355956,3315,72.79034690799396,3315,68.0184331797235,3255,96.6824644549763,211,6.318522792844778,3466,3.4693877551020407,490,30.196629213483146,1424,29.985955056179776,1424,39.67696629213483,1424,11.867977528089888,1424,1424,2.433988764044944,90.97658480868076,9.023415191319245,4.7972587093089665,1751,1751,1751
020606,7716,3476,27.643856920684293,7716,65.85018144116123,7716,6.505961638154484,7716,34.92742353551063,7716,11.145671332296526,7716,29.0,30.989113,121.97928653624857,4240,8.709175738724728,7716,23.665111456713323,7716,0.8424053913945049,7716,51.859870104310176,41.97992521157253,9.87994489273765,23.534927332395686,424.9003984063745,3.1471711842823358,5497,5.250103348491112,2419,95.06172839506173,1944,99.13419913419914,1848,86.41509433962264,265,29.41970310391363,741,4.428117553613979,5036,19.65845909451946,5036,58.598093725178714,5036,17.31532962668785,5036,75.91342335186656,5036,79.50754567116759,5036,3.7556264154176873,5.250103348491112,1.4944769330734242,2419,3078,4.490421868273783,19.83695652173913,15.346534653465346,2208,2828,-0.3614418701186892,9.501358695652174,9.862800565770863,2208,2828,25.833539145468016,4049,52.556186712768586,4049,3.902198073598419,4049,5.186465794023215,4049,0.37046184243022967,4049,3.556433687330205,4049,26.204000987898247,4049,75.23085279739273,72.69599855151186,5523,5523,4155,3.3694344163658245,61.5605749486653,59.794661190965094,2435,2435,43.3934304766609,4049,7.705606322548777,4049,42.30674240553223,4049,24.449787745635213,86.01036269430051,61.5605749486653,3088,2435,6.8905902692022725,4049,2.8649049147937764,4049,10.817485798962707,4049,3.4576438626821435,4049,4.149172635218572,4049,18.819461595455667,4049,5.4581378118053845,4049,9.11336132378365,4049,32.575944677698196,4049,0.79031859718449,4049,3.185971844899975,4049,1.2595702642627808,4049,84.2016588906169,7716,8.903576982892691,7716,26.944012441679625,7716,23.93727319854847,7716,47.25246241575946,7716,57.452047693105236,7716,98.66544550569148,7643,98.24676174277117,7643,38.89190657251494,5523,55.8681146146801,7643,0.6672772471542588,7643,19.60166212924488,6979,2.139987,1543,2.6503959,11.185419,5981.0,97.04251386321627,541,33.4790755777639,3202,45.08963,9.704328832406672,5036,19.470840320476988,5367,35.010247810694985,5367,6.912614123346376,5367,5.701509223029626,5367,32.90478852245202,5367,6.156074597139236,5523,16.85678073510773,5523,0.10863661053775123,5523,0.03621220351258374,5523,1.1768966141589716,5523,0.01810610175629187,5523,0.03621220351258374,5523,0.0,5523,0.0,5523,0.0,5523,3.1270443543111344,7643,1.2822190239434776,7643,2.4728509747481358,7643,0.9158707313881983,7643,5.6783985346068295,7643,74.0249403024675,7538,3.621650305120722,7538,2.97161050676572,7538,19.38179888564606,7538,80.61820111435394,7538,13.385826771653543,254,20.195799876466953,88.09222550260087,7113,10.965837199493885,7113,24.48774896116922,6979,90.96385542168674,664,4.186837629203192,7643,4.900568181818182,1408,35.24215656411818,3283,13.9201949436491,3283,44.136460554371006,3283,6.823027718550106,3283,3283,2.328053609503503,97.78699861687413,2.213001383125871,0.5809128630705395,3615,3615,3615
020607,21843,10045,29.057363915213113,21843,67.55024492972576,21843,3.392391155061118,21843,37.23389644279632,21843,5.956141555647118,21843,25.0,27.463535,117.45146839223494,11798,9.096735796364968,21843,29.766973401089594,21843,0.7141876115918143,21843,48.03795323619112,43.01592680447306,5.022026431718062,11.674806995430913,856.5452091767881,2.4911265939266465,15214,4.102337891486546,6801,92.16339410939692,5704,98.00266311584554,5257,82.14285714285714,812,20.301783264746227,2916,3.1148604802076574,13869,19.547191578340183,13869,63.90511212055664,13869,13.432835820895523,13869,77.33794794145216,13869,80.88542793279977,13869,2.913701257705493,4.102337891486546,1.1886366337810532,6801,8413,1.207693398073344,14.104647383815404,12.89695398574206,6154,7715,-0.7209988561044245,9.25528111797205,9.976279974076474,6154,7715,27.903631787126933,11124,53.46098525710176,11124,2.283351312477526,11124,6.229773462783172,11124,0.5213951815893564,11124,1.3214670981661274,11124,28.42502696871629,11124,74.15701080588465,71.72894154406978,15362,15362,11392,3.2742275280898876,62.325378346915016,60.462747380675204,6872,6872,42.77238403451996,11124,9.933477166486876,11124,40.60589715929522,11124,21.408426128938927,83.73380447585394,62.325378346915016,8490,6872,5.717367853290184,11124,3.0924128011506653,11124,23.426824883135563,11124,4.5217547644732115,11124,5.402732829917296,11124,17.826321467098165,11124,7.632146709816613,11124,7.44336569579288,11124,19.345559151384393,11124,0.6023013304566702,11124,1.9597267170082704,11124,1.1776339446242359,11124,82.09037220162065,21843,7.920157487524607,21843,22.826534816646067,21843,31.163301744265897,21843,62.16636908849517,21843,64.14411939751865,21843,98.27387270965062,21667,97.493884709466,21667,53.111574013800286,15362,53.528407255272995,21667,1.3015184381778742,21667,24.211968935587027,19701,2.3184588,4594,2.839564,9.246492,16828.0,94.05726634251756,1851,34.88100452620821,6849,40.933273,9.656355901651164,13869,15.909396424250572,14878,37.713402339024064,14878,6.1365774969754,14878,3.300174754671327,14878,36.94044898507864,14878,13.663585470641843,15362,13.188386928785315,15362,0.13670095039708371,15362,0.019528707199583387,15362,0.43614112745736233,15362,0.013019138133055592,15362,0.026038276266111184,15362,0.013019138133055592,15362,0.006509569066527796,15362,0.039057414399166775,15362,2.012276734204089,21667,0.8907555268380486,21667,1.4307472192735495,21667,0.8169105090690912,21667,3.632251811510592,21667,64.91508679493813,21257,2.935503598814508,21257,0.9032318765583102,21257,31.246177729689045,21257,68.75382227031096,21257,16.167664670658684,835,19.554639175257734,85.84990059642148,20120,12.857852882703778,20120,39.00309628952845,19701,90.74262461851475,1966,4.689158628328795,21667,6.8698476142892835,4003,46.65551839464883,7176,8.946488294314381,7176,28.99944258639911,7176,3.2051282051282053,7176,7176,3.0193701226309924,97.828129894539,2.1718701054609966,0.6160593087605722,9577,9577,9577
020608,13379,6069,28.126167875028028,13379,67.07526720980641,13379,4.798564915165558,13379,36.69183048060393,13379,8.079826593915838,13379,26.0,28.688019,120.44817927170868,7310,8.827266611854398,13379,28.469990283279767,13379,0.754914418117946,13379,49.08624916425229,41.93224871852017,7.154000445732115,17.06085570023917,586.1370716510903,3.0575539568345325,9452,4.586501901140684,4208,89.12474556557139,3439,98.17292006525285,3065,75.15527950310559,483,23.358512492736782,1721,3.991572047290179,8543,23.200280931756993,8543,59.21807327636662,8543,13.590073744586212,8543,72.80814702095283,8543,76.6826641694955,8543,2.755838285580043,4.586501901140684,1.8306636155606408,4208,5244,1.7222285520744833,14.556118368435085,12.833889816360601,3751,4792,-0.5784789053469979,9.016262330045322,9.59474123539232,3751,4792,20.086477987421382,7632,59.682914046121596,7632,1.0482180293501049,7632,7.534067085953878,7632,0.4061844863731656,7632,0.43238993710691825,7632,20.49266247379455,7632,81.53684210526316,79.42105263157895,9500,9500,7746,2.594887683965918,72.64997638167218,71.30373169579593,4234,4234,62.29035639412998,7632,6.6430817610062896,7632,25.31446540880503,7632,16.03213527803159,88.68211165970376,72.64997638167218,5266,4234,4.219077568134172,7632,2.2274633123689727,7632,54.69077568134172,7632,2.7253668763102725,7632,3.839098532494759,7632,11.713836477987421,7632,4.101153039832285,7632,4.271488469601677,7632,7.59958071278826,7632,0.5372117400419287,7632,1.270964360587002,7632,1.10062893081761,7632,83.8029748112714,13379,5.957096942970327,13379,12.900814709619553,13379,29.658419911802078,13379,48.2323043575753,13379,62.29912549517901,13379,97.91383219954649,13230,97.33182161753591,13230,62.242105263157896,9500,56.402116402116405,13230,1.8216175359032503,13230,19.940303457424758,12061,2.0138788,2738,2.582175,8.627451,9435.0,92.61300992282249,907,38.999118165784836,4536,42.003086,9.340746810254009,8543,18.402927249246662,9292,30.445544554455445,9292,5.832974601808007,9292,3.6698235040895395,9292,41.64873009040034,9292,4.6421052631578945,9500,26.389473684210525,9500,0.15789473684210525,9500,0.010526315789473684,9500,0.4421052631578947,9500,0.010526315789473684,9500,0.031578947368421054,9500,0.010526315789473684,9500,0.05263157894736842,9500,0.042105263157894736,9500,1.7913832199546484,13230,0.9448223733938019,13230,1.307634164777022,13230,0.8314436885865457,13230,3.3333333333333335,13230,77.33906898141035,13018,2.742356736825933,13018,0.37640190505453985,13018,19.54217237670917,13018,80.45782762329083,13018,14.084507042253522,568,20.192195931921958,83.34956973534665,12318,15.067381068355253,12318,32.48486858469447,12061,92.98545765611634,1169,3.6659108087679515,13230,8.403361344537815,2499,46.78111587982833,4660,12.21030042918455,4660,27.59656652360515,4660,3.6051502145922747,4660,4660,2.8390557939914163,95.91773619916499,4.082263800835008,0.8350085047162518,6467,6467,6467
020701,19156,8930,32.28231363541449,19156,59.845479223219876,19156,7.87220714136563,19156,43.02568385884318,19156,11.442889956149509,19156,24.0,28.965181,114.51287793952967,10226,10.080392566297766,19156,25.91355188974734,19156,1.8688661515974108,19156,67.0969993021633,53.94277739009072,13.154221912072575,24.385510996119017,410.079575596817,7.104908413289985,12611,10.52170868347339,5712,90.16450822541127,5714,99.04891304347827,5152,67.58893280632411,759,20.62043795620438,2192,7.819645143588805,10934,28.452533382110847,10934,51.13407719041522,10934,12.59374428388513,10934,63.72782147430035,10934,68.00804828973843,10934,6.245726657092756,10.52170868347339,4.2759820263806345,5712,6899,-0.8912746123828708,12.10906174819567,13.00033636057854,4988,5946,-1.2368866578139368,7.710304731355253,8.94719138916919,4988,5946,13.883111480865225,9616,61.428868552412645,9616,0.8631447587354409,9616,12.936772046589018,9616,0.35357737104825293,9616,0.07279534109816972,9616,14.236688851913478,9616,75.60537416028745,74.08217466020935,12802,12802,9679,2.0146709370802767,70.0361632512485,68.9512657137937,5807,5807,65.98377703826955,9616,7.518718801996672,9616,22.06738768718802,9616,10.192571559330489,80.22873481057898,70.0361632512485,6995,5807,5.740432612312812,9616,2.2878535773710484,9616,64.11189683860233,9616,2.7662229617304495,9616,4.721297836938436,9616,8.953826955074875,9616,1.913477537437604,9616,3.0886023294509153,9616,1.8718801996672212,9616,1.5391014975041597,9616,3.2237936772046587,9616,0.8839434276206323,9616,75.2244727500522,19156,8.368135310085613,19156,10.832115264147003,19156,44.570891626644396,19156,48.31384422635206,19156,72.97452495301734,19156,98.58500527983105,18940,97.7349524815206,18940,73.20731135760037,12802,25.818373812038015,18940,0.5913410770855333,18940,16.240018788163457,17032,2.7980485,3382,3.6647925,9.715348,18795.0,72.56392536281963,1447,30.751558910403677,6094,46.28569,8.38293396744101,10934,24.802068185490388,12378,29.447406689287444,12378,4.241396025206011,12378,4.297947972208758,12378,37.2111811278074,12378,31.721605999062646,12802,5.046086548976723,12802,0.062490235900640526,12802,0.0,12802,0.10935791282612092,12802,0.015622558975160131,12802,0.007811279487580066,12802,0.007811279487580066,12802,0.0,12802,0.007811279487580066,12802,3.342133051742344,18940,2.06441393875396,18940,3.3526927138331573,18940,2.3706441393875397,18940,6.932418162618796,18940,74.04567787916419,18521,4.459802386480211,18521,0.3725500782895092,18521,21.12196965606609,18521,78.87803034393391,18521,15.911872705018359,817,19.861651762230405,56.061736186815075,17429,41.74651442997303,17429,63.216298731798965,17032,91.40461215932915,1908,3.252375923970433,18940,6.767097082735534,4182,45.78293823576843,6201,19.416223189808097,6201,31.881954523463957,6201,6.418319625866796,6201,6201,3.0543460732139978,97.51696065128901,2.4830393487109887,0.5834464043419267,7370,7370,7370
020702,9060,3780,26.445916114790286,9060,68.83002207505518,9060,4.7240618101545255,9060,34.77924944812362,9060,7.417218543046357,9060,26.0,28.671854,139.68253968253967,5280,7.969094922737307,9060,30.474613686534216,9060,0.8057395143487859,9060,45.28543938422065,38.422065426555484,6.8633739576651696,17.863105175292155,559.8130841121496,5.0370828182941905,6472,9.596553074813944,2553,91.5137614678899,2180,93.7844611528822,1995,80.65573770491804,305,22.09856915739269,1258,7.064204641707606,5903,26.647467389462985,5903,55.12451295951211,5903,11.163815009317297,5903,66.2883279688294,5903,70.20159241063865,5903,7.529699285581996,9.596553074813944,2.066853789231947,2553,3919,-0.8357896649486776,10.65749892565535,11.493288590604028,2327,3576,-2.1196238303583357,7.482165878813923,9.601789709172259,2327,3576,22.213740458015266,5240,54.29389312977099,5240,1.183206106870229,5240,10.0,5240,0.3435114503816794,5240,0.6297709923664122,5240,22.557251908396946,5240,81.6201288738877,79.64099416999079,6518,6518,5320,2.424812030075188,73.86759581881533,72.08672086720867,2583,2583,57.156488549618324,5240,10.458015267175572,5240,23.68320610687023,5240,12.841425782201185,86.70902160101652,73.86759581881533,3935,2583,2.99618320610687,5240,2.1755725190839694,5240,46.56488549618321,5240,5.076335877862595,5240,5.286259541984733,5240,10.15267175572519,5240,6.641221374045801,5240,3.3206106870229006,5240,10.591603053435115,5240,0.7442748091603053,5240,0.7251908396946565,5240,0.648854961832061,5240,84.67991169977925,9060,5.22075055187638,9060,12.185430463576159,9060,43.554083885209714,9060,34.856512141280355,9060,58.87417218543046,9060,98.28867372213466,8882,97.75951362305787,8882,81.55876035593741,6518,25.433460932222474,8882,1.7338437288898896,8882,14.495592556317336,8168,2.1182728,1598,2.6859882,10.280532,5846.0,64.42141623488774,579,32.24842245101295,3011,42.163067,8.766220565813994,5903,25.49143944197844,6308,27.853519340519973,6308,3.1388712745719722,6308,4.264426125554851,6308,39.25174381737476,6308,18.027002147898127,6518,23.181957655722613,6518,0.0,6518,0.0,6518,0.13807916538815587,6518,0.0,6518,0.0,6518,0.0,6518,0.0,6518,0.0,6518,2.060346768745778,8882,1.2272010808376492,8882,1.8464309840126099,8882,1.069578923665841,8882,3.91803647827066,8882,79.3297371743372,8713,2.903707104326868,8713,0.9870308734075519,8713,16.779524847928382,8713,83.22047515207161,8713,9.608540925266905,281,21.062128222075348,40.307655329888235,8321,58.202139165965626,8321,75.94270323212537,8168,94.81792717086834,714,6.068453051114614,8882,4.761904761904762,1575,41.6053725615606,3127,11.864406779661017,3127,32.71506236008954,3127,5.0207866965142305,3127,3127,2.8404221298369046,96.7910447761194,3.2089552238805936,0.9701492537313433,4020,4020,4020
020801,113554,57260,26.939605826302905,113554,65.90344681825387,113554,7.156947355443226,113554,35.87896507388555,113554,10.625781566479384,113554,27.0,30.451874,98.31295843520782,56294,7.264385226412103,113554,26.75202987125068,113554,1.3156736002254434,113554,51.73713186167085,40.8773852156716,10.859746645999252,26.566637246248895,376.4119601328904,2.902107293726955,81906,5.059865900383142,41760,96.38839747655129,29959,88.5722201059667,28877,84.91866556382685,3627,58.07269653423499,14196,3.3387037814272755,73861,19.71947306426937,73861,49.3778854876051,73861,27.56393766669826,73861,76.94182315430335,73861,79.8364495471223,73861,4.402266139510328,5.059865900383142,0.6575997608728142,41760,40146,-0.6741390173698534,27.234448240247875,27.90858725761773,37761,36100,-1.4765212154796892,9.72752310584995,11.20404432132964,37761,36100,34.44954435808094,59696,49.16744840525328,59696,1.7120075046904315,59696,7.566671133744305,59696,0.5829536317341195,59696,0.09045832216563923,59696,35.03249798981506,59696,73.96776464305654,71.78071218778067,82394,82394,60945,2.9567642956764297,67.66454251474225,65.69336123264219,42056,42056,17.646073438756364,59696,26.738809970517288,59696,50.20101849370142,59696,12.874899202744984,80.53944171748724,67.66454251474225,40338,42056,12.587108013937282,59696,4.579871348164031,59696,17.245711605467704,59696,17.210533369069953,59696,9.40766550522648,59696,20.490485124631466,59696,7.779415706244975,59696,6.181318681318682,59696,0.40036183328866254,59696,1.8493701420530688,59696,4.186210131332083,59696,2.412221924417046,59696,67.68850062525318,113554,19.813480810891733,113554,24.19905947830988,113554,36.023389752892896,113554,57.21506948236082,113554,69.84254187435053,113554,99.58005528386137,112872,99.33641647175561,112872,67.69667694249581,82394,53.053015805514214,112872,0.8292579204762918,112872,21.68596430891513,104676,1.8597394,26023,2.4671972,9.979558,94423.0,90.68055555555556,7200,42.43311337732454,41675,45.153664,10.449181570788372,73861,35.2103607953842,80766,16.752098655374787,80766,4.960007924126489,80766,4.804001683876879,80766,38.27353094123765,80766,1.6675971551326554,82394,59.57958103745418,82394,0.06311139160618491,82394,0.004854722431244993,82394,0.20632570332791222,82394,0.003641041823433745,82394,0.004854722431244993,82394,0.0024273612156224967,82394,0.0012136806078112483,82394,0.0024273612156224967,82394,3.2195761570628676,112872,1.4104472322630945,112872,2.5258700120490465,112872,1.164150542207102,112872,5.679885179672549,112872,67.62464288592948,111659,13.057612910737156,111659,1.3908417592849658,111659,17.926902444048398,111659,82.0730975559516,111659,4.986929418861854,4973,21.780497624607456,76.15045078888055,106480,22.91604057099925,106480,47.359471129962934,104676,97.9502196193265,8196,4.983521156708484,112872,2.645117231959936,21965,40.680582270665624,42111,16.61323644653416,42111,35.069221818527225,42111,7.10028258649759,42111,42111,2.6803448030205885,70.06425835152614,29.935741648473865,7.000453103760761,48554,48554,48554
020802,8592,4281,21.450186219739294,8592,60.6610800744879,8592,17.88873370577281,8592,30.62150837988827,8592,24.057262569832403,8592,36.0,38.279564,100.70077084793273,4311,5.609869646182496,8592,21.03119180633147,8592,4.271415270018622,8592,64.85034535686876,35.3607060629317,29.489639293937067,83.39663591969615,119.9089134677944,6.70382645375113,6638,11.824729891956784,3332,94.97542326597488,1831,96.54974123059229,1739,90.86294416243655,197,34.375,896,7.417218543046357,6040,31.341059602649008,6040,43.675496688741724,6040,17.566225165562916,6040,61.241721854304636,6040,64.48675496688742,6040,10.282080164189088,11.824729891956784,1.5426497277676952,3332,3306,-5.809136832857455,14.777070063694268,20.586206896551722,3140,2900,-2.760470019767186,7.264012738853503,10.024482758620689,3140,2900,13.396860986547086,5352,62.5,5352,0.9342301943198804,5352,14.256352765321376,5352,0.37369207772795215,5352,0.05605381165919283,5352,13.770553064275038,5352,79.59061706260272,78.72404004183475,6693,6693,5327,1.0887929416181716,79.7925925925926,79.02222222222223,3375,3375,57.11883408071749,5352,12.25710014947683,5352,27.279521674140508,5352,-0.407420802357521,79.38517179023508,79.7925925925926,3318,3375,6.80119581464873,5352,2.11136023916293,5352,57.044095665171895,5352,6.819880418535127,5352,5.381165919282512,5352,10.9304932735426,5352,4.0358744394618835,5352,3.606128550074738,5352,0.07473841554559044,5352,2.615844544095665,5352,1.9431988041853512,5352,0.7473841554559043,5352,73.14944134078212,8592,14.851024208566107,8592,15.491154562383613,8592,41.410614525139664,8592,44.73929236499069,8592,72.4743947858473,8592,99.48368927481812,8522,99.21379957756395,8522,84.19243986254295,6693,28.936869279511853,8522,0.8448720957521708,8522,20.732919254658384,8050,2.1172462,1467,3.3898416,10.997224,10439.0,81.66666666666667,420,41.92439862542955,3201,55.906593,8.589403973509933,6040,45.56616643929058,6597,10.565408519023798,6597,2.7588297711080796,6597,8.867667121418826,6597,32.24192814915871,6597,0.6723442402510085,6693,74.49574181981174,6693,0.014940983116689078,6693,0.0,6693,0.16435081428357987,6693,0.0,6693,0.0,6693,0.0,6693,0.0,6693,0.0,6693,4.400375498709224,8522,2.8749119924900257,8522,4.388641164045999,8522,1.9596338887585074,8522,7.99108190565595,8522,75.40807816037174,8393,9.412605742880972,8393,0.7267961396401763,8393,14.452519957107112,8393,85.54748004289289,8393,10.0,260,21.43633892161305,59.31330472103004,8155,39.54629061925199,8155,68.13664596273291,8050,97.45762711864407,472,11.276695611358836,8522,2.251270878721859,1377,30.104230533415084,3262,37.92152053954629,3262,37.76824034334764,3262,15.787860208461067,3262,3262,2.6125076640098097,85.47077922077922,14.529220779220779,5.925324675324675,3696,3696,3696
020803,13648,7128,25.901230949589685,13648,60.80011723329426,13648,13.298651817116061,13648,33.21365767878078,13648,18.310375146541617,13648,31.0,34.507988,91.4702581369248,6520,7.033997655334115,13648,22.479484173505277,13648,2.7549824150058617,13648,64.47336707640395,42.60062665702579,21.872740419378164,51.343705799151344,194.76584022038568,7.184721099434115,9896,11.958174904942966,5260,95.32598987793986,3359,97.81386633354154,3202,81.9753086419753,405,41.348314606741575,1335,8.749588319244703,9109,26.709847403666704,9109,50.51048413656823,9109,14.030080140520365,9109,64.54056427708859,9109,68.08650784937973,9109,10.189408727203535,11.958174904942966,1.7687661777394306,5260,4636,-3.3841724876820454,12.451121629965014,15.83529411764706,4859,4250,-2.416450588961659,7.563078822803046,9.979529411764705,4859,4250,10.105214475661926,8649,61.579373337958145,8649,0.7399699387212394,8649,16.61463753035033,8649,0.23124060585038733,8649,0.16186842409527114,8649,10.336455081512314,8649,86.03346358080353,85.3421500851618,9981,9981,8587,0.8035402352393153,83.26753149088175,82.81631885692799,5319,5319,63.61429066944155,8649,14.59128222915944,8649,18.198635680425483,8649,5.921657698307442,89.1891891891892,83.26753149088175,4662,5319,4.983235056075847,8649,1.6649323621227887,8649,63.51023239680888,8649,8.266851659151348,8649,6.289744479130535,8649,7.885304659498208,8649,2.4858365128916637,8649,1.8499248468030987,8649,0.1040582726326743,8649,0.6474736963810845,8649,1.803676725633021,8649,0.8902763325239912,8649,79.62338804220398,13648,10.126025791324736,13648,12.265533411488862,13648,42.973329425556855,13648,37.8810082063306,13648,66.78634232121922,13648,99.6440225452388,13484,99.35479086324533,13484,89.17944093778179,9981,16.716107979827946,13484,0.31148027291604863,13484,9.353321106769796,12541,2.1839967,2462,3.3370361,9.246898,14978.0,78.08398950131233,762,42.66434479756204,4594,52.096867,8.690525853551433,9109,42.89699349106313,9679,15.611116850914351,9679,2.6242380411199506,9679,7.345800185969625,9679,31.521851430932948,9679,0.1302474701933674,9981,82.84741007915038,9981,0.020038072337441138,9981,0.0,9981,0.040076144674882276,9981,0.010019036168720569,9981,0.0,9981,0.0,9981,0.0,9981,0.0,9981,2.654998516760605,13484,1.6167309403737764,13484,2.877484425986354,13484,1.4313260160189856,13484,5.376742806288935,13484,82.84654963680387,13216,4.888014527845036,13216,0.5901937046004843,13216,11.675242130750606,13216,88.3247578692494,13216,7.839388145315487,523,21.336721728081322,43.942601740766875,12753,54.473457225750806,12753,73.8138904393589,12541,97.77306468716861,943,5.161673094037377,13484,3.1604538087520258,2468,40.49978457561396,4642,31.624299870745368,4642,30.11632916846187,4642,10.14648858250754,4642,4642,2.9047824213700992,88.28481234654507,11.715187653454933,3.2620133286566118,5702,5702,5702
020804,7897,3985,25.300747119159173,7897,63.39116120045587,7897,11.308091680384956,7897,33.21514499176902,7897,15.816132708623527,7897,31.0,33.927315,98.16813048933501,3912,6.572115993415221,7897,21.704444725845256,7897,2.4186399898695705,7897,57.75069916100679,39.91210547343188,17.83859368757491,44.6946946946947,223.74020156774915,4.810170073870469,5821,8.922558922558922,2970,97.11392405063292,1975,95.30761209593327,1918,90.3225806451613,217,48.52320675105485,711,5.596382136800452,5307,26.0976069342378,5307,50.68777086866403,5307,17.61824006029772,5307,68.30601092896175,5307,71.791972866026,5307,8.396427740517533,8.922558922558922,0.526131182041389,2970,2851,-3.9124050028289457,15.722120658135283,19.63452566096423,2735,2572,-2.495419238544187,8.019744058500914,10.5151632970451,2735,2572,12.53657438667567,4443,65.60882286743191,4443,1.1253657438667568,4443,13.3243304073824,4443,0.15755120414134594,4443,0.022507314877335136,4443,12.694125590817016,4443,76.21160409556315,75.06825938566553,5860,5860,4466,1.5002239140170175,70.34689793195464,69.5130086724483,2998,2998,30.407382399279765,4443,8.125140670717983,4443,56.223272563583166,4443,12.008098573985265,82.35499650593991,70.34689793195464,2862,2998,5.806887238352465,4443,2.9709655638082375,4443,30.38487508440243,4443,3.9162727886563133,4443,4.20886788206167,4443,23.11501237902318,4443,19.311276164753544,4443,5.87440918298447,4443,0.022507314877335136,4443,2.385775376997524,4443,1.4854827819041188,4443,1.0578437992347514,4443,76.82664302899835,7897,10.624287704191465,7897,17.829555527415476,7897,46.42269216158035,7897,52.50094972774471,7897,76.72533873622895,7897,98.4201809147662,7849,97.9870047139763,7849,81.29692832764505,5860,26.882405401962032,7849,2.650019110714741,7849,11.07172075265885,7334,2.0627718,1609,2.8682199,10.808748,7864.0,91.12050739957716,473,35.75984990619137,2665,50.989117,9.229131335971358,5307,40.41297935103245,5763,19.816068020128405,5763,3.366302273121638,5763,6.906125281971195,5763,29.49852507374631,5763,0.9215017064846417,5860,71.39931740614334,5860,0.017064846416382253,5860,0.0,5860,0.10238907849829351,5860,0.0,5860,0.0,5860,0.0,5860,0.0,5860,0.0,5860,3.401707223850172,7849,1.5670786087399668,7849,3.0831953115046504,7849,1.3122690788635496,7849,6.268314434959867,7849,74.76780185758514,7752,4.631062951496388,7752,0.45149638802889575,7752,20.149638802889577,7752,79.85036119711042,7752,5.3156146179401995,301,22.15081450341566,68.26122010212309,7442,30.865358774522978,7442,60.32178892827925,7334,96.11650485436893,515,5.019747738565423,7849,2.0366598778004072,1473,40.20771513353116,2696,26.44658753709199,2696,27.188427299703264,2696,9.681008902077151,2696,2696,2.9113501483679527,90.97812879708384,9.02187120291616,4.404617253948968,3292,3292,3292
020805,7936,3890,23.4375,7936,61.55493951612903,7936,15.007560483870968,7936,30.191532258064516,7936,20.778729838709676,7936,36.0,37.045994,104.01028277634961,4046,5.808971774193548,7936,19.35483870967742,7936,3.641633064516129,7936,62.45649948822928,38.07574206755373,24.380757420675536,64.03225806451613,156.1712846347607,4.690399865024465,5927,8.215881746304571,2909,96.00443951165371,1802,97.91907514450867,1730,92.01680672268908,238,44.377811094452774,667,5.649103747963063,5523,27.901502806445773,5523,50.42549339127286,5523,16.023900054318304,5523,66.44939344559117,5523,69.21962701430382,5523,6.92363522542982,8.215881746304571,1.2922465208747516,2909,3018,-7.689564786171394,12.097669256381797,19.78723404255319,2703,2820,-2.705967364866461,7.753607103218646,10.459574468085107,2703,2820,10.853008377760853,5252,61.91926884996192,5252,0.7044935262757045,5252,14.718202589489719,5252,0.09520182787509521,5252,0.0,5252,10.948210205635949,5252,86.92744901370779,86.45937813440321,5982,5982,5200,0.5384615384615384,84.61799660441426,84.17657045840407,2945,2945,69.24980959634425,5252,8.663366336633663,5252,19.44021325209444,5252,4.548944455842573,89.16694106025683,84.61799660441426,3037,2945,5.331302361005331,5252,1.9230769230769231,5252,69.21172886519422,5252,4.6648895658796645,5252,3.9603960396039604,5252,8.415841584158416,5252,3.1226199543031226,5252,1.38994668697639,5252,0.03808073115003808,5252,1.1995430312261997,5252,3.0274181264280275,5252,0.7806549885757806,5252,79.09526209677419,7936,10.446068548387096,7936,8.392137096774194,7936,37.92842741935484,7936,32.97631048387097,7936,65.25957661290323,7936,99.02825725610536,7821,98.9003963687508,7821,92.96221999331327,5982,22.068789157396754,7821,0.6648766142437028,7821,11.22573639201846,7367,2.0389514,1335,3.0207355,9.929818,7694.0,76.68539325842697,356,43.65647364996747,3074,53.834743,9.1352525801195,5523,40.352981494174095,5836,13.14256339958876,5836,3.1528444139821796,5836,7.590815627141878,5836,35.76079506511309,5836,0.36776997659645605,5982,84.05215646940823,5982,0.0,5982,0.0,5982,0.01671681711802073,5982,0.0,5982,0.01671681711802073,5982,0.0,5982,0.0,5982,0.0,5982,3.6823935558112773,7821,2.1992072624984016,7821,3.8102544431658356,7821,1.892341132847462,7821,6.380258278992456,7821,77.30718954248366,7650,7.411764705882353,7650,0.6013071895424836,7650,14.679738562091503,7650,85.3202614379085,7650,4.669260700389105,257,22.32009484291642,39.82063980725472,7471,58.2385222861732,7471,76.48975159495045,7367,98.01762114537445,454,5.51080424498146,7821,4.108527131782946,1290,34.03914019890921,3117,32.884183509785046,3117,39.14019890920757,3117,12.832852101379531,3117,3117,2.5091434071222327,87.01082431307243,12.989175686927567,2.8309741881765196,3603,3603,3603
020806,17016,8480,25.993182886694875,17016,60.4901269393512,17016,13.516690173953926,17016,33.06299952985425,17016,18.54724964739069,17016,32.0,35.024094,100.66037735849056,8536,6.723084156088388,17016,20.997884344146687,17016,2.932534085566526,17016,65.3162343340134,42.97095113183717,22.345283202176237,52.00090436355415,192.30434782608697,4.616132167152576,12348,8.180058083252662,6198,96.80397727272727,4224,98.11689899730986,4089,89.06560636182903,503,45.854922279792746,1544,6.04221635883905,11370,24.1688654353562,11370,54.55584872471416,11370,15.23306948109059,11370,69.78891820580475,11370,72.63852242744063,11370,7.155667839350223,8.180058083252662,1.024390243902439,6198,6150,-4.980063975491079,12.761871508379889,17.741935483870968,5728,5642,-2.422404591263845,8.083798882681565,10.50620347394541,5728,5642,11.116416770127017,10471,59.43080890077356,10471,0.5539108012606245,10471,16.158915098844428,10471,0.2960557730875752,10471,0.08595167605768313,10471,11.412472543214593,10471,83.32264271969211,82.83354714560616,12472,12472,10392,0.5869899923017706,79.78350843680357,79.36962750716333,6282,6282,63.83344475217267,10471,13.03600420208194,10471,19.25317543692102,10471,7.130869592275587,86.91437802907916,79.78350843680357,6190,6282,5.262152611975933,10471,1.5375799828096648,10471,63.747493076114985,10471,7.831152707477796,10471,5.185751122146882,10471,8.12720848056537,10471,2.9128067997325946,10471,1.8145353834399771,10471,0.08595167605768313,10471,0.5061598701174673,10471,2.922356985961226,10471,1.0887212300639864,10471,81.50564174894217,17016,9.590973201692524,17016,8.180535966149506,17016,42.718617771509166,17016,31.305829807240244,17016,62.511753643629525,17016,99.67359050445104,16850,99.41246290801188,16850,92.46311738293778,12472,18.605341246290802,16850,0.36795252225519287,16850,10.281681185222865,15727,2.1599424,2776,3.282925,9.891785,17095.0,76.23762376237623,808,40.147487566455155,5831,53.001717,9.285839929639401,11370,43.85762544286067,12137,12.19411716239598,12137,3.2133146576583997,12137,7.3329488341435285,12137,33.40199390294142,12137,0.2645926876202694,12472,81.51860166773572,12472,0.008017960230917255,12472,0.0,12472,0.024053880692751765,12472,0.0,12472,0.0,12472,0.0,12472,0.0,12472,0.0,12472,3.0089020771513355,16850,2.029673590504451,16850,2.807121661721068,16850,1.5905044510385757,16850,5.6083086053412465,16850,81.29879561822914,16523,6.124795739272529,16523,0.6233734793923622,16523,11.953035163105973,16523,88.04696483689402,16523,5.45144804088586,587,21.71696551724138,38.6821996743079,15966,59.889765752223475,15966,77.21752400330642,15727,98.04096170970614,1123,6.100890207715134,16850,2.7348777348777347,3108,39.850771578768864,5897,32.64371714431066,5897,32.67763269459047,5897,10.63252501271833,5897,5897,2.857385111073427,87.68869998534369,12.311300014656311,2.784698812838927,6823,6823,6823
020807,7540,3914,21.71087533156499,7540,61.259946949602124,7540,17.02917771883289,7540,27.53315649867374,7540,24.336870026525197,7540,40.0,39.22931,92.64179867143586,3626,6.127320954907161,7540,17.639257294429708,7540,3.713527851458886,7540,63.23879627625027,35.44057155228404,27.798224723966225,78.43616371411117,127.49221183800623,7.921134555517122,5782,13.346547737033367,3027,96.40102827763496,1556,97.2,1500,87.21461187214612,219,41.91919191919192,594,9.05425219941349,5456,32.89956011730205,5456,47.01246334310851,5456,11.033724340175953,5456,58.04618768328446,5456,61.455278592375365,5456,11.38647514175206,13.346547737033367,1.9600725952813067,3027,2755,-2.0749086131091747,10.052173913043479,12.127082526152654,2875,2581,-2.6076865387530956,6.790608695652174,9.39829523440527,2875,2581,8.917713822456426,4934,62.14025131738954,4934,0.7701661937576003,4934,19.558167815160115,4934,0.12160518848804215,4934,0.12160518848804215,4934,9.039319010944467,4934,83.82680130070169,83.24490843744651,5843,5843,4898,0.69416088199265,79.90897269180755,79.32379713914175,3076,3076,65.18038102959059,4934,14.329144710174301,4934,17.55168220510742,4934,8.273174037502173,88.18214672930972,79.90897269180755,2767,3076,4.560194568301581,4934,1.2971220105391164,4934,65.11957843534657,4934,10.275638427239562,4934,3.9927036886907175,4934,8.978516416700446,4934,2.6550466153222536,4934,1.2160518848804216,4934,0.060802594244021076,4934,0.587758411025537,4934,1.844345358735306,4934,0.8309687880016214,4934,76.90981432360742,7540,9.748010610079575,7540,15.729442970822282,7540,45.3448275862069,7540,48.09018567639257,7540,72.79840848806366,7540,99.79916990226269,7469,99.6652831704378,7469,91.28872154715043,5843,26.081135359485874,7469,0.5087695809345294,7469,16.659535016402796,7011,2.2783334,1200,3.6211843,10.379183,9837.0,78.35051546391753,388,38.19253438113949,2545,57.038506,8.024193548387096,5456,48.99200556134863,5754,13.851233924226625,5754,2.780674313521029,5754,8.063955509210984,5754,26.312130691692737,5754,0.22248844771521478,5843,88.5332876946774,5843,0.0,5843,0.0,5843,0.0,5843,0.0,5843,0.017114495978093443,5843,0.0,5843,0.0,5843,0.0,5843,3.1463381978845897,7469,2.02168965055563,7469,3.0124514660597135,7469,1.7137501673584148,7469,6.145400990761815,7469,76.93877551020408,7350,5.673469387755102,7350,0.5034013605442177,7350,16.8843537414966,7350,83.1156462585034,7350,5.803571428571429,224,21.742969906265415,44.4179523141655,7130,54.38990182328191,7130,73.94094993581514,7011,98.2532751091703,458,9.88084080867586,7469,1.694915254237288,1121,31.761978361669243,2588,38.4080370942813,2588,30.950540958268935,2588,13.098918083462133,2588,2588,2.8860123647604325,87.5204181639987,12.479581836001302,3.103560927801372,3061,3061,3061
020901,10703,5239,22.666542091002523,10703,63.468186489769224,10703,13.865271419228254,10703,28.9544987386714,10703,19.30299915911427,10703,34.0,36.26871,104.2947127314373,5464,6.213211249182472,10703,20.91936840138279,10703,2.5506867233485937,10703,57.55925217135286,35.7132342116885,21.846017959664362,61.17065127782358,163.47708894878707,6.611981108625404,8046,10.810120112445693,3913,95.38594221647261,2319,97.51356238698011,2212,85.37414965986395,294,30.1123595505618,890,7.271035491160442,7523,32.51362488369002,7523,50.65798218795693,7523,9.557357437192609,7523,60.21533962514954,7523,64.25628073906687,7523,8.172810652005335,10.810120112445693,2.637309460440358,3913,4133,-1.7628740252082817,8.655416439847578,10.41829046505586,3674,3849,-1.8907423585479783,7.185900925421883,9.076643283969862,3674,3849,6.053482221569204,6806,75.16896855715545,6806,0.5583308845136644,6806,6.6999706141639725,6806,0.07346459006758742,6806,0.11754334410813988,6806,6.126946811636791,6806,83.44370860927152,82.68334559725288,8154,8154,6804,0.9112286890064668,79.12474849094568,78.72233400402415,3976,3976,79.31237143696738,6806,5.2600646488392595,6806,12.90038201586835,6806,8.429105027484198,87.55385351842988,79.12474849094568,4178,3976,2.9238906846899795,6806,1.3076697032030562,6806,79.2389068468998,6806,2.909197766676462,6806,2.33617396414928,6806,6.362033499853071,6806,1.9541580957978255,6806,1.0725830149867763,6806,0.07346459006758742,6806,0.35263003232441964,6806,1.0725830149867763,6806,0.8668821627975316,6806,85.82640381201533,10703,5.78342520788564,10703,9.053536391665888,10703,34.42959917780062,10703,29.74866859758946,10703,70.62505839484257,10703,99.54558364101108,10563,98.98703019975386,10563,88.7785136129507,8154,20.600208274164537,10563,1.1928429423459244,10563,8.603453498939714,9903,2.0480256,1874,3.0792773,11.330235,10547.0,86.80555555555556,576,37.277701778385776,4386,51.115597,8.153263325800877,7523,41.96704428424305,7768,18.61483007209063,7768,3.308444902162719,7768,7.24768280123584,7768,28.861997940267766,7768,0.5273485405935737,8154,74.69953397105715,8154,0.0,8154,0.0,8154,0.0613195977434388,8154,0.0,8154,0.0,8154,0.0,8154,0.0,8154,0.0,8154,2.5087569819180158,10563,2.253147779986746,10563,3.1146454605699136,10563,2.03540660797122,10563,6.295559973492379,10563,81.18964851293936,10356,2.6168404789494013,10356,0.18346852066434918,10356,16.010042487446892,10356,83.9899575125531,10356,8.038585209003216,311,21.447232178414975,52.99960270162892,10068,45.242352006356775,10068,71.3016257699687,9903,97.12121212121212,660,4.5346965824103,10563,3.6266349583828776,1682,32.686668170539136,4433,27.791563275434243,4433,40.785021430182724,4433,12.158808933002481,4433,4433,2.3828107376494474,95.4601226993865,4.539877300613497,1.5775635407537247,5705,5705,5705
020902,16497,8175,24.186215675577376,16497,63.7085530702552,16497,12.105231254167425,16497,31.211735467054616,16497,16.90610414014669,16497,32.0,34.603806,101.79816513761467,8322,6.58907680184276,16497,22.331332969630843,16497,2.333757652906589,16497,56.96479543292103,37.96384395813511,19.000951474785918,50.05012531328321,199.79969954932398,5.860237024928484,12235,9.156666118691435,6083,94.56953642384106,3775,96.89075630252101,3570,87.03703703703704,486,33.2114564290067,1641,6.881057268722467,11350,31.691629955947135,11350,51.87665198237885,11350,9.550660792951541,11350,61.4273127753304,11350,65.77973568281938,11350,6.555885884621214,9.156666118691435,2.600780234070221,6083,6152,-0.5805119016024936,9.259586499381516,9.84009840098401,5659,5691,-1.6795820286983831,7.453083583672027,9.13266561237041,5659,5691,6.997002622705133,10676,75.60884226301985,10676,0.43087298613713,10676,7.821281378793556,10676,0.11240164855751218,10676,0.06556762832521544,10676,7.109404271262645,10676,85.88644451633776,85.21514073115496,12364,12364,10619,0.7816178547885865,83.11688311688312,82.75974025974025,6160,6160,79.24316223304608,10676,4.692768827276133,10676,13.581865867366055,10676,5.519480519480524,88.63636363636364,83.11688311688312,6204,6160,3.062944923192207,10676,1.077182465342825,10676,79.14012738853503,10676,2.856875234170101,10676,1.8171599850131135,10676,7.0906706631697265,10676,2.2855001873360807,10676,0.9647808167853128,10676,0.10303484451105283,10676,0.45897339827650807,10676,1.0116148370176097,10676,0.618209067066317,10676,76.49269564163181,16497,6.461780929866036,16497,10.73528520337031,16497,38.10995938655513,16497,49.154391707583194,16497,76.0441292356186,16497,99.42394901335948,16318,98.95207746047309,16318,89.41281138790036,12364,20.95232258855252,16318,0.704743228336806,16318,8.722455403987409,15248,1.9871958,3124,2.8660798,9.583908,15213.0,74.59807073954984,933,40.373236231224396,6591,49.3435,8.295242290748899,11350,36.67304651743363,12017,19.58891570275443,12017,3.386868602812682,12017,6.141299825247566,12017,34.209869351751685,12017,0.283079909414429,12364,77.98447104496927,12364,0.016175994823681657,12364,0.0,12364,0.04852798447104497,12364,0.0,12364,0.0,12364,0.0,12364,0.0,12364,0.0,12364,1.9671528373575193,16318,2.1264860889814927,16318,2.475793602157127,16318,1.7587939698492463,16318,4.933202598357642,16318,75.27702998810493,15973,3.687472610029425,15973,0.4695423527202154,15973,20.565955049145433,15973,79.43404495085457,15973,8.041958041958042,572,21.66129465484824,53.87744559953509,15487,44.269387227997676,15487,72.71117523609654,15248,95.98130841121495,1070,4.381664419659272,16318,3.1828275351591415,2702,36.69433962264151,6625,25.554716981132074,6625,36.86037735849057,6625,10.4,6625,6625,2.4630943396226415,93.27125595831947,6.728744041680528,2.3722425451723756,9021,9021,9021
020903,12296,5736,26.455757970071566,12296,63.817501626545216,12296,9.726740403383214,12296,34.92192582953806,12296,13.760572543916721,12296,28.0,31.966738,114.36541143654114,6560,7.604098893949252,12296,25.666883539362395,12296,1.9681197137280417,12296,56.6968268127947,41.455333248375176,15.241493564419523,36.766062096526284,271.98996655518397,4.092907881384598,8869,7.4202325006183525,4043,89.97404282933161,3082,96.68229354489722,2773,73.25,400,33.10991957104557,1492,6.236825790452573,8065,30.030998140111592,8065,53.09361438313701,8065,10.638561686298821,8065,63.73217606943583,8065,67.72473651580906,8065,6.114803573971026,7.4202325006183525,1.305428926647327,4043,4826,-2.223286010246296,9.434982427683158,11.658268437929454,3699,4366,-1.6387594448339229,7.623952419572857,9.26271186440678,3699,4366,10.302781202904507,7299,61.474174544458144,7299,0.7261268666940677,7299,17.09823263460748,7299,0.2603096314563639,7299,0.28771064529387586,7299,10.563090834360871,7299,81.86905428091774,80.3917179630666,8935,8935,7315,1.8045112781954886,76.5181194906954,75.51420176297748,4084,4084,66.58446362515413,7299,8.987532538703933,7299,20.31785176051514,7299,9.855824026105267,86.37394351680067,76.5181194906954,4851,4084,4.2197561309768465,7299,1.2330456226880395,7299,65.09110837100972,7299,5.041786546102206,7299,3.945745992601726,7299,10.63159336895465,7299,3.1237155774763665,7299,1.3152486642005754,7299,1.4933552541444033,7299,0.8220304151253597,7299,2.013974517057131,7299,0.7672283874503356,7299,80.82303188028627,12296,7.945673389720234,12296,11.54847104749512,12296,41.20039037085231,12296,28.64346128822381,12296,70.31554977228367,12296,99.2930538429922,12165,98.93958076448828,12165,85.9653049804141,8935,17.4845869297164,12165,0.23838882038635428,12165,11.058718861209965,11240,2.2424707,1959,3.1812308,10.695082,10229.0,63.54838709677419,620,37.06686188384578,4098,48.32601,8.51109733415995,8065,37.101582205916074,8722,18.08071543224031,8722,4.368264159596423,8722,5.916074294886494,8722,34.533363907360695,8722,0.35814213766088415,8935,69.311695579183,8935,0.0,8935,0.0,8935,0.0,8935,0.0,8935,0.0,8935,0.0,8935,0.0,8935,0.0,8935,2.038635429510892,12165,1.5125359638306617,12165,2.013974517057131,12165,1.2659268392930538,12165,4.184134812988081,12165,78.34885690093141,11810,4.49618966977138,11810,0.7197290431837426,11810,16.435224386113465,11810,83.56477561388654,11810,7.6923076923076925,442,21.3971119133574,44.04574821023223,11454,54.26925091671032,11454,73.47864768683274,11240,95.35135135135135,925,7.488697081792027,12165,4.123711340206185,2231,40.16949152542373,4130,23.51089588377724,4130,34.76997578692494,4130,8.64406779661017,4130,4130,2.9455205811138017,89.14667715296893,10.853322847031066,2.5756979944946914,5086,5086,5086
020904,5297,2413,29.677175759864074,5297,63.6020388899377,5297,6.720785350198225,5297,38.002643005474795,5297,9.288276382858221,5297,25.0,28.431187,119.5192706174886,2884,10.100056635831603,5297,29.431753822918633,5297,1.6801963375495563,5297,57.227663995250815,46.66073018699911,10.566933808251706,22.646310432569976,441.5730337078652,5.437158469945355,3660,8.035714285714286,1680,87.99157303370787,1424,97.84517158818835,1253,65.66523605150215,233,24.45095168374817,683,7.408527366192924,3307,24.039915331115814,3307,58.93559117024493,3307,9.615966132446326,3307,68.55155730269126,3307,71.72664045963108,3307,4.803391053391055,8.035714285714286,3.2323232323232323,1680,1980,0.1325665413256658,9.688122096881221,9.555555555555555,1507,1800,-1.2697242497972425,8.13138686131387,9.401111111111112,1507,1800,13.633333333333333,3000,56.9,3000,1.5666666666666667,3000,13.133333333333333,3000,0.26666666666666666,3000,2.8666666666666667,3000,13.9,3000,82.41519674355496,80.3799185888738,3685,3685,3037,2.4695423114916037,75.30936947554508,73.65939893930465,1697,1697,64.96666666666667,3000,12.233333333333333,3000,18.933333333333334,3000,13.17151583632615,88.48088531187123,75.30936947554508,1988,1697,4.0,3000,1.8333333333333333,3000,50.833333333333336,3000,7.1,3000,5.133333333333334,3000,9.733333333333333,3000,2.5,3000,1.9666666666666666,3000,14.133333333333333,3000,0.4,3000,1.7,3000,0.9,3000,80.63054559184444,5297,7.891259203322636,5297,8.061166698131018,5297,33.45289786671701,5297,24.712101189352463,5297,60.166131772701526,5297,98.4556720686368,5245,97.97902764537655,5245,89.90502035278155,3685,23.546234509056244,5245,0.4003813155386082,5245,14.349300551080967,4718,1.8856549,962,2.4619365,9.352303,3304.0,62.79761904761905,336,37.83323879750425,1763,42.342598,8.822497732083459,3307,28.455512031337438,3574,23.475097929490765,3574,3.4974818130945717,3574,4.8405148293228875,3574,39.731393396754335,3574,1.0040705563093624,3685,83.17503392130257,3685,0.0,3685,0.0,3685,0.6512890094979648,3685,0.0,3685,0.0,3685,0.0,3685,0.0,3685,0.0,3685,1.6205910390848428,5245,1.4108674928503337,5245,1.6205910390848428,5245,1.3727359389895137,5245,3.565300285986654,5245,76.93658536585366,5125,4.273170731707317,5125,0.7414634146341463,5125,18.048780487804876,5125,81.95121951219512,5125,7.511737089201878,213,21.597323600973237,52.06440957886045,4844,45.52023121387283,4844,62.99279355659178,4718,91.08159392789373,527,6.920877025738799,5245,5.489021956087824,1002,45.231455660903514,1793,16.45287228109314,1793,29.615170105967653,1793,4.461795872838818,1793,1793,2.92526491912995,88.94449499545041,11.055505004549588,2.8662420382165603,2198,2198,2198
020905,13598,6493,28.040888365936166,13598,63.251948816002354,13598,8.70716281806148,13598,35.9905868510075,13598,12.354758052654802,13598,27.0,31.069275,109.42553519174496,7105,8.332107662891602,13598,25.224297690836888,13598,1.8090895719958817,13598,58.09789559353563,44.33205441227764,13.765841181257993,31.05166535536323,322.0439189189189,4.904405652535329,9624,7.778757161745262,4538,93.53472614342179,3542,98.70208270449743,3313,83.8012958963283,463,23.092505064145847,1481,5.876982768458291,8763,27.62752482026703,8763,57.674312450074176,8763,8.821179961200501,8763,66.49549241127468,8763,70.62649777473467,8763,5.439000968272985,7.778757161745262,2.339756193472277,4538,5086,-0.9721442478765034,8.307096149188666,9.27924039706517,4129,4634,-1.5416074476844255,7.780576410753209,9.322183858437635,4129,4634,6.129468124309053,8141,69.80714899889449,8141,1.1423658027269377,8141,9.409163493428325,8141,0.24567006510256725,8141,2.70237071612824,8141,6.37513818941162,8141,83.90092879256966,82.89989680082559,9690,9690,8130,1.1931119311193112,78.73362445414847,77.9475982532751,4580,4580,81.59931212381771,8141,4.532612701142366,8141,10.920034393809114,8141,9.79866517403157,88.53228962818004,78.73362445414847,5110,4580,2.6655202063628547,8141,1.2774843385333496,8141,72.65692175408427,8141,3.107726323547476,8141,1.4003193710846333,8141,5.306473406215453,8141,1.6091389264218154,8141,1.0195307701756542,8141,8.942390369733449,8141,0.2948040781230807,8141,1.0195307701756542,8141,0.6264586660115465,8141,80.35740550080894,13598,12.060597146639212,13598,8.339461685541991,13598,29.143991763494633,13598,29.018973378438005,13598,70.37799676423003,13598,99.26541515174,13477,98.80537211545597,13477,84.7781217750258,9690,21.14713957112117,13477,0.7642650441492914,13477,8.418326048243484,12354,2.2643085,2516,3.1129653,10.235178,12076.0,79.0979097909791,909,32.64462809917355,4840,46.663223,8.595800524934383,8763,31.8580331678462,9467,24.801943593535437,9467,3.422414703707616,9467,5.006865955424105,9467,34.91074257948664,9467,0.7843137254901961,9690,71.12487100103199,9690,0.02063983488132095,9690,0.0,9690,0.14447884416924664,9690,0.0,9690,0.0,9690,0.0,9690,0.010319917440660475,9690,0.0,9690,1.8550122430808043,13477,1.535950137270906,13477,1.8698523410254508,13477,1.1797877865993915,13477,4.0810269347777695,13477,76.14838319734059,13236,8.854638863705047,13236,0.3399818676337262,13236,14.656996071320641,13236,85.34300392867937,13236,9.213051823416507,521,20.865398420674804,65.26950861316186,12597,32.76970707311265,12597,64.25449247207382,12354,94.47907390917186,1123,3.235141351932923,13477,4.538341158059468,2556,42.284076954564064,4886,19.934506753990995,4886,30.4952926729431,4886,6.856324191567745,4886,4886,2.758288988948015,96.79667803648228,3.2033219635177232,1.512679816105591,6743,6743,6743
021001,18679,8600,27.77985973553188,18679,61.96798543819262,18679,10.252154826275497,18679,35.60147759516034,18679,14.54039295465496,18679,28.0,31.952782,117.19767441860465,10079,8.597890679372558,18679,24.551635526527114,18679,1.9326516408801329,18679,61.37365010799136,44.82937365010799,16.54427645788337,36.90499132780883,270.96605744125327,5.103042198233562,13247,8.713901947615849,5956,93.19514237855947,4776,97.7982475848124,4451,81.97492163009404,638,20.986411675893308,1987,5.687556916963325,12079,35.805944200678866,12079,50.649888235781106,12079,7.856610646576703,12079,58.50649888235781,12079,64.21889229240831,12079,6.5605622136973185,8.713901947615849,2.15333973391853,5956,7291,-1.134156755103188,7.22779635823114,8.361953113334328,5382,6697,-1.6805961248670842,6.9574507617985875,8.638046886665672,5382,6697,6.624775583482944,11140,68.72531418312388,11140,0.4398563734290844,11140,12.7737881508079,11140,0.17953321364452424,11140,0.17055655296229802,11140,6.804308797127469,11140,83.41693494048064,82.18911432207831,13357,13357,11142,1.4719080954945252,76.9690927218345,76.10501827849784,6018,6018,79.73967684021544,11140,5.439856373429085,11140,11.481149012567325,11140,11.73509040938228,88.70418313121678,76.9690927218345,7339,6018,2.845601436265709,11140,1.2118491921005385,11140,78.88689407540394,11140,2.9802513464991023,11140,2.4506283662477557,11140,5.619389587073608,11140,1.5170556552962298,11140,1.0412926391382407,11140,0.8527827648114902,11140,0.3052064631956912,11140,1.18491921005386,11140,0.547576301615799,11140,79.15841319128432,18679,5.626639541731356,18679,8.33021039670218,18679,32.6034584292521,18679,28.689972696611168,18679,65.66732694469725,18679,99.34636992221262,18512,98.88180639585134,18512,86.17204462079809,13357,19.58189282627485,18512,0.39974070872947276,18512,10.295508274231679,16920,2.3163235,3351,3.4214544,11.877066,18742.0,65.2991452991453,1170,31.23144351760215,7073,47.077618,7.889229240831194,12079,35.6602764836172,13093,22.86718093637822,13093,3.0321545864202246,13093,5.292904605514397,13093,33.14748338806996,13093,9.193681215841881,13357,63.02313393726136,13357,0.014973422175638242,13357,0.0,13357,0.07486711087819121,13357,0.0,13357,0.0,13357,0.0,13357,0.0,13357,0.0,13357,2.1985738980121003,18512,1.9392826274848747,18512,2.0095073465859983,18512,1.4693171996542782,18512,4.66724286949006,18512,81.3183173236171,18114,2.6498840675720436,18114,0.39748261013580655,18114,15.634315998675058,18114,84.36568400132494,18114,14.066852367688023,718,20.369348054679286,40.265538033395174,17248,58.34879406307978,17248,72.06855791962175,16920,95.54020100502512,1592,4.391745894554884,18512,5.497685185185185,3456,38.79298245614035,7125,21.936842105263157,7125,37.88070175438597,7125,8.533333333333333,7125,7125,2.598175438596491,96.37366506278606,3.62633493721394,0.8332355357352423,8521,8521,8521
021002,10887,4803,25.176816386516027,10887,65.90428951961054,10887,8.918894093873426,10887,31.799393772389088,10887,12.905299898962065,10887,30.0,32.353542,126.67083073079326,6084,8.184072747313309,10887,23.81739689537981,10887,1.8094975659042896,10887,51.73519163763066,38.20209059233449,13.533101045296167,35.425027362276545,282.2863027806385,5.0489826676714396,7962,9.88849765258216,3408,93.94683026584867,2445,98.21506312581629,2297,78.21522309711285,381,29.70479704797048,1084,5.82117774176121,7404,25.43219881145327,7404,53.33603457590492,7404,15.410588870880606,7404,68.74662344678552,7404,72.48784440842788,7404,8.461181007874211,9.88849765258216,1.427316644707949,3408,4554,1.4506162522503576,16.243654822335024,14.793038570084667,3152,4252,-1.5597756922988761,8.19257614213198,9.752351834430856,3152,4252,20.84217398400522,6127,55.60633262608128,6127,3.1989554431206138,6127,6.4631956912028725,6127,0.3590664272890485,6127,5.6797780316631306,6127,21.201240411294272,6127,77.57998257189095,75.61309597908627,8033,8033,6232,2.5353016688061616,64.2089985486212,62.0899854862119,3445,3445,54.54545454545455,6127,13.85669985310919,6127,26.783091235514934,6127,23.41087939383739,87.61987794245859,64.2089985486212,4588,3445,7.4098253631467275,6127,2.5787497959849843,6127,32.005875632446546,6127,5.7777052391055985,6127,7.328219356944671,6127,12.893748979924922,6127,3.0194222294760893,6127,3.6885914803329527,6127,22.539578913007997,6127,0.6528480496164518,6127,1.5831565203198956,6127,1.38730210543496,6127,73.28924405253973,10887,26.214751538532195,10887,14.788279599522365,10887,35.0050518967576,10887,46.62441443923946,10887,69.63350785340315,10887,99.17209302325581,10750,98.93023255813954,10750,70.4469065106436,8033,30.130232558139536,10750,0.6325581395348837,10750,16.472495187924224,9871,2.107421,1927,2.9566753,11.523801,9181.0,81.50470219435736,638,39.416058394160586,4384,45.645756,9.088330632090761,7404,35.28352835283528,7777,22.167931078822168,7777,4.526166902404526,7777,6.442072778706442,7777,31.58030088723158,7777,2.7013569027760487,8033,60.87389518237271,8033,0.08714054525084028,8033,0.012448649321548612,8033,0.4979459728619445,8033,0.0,8033,0.0,8033,0.012448649321548612,8033,0.0,8033,0.0,8033,2.8465116279069766,10750,2.1116279069767443,10750,2.4558139534883723,10750,1.3767441860465117,10750,5.404651162790698,10750,64.24316914058807,10577,19.447858561028646,10577,1.446534934291387,10577,14.862437364091898,10577,85.1375626359081,10577,9.119496855345911,318,20.76347162613257,74.06855439642325,10065,24.490809736711377,10065,53.96616350926958,9871,95.79067121729238,879,5.079069767441861,10750,4.039812646370024,1708,31.589147286821706,4644,18.26012058570198,4644,46.576227390180875,4644,9.194659776055126,4644,4644,2.314814814814815,95.23246650906225,4.767533490937751,1.6745468873128448,5076,5076,5076
021003,15565,7549,28.442017346610985,15565,64.90844844201735,15565,6.649534211371667,15565,37.08319948602634,15565,9.656280115644073,15565,26.0,29.413235,106.18624983441515,8016,9.322197237391583,15565,27.36267266302602,15565,1.2849341471249598,15565,54.06314955953677,43.81866772245868,10.244481837078096,23.379263609667948,427.7294685990338,4.548769371011851,10970,6.807780320366133,5244,89.78481325748207,4043,98.89807162534436,3630,71.80327868852459,610,22.401247401247403,1924,5.465750656698323,9898,28.692665184885836,9898,55.6678116791271,9898,10.173772479288745,9898,65.84158415841584,9898,70.68094564558497,9898,4.327864148518421,6.807780320366133,2.4799161718477123,5244,5726,1.097710413250221,10.748357006571974,9.650646593321753,4717,5181,-0.7406621861642257,8.191011235955056,8.931673422119282,4717,5181,12.501351789769656,9247,73.53736346923327,9247,0.5731588623337298,9247,4.8664431707580835,9247,0.17302909051584298,9247,0.17302909051584298,9247,12.674380880285497,9247,83.9069009237457,82.7205216446296,11042,11042,9265,1.4139233675121425,77.74834437086092,76.82119205298014,5285,5285,77.27911755163836,9247,4.812371579971883,9247,14.080242240726722,9247,11.812190630007592,89.56053500086851,77.74834437086092,5757,5285,3.5146534011030606,9247,1.222017951768141,9247,75.88407050935439,9247,2.1412349951335568,9247,2.660322266681086,9247,7.148264301935763,9247,1.1787606791391803,9247,1.7302909051584299,9247,1.395047042283984,9247,0.42175840813236726,9247,1.0706174975667784,9247,0.9516599978371364,9247,87.88949566334725,15565,7.748152907163508,15565,11.821394153549631,15565,30.21522646964343,15565,55.65049791198201,15565,71.28172181175715,15565,99.17141377524598,15448,98.61470740548938,15448,55.97717804745517,11042,38.865872604867945,15448,0.7055929570170896,15448,11.118251928020566,14004,2.062725,3332,2.676339,9.286631,12448.0,88.46473029045643,1205,38.51890391952827,5766,43.10753,8.578702768236008,9898,22.446136701337295,10768,29.903417533432393,10768,5.423476968796434,10768,4.104754829123328,10768,38.12221396731055,10768,12.370947292157219,11042,25.620358630682848,11042,0.07245064299945662,11042,0.027168991124796232,11042,3.5229125158485783,11042,0.009056330374932078,11042,0.009056330374932078,11042,0.0,11042,0.0,11042,0.009056330374932078,11042,1.9290523045054375,15448,1.462972553081305,15448,1.870792335577421,15448,1.2040393578456758,15448,4.142931123770067,15448,81.5210228021616,15174,3.604850402003427,15174,0.5733491498616053,15174,14.300777645973376,15174,85.69922235402663,15174,14.961832061068701,655,20.370018393623543,79.32477678571429,14336,19.545200892857142,14336,36.1753784632962,14004,94.73684210526316,1444,2.39513205592957,15448,6.971070059254095,2869,44.102037322376304,5841,14.946070878274268,5841,33.04228727957541,5841,5.83804143126177,5841,5841,2.644752610854306,97.98843652132017,2.0115634786798324,0.5902192242833052,8302,8302,8302
021004,23505,11119,29.321420974260796,23505,62.61646458200383,23505,8.062114443735375,23505,37.42607955754095,23505,11.708147202722825,23505,27.0,30.485174,111.39490961417394,12386,8.385449904275687,23505,24.365028717294194,23505,1.5060625398851308,23505,59.70240521810029,46.82701454001902,12.875390678081262,27.49564712710389,363.6939313984169,5.922720247295208,16175,10.760840649108806,7518,95.04158167268163,6373,97.57305596830113,6057,86.90614136732329,863,46.60457896779201,2577,7.217196109108224,14701,32.92973267124685,14701,45.89483708591252,14701,13.958234133732399,14701,59.853071219644924,14701,64.19971430514931,14701,9.03969013507392,10.760840649108806,1.721150514034885,7518,8657,1.3915409735778859,14.705450271779052,13.313909298201166,6807,7894,-1.523003004887478,7.464962538563244,8.987965543450722,6807,7894,15.791670144395292,11981,54.98706284951173,11981,1.6108838995075536,11981,12.878724647358318,11981,0.27543610716968536,11981,2.0198647859110257,11981,16.06710625156498,11981,73.53551379057848,72.36392482304124,16388,16388,12051,1.593228777694797,61.48816529357918,60.54661958938146,7647,7647,71.88047742258576,11981,7.01944745847592,11981,16.617978465904347,11981,22.586883327860015,84.0750486214392,61.48816529357918,8741,7647,3.597362490610133,11981,1.9030131040814624,11981,58.36741507386696,11981,2.6708955846757365,11981,4.28177948418329,11981,6.860863033135798,11981,2.6708955846757365,11981,2.1867957599532595,11981,13.513062348718805,11981,0.9681996494449545,11981,1.1768633669977464,11981,0.8596945163175027,11981,67.78557753669432,23505,22.680280791320996,23505,16.787917464369283,23505,29.69155498830036,23505,31.520952988725803,23505,67.65369070410551,23505,99.50060272085415,23228,99.21646288961598,23228,79.75347815474737,16388,23.032546926123644,23228,0.15929051145169623,23228,11.547137888899332,21278,2.4234588,4331,3.3862848,12.775368,22379.0,79.449423815621,1562,30.541303232426884,7796,46.464855,8.282769879600027,14701,47.13403880070547,15876,15.035273368606703,15876,3.130511463844797,15876,5.750818846056942,15876,28.94935752078609,15876,2.7703197461557236,16388,63.51598730778618,16388,0.0183060776177691,16388,0.0122040517451794,16388,0.1159384915792043,16388,0.0,16388,0.0,16388,0.0061020258725897,16388,0.0,16388,0.0,16388,2.2989495436542104,23228,1.3130704322369553,23228,1.8339934561735836,23228,1.0719820905803341,23228,4.31375925607026,23228,63.00198368966277,22685,14.075380207185365,22685,8.499008155168614,22685,14.423627947983249,22685,85.57637205201675,22685,10.095642933049946,941,20.71985666104553,49.60626295187658,21715,48.82799907897766,21715,59.3147852241752,21278,98.3076923076923,1950,6.298432925779232,23228,3.8860103626943006,4632,45.53662258392676,7864,19.49389623601221,7864,29.247202441505596,7864,6.205493387589013,7864,7864,2.953713123092574,93.72384937238493,6.276150627615067,0.2673175267317527,8604,8604,8604
021005,9552,4424,27.47068676716918,9552,63.494556113902846,9552,9.034757118927974,9552,36.93467336683417,9552,13.054857621440537,9552,27.0,31.10846,115.91320072332731,5128,7.715661641541039,9552,26.73785594639866,9552,1.5494137353433837,9552,57.49381698268755,43.2646331409728,14.229183841714757,32.888719512195124,304.0556199304751,3.55359765051395,6810,6.482670089858793,3116,91.87376725838264,2535,84.84328037784456,2329,77.91044776119404,335,27.36098852603707,1133,5.129891483064782,6082,30.253206182176914,6082,55.573824399868464,6082,9.043077934889839,6082,64.61690233475831,6082,68.84248602433411,6082,5.3998330568322634,6.482670089858793,1.0828370330265296,3116,3694,-1.9728729425491265,7.969707897583844,9.94258084013297,2773,3309,-1.7529654178350853,7.610890732059142,9.363856149894227,2773,3309,6.412103746397695,5552,64.2471181556196,5552,0.6304034582132565,5552,15.05763688760807,5552,0.19812680115273776,5552,0.8285302593659942,5552,6.610230547550432,5552,81.21176813282842,79.47859015438392,6866,6866,5576,2.1341463414634148,74.89672704162695,73.8481093104544,3147,3147,80.81772334293949,5552,5.205331412103747,5552,10.842939481268012,5552,11.65879863731901,86.55552567894595,74.89672704162695,3719,3147,3.0979827089337175,5552,1.5670028818443804,5552,77.16138328530259,5552,2.34149855907781,5552,2.8638328530259365,5552,4.935158501440922,5552,1.3148414985590777,5552,0.9185878962536023,5552,3.6563400576368874,5552,0.37824207492795386,5552,1.404899135446686,5552,0.55835734870317,5552,71.69179229480737,9552,6.888609715242881,9552,4.271356783919598,9552,26.32956448911223,9552,23.555276381909547,9552,65.90242881072027,9552,99.57788096243141,9476,99.16631490080202,9476,89.23681910865133,6866,9.518784297171802,9476,0.09497678345293373,9476,4.243394715772618,8743,2.3253012,1494,3.3841114,10.880953,8207.0,50.21459227467811,466,33.29446064139942,3430,46.97347,8.564616902334759,6082,37.068706870687066,6666,16.906690669066908,6666,3.6603660366036603,6666,6.390639063906391,6666,35.973597359735976,6666,0.5097582289542674,6866,81.64870375764637,6866,0.014564520827264784,6866,0.0,6866,0.014564520827264784,6866,0.0,6866,0.0,6866,0.0,6866,0.0,6866,0.0,6866,1.952300548754749,9476,1.2452511608273533,9476,1.9206416209371042,9476,1.3191219924018573,9476,3.799071338117349,9476,79.48273996320745,9241,4.566605345741803,9241,1.0388486094578508,9241,14.911806081592902,9241,85.0881939184071,9241,6.352941176470588,425,20.89950372208437,48.45696330378184,8911,48.96195713163506,8911,72.54946814594533,8743,96.45293315143248,733,2.1211481637821867,9476,6.08649225840897,1873,38.771370617212405,3451,21.095334685598377,3451,35.32309475514344,3451,9.09881193856853,3451,3451,2.7458707620979426,95.86712006277793,4.1328799372220715,0.8370389746272561,3823,3823,3823
021006,7877,3920,30.544623587660276,7877,62.89196394566459,7877,6.56341246667513,7877,38.60606830011426,7877,9.153230925479244,7877,26.0,28.392027,100.9438775510204,3957,10.892471753205536,7877,26.57102957978926,7877,1.3710803605433541,7877,59.002825999192574,48.5668146951958,10.43601130399677,21.487946799667498,465.3771760154739,3.592034245300577,5373,5.027726432532347,2705,92.55474452554745,2055,98.47528916929548,1902,75.71428571428571,350,35.96214511041009,951,5.962171052631579,4864,23.643092105263158,4864,58.51151315789474,4864,11.883223684210526,4864,70.39473684210526,4864,74.21875,4864,2.891294648424401,5.027726432532347,2.136431784107946,2705,2668,0.5210985745367083,12.14227309893704,11.621174524400331,2446,2418,-0.4249306949040541,8.802943581357319,9.227874276261373,2446,2418,12.678441809823372,4133,67.81998548270022,4133,0.7258649891120251,4133,6.024679409629809,4133,0.24195499637067505,4133,0.19356399709654004,4133,12.920396806194049,4133,77.65053564831918,75.60029553010713,5414,5414,4204,2.6403425309229305,72.20588235294117,70.4779411764706,2720,2720,58.69828211952577,4133,9.50883135736753,4133,26.97798209533027,4133,10.941853356041747,83.14773570898292,72.20588235294117,2694,2720,5.105250423421244,4133,1.3549479796757804,4133,57.24655214130172,4133,5.395596419066054,4133,4.064843939027341,4133,16.428744253568837,4133,3.000241954996371,4133,2.105008468424873,4133,1.4517299782240503,4133,0.4355189934672151,4133,1.8146624727800629,4133,1.2097749818533752,4133,92.20515424654056,7877,5.0272946553256315,7877,7.997968769836232,7877,32.43620667766916,7877,43.760314840675385,7877,66.86555795353561,7877,98.98665982555157,7796,98.48640328373524,7796,51.51459179903953,5414,21.38276038994356,7796,0.6413545407901488,7796,7.560483870967742,6944,1.7638484,1715,2.1847644,5.699384,5176.0,88.73239436619718,497,37.68817204301075,1860,46.795162,9.014185855263158,4864,20.908917319075808,5237,30.112659919801413,5237,5.804850105021959,5237,4.143593660492648,5237,39.029978995608175,5237,2.031769486516439,5414,43.01810121906169,5414,0.01847063169560399,5414,0.0,5414,0.24011821204285186,5414,0.0,5414,0.0,5414,0.0,5414,0.0,5414,0.0,5414,1.4622883530015391,7796,1.2185736275012826,7796,1.3981528989225245,7796,0.8081067213955875,7796,3.1554643406875322,7796,88.01946344029459,7604,2.3540241977906367,7604,0.6443976854287218,7604,8.98211467648606,7604,91.01788532351394,7604,7.717041800643087,311,21.228448275862068,88.51123595505618,7120,10.224719101123595,7120,32.142857142857146,6944,93.89671361502347,852,3.245253976398153,7796,5.432451751250894,1399,59.66968566862014,1877,21.683537559936067,1877,10.069259456579648,1877,2.983484283431007,1877,1877,4.153436334576452,93.59339407744875,6.40660592255125,1.9931662870159452,3512,3512,3512
021101,18303,9180,26.339944271430912,18303,65.50292301808447,18303,8.15713271048462,18303,34.33316942577719,18303,12.325848221603016,18303,30.0,31.95782,99.37908496732027,9123,7.157296618040759,18303,22.990766541004206,18303,1.3822870567666503,18303,52.66494286429227,40.211860872466424,12.45308199182584,30.968678697365693,322.906898861353,3.601774569516505,13299,5.344751218071756,6773,94.53691848058045,4686,98.51015801354401,4430,88.32,625,42.309859154929576,1775,4.127455836222553,12114,26.42397226349678,12114,52.93049364371801,12114,16.518078256562656,12114,69.44857190028067,12114,73.98051840845302,12114,3.5519225328127915,5.344751218071756,1.792828685258964,6773,6526,0.15849254381105027,16.596160104132768,16.437667560321717,6146,5968,-0.9013578438514465,8.80507647250244,9.706434316353887,6146,5968,10.10952712100139,11504,75.66933240611961,11504,0.6780250347705146,11504,4.728789986091794,11504,0.12169680111265646,11504,0.0782336578581363,11504,10.231223922114047,11504,86.09073214553077,85.06512951040575,13358,13358,11500,1.191304347826087,83.94825812141703,83.12509187123328,6803,6803,75.02607788595272,11504,4.13769123783032,11504,18.245827538247568,11504,4.366005799254211,88.31426392067124,83.94825812141703,6555,6803,5.154728789986092,11504,1.2169680111265646,11504,74.90438108484005,11504,2.0166898470097356,11504,2.094923504867872,11504,8.066759388038943,11504,1.7124478442280946,11504,2.529554937413074,11504,0.12169680111265646,11504,0.53894297635605,11504,1.3647426981919333,11504,1.312586926286509,11504,86.12795716549199,18303,7.785608916571054,18303,19.909304485603453,18303,35.41495929629023,18303,49.97541386657925,18303,71.54564825438453,18303,99.39941594578214,18149,99.05779932778665,18149,65.698457852972,13358,31.902584164416773,18149,0.49589509063860265,18149,9.681437978287951,16857,1.9508599,4070,2.532756,8.38188,15450.0,94.12765957446808,1175,42.92512246326102,7145,46.590763,9.249133234274392,12114,22.950819672131146,13054,29.446912823655584,13054,6.6952658189060825,13054,5.507890301823196,13054,35.39911138348399,13054,1.6619254379398114,13358,40.46264410839946,13358,0.04491690372810301,13358,0.0,13358,6.86480011977841,13358,0.0,13358,0.0,13358,0.007486150621350502,13358,0.0,13358,0.0,13358,3.0304699983470162,18149,1.5372747809796683,18149,2.936800925670836,18149,1.460135544658108,18149,6.049920105790953,18149,80.55711873944851,17770,3.7366347777152504,17770,0.5908835115362971,17770,15.115362971299943,17770,84.88463702870006,17770,5.729166666666667,768,20.97808029533918,87.85531220876048,17168,11.09040074557316,17168,32.419766269205674,16857,96.90402476780186,1292,3.294947380020938,18149,4.554744525547445,3425,39.55739972337483,7230,17.7731673582296,7230,35.94744121715076,7230,8.118948824343015,7230,7230,2.510235131396957,97.47320061255742,2.52679938744258,1.3591117917304747,10448,10448,10448
021102,23279,10476,25.761415868379228,23279,67.12058078096138,23279,7.118003350659393,23279,33.424975299626276,23279,10.704927187593968,23279,29.0,30.933931,122.2126765941199,12803,6.959061815370076,23279,26.294084797456936,23279,1.366038060054126,23279,48.9856,38.3808,10.6048,27.630481907620478,361.9191309595655,3.8651606071302504,16998,6.567284448025785,7446,93.56817385208552,5706,97.54635699569208,5339,84.08488063660478,754,27.952167414050823,2676,4.699320425695602,15598,25.958456212334916,15598,56.01359148608796,15598,13.328631875881523,15598,69.34222336196949,15598,73.11834850621875,15598,4.808490478176539,6.567284448025785,1.7587939698492463,7446,9552,2.7920492929173193,14.91189101140234,12.11984171848502,6753,8845,-1.2950005847117598,8.349770472382644,9.644771057094404,6753,8845,15.853994490358128,14520,63.83608815426997,14520,2.479338842975207,14520,5.909090909090909,14520,0.1859504132231405,14520,3.0853994490358128,14520,16.03994490358127,14520,85.13640088982555,84.19974241892051,17082,17082,14543,1.1001856563295056,79.06479625918503,78.20975283901136,7485,7485,77.72727272727273,14520,5.378787878787879,14520,14.469696969696969,14520,10.80703868923635,89.87183494842138,79.06479625918503,9597,7485,3.4641873278236917,14520,1.3292011019283747,14520,62.210743801652896,14520,2.5068870523415976,14520,2.816804407713499,14520,6.315426997245179,14520,1.9352617079889807,14520,1.9077134986225894,14520,15.516528925619834,14520,0.5303030303030303,14520,0.9641873278236914,14520,0.9297520661157025,14520,84.70295115769578,23279,9.63958932943855,23279,14.124318054899266,23279,34.1638386528631,23279,44.370462648739206,23279,68.85175480046394,23279,99.4435992175614,23005,99.11323625298849,23005,72.5617609179253,17082,41.36926755053249,23005,0.7737448380786786,23005,15.284719951417761,21407,2.0480144,4457,2.642977,8.127022,17288.0,84.9532037437005,1389,38.61714652681152,9343,44.142033,9.084113347865111,15598,25.345233070011457,16583,27.22064765120907,16583,4.848338660073569,16583,4.854368932038835,16583,37.731411686667066,16583,2.4704367170120594,17082,48.18522421262147,17082,0.040978808102095775,17082,0.011708230886313079,17082,4.454981852242126,17082,0.0,17082,0.0,17082,0.0,17082,0.0,17082,0.005854115443156539,17082,2.2821125842208216,23005,1.4344707672245165,23005,2.0473810041295373,23005,1.199739187133232,23005,4.494675070636818,23005,78.62218103181958,22659,5.048766494549627,22659,1.1342071583035438,22659,15.194845315327242,22659,84.80515468467276,22659,8.711217183770882,838,20.667513765353664,77.944079702493,21781,21.119324181626187,21781,42.2245060027094,21407,96.87108886107634,1598,4.4729406650728105,23005,4.805825242718447,4120,38.19005478297514,9492,15.444584913611463,9492,40.03371260008428,9492,7.574799831437,9492,9492,2.4236198904340496,96.70338378635391,3.2966162136460895,1.6562326650289247,12619,12619,12619
021103,7615,3681,24.267892317793827,7615,66.67104399212081,7615,9.061063690085359,7615,31.674326986211426,7615,13.355219960604071,7615,31.0,33.14314,106.87313230100516,3934,6.526592252133947,7615,23.322390019697963,7615,1.4313854235062378,7615,49.990151664368724,36.39944849320465,13.590703171164073,37.33766233766234,267.82608695652175,2.9267437784787944,5706,4.619364375461936,2706,95.78313253012048,1826,97.02687249857061,1749,90.30837004405286,227,45.806451612903224,775,3.5876993166287017,5268,24.449506454062263,5268,50.43659832953683,5268,21.52619589977221,5268,71.96279422930904,5268,75.17084282460137,5268,3.2193643754619363,4.619364375461936,1.4,2706,3000,1.13355417586844,22.127831715210355,20.994277539341915,2472,2796,-0.8861966470825173,9.346278317152104,10.23247496423462,2472,2796,20.55363321799308,4335,64.29065743944636,4335,1.9146482122260668,4335,5.628604382929643,4335,0.3460207612456747,4335,0.20761245674740483,4335,20.899653979238753,4335,76.4531331820562,75.07418397626112,5729,5729,4380,1.8036529680365296,68.1367144432194,67.07092980521867,2721,2721,59.58477508650519,4335,8.604382929642446,4335,27.381776239907726,4335,15.839349386567832,83.97606382978724,68.1367144432194,3008,2721,7.935409457900807,4335,2.698961937716263,4335,52.61822376009227,4335,3.4602076124567476,4335,4.775086505190312,4335,10.795847750865052,4335,3.7831603229527104,4335,3.229527104959631,4335,6.966551326412918,4335,0.8765859284890427,4335,1.776239907727797,4335,1.314878892733564,4335,85.39724228496388,7615,14.917925147734733,7615,16.795797767564018,7615,30.439921208141826,7615,42.02232435981615,7615,71.12278397898883,7615,99.63016774534408,7571,99.339585259543,7571,60.74358526793507,5729,49.61035530313037,7571,0.5151234975564655,7571,17.91466515964962,7078,1.8348624,1526,2.4057794,7.3828936,5892.0,93.43065693430657,411,36.220208123531386,2979,47.25747,9.816628701594533,5268,26.900375603648722,5591,23.895546413879448,5591,6.52834913253443,5591,5.866571275263817,5591,36.809157574673584,5591,1.344039099319253,5729,44.82457671495898,5729,0.03491010647582475,5729,0.0,5729,0.47128643742363413,5729,0.0,5729,0.0,5729,0.0,5729,0.0,5729,0.0,5729,2.5359926033549067,7571,1.4132875445779949,7571,2.205785233126403,7571,1.1887465328226126,7571,5.124818385946375,7571,73.41721322446794,7471,9.382947396600187,7471,2.02114844063713,7471,15.17869093829474,7471,84.82130906170526,7471,4.778156996587031,293,21.17104459376909,86.62685738091932,7201,12.470490209693098,7201,37.86380333427522,7078,96.55172413793103,493,8.49293356227711,7571,3.115727002967359,1348,36.3965744400527,3036,19.466403162055336,3036,36.693017127799735,3036,7.905138339920948,3036,3036,2.493741765480896,91.5141872182445,8.485812781755499,5.542296473084063,3771,3771,3771
021104,27137,12796,29.03784500865976,27137,65.14721597818476,27137,5.81493901315547,27137,38.427239562221324,27137,8.987728930979843,27137,26.0,28.952759,112.07408565176618,14341,8.556583262704057,27137,27.585952758226775,27137,0.9507314736337842,27137,53.49850104643928,44.57265682448102,8.925844221958256,20.0253807106599,499.3662864385298,4.414719255577879,18914,7.13552946540522,8773,90.53963127439107,7431,98.60285374554103,6728,73.61256544502618,955,35.43400713436385,3364,5.349745532015623,16898,23.239436619718308,16898,51.2486684814771,16898,20.16214936678897,16898,71.41081784826606,16898,74.9970410699491,16898,5.07458872977757,7.13552946540522,2.0609407356276503,8773,10141,1.043349856564646,20.72037673412244,19.677026877557793,7857,9041,-0.8089838835673682,9.059946544482626,9.868930428049994,7857,9041,15.131253095591877,16152,68.4125804853888,16152,0.9224863793957405,16152,5.986874690440812,16152,0.27241208519068844,16152,0.20430906389301634,16152,15.403665180782566,16152,84.44677503932878,83.40325117986366,19070,19070,16104,1.2357178340784898,78.17832523448978,77.21776471917731,8849,8849,65.7565626547796,16152,5.367756315007429,16152,25.476721149083705,16152,11.695464022921442,89.87378925741122,78.17832523448978,10221,8849,5.968301139177811,16152,2.0307082714214957,16152,65.47795938583457,16152,2.6807825656265476,16152,2.6126795443288757,16152,12.215205547300643,16152,2.717929668152551,16152,3.652798415056959,16152,0.2786032689450223,16152,0.7119861317483903,16152,2.389796929172858,16152,1.052501238236751,16152,86.64185429487415,27137,7.340531377823636,27137,10.848656815418064,27137,35.47923499281424,27137,49.4085565832627,27137,62.54191693997126,27137,98.97735301773828,26891,98.59804395522666,26891,71.97168327215522,19070,52.932207801866795,26891,0.42393365810122347,26891,14.268872718403188,24599,2.2041504,5638,2.8286042,9.481346,21980.0,85.69299552906111,2013,41.32497605989379,11487,41.78071,9.49278021067582,16898,21.992014675731088,18534,28.687816985000538,18534,4.8829178806517755,18534,3.4045537930290277,18534,41.03269666558757,18534,11.03303618248558,19070,34.69323544834819,19070,0.04195070791819612,19070,0.015731515469323543,19070,0.844257996853697,19070,0.005243838489774515,19070,0.08914525432616675,19070,0.4195070791819612,19070,0.07341373885684321,19070,0.02097535395909806,19070,2.179167751292254,26891,1.0747090104495929,26891,1.7403592279944964,26891,1.0338031311591238,26891,4.019932319363356,26891,84.18916868932038,26368,4.243780339805825,26368,0.4095873786407767,26368,11.15746359223301,26368,88.84253640776699,26368,13.504273504273504,1170,20.37486298867373,76.96573183867235,25067,21.885347269318228,25067,40.98134070490671,24599,93.760907504363,2292,3.0456286489903683,26891,8.507490290364343,5407,39.62052608883139,11595,12.03104786545925,11595,42.276843467011645,11595,5.536869340232859,11595,11595,2.3191893057352306,96.67225950782998,3.3277404921700224,0.5383109619686801,14304,14304,14304
021105,45587,21681,31.427819334459386,45587,65.30370500361946,45587,3.268475661921162,45587,41.31221620198741,45587,5.668282624432404,45587,24.0,26.59517,110.26244176929109,23906,9.167087108166802,45587,28.859104569285105,45587,0.5067234079891197,45587,53.13066845817937,48.1256298286866,5.005038629492778,10.39994416137363,961.5436241610738,3.3471168560544395,30713,5.295650980930168,14578,90.60486233157586,13656,86.64834720762951,12373,70.35321366531558,1727,25.369151396548656,5621,5.127354491503557,27129,30.09694422942239,27129,56.474621254008625,27129,8.301080025065428,27129,64.77570127907406,27129,70.01732463415533,27129,3.709038027722855,5.295650980930168,1.5866129532073132,14578,16135,0.057552224335097435,8.33138674764463,8.273834523309533,12843,14286,-1.121936383977296,7.834384489605233,8.956320873582529,12843,14286,6.112727272727272,27500,77.38909090909091,27500,0.6181818181818182,27500,4.527272727272727,27500,0.05090909090909091,27500,0.09818181818181818,27500,6.163636363636364,27500,88.21213001517059,87.30512249443207,30981,30981,27329,1.0282117896739726,85.7443772507984,85.01053203777944,14717,14717,86.3709090909091,27500,2.3018181818181818,27500,9.64,27500,4.700777692634958,90.44515494343335,85.7443772507984,16264,14717,2.1963636363636363,27500,0.5781818181818181,27500,86.07272727272728,27500,1.029090909090909,27500,1.2363636363636363,27500,5.1454545454545455,27500,0.9345454545454546,27500,1.12,27500,0.29818181818181816,27500,0.2509090909090909,27500,0.7890909090909091,27500,0.5854545454545454,27500,85.07688595432909,45587,5.771382192291662,45587,14.940662908285256,45587,33.1410270471845,45587,47.13843858994889,45587,62.9675126680852,45587,99.10007517799495,45226,98.62468491575642,45226,70.35602466027565,30981,51.087869809401674,45226,0.32724538982001505,45226,11.67652283955124,41091,2.0790699,10105,2.4566627,7.6304617,31715.0,82.73464658169178,3452,40.97294914880723,18151,38.99014,8.425190755280328,27129,20.720271348762967,30072,32.96421920723597,30072,4.219872306464485,30072,3.0792764032987496,30072,39.01636073423783,30072,12.094509538103999,30981,40.66686033375294,30981,0.06778348019754042,30981,0.0,30981,0.8521351796262225,30981,0.0064555695426228975,30981,0.0064555695426228975,30981,0.0,30981,0.0064555695426228975,30981,0.0,30981,1.2890815017910051,45226,0.7562021845840888,45226,1.178525626851811,45226,0.8645469420244992,45226,2.684296643523637,45226,84.25690983235161,44140,1.456728590847304,44140,0.2990484821024014,44140,13.987313094698687,44140,86.01268690530131,44140,10.128322639780018,2182,20.450736385432126,71.76097932742688,41988,27.05058588168048,41988,44.437954783285875,41091,94.07496977025393,4135,2.956264095874055,45226,6.384260188717125,9962,46.56136351300005,18423,7.2518048092058836,18423,36.02019215111545,18423,3.115670629104923,18423,18423,2.454866199858872,99.12298186167033,0.8770181383296745,0.25114610324895353,25085,25085,25085
021201,49850,25511,26.874623871614844,49850,63.74122367101304,49850,9.384152457372116,49850,34.84252758274825,49850,13.771313941825477,49850,29.0,32.06329,95.40590333581592,24339,7.344032096288867,49850,24.094282848545635,49850,1.8294884653961885,49850,56.884343036978755,42.162077104642016,14.722265932336743,34.918265283272376,286.3830696879008,6.706526030796999,35458,11.326297464911326,18382,95.67833698030634,12796,97.20656701788778,12243,87.85377358490567,1696,41.542046999417366,5149,8.633315823625745,32363,26.36652967895436,32363,51.06757717146124,32363,13.932577325958656,32363,65.0001544974199,32363,68.11482248246455,32363,9.5928704328195,11.326297464911326,1.7334270320918248,18382,17076,-4.556096168718327,11.74301011302796,16.299106281746287,16810,15553,-2.3451984813838944,7.647471743010113,9.992670224394008,16810,15553,16.95482431678751,28688,60.690881204684885,28688,1.0457334076965978,28688,10.934885666480758,28688,0.32766313441160066,28688,0.09411600669269381,28688,17.282487451199106,28688,80.31112595313631,78.87237713586019,35934,35934,28859,1.7914688658650681,75.82276448868197,74.78460962166211,18687,18687,47.01268823201339,28688,20.349972113775795,28688,28.175543781372003,28688,9.351468711294842,85.17423319997681,75.82276448868197,17247,18687,6.201199107640825,28688,1.9206636921360847,28688,46.24581706636921,28688,11.896960401561628,28688,8.38329615170106,28688,12.796291132180702,28688,4.86266034578918,28688,2.7921081985499163,28688,0.7668711656441718,28688,0.8331009481316229,28688,2.809537088678193,28688,1.0945343000557723,28688,71.28986960882648,49850,10.106318956870611,49850,12.254764292878637,49850,41.857572718154465,49850,48.71614844533601,49850,67.40822467402207,49850,99.62810169284857,49207,99.14239843924645,49207,86.80358434908443,35934,24.655028756071292,49207,0.4978966407218485,49207,13.758308289643978,45587,2.1219935,9812,3.0051556,10.295683,46942.0,72.23288547664747,3126,42.90652523913249,21118,45.910217,8.774526465408028,32363,41.8729847996315,34736,17.22420543528328,34736,3.276140027637034,34736,5.939083371718103,34736,31.687586365730077,34736,0.6706740134691379,35934,74.98469416151833,35934,0.01948015806756832,35934,0.0027828797239383314,35934,0.1419268659208549,35934,0.0027828797239383314,35934,0.0,35934,0.0,35934,0.0027828797239383314,35934,0.0,35934,2.454935273436706,49207,1.459141991993009,49207,2.396000569024732,49207,1.3717560509683582,49207,4.909870546873412,49207,75.05706104494335,48194,5.685355023446902,48194,0.5643856081669918,48194,18.69319832344275,48194,81.30680167655724,48194,8.067632850241546,2070,21.6690587138863,45.095673159800036,46408,53.48431304947423,46408,70.54642770965407,45587,97.95580110497238,3620,5.828439043225558,49207,3.4699631316417263,9222,35.16822429906542,21400,18.345794392523363,21400,42.967289719626166,21400,9.126168224299066,21400,21400,2.299392523364486,82.4330153860902,17.566984613909796,3.5181900973014426,20863,20863,20863
021202,38652,19713,27.056814653834213,38652,63.944944634171584,38652,8.998240711994205,38652,34.92186691503674,38652,13.15067784331988,38652,29.0,31.90862,96.07365697762897,18939,7.564938424919797,38652,23.78402152540619,38652,1.6713236055055365,38652,56.38452824081567,42.31267195339051,14.071856287425149,33.2568368712947,300.69005175388156,5.602544639629871,27666,9.168235376141672,14343,95.22415185783522,9904,96.24642137631216,9431,86.59539473684211,1216,43.60236220472441,4064,7.111128738002697,25214,26.144205600063458,25214,51.142222574760055,25214,15.602443087173793,25214,66.74466566193385,25214,69.97699690648052,25214,7.404368379219057,9.168235376141672,1.763866996922615,14343,13323,-1.586820914218153,14.837227116047492,16.424048030265645,13055,12159,-1.9516482566670792,8.042512447338185,9.994160704005264,13055,12159,18.082964156262587,22347,55.5018570725377,22347,1.0426455452633463,22347,15.022150624244865,22347,0.3445652660312346,22347,0.0760728509419609,22347,18.42752942229382,22347,80.35395066142296,78.92742223811226,27970,27970,22475,1.775305895439377,75.69224411075906,74.46617991458879,14518,14518,46.61475813308274,22347,19.165883563789322,22347,29.954803776793305,22347,9.692828740861515,85.38507285162058,75.69224411075906,13452,14518,6.211124535731866,22347,2.2016378037320448,22347,46.39101445384168,22347,11.303530675258424,22347,7.795229784758581,22347,13.818409629927954,22347,5.35194880744619,22347,2.993690428245402,22347,0.22374367924106145,22347,1.02027117733924,22347,1.9510448829820557,22347,1.2216404886561956,22347,68.26813618958916,38652,10.760115906033324,38652,14.105350305288212,38652,40.49725758046156,38652,48.090655076063335,38652,67.2332608920625,38652,99.45006255212677,38368,99.06693077564637,38368,82.68501966392563,27970,37.29670558798999,38368,0.503023352793995,38368,20.676140528957312,35466,1.9683298,7957,2.8202612,9.899622,35466.0,77.15627668659266,2342,39.57516097994227,13511,47.380432,8.98365987149996,25214,39.997065512434894,27262,17.474873450223754,27262,3.862519257574646,27262,5.7442594087007555,27262,32.92128237106595,27262,0.9152663568108688,27970,71.15480872363247,27970,0.014301036825169824,27970,0.003575259206292456,27970,0.15016088666428315,27970,0.0,27970,0.0,27970,0.0,27970,0.0,27970,0.0,27970,2.9190992493744785,38368,1.5299207673060884,38368,2.6089449541284404,38368,1.3943911592994163,38368,5.379482902418682,38368,75.4609213113012,37642,5.724988045268583,37642,0.6243026406673396,37642,18.18978800276287,37642,81.81021199723713,37642,6.708074534161491,1610,21.53048780487805,50.04985873358817,36102,48.692593208132514,36102,64.5096712344217,35466,95.89937973811165,2902,5.728732276897414,38368,3.0080399223731633,7214,41.03336763192709,13606,21.020138174334853,13606,31.956489783918858,13606,7.599588416874908,13606,13606,2.8199323827723064,72.3733862959285,27.626613704071502,5.170473353194306,15105,15105,15105
021203,20607,10745,24.56446838452953,20607,62.037171834813414,20607,13.398359780657058,20607,31.64943951084583,20607,18.857669723880235,20607,32.0,35.26098,91.78222429036761,9862,6.8132188091425245,20607,22.133255689814142,20607,2.6544378123938466,20607,61.193679599499376,39.59637046307885,21.597309136420527,54.543658632951406,183.33936979355306,7.4445617740232315,15152,12.578301177649712,7982,96.35907093534212,4779,96.72095548317047,4605,89.55954323001632,613,48.749361919346605,1959,9.580923823802385,14007,25.487256371814095,14007,47.304918969086884,14007,17.626900835296638,14007,64.93181980438352,14007,67.7304205040337,14007,10.848873004706894,12.578301177649712,1.7294281729428174,7982,7170,-6.136282042076541,14.736842105263158,20.8731241473397,7410,6597,-2.646883843042384,7.608232118758434,10.255115961800819,7410,6597,14.485616010006254,12792,59.279237023139466,12792,0.8286429018136335,12792,13.398999374609131,12792,0.31269543464665417,12792,0.2188868042526579,12792,14.798311444652908,12792,82.86849993483644,82.22338068552065,15346,15346,12717,0.778485491861288,80.17507089138208,79.70657132289483,8111,8111,54.02595372107567,12792,14.712320200125077,12792,27.01688555347092,12792,5.712973338058148,85.88804422944023,80.17507089138208,7235,8111,6.973108192620388,12792,1.962163852407755,12792,53.79143214509068,12792,8.067542213883677,12792,6.613508442776736,12792,12.875234521575985,12792,3.1504065040650406,12792,2.5719199499687306,12792,0.23452157598499063,12792,1.0006253908692933,12792,3.275484677923702,12792,0.9849906191369606,12792,69.30169359926239,20607,12.369583151356336,20607,12.12694715387975,20607,46.984034551366044,20607,49.60450332411317,20607,68.46702576794293,20607,99.48921958646432,20361,98.97843917292863,20361,89.57383031408837,15346,20.37719168999558,20361,0.7858160208241246,20361,10.29830294086645,18974,2.126679,3797,3.217945,11.554474,22580.0,73.99829497016198,1173,41.982820329277025,8382,51.187546,8.854858285143143,14007,43.892797319932995,14925,15.095477386934673,14925,3.1959798994974875,14925,7.839195979899498,14925,29.976549413735345,14925,0.260654242147791,15346,79.40831487032452,15346,0.0065163560536947735,15346,0.0,15346,0.0065163560536947735,15346,0.0,15346,0.0065163560536947735,15346,0.0,15346,0.0,15346,0.0,15346,3.506703992927656,20361,2.3672707627326752,20361,3.541083443838711,20361,1.8663130494572957,20361,6.9200923333824464,20361,72.10231814548361,20016,9.05775379696243,20016,0.7743804956035172,20016,18.06554756195044,20016,81.93445243804956,20016,7.526881720430108,744,21.608873441014108,43.03941908713693,19280,55.59128630705394,19280,73.95910192895542,18974,96.89978370583994,1387,5.569471047590983,20361,2.2037779049799657,3494,33.56083784419864,8498,27.26523887973641,8498,40.28006589785832,8498,12.873617321722758,8498,8498,2.3959755236526243,80.3620848708487,19.637915129151295,5.315959409594096,8672,8672,8672
021204,7900,4042,21.126582278481013,7900,63.45569620253165,7900,15.417721518987342,7900,27.31645569620253,7900,21.60759493670886,7900,36.0,37.615948,95.4477981197427,3858,5.810126582278481,7900,20.341772151898734,7900,2.911392405063291,7900,57.590265310193494,33.29343706363455,24.296828246558945,72.97783103654884,137.0279146141215,9.200528576148,6054,15.480078380143697,3062,95.6140350877193,1596,97.11664482306684,1526,84.61538461538461,208,36.22974963181149,679,10.746844319775596,5704,29.137447405329592,5704,49.281206171107996,5704,10.834502103786816,5704,60.115708274894814,5704,63.394109396914445,5704,12.706014209020703,15.480078380143697,2.7740641711229945,3062,2992,-1.479519337604275,10.106933425319076,11.58645276292335,2899,2805,-2.538176972943525,6.878578820282856,9.41675579322638,2899,2805,9.90428630878069,4806,66.35455680399501,4806,0.3329171868497711,4806,10.77819392426134,4806,0.3537245110278818,4806,0.020807324178110695,4806,10.258010819808572,4806,79.60215229088537,77.84118702103375,6133,6133,4882,2.212208111429742,74.76755370310997,73.61333760820776,3119,3119,51.04036620890553,4806,19.18435289221806,4806,24.53183520599251,4806,9.837622142941797,84.60517584605176,74.76755370310997,3014,3119,4.49438202247191,4806,1.5605493133583022,4806,51.04036620890553,4806,13.8160632542655,4806,5.368289637952559,4806,15.002080732417811,4806,2.4344569288389515,4806,1.4773200166458593,4806,0.0,4806,0.6034124011652101,4806,1.9558884727424053,4806,0.8114856429463171,4806,77.86075949367088,7900,8.822784810126583,7900,9.721518987341772,7900,41.69620253164557,7900,43.54430379746835,7900,66.0126582278481,7900,99.57627118644068,7788,99.07550077041603,7788,94.26055763900212,6133,20.09501797637391,7788,0.4108885464817668,7788,11.83528770111808,7334,2.0413284,1355,3.1341276,11.231529,8120.0,68.33333333333333,360,33.961059687200766,3133,52.79668,8.126753155680225,5704,48.19986541049798,5944,14.249663526244953,5944,2.1534320323014806,5944,6.7294751009421265,5944,28.667563930013458,5944,0.17935757378118375,6133,86.51557149845101,6133,0.0,6133,0.0,6133,0.06522093592043046,6133,0.0,6133,0.0,6133,0.0,6133,0.0,6133,0.0,6133,2.722136620441705,7788,2.1956856702619416,7788,3.492552645095018,7788,2.157164869029276,7788,6.432973805855162,7788,75.442971518572,7619,4.3181519884499275,7619,0.7481296758104738,7619,19.490746817167608,7619,80.5092531828324,7619,6.477732793522267,247,21.74010039040714,30.563399220115638,7437,67.68858410649456,7437,77.55658576493046,7334,96.25550660792952,454,7.3189522342064715,7788,2.8896672504378285,1142,29.807388695926743,3167,30.975686769813702,3167,36.785601515629935,3167,14.051152510262078,3167,3167,2.4591095674139565,88.16269284712483,11.83730715287517,4.460028050490884,3565,3565,3565
021301,33885,16468,26.542718016821603,33885,63.204957945993804,33885,10.252324037184595,33885,34.39279917367567,33885,14.634794156706507,33885,28.0,32.40174,105.76269128005829,17417,7.764497565294378,33885,24.895971668880037,33885,1.9271063892577838,33885,58.215436335621234,41.99467712564785,16.220759209973387,38.62575050033355,258.89464594127804,4.145655947755642,24194,7.481550598015099,11789,94.5675482487491,8394,96.87578735197783,7938,82.01498751040799,1201,42.43786356425172,3782,5.1497492885214795,22137,28.563039255545014,22137,51.5336314767132,22137,14.75357997922031,22137,66.2872114559335,22137,69.95076116908344,22137,6.506137458152141,7.481550598015099,0.9754131398629585,11789,12405,-2.423470256779968,13.506976744186046,15.930447000966014,10750,11387,-2.029839527327164,7.932837209302326,9.96267673662949,10750,11387,10.78288047587841,19837,66.76412764026819,19837,0.7410394716943086,19837,10.39975802792761,19837,0.18652013913394164,19837,0.07561627262186822,19837,10.96940061501235,19837,81.19431047167498,80.00081746096623,24466,24466,19865,1.4699219733199094,76.41398929049531,75.35140562248996,11952,11952,55.43176891667087,19837,11.791097444169985,19837,28.522458032968697,19837,9.345959566784543,85.75994885727985,76.41398929049531,12514,11952,5.484700307506175,19837,1.6887634218883905,19837,55.220043353329636,19837,6.230780864041942,19837,5.550234410445128,19837,16.59021021323789,19837,3.4329787770328175,19837,2.167666481826889,19837,0.21172556334123102,19837,0.6553410293895247,19837,2.460049402631446,19837,0.9073952714624187,19837,81.30146082337318,33885,7.9268112734248195,33885,10.503172495204367,33885,42.3668289803748,33885,43.47941567065073,33885,68.4580197727608,33885,99.36448934320573,33359,99.0077640217033,33359,88.66590370309818,24466,19.943643394586168,33359,0.5215983692556732,33359,9.581694672863783,30767,2.1321092,6154,3.124223,11.06624,31447.0,75.11380880121396,1977,36.97222668165035,12458,48.010517,8.976961647919772,22137,40.356557204726066,23783,18.727662616154397,23783,2.9432788125972333,23783,5.8655342051044865,23783,32.10696716141782,23783,0.8992070628627483,24466,77.99803809368103,24466,0.02861113381836017,24466,0.0,24466,0.0776587917926919,24466,0.0,24466,0.0,24466,0.0,24466,0.0,24466,0.0,24466,2.038430408585389,33359,1.4958481968883959,33359,2.1583380796786473,33359,1.259030546479211,33359,4.388620762013249,33359,79.11019807444656,32614,4.20678236340222,32614,0.5028515361501196,32614,16.180168026001105,32614,83.8198319739989,32614,5.654761904761905,1344,21.445272541283064,53.445474529293705,31389,44.913823313899776,31389,71.04040042903111,30767,96.14197530864197,2592,6.304145807728049,33359,3.638167686456094,6047,39.513822688274544,12588,22.720050842071814,12588,34.358118843342865,12588,9.683825865904035,12588,12588,2.650063552589768,89.27955419928354,10.720445800716462,2.560700543983017,15074,15074,15074
021302,9102,4468,22.88508020215337,9102,60.56910569105691,9102,16.545814106789717,9102,29.707756537024828,9102,23.698088332234672,9102,38.0,38.217533,103.71530886302597,4634,5.811909470446055,9102,18.479455064820918,9102,3.219072731267853,9102,65.1006711409396,37.78342100489751,27.317250136042084,72.29956793086895,138.31341301460824,5.014219428229307,6681,8.87392900856793,3268,96.05788423153693,2004,96.67532467532467,1925,84.68085106382979,235,40.39829302987198,703,5.444264943457189,6190,32.003231017770595,6190,48.723747980613894,6190,13.82875605815832,6190,62.55250403877221,6190,66.4458804523425,6190,7.555440874961134,8.87392900856793,1.3184881336067975,3268,3413,-4.329748097807556,11.62331247942048,15.953060577228037,3037,3153,-2.340497642930341,7.348370102074416,9.688867745004757,3037,3153,8.383542778447238,5809,67.03391289378551,5809,0.6713720089516267,5809,11.964193492855912,5809,0.15493200206576002,5809,0.1205026682733689,5809,8.538474780512997,5809,84.2848820273813,83.35275269443635,6866,6866,5787,1.1059270779332988,80.76241134751773,79.93498817966903,3384,3384,66.46582888621106,5809,10.741952143226028,5809,18.419693578929248,5809,6.94580232278669,87.70821367030442,80.76241134751773,3482,3384,3.99380271991737,5809,1.4288173523842314,5809,66.2936822172491,5809,6.696505422620072,5809,4.045446720605956,5809,10.31158547082114,5809,2.496126699948356,5809,1.1189533482527112,5809,0.17214666896195557,5809,0.5164400068858668,5809,1.3771733516956446,5809,0.9640213461869512,5809,76.49967040210943,9102,8.767303889255109,9102,11.689738519006811,9102,33.75082399472643,9102,34.311140408701384,9102,62.810371346956714,9102,99.41651705565529,8912,99.12477558348294,8912,88.3775123798427,6866,23.922800718132855,8912,0.5049371633752244,8912,14.29762897652806,8393,2.7190661,1285,4.0648346,14.429122,11456.0,73.18840579710145,414,37.75245986535474,3862,54.539616,8.540549273021002,6190,48.01714898177921,6531,13.933547695605574,6531,3.1082529474812435,6531,9.340070433318022,6531,25.600979941815954,6531,0.49519370812700264,6866,56.175356830760265,6866,0.014564520827264784,6866,0.0,6866,0.07282260413632391,6866,0.0,6866,0.0,6866,0.0,6866,0.0,6866,0.0,6866,3.8038599640933572,8912,2.681777378815081,8912,3.9833931777378817,8912,2.2666068222621183,8912,7.327199281867146,8912,79.15365938258758,8649,4.39357151115736,8649,0.40467106023817784,8649,16.048098046016882,8649,83.95190195398312,8649,8.754208754208754,297,21.211013419713098,50.32311126777112,8511,48.2786981553284,8511,71.53580364589538,8393,95.95375722543352,519,8.830789946140037,8912,2.9177718832891246,1508,27.17223650385604,3890,32.5706940874036,3890,45.526992287917736,3890,17.095115681233935,3890,3890,2.2910025706940873,87.94292508917955,12.057074910820447,2.972651605231867,4205,4205,4205
021303,11258,5480,25.972641677029667,11258,62.53330964647362,11258,11.494048676496714,11258,33.86036596198259,11258,16.326168058269676,11258,30.0,33.445816,105.43795620437956,5778,6.946171611298632,11258,23.787528868360276,11258,2.2117605258482858,11258,59.91477272727273,41.53409090909091,18.380681818181817,44.254445964432286,225.9659969088099,4.556060419992631,8143,7.707707707707708,3996,94.66431095406361,2830,97.83501306457633,2679,81.95266272189349,338,34.234995773457314,1183,5.667961945598285,7463,29.197373710304166,7463,54.03993032292644,7463,11.09473402117111,7463,65.13466434409754,7463,68.95350395283398,7463,6.188537223019981,7.707707707707708,1.519170484687726,3996,4147,-3.715031730848949,9.202621518296013,12.917653249144962,3662,3801,-2.195395057582795,7.606499180775533,9.801894238358328,3662,3801,11.654081778031058,7019,66.4339649522724,7019,0.6981051431827896,7019,10.898988459894571,7019,0.24219974355321272,7019,0.08548226243054566,7019,11.896281521584271,7019,84.59767329132332,83.61609306834707,8252,8252,6981,1.1602922217447358,81.1576354679803,80.44334975369458,4060,4060,61.76093460606924,7019,13.933608776178943,7019,20.529990027069385,7019,6.771753844996795,87.9293893129771,81.1576354679803,4192,4060,3.7754665906824334,7019,1.6669041173956405,7019,61.58997008120815,7019,7.550933181364867,7019,6.354181507337228,7019,9.972930616896994,7019,4.0176663342356465,7019,1.8806097734720046,7019,0.17096452486109132,7019,0.7408462743980624,7019,0.8690696680438809,7019,1.0685282803818208,7019,78.52193995381063,11258,7.967667436489608,11258,9.761947059868538,11258,36.53402025226506,11258,34.206786285308226,11258,61.31639722863741,11258,99.6504436676526,11157,99.26503540378238,11157,87.20310227823558,8252,17.029667473335127,11157,0.4212601953930268,11157,9.46922261824487,10381,2.1749756,2046,3.1669502,10.07731,11124.0,67.54250386398763,647,39.8728813559322,4720,47.40784,8.724641565054268,7463,40.5170270942083,8046,17.573949788714888,8046,3.318419090231171,8046,6.33855331841909,8046,32.252050708426545,8046,0.3029568589432865,8252,69.66795928259816,8252,0.012118274357731459,8252,0.0,8252,0.19389238972370335,8252,0.012118274357731459,8252,0.012118274357731459,8252,0.0,8252,0.0,8252,0.0,8252,2.5006722237160526,11157,1.5237070897194587,11157,2.1511158913686477,11157,1.2906695348211885,11157,4.589047234919781,11157,81.06233458063339,10957,2.9022542666788356,10957,0.37419001551519576,10957,15.661221137172584,10957,84.33877886282741,10957,6.150341685649202,439,21.614143920595534,54.76663826564423,10563,43.96478273217836,10563,68.46161256141026,10381,97.68041237113403,776,5.727346060769024,11157,3.698366954851105,2082,34.94252873563219,4785,23.051201671891327,4785,42.13166144200627,4785,10.094043887147336,4785,4785,2.33166144200627,85.8307453416149,14.1692546583851,5.531832298136646,5152,5152,5152
021304,15327,7583,26.202126965485743,15327,63.03908135969205,15327,10.75879167482221,15327,33.874861355777384,15327,16.03705878515039,15327,30.0,33.497684,102.12317024924172,7744,7.392183728061591,15327,22.796372414693025,15327,2.035623409669211,15327,58.63175326019458,41.56489339681225,17.066859863382323,41.060756972111555,243.54154032747118,3.858695652173913,11040,6.7057530230853795,5458,95.42364016736401,3824,97.86242806248288,3649,84.22131147540983,488,35.46148507980569,1441,4.64172604908947,10104,28.89944576405384,10104,56.81908155186065,10104,9.63974663499604,10104,66.45882818685669,10104,70.15043547110055,10104,5.63086946880376,6.7057530230853795,1.0748835542816195,5458,5582,-1.8702754908468826,8.68776456359605,10.558040054442932,4961,5143,-2.0043417795495504,7.657528724047571,9.661870503597122,4961,5143,13.866992339291661,9007,60.808260242033974,9007,0.6994559786832464,9007,12.246030864882869,9007,0.3441767514155657,9007,0.11102475852115022,9007,14.211169090707228,9007,81.00924845110892,79.94971715901949,11137,11137,9022,1.3079139880292618,75.84646025710664,75.2670650009053,5523,5523,50.360830465193736,9007,19.31830798268014,9007,25.235927611857445,9007,10.241890295084303,86.08835055219095,75.84646025710664,5614,5523,4.007993782613523,9007,1.6764738536693682,9007,50.16098589985567,9007,12.590207616298434,9007,6.683690462973243,9007,10.913733762629066,9007,7.238814255578994,9007,1.6320639502609082,9007,0.19984456533807038,9007,0.8326856889086266,9007,1.465526812479183,9007,0.9548129232818918,9007,76.46636654270242,15327,9.06896326743655,15327,8.788412605206497,15327,32.974489463039085,15327,33.16369804919423,15327,57.082273112807464,15327,99.55626200410623,15099,99.23836015630174,15099,88.38107210200234,11137,21.246440161600106,15099,0.8212464401616001,15099,10.693352394567547,13990,2.3212807,2655,3.412797,10.646749,15864.0,76.49717514124293,885,33.6235642830678,5398,50.21471,8.677751385589865,10104,46.184331797235025,10850,17.032258064516128,10850,2.5990783410138247,10850,6.635944700460829,10850,27.548387096774192,10850,0.3052886773817006,11137,70.30618658525636,11137,0.008979078746520607,11137,0.0,11137,0.1167280237047679,11137,0.008979078746520607,11137,0.0,11137,0.0,11137,0.0,11137,0.0,11137,2.3511490827207098,15099,1.4570501357705807,15099,2.205444069143652,15099,1.3444598980064906,15099,4.881117954831446,15099,79.50494383534001,14867,5.091814084885989,14867,0.6928095782605771,14867,14.710432501513418,14867,85.28956749848658,14867,6.055646481178396,611,21.35007429420505,50.080673447913014,14255,48.43914415994388,14255,72.84488920657613,13990,97.83588818755636,1109,6.291807404463872,15099,3.208363374188897,2774,38.8909224011713,5464,24.652269399707173,5464,32.77818448023426,5464,9.699853587115665,5464,5464,2.7633601756954613,81.31206251017419,18.687937489825813,4.867328666775191,6143,6143,6143
021305,25148,12584,28.39987275330046,25148,62.4463177986321,25148,9.15380944806744,25148,37.46620009543503,25148,12.82805789724829,25148,27.0,30.758192,99.8410680228862,12564,7.674566565929696,25148,26.145220295848578,25148,1.8251948465086687,25148,60.13754457463067,45.47885888945492,14.658685685175751,32.231867824138895,310.251954821894,4.76486196578784,17713,8.246381689666778,8913,95.18002322880372,6888,88.6973764490543,6556,83.41013824884793,868,43.38677354709419,2994,5.647903286739705,15882,26.74096461402846,15882,50.27704319355245,15882,17.334088905679387,15882,67.61113209923184,15882,71.25676866893339,15882,7.007745326030415,8.246381689666778,1.2386363636363635,8913,8800,-2.600322500752391,16.047844505357588,18.64816700610998,8026,7856,-1.8683449486724157,8.257164216297035,10.12550916496945,8026,7856,16.45596590909091,14080,64.8721590909091,14080,0.8451704545454546,14080,9.609375,14080,0.390625,14080,0.14204545454545456,14080,16.84659090909091,14080,79.04463235705886,77.70062160497284,17857,17857,14115,1.7003188097768331,75.11392686451039,73.88018228298321,8997,8997,41.07244318181818,14080,13.323863636363637,14080,41.13636363636363,14080,7.922190516979455,83.03611738148985,75.11392686451039,8860,8997,6.0227272727272725,14080,2.8125,14080,40.85227272727273,14080,6.598011363636363,14080,6.590909090909091,14080,20.67471590909091,14080,6.974431818181818,14080,5.390625,14080,0.22017045454545456,14080,1.0369318181818181,14080,2.414772727272727,14080,1.015625,14080,72.29998409416255,25148,11.408461905519326,25148,16.251789406712263,25148,43.208207412120245,25148,52.09161762366789,25148,69.13472244313662,25148,99.46266741518967,24938,99.10177239554095,24938,82.81346250770007,17857,32.25198492260807,24938,0.717780094634694,24938,14.06426400347373,23030,2.1708179,5099,3.118813,12.309194,24567.0,79.38331318016928,1654,41.63062283737024,9248,45.91598,9.181337363052512,15882,38.90079342097643,17267,17.912781606532693,17267,3.631204030810216,17267,5.79139398853304,17267,33.76382695314762,17267,1.0248081984655877,17857,71.34457075656606,17857,0.028000224001792015,17857,0.0,17857,0.05600044800358403,17857,0.0,17857,0.005600044800358403,17857,0.0,17857,0.0,17857,0.005600044800358403,17857,2.510225358890047,24938,1.435560189269388,24938,2.097201058625391,24938,1.2992220707354238,24938,4.687625310770711,24938,76.27430158470838,24484,5.1298807384414316,24484,0.9434732886783206,24484,17.652344388171866,24484,82.34765561182813,24484,6.25,1120,21.22055185537583,64.18432158233514,23459,34.877872032055926,23459,64.19887103777681,23030,96.80293501048219,1908,5.870558986285989,24938,3.214990138067061,5070,40.64028930014891,9402,20.718995958306742,9402,36.27951499680919,9402,9.295894490533929,9402,9402,2.652414379919166,90.25096525096525,9.749034749034749,2.7904527904527905,11396,11396,11396
021306,12490,6178,28.66293034427542,12490,62.76220976781425,12490,8.574859887910328,12490,36.00480384307446,12490,12.610088070456365,12490,28.0,30.884228,102.16898672709615,6312,9.183346677341873,12490,24.811849479583667,12490,1.7453963170536428,12490,59.33154739124888,45.66909044520985,13.662456946039036,29.916201117318437,334.2670401493931,2.8046084021878275,8593,4.476567964560504,4289,95.09241555130656,3138,84.1823056300268,2984,83.94160583941606,411,36.10687022900763,1310,3.438649917523157,7881,23.651820834919427,7881,62.289049612993274,7881,10.620479634564141,7881,72.90952924755742,7881,76.72884151757391,7881,3.3380921281292766,4.476567964560504,1.1384758364312269,4289,4304,-2.35656101952965,9.436368273399642,11.792929292929292,3921,3960,-1.501060528776673,8.712828360112216,10.213888888888889,3921,3960,18.42258440046566,6872,54.758440046565774,6872,0.9167636786961583,6872,16.28346915017462,6872,0.2910360884749709,6872,0.14551804423748546,6872,18.713620488940627,6872,79.15949018256975,77.73567573774257,8709,8709,6894,1.7986655062373078,73.08398347865993,71.82193666819641,4358,4358,48.486612339930154,6872,19.71769499417928,6872,27.80849825378347,6872,12.160787838278708,85.24477131693864,73.08398347865993,4351,4358,4.554714784633295,6872,1.7171129220023282,6872,46.929569266589056,6872,12.70372526193248,6872,6.99941792782305,6872,10.622817229336437,6872,9.284051222351572,6872,1.9062863795110594,6872,1.5570430733410943,6872,0.9749708963911525,6872,1.7462165308498254,6872,1.1641443538998837,6872,87.83827061649319,12490,7.237790232185748,12490,8.150520416333066,12490,35.65252201761409,12490,28.366693354683747,12490,62.2497998398719,12490,98.83007444980774,12223,98.49464125010226,12223,91.53748995292226,8709,13.556410046633395,12223,0.9735744089012517,12223,5.836260470143205,11103,2.1471667,2453,3.0242343,9.98581,11276.0,83.05882352941177,850,36.38653537897871,4367,46.85963,9.467072706509326,7881,44.45763114170425,8426,15.048658912888678,8426,2.5041538096368385,8426,4.960835509138382,8426,33.02872062663185,8426,0.3559536112067976,8709,78.11459409805948,8709,0.02296474911011597,8709,0.0,8709,0.06889424733034792,8709,0.0,8709,0.0,8709,0.0,8709,0.0,8709,0.0,8709,1.7671602716190788,12223,1.2681011208377648,12223,1.783522866726663,12223,1.079931277100548,12223,3.6734026016526222,12223,81.56284061373354,11927,3.9322545485033955,11927,0.5198289595036472,11927,13.985075878259412,11927,86.01492412174059,11927,5.450733752620545,477,21.330890860007713,60.91141923518502,11323,37.198622273249136,11323,72.19670359362334,11103,91.51785714285714,1120,3.460688865254029,12223,2.743362831858407,2260,42.255434782608695,4416,19.972826086956523,4416,35.733695652173914,4416,9.057971014492754,4416,4416,2.767889492753623,82.40410347903658,17.59589652096342,5.2631578947368425,4484,4484,4484
021307,5526,2797,23.59753890698516,5526,65.88852696344553,5526,10.513934129569309,5526,30.76366268548679,5526,14.603691639522259,5526,31.0,33.516468,97.56882373972113,2729,7.419471588852696,5526,24.194715888526964,5526,2.0810712993123417,5526,51.771491348530624,35.81433672068113,15.957154627849492,44.55521472392638,224.4406196213425,3.3985330073349633,4090,4.312796208530806,2110,94.39799331103679,1196,78.12223206377325,1129,76.16279069767442,172,46.59498207885304,558,3.3853477915895267,3781,16.873842898704048,3781,59.71965088600899,3781,20.021158423697436,3781,79.74080930970642,3781,83.12615710129596,3781,1.8885537842883813,4.312796208530806,2.4242424242424243,2110,1980,0.6976437883220683,20.356234096692113,19.658590308370044,1965,1816,-0.8785287128268937,9.881933842239185,10.760462555066079,1965,1816,25.521557719054243,2876,52.88595271210014,2876,1.0083449235048678,2876,10.222531293463144,2876,0.3477051460361613,2876,0.17385257301808066,2876,25.869262865090402,2876,74.13501088797484,68.93297846600532,4133,4133,3064,7.016971279373368,68.59154929577464,64.97652582159624,2130,2130,35.18776077885953,2876,18.636995827538247,2876,40.959666203059804,2876,11.43840577162426,80.0299550673989,68.59154929577464,2003,2130,9.80528511821975,2876,1.8080667593880388,2876,33.65785813630042,2876,14.39499304589708,2876,4.242002781641168,2876,15.020862308762169,2876,12.517385257301807,2876,2.399165507649513,2876,1.5299026425591098,2876,1.3560500695410291,2876,3.5813630041724616,2876,2.5034770514603615,2876,80.18458197611292,5526,9.609120521172638,5526,11.491132826637713,5526,35.64965617082881,5526,42.598624683315236,5526,66.50380021715526,5526,98.94600591715977,5408,98.76109467455622,5408,74.0140333897895,4133,25.425295857988164,5408,0.7396449704142012,5408,11.193136472466081,5012,1.6919105,1162,2.5577645,10.492915,4727.0,88.21428571428571,280,40.78144078144078,1638,51.201466,10.303887860354404,3781,36.680893798644234,3983,15.641476274165202,3983,5.724328395681647,3983,7.7830780818478535,3983,34.17022344966106,3983,0.5323009920154851,4133,63.440600048391,4133,0.024195499637067505,4133,0.0,4133,0.04839099927413501,4133,0.0,4133,0.0,4133,0.0,4133,0.0,4133,0.0,4133,3.05103550295858,5408,1.9785502958579881,5408,2.9031065088757395,5408,1.830621301775148,5408,5.639792899408284,5408,69.2801813716229,5293,6.310221046665407,5293,0.3778575477045154,5293,24.03174003400718,5293,75.96825996599281,5293,1.098901098901099,182,22.32016806722689,73.22618580948648,5102,24.57859662877303,5102,52.53391859537111,5012,95.45454545454545,396,8.025147928994082,5408,3.5921205098493627,863,40.91732045866023,1657,26.976463488231744,1657,24.864212432106218,1657,7.483403741701871,1657,1657,3.263729631864816,75.19762845849803,24.80237154150197,6.225296442687747,2024,2024,2024
021401,27711,13440,24.636425968027137,27711,67.00949081592148,27711,8.354083216051388,27711,33.24311645195049,27711,12.283930569088088,27711,29.0,31.757172,106.18303571428571,14271,6.834830933564288,27711,27.119194543683015,27711,1.6058604886146295,27711,49.23259195433249,36.76557703699714,12.467014917335344,33.90947707631463,294.902807775378,3.2577903682719547,20474,5.006019261637239,9968,94.36319317489335,6564,96.48046496609622,6194,82.95042321644499,827,49.2549901602474,3557,4.247664053270325,18622,23.085597680163247,18622,48.05069272903018,18622,24.616045537536248,18622,72.66673826656643,18622,76.2270432821394,18622,3.4069330252009173,5.006019261637239,1.599086236436322,9968,10506,1.2203528914611468,25.242932862190813,24.022579970729666,9056,9566,-0.9760320756522098,9.451523851590107,10.427555927242317,9056,9566,16.53728109767106,16617,67.94246855629777,16617,1.161461154239634,16617,5.849431305289763,16617,0.28284287175783834,16617,0.13239453571643497,16617,16.8201239694289,16617,81.33553333980394,79.75832281859653,20606,20606,16760,1.9391408114558473,77.5550902383089,76.21896500149566,10029,10029,60.35385448636938,16617,8.593608954684962,16617,26.322440873803934,16617,7.365019433620759,84.92010967192967,77.5550902383089,10577,10029,7.714990672203165,16617,2.611783113678763,16617,59.46921827044593,16617,3.3098633929108745,16617,5.217548293915869,16617,9.845339110549437,16617,3.339953060119155,16617,4.338930011434074,16617,0.8846362159234519,16617,0.9087079496900764,16617,1.6609496298970934,16617,1.5887344285972198,16617,83.11500848038685,27711,12.117931507343654,27711,13.334055068384396,27711,35.76558045541482,27711,49.691458265670676,27711,70.06603875717224,27711,99.30963947839427,27377,99.06490849983562,27377,70.29505969135204,20606,48.4494283522665,27377,0.8291631661613763,27377,18.743874230603364,25507,1.8479688,5637,2.464479,8.656746,20897.0,88.5859226379201,1577,40.06428988895383,10266,45.906975,9.952905165932767,18622,25.319170157590264,20052,24.127269100339117,20052,5.440853780171554,20052,4.797526431278675,20052,40.31518053062039,20052,2.8680966708725615,20606,51.999417645346014,20606,0.11647093079685529,20606,0.00970591089973794,20606,3.6785402310006794,20606,0.00970591089973794,20606,0.00485295544986897,20606,0.0,20606,0.0,20606,0.0,20606,2.582459728969573,27377,1.4172480549366255,27377,2.3706030609635826,27377,1.1323373634802936,27377,4.974978996968258,27377,77.46442239809757,26913,6.194032623639133,26913,1.0366737264519006,26913,15.304871251811392,26913,84.69512874818861,26913,6.540447504302926,1162,21.44198991128892,81.5149060897065,25929,17.401365266689808,25929,41.30630807229388,25507,97.32620320855615,1870,5.099170836833839,27377,4.119850187265918,4806,39.45734212286233,10467,18.601318429349384,10467,34.11674787427152,10467,7.2895767650711765,10467,10467,2.6155536447883825,93.84858044164038,6.1514195583596205,3.271156219997257,14582,14582,14582
021402,23530,11458,25.41011474713132,23530,67.20356991075224,23530,7.386315342116447,23530,33.85890352741181,23530,11.130471738206545,23530,29.0,31.386145,105.3587013440391,12072,7.195070123246919,23530,25.444113897152572,23530,1.3557161070973225,23530,48.801618921140836,37.81066211345096,10.990956807689875,29.068406087974576,344.01611047180666,3.3156884416264325,17191,4.9306625577812015,8437,93.61812521618818,5782,98.20801773508221,5413,82.17687074829932,735,36.50365806700039,2597,4.273285568065507,15632,27.37333674513818,15632,57.11361310133061,15632,11.23976458546571,15632,68.35337768679632,15632,72.44114636642784,15632,3.1714667615737535,4.9306625577812015,1.759195796207448,8437,8754,0.5074063569489802,11.498758656735921,10.991352299786941,7653,7979,-1.1475094519559672,8.377368352280152,9.52487780423612,7653,7979,7.824074074074074,15120,76.22354497354497,15120,0.49603174603174605,15120,5.284391534391534,15120,0.05952380952380952,15120,0.1388888888888889,15120,7.883597883597884,15120,87.15019329525128,86.35393226011193,17331,17331,15104,0.9136652542372882,84.83673948790228,84.22598073760865,8514,8514,82.53306878306879,15120,3.511904761904762,15120,11.626984126984127,15120,4.547404778855125,89.3841442667574,84.83673948790228,8817,8514,2.7976190476190474,15120,0.8201058201058201,15120,81.34920634920636,15120,1.5013227513227514,15120,1.9907407407407407,15120,5.727513227513228,15120,1.4880952380952381,15120,1.4285714285714286,15120,1.183862433862434,15120,0.40343915343915343,15120,0.7473544973544973,15120,0.6415343915343915,15120,84.47513812154696,23530,7.165320866978326,23530,13.476413089672759,23530,36.10284742881428,23530,57.73905652358691,23530,72.75818104547386,23530,99.33808991661652,23266,99.06301040144417,23266,76.25064912584386,17331,32.210091979712885,23266,0.47709103412705234,23266,8.628195628010374,21592,1.9268633,5018,2.497491,9.379095,18328.0,88.68808567603749,1494,37.78004073319756,8838,45.34216,8.963088536335722,15632,26.465374615930042,16924,27.78303001654455,16924,4.7151973528716615,16924,4.904277948475538,16924,36.13212006617821,16924,2.048352662858462,17331,57.024984132479375,17331,0.09232012001615603,17331,0.011540015002019503,17331,2.5445733079453,17331,0.0,17331,0.017310022503029255,17331,0.0,17331,0.0,17331,0.0,17331,2.596062924439096,23266,1.6031977993638786,23266,2.634745981260208,23266,1.2636465228230036,23266,5.174933379179919,23266,77.88326916345817,22856,2.5682534126706336,22856,0.5075253762688134,22856,19.04095204760238,22856,80.95904795239763,22856,6.1368209255533195,994,21.170113148653922,82.25234239970891,21986,16.46047484763031,21986,44.738792145238975,21592,96.11708482676225,1674,3.223588068426029,23266,4.495175335373029,4249,39.58031030248912,8959,16.55318673959147,8959,33.51936600066972,8959,6.819957584551847,8959,8959,2.59694162294899,97.39697902918317,2.6030209708168286,1.10720046927702,13638,13638,13638
021501,12595,5505,32.862246923382294,12595,62.24692338229456,12595,4.890829694323144,12595,41.31798332671695,12595,7.95553791186979,12595,25.0,27.723938,128.79200726612171,7090,9.988090512107979,12595,25.287812624057164,12595,0.6272330289797539,12595,60.650510204081634,52.79336734693877,7.857142857142857,14.882821937666103,671.9155844155844,3.473402963322808,8234,5.1582649472450175,3412,86.82106424041908,3627,94.34741187678628,3149,68.34677419354838,496,28.247261345852895,1278,3.7264537264537263,7326,24.051324051324052,7326,55.95140595140595,7326,16.270816270816272,7326,72.22222222222223,7326,76.86322686322686,7326,2.8770538315253993,5.1582649472450175,2.281211115719618,3412,4822,-0.645814244934094,15.886906765398855,16.53272101033295,2971,4355,-0.707991642131109,8.879838438236284,9.587830080367393,2971,4355,22.30137834907852,6457,54.22022611119715,6457,1.1615301223478396,6457,10.794486603685922,6457,0.6814310051107325,6457,0.2477930927675391,6457,22.982809354189254,6457,77.72170151405912,76.5801490026436,8322,8322,6468,1.468769325912183,65.2665121668598,64.1367323290846,3452,3452,58.974756078674304,6457,11.67724949667028,6457,24.11336533994115,6457,21.28379584135375,86.55030800821355,65.2665121668598,4870,3452,6.876258324299211,6457,2.4934179959733624,6457,58.13845439058386,6457,6.256775592380363,6457,5.358525631098033,6457,9.787827164317795,6457,2.9115688400185844,6457,3.4536162304475764,6457,0.8363016880904445,6457,0.7743534148985597,6457,2.8805947034226422,6457,1.0840947808579835,6457,77.69749900754267,12595,6.709011512504962,12595,21.61969035331481,12595,30.083366415244143,12595,44.684398570861454,12595,68.62246923382294,12595,96.90522243713733,12408,95.86557059961315,12408,60.50228310502283,8322,61.63765312701483,12408,2.506447453255964,12408,22.33157376755838,11177,2.7092414,2294,3.2761574,8.90277,10244.0,82.90322580645162,930,26.541884013501075,3259,43.43909,9.3007098007098,7326,23.208063713290194,8036,33.822797411647585,8036,4.965156794425087,8036,2.961672473867596,8036,35.042309606769535,8036,6.524873828406633,8322,13.73467916366258,8322,0.2403268445085316,8322,0.0600817111271329,8322,0.228310502283105,8322,0.07209805335255948,8322,0.1201634222542658,8322,0.01201634222542658,8322,0.0,8322,0.08411439557798606,8322,2.506447453255964,12408,0.854287556415216,12408,1.3459058671824629,12408,0.8381689232753062,12408,4.037717601547389,12408,74.33079973562458,12104,3.8086582947785854,12104,0.3635161929940516,12104,21.497025776602776,12104,78.50297422339722,12104,21.063394683026583,489,19.388913525498893,77.70187423366615,11418,14.118059204764407,11418,28.164981658763534,11177,90.33306255077173,1231,6.503868471953578,12408,10.773899848254931,2636,49.67911318553092,3428,14.031505250875146,3428,25.758459743290548,3428,4.025670945157526,3428,3428,3.6196032672112017,96.22748815165876,3.7725118483412388,0.5876777251184834,5275,5275,5275
021502,10105,4870,33.280554181098466,10105,60.54428500742207,10105,6.175160811479466,10105,42.018802572983674,10105,9.163780306778822,10105,25.0,28.161009,107.49486652977413,5235,10.044532409698169,10105,23.97822859970312,10105,0.9797130133597229,10105,65.16835567178816,54.96894409937888,10.199411572409284,18.55486173059768,538.9423076923077,4.02055622732769,6616,5.719733079122975,3147,93.344,3125,98.93726431264999,2917,80.96330275229357,436,38.29145728643216,995,4.478882833787466,5872,23.893051771117165,5872,50.71525885558583,5872,20.912806539509535,5872,71.62806539509536,5872,76.0558583106267,5872,3.240632473761199,5.719733079122975,2.4791006053617757,3147,3469,1.4183603999815446,21.66788055353241,20.249520153550865,2746,3126,-0.44377164201847386,9.42571012381646,9.869481765834934,2746,3126,26.653102746693794,4915,51.393692777212614,4915,1.1597151576805698,4915,11.658189216683622,4915,0.6103763987792472,4915,0.08138351983723296,4915,27.263479145473042,4915,74.74397590361446,72.86144578313252,6640,6640,4963,2.518637920612533,64.01898734177215,62.53164556962025,3160,3160,46.57171922685656,4915,13.387589013224822,4915,34.85249237029502,4915,20.463771278917505,84.48275862068965,64.01898734177215,3480,3160,9.745676500508647,4915,3.804679552390641,4915,46.14445574771109,4915,7.3245167853509665,4915,5.7782299084435405,4915,11.739572736520854,4915,4.496439471007121,4915,5.859613428280773,4915,0.427263479145473,4915,1.281790437436419,4915,3.3977619532044763,4915,1.9735503560528993,4915,87.55071746660069,10105,13.132112815437901,10105,19.7624938149431,10105,40.03958436417615,10105,53.64670954972786,10105,77.06086095992083,10105,98.89768513879146,9979,98.33650666399438,9979,65.82831325301204,6640,43.29091091291713,9979,0.7916624912315864,9979,15.32033426183844,8975,2.4509804,2091,3.2383385,10.60093,9452.0,91.3659793814433,776,30.975954738330977,2828,44.90205,9.661955040871934,5872,21.275291232372776,6524,35.28510116492949,6524,5.042918454935623,6524,3.7093807480073573,6524,34.68730839975475,6524,8.162650602409638,6640,9.774096385542169,6640,0.19578313253012047,6640,0.015060240963855422,6640,0.19578313253012047,6640,0.030120481927710843,6640,0.030120481927710843,6640,0.015060240963855422,6640,0.0,6640,0.07530120481927711,6640,3.5073654674817116,9979,1.3227778334502456,9979,2.4250926946587836,9979,1.5733039382703677,9979,5.882352941176471,9979,79.18828196521208,9831,6.682941714983216,9831,0.35601668192452446,9831,13.772759637880174,9831,86.22724036211983,9831,13.900414937759336,482,19.71611374407583,88.01347533144968,9202,10.88893718756792,9202,27.788300835654596,8975,93.82470119521912,1004,3.226776230083175,9979,5.558045719408337,2231,53.87797311271975,2901,16.994139951740777,2901,23.888314374353673,2901,4.102033781454671,2901,2901,3.4398483281627024,90.60505488894562,9.394945111054383,0.7658922644881286,3917,3917,3917
021601,15763,7425,30.06407409757026,15763,61.63801306857832,15763,8.297912833851424,15763,38.72359322463998,15763,11.685592844001777,15763,26.0,29.71928,112.29629629629629,8338,9.934657108418449,15763,26.82864936877498,15763,1.80803146609148,15763,62.23754631535611,48.77521613832853,13.462330177027583,27.60075965393543,362.30886850152905,10.44734648513476,10797,17.285175630085334,5039,92.68985095812633,4227,98.00918836140889,3918,80.76256499133449,577,28.464818763326225,1876,14.300369306524415,9748,26.47722609766106,9748,48.32786212556422,9748,10.894542470250308,9748,59.222404595814524,9748,62.977020927369715,9748,12.821820298372934,17.285175630085334,4.4633553317124,5039,5758,-2.0688927058842648,9.788359788359788,11.857252494244053,4536,5212,-2.158561134865817,6.811507936507937,8.970069071373754,4536,5212,8.936739930826732,8963,57.93819033805645,8963,0.5132210197478523,8963,15.675555059689836,8963,0.23429655249358475,8963,0.0669418721410242,8963,9.171036483320316,8963,82.30218468881954,80.91610060583808,10894,10894,8966,1.6841400847646666,77.88009404388714,76.64576802507837,5104,5104,73.13399531406895,8963,8.590873591431441,8963,15.184647997322324,8963,8.320251379256206,86.20034542314335,77.88009404388714,5790,5104,3.8603146267990627,8963,1.3611514002008256,8963,72.1633381680241,8963,4.920227602365279,8963,3.6483320316858197,8963,7.530960615865224,8963,1.7628026330469708,8963,1.4280932723418498,8963,0.9706571460448511,8963,0.6247908066495593,8963,0.7028896574807542,8963,1.27189557067946,8963,80.55573177694602,15763,5.366998667766288,15763,6.3185941762354885,15763,51.09433483473958,15763,22.337118568800356,15763,63.17325382224196,15763,99.07668632982816,15596,98.48679148499615,15596,91.14191297962181,10894,19.267760964349833,15596,0.26929982046678635,15596,11.75717030816312,14051,2.1461623,2723,2.9336977,11.366778,12299.0,55.624355005159956,969,33.42068131425116,4961,46.430355,7.965633976200246,9748,33.11158999344139,10673,21.502857678253537,10673,2.9888503700927576,10673,4.4973297104844,10673,37.89937224772791,10673,11.602717091977235,10894,5.2689553882871305,10894,0.009179364787956673,10894,0.009179364787956673,10894,0.03671745915182669,10894,0.0,10894,0.0,10894,0.0,10894,0.0,10894,0.0,10894,2.667350602718646,15596,1.99410105155168,15596,2.6609387022313413,15596,2.2121056681200306,15596,5.2513464991023335,15596,80.12892192330462,15203,2.479773728869302,15203,0.47359073866999934,15203,16.91771360915609,15203,83.08228639084392,15203,10.447761194029852,670,21.509447674418606,25.775856056907735,14339,72.85724248552897,14339,77.00519535976088,14051,94.36893203883496,1545,5.597589125416773,15596,4.651162790697675,3053,49.395680602338025,5047,20.8836932831385,5047,25.539924707747176,5047,6.280958985535962,5047,5047,3.090152565880721,91.19658119658119,8.803418803418808,2.8547008547008548,5850,5850,5850
021602,6611,3058,32.89971260021177,6611,60.701860535471184,6611,6.398426864317047,6611,42.777189532597184,6611,8.637119951595825,6611,23.0,26.825594,116.18705035971223,3553,11.465738919981849,6611,29.829072757525335,6611,1.663893510815308,6611,64.73959631198605,54.198853725392475,10.540742586593572,19.448275862068964,514.1843971631206,10.868544600938968,4260,16.201117318435752,1969,88.74207188160676,1892,98.45145920190589,1679,72.37762237762237,286,23.43921139101862,913,14.172813487881982,3796,31.11169652265543,3796,47.86617492096944,3796,6.8493150684931505,3796,54.71548998946259,3796,58.614330874604846,3796,9.915652455930296,16.201117318435752,6.2854648625054566,1969,2291,-3.299158366015824,5.087620124364047,8.386778490379871,1769,2027,-1.9134753189209652,6.505370265686829,8.418845584607794,1769,2027,11.591050341827222,3218,52.144188937228094,3218,0.8079552517091361,3218,24.891236793039155,3218,0.2175264139216905,3218,0.40397762585456803,3218,11.808576755748913,3218,76.05341929541791,73.12917338245452,4343,4343,3303,3.8449894035725096,70.19374068554396,68.15697963238946,2013,2013,70.54070851460534,3218,9.44686140459913,3218,14.916096954630206,3218,10.922139142782228,81.11587982832619,70.19374068554396,2330,2013,3.6357986326911127,3218,1.1808576755748912,3218,66.93598508390305,3218,4.133001864512119,3218,5.251709136109385,3218,7.178371659415786,3218,2.3306401491609696,3218,1.3051584835301429,3218,3.6047234307022995,3218,0.27967681789931637,3218,0.6215040397762586,3218,1.709136109384711,3218,73.92225079413099,6611,3.8420813795189837,6611,4.840417486008168,6611,59.40099833610649,6611,18.49947057933747,6611,59.91529269399486,6611,97.46679023787458,6474,95.96848934198331,6474,88.1418374395579,4343,16.89836268149521,6474,0.2471424158171146,6474,11.217725052337753,5732,2.408,1000,2.923455,8.687258,4144.0,40.816326530612244,392,29.375386518243662,1617,43.702534,7.527133825079031,3796,22.83050442266316,4183,26.870666985417166,4183,3.6337556777432463,4183,4.5661008845326325,4183,42.0989720296438,4183,8.012894312687083,4343,2.256504720239466,4343,0.0,4343,0.0,4343,0.0,4343,0.0,4343,0.0,4343,0.0,4343,0.0,4343,0.0,4343,2.9039233858510967,6474,2.888476984862527,6474,3.21285140562249,6474,3.305529811553908,6474,6.209453197405004,6474,67.25790987535954,6258,1.2943432406519655,6258,0.7829977628635347,6258,30.66474912112496,6258,69.33525087887504,6258,8.391608391608392,286,21.463492063492062,19.704182250935055,5882,78.01768106086365,5882,79.71039776692254,5732,85.57951482479784,742,5.715168365770776,6474,8.053691275167786,1341,57.194679564691654,1654,19.407496977025392,1654,17.533252720677147,1654,3.446191051995163,1654,1654,3.9141475211608223,87.54696725711219,12.453032742887814,1.9860440150295222,1863,1863,1863
021701,17463,8982,21.914905800836053,17463,64.3761094886331,17463,13.708984710530837,17463,29.58827234724847,17463,19.30939701082288,17463,35.0,36.410126,94.42217768871076,8481,5.514516406115788,17463,21.685850083032697,17463,2.949092366718204,17463,55.33712862479986,34.04198541184842,21.295143212951434,62.55552652207996,159.8579782790309,7.751995821830933,13403,13.25007177720356,6966,96.73689619732785,3892,97.18459495351925,3765,83.80281690140845,426,45.68590937306021,1611,8.342141637531507,12299,30.140661842426212,12299,46.38588503130336,12299,15.131311488738922,12299,61.51719652004228,12299,65.07846166354989,12299,11.447990062118894,13.25007177720356,1.8020817150846669,6966,6437,-2.893757868347297,13.750194431482345,16.643952299829643,6429,5870,-2.456148870786997,7.340955047441282,9.797103918228279,6429,5870,14.29648477994534,10611,60.851946093676375,10611,1.027235887286778,10611,16.33210818961455,10611,0.16963528413910092,10611,0.02827254735651682,10611,14.466120064084441,10611,79.4303093242341,77.90223277204956,13481,13481,10708,1.9237952932387001,75.95893340938258,74.83245401397404,7013,7013,43.92611440957497,10611,18.216944680049007,10611,34.360569220620114,10611,7.235253356232761,83.19418676561534,75.95893340938258,6468,7013,7.793798887946471,10611,2.4785599849213082,10611,43.813024220148904,10611,11.158232023371973,10611,7.002167561964,10611,13.13731033832815,10611,5.30581472057299,10611,7.002167561964,10611,0.11309018942606729,10611,0.8010555084346433,10611,1.8754123079822826,10611,0.9801149750259165,10611,67.85203000629903,17463,9.60888736185077,17463,14.25871843325889,17463,51.02216114069748,17463,55.39139895779648,17463,77.5353604764359,17463,98.90103534038984,17289,98.27636069176933,17289,83.94777835472146,13481,20.394470472554804,17289,1.5848227196483313,17289,12.42346313984815,16332,1.967232,3479,3.0279512,10.94932,19298.0,80.3921568627451,867,41.952155936207916,6772,52.820583,8.51321245629726,12299,39.256229644777704,13203,17.75354086192532,13203,3.6506854502764523,13203,7.021131561008862,13203,32.31841248201167,13203,0.4747422298049106,13481,70.62532453082116,13481,0.022253542022105183,13481,0.029671389362806912,13481,0.11126771011052593,13481,0.007417847340701728,13481,0.0,13481,0.0,13481,0.0,13481,0.0,13481,3.5687431314708773,17289,2.2442015154144253,17289,3.1522933657238705,17289,1.4922783272601077,17289,6.501243565272717,17289,70.2843435525392,17092,4.475778141820735,17092,0.7430376784460566,17092,24.496840627194008,17092,75.503159372806,17092,4.665629860031104,643,21.665158371040725,52.0062847474015,16548,47.00265893159294,16548,66.96669115846191,16332,92.58098223615465,957,7.166406385563075,17289,2.2945205479452055,2920,32.57267441860465,6880,28.822674418604652,6880,36.56976744186046,6880,12.42732558139535,6880,6880,2.5129360465116277,91.07364930219704,8.92635069780296,4.780986596656073,7237,7237,7237
021702,9164,4539,19.816673941510256,9164,62.48363160192056,9164,17.699694456569183,9164,26.5058926233086,9164,23.996071584460935,9164,39.0,39.30947,101.89469046045384,4625,4.779572239196857,9164,19.15102575294631,9164,3.9938891313836753,9164,60.041914076143904,31.714984282221447,28.32692979392246,89.31718061674009,111.96054254007399,6.842619745845552,7161,11.89538807649044,3556,96.80851063829788,1786,96.47194910352805,1729,94.7136563876652,227,43.3411214953271,856,8.656716417910447,6700,27.611940298507463,6700,46.656716417910445,6700,17.074626865671643,6700,63.73134328358209,6700,66.73134328358209,6700,10.036858256795572,11.89538807649044,1.8585298196948683,3556,3605,-3.5457603002021703,15.309155766944114,18.854916067146284,3364,3336,-2.237987849910321,7.675980975029726,9.913968824940047,3364,3336,16.555360281195078,5690,60.4920913884007,5690,0.9314586994727593,5690,12.899824253075572,5690,0.43936731107205623,5690,0.01757469244288225,5690,16.994727592267136,5690,79.23256773483702,77.49965616833998,7271,7271,5761,2.187120291616039,76.54048079579995,75.35230726720089,3619,3619,42.91739894551846,5690,17.41652021089631,5690,35.83479789103691,5690,5.359847791275627,81.90032858707558,76.54048079579995,3652,3619,8.014059753954307,5690,1.968365553602812,5690,42.81195079086116,5690,10.755711775043936,5690,6.660808435852372,5690,14.094903339191564,5690,6.274165202108963,5690,4.463971880492092,5690,0.1054481546572935,5690,2.530755711775044,5690,3.4797891036906856,5690,1.546572934973638,5690,78.89567874290702,9164,13.203841117415976,9164,16.510257529463118,9164,41.10650371017023,9164,46.56263640331733,9164,72.52291575731122,9164,99.23983695053431,9077,98.89831442106423,9077,88.54352908815844,7271,30.836179354412252,9077,1.2669384157761374,9077,18.822304488662656,8644,1.9409341,1456,3.1363637,11.344755,9749.0,87.46736292428199,383,39.30155210643016,3608,56.019955,8.790298507462687,6700,40.559638213680046,7076,14.513849632560769,7076,4.098360655737705,7076,8.677218767665348,7076,32.15093273035613,7076,0.4951175904277266,7271,83.33104112226654,7271,0.05501306560308073,7271,0.013753266400770183,7271,0.0825195984046211,7271,0.0,7271,0.027506532801540366,7271,0.0,7271,0.0,7271,0.0,7271,4.748264845213177,9077,2.886416216811722,9077,4.461826594689875,9077,2.0711688883992507,9077,8.427894678858653,9077,70.45735475896169,8899,9.94493763344196,8899,0.6854702775592764,8899,18.912237330037083,8899,81.08776266996291,8899,3.3707865168539324,267,21.925034075420264,58.2028123928204,8747,40.11661140962616,8747,65.61776955113373,8644,97.92147806004618,433,9.30924314200727,9077,3.400309119010819,1294,27.208287895310797,3668,36.94111232279171,3668,40.785169029443836,3668,17.366412213740457,3668,3668,2.4746455834242096,84.63659147869674,15.363408521303256,6.315789473684211,3990,3990,3990
021703,7525,3539,16.704318936877076,7525,73.32890365448505,7525,9.966777408637874,7525,23.66777408637874,7525,14.91029900332226,7525,34.0,36.20226,112.63068663464256,3986,3.9867109634551494,7525,23.880398671096344,7525,1.8205980066445182,7525,36.37187386734324,22.779992750996737,13.591881116346503,59.665871121718375,167.6,6.353055286129971,6186,10.573600552868003,2894,92.05397301349325,1334,98.2084690553746,1228,78.72340425531915,141,43.82314694408323,769,8.25191905094208,5732,22.27843684577809,5732,56.646894626657364,5732,12.822749476622471,5732,69.46964410327983,5732,71.98185624563853,5732,7.930830200498622,10.573600552868003,2.6427703523693804,2894,3292,-0.5466581820239398,12.532539977686872,13.079198159710812,2689,3043,-1.6020945351657847,8.200074377091855,9.80216891225764,2689,3043,15.898807075277663,4862,48.807075277663515,4862,0.30851501439736734,4862,19.23076923076923,4862,0.10283833813245578,4862,0.061703002879473466,4862,16.00164541341012,4862,79.07613069370674,77.75631739900209,6213,6213,4913,1.6690413189497253,74.51923076923077,73.62637362637362,2912,2912,50.061703002879476,4862,22.974084738790623,4862,24.35211846976553,4862,8.576800736373585,83.09603150560436,74.51923076923077,3301,2912,5.080213903743315,4862,1.0695187165775402,4862,50.04113533525298,4862,13.451254627725216,4862,9.502262443438914,4862,11.147675853558207,4862,5.841217605923489,4862,2.1390374331550803,4862,0.020567667626491155,4862,0.20567667626491157,4862,1.2134923899629781,4862,1.2957630604689427,4862,83.77408637873754,7525,3.73421926910299,7525,6.843853820598007,7525,43.93355481727575,7525,47.28239202657807,7525,73.74086378737542,7525,98.7538523382018,7463,98.2446737237036,7463,79.60727506840496,6213,18.987002545893073,7463,1.0183572289963823,7463,5.429927414852038,7164,1.1973575,1211,2.0480309,9.546203,4253.0,75.27472527472527,182,42.47787610619469,1469,53.104153,9.050593161200279,5732,27.851021753460778,6068,19.01779828609097,6068,5.075807514831905,6068,6.2294001318391565,6068,41.82597231377719,6068,0.4345726702076292,6213,74.50507001448575,6213,0.0,6213,0.0,6213,0.03219056816352809,6213,0.0,6213,0.0,6213,0.0,6213,0.0,6213,0.0,6213,2.25110545357095,7463,1.433739782929117,7463,2.3717003885836796,7463,1.2863459734691143,7463,4.234222162669168,7463,69.56281128942999,7228,2.3657996679579414,7228,0.22136137244050913,7228,27.850027670171556,7228,72.14997232982844,7228,1.2765957446808511,235,22.735562310030396,57.84530386740332,7240,40.31767955801105,7240,54.327191513121164,7164,93.31103678929766,299,2.3047032024654963,7463,5.217391304347826,1035,43.24142568930733,1487,35.642232683254875,1487,9.751176866173504,1487,3.7659717552118357,1487,1487,5.018829858776059,91.94436395247754,8.055636047522455,2.8687337003767026,3451,3451,3451
021801,9217,4321,22.69718997504611,9217,62.352175328197895,9217,14.950634696755994,9217,29.510686774438536,9217,20.09330584788977,9217,34.0,36.47922,113.30710483684332,4896,5.8261907345123145,9217,21.471194531843334,9217,3.1680590213735487,9217,60.3793283452236,36.401600835218375,23.97772751000522,65.8699808795411,151.81422351233672,3.481427530954115,6865,6.595811190997186,3199,94.16498993963782,1988,97.32905982905983,1872,86.85258964143426,251,34.07755581668625,851,4.823602872307212,6406,23.72775522947237,6406,60.33406181704652,6406,11.1145800811739,6406,71.44864189822042,6406,74.10240399625351,6406,5.8320359591368485,6.595811190997186,0.7637752318603382,3199,3666,-4.600660631689264,8.654813820865481,13.255474452554745,2981,3425,-2.021586348577488,8.137537739013753,10.159124087591241,2981,3425,7.1193686287405455,6082,68.7438342650444,6082,0.3123972377507399,6082,11.788885235120027,6082,0.147977638934561,6082,0.04932587964485367,6082,7.267346267675107,6082,87.36342725704428,86.45773433007476,6956,6956,6077,1.0366957380286326,84.16206261510129,83.60957642725599,3258,3258,77.29365340348569,6082,6.017757316672148,6082,13.17000986517593,6082,6.021820564996062,90.18388318009735,84.16206261510129,3698,3258,4.373561328510358,6082,1.463334429463992,6082,77.2114436040776,6082,2.7458073002301875,6082,3.2719500164419597,6082,5.902663597500822,6082,1.7099638276882605,6082,0.7563301545544229,6082,0.08220979940808945,6082,0.37816507727721144,6082,2.1703387043735614,6082,0.9371917132522196,6082,83.53043289573614,9217,6.488011283497884,9217,6.281870456764674,9217,39.01486383855919,9217,28.718672019095152,9217,67.49484647933167,9217,99.13448735019973,9012,98.91256102973813,9012,92.63944795859689,6956,18.564136706613404,9012,0.6546826453617399,9012,12.491161913740278,8486,2.157823,1470,3.431213,9.716511,9242.0,71.7948717948718,429,33.196601230588925,3413,52.677704,9.218389010302841,6406,42.034548944337814,6773,15.650376494906245,6773,3.779713568581131,6773,6.452089177617009,6773,32.083271814557804,6773,0.3450258769407706,6956,80.04600345025877,6956,0.5894192064404831,6956,0.0,6956,0.02875215641173088,6956,0.0,6956,0.0,6956,0.0,6956,0.0,6956,0.0,6956,2.496671105193076,9012,1.9529516200621393,9012,3.0071016422547716,9012,1.5534842432312472,9012,5.248557478916999,9012,79.05211089382261,8693,4.003220982399632,8693,0.48314735994478314,8693,16.46152076383297,8693,83.53847923616703,8693,7.046979865771812,298,21.395398608881756,35.75328144964572,8609,62.36496689510977,8609,79.69596983266557,8486,94.67680608365019,526,10.008877052818464,9012,5.071967100753941,1459,31.374819102749637,3455,31.606367583212734,3455,37.3082489146165,3455,12.416787264833575,3455,3455,2.6083936324167873,94.00575094005751,5.99424905994249,1.5262110152621102,4521,4521,4521
021802,6649,3091,21.83787035644458,6649,62.82147691382163,6649,15.340652729733794,6649,28.57572567303354,6649,20.785080463227555,6649,35.0,37.06467,115.10837916531867,3558,5.8655436907805685,6649,20.965558730636186,6649,3.098210257181531,6649,59.181230548240364,34.76179075891788,24.41943978932248,70.24793388429752,142.35294117647058,4.401894986182392,5066,8.32618025751073,2330,96.5565706254392,1423,98.54439592430859,1374,93.93939393939394,165,39.3687707641196,602,4.931216931216931,4725,30.73015873015873,4725,51.492063492063494,4725,12.846560846560847,4725,64.33862433862434,4725,68.21164021164022,4725,7.266238737042894,8.32618025751073,1.0599415204678362,2330,2736,-3.9753507603937113,10.669162377164248,14.64451313755796,2137,2588,-2.3446105599509357,7.514740290126345,9.85935085007728,2137,2588,7.899003937919852,4317,68.28816307621032,4317,0.7412555015056752,4317,12.90247857308316,4317,0.16214964095436646,4317,0.02316423442205235,4317,8.061153578874219,4317,84.13348946135831,82.98204527712724,5124,5124,4311,1.368591974019949,80.43110735418428,79.83939137785292,2366,2366,72.22608292795923,4317,7.713690062543433,4317,16.794069955987954,4317,6.878537315866481,87.30964467005076,80.43110735418428,2758,2366,4.517025712300208,4317,1.0887190178364605,4317,72.01760481816076,4317,3.4514709288858003,4317,4.2390548992355805,4317,8.153810516562428,4317,2.4090803798934446,4317,1.2277044243687747,4317,0.20847810979847117,4317,0.6485985638174658,4317,2.038452629140607,4317,0.857076673615937,4317,89.32170251165589,6649,6.9333734396149795,6649,7.956083621597233,6649,36.84764626259588,6649,35.65949766882238,6649,74.16152804933073,6649,99.63397895378985,6557,99.37471404605765,6557,89.98829039812647,5124,17.584261095012963,6557,0.3660210462101571,6557,8.553377612182084,6173,2.1406105,1081,3.5038722,10.713792,7215.0,85.11904761904762,336,32.53940455341506,2855,51.371277,8.798941798941799,4725,42.68561136682009,4997,15.029017410446269,4997,3.78226936161697,4997,6.8841304782869726,4997,31.6189713828297,4997,0.702576112412178,5124,79.70335675253708,5124,0.0195160031225605,5124,0.0,5124,0.039032006245121,5124,0.0195160031225605,5124,0.0,5124,0.0,5124,0.0,5124,0.0,5124,2.2723806618880587,6557,1.8606069849016318,6557,2.6384017080982156,6557,1.4030806771389355,6557,4.575263077626963,6557,84.46177847113884,6410,4.430577223088924,6410,0.21840873634945399,6410,10.889235569422777,6410,89.11076443057722,6410,5.327868852459017,244,21.051983584131328,44.197570332480815,6256,54.843350383631716,6256,79.10254333387331,6173,96.875,384,5.429312185450663,6557,3.362151777137368,1041,29.233449477351915,2870,28.954703832752614,2870,42.89198606271777,2870,13.170731707317072,2870,2870,2.2846689895470385,92.06611570247934,7.933884297520663,0.8264462809917356,3025,3025,3025
021803,2052,962,25.97465886939571,2052,60.136452241715396,2052,13.88888888888889,2052,32.50487329434698,2052,18.664717348927876,2052,32.0,34.983917,113.3056133056133,1090,6.822612085769981,2052,21.15009746588694,2052,3.0701754385964914,2052,66.28849270664506,43.19286871961102,23.095623987034035,53.470919324577864,187.01754385964912,4.472630173564753,1498,8.774373259052926,718,96.70103092783505,485,96.37526652452026,469,88.33333333333333,60,34.67336683417086,199,5.8441558441558445,1386,30.88023088023088,1386,50.865800865800864,1386,12.40981240981241,1386,63.275613275613274,1386,66.81096681096682,1386,8.261552746232413,8.774373259052926,0.5128205128205128,718,780,-3.6916173345872263,10.494752623688155,14.186369958275382,667,719,-2.2946579561401492,7.425787106446776,9.720445062586926,667,719,12.238574748257165,1291,56.23547637490318,1291,1.3168086754453912,1291,16.11154144074361,1291,0.3872966692486445,1291,0.30983733539891556,1291,12.62587141750581,1291,85.13603185136031,84.00796284007963,1507,1507,1283,1.3250194855806703,80.44077134986226,79.75206611570248,726,726,70.25561580170411,1291,6.661502711076685,1291,19.44229279628195,1291,9.059868855003302,89.50064020486556,80.44077134986226,781,726,4.570100697134005,1291,2.5561580170410534,1291,67.46707978311386,1291,3.098373353989156,1291,3.563129357087529,1291,9.14020139426801,1291,3.020914020139427,1291,1.6266460108443068,1291,2.78853601859024,1291,1.0069713400464757,1291,1.0069713400464757,1291,0.8520526723470179,1291,81.72514619883042,2052,7.797270955165692,2052,7.797270955165692,2052,34.746588693957115,2052,28.313840155945417,2052,55.16569200779727,2052,99.70544918998527,2037,98.96907216494846,2037,91.24087591240875,1507,23.12223858615611,2037,0.3436426116838488,2037,11.333684765419083,1897,2.4740062,327,3.7340946,12.5,2280.0,65.85365853658537,123,35.77142857142857,875,50.670856,8.616161616161616,1386,41.40730717185386,1478,19.215155615696887,1478,3.4506089309878214,1478,7.577807848443843,1478,28.349120433017593,1478,0.6635700066357001,1507,82.81353682813537,1507,0.06635700066357,1507,0.0,1507,0.0,1507,0.0,1507,0.0,1507,0.0,1507,0.0,1507,0.0,1507,2.503681885125184,2037,2.160039273441335,2037,3.583701521845852,2037,1.8654884634266078,2037,5.498281786941581,2037,77.7722027094832,1993,4.967385850476668,1993,0.4014049172102358,1993,16.859006522829905,1993,83.1409934771701,1993,10.9375,64,21.506607929515418,40.970772442588725,1916,57.09812108559499,1916,76.33104902477596,1897,100.0,140,6.0382916053019144,2037,3.35195530726257,358,34.39273552780931,881,26.674233825198638,881,40.52213393870601,881,14.074914869466514,881,881,2.312145289443814,87.01923076923077,12.980769230769226,2.764423076923077,832,832,832
021901,6805,3397,21.587068332108743,6805,62.409992652461426,6805,16.00293901542983,6805,28.87582659808964,6805,21.293166789125642,6805,35.0,37.41073,100.32381513099794,3408,5.437178545187362,6805,21.51359294636297,6805,3.7913299044819984,6805,60.230751118436544,34.58912173298799,25.641629385448553,74.13206262763785,134.89439853076217,2.8085594191822696,5234,4.6306926903941825,2613,95.94320486815415,1479,98.73150105708245,1419,89.56043956043956,182,37.41610738255034,596,3.322327692942633,4846,29.550144449030128,4846,52.14609987618655,4846,14.981427981840694,4846,67.12752785802724,4846,70.80066033842344,4846,3.638704899474686,4.6306926903941825,0.9919877909194964,2613,2621,-4.131169432861853,12.921810699588477,17.05298013245033,2430,2416,-1.968852710326221,8.196296296296296,10.165149006622517,2430,2416,9.410729991204926,4548,60.68601583113456,4548,0.4397537379067722,4548,13.984168865435356,4548,0.06596306068601583,4548,0.06596306068601583,4548,9.47669305189094,4548,85.80363912054587,85.1213040181956,5276,5276,4527,0.7952286282306164,83.49110185535783,82.99886406664142,2641,2641,66.07299912049253,4548,11.851363236587511,4548,19.371152154793315,4548,4.630340269879369,88.1214421252372,83.49110185535783,2635,2641,4.639401934916447,4548,1.5391380826737027,4548,66.05101143359718,4548,7.124010554089709,4548,4.705364995602463,4548,8.86103781882146,4548,2.946350043975374,4548,2.308707124010554,4548,0.02198768689533861,4548,0.7255936675461742,4548,2.2207563764291995,4548,0.7475813544415127,4548,76.88464364437914,6805,8.302718589272594,6805,8.523144746509919,6805,47.56796473181484,6805,43.74724467303454,6805,75.4592211609111,6805,99.30215293244247,6735,98.82702301410542,6735,92.17210007581501,5276,17.698589458054936,6735,0.8166295471417966,6735,9.737710067535732,6367,1.8283334,1200,2.857881,9.100514,6626.0,78.13504823151125,311,44.98802600068423,2923,51.470066,9.177878662814692,4846,36.38301996510952,5159,15.409963171157202,5159,4.148090715254894,5159,7.598371777476255,5159,36.46055437100213,5159,0.3601213040181956,5276,85.72782410917361,5276,0.0,5276,0.0,5276,0.018953752843062926,5276,0.0,5276,0.0,5276,0.0,5276,0.0,5276,0.0,5276,5.137342242019302,6735,3.2665181885671863,6735,5.033407572383074,6735,2.5983667409057163,6735,8.74536005939124,6735,76.61253604492336,6589,5.752010927303081,6589,0.36424343602974657,6589,17.271209591743816,6589,82.72879040825619,6589,7.725321888412017,233,22.511749347258487,59.696171136257945,6451,39.203224306309096,6451,74.38354012878906,6367,97.28260869565217,368,4.216778025241277,6735,3.311867525298988,1087,29.49542837792076,2953,30.917710802573655,2953,45.10667118184897,2953,14.358279715543516,2953,2953,2.2807314595326784,91.24748490945674,8.752515090543255,2.2132796780684103,2982,2982,2982
021902,5351,2577,27.882638759110446,5351,66.09979443094748,5351,6.017566809942067,5351,36.4044103905812,5351,8.615212109886002,5351,27.0,29.265371,107.64454792394257,2774,8.876845449448702,5351,27.733133993646046,5351,1.6819286114744907,5351,51.28640090472152,42.1826406559231,9.103760248798416,21.58176943699732,463.35403726708074,2.198093220338983,3776,2.5585193249863907,1837,91.72161172161172,1365,98.3226837060703,1252,77.23214285714286,224,41.50375939849624,665,5.0233644859813085,3424,21.875,3424,58.11915887850467,3424,14.982476635514018,3424,73.1016355140187,3424,75.78855140186916,3424,0.7018921976011405,2.5585193249863907,1.8566271273852502,1837,1939,-2.1754094129119217,13.865546218487395,16.040955631399317,1666,1758,-1.091284978155084,8.96218487394958,10.053469852104664,1666,1758,11.163970821439898,3153,61.17982873453853,3153,0.38058991436726924,3153,13.035204567078972,3153,0.1585791309863622,3153,0.06343165239454487,3153,11.322549952426261,3153,84.02102496714849,81.94480946123522,3805,3805,3197,2.471066624960901,81.07084910762575,79.39426717144403,1849,1849,56.9616238503013,3153,18.236600063431652,3153,21.59847764034253,3153,5.738966843294492,86.80981595092024,81.07084910762575,1956,1849,4.1547732318426895,3153,1.2052013954963527,3153,56.89819219790675,3153,10.339359340310816,3153,7.897240723120837,3153,11.70313986679353,3153,3.742467491278148,3153,1.6809387884554392,3153,0.06343165239454487,3153,0.5391690453536314,3153,1.9346653980336188,3153,1.014906438312718,3153,87.38553541394131,5351,3.8310596150252287,5351,6.017566809942067,5351,46.309101102597644,5351,31.657634087086524,5351,72.26686600635395,5351,95.42273501040287,5287,95.02553432948743,5287,82.91721419185282,3805,17.874030641195386,5287,3.7261206733497256,5287,9.906542056074766,4815,1.6587926,1143,2.06103,5.19802,3232.0,76.04790419161677,334,35.65891472868217,1677,43.899822,9.52248831775701,3424,27.849462365591396,3720,24.462365591397848,3720,5.32258064516129,3720,4.220430107526882,3720,38.145161290322584,3720,0.1314060446780552,3805,77.26675427069645,3805,0.0,3805,0.0,3805,0.0,3805,0.0,3805,0.0,3805,0.0,3805,0.0,3805,0.0,3805,2.3264611310762247,5287,1.8346888594666162,5287,2.156232267826745,5287,1.5131454511064877,5287,4.198978626820503,5287,76.19605545791838,5121,3.2220269478617456,5121,0.019527436047646944,5121,20.56239015817223,5121,79.43760984182776,5121,6.8493150684931505,219,22.110178384050368,70.31694433157253,4922,27.732629012596504,4922,59.81308411214953,4815,90.67796610169492,472,3.7261206733497256,5287,3.7593984962406015,931,47.2877358490566,1696,14.681603773584905,1696,22.05188679245283,1696,4.186320754716981,1696,1696,3.1173349056603774,92.1343537414966,7.8656462585034035,1.1479591836734695,2352,2352,2352
022001,59676,28628,27.41805751055701,59676,66.49239225149138,59676,6.089550237951605,59676,36.768550170922985,59676,9.543199946377102,59676,26.0,29.406746,108.45326254017046,31048,8.256250418928882,59676,28.686574167169383,59676,1.0473222065822105,59676,50.39314516129032,41.234879032258064,9.158266129032258,22.209998777655542,450.24766097963675,3.3274502882692083,42495,5.24907063197026,20175,92.76772394110398,15417,83.62466787861838,14302,76.09015188633023,2041,40.35957842529448,8065,4.436877946568885,38180,22.422734415924566,38180,51.85699319015191,38180,21.283394447354635,38180,73.14038763750655,38180,76.66317443687795,38180,3.6585688398555645,5.24907063197026,1.5905017921146953,20175,22320,-0.05607215009509048,21.253932336221645,21.310004486316735,18119,20061,-0.984530407050153,9.283900877531872,10.268431284582025,18119,20061,17.963224893917964,35350,63.57001414427157,35350,0.958981612446959,35350,7.663366336633663,35350,0.25176803394625175,35350,0.14992927864214992,35350,18.214992927864216,35350,82.69948670088661,81.40923938404106,42860,42860,35445,1.5601636337988434,78.24699238890253,77.03412717898355,20365,20365,58.141442715700144,35350,7.770862800565771,35350,30.46110325318246,35350,8.483392140993004,86.73038452989553,78.24699238890253,22495,20365,6.939179632248939,35350,2.1612446958981613,35350,57.584158415841586,35350,3.685997171145686,35350,3.983026874115983,35350,13.465346534653465,35350,3.6322489391796324,35350,4.644978783592645,35350,0.5572842998585573,35350,1.2135785007072135,35350,2.4158415841584158,35350,1.42008486562942,35350,83.01159595147128,59676,9.6705543266975,59676,14.16314766405255,59676,33.99356525236276,59676,50.87807493799853,59676,66.38849788859844,59676,99.28405802007346,59083,98.96586158455055,59083,65.30331311245916,42860,46.66147622835672,59083,0.5720765702486332,59083,14.794939883455042,54228,1.8178034,12492,2.4403493,9.11808,42827.0,88.24324324324324,3700,41.97181748466258,20864,43.608894,9.801204819277109,38180,25.080631674510833,41857,24.03898989416346,41857,4.512984685954559,41857,4.128341734954727,41857,42.239052010416415,41857,4.9790013999066725,42860,50.088660755949604,42860,0.08399440037330845,42860,0.011665888940737284,42860,0.7326178254783015,42860,0.011665888940737284,42860,0.018665422305179653,42860,0.006999533364442371,42860,0.0,42860,0.011665888940737284,42860,2.279843609837009,59083,1.3150990978792545,59083,1.8008564223211414,59083,1.1153800585616844,59083,4.221180373373051,59083,79.80641487948377,57959,4.872409806932486,57959,0.5572904984558049,57959,14.763884815127936,57959,85.23611518487206,57959,6.840891621829362,2602,21.101073579471066,80.33039009915322,55268,18.551422161105883,55268,41.5394261267242,54228,95.22142121524202,4855,4.478445576561786,59083,5.108832523835222,11118,47.20991610896409,21218,14.916580262041663,21218,26.420963333019134,21218,4.354793100197945,21218,21218,2.7845697049674802,95.94886215014387,4.051137849856133,1.2163222600052315,30584,30584,30584
022002,10585,4836,27.869626830420405,10585,64.97874350495985,10585,7.151629664619745,10585,36.646197449220594,10585,10.495984884270193,10585,27.0,30.181293,118.87923904052937,5749,7.482286254133207,10585,26.03684459140293,10585,1.067548417572036,10585,53.89648153533004,42.890375109043326,11.006106426286712,25.661016949152543,389.69616908850725,4.053875610722303,7573,6.214520466089035,3347,92.14605580434034,2903,98.69158878504673,2675,78.26086956521739,391,35.62753036437247,1235,4.881266490765172,6822,25.315156845499853,6822,52.99032541776605,6822,16.813251245968925,6822,69.80357666373497,6822,73.6294341835239,6822,3.871879671010947,6.214520466089035,2.342640795078088,3347,4226,-1.8004293604013277,15.794802564967938,17.595231925369266,2963,3859,-1.013038409188841,8.716166047924402,9.729204457113243,2963,3859,12.389380530973451,6554,72.71895025938358,6554,0.4729935916997254,6554,6.316753127860848,6554,0.12206286237412267,6554,0.16783643576441867,6554,12.511443393347575,6554,85.55833223727475,84.87439168749178,7603,7603,6505,0.7993850883935434,79.60154623847755,79.15551590841511,3363,3363,81.08025633201099,6554,3.0820872749465975,6554,13.67104058590174,6554,10.681472629446972,90.28301886792453,79.60154623847755,4240,3363,4.11962160512664,6554,1.0680500457735733,6554,80.5920048825145,6554,1.556301495270064,6554,1.4800122062862373,6554,6.011595971925542,6554,1.3274336283185841,6554,1.83094293561184,6554,0.4882514494964907,6554,0.7476350320415014,6554,1.5868172108635947,6554,0.8849557522123894,6554,89.31506849315069,10585,6.121870571563533,10585,10.50543221539915,10585,38.05384978743505,10585,49.59848842701937,10585,70.76051015588097,10585,99.47817836812145,10540,99.32637571157495,10540,68.77548336183085,7603,52.22011385199241,10540,0.4838709677419355,10540,12.847329026966062,9753,1.991728,2176,2.5830343,8.877617,7885.0,90.1840490797546,652,38.741573033707866,4450,43.13011,9.289211374963354,6822,23.26328470084326,7471,25.793066523892385,7471,4.028911792263418,7471,4.002141614241735,7471,42.9125953687592,7471,6.392213599894778,7603,48.95436012100487,7603,0.07891621728265158,7603,0.013152702880441932,7603,0.9075364987504932,7603,0.0,7603,0.0,7603,0.026305405760883863,7603,0.013152702880441932,7603,0.013152702880441932,7603,1.9449715370018976,10540,1.2049335863377608,10540,1.5464895635673623,10540,1.081593927893738,10540,3.8899430740037952,10540,87.97187981510015,10384,3.563174114021572,10384,0.3081664098613251,10384,8.15677966101695,10384,91.84322033898304,10384,9.787234042553191,470,20.326961770623743,79.07655165476311,9941,20.078462931294638,9941,40.97200861273454,9753,96.56925031766201,787,3.187855787476281,10540,6.565895134624468,2117,42.08895773401195,4519,14.649258685549901,4519,38.150033193184335,4519,6.041159548572693,4519,4519,2.332374419119274,95.98290598290598,4.017094017094024,0.717948717948718,5850,5850,5850
030101,665505,346132,23.726192891112763,665505,67.50617951780978,665505,8.767627591077453,665505,32.57766658402266,665505,12.334993726568547,665505,29.0,31.975111,92.26913431869923,319373,6.390335159014583,665505,27.321958512708395,665505,1.944838881751452,665505,48.134586661977444,35.14669776987337,12.987888892104074,36.953368925705675,270.61132153078887,2.177781931488953,502897,3.476947470064211,266153,96.96474948939711,158636,76.59032251773165,153821,88.51419367827663,19868,67.4840122543595,85847,2.5541417061684144,455887,11.974897288143772,455887,35.942678777855036,455887,49.528282227832776,455887,85.47096100568781,455887,87.4530311239408,455887,2.7597170439499275,3.476947470064211,0.7172304261142838,266153,236744,-0.5992878288524395,49.247880089537105,49.847167918389545,242581,213306,-0.8432273806106245,11.934533207464723,12.777760588075347,242581,213306,42.53084901529103,333398,42.72281177451574,333398,2.4778193030552074,333398,5.7456853370446135,333398,0.9460164728042759,333398,0.04229179539169401,333398,43.47686548809531,333398,68.17689573647716,65.73592180632467,504184,504184,343737,3.5803535842810055,61.76763665787581,59.493376888036444,266944,266944,5.0504202184776155,333398,19.085597394105545,333398,70.21427842998459,333398,13.620999322565936,75.38863598044175,61.76763665787581,237240,266944,26.387080906304178,333398,6.086419234668474,333398,4.814965896616057,333398,11.110144631941404,333398,7.582528989376061,333398,25.03734275550543,333398,6.959849789140907,333398,7.878571557117919,333398,0.23545432186155885,333398,3.0582067078986674,333398,5.8503650291843385,333398,5.632607274188808,333398,63.147985364497636,665505,25.83526795441056,665505,34.44226564789145,665505,19.27378456961255,665505,55.066152771203825,665505,63.39291214942037,665505,99.13628364608341,661444,98.8845616560132,661444,27.81544039477651,504184,36.74914278457435,661444,2.19625546531528,661444,9.182740756052816,619216,1.4098712,168287,1.9616259,7.908702,496921.0,96.8678524338724,37163,42.42841787765577,211191,46.41111,12.329072774613007,455887,32.33977162390968,498476,12.963111564047216,498476,6.900031295388343,498476,4.3809531451865285,498476,43.41613237146824,498476,19.55893086650905,504184,5.268314742236961,504184,0.09619503990606604,504184,0.026974279231391715,504184,0.17672119702330896,504184,0.009123653269441315,504184,0.023007473462069404,504184,0.0033717849039239644,504184,0.009321993557907431,504184,0.015073861923424782,504184,3.099733310756466,661444,1.2896027479272623,661444,2.199279152883691,661444,0.949891449616294,661444,5.443393545031779,661444,58.73220212090917,657171,19.627007278166566,657171,2.0174353402691234,657171,19.623355260655142,657171,80.37664473934485,657171,3.5524038950904218,29473,22.783486777538172,84.6852404179412,628988,14.186916125585862,628988,38.12643730136172,619216,97.65558397271953,42228,1.8765005049558239,661444,3.4264057545053754,116361,43.28466159127947,212923,21.35842534625193,212923,22.4386280486373,212923,4.57912015141624,212923,212923,3.1064938968547313,92.5199850235485,7.4800149764515,0.0,304478,304478,304478
030201,23123,11610,27.954850149202095,23123,61.12096181291355,23123,10.924188037884358,23123,37.36539376378498,23123,15.426199022618173,23123,28.0,32.38948,99.16451335055986,11513,7.494702244518445,23123,23.755568049128573,23123,1.9331401634735976,23123,63.60999080166985,45.736927757730136,17.873063043939716,39.0779702970297,255.89865399841648,9.941053665725162,16286,14.396604002425713,8245,92.66083697688944,6404,98.38220424671385,5934,85.80481622306718,789,45.84717607973422,2408,9.761120263591433,14568,38.255079626578805,14568,31.26029654036244,14568,20.723503569467326,14568,51.983800109829765,14568,57.35172981878089,14568,9.024137891245513,14.396604002425713,5.372466111180201,8245,8041,1.771414146204748,21.599239750203637,19.82782560399889,7366,7202,-0.8017558250593044,7.574667390714092,8.376423215773396,7366,7202,19.97626582278481,12640,54.92879746835443,12640,1.1075949367088607,12640,11.495253164556962,12640,1.1629746835443038,12640,0.08702531645569621,12640,21.139240506329113,12640,76.65835714720009,75.53961208731076,16447,16447,12608,1.4593908629441625,68.8827553102124,67.92271690867635,8333,8333,52.587025316455694,12640,11.693037974683545,12640,30.553797468354432,12640,15.761070176600512,84.64382548681291,68.8827553102124,8114,8333,9.169303797468354,12640,4.018987341772152,12640,52.515822784810126,12640,5.0474683544303796,12640,6.5664556962025316,12640,11.598101265822784,12640,2.4604430379746836,12640,4.311708860759493,12640,0.07120253164556962,12640,0.7832278481012658,12640,4.295886075949367,12640,1.8354430379746836,12640,82.75310297106776,23123,12.662716775504908,23123,19.417895601781776,23123,34.372702504000344,23123,56.86978333261255,23123,69.51952601306058,23123,99.44879478542369,22859,99.21693862373682,22859,75.21736486897306,16447,16.10306662583665,22859,0.8224331773043441,22859,8.562647754137116,21150,2.205341,4456,3.3540487,13.499683,25208.0,90.09752438109527,1333,36.52618135376756,7047,50.39478,7.9710323997803405,14568,32.162799354758654,16118,21.86375480828887,16118,3.7163419779128923,16118,6.24767340861149,16118,36.00943045042809,16118,66.63829269775643,16447,0.41344926126345233,16447,0.030400680975253846,16447,0.006080136195050769,16447,0.13376299629111693,16447,0.0,16447,0.0,16447,0.0,16447,0.0,16447,0.0,16447,4.519007830613763,22859,2.7210289164005426,22859,4.37026991556936,22859,2.3448094842294065,22859,8.639923006255742,22859,81.45952211126962,22432,7.498216833095578,22432,0.610734664764622,22432,10.431526390870186,22432,89.56847360912981,22432,9.389243391066545,1097,20.814866204162538,34.75338401631745,21572,63.503615798257,21572,65.177304964539,21150,97.36688121708602,1709,3.385974889540225,22859,7.170984455958549,4825,46.036414565826334,7140,27.100840336134453,7140,24.2296918767507,7140,8.781512605042018,7140,7140,3.2015406162464988,96.45145863223338,3.5485413677666173,0.899091343854615,10455,10455,10455
030202,6475,2971,22.486486486486488,6475,68.50965250965251,6475,9.003861003861005,6475,30.20849420849421,6475,13.745173745173744,6475,31.0,33.56139,117.94008751262201,3504,6.579150579150579,6475,24.324324324324323,6475,2.023166023166023,6475,45.964833183047794,32.82236248872859,13.142470694319206,40.04120879120879,249.7427101200686,5.05844417573559,4962,7.511111111111111,2250,94.96855345911949,1431,98.23399558498896,1359,81.86046511627907,215,36.90807799442897,718,5.078039129479007,4549,26.40140690261596,4549,46.18597493954715,4549,22.33457902835788,4549,68.52055396790503,4549,72.03781050780391,4549,4.487512291052115,7.511111111111111,3.023598820058997,2250,2712,2.5505586238469533,23.722275795564126,21.171717171717173,2074,2475,-0.10183454603898312,9.48119575699132,9.583030303030304,2074,2475,16.41393987762703,3759,53.17903697791966,3759,0.5586592178770949,3759,17.584463953179036,3759,1.1439212556530993,3759,0.0,3759,17.557861133280127,3759,76.27186808767344,74.88437562839333,4973,4973,3793,1.8191405220142367,67.33156028368795,66.1790780141844,2256,2256,68.7682894386805,3759,7.368981111997872,3759,20.43096568236233,3759,16.363691832616794,83.69525211630474,67.33156028368795,2717,2256,8.619313647246608,3759,2.633679169992019,3759,68.7682894386805,3759,3.6445863261505718,3759,3.6711891460494814,3759,6.358073955839319,3759,1.7025804735301941,3759,2.075019952114924,3759,0.0,3759,0.6118648576749135,3759,3.378558127161479,3759,2.341048151104017,3759,92.92664092664093,6475,7.5675675675675675,6475,14.332046332046332,6475,32.57142857142857,6475,51.1042471042471,6475,77.74517374517374,6475,99.36186770428016,6425,99.19066147859922,6425,14.960788256585563,4973,19.003891050583658,6425,0.7159533073929961,6425,10.15,6000,1.5149425,1305,2.4714286,9.552413,5161.0,92.94871794871794,312,32.9890992541595,1743,50.701664,9.536601450868323,4549,25.116941224323774,4917,21.639210900955867,4917,6.324994915598943,4917,4.96237543217409,4917,41.956477526947324,4917,12.507540719887391,4973,0.18097727729740598,4973,0.040217172732756885,4973,0.020108586366378443,4973,0.020108586366378443,4973,0.0,4973,0.0,4973,0.0,4973,0.0,4973,0.0,4973,3.3463035019455254,6425,2.1478599221789882,6425,2.894941634241245,6425,1.6964980544747081,6425,5.945525291828794,6425,81.73320659062104,6312,6.432192648922687,6312,0.491128010139417,6312,11.343472750316856,6312,88.65652724968314,6312,8.071748878923767,223,21.55564451561249,95.04091653027824,6110,3.9770867430441896,6110,7.85,6000,98.3529411764706,425,4.762645914396887,6425,4.265873015873016,1008,45.366685616827745,1759,24.95736213757817,1759,15.80443433769187,1759,4.150085275724844,1759,1759,3.6526435474701535,96.62337662337663,3.376623376623371,0.8534322820037106,2695,2695,2695
030203,6700,3278,27.059701492537314,6700,66.44776119402985,6700,6.492537313432836,6700,35.52238805970149,6700,10.552238805970148,6700,27.0,30.449104,104.39292251372788,3422,8.537313432835822,6700,26.313432835820894,6700,1.2388059701492538,6700,50.494159928122194,40.723270440251575,9.77088948787062,23.99338113623828,416.7816091954023,7.003729796933278,4826,10.210970464135022,2370,91.1032028469751,1686,97.91666666666667,1536,88.59649122807018,228,28.767123287671232,803,7.107175295186194,4404,37.60217983651226,4404,39.19164396003633,4404,16.099000908265214,4404,55.29064486830154,4404,62.44323342415986,4404,6.302175675861406,10.210970464135022,3.9087947882736156,2370,2456,2.016967787947225,17.13221601489758,15.115248226950355,2148,2256,-0.4706282935140056,7.854283054003725,8.32491134751773,2148,2256,20.59953881629516,3903,58.2116320778888,3903,1.819113502434025,3903,8.83935434281322,3903,1.2554445298488341,3903,0.23059185242121444,3903,21.854983346143992,3903,81.08108108108108,79.43057561378173,4847,4847,3930,2.035623409669211,71.87894073139975,70.40773434216057,2379,2379,64.9500384319754,3903,7.481424545221625,3903,23.26415577760697,3903,18.07243690231175,89.9513776337115,71.87894073139975,2468,2379,6.943376889572124,3903,2.7671022290545735,3903,64.89879579810402,3903,2.7927235459902637,3903,4.688700999231361,3903,8.608762490392007,3903,2.536510376633359,3903,2.3059185242121445,3903,0.05124263387138099,3903,1.1017166282346913,3903,2.9720727645400973,3903,1.7422495516269536,3903,91.70149253731343,6700,7.686567164179104,6700,18.507462686567163,6700,22.71641791044776,6700,52.67164179104478,6700,69.82089552238806,6700,99.26360084159904,6654,99.11331529906823,6654,61.62574788528987,4847,37.33092876465284,6654,0.7063420498948001,6654,10.384488991127178,6086,1.9365188,1465,2.9268954,10.563814,6456.0,94.73684210526316,456,31.934976402726797,1907,47.39486,8.095367847411444,4404,26.95852534562212,4774,26.874738165060744,4774,3.9589442815249267,4774,4.294093003770423,4774,37.91369920402178,4774,55.64266556632969,4847,0.3301010934598721,4847,0.04126263668248401,4847,0.020631318341242006,4847,0.04126263668248401,4847,0.0,4847,0.0,4847,0.020631318341242006,4847,0.0,4847,0.0,4847,2.900510970844605,6654,1.427712654042681,6654,2.539825668770664,6654,1.2924556657649535,6654,5.365193868349865,6654,81.25857077555996,6563,4.35776321804053,6563,0.5180557671796434,6563,13.865610239219869,6563,86.13438976078014,6563,12.88135593220339,295,20.340292275574114,58.833010960670535,6204,40.19987105093488,6204,65.13309234308248,6086,94.71830985915493,568,3.4565674782085964,6654,8.423686405337781,1199,49.94802494802495,1924,18.3991683991684,1924,19.906444906444907,1924,4.833679833679834,1924,1924,3.4584199584199586,95.46800947867298,4.5319905213270175,1.8364928909952607,3376,3376,3376
030301,21815,10264,29.906027962411184,21815,58.25349530139812,21815,11.840476736190695,21815,38.299335319734126,21815,15.979830391932158,21815,28.0,32.47683,112.53897116134061,11551,8.764611505844602,21815,21.897776759110705,21815,2.9979371991748796,21815,71.66351904312245,51.33774000629525,20.325779036827196,39.592274678111586,252.57452574525746,16.935806752969437,14986,27.134587554269174,6910,91.30998702983139,6168,98.41974431818181,5632,77.94486215538848,798,28.008192524321558,1953,18.041503581714792,13541,43.09135218964626,13541,31.164611180858135,13541,7.702533047780814,13541,38.86714422863895,13541,42.94365261059006,13541,18.92507789602252,27.134587554269174,8.209509658246656,6910,8076,1.0401924054097726,8.264994372085544,7.224801966675772,6219,7322,-1.7283529529630028,4.9573886476925555,6.685741600655558,6219,7322,7.4576271186440675,12390,63.71267150928168,12390,0.6537530266343826,12390,9.515738498789347,12390,0.4358353510895884,12390,4.745762711864407,12390,7.893462469733656,12390,80.835639910373,80.32160274153156,15174,15174,12266,0.6359041252241969,70.6066647678724,70.12247223013387,7022,7022,79.95964487489911,12390,3.8498789346246975,12390,11.791767554479419,12390,19.040047695326805,89.64671246319921,70.6066647678724,8152,7022,2.711864406779661,12390,2.58272800645682,12390,69.66101694915254,12390,1.824051654560129,12390,1.95318805488297,12390,5.012106537530267,12390,1.29136400322841,12390,1.7029862792574657,12390,10.298627925746569,12390,0.4035512510088781,12390,1.3155770782889427,12390,0.7263922518159807,12390,77.87302314920926,21815,16.31446252578501,21815,13.765757506303002,21815,23.960577584231032,21815,36.11276644510658,21815,74.29750171900069,21815,99.48791289905887,21676,99.12345451190257,21676,90.24647423223935,15174,14.670603432367596,21676,0.2445100572061266,21676,9.33690759192757,19771,2.7534056,3597,3.9799404,16.110207,25189.0,77.83050847457628,1475,29.84718242597899,8376,48.797993,5.89195775792039,13541,50.0669612963707,14934,14.20918708986206,14934,2.0891924467657694,14934,5.430561135663586,14934,28.204098031337885,14934,80.50612890470542,15174,2.0825095558191644,15174,0.026360880453407145,15174,0.0,15174,0.026360880453407145,15174,0.0,15174,0.0,15174,0.0,15174,0.0,15174,0.0,15174,3.100202989481454,21676,1.8638125115334934,21676,2.9987082487543826,21676,2.4773943532016975,21676,6.597158147259642,21676,76.59815198943994,21212,12.43164246652838,21212,0.5232887045068829,21212,10.446916839524798,21212,89.5530831604752,21212,15.331807780320366,874,20.681957857769973,18.248934694282035,20182,80.23486274898424,20182,67.66981943250215,19771,96.27296587926509,1905,5.406901642369441,21676,7.144441979143554,4507,38.27671913835957,8449,24.559119422416853,8449,38.53710498283821,8449,11.0900698307492,8449,8449,2.5655107113267843,97.37236487161555,2.627635128384455,0.5694874612848436,10009,10009,10009
030302,14720,7168,28.45108695652174,14720,60.067934782608695,14720,11.480978260869565,14720,36.85461956521739,14720,15.978260869565217,14720,28.0,32.6822,105.35714285714286,7552,7.860054347826087,14720,22.96195652173913,14720,2.751358695652174,14720,66.47817235919476,47.364849581542636,19.113322777652115,40.35339063992359,247.81065088757396,14.420940790109148,10353,21.83293745051465,5052,90.06655163914222,4057,97.83798576902025,3654,66.47727272727273,528,27.723463687150836,1432,17.492276552679236,9387,48.2475764354959,9387,28.571428571428573,9387,5.6887184403962925,9387,34.26014701182486,9387,40.02343666773197,9387,14.475835017011537,21.83293745051465,7.357102433503113,5052,5301,-0.34393812630392606,5.511638120333773,5.855576246637699,4554,4833,-1.6746310976332834,4.654150197628459,6.328781295261742,4554,4833,6.646384273344254,8546,69.47109758951557,8546,0.33934004212497076,8546,10.589749590451673,8546,0.32763866136204073,8546,0.0936110461034402,8546,6.974022934706295,8546,81.08573066997992,80.3975915129504,10463,10463,8484,0.8486562942008486,72.24609375,71.62109375,5120,5120,82.43622747484203,8546,3.9550666978703486,8546,9.911069506201732,8546,17.310335222487367,89.55642897248737,72.24609375,5343,5120,1.8605195413058742,8546,1.8488181605429441,8546,82.38942195179031,8546,1.825415399017084,8546,2.1296512988532648,8546,3.627428036508308,8546,2.890241048443716,8546,0.889304937982682,8546,0.0468055230517201,8546,0.5616662766206413,8546,0.5382635150947812,8546,0.43295108822841094,8546,82.66983695652173,14720,5.822010869565218,14720,14.83695652173913,14720,24.17798913043478,14720,43.58695652173913,14720,71.1413043478261,14720,99.61025641025641,14625,99.40512820512821,14625,90.1366720825767,10463,9.647863247863247,14625,0.23247863247863249,14625,6.112306208738224,13481,2.5656974,2717,3.6235468,16.554314,17059.0,78.30923248053392,899,33.91407642051079,5051,50.19798,5.516352402258443,9387,45.70653227369645,10318,14.595851909284745,10318,2.1225043613103316,10318,5.408024811009886,10318,32.167086644698585,10318,80.32113160661378,10463,0.17203478925738316,10463,0.0,10463,0.0,10463,0.04778744146038421,10463,0.0,10463,0.0,10463,0.0,10463,0.0,10463,0.0,10463,1.9076923076923078,14625,1.4974358974358974,14625,2.2905982905982905,14625,1.5863247863247862,14625,4.601709401709401,14625,88.10377557477325,14223,1.7999015678830064,14223,0.2179568304858328,14223,9.878366026857906,14223,90.1216339731421,14223,13.374805598755833,643,20.61904761904762,11.804089949785315,13741,86.69674696164762,13741,72.29434018247905,13481,97.81468531468532,1144,5.121367521367521,14625,6.7558528428093645,2990,42.08357857563273,5097,26.760839709633117,5097,30.331567588777713,5097,9.024916617618207,5097,5097,2.8693349028840496,95.47447320039598,4.525526799604023,0.6505444774430773,7071,7071,7071
030303,19608,8937,31.543247654018767,19608,61.64830681354549,19608,6.808445532435741,19608,40.96797225622195,19608,9.827621379028967,19608,24.0,28.65407,119.40248405505203,10671,10.02141982864137,19608,26.769685842513258,19608,1.4687882496940023,19608,62.210456651224355,51.166446062210454,11.044010589013897,21.584478577202912,463.2958801498127,8.155429273537091,13022,14.533773224518146,5759,86.72341967034957,5521,97.63993316624895,4788,65.87743732590529,718,19.9479618386817,2306,8.617269041663073,11593,51.160182868972655,11593,35.52143534891745,11593,4.701112740446821,11593,40.222548089364274,11593,46.58845855257483,11593,11.435879792052223,14.533773224518146,3.097893432465923,5759,7263,-0.5036236494161939,4.418695993715632,4.922319643131826,5092,6501,-1.7164901695587833,5.206598586017282,6.923088755576066,5092,6501,5.323600106828096,11233,72.63420279533517,11233,0.32938662868334373,11233,8.661978100240363,11233,0.6053592094720912,11233,0.2314608742099172,11233,5.928959316300187,11233,84.48249734808304,83.60357629943931,13198,13198,11150,1.0403587443946187,75.39275956284153,74.6584699453552,5856,5856,84.322976942936,11233,3.311670969464969,11233,7.949790794979079,11233,16.339738394118427,91.73249795695996,75.39275956284153,7342,5856,1.6202261194694205,11233,1.2552301255230125,11233,83.67310602688507,11233,1.709249532627081,11233,1.5935190955221223,11233,2.893260927623965,11233,2.1187572331523192,11233,0.5608475028932609,11233,0.6498709160509214,11233,0.2848749221045135,11233,0.6854802813139855,11233,0.38280067657794,11233,79.91126070991432,19608,4.2329661362709095,19608,8.017135862913097,19608,24.184006527947776,19608,26.42798857609139,19608,61.95430436556507,19608,99.33661570355014,19295,99.01528893495724,19295,87.9754508258827,13198,21.544441565172324,19295,0.24876911116869654,19295,10.918614020950846,17374,2.767115,3345,3.5815074,13.81222,17680.0,74.55902306648575,1474,29.748716563091058,7402,43.237232,6.169153799706719,11593,43.83614983256756,12841,18.113854061210187,12841,2.297328868468188,12841,3.94829063157075,12841,31.804376606183318,12841,64.88104258220943,13198,8.948325503864222,13198,0.0,13198,0.0,13198,0.04546143355053796,13198,0.0,13198,0.0,13198,0.03788452795878163,13198,0.0,13198,0.0,13198,1.7154703291008033,19295,1.1298263798911634,19295,1.876133713397253,19295,1.53925887535631,19295,3.9854884685151593,19295,87.66597344424892,18753,1.1624806697595051,18753,0.1759718445048792,18753,10.995574041486696,18753,89.00442595851331,18753,20.61611374407583,844,20.595417714445375,16.23815967523681,17736,81.59111411817771,17736,81.05214688615172,17374,96.3560645497137,1921,5.063487950246178,19295,9.578163771712159,4030,40.758103402089475,7466,14.438789177605143,7466,38.682025180819714,7466,5.5451379587463165,7466,7466,2.584382534154835,97.332493173703,2.667506826297,0.17853392144507457,9522,9522,9522
030401,11273,5656,25.006653064845207,11273,63.5766876607824,11273,11.416659274372394,11273,34.42739288565599,11273,15.293178390845382,11273,27.0,32.40859,99.31046676096182,5617,7.229663798456489,11273,28.279960968686243,11273,2.9450900381442384,11273,57.290358587972655,39.333054276545276,17.957304311427375,45.65448740688187,219.03651903651902,6.837606837606837,8307,11.092396535129932,4156,94.6843853820598,2709,98.32358674463937,2565,88.98071625344353,363,56.63562281722934,1718,7.26643598615917,7514,31.28826191109928,7514,33.35107798775619,7514,28.094224114985362,7514,61.44530210274155,7514,65.26483896726111,7514,8.514704412749783,11.092396535129932,2.5776921223801494,4156,4151,-2.6281141809368016,26.78996036988111,29.418074550817913,3785,3729,-1.5328442536681877,8.321003963011888,9.853848216680076,3785,3729,25.818364948799733,5957,52.71109618935706,5957,1.2422360248447204,5957,9.535000839348665,5957,0.9736444519053215,5957,0.08393486654356219,5957,26.79200940070505,5957,72.01194029850747,70.43582089552238,8375,8375,6031,2.1886917592439064,65.4679685639438,63.943796141938556,4199,4199,42.353533657881485,5957,17.945274467013597,5957,33.52358569749874,5957,13.123985459044704,78.5919540229885,65.4679685639438,4176,4199,12.472721168373342,5957,3.676347154608024,5957,42.26959879133792,5957,9.467852946113815,5957,8.427060600973645,5957,9.29998321302669,5957,3.5084774215208996,5957,5.220748699009569,5957,0.08393486654356219,5957,1.6619103575625316,5957,5.187174752392144,5957,2.031223770354205,5957,81.36254768029806,11273,14.920606759513882,11273,27.934001596735563,11273,23.20589018007629,11273,50.19959194535616,11273,67.55078506165174,11273,99.23021840315073,11172,99.03329752953813,11172,67.46268656716418,8375,37.83566058002148,11172,1.602219835302542,11172,17.28895320791124,10365,1.8573254,2348,2.8116314,14.40866,10806.0,92.81437125748504,668,42.26443389152712,4001,48.55036,9.081714133617249,7514,36.74830261881668,8248,11.129970902036858,8248,3.7463627546071776,8248,6.365179437439379,8248,42.010184287099904,8248,56.8,8375,1.8985074626865672,8375,0.05970149253731343,8375,0.011940298507462687,8375,0.08358208955223881,8375,0.0,8375,0.0,8375,0.0,8375,0.0,8375,0.0,8375,2.9896168993913355,11172,1.9244539921231651,11172,3.0343716433942,11172,1.5664160401002507,11172,6.211958467597565,11172,75.49867929683943,10979,9.217597231077512,10979,4.198925220876219,10979,11.08479825120685,10979,88.91520174879315,10979,8.979591836734693,490,21.53316645807259,47.340980187695514,10549,51.50251208645369,10549,66.16497829232996,10365,97.89343246592317,807,4.323308270676692,11172,5.806783144912641,1946,37.5,4032,26.240079365079364,4032,36.160714285714285,4032,11.011904761904763,4032,4032,2.7708333333333335,86.33684210526316,13.663157894736841,5.326315789473684,4750,4750,4750
030402,7335,3732,25.88957055214724,7335,59.12747102931152,7335,14.98295841854124,7335,34.192229038854805,7335,19.713701431492844,7335,32.0,35.286163,96.54340836012862,3603,6.380368098159509,7335,20.9134287661895,7335,2.9720518064076344,7335,69.12612404888172,43.78602720774729,25.340096841134425,57.872564507635595,172.79344858962693,13.309284222517562,5267,19.457013574660632,2652,90.95213045765387,1901,96.99248120300751,1729,85.9090909090909,220,40.476190476190474,588,14.35070306038048,4836,44.416873449131515,4836,30.231596360628618,4836,11.000827129859388,4836,41.23242349048801,4836,45.86435070306038,4836,12.382443784985679,19.457013574660632,7.074569789674952,2652,2615,-1.1935917818270756,10.407239819004525,11.6008316008316,2431,2405,-1.7031118325235974,5.576306046894282,7.279417879417879,2431,2405,13.915416098226467,4398,56.957708049113236,4398,0.5684402000909504,4398,10.459299681673487,4398,0.45475216007276037,4398,0.22737608003638018,4398,14.370168258299227,4398,81.58334881992195,80.59840178405501,5381,5381,4390,1.2072892938496582,74.81617647058823,74.08088235294117,2720,2720,68.80400181900865,4398,8.208276489313324,4398,17.41700773078672,4398,13.68438722726971,88.50056369785794,74.81617647058823,2661,2720,4.251932696680309,4398,2.501136880400182,4398,68.75852660300137,4398,2.478399272396544,4398,5.684402000909504,4398,5.684402000909504,4398,3.2514779445202366,4398,2.2055479763528876,4398,0.04547521600727603,4398,0.7730786721236926,4398,1.341518872214643,4398,1.455206912232833,4398,83.2583503749148,7335,9.925017041581459,7335,12.85616905248807,7335,31.915473755964552,7335,36.809815950920246,7335,67.60736196319019,7335,99.29829389102918,7268,99.0506329113924,7268,89.33283776249768,5381,15.864061640066042,7268,0.5365987892129884,7268,9.963262307127112,6805,2.3831851,1237,3.6515214,17.032778,8695.0,82.16216216216216,370,43.633633633633636,3330,50.024323,6.42328370554177,4836,40.582191780821915,5256,11.206240487062406,5256,3.519786910197869,5256,7.4961948249619486,5256,37.19558599695586,5256,79.91079724958186,5381,0.2415907823824568,5381,0.0,5381,0.0,5381,0.1486712506968965,5381,0.0,5381,0.0,5381,0.0,5381,0.0,5381,0.0,5381,4.6505228398459,7268,3.5635663181067696,7268,6.301596037424326,7268,3.1370390753990094,7268,9.96147495872317,7268,84.76821192052981,7097,3.6917007186134985,7097,0.46498520501620405,7097,11.075102155840495,7097,88.9248978441595,7097,9.935897435897436,312,21.07942238267148,17.81675848071905,6898,80.40011597564512,6898,67.62674504041146,6805,96.54427645788337,463,6.576774903687396,7268,7.880055788005579,1434,30.766944114149823,3364,27.43757431629013,3364,48.36504161712247,3364,15.130796670630202,3364,3364,2.160523186682521,87.50860289057123,12.491397109428775,6.8479008947006195,2906,2906,2906
030403,29375,15188,30.15148936170213,29375,62.52595744680851,29375,7.322553191489361,29375,38.84595744680851,29375,10.294468085106383,29375,26.0,28.984852,93.40927047669213,14187,8.823829787234043,29375,26.907234042553192,29375,1.4434042553191488,29375,59.9335765231121,48.22235531115588,11.711221211956225,24.285875578638365,411.7619711761971,5.987816353821009,20191,9.791061557200413,10673,95.51158301158301,8288,96.99343102577059,7916,85.32272325375774,1131,45.457071408724644,3599,6.65785560878903,18159,30.987389173412634,18159,42.854782752354204,18159,19.49997246544413,18159,62.354755217798335,18159,66.65565284431962,18159,8.068010496053112,9.791061557200413,1.7230510611472998,10673,9518,-1.8143235308275933,18.647413255765635,20.461736786593228,9626,8533,-1.6978733813742117,7.922189902347808,9.62006328372202,9626,8533,33.575392203877506,14597,49.02377200794684,14597,1.9935603206138248,14597,6.706857573474002,14597,1.308488045488799,14597,0.10276084126875386,14597,34.88388024936631,14597,73.00930713547052,71.11833357955385,20307,20307,14826,2.5900445163901256,63.55000931272118,61.836468616129636,10738,10738,20.353497293964512,14597,27.587860519284785,14597,47.83859697198054,14597,20.074193843303483,83.62420315602466,63.55000931272118,9569,10738,9.036103308899088,14597,6.391724326916489,14597,20.113721997670755,14597,9.296430773446598,14597,18.092758786051927,14597,19.46975405905323,14597,7.1658559978077685,14597,7.357676234842776,14597,0.239775296293759,14597,1.0961156402000412,14597,2.3566486264300885,14597,2.219634171405083,14597,81.01787234042553,29375,12.398297872340425,29375,22.941276595744682,29375,26.58382978723404,29375,56.64,29375,70.49191489361702,29375,99.30615189090784,29113,99.02792566894514,29113,61.20057123159501,20307,66.07701027032597,29113,1.4392195926218527,29113,29.535864978902953,26544,2.0020115,6960,2.5893247,10.963011,26033.0,92.71378708551484,2292,45.230339692880406,10745,42.9839,8.720028635938103,18159,32.57791785482015,19989,20.211116113862623,19989,4.65255890739907,19989,4.362399319625794,19989,38.196007804292364,19989,48.9831092726646,20307,4.569852760131974,20307,0.05416851332052987,20307,0.004924410301866351,20307,0.14773230905599055,20307,0.0,20307,0.004924410301866351,20307,0.004924410301866351,20307,0.0,20307,0.009848820603732702,20307,2.304812283172466,29113,1.2125167450966923,29113,2.1845910761515475,29113,1.1403840208841411,29113,4.7607597980283725,29113,80.59363908413947,28738,5.9294314148514164,28738,0.6889832277820308,28738,12.787946273227085,28738,87.21205372677291,28738,8.719135802469136,1296,21.14937697042486,54.48878725287695,27112,44.386249631159636,27112,63.569921639541896,26544,97.19735305566368,2569,6.821694775529832,29113,4.301989457575242,5881,43.35419734904271,10864,16.181885125184095,10864,34.72017673048601,10864,6.222385861561119,10864,10864,2.6797680412371134,65.32318755748808,34.67681244251192,22.911614683501966,11959,11959,11959
030404,4987,2471,25.245638660517344,4987,63.043914176859836,4987,11.710447162622819,4987,33.948265490274714,4987,15.941447764186886,4987,30.0,33.54562,101.8211250505868,2516,6.2362141568077,4987,23.781832765189492,4987,1.8849007419290154,4987,58.61959287531807,40.04452926208651,18.575063613231553,46.38602065131057,215.58219178082192,10.070767555797495,3674,16.866812227074234,1832,91.21835443037975,1264,97.74501300954033,1153,83.33333333333333,144,31.80952380952381,525,10.436090225563909,3325,38.58646616541353,3325,42.07518796992481,3325,8.902255639097744,3325,50.97744360902256,3325,55.8796992481203,3325,13.55519442034242,16.866812227074234,3.3116178067318134,1832,1842,-1.2166440524649484,8.298507462686567,9.515151515151516,1675,1650,-2.100262324739937,6.217313432835821,8.317575757575758,1675,1650,11.932555123216602,3084,60.76523994811932,3084,1.0051880674448768,3084,11.121919584954604,3084,0.648508430609598,3084,0.0,3084,12.5810635538262,3084,83.55351846858991,82.20544621191696,3709,3709,3099,1.6134236850596966,78.57528332433891,77.38801942795467,1853,1853,67.12062256809338,3084,11.413748378728924,3084,16.861219195849547,3084,9.948423572212818,88.52370689655173,78.57528332433891,1856,1853,3.372243839169909,3084,2.788586251621271,3084,67.12062256809338,3084,4.345006485084306,3084,7.036316472114137,3084,6.09597924773022,3084,3.6316472114137484,3084,1.8482490272373542,3084,0.0,3084,0.5512321660181583,3084,1.3294422827496757,3084,0.8754863813229572,3084,90.03408863043914,4987,6.316422699017445,4987,10.72789252055344,4987,20.232604772408262,4987,33.848004812512535,4987,64.98897132544616,4987,99.45553539019964,4959,99.19338576325872,4959,88.11000269614452,3709,10.68763863682194,4959,0.3629764065335753,4959,4.513217279174726,4653,2.4300578,865,3.6328125,14.43243,5550.0,86.51685393258427,267,41.88822571893652,1843,50.298428,7.259548872180451,3325,38.09128630705394,3615,13.22268326417704,3615,2.7662517289073305,3615,6.749654218533887,3615,39.170124481327804,3615,77.54111620382852,3709,0.18873011593421407,3709,0.026961445133459154,3709,0.0,3709,0.05392289026691831,3709,0.0,3709,0.0,3709,0.0,3709,0.0,3709,0.0,3709,2.742488404920347,4959,2.540834845735027,4959,3.9120790481952006,4959,2.2988505747126435,4959,6.190764266989312,4959,86.0061919504644,4845,2.868937048503612,4845,0.14447884416924664,4845,10.980392156862745,4845,89.01960784313725,4845,10.344827586206897,203,21.53932584269663,16.906474820143885,4726,81.29496402877697,4726,69.13819041478617,4653,97.05882352941177,306,2.641661625327687,4959,6.434599156118144,948,35.294117647058826,1853,27.30706961683756,1853,37.938478143550995,1853,13.599568267674043,1853,1853,2.6762007555315703,91.22085048010975,8.779149519890254,4.3895747599451305,2187,2187,2187
030501,11183,5791,23.94706250558884,11183,62.13896092282929,11183,13.913976571581866,11183,31.860860234284182,11183,18.912635249932933,11183,31.0,34.87803,93.10999827318253,5392,6.536707502459089,11183,23.64302959849772,11183,3.058213359563623,11183,60.92963016261333,38.53791912505397,22.39171103755936,58.10306198655713,172.10796915167094,8.826335877862595,8384,14.061433447098976,4395,96.29770992366412,2620,97.4633372968688,2523,89.59537572254335,346,56.58105939004815,1246,9.304438100181677,7706,30.262133402543473,7706,31.46898520633273,7706,28.964443290942125,7706,60.43342849727485,7706,63.314300545029845,7706,11.003022817868592,14.061433447098976,3.0584106292303836,4395,3989,-2.938750806884986,27.57858546168959,30.517336268574574,4072,3634,-1.984429552588356,8.055746561886052,10.040176114474407,4072,3634,24.43734793187348,6576,55.26155717761557,6576,1.186131386861314,6576,9.975669099756692,6576,0.5170316301703163,6576,0.10644768856447688,6576,24.954379562043794,6576,78.23613086770982,77.06258890469417,8436,8436,6600,1.5,73.6735154662452,72.58974937909234,4429,4429,47.41484184914842,6576,15.374087591240876,6576,33.242092457420924,6576,9.605745826492509,83.27926129273771,73.6735154662452,4007,4429,13.169099756690997,6576,2.798053527980535,6576,47.33880778588808,6576,8.150851581508515,6576,7.162408759124087,6576,10.218978102189782,6576,4.121046228710462,6576,3.451946472019465,6576,0.07603406326034064,6576,1.1100973236009732,6576,7.116788321167883,6576,2.2354014598540144,6576,82.08888491460252,11183,16.310471251005993,11183,33.488330501654296,11183,27.86372172046857,11183,57.650004471072165,11183,74.37181436108379,11183,99.53144710758696,11098,99.30618129392684,11098,77.85680417259364,8436,32.32113894395386,11098,1.3966480446927374,11098,8.656256024677077,10374,1.7266754,2283,2.9209392,15.254932,12160.0,95.81320450885669,621,44.28333729498455,4207,50.703114,8.991565014274592,7706,41.08815757866923,8326,11.974537593081912,8326,3.002642325246217,8326,7.5066058131155415,8326,36.4280566898871,8326,72.94926505452821,8436,0.16595542911332384,8436,0.0474158368895211,8436,0.0,8436,0.02370791844476055,8436,0.0,8436,0.0,8436,0.0,8436,0.011853959222380275,8436,0.0,8436,2.856370517210308,11098,1.6939989187240945,11098,2.937466210127951,11098,1.4056586772391422,11098,5.838889890070283,11098,77.61982868598506,10974,10.75268817204301,10974,0.6287588846364134,10974,10.998724257335521,10974,89.00127574266448,10974,4.964539007092198,423,21.93118756936737,39.451716941756786,10542,59.35306393473724,10542,74.7734721418932,10374,97.37569060773481,724,3.874571994954046,11098,3.776595744680851,1880,36.35288552507095,4228,29.3519394512772,4228,35.714285714285715,4228,13.528855250709555,4228,4228,2.6248817407757805,78.70743317466129,21.29256682533871,4.558769681435372,5462,5462,5462
030502,8409,4295,24.105125460815792,8409,58.14008800095136,8409,17.754786538232846,8409,32.03710310381734,8409,22.9991675585682,8409,34.0,37.045784,95.78579743888243,4114,6.362230943037222,8409,21.679153288143656,8409,4.221667261267689,8409,71.99836367355287,41.46042135406014,30.53794231949274,73.65564874198323,135.76691225720026,18.123599103426194,6246,28.664596273291924,3220,95.2116935483871,1984,98.14716781365802,1889,85.52036199095022,221,45.79976985040276,869,18.396959751252375,5789,40.61150457764726,5789,29.193297633442736,5789,11.798238037657626,5789,40.991535671100365,5789,44.16997754361721,5789,21.757788606404944,28.664596273291924,6.906807666886979,3220,3026,-3.505290293768672,10.113107119095144,13.618397412863816,3006,2783,-2.4228567658072286,5.097804391217565,7.520661157024794,3006,2783,11.379310344827585,5510,63.03085299455535,5510,0.6715063520871143,5510,12.994555353901996,5510,0.3992740471869328,5510,0.0544464609800363,5510,11.778584392014519,5510,86.58035996210926,85.6804546889801,6334,6334,5484,1.039387308533917,82.17761557177616,81.32603406326034,3288,3288,71.16152450090745,5510,6.678765880217786,5510,18.003629764065337,5510,9.155280029011763,91.33289560078792,82.17761557177616,3046,3288,5.045372050816697,5510,2.6497277676951,5510,71.1070780399274,5510,2.577132486388385,5510,3.9927404718693285,5510,7.096188747731397,5510,2.3774954627949185,5510,2.3593466424682394,5510,0.0544464609800363,5510,0.7078039927404719,5510,2.9764065335753176,5510,0.7622504537205081,5510,85.13497443215603,8409,11.927696515638006,8409,18.789392317754785,8409,42.39505291949102,8409,51.77785705791414,8409,75.15756927101914,8409,99.56896551724138,8352,99.23371647509579,8352,92.67445532049258,6334,13.469827586206897,8352,0.33524904214559387,8352,8.224609874648248,7818,2.1966054,1414,3.8590715,20.430016,11581.0,87.58620689655173,435,43.35566722501396,3582,53.404522,6.26256693729487,5789,45.85537918871252,6237,12.441879108545775,6237,1.875901875901876,6237,8.112874779541446,6237,31.71396504729838,6237,89.37480265235239,6334,0.12630249447426586,6334,0.031575623618566466,6334,0.0,6334,0.031575623618566466,6334,0.0,6334,0.015787811809283233,6334,0.0,6334,0.0,6334,0.0,6334,3.2327586206896552,8352,2.7777777777777777,8352,4.585727969348659,8352,2.646072796934866,8352,8.010057471264368,8352,84.74451660335743,8161,4.435730915329004,8161,0.7352040191153045,8161,10.08454846219826,8161,89.91545153780174,8161,11.436950146627566,341,20.902379796017485,14.16477129138236,7914,84.40737932777357,7914,68.5597339473011,7818,96.81647940074906,534,5.507662835249042,8352,3.3692722371967654,1484,30.36750483558994,3619,33.185962973197014,3619,45.04006631666206,3619,17.02127659574468,3619,3619,2.307819839734733,88.43537414965986,11.564625850340136,3.518648838845883,4263,4263,4263
030601,10632,5073,34.50902934537246,10632,56.207674943566595,10632,9.283295711060948,10632,43.32204665161776,10632,12.697516930022573,10632,23.0,29.114372,109.58013010053223,5559,10.806997742663658,10632,24.369826937547028,10632,1.8058690744920993,10632,77.91164658634538,61.39558232931727,16.516064257028113,26.90106295993459,371.7325227963526,22.11725895936422,6669,32.48209280597945,3211,87.94282162834058,3218,97.91519434628975,2830,65.64551422319475,457,27.894736842105264,1140,27.37458193979933,5980,37.541806020066886,5980,28.99665551839465,5980,6.086956521739131,5980,35.08361204013378,5980,39.61538461538461,5980,19.98932241847222,32.48209280597945,12.49277038750723,3211,3458,-2.1315734755846174,4.979108635097493,7.11068211068211,2872,3108,-1.9077768576375824,4.261142061281337,6.168918918918919,2872,3108,8.947654410432893,5521,54.790798768339066,5521,0.7426190907444303,5521,16.283282014127874,5521,0.6701684477449737,5521,0.34414055424741896,5521,9.617822858177867,5521,79.61644631701293,78.5122766235653,6883,6883,5480,1.3868613138686132,72.9266826923077,72.17548076923077,3328,3328,80.36587574714726,5521,6.266980619452998,5521,9.599710197428003,5521,12.952360908254889,85.87904360056258,72.9266826923077,3555,3328,2.5357725049809816,5521,2.2821952544828834,5521,78.04745517116464,5521,1.883716717985872,5521,4.365151240717261,5521,3.00670168447745,5521,1.2135482702408984,5521,1.3222242347400832,5521,2.318420575982612,5521,0.579605143995653,5521,0.7969570729940229,5521,0.7245064299945662,5521,84.01993980436418,10632,7.04477050413845,10632,6.179458239277652,10632,30.370579382994734,10632,22.639202407825433,10632,58.94469525959368,10632,99.46768060836501,10520,99.21102661596959,10520,88.23187563562401,6883,9.866920152091256,10520,0.1520912547528517,10520,6.114188325521943,9388,2.6543806,1655,3.5213614,17.536533,9580.0,58.333333333333336,720,34.83116883116883,3850,45.963116,5.252675585284281,5980,44.74242424242424,6600,12.848484848484848,6600,2.015151515151515,6600,5.833333333333333,6600,34.56060606060606,6600,78.39604823478135,6883,0.34868516635188146,6883,0.0,6883,0.0,6883,0.0,6883,0.0,6883,0.0,6883,0.0,6883,0.0,6883,0.0,6883,2.167300380228137,10520,1.929657794676806,10520,2.6330798479087454,10520,1.891634980988593,10520,4.866920152091255,10520,86.57936195352501,10156,5.31705395825128,10156,0.2461599054745963,10156,7.857424182749114,10156,92.14257581725089,10156,19.18103448275862,464,20.854248733821045,8.935064935064934,9625,88.93506493506493,9625,61.90881976991905,9388,98.14487632508833,1132,3.887832699619772,10520,8.645787384208205,2267,44.80552712384851,3908,20.8546571136131,3908,35.13306038894575,3908,9.007164790174002,3908,3908,2.691914022517912,91.53570443893024,8.464295561069761,3.11552247036118,3627,3627,3627
030602,10750,5024,28.13953488372093,10750,59.72093023255814,10750,12.13953488372093,10750,36.85581395348837,10750,16.73488372093023,10750,28.0,32.867813,113.97292993630573,5726,7.618604651162791,10750,24.186046511627907,10750,2.3813953488372093,10750,67.44548286604362,47.1183800623053,20.327102803738317,43.14049586776859,231.8007662835249,17.63122476446837,7430,30.254588513913557,3378,90.79037800687286,2910,86.07115821347465,2642,71.42857142857143,357,33.686067019400355,1134,22.29459659511473,6755,43.87860843819393,6755,27.150259067357513,6755,6.676535899333826,6755,33.82679496669134,6755,37.67579570688379,6755,23.14698732931336,30.254588513913557,7.107601184600197,3378,4052,-2.3135397245239604,5.418559377027904,7.7320991015518645,3082,3673,-2.2746758754670644,4.113562621674237,6.388238497141302,3082,3673,8.404306604531577,6223,58.63731319299373,6223,0.6267073758637313,6223,17.515667684396593,6223,0.35352723766672023,6223,0.4499437570303712,6223,8.757833842198297,6223,81.9327731092437,80.40966386554622,7616,7616,6240,1.858974358974359,75.37227949599084,74.19816723940436,3492,3492,78.6758798007392,6223,8.098987626546682,6223,10.477261770850072,6223,12.115596352699754,87.48787584869059,75.37227949599084,4124,3492,2.089024586212438,6223,1.9443998071669613,6223,78.46697734211794,6223,3.2299533986823077,6223,4.83689538807649,6223,4.194118592318818,6223,1.976538646954845,6223,0.9963040334243933,6223,0.20890245862124376,6223,0.46601317692431304,6223,0.8034709946970915,6223,0.36959665756066207,6223,80.3906976744186,10750,5.823255813953488,10750,5.674418604651163,10750,25.11627906976744,10750,21.98139534883721,10750,58.89302325581395,10750,99.62249905624763,10596,99.45262363155908,10596,87.63130252100841,7616,13.27859569648924,10596,0.09437523593808984,10596,9.86734693877551,9800,2.3386176,1577,3.473882,17.62833,10052.0,70.44145873320538,521,34.25149700598802,4175,48.97509,5.350407105847521,6755,47.91948122129154,7402,8.71386111861659,7402,2.0940286409078626,7402,6.322615509321805,7402,34.9500135098622,7402,74.5798319327731,7616,0.5120798319327731,7616,0.0,7616,0.0,7616,0.013130252100840336,7616,0.0,7616,0.0,7616,0.0,7616,0.0,7616,0.0,7616,3.048320120800302,10596,2.340505851264628,10596,3.2087580218950547,10596,2.51038127595319,10596,6.370328425821064,10596,88.52681602172437,10311,2.8513238289205702,10311,0.2909514111143439,10311,8.330908738240714,10311,91.66909126175929,10311,11.643835616438356,438,21.858585858585858,9.824912456228114,9995,87.91395697848924,9995,69.07142857142857,9800,97.36180904522612,796,7.351830879577199,10596,7.357075913776945,2134,37.993342843556825,4206,25.606276747503568,4206,38.18354731336186,4206,10.912981455064195,4206,4206,2.5192582025677606,89.87341772151899,10.12658227848101,5.367088607594937,3950,3950,3950
030701,19427,10062,28.517012405415144,19427,61.06964533896124,19427,10.413342255623617,19427,38.014104081947806,19427,14.207031451073249,19427,27.0,31.481752,93.07294772411052,9365,7.9785865033201215,19427,24.821125238070728,19427,2.1979718947856077,19427,63.74747134187458,46.69588671611598,17.051584625758597,36.51624548736462,273.85071675729114,9.50401167031364,13710,14.578683035714286,7168,95.83257836564594,5519,98.4117980714691,5289,87.97101449275362,690,49.39817043813192,2077,9.736324926301998,12212,33.69636423190305,12212,36.611529642974126,12212,19.955781198820834,12212,56.567310841794956,12212,60.2358336062889,12212,10.63493494644495,14.578683035714286,3.9437480892693366,7168,6542,0.8355076918773925,20.351915291186547,19.516407599309154,6422,5790,-1.211074732851074,7.674244783556524,8.885319516407598,6422,5790,25.29244077459943,10173,54.75277695861595,10173,1.4548314164946428,10173,8.61102919492775,10173,0.8552049542907697,10173,0.31455814410694977,10173,26.1476457288902,10173,74.5788556491432,72.97415045018879,13772,13772,10271,2.151689222081589,66.26890523102539,64.77036214791175,7207,7207,50.28015334709525,10173,12.4447065762312,10173,32.832006291162884,10173,17.43254183675832,83.7014470677837,66.26890523102539,6565,7207,7.785314066647007,10173,3.5191192371965005,10173,49.88695566696156,10173,6.094564042072152,10173,6.104393984075494,10173,11.727120809987222,10173,6.35997247616239,10173,4.403814017497297,10173,0.3931976801336872,10173,1.0026540843409024,10173,2.38867590681215,10173,1.9463285166617517,10173,78.48870129201626,19427,19.081690430843672,19427,21.959129047202346,19427,28.517012405415144,19427,63.39630411283265,19427,76.16718999330828,19427,99.61111687234263,19286,99.33630612879809,19286,68.45047923322684,13772,31.893601576272943,19286,1.2755366587161672,19286,8.91830985915493,17750,2.0177305,4230,2.963251,13.013262,20433.0,91.54716981132076,1325,42.840663302090846,6935,47.71348,8.248444153291844,12212,39.250826294528096,13615,14.682335659199412,13615,3.540213000367242,13615,5.736320235034888,13615,36.79030481087036,13615,62.15509729886727,13772,0.48649433633459194,13772,0.0,13772,0.007261109497531223,13772,0.17426662794074935,13772,0.007261109497531223,13772,0.007261109497531223,13772,0.0,13772,0.0,13772,0.0,13772,3.2251374053717723,19286,2.182930623250026,19286,3.4429119568598985,19286,1.9392305299180752,19286,6.70953022918179,19286,77.994866691111,19091,10.298046199780002,19091,0.8328531768896339,19091,10.87423393221937,19091,89.12576606778063,19091,9.498399146211312,937,21.223176911213923,49.90059642147117,18108,49.02805389882925,18108,65.1887323943662,17750,98.4375,1536,4.199937778699574,19286,4.446640316205533,4048,43.12884312884313,6993,23.766623766623766,6993,33.433433433433436,6993,9.852709852709852,6993,6993,2.757900757900758,91.42989678766091,8.570103212339092,4.128493563724922,8623,8623,8623
030702,7940,3974,24.836272040302266,7940,60.90680100755667,7940,14.256926952141058,7940,32.78337531486146,7940,19.030226700251887,7940,31.0,34.540302,99.79869149471565,3966,7.141057934508816,7940,22.858942065491185,7940,3.0100755667506296,7940,64.1852770885029,40.77750206782465,23.407775020678248,57.40365111561866,174.20494699646642,6.850715746421268,5868,11.439239646978955,2946,94.93807215939688,1857,97.16392512762337,1763,90.3225806451613,279,42.00230149597238,869,6.653038468686118,5381,35.365173759524254,5381,39.95539862479093,5381,18.0263891469987,5381,57.981787771789634,5381,62.534844824382084,5381,9.214735882434123,11.439239646978955,2.2245037645448322,2946,2922,-1.3400241266524873,17.36745886654479,18.707482993197278,2735,2646,-1.6986031138029052,7.56745886654479,9.266061980347695,2735,2646,26.507421150278294,4312,51.252319109461965,4312,0.7189239332096475,4312,11.479591836734693,4312,0.7421150278293135,4312,0.09276437847866419,4312,27.249536178107608,4312,73.71708305199189,72.04591492234977,5924,5924,4367,2.2670025188916876,65.43500167954316,64.12495801142089,2977,2977,46.057513914656774,4312,18.320964749536177,4312,29.45269016697588,4312,16.648473040511135,82.0834747200543,65.43500167954316,2947,2977,7.189239332096475,4312,4.499072356215214,4312,45.29220779220779,4312,7.977736549165121,4312,10.041743970315398,4312,10.250463821892394,4312,5.936920222634508,4312,3.6641929499072354,4312,0.7653061224489796,4312,1.7161410018552876,4312,1.6001855287569573,4312,1.6465677179962894,4312,83.50125944584383,7940,16.8639798488665,7940,27.329974811083122,7940,27.178841309823678,7940,53.6272040302267,7940,71.63727959697734,7940,99.65801139962001,7895,99.44268524382521,7895,59.166103983794734,5924,42.5965801139962,7895,1.7226092463584548,7895,17.330786026200872,7328,1.9142313,1574,3.1041815,15.600318,8737.0,97.14867617107943,491,41.93979933110368,2990,51.120068,8.402713250325219,5381,40.521408839779006,5792,15.14157458563536,5792,3.660220994475138,5792,6.560773480662983,5792,34.11602209944751,5792,46.320054017555705,5924,1.7555705604321405,5924,0.1012829169480081,5924,0.01688048615800135,5924,0.3038487508440243,5924,0.0,5924,0.0,5924,0.0,5924,0.0,5924,0.0,5924,3.9518682710576316,7895,2.393920202659911,7895,4.255858138062065,7895,1.8872704243191893,7895,7.675744141861938,7895,76.78022540983606,7808,11.552254098360656,7808,1.2551229508196722,7808,10.412397540983607,7808,89.5876024590164,7808,12.167300380228136,263,21.260712441920496,48.87459807073955,7464,50.241157556270096,7464,68.9410480349345,7328,98.2363315696649,567,7.359088030398986,7895,4.926866820631255,1299,34.93263227078541,3043,30.299046993098916,3043,36.93723299375616,3043,13.50640814985212,3043,3043,2.594479132435097,85.06900878293601,14.93099121706399,9.786700125470514,3188,3188,3188
030703,3980,1909,30.452261306532662,3980,61.030150753768844,3980,8.517587939698492,3980,39.597989949748744,3980,12.135678391959798,3980,26.0,30.035679,108.48611838658984,2071,8.442211055276381,3980,25.326633165829147,3980,1.8090452261306533,3980,63.853437628653765,49.89707698641416,13.956360642239606,27.97029702970297,357.5221238938053,11.363636363636363,2728,17.91951404707669,1317,93.52890422778258,1159,99.07749077490774,1084,85.61643835616438,146,25.053533190578158,467,11.065573770491802,2440,40.942622950819676,2440,40.122950819672134,2440,7.868852459016393,2440,47.99180327868852,2440,53.31967213114754,2440,12.67500660554586,17.91951404707669,5.244507441530829,1317,1411,1.3760711876013678,8.581138487680544,7.205067300079176,1177,1263,-1.53062693442741,6.090909090909091,7.621536025336501,1177,1263,14.751046998604002,2149,61.61005118659842,2149,0.8375988832014891,2149,12.09865053513262,2149,0.7445323406235458,2149,0.46533271288971617,2149,15.495579339227548,2149,78.6807580174927,77.36880466472303,2744,2744,2159,1.667438628994905,69.58490566037736,68.67924528301887,1325,1325,71.94043741275011,2149,8.841321544904607,2149,15.495579339227548,2149,17.589160583456334,87.17406624383369,69.58490566037736,1419,1325,2.047463936714751,2149,1.5355979525360632,2149,69.10190786412285,2149,4.32759422987436,2149,4.513727315030247,2149,6.561191251744997,2149,2.9315960912052117,2149,1.814797580269893,2149,2.8385295486272684,2149,0.7910656119125175,2149,0.7445323406235458,2149,0.6514657980456026,2149,89.19597989949749,3980,8.743718592964823,3980,15.603015075376884,3980,24.396984924623116,3980,44.597989949748744,3980,70.7035175879397,3980,99.36788874841972,3955,99.26675094816687,3955,77.00437317784257,2744,20.733249051833123,3955,0.32869785082174463,3955,7.265193370165746,3620,2.4657362,788,3.4090543,15.196192,4205.0,86.41114982578397,287,36.757990867579906,1314,47.029682,6.883196721311475,2440,35.036764705882355,2720,16.28676470588235,2720,3.4191176470588234,2720,5.772058823529412,2720,39.48529411764706,2720,70.5539358600583,2744,0.1457725947521866,2744,0.03644314868804665,2744,0.0,2744,0.0728862973760933,2744,0.0,2744,0.0,2744,0.0,2744,0.0,2744,0.0,2744,2.9582806573957017,3955,1.7193426042983566,3955,2.781289506953224,3955,1.6940581542351454,3955,5.941845764854614,3955,88.32604782720493,3889,3.7027513499614297,3889,0.20570840833119053,3889,7.765492414502443,3889,92.23450758549755,3889,17.857142857142858,168,19.986046511627908,27.031419284940412,3692,71.31635969664138,3692,75.19337016574586,3620,96.71641791044776,335,2.604298356510746,3955,6.820809248554913,865,47.62979683972912,1329,20.692249811888637,1329,28.668171557562076,1329,8.126410835214447,1329,1329,2.9759217456734386,92.66927811975378,7.330721880246216,2.574146614437605,1787,1787,1787
030801,21155,10782,25.379342944930276,21155,62.19333490900496,21155,12.42732214606476,21155,33.69416213661073,21155,16.804537934294494,21155,30.0,33.44193,96.20664069745872,10373,7.534861734814465,21155,24.514299220042542,21155,2.907114157409596,21155,60.78893364748803,40.80717488789238,19.981758759595653,48.9662879493388,204.22213769494104,4.83249526546072,15313,7.728569656370177,8061,95.8148893360161,4970,89.0172196556069,4762,88.78504672897196,642,58.54389721627409,2335,4.942173694418504,13921,25.46512463185116,13921,36.699949716256015,13921,32.89275195747432,13921,69.59270167373033,13921,73.56511744845916,13921,6.115221614450706,7.728569656370177,1.6133480419194706,8061,7252,-2.3800278099134005,31.771894093686356,34.15192190359976,7365,6556,-1.5288192757410481,9.339850644942295,10.868669920683343,7365,6556,28.74579869096055,11306,50.73412347426145,11306,1.3178843092163453,11306,9.552450026534583,11306,0.937555280382098,11306,0.01768972227136034,11306,29.68335397134265,11306,73.96103896103897,72.6038961038961,15400,15400,11390,1.8349429323968394,68.27884022208514,67.10672424429364,8105,8105,28.11781355032726,11306,15.708473376967982,11306,51.30019458694498,11306,11.9953201617394,80.27416038382454,68.27884022208514,7295,8105,17.67203254908898,11306,4.298602511940563,11306,28.073589244648858,11306,6.067574739076597,11306,9.552450026534583,11306,18.052361577923225,11306,6.2179373783831595,11306,5.855298071820273,11306,0.04422430567840085,11306,1.255970281266584,11306,8.632584468423845,11306,2.9276490359101364,11306,82.146064760104,21155,15.60387615220988,21155,36.70999763649255,21155,24.68919877097613,21155,64.22122429685653,21155,69.86055306074213,21155,99.18268061298954,20555,98.9394307954269,20555,66.01298701298701,15400,33.39819995135004,20555,2.247628314278764,20555,6.999947487265662,19043,1.6614174,4445,2.526064,12.109852,18935.0,97.52883031301482,1214,38.82091212458287,6293,50.857937,10.059837655340852,13921,41.89100026392188,15156,9.936658749010293,15156,4.268936394827131,15156,6.287938770124043,15156,37.615465822116654,15156,61.616883116883116,15400,0.44155844155844154,15400,0.05194805194805195,15400,0.0,15400,0.15584415584415584,15400,0.012987012987012988,15400,0.0,15400,0.0,15400,0.0,15400,0.0,15400,2.8216978837265874,20555,1.6297737776696668,20555,3.4784723911457065,20555,1.2454390659207006,20555,6.105570420822184,20555,75.30438211662641,20287,10.987331788830286,20287,0.5619362153102972,20287,13.146349879233007,20287,86.853650120767,20287,6.557377049180328,854,22.79658155729057,56.80540512661818,19389,41.64216823972355,19389,73.14498765950744,19043,96.23015873015873,1512,1.9265385550960836,20555,4.3153526970954355,3615,46.32643387580976,6329,31.23716226892084,6329,19.260546689840417,6329,7.568336230052141,6329,6329,3.2477484594722705,83.4913196293535,16.508680370646502,5.240174672489083,9389,9389,9389
030802,7382,3642,23.65212679490653,7382,61.77187753996207,7382,14.575995665131401,7382,31.102682199945814,7382,20.306150094825252,7382,32.0,35.561638,102.69082921471718,3740,6.705499864535356,7382,22.541316716337036,7382,3.1292332701164995,7382,61.8859649122807,38.28947368421053,23.596491228070175,61.626575028636886,162.26765799256506,8.739098837209303,5504,13.714704803813715,2727,95.20383693045564,1668,97.22921914357683,1588,90.54054054054055,222,47.5609756097561,738,9.225895862205505,5051,34.64660463274599,5051,36.784795090081175,5051,19.342704414967333,5051,56.127499505048505,5051,59.92872698475549,5051,9.861625941732333,13.714704803813715,3.8530788620813827,2727,2777,-1.7051163053226404,18.493690851735014,20.198807157057654,2536,2515,-1.7518497845733165,7.233438485804417,8.985288270377733,2536,2515,19.79707409155262,4238,57.763095799905614,4238,0.9910335063709297,4238,10.051911278905145,4238,0.7078810759792354,4238,0.1415762151958471,4238,20.504955167531854,4238,76.54011461318052,75.03581661891117,5584,5584,4274,1.9653720168460458,69.14203316510454,68.3129055515501,2774,2774,59.86314299197735,4238,10.854176498348277,4238,24.75224162340727,4238,14.70138320500223,83.84341637010677,69.14203316510454,2810,2774,7.739499764039642,4238,2.2180273714016043,4238,59.8159509202454,4238,3.1382727701746105,4238,7.668711656441718,4238,9.24964605946201,4238,4.200094384143464,4238,1.8404907975460123,4238,0.04719207173194903,4238,1.0146295422369043,4238,2.0764511562057573,4238,2.005663048607834,4238,90.07044161473856,7382,11.812516933080467,7382,22.581956109455433,7382,21.66079653210512,7382,50.51476564616635,7382,68.24708751015984,7382,99.16598304621274,7314,98.9335520918786,7314,74.83882521489971,5584,28.34290401968827,7314,1.5996718621821164,7314,8.433382137628112,6830,1.897255,1275,3.1254072,15.0968075,7644.0,95.32467532467533,385,41.692789968652036,2552,52.158306,8.10572163927935,5051,42.13917525773196,5432,10.824742268041238,5432,4.142120765832106,5432,7.03240058910162,5432,35.86156111929308,5432,65.23997134670488,5584,0.2328080229226361,5584,0.03581661891117478,5584,0.01790830945558739,5584,0.07163323782234957,5584,0.0,5584,0.0,5584,0.0,5584,0.0,5584,0.0,5584,3.0626196335794367,7314,1.654361498496035,7314,3.705222860267979,7314,1.5313098167897183,7314,6.6994804484550174,7314,84.53008039922373,7214,3.9367895758247853,7214,0.5267535347934572,7214,11.006376490158026,7214,88.99362350984197,7214,10.699588477366255,243,22.56519065190652,34.31046931407942,6925,64.18772563176896,6925,73.25036603221083,6830,97.31404958677686,484,2.611430133989609,7314,7.185122569737954,1183,37.10054559625877,2566,32.69680436477007,2566,31.839438815276694,2566,10.989867498051442,2566,2566,2.8503507404520656,83.22085889570552,16.77914110429448,5.030674846625767,3260,3260,3260
030803,8687,4089,22.49338091400944,8687,68.66582249338092,8687,8.840796592609646,8687,35.9617819730632,8687,12.029469321975366,8687,26.0,31.006561,112.44803130349719,4598,6.688154713940371,8687,32.39323126510878,8687,1.519511914354783,8687,45.63285834031853,32.75775356244761,12.875104777870913,39.303991811668375,254.42708333333334,3.6715120635396374,6673,6.642903434867142,3086,92.85347043701799,1945,94.296788482835,1806,94.16666666666667,240,49.47172156619018,1609,4.492052522460263,5788,24.948168624740845,5788,39.14996544574983,5788,31.409813407049068,5788,70.5597788527989,5788,74.68901174844505,5788,5.527765436539848,6.642903434867142,1.115137998327293,3086,3587,-5.022597506267793,28.82562277580071,33.8482202820685,2810,2978,-1.8411463424543921,9.089679715302491,10.930826057756883,2810,2978,36.68005354752343,4482,44.28826416778224,4482,1.78491744756805,4482,9.504685408299865,4482,1.360999553770638,4482,0.0892458723784025,4482,38.04105310129407,4482,67.6985195154778,66.41244205174219,6687,6687,4527,1.8997128341064722,66.77440206851972,65.57853910795087,3094,3094,28.357875948237393,4482,20.816599732262382,4482,44.46675591253904,4482,1.7198923929331045,68.49429446145282,66.77440206851972,3593,3094,11.691209281570726,4482,5.667112896028558,4482,28.090138331102185,4482,6.514948683623382,4482,14.2347166443552,4482,12.784471218206159,4482,4.796965640339135,4482,8.433734939759036,4482,0.2677376171352075,4482,5.087014725568943,4482,2.788933511825078,4482,2.9228023203926816,4482,80.37297110625072,8687,16.588005065039713,8687,31.19604005985956,8687,27.823184068147807,8687,55.50823068953609,8687,70.74939564867043,8687,99.30450909933928,8627,99.00312970905297,8627,57.140720801555254,6687,68.70290947026777,8627,2.4110351222904836,8627,35.21739130434783,8050,1.653725,1906,2.3676372,10.506672,6967.0,95.17374517374517,518,42.982806877249104,2501,47.443424,10.036973047684866,5788,32.04369594902139,6591,14.534971931421635,6591,3.9599453800637234,6591,3.6565012896373843,6591,45.80488544985587,6591,46.792283535217585,6687,5.667713473904591,6687,0.07477194556602362,6687,0.0,6687,0.1196351129056378,6687,0.0,6687,0.014954389113204725,6687,0.014954389113204725,6687,0.0,6687,0.0,6687,2.4458096673235192,8627,1.13596847107917,8627,2.086472701982149,8627,0.7070824156717282,8627,4.578648429349716,8627,72.51373144793736,8557,11.557788944723619,8557,4.697908145378053,8557,11.230571461960968,8557,88.76942853803904,8557,5.491329479768786,346,21.66409691629956,64.44036697247707,8175,34.654434250764524,8175,63.98757763975155,8050,96.88041594454073,577,4.833661759591979,8627,4.335664335664336,1430,42.61970716264345,2527,23.26869806094183,2527,26.197071626434507,2527,6.846062524732885,2527,2527,3.413929560743965,69.03824521934759,30.961754780652413,16.90101237345332,3556,3556,3556
030901,166741,86358,26.58794177796703,166741,65.68210578082176,166741,7.7299524412112195,166741,36.00434206343971,166741,10.993097078702899,166741,27.0,30.438284,93.08112739989346,80383,7.2861503769318885,166741,27.66326218506546,166741,1.580894920865294,166741,52.248468302303706,40.47973411006309,11.768734192240617,29.073150925946813,343.9599658623633,3.03682271187279,121311,4.804203678218441,63944,96.40837362035938,43852,81.24275610852237,42277,84.9332370985204,5542,62.77641844790176,21661,3.334130019120459,108784,16.583321076628916,108784,38.69319017502574,108784,41.38935872922489,108784,80.08254890425063,108784,82.51213413737314,108784,3.7373882616897744,4.804203678218441,1.0668154165286663,63944,57367,1.00516999468298,41.86110966758475,40.85593967290177,57729,51055,-0.8503840089156309,10.93247761090613,11.78286161982176,57729,51055,39.79637116655162,81128,45.17922295631595,81128,1.7959274233310325,81128,6.526723202839957,81128,0.740804654373336,81128,0.06039838280248496,81128,40.53717582092496,81128,68.3144386257697,66.1506589169592,121639,121639,83097,3.167382697329627,61.35307872174591,59.349961028838656,64150,64150,12.72433685040923,81128,19.734247115669067,81128,62.385366334680995,81128,14.72930225548452,76.08238097723043,61.35307872174591,57489,64150,20.635292377477565,81128,5.301498865989547,81128,12.469184498570161,81128,11.860270190316538,81128,7.53254116950991,81128,22.492850803668276,81128,8.074893994675081,81128,7.694014397002268,81128,0.25515235183906915,81128,2.3690957499260428,81128,6.4416724188936,81128,4.148999112513559,81128,67.12686141980677,166741,23.862157477764917,166741,32.08748897991496,166741,22.12053424172819,166741,55.28154443118369,166741,67.49869558177053,166741,99.46973764380124,165767,99.26583698806155,165767,38.98667368196055,121639,52.93996995783238,165767,1.4876302279705853,165767,12.31068491724784,153712,1.5896746,40909,2.2288387,9.16773,134199.0,96.60855482518815,10497,41.05041673476058,48952,46.352917,11.331583688777762,108784,34.44451833870914,120292,14.217071791972867,120292,5.687826289362551,120292,4.463305955508263,120292,41.18727762444718,120292,30.813308231734887,121639,4.783827555307097,121639,0.07398942773288172,121639,0.01561999029916392,121639,0.1718198932908031,121639,0.007398942773288173,121639,0.009865257031050897,121639,0.007398942773288173,121639,0.011509466536226046,121639,0.007398942773288173,121639,2.86365802602448,165767,1.1950508846754782,165767,2.0764084528283675,165767,0.9133301561830762,165767,5.0142670133379985,165767,65.11130293120007,164506,17.762877949740435,164506,1.4856600975040424,164506,15.640159021555444,164506,84.35984097844455,164506,4.564208354822073,7756,22.07499472239814,78.971559345654,156431,20.221055928812063,156431,43.73763922140106,153712,97.79344670261302,12055,2.2145541633738923,165767,2.911743616921782,32077,51.35513734088556,49257,20.640721115780497,49257,17.784274316340824,49257,4.1638751852528575,49257,49257,3.365349087439349,77.43720370763461,22.56279629236539,12.337083421778816,70665,70665,70665
030902,55908,29221,31.06353294698433,55908,61.418759390427134,55908,7.517707662588538,55908,40.6238820920083,55908,10.49044859411891,55908,24.0,28.63381,91.32815440950002,26687,9.15074765686485,55908,27.636474207626815,55908,1.7242612863990843,55908,62.81670452559846,50.576620653503404,12.240083872095054,24.201070996717913,413.20485367594574,6.689946700974086,38087,10.433465278795875,20463,94.99698249849125,16570,94.68267581475129,15741,82.18495013599275,2206,49.29178470254958,7060,7.47962661134983,33745,28.49311009038376,33745,40.08297525559342,33745,23.944288042672987,33745,64.0272632982664,33745,68.0011853607942,33745,8.090069908845807,10.433465278795875,2.343395369950068,20463,17624,1.7527408076189168,24.750356633380886,22.99761582576197,18226,15519,-1.222430168059745,8.427740590365412,9.650170758425157,18226,15519,32.42740134028295,26860,50.05584512285927,26860,1.3849590469099031,26860,8.332092330603126,26860,0.6775874906924795,26860,0.1340282948622487,26860,33.10498883097543,26860,71.02323153223702,69.29522317932654,38310,38310,27209,2.4330184865301923,62.31075310559006,60.84530279503105,20608,20608,34.72822040208489,26860,18.02680565897245,26860,42.82576321667908,26860,18.855216841308597,81.16596994689866,62.31075310559006,17702,20608,8.879374534623976,26860,4.434102755026061,26860,34.00595681310499,26860,9.724497393894266,26860,8.004467609828742,26860,16.91362620997766,26860,8.77885331347729,26860,5.595681310498883,26860,0.7222635889798957,26860,1.0312732688011914,26860,2.7066269545793,26860,2.356664184661206,26860,78.89031981111826,55908,13.500751234170423,55908,29.974243399871217,55908,23.669242326679544,55908,59.01481004507405,55908,74.30779137153895,55908,99.54694185753839,55622,99.26288159361404,55622,60.16966849386583,38310,54.523390025529466,55622,1.0103915716802705,55622,13.5634140066887,50533,1.8612922,13496,2.5127995,10.717851,49105.0,93.03470919324577,4264,44.064068580452314,17731,44.649822,8.98992443324937,33745,35.17024259901056,37799,17.79147596497262,37799,4.005396968173761,37799,4.820233339506336,37799,38.21265112833673,37799,49.86426520490733,38310,3.610023492560689,38310,0.031323414252153486,38310,0.0052205690420255805,38310,0.16705820934481858,38310,0.0,38310,0.0052205690420255805,38310,0.0,38310,0.0026102845210127902,38310,0.0,38310,2.292258458883176,55622,1.29624968537629,55622,2.1502283269210025,55622,1.116464708208982,55622,4.6060911150264285,55622,78.80555252734474,55038,8.777571859442567,55038,0.8448708165267633,55038,11.572004796685926,55038,88.42799520331407,55038,7.887223411848679,2802,21.22727996180169,59.50291548013406,51621,39.596288332267875,51621,62.060435754853266,50533,97.87777559441933,5089,2.4684477365071373,55622,4.46062432002678,11949,51.943324372759854,17856,19.15882616487455,17856,24.249551971326166,17856,6.014784946236559,17856,17856,3.1150313620071683,74.43100358422939,25.568996415770613,6.03494623655914,22320,22320,22320
030903,61840,32035,25.857050452781372,61840,66.84831824062096,61840,7.294631306597672,61840,35.35899094437257,61840,10.540103492884864,61840,27.0,30.591898,93.03886374278133,29805,6.9453428201811125,61840,27.608344113842172,61840,1.4375808538163002,61840,49.59239459106413,38.680180942935245,10.912213648128885,28.211382113821138,354.46685878962535,2.265621559734026,45418,3.5271966527196654,23900,97.41745872936468,15992,75.98690544964376,15579,93.7350549976088,2091,68.10291764126555,8123,2.5878366765695207,40729,14.395148420044686,40729,36.3377446045815,40729,46.67927029880429,40729,83.0170149033858,40729,85.25620565199243,40729,2.662804051176771,3.5271966527196654,0.8643926015428943,23900,21518,1.1115509934801437,47.20375621774906,46.092205224268916,21511,19218,-0.695046561356051,11.625122030589,12.320168591945052,21511,19218,40.18670601822148,31172,43.46849736943411,31172,2.6498139355832158,31172,6.6213268317721035,31172,1.1741306300526113,31172,0.051328114974977544,31172,41.360836648274095,31172,70.00724780918495,67.94491665019437,45531,45531,31875,2.9458823529411764,63.76908317343789,61.77525652790523,23974,23974,12.851276786860003,31172,18.991402540741692,31172,62.530476068266395,31172,13.175760728774847,76.94484390221274,63.76908317343789,21557,23974,23.52110868728346,31172,7.288592326446811,31172,12.652380341331964,31172,9.50853329911459,31172,9.088284357756962,31172,20.07891697677403,31172,7.497112793532658,31172,7.731297318105993,31172,0.19889644552803798,31172,1.72590786603362,31172,4.982035159758758,31172,5.257923777749262,31172,68.76778783958603,61840,22.58893919793014,61840,31.578266494178525,61840,21.08667529107374,61840,52.08602846054334,61840,65.95084087968952,61840,98.45415344561061,61455,98.16776503132374,61455,30.69996266280117,45531,56.950614270604504,61455,3.358555040273371,61455,17.87388080581981,57184,1.4924892,15511,2.0726254,8.139908,46831.0,95.83907412510334,3629,38.59009590039818,17831,46.070328,11.953080114905841,40729,34.61734977229812,45015,13.593246695545929,45015,5.8025102743529935,45015,3.896478951460624,45015,42.09041430634233,45015,23.10294085348444,45531,3.4196481518086577,45531,0.09224484417210252,45531,0.0197667523225934,45531,0.27893083832992904,45531,0.0021963058136214887,45531,0.030748281390700842,45531,0.006588917440864466,45531,0.013177834881728932,45531,0.015374140695350421,45531,2.743470832316329,61455,1.1081278984622895,61455,1.9819380034171346,61455,0.956797656822065,61455,4.930436905052478,61455,64.80808279295212,61068,17.947206392873518,61068,2.18608764000786,61068,15.058623174166502,61068,84.9413768258335,61068,3.9932885906040267,2980,22.540181536417975,81.12397375562502,58222,17.639380302978257,58222,41.85786233911583,57184,97.58838679466167,4271,2.0340086241965665,61455,4.016202706196673,11603,48.85351736420303,17968,19.634906500445236,17968,17.703695458593053,17968,3.5507569011576137,17968,17968,3.420247105966162,62.09770866818675,37.90229133181325,28.636040817852205,26753,26753,26753
030904,56064,29117,28.883062214611872,56064,64.5476598173516,56064,6.56927796803653,56064,38.53988299086758,56064,9.505208333333334,56064,25.0,28.83385,92.54730913212212,26947,7.992651255707763,56064,29.06499714611872,56064,1.4412100456621004,56064,54.92428429313585,44.746877417928594,10.17740687520725,22.744395726548507,439.66874830301384,4.302978207008141,39554,6.731684110371075,21020,95.30306841046277,15904,81.85656792241208,15157,78.14432989690722,1940,61.42987844726179,7651,4.911412564343202,35163,19.932883997383612,35163,39.820265620112046,35163,35.33543781816113,35163,75.15570343827318,35163,78.00244575263771,35163,5.183178660926811,6.731684110371075,1.5485054494442645,21020,18534,0.9183819780614328,35.76335268118643,34.844970703125,18779,16384,-1.0311452499041067,10.097822035252143,11.12896728515625,18779,16384,39.06573882143915,27016,45.543381699733494,27016,1.713799230085875,27016,6.87740598164051,27016,0.6699733491264436,27016,0.059224163458691144,27016,39.73571217056559,27016,69.53211656751033,67.43470807703943,39668,39668,27582,3.016460010151548,61.929367148613416,59.895709883858736,21095,21095,20.44344092389695,27016,18.229937814628368,27016,56.518359490672196,27016,16.237864854832445,78.16723200344586,61.929367148613416,18573,21095,18.118892508143322,27016,5.052561445069588,27016,20.11400651465798,27016,10.190257625111045,27016,7.75836541308854,27016,20.03257328990228,27016,8.506070476754516,27016,6.829286348830323,27016,0.3294344092389695,27016,1.3991708617115783,27016,7.913828842167605,27016,3.479419603198105,27016,70.96532534246575,56064,21.238227739726028,56064,28.777825342465754,56064,24.671803652968038,56064,57.837471461187214,56064,71.9142408675799,56064,99.38718463302752,55808,99.1309489678899,55808,53.882222446304326,39668,61.883600917431195,55808,1.3223910550458715,55808,15.566891878735957,51359,1.6887622,14211,2.3148386,9.741444,46605.0,95.47934528448948,3849,41.177163730631,16973,44.247807,10.578278303898985,35163,34.85546924742137,39265,15.53037055902203,39265,4.838915064306635,39265,4.225136890360372,39265,40.5501082388896,39265,41.93304426741958,39668,8.23837854189775,39668,0.08066955732580418,39668,0.032772007663607945,39668,0.1689018856509025,39668,0.017646465665019664,39668,0.012604618332156902,39668,0.0,39668,0.007562770999294141,39668,0.0025209236664313806,39668,2.4512614678899083,55808,1.0715309633027523,55808,1.8151519495412844,55808,0.924598623853211,55808,4.467101490825688,55808,70.52023121387283,55360,16.078395953757227,55360,1.1795520231213872,55360,12.221820809248555,55360,87.77817919075144,55360,5.346250448510943,2787,21.598379072380034,71.30187128466847,52317,27.790202037578606,52317,51.19258552541911,51359,97.32524162733199,4449,2.2684919724770642,55808,3.905315330712699,11702,52.09615948402228,17055,17.343887423043096,17055,20.62738199941366,17055,4.280269715625916,17055,17055,3.2722368806801523,63.446771378708554,36.553228621291446,9.607329842931938,22920,22920,22920
030905,66505,34301,24.404180136831815,66505,67.83399744380122,66505,7.761822419366965,66505,33.293737312983986,66505,11.414179385008646,66505,29.0,31.569912,93.88647561295589,32204,6.414555296594241,66505,26.6235621381851,66505,1.6028870009773701,66505,47.418704142929975,35.97632611442378,11.442378028506196,31.805298829328404,314.41301820999615,1.9719043706538948,49901,3.0390959071472206,26192,97.89083394116217,16452,80.0931387767774,16105,94.40389294403893,2055,72.00974421437272,8210,2.143458793279248,45114,11.267012457330319,45114,37.23456133351066,45114,49.35496741587977,45114,86.58952874939044,45114,88.54679256993394,45114,2.24614808142703,3.0390959071472206,0.7929478257201906,26192,23709,0.9868710930567275,49.81981226952732,48.83294117647059,23864,21250,-0.5979035554416203,12.067884679852497,12.665788235294118,23864,21250,45.49386288185667,32833,39.868425060152894,32833,2.202052812718911,32833,6.252855358937654,32833,0.9289434410501629,32833,0.0578686078031249,32833,46.42280632290683,32833,67.5873923210681,65.26092778766015,50033,50033,33816,3.442157558552165,60.95481021814444,58.621083488788216,26267,26267,6.758444248164956,32833,20.101726921085493,32833,67.43824810404166,32833,13.963139794478643,74.91795001262308,60.95481021814444,23766,26267,26.69570249444157,32833,6.335089696342095,32833,6.526969816952456,32833,12.17981908445771,32833,7.556421892608046,32833,22.060122437791247,32833,7.699570554015777,32833,7.9401821338287695,32833,0.2314744312124996,32833,2.1441842049157858,32833,6.718849937562818,32833,6.006152346724332,32833,66.31230734531238,66505,30.1676565671754,66505,30.32854672581009,66505,17.884369596270957,66505,53.21554770318021,66505,63.36516051424705,66505,99.28266155216939,66217,99.05009287645167,66217,25.78098455019687,50033,69.16199767431324,66217,2.00703746771977,66217,18.644204547288247,61971,1.428639,16914,2.0158134,8.006936,50731.0,98.6468200270636,3695,38.506619224530375,19111,47.32777,12.349514563106796,45114,35.114688615868786,49569,12.665173798139966,49569,6.179265266598075,49569,4.228449232383142,49569,41.812423087010025,49569,19.543101552975035,50033,3.7195451002338458,50033,0.10393140527252014,50033,0.025982851318130034,50033,0.12991425659065017,50033,0.005996042611876162,50033,0.029980213059380808,50033,0.0159894469650031,50033,0.005996042611876162,50033,0.0159894469650031,50033,3.052086322243533,66217,1.2836582750653156,66217,2.1595662745216484,66217,1.0329673648760893,66217,5.403446244921999,66217,61.8747436695882,65833,22.626950009873468,65833,1.6025397596949857,65833,13.895766560843345,65833,86.10423343915666,65833,3.3774373259052926,2872,22.61612372490951,88.0182355370588,62954,10.930203005369,62954,34.6871923964435,61971,98.21008007536506,4246,2.1595662745216484,66217,3.144445366298847,12053,48.99010931806351,19210,21.03071317022384,19210,16.106194690265486,19210,3.6647579385736595,19210,19210,3.4470067673086935,57.43347338935574,42.56652661064426,28.067226890756302,28560,28560,28560
031001,219092,112893,25.789166195023096,219092,66.9636499735271,219092,7.247183831449802,219092,35.17517755098315,219092,10.499242327424096,219092,27.0,30.310741,94.07049152737548,106199,7.043159951070783,219092,28.605334745221185,219092,1.4464243331568474,219092,49.33475107693985,38.51218714215606,10.822563934783794,28.101660118225904,355.8508628290717,3.468301338925633,161174,5.475712946370293,84263,96.77459593349609,56117,80.95457307529416,54307,88.2091212458287,7192,66.34882796980533,30204,3.933026105193443,144952,17.827970638556213,144952,36.75216623433964,144952,41.4868370219107,144952,78.23900325625034,144952,80.68533031624261,144952,4.206713713490731,5.475712946370293,1.268999232879562,84263,76911,0.8044650175177068,41.86952288218111,41.0650578646634,75998,68954,-0.8894404131641735,10.796915708308113,11.686356121472286,75998,68954,38.74931857450406,108229,45.19029095713718,108229,2.154690517328997,108229,6.880780567130806,108229,0.9470659435086715,108229,0.06005784032006209,108229,39.696384518012735,108229,68.72452419389757,66.4396652502273,161673,161673,111109,3.3246631686002033,61.058556427963296,58.971478573455684,84568,84568,15.104084857108539,108229,19.384822921767732,108229,60.519823707139494,108229,16.073925252861557,77.13248168082485,61.058556427963296,77105,84568,20.12492030786573,108229,5.996544364264661,108229,14.887876631956315,108229,10.191353518927459,108229,8.862689297692855,108229,20.610002864296998,108229,8.48848275416016,108229,7.3473837880789805,108229,0.21620822515222352,108229,2.407857413447412,108229,4.90718753753615,108229,4.396233911428545,108229,70.66985558578132,219092,21.99076187172512,219092,28.108283278257534,219092,22.34038668687127,219092,57.751538166614935,219092,67.76468332937762,219092,98.95858183619914,217972,98.6952452608592,217972,40.353676866267094,161673,53.88582019708954,217972,2.2672636852439765,217972,15.615083575563462,202631,1.5325807,55278,2.1684654,9.757876,174085.0,97.1902177952873,13453,42.17073595082062,68972,44.920143,11.220024559854297,144952,32.728705638049014,159878,14.939516381240695,159878,5.407873503546454,159878,4.027445927519734,159878,42.8964585496441,159878,34.12381782981698,161673,2.6899977114298617,161673,0.08288335096150873,161673,0.024741298794480216,161673,0.16576670192301746,161673,0.006185324698620054,161673,0.023504233854756206,161673,0.004329727289034038,161673,0.009896519517792086,161673,0.01608184421641214,161673,2.6741966858128565,217972,1.1327142935789918,217972,1.9364872552437928,217972,0.9914117409575541,217972,4.868973996660121,217972,66.82356640187909,216274,16.471235562295977,216274,1.1883074248407113,216274,15.516890610984214,216274,84.48310938901578,216274,4.4694871549995225,10471,22.0667575776359,74.84257507398245,206130,24.198321447630136,206130,48.2117741115624,202631,97.77719835734307,15341,2.86688198484209,217972,3.439718925824918,40701,46.59786701928881,69574,18.439359530859228,69574,23.620892862276136,69574,4.60516859746457,69574,69574,3.1329519648144424,73.38724459539598,26.612755404604016,18.230632379103994,92745,92745,92745
031002,21846,10706,28.897738716469835,21846,63.567701180994234,21846,7.5345601025359334,21846,39.036894626018494,21846,10.981415362080014,21846,25.0,29.675226,104.05380160657575,11140,8.161677194909823,21846,28.060056760963107,21846,1.6478989288656962,21846,57.31259451285375,45.459782530424135,11.85281198242961,26.073182322192302,383.53584447144596,8.210816487267,15236,12.898067954696868,7505,92.45742092457421,6165,98.08771929824562,5700,78.06451612903226,775,37.994350282485875,2832,10.008877052818464,13518,40.316614883858556,13518,37.62390886225773,13518,12.050599201065246,13518,49.674508063322975,13518,54.320165704985946,13518,9.237480708545013,12.898067954696868,3.6605872461518563,7505,7731,0.33326240128623397,12.219227313566936,11.885964912280702,6678,6840,-1.3308065761889,6.59433962264151,7.92514619883041,6678,6840,12.439443663072355,12798,67.13548992030005,12798,0.6329113924050633,12798,8.712298796686982,12798,0.39068604469448354,12798,0.1328332551961244,12798,12.830129707766838,12798,82.72922496258215,81.72057005271036,15367,15367,12713,1.219224415952175,77.75577557755776,76.96369636963696,7575,7575,68.11220503203626,12798,6.368182528520081,12798,21.026722925457104,12798,9.80839280026565,87.5641683778234,77.75577557755776,7792,7575,3.2036255664947646,12798,2.234724175652446,12798,68.01844038130957,12798,2.8051258009063917,12798,3.383341147054227,12798,8.884200656352554,12798,4.219409282700422,12798,2.984841381465854,12798,0.09376465072667604,12798,0.7969995311767464,12798,0.640725113298953,12798,0.8204406938584153,12798,78.65513137416461,21846,10.963105373981508,21846,18.33287558363087,21846,30.545637645335532,21846,59.534926302297904,21846,73.13924745948916,21846,99.61195546727029,21647,99.35325911211716,21647,79.57311121233813,15367,30.503072019217445,21647,0.7252737099829075,21647,10.567878879332026,19881,2.2945807,4447,3.1481864,13.24625,21206.0,91.88679245283019,1590,41.51482672382994,8397,44.070976,7.267717117916852,13518,35.19149789452577,14961,17.55230265356594,14961,2.4396764922130876,14961,4.672147583717666,14961,40.14437537597754,14961,66.0245981648988,15367,0.5140886314830481,15367,0.026029804125723952,15367,0.013014902062861976,15367,0.09110431444003383,15367,0.0,15367,0.0,15367,0.0,15367,0.006507451031430988,15367,0.0,15367,1.870928997089666,21647,1.1317965537949832,21647,1.8986464637132165,21647,1.0809811983184736,21647,3.958978149397145,21647,84.874225642951,21308,2.7970715224328893,21308,0.6100994931481134,21308,11.718603341467993,21308,88.281396658532,21308,12.5,1048,20.34535186794092,31.851997832191948,20297,66.91136621175544,20297,74.30209748000604,19881,97.84824462061155,1766,5.090774703192128,21647,5.937084625609216,4514,39.61199294532628,8505,16.27278071722516,8505,40.587889476778365,8505,7.466196355085244,8505,8505,2.5452087007642565,93.73095743698643,6.269042563013571,1.9019481119010249,10831,10831,10831
031003,93747,43385,29.86548902898226,93747,66.20798532219698,93747,3.9265256488207623,93747,39.248189275390146,93747,6.791684000554684,93747,25.0,27.658388,116.08159502132074,50362,8.525072802329674,93747,28.858523472751127,93747,0.5258834949385047,93747,51.03918283173294,45.108590578075656,5.930592253657279,13.147367669119223,760.6085302906819,5.773879625612099,64532,9.096833945048537,29153,92.39627879060694,26658,98.98907880313426,24631,80.4360298336202,3486,28.93563315103071,11885,7.1024894251438875,57684,36.94958740725331,57684,42.935649400180296,57684,13.012273767422508,57684,55.9479231676028,57684,60.82795922612856,57684,6.061134801488798,9.096833945048537,3.035699143559739,29153,35379,1.3459048663476718,13.750720184367198,12.404815318019526,26035,31649,-0.7712577226304109,7.455194929902055,8.226452652532465,26035,31649,12.581458313882925,53555,69.96919055176922,53555,0.8085146111474185,53555,6.104005228270003,53555,0.40332368593035195,53555,0.11763607506301933,53555,12.984781999813276,53555,82.12814996926859,80.99262446220037,65080,65080,53449,1.3826264289322532,73.79439252336448,72.89039932030586,29425,29425,71.44617682756045,53555,5.237606199234432,53555,19.559331528335356,53555,15.211357020878964,89.00574954424344,73.79439252336448,35655,29425,4.193819437960975,53555,1.8504341331341612,53555,71.38455793109887,53555,2.4927644477639808,53555,2.6832228550088693,53555,8.322285500886938,53555,2.5282419942115584,53555,3.084679301652507,53555,0.06161889646158155,53555,0.7767715432732705,53555,1.5218000186723928,53555,1.159555597049762,53555,86.15102349941864,93747,10.753410775811492,93747,21.350016533862416,93747,29.52307807183163,93747,58.428536379830824,93747,65.3748919965439,93747,99.3356232973328,92869,99.1019608265406,92869,76.98371235402581,65080,59.49455684889468,92869,0.6589927747687603,92869,15.94237016808701,84956,2.2704902,20034,2.7538283,10.811323,73534.0,87.29770161838705,7353,39.583937373151635,41388,39.760464,7.878354483045559,57684,26.517200176089553,63604,25.954342494182757,63604,3.50921325702786,63604,3.1255895855606566,63604,40.89365448713917,63604,62.09895513214505,65080,1.2753534111862324,65080,0.08912108174554395,65080,0.007682851874615857,65080,0.161339889366933,65080,0.007682851874615857,65080,0.053779963122311,65080,0.16748617086662568,65080,1.1140135218192992,65080,0.007682851874615857,65080,1.7950015613390906,92869,0.8711195339672011,92869,1.4342783921437725,92869,0.9884891621531404,92869,3.545854913910993,92869,85.88064526770692,90939,3.412177393637493,90939,0.48164153993336195,90939,10.22553579872222,90939,89.77446420127778,90939,12.594458438287154,3970,20.171268031768328,48.755076610670116,86672,49.81078087502308,86672,67.16417910447761,84956,96.6258056362947,7913,4.6592512033078854,92869,6.045261961351659,19354,37.16439561484864,42051,7.899931036122803,42051,49.51368576252646,42051,4.373261040165513,42051,42051,2.20848493495993,97.23964598728304,2.7603540127169595,0.526293177521911,46552,46552,46552
031101,24666,11766,30.77110192167356,24666,59.25160139463229,24666,9.977296683694155,24666,39.3172788453742,24666,14.242276818292387,24666,26.0,31.116558,109.63793982661907,12900,8.809697559393497,24666,23.712803048731047,24666,2.1892483580637316,24666,68.77180978446802,51.932945603831676,16.83886418063633,32.42424242424242,308.41121495327104,17.202611218568666,16544,27.09619341563786,7776,88.72521246458923,7060,82.742656449553,6264,65.27149321266968,884,34.101941747572816,2472,20.66960705693665,14964,42.35498529804865,14964,30.29270248596632,14964,6.682705159048383,14964,36.975407645014705,14964,41.680032076984766,14964,18.667817503229102,27.09619341563786,8.42837591240876,7776,8768,-1.8019938189674383,5.7224606580829755,7.524454477050414,6990,7974,-2.1429678644435617,4.550786838340486,6.693754702784048,6990,7974,8.349118461314294,13726,57.875564621885474,13726,0.4589829520617806,13726,16.603526154742823,13726,0.37884307154305696,13726,0.18213609208800816,13726,8.727961532857352,13726,80.92159886134503,79.91341477879256,16862,16862,13645,1.245877610846464,73.7297704177644,73.12758750470455,7971,7971,80.03059886347079,13726,6.46218854728253,13726,10.112195832726213,13726,13.639479385407341,87.36924980317174,73.7297704177644,8891,7971,1.959784350866968,13726,1.7776482587789597,13726,79.64447034824421,13726,3.1327407839137402,13726,3.278449657584147,13726,3.722861722278887,13726,2.3094856476759436,13726,1.34052163776774,13726,0.3861285152265773,13726,0.40069940259361797,13726,0.5318373888969838,13726,0.5245519452134635,13726,77.60885429335929,24666,5.100137841563286,24666,7.406956944782292,24666,31.180572447903998,24666,23.99254033892808,24666,61.33949566204492,24666,99.5488845144357,24384,99.23310367454069,24384,91.00937018147313,16862,9.723589238845145,24384,0.12713254593175852,24384,7.042696629213483,22250,2.5385761,4031,3.434891,15.484876,23171.0,60.60606060606061,1485,33.46663860239949,9502,47.046516,5.692729216786955,14964,48.93409672310878,16418,10.823486417346814,16418,2.0221707881593374,16418,5.061517846266293,16418,33.15872822511877,16418,54.269956114339934,16862,21.842011623769423,16862,0.005930494603249911,16862,0.0,16862,0.0,16862,0.0,16862,0.0,16862,0.0,16862,0.0,16862,0.0,16862,2.636975065616798,24384,1.857775590551181,24384,2.883038057742782,24384,2.1776574803149606,24384,5.561023622047244,24384,88.01248523705078,23708,2.3156740340813227,23708,0.23620718744727517,23708,9.435633541420618,23708,90.56436645857939,23708,14.108674928503337,1049,21.428444641668516,12.069344832137986,22727,85.62062744752937,22727,71.47415730337079,22250,97.8444236176195,2134,3.9493110236220472,24384,8.59329017068864,5097,41.935483870967744,9641,21.024789959547764,9641,35.85727621616015,9641,8.920236489990664,9641,9641,2.529198215952702,92.00948429164197,7.990515708358032,1.8494368701837582,8435,8435,8435
031201,14821,6998,31.185480062074085,14821,61.54780379191688,14821,7.266716146009041,14821,40.658525065785035,14821,10.410903447810538,14821,24.0,28.688618,111.78908259502715,7823,10.242223871533636,14821,27.683692058565548,14821,1.5653464678496727,14821,62.47533435650077,50.66871300153475,11.806621354966016,23.301601038511468,429.1550603528319,9.710681749924918,9989,15.496575342465754,4672,85.67683508102955,4196,98.02503477051461,3595,70.89041095890411,584,22.58938244853738,1846,10.797174571140262,8919,48.13319878910192,8919,33.00818477407781,8919,8.06144186568001,8919,41.06962663975782,8919,48.74985984975894,8919,10.869906168119318,15.496575342465754,4.626669174346436,4672,5317,-0.7061061178442429,7.68301522106789,8.389121338912133,4139,4780,-1.38103204440666,5.703068374003382,7.084100418410042,4139,4780,11.358750989930988,8839,69.90609797488403,8839,0.384658898065392,8839,6.018780405023192,8839,0.5091073650865483,8839,0.10182147301730965,8839,11.867858355017535,8839,86.88101617544905,86.25583010816712,10077,10077,8755,0.7195888063963449,80.95338983050847,80.44491525423729,4720,4720,77.30512501414186,8839,5.66806199796357,8839,11.754723384998304,8839,11.150399603876451,92.10378943438492,80.95338983050847,5357,4720,2.964136214503903,8839,1.8101595203077272,8839,77.24855752913226,8839,1.685711053286571,8839,3.484557076592375,8839,4.536712297771241,8839,1.414187125240412,8839,1.9459214843308066,8839,0.056567485009616475,8839,0.6222423351057812,8839,0.7240638081230909,8839,0.7580042991288607,8839,79.36036704675797,14821,12.340597800418326,14821,16.139261858174212,14821,23.513932933000472,14821,47.25727008973753,14821,65.24526010390662,14821,99.20180106426525,14658,98.83340155546459,14658,84.65813238066885,10077,19.934506753990995,14658,0.3888661481784691,14658,11.208206686930092,13160,2.5082486,2849,3.425617,12.848621,14414.0,87.5515251442704,1213,33.68620037807183,5290,44.144234,6.44321112232313,8919,30.023234670168705,9899,25.07323972118396,9899,3.131629457520962,9899,5.3237700777856345,9899,36.44812607334074,9899,73.72233799741987,10077,0.29770765108663294,10077,0.09923588369554431,10077,0.019847176739108862,10077,0.14885382554331647,10077,0.0,10077,0.0,10077,0.0,10077,0.0,10077,0.0,10077,2.0603083640332924,14658,1.2348205757947879,14658,2.2376859053076816,14658,1.3371537726838587,14658,4.366216400600354,14658,85.05955283137146,14357,2.5005223932576444,14357,0.7313505607020966,14357,11.708574214668802,14357,88.2914257853312,14357,22.943722943722943,693,19.90213464696223,19.33902710731526,13465,79.09394727070182,13465,73.29787234042553,13160,95.9279038718291,1498,4.052394596807204,14658,10.133333333333333,3000,43.89605533744625,5349,16.93774537296691,5349,35.83847448121144,5349,7.908020190689848,5349,5349,2.7403252944475605,96.82176455631833,3.1782354436816718,1.3094330027968473,7866,7866,7866
031202,11865,5706,31.849978929624946,11865,62.090181205225456,11865,6.059839865149599,11865,42.29245680573114,11865,9.405815423514538,11865,24.0,27.956005,107.93901156677182,6159,9.304677623261695,11865,28.57985672144964,11865,1.1630847029077118,11865,61.056060811727974,51.2963214334193,9.759739378308673,19.026197406721355,525.5910987482615,7.675825560877237,7934,12.15528781793842,3735,88.83374689826303,3627,98.975791433892,3222,67.88008565310493,467,26.827676240208877,1532,8.040201005025125,6965,48.040201005025125,6965,35.865039483129934,6965,8.054558506819813,6965,43.91959798994975,6965,51.80186647523331,6965,8.463932733394481,12.15528781793842,3.691355084543939,3735,4199,0.9126481741412746,8.53584447144593,7.623196297304656,3292,3673,-0.8603840907955629,6.301336573511543,7.161720664307106,3292,3673,9.183822455832969,6849,67.84932106876916,6849,0.43802014892685065,6849,8.307782157979267,6849,0.5110235070813257,6849,0.014600671630895021,6849,9.694845962914295,6849,85.25328330206379,84.36522826766729,7995,7995,6816,1.0416666666666667,78.67549668874172,77.8543046357616,3775,3775,79.66126441816324,6849,3.9713826836034456,6849,12.308366184844504,6849,12.461944069552118,91.13744075829383,78.67549668874172,4220,3775,2.3653088042049935,6849,1.5914732077675573,6849,79.66126441816324,6849,1.9272886552781427,6849,2.044094028325303,6849,6.336691487808439,6849,1.314060446780552,6849,1.5476711928748723,6849,0.0,6849,0.3066141042487954,6849,0.6278288801284859,6849,0.7446342531756461,6849,86.10198061525494,11865,10.56047197640118,11865,22.88242730720607,11865,26.177833965444584,11865,51.31900547829751,11865,73.51875263379688,11865,99.20857799336227,11751,98.83414177516806,11751,82.33896185115697,7995,23.589481746234362,11751,0.970130201684963,11751,8.6687306501548,10659,2.541872,2233,3.445142,11.068535,11483.0,90.12629161882893,871,33.04205352266521,3662,44.411797,6.7550610193826275,6965,32.68329745472965,7897,20.792706090920603,7897,2.823857160947195,7897,4.368747625680638,7897,39.33139166772192,7897,74.10881801125704,7995,0.4002501563477173,7995,0.012507817385866166,7995,0.012507817385866166,7995,0.050031269543464665,7995,0.0,7995,0.0,7995,0.0,7995,0.0,7995,0.0,7995,2.033869457918475,11751,1.336056505829291,11751,2.127478512467024,11751,1.8381414347715088,11751,4.459194962130883,11751,83.04423243712056,11530,1.621856027753686,11530,0.38161318300086733,11530,14.952298352124892,11530,85.04770164787512,11530,15.277777777777779,576,20.147682979644866,26.099329844854495,10893,71.65151932433673,10893,75.87015667511024,10659,95.97069597069597,1092,3.599693643094205,11751,8.108108108108109,2664,49.502554450121,3719,15.783812852917452,3719,27.39983866630815,3719,5.673568163484807,3719,3719,3.159720354934122,96.2890625,3.7109375,1.0416666666666667,6144,6144,6144
031203,12258,6059,26.464349812367434,12258,61.69848262359275,12258,11.837167564039811,12258,34.25518029042258,12258,16.634034915973242,12258,30.0,33.86466,102.31061231226275,6199,7.52977647250775,12258,22.581171479849893,12258,2.4800130527002775,12258,62.078540261800875,42.893031865661776,19.1855083961391,44.72872996300863,223.5699517574087,9.272581934452438,8757,15.124309392265193,4344,92.16454456415279,3063,98.7601842012044,2823,83.07291666666667,384,29.959183673469386,1225,9.70873786407767,8034,50.42320139407518,8034,32.10107045058501,8034,7.766990291262136,8034,39.86806074184715,8034,46.53970624844411,8034,11.611959516896963,15.124309392265193,3.5123498753682303,4344,4413,-1.2524444133206618,7.141079870614581,8.393524283935243,4019,4015,-1.628517592494183,5.624533466036327,7.25305105853051,4019,4015,9.652768467623005,7459,68.8832283147875,7459,0.7239576350717254,7459,8.325512803324843,7459,0.281539080305671,7459,0.040219868615095855,7459,9.934307547928677,7459,83.52490421455938,82.73608293892269,8874,8874,7412,0.9444144630329195,75.85895117540687,75.29385171790236,4424,4424,78.84434910845958,7459,4.3035259418152565,7459,11.543102292532511,7459,15.28711624032347,91.14606741573034,75.85895117540687,4450,4424,2.6947311972114223,7459,1.7830808419359163,7459,78.76390937122939,7459,1.3942887786566565,7459,2.788577557313313,7459,4.8397908566832015,7459,1.9171470706529026,7459,1.4747285158868482,7459,0.08043973723019171,7459,0.25472583456227377,7459,0.5362649148679448,7459,0.6167046520981365,7459,86.97993147332355,12258,9.308206885299397,12258,16.927720672214065,12258,21.618534834393866,12258,41.2139011257954,12258,68.86115190079948,12258,99.28796158304355,12078,98.80774962742176,12078,85.15889114266396,8874,19.34923000496771,12078,1.0183805265772479,12078,9.603508457889555,11173,2.4047186,2204,3.6402392,13.95123,14436.0,92.13333333333334,750,36.909242994562945,4782,49.567547,6.438386855862584,8034,39.81407092849765,8713,18.374842189831288,8713,2.1232640881441522,8713,6.599334328015609,8713,33.088488465511304,8713,72.12080234392607,8874,0.23664638269100743,8874,0.011268875366238449,8874,0.0,8874,0.03380662609871535,8874,0.0,8874,0.0,8874,0.0,8874,0.0,8874,0.0,8874,2.7074018877297568,12078,1.8960092730584535,12078,3.121377711541646,12078,2.0615996025832093,12078,6.209637357178341,12078,87.50211398613224,11826,2.5875190258751903,11826,0.7864028411973617,11826,9.123964146795197,11826,90.8760358532048,11826,12.114537444933921,454,20.79453972698635,17.47624076029567,11364,80.17423442449842,11364,74.59053074375727,11173,96.9060773480663,905,5.083623116410002,12078,6.681318681318682,2275,35.96455070074196,4852,24.21681780708986,4852,38.39653751030503,4852,11.129431162407254,4852,4852,2.489282769991756,96.13821138211382,3.8617886178861767,1.7041901188242652,6396,6396,6396
031204,27521,12884,29.817230478543657,27521,66.39656989208241,27521,3.786199629373933,27521,40.12208858689728,27521,6.078994222593656,27521,24.0,27.284184,113.6060229742316,14637,8.357254460230369,27521,29.628283855964536,27521,0.47963373423930816,27521,50.61018989766322,44.90778744595852,5.7024024517047005,12.698025834755057,787.5239923224568,4.704025256511445,19005,7.440850382900903,8749,92.5584333543904,7915,99.07179907179908,7326,85.18145161290323,992,36.88568376068376,3744,5.734190782422294,16794,31.26116470167917,16794,41.58628081457663,16794,21.4183637013219,16794,63.00464451589853,16794,67.3990710968203,16794,5.071505609109952,7.440850382900903,2.3693447737909517,8749,10256,-0.8192113733864943,20.97383153235256,21.793042905739053,7681,9113,-0.9286677235793395,8.329644577528967,9.258312301108306,7681,9113,23.125041153618227,15187,59.6233620859946,15187,1.2444854151577007,15187,6.136827549878185,15187,0.6123658392045829,15187,0.1251069994073879,15187,23.73740699282281,15187,79.68611038451478,78.34161653151975,19115,19115,15232,1.687237394957983,71.11060640472405,69.88416988416988,8806,8806,58.87272008955027,15187,7.328636333706459,15187,29.716204648712715,15187,15.900742901707218,87.01134930643127,71.11060640472405,10309,8806,6.854546651741621,15187,2.7918614604596037,15187,58.78053598472378,15187,2.8840455652861,15187,4.1614538750246926,15187,11.127938368341345,15187,3.792717455718707,15187,4.71455850398367,15187,0.09218410482649635,15187,2.6009086718904326,15187,2.581154935141898,15187,1.40251530914598,15187,86.31953780749247,27521,12.499545801388031,27521,25.951091893463172,27521,32.175429671886924,27521,60.12499545801388,27521,65.60808110170416,27521,99.3510064899351,27273,99.2080079199208,27273,73.68035574156421,19115,67.01132988670113,27273,0.5829941700582995,27273,17.770843334933588,24996,2.1979423,6123,2.6878927,10.75592,21616.0,88.93111638954869,2105,39.54401762620941,10439,40.194847,8.833571513635823,16794,23.38645205990513,18763,28.311037680541492,18763,3.927943292650429,18763,2.8033896498427757,18763,41.57117731706017,18763,55.009155113784985,19115,2.4064870520533614,19115,0.2668061731624379,19115,0.09939837823698666,19115,0.17263928851687158,19115,0.05754642950562386,19115,0.3295840962594821,19115,0.20402825006539366,19115,6.999738425320429,19115,0.10462987182840701,19115,1.741649250174165,27273,0.7846588200784659,27273,1.4006526601400653,27273,0.8836578300883657,27273,3.5199648003519965,27273,84.17309052992216,26853,5.410941049417198,26853,0.5548728261274346,26853,9.861095594533198,26853,90.1389044054668,26853,13.808801213960546,1318,20.075280692066997,62.285624583022646,25481,36.611592951611,25481,56.92510801728277,24996,95.8717610891524,2277,4.616287170461629,27273,6.345618915159944,5752,41.50430872986137,10676,8.47695766204571,10676,41.34507306107156,10676,3.868490071187711,10676,10676,2.554608467590858,94.46167478954364,5.538325210456364,0.5242947865898686,13542,13542,13542
031205,64595,31057,30.726836442449105,64595,65.41063549810357,64595,3.8625280594473255,64595,40.154810743865625,64595,6.528369068813376,64595,24.0,26.993946,107.98853720578292,33538,9.057976623577677,64595,29.528601284929174,64595,0.4752689836674665,64595,52.88033702546625,46.97529111047998,5.905045914986273,12.570536074163643,795.5110220440881,5.66665158575759,44206,8.828837386018238,21056,92.11919127765428,18894,91.22665900603275,17405,80.93567251461988,2565,34.59089837302523,8482,6.737318288095964,39348,33.142726440988106,39348,42.797600894581684,39348,17.32235437633425,39348,60.11995527091593,39348,64.6513164582698,39348,6.038340625759059,8.828837386018238,2.7904967602591793,21056,23150,1.8748631638440862,18.305718866916088,16.430855703072,18710,20638,-0.8271860623139489,8.002351683591662,8.829537745905611,18710,20638,19.742287953203466,36242,63.64990894542244,36242,1.2195794934054411,36242,6.144804370619723,36242,0.5656420727332928,36242,0.11312841454665858,36242,20.30793002593676,36242,81.4496010787729,80.30115743341949,44495,44495,36241,1.4100052426809415,72.76625824693686,71.71065032987748,21220,21220,59.704210584404834,36242,7.151923183047293,36242,29.548590033662602,36242,16.600014577982577,89.36627282491943,72.76625824693686,23275,21220,6.128248992881187,36242,2.3205121130180455,36242,59.60487831797362,36242,3.697367694939573,36242,3.3497047624303296,36242,13.103581480050769,36242,3.8215330279785884,36242,4.6051542409359305,36242,0.0993322664312124,36242,0.75602891672645,36242,2.1411621875172453,36242,1.5782793444070415,36242,84.62729313414351,64595,14.439198080346776,64595,34.51505534484093,64595,32.77343447635266,64595,66.66615063085378,64595,67.74208530071986,64595,99.36975770685174,64261,99.10832386673098,64261,72.95201708057085,44495,57.01436329966854,64261,0.63335460076874,64261,11.381640858927197,58445,2.0919795,14949,2.5762286,10.32921,51001.0,94.40982058545798,5295,41.6103403296573,25299,39.943398,8.436210226695131,39348,24.006238961396427,43597,28.102851113608736,43597,3.7686079317384222,43597,2.880932174232172,43597,41.24136981902424,43597,61.669850545005055,44495,1.317001910327003,44495,0.1663108214406113,44495,0.02921676592875604,44495,0.17530059557253624,44495,0.020226991796831104,44495,0.21575457916619845,44495,0.05169120125856838,44495,0.40453983593662207,44495,0.011237217664906169,44495,1.817587650363362,64261,0.8947884408894975,64261,1.4301053516129534,64261,0.9523661318684739,64261,3.562036071645321,64261,85.08363211346801,63313,3.5174450744712775,63313,0.48015415475494766,63313,10.918768657305767,63313,89.08123134269424,63313,13.746172167403879,2939,20.324954434993924,54.462162071622394,59702,44.09232521523567,59702,63.52639233467362,58445,96.64718019257221,5816,2.3886960987223977,64261,6.221727845754542,13485,42.97820823244552,25606,8.681559009607124,25606,40.61157541201281,25606,3.733499960946653,25606,25606,2.5096071233304693,96.77103718199609,3.2289628180039074,0.49840998043052837,32704,32704,32704
031206,45780,22099,30.609436435124508,45780,65.96985583224115,45780,3.4207077326343382,45780,40.40629095674967,45780,5.749235474006116,45780,24.0,26.753014,107.15869496357301,23681,8.934032328527742,45780,29.676714722586283,45780,0.48055919615552645,45780,51.58438462302573,46.39912585675971,5.185258766266018,11.175337186897881,894.8275862068965,5.4106557116015415,31401,8.533581841176861,15023,92.30133693856091,13314,90.27585645699406,12289,81.92972671500279,1793,33.14854068155878,6133,6.35678391959799,27860,34.16367552045944,27860,42.670495333811914,27860,16.809045226130653,27860,59.47954055994257,27860,64.49389806173726,27860,5.987483416460779,8.533581841176861,2.5460984247160825,15023,16378,0.4079912901056062,17.021915340738516,16.61392405063291,13324,14536,-0.9155407202763453,7.96262383668568,8.878164556962025,13324,14536,22.326186892315203,24581,61.824173141857536,24581,1.0984093405475774,24581,6.073796834953826,24581,0.64684105610024,24581,0.06509092388430088,24581,22.973027948415442,24581,78.15126050420169,76.93356587918186,31535,31535,24645,1.5581253804017041,68.50612785690626,67.3468035773435,15095,15095,55.99039908872707,24581,9.120865709287662,24581,31.320938936577033,24581,18.50117141316673,87.00729927007299,68.50612785690626,16440,15095,6.533501484886701,24581,2.6158415036003415,24581,55.63239900736341,24581,4.6662056059558195,24581,4.145478214881413,24581,13.559253081648428,24581,4.1047963874537245,24581,5.284569382856678,24581,0.35800008136365485,24581,0.9478865790651316,24581,2.343273259834832,24581,1.4360685081973883,24581,82.96417649628658,45780,12.778505897771954,45780,37.64962865880297,45780,30.786369593709043,45780,66.06159895150721,45780,67.58628221930974,45780,99.2409908918907,45454,98.89558674704097,45454,67.42983986047248,31535,69.88383860606328,45454,0.9042108505302063,45454,15.723118539271567,41404,2.0326006,10828,2.4949222,10.429078,34912.0,96.10141766630316,3668,44.472166777556,18036,39.56132,8.440308686288585,27860,22.68214055448098,31020,28.69439071566731,31020,3.5783365570599615,31020,2.9561573178594456,31020,42.0889748549323,31020,58.544474393531,31535,1.395275091168543,31535,0.2790550182337086,31535,0.031710797526557796,31535,0.2568574599651181,31535,0.015855398763278898,31535,0.05390835579514825,31535,0.006342159505311558,31535,0.031710797526557796,31535,0.025368638021246233,31535,1.6280195362344347,45454,0.8712104545254543,45454,1.434417213006556,45454,1.053812645751749,45454,3.5046420557046685,45454,83.6068864011418,44842,4.611747914901208,44842,0.41032960171268007,44842,11.371036082244325,44842,88.62896391775567,44842,11.011342155009451,2116,20.345620167355154,58.293581448070654,42346,40.36508761158079,42346,61.28876437059221,41404,95.70370370370371,4050,3.79284551414617,45454,6.249335742374322,9409,42.62642740619902,18390,7.727025557368135,18390,42.26753670473083,18390,3.6215334420880914,18390,18390,2.471669385535617,96.2135833103575,3.7864166896424933,0.29409061667126185,21762,21762,21762
031301,19896,9944,30.644350623240854,19896,60.193003618817855,19896,9.162645757941295,19896,39.806996381182145,19896,13.238841978287093,19896,26.0,30.652342,100.0804505229284,9952,8.50422195416164,19896,24.165661439485323,19896,1.7189384800965017,19896,66.13226452905812,50.91015364061456,15.222110888443554,29.899950795473185,334.4487109160724,11.786031370227878,13516,17.180356879516296,6781,90.82537517053206,5864,97.99098760796095,5326,76.26404494382022,712,36.033382425135,2037,12.329677633765371,12036,41.99069458291791,12036,31.51379195746095,12036,14.165835825855766,12036,45.67962778331672,12036,51.063476237952806,12036,10.825494221758316,17.180356879516296,6.35486265775798,6781,6735,2.358250768541012,15.340062882674168,12.981812114133156,6043,5993,-0.9225389519611369,6.55551878206189,7.478057734023027,6043,5993,17.448200654307524,11004,57.924391130498,11004,1.717557251908397,11004,10.159941839331152,11004,0.663395129043984,11004,0.6270447110141767,11004,18.111595783351508,11004,80.09225362424952,79.14775223312344,13658,13658,10939,1.1792668434043332,72.42234213212775,71.60565845121774,6857,6857,67.0392584514722,11004,7.088331515812432,11004,22.58269720101781,11004,15.402977673783141,87.8253198059109,72.42234213212775,6801,6857,5.670665212649945,11004,2.3536895674300253,11004,62.94074881861141,11004,2.42639040348964,11004,4.589240276263177,11004,8.933115230825155,11004,1.9265721555797892,11004,3.980370774263904,11004,4.098509632860778,11004,0.8724100327153762,11004,2.635405307161032,11004,1.2540894220283534,11004,84.20788098110172,19896,16.721954161640532,19896,19.209891435464414,19896,31.870727784479293,19896,64.61097708082026,19896,73.54744672295939,19896,99.3505175563223,19708,99.10188755835193,19708,75.22331234441353,13658,23.7467018469657,19708,0.786482646640958,19708,10.616723001052806,18047,2.2532828,3960,3.2749805,13.791305,21064.0,91.07534747622532,1367,37.50551551698779,6799,47.532726,7.014872050515121,12036,32.197449854596975,13411,22.891656103198866,13411,3.37782417418537,13411,5.555141301916337,13411,35.977928566102456,13411,67.44032801288623,13658,0.424659540196222,13658,0.029286864841118757,13658,0.0,13658,0.029286864841118757,13658,0.0,13658,0.0,13658,0.0,13658,0.0,13658,0.0,13658,3.88167241729247,19708,2.354373858331642,19708,4.201339557540085,19708,2.0803734524051145,19708,7.63649279480414,19708,82.76342975206612,19360,7.066115702479339,19360,0.5320247933884298,19360,9.638429752066116,19360,90.36157024793388,19360,12.828947368421053,912,20.39575245489838,30.644635286444178,18398,67.61604522230677,18398,70.66548456807226,18047,96.74894641782059,1661,4.13537649685407,19708,8.460119870908253,4338,45.76761684271451,6911,21.458544349587616,6911,30.313992186369557,6911,8.276660396469397,6911,6911,2.8516857184199105,96.66415581620575,3.3358441837942507,1.4419455504142904,9293,9293,9293
031302,5244,2601,36.38443935926774,5244,55.282227307398934,5244,8.333333333333334,5244,45.90007627765065,5244,11.803966437833715,5244,22.0,27.6209,101.61476355247981,2643,13.672768878718536,5244,25.24790236460717,5244,1.7353165522501908,5244,80.88996205588134,65.81579855122456,15.074163504656779,22.90356394129979,436.6132723112128,16.178266178266178,3276,24.174454828660437,1605,83.004455760662,1571,98.77300613496932,1304,58.14977973568282,227,28.501628664495115,614,17.81011781011781,2886,40.436590436590436,2886,32.32848232848233,2886,9.424809424809425,2886,41.753291753291755,2886,46.846846846846844,2886,15.676549382819623,24.174454828660437,8.497905445840814,1605,1671,-0.8689310313018872,8.981612446958982,9.85054347826087,1414,1472,-1.4352986055593133,5.555869872701556,6.991168478260869,1414,1472,10.9979633401222,2455,56.65987780040733,2455,0.570264765784114,2455,16.415478615071283,2455,0.3665987780040733,2455,0.0,2455,11.364562118126273,2455,74.51632406287787,72.58162031438935,3308,3308,2465,2.5963488843813387,67.52926678989526,66.35859519408503,1623,1623,74.17515274949083,2455,9.327902240325866,2455,12.342158859470468,2455,13.717024011291684,81.24629080118694,67.52926678989526,1685,1623,2.9327902240325865,2455,1.9959266802443991,2455,74.05295315682281,2455,2.8105906313645623,2455,6.435845213849287,2455,4.032586558044806,2455,1.7107942973523422,2455,2.281059063136456,2455,0.12219959266802444,2455,0.8961303462321792,2455,0.6109979633401222,2455,0.8961303462321792,2455,81.73150266971777,5244,6.845919145690313,5244,8.142639206712433,5244,26.79252479023646,5244,27.364607170099163,5244,64.18764302059496,5244,95.46153846153847,5200,95.13461538461539,5200,78.17412333736397,3308,10.557692307692308,5200,0.19230769230769232,5200,5.541954150901402,4493,2.5527878,843,3.5108852,17.838514,4793.0,80.11695906432749,342,42.61763115197404,1849,45.100594,6.287941787941788,2886,29.13337430854333,3254,16.50276582667486,3254,2.704363859864782,3254,6.146281499692686,3254,45.51321450522434,3254,73.45828295042321,3308,0.2720677146311971,3308,0.0,3308,0.030229746070133012,3308,0.0,3308,0.0,3308,0.0,3308,0.0,3308,0.0,3308,0.0,3308,2.7884615384615383,5200,2.423076923076923,5200,3.6923076923076925,5200,2.9423076923076925,5200,7.153846153846154,5200,79.04967602591793,5093,2.8274101708226977,5093,0.490869821323385,5093,17.63204398193599,5093,82.367956018064,5093,26.050420168067227,238,20.483014861995752,14.959773863883452,4599,83.10502283105023,4599,58.49098597818829,4493,69.73125884016973,707,3.326923076923077,5200,13.03191489361702,1128,52.44941427050053,1878,20.340788072417464,1878,29.87220447284345,1878,8.040468583599575,1878,1878,2.768903088391906,90.3225806451613,9.677419354838705,6.158357771260997,1364,1364,1364
031303,3512,1652,26.850797266514807,3512,63.097949886104786,3512,10.05125284738041,3512,36.73120728929385,3512,13.895216400911162,3512,27.0,31.65632,112.590799031477,1860,7.659453302961276,3512,27.53416856492027,3512,1.9362186788154898,3512,58.48375451263538,42.55415162454874,15.929602888086643,37.43372216330859,267.1388101983003,12.673818037346047,2517,20.563139931740615,1172,86.02620087336244,916,98.60406091370558,788,70.37037037037037,108,31.333333333333332,450,11.915269196822594,2266,49.51456310679612,2266,31.288614298323036,2266,7.281553398058253,2266,38.57016769638129,2266,44.1306266548985,2266,14.763883426164407,20.563139931740615,5.799256505576208,1172,1345,0.8489245497606639,7.728119180633147,6.879194630872483,1074,1192,-1.313388136927749,5.418994413407821,6.73238255033557,1074,1192,11.10029211295034,2054,69.66893865628043,2054,0.7302823758519961,2054,7.108081791626096,2054,0.19474196689386564,2054,0.1460564751703992,2054,11.295034079844207,2054,80.49450549450549,79.47409733124019,2548,2548,2051,1.2676743052169672,73.5171261487051,72.34753550543024,1197,1197,76.38753651411879,2054,8.860759493670885,2054,10.272638753651412,2054,13.159409750628726,86.67653589933383,73.5171261487051,1351,1197,2.044790652385589,2054,1.7526777020447906,2054,76.33885102239533,2054,3.8461538461538463,2054,5.0146056475170395,2054,3.7974683544303796,2054,1.6066212268743914,2054,2.0934761441090557,2054,0.04868549172346641,2054,0.6329113924050633,2054,0.34079844206426485,2054,0.5842259006815969,2054,81.89066059225513,3512,8.342824601366743,3512,13.268792710706151,3512,24.145785876993166,3512,36.44646924829157,3512,60.108200455580864,3512,99.28098935864251,3477,98.82082254817371,3477,88.54003139717426,2548,12.71210813920046,3477,0.2876042565429968,3477,6.747512437810945,3216,2.4236112,576,3.4955134,15.351629,3498.0,78.1725888324873,197,36.60079051383399,1265,48.211857,6.109885260370698,2266,36.091127098321344,2502,15.987210231814549,2502,1.7985611510791366,2502,5.675459632294165,2502,40.44764188649081,2502,76.29513343799059,2548,0.03924646781789639,2548,0.0,2548,0.0,2548,0.15698587127158556,2548,0.0,2548,0.0,2548,0.0,2548,0.0,2548,0.0,2548,3.537532355478861,3477,2.358354903652574,3477,3.738855335058959,3477,2.4733966062697728,3477,7.448950244463618,3477,87.1092587079488,3359,0.9526644834772253,3359,0.2679368859779696,3359,11.670139922596011,3359,88.32986007740399,3359,12.162162162162161,148,20.861702127659573,8.863080684596577,3272,89.60880195599022,3272,62.406716417910445,3216,95.40229885057471,261,4.9467932125395455,3477,14.222873900293255,682,36.82983682983683,1287,23.154623154623156,1287,34.654234654234656,1287,9.945609945609945,1287,1287,2.7016317016317015,88.8515406162465,11.148459383753504,0.8403361344537815,1785,1785,1785
031304,8056,3928,33.78848063555114,8056,58.540218470705064,8056,7.671300893743793,8056,44.8733862959285,8056,10.700099304865939,8056,22.5,28.174776,105.09164969450102,4128,10.240814299900695,8056,26.47715988083416,8056,1.3406156901688182,8056,70.82273112807464,57.71840542832909,13.104325699745548,22.703894195444526,440.453074433657,23.725565350709083,5218,32.78236914600551,2541,81.45825166601333,2551,98.98941289701636,2078,52.5974025974026,308,27.09883103081828,941,26.045794804051077,4542,46.67547335975341,4542,22.85336856010568,4542,4.425363276089828,4542,27.278731836195508,4542,34.21400264200793,4542,17.653493538982723,32.78236914600551,15.128875607022787,2541,2677,-0.6615179066054022,4.088050314465409,4.7495682210708114,2226,2316,-1.701347476129957,3.8742138364779874,5.575561312607944,2226,2316,7.485515643105446,4315,55.9675550405562,4315,0.764774044032445,4315,20.162224797219004,4315,0.440324449594438,4315,0.2549246813441483,4315,7.925840092699884,4315,80.75542965061379,79.39565627950897,5295,5295,4276,1.6838166510757717,73.40015420200463,72.08943716268311,2594,2594,85.12166859791425,4315,4.009269988412514,4315,7.717265353418308,4315,14.41917197348593,87.81932617549056,73.40015420200463,2701,2594,1.7844727694090383,4315,1.853997682502897,4315,83.01274623406721,4315,1.9003476245654694,4315,2.108922363847045,4315,3.1749710312862107,4315,0.6257242178447276,4315,1.1355735805330243,4315,2.108922363847045,4315,0.2549246813441483,4315,0.7184241019698725,4315,0.3707995365005794,4315,76.14200595829196,8056,9.719463753723932,8056,7.49751737835154,8056,32.7085402184707,8056,29.94041708043694,8056,55.93346573982125,8056,99.08715768413155,7997,98.34938101788171,7997,93.25779036827196,5295,6.752532199574841,7997,0.06252344629235963,7997,5.9306696366420715,7183,2.6210806,1499,3.3538659,18.80582,7838.0,54.97076023391813,513,35.439665017129805,2627,45.47088,4.741743725231176,4542,31.114521388835602,5213,19.950124688279303,5213,2.8006905812392096,5213,5.812392096681373,5213,40.32227124496451,5213,62.51180358829084,5295,0.13220018885741266,5295,0.0,5295,0.0,5295,0.018885741265344664,5295,0.0,5295,0.0,5295,0.0,5295,0.0,5295,0.0,5295,3.276228585719645,7997,2.2633487557834187,7997,4.714267850443917,7997,3.901463048643241,7997,8.103038639489808,7997,82.15436155134648,7761,2.1775544388609713,7761,0.7730962504831852,7761,14.894987759309368,7761,85.10501224069063,7761,12.412177985948478,427,21.097370291400143,4.544836032113213,7349,94.06722002993605,7349,46.81887790616734,7183,95.08599508599508,814,4.776791296736276,7997,16.19496855345912,1908,48.60482654600302,2652,19.834087481146305,2652,31.070889894419306,2652,7.918552036199095,2652,2652,3.0154600301659125,93.46049046321527,6.539509536784735,1.021798365122616,2936,2936,2936
031401,35248,18720,25.309237403540628,35248,63.231956423059465,35248,11.458806173399909,35248,33.355083976395825,35248,15.782455742169768,35248,30.0,33.0966,88.2905982905983,16528,7.149341806627326,35248,24.676577394462097,35248,2.320699046754426,35248,58.14788226848528,40.02602297200287,18.121859296482413,45.27519336397265,220.8715028472394,5.864079159315794,26074,9.402732779264685,14198,96.46881170867697,8609,89.94581577363034,8305,86.74033149171271,1086,57.62538382804504,3908,5.910026462805058,23807,27.12227496114588,23807,32.92729029277103,23807,34.040408283278026,23807,66.96769857604906,23807,70.69769395555929,23807,7.769186130561418,9.402732779264685,1.633546648703267,14198,11876,-2.554813288345038,32.88270988555188,35.43752317389692,13019,10788,-1.6227843020453019,9.175973577079652,10.798757879124954,13019,10788,27.706412514244278,19306,54.40795607583135,19306,1.1654407956075832,19306,8.691598466797887,19306,0.5438723712835388,19306,0.0725163161711385,19306,28.250284885527815,19306,74.56700439686485,73.11795067864654,26155,26155,19503,1.9432907757780855,69.29824561403508,68.00701754385965,14250,14250,27.26613488034808,19306,17.16564798508236,19306,51.45550606029214,19306,11.575336914314349,80.87358252834943,69.29824561403508,11905,14250,15.69460271418212,19306,3.439345281259712,19306,27.18843882730757,19306,8.867709520356366,19306,8.183984253599917,19306,19.631202734901066,19306,6.86833108878069,19306,6.065471874028799,19306,0.07769605304050554,19306,2.2065679063503576,19306,6.200145032632342,19306,3.154459753444525,19306,80.02156150703586,35248,17.294598275079437,35248,34.14378120744439,35248,24.214139809350886,35248,62.874489332728096,35248,69.5245120290513,35248,99.3948562783661,35033,99.07230325692917,35033,60.5964442745173,26155,32.14683298604173,35033,2.2321810864042475,35033,8.609719361878708,32533,1.5608116,8477,2.4285715,12.239355,33858.0,97.00934579439253,2140,42.40944602272727,11264,49.57271,9.911328600831688,23807,38.657407407407405,25920,13.356481481481481,25920,4.085648148148148,25920,6.242283950617284,25920,37.65817901234568,25920,56.9642515771363,26155,0.5926209137832155,26155,0.030586885872682087,26155,0.019116803670426306,26155,0.1567577900974957,26155,0.007646721468170522,26155,0.0,26155,0.003823360734085261,26155,0.007646721468170522,26155,0.003823360734085261,26155,3.0228641566522994,35033,1.51285930408472,35033,2.9629206747923384,35033,1.3159021494019925,35033,6.057146119373162,35033,74.08078715691352,34758,11.565682720524771,34758,0.6732263076126359,34758,13.680303814949076,34758,86.31969618505093,34758,5.866486850977748,1483,22.31434574530174,55.754112239961295,33072,43.23899371069182,33072,70.73125749239234,32533,97.2,2500,2.6888933291468042,35033,3.721298495645289,6315,44.83973230010567,11356,27.59774568510039,11356,23.64388869320183,11356,8.171891511095456,11356,11356,3.0849771046143006,85.53666886900115,14.463331130998853,4.438705027328969,16649,16649,16649
031402,8599,4402,25.93324805209908,8599,62.949180137225255,8599,11.11757181067566,8599,34.666821723456216,8599,14.966856611233865,8599,29.0,32.70136,95.34302589731941,4197,7.535759972089778,8599,24.58425398302128,8599,2.3607396208861497,8599,58.858304082763716,41.197118049140954,17.66118603362276,42.869955156950674,233.26359832635984,7.595549104983068,6201,12.316348859018444,3199,94.50961989676209,2131,97.91459781529295,2014,86.81318681318682,273,44.94736842105263,950,7.985061355148497,5623,30.642006046594343,5623,36.973146007469325,5623,24.399786590787837,5623,61.37293259825716,5623,64.71634358883159,5623,9.751392163482134,12.316348859018444,2.564956695536309,3199,3002,-2.4036530763288155,23.243057936235857,25.646711012564673,2917,2706,-1.8651820849869303,8.015083990401097,9.880266075388027,2917,2706,25.336648021545475,4827,51.460534493474206,4827,1.09799047027139,4827,10.669152682825771,4827,1.0565568676196395,4827,0.062150403977625855,4827,26.393204889165112,4827,77.60789934702979,75.8719541328237,6279,6279,4873,2.236815103632259,71.56019656019656,70.02457002457002,3256,3256,46.44706857261239,4827,15.143981769214832,4827,33.45763414128859,4827,12.561536817243066,84.12173337743963,71.56019656019656,3023,3256,12.927284027346177,4827,3.045369794903667,4827,46.38491816863476,4827,4.619846695670189,4827,10.524135073544645,4827,11.104205510669154,4827,3.7911746426351773,4827,3.107520198881293,4827,0.062150403977625855,4827,1.1187072715972655,4827,8.120986119743112,4827,2.0716801325875287,4827,83.07942784044657,8599,18.036981044307478,8599,26.73566693801605,8599,29.235957669496454,8599,54.75055238981277,8599,72.03163158506803,8599,99.15124366379818,8483,98.86832488506424,8483,79.71014492753623,6279,44.11175291759991,8483,1.5796298479311564,8483,12.820186058366255,7847,1.8067416,1780,2.7935264,13.985759,8144.0,94.83747609942638,523,41.10353378797272,3226,47.1305,8.912680064022764,5623,39.54700993970996,6137,14.534788984846015,6137,3.6988756721525173,6137,5.083917223399055,6137,37.13540817989246,6137,72.6389552476509,6279,0.43000477783086477,6279,0.01592610288262462,6279,0.0,6279,0.01592610288262462,6279,0.01592610288262462,6279,0.0,6279,0.0,6279,0.0,6279,0.01592610288262462,6279,3.1592596958623127,8483,1.9568548862430744,8483,3.194624543204055,8483,1.8507603442178475,8483,6.365672521513615,8483,76.76005747126437,8352,10.344827586206897,8352,0.3232758620689655,8352,12.57183908045977,8352,87.42816091954023,8352,7.631578947368421,380,21.99077868852459,36.52642123716504,7986,62.021036814425244,7986,72.2441697463999,7847,95.9119496855346,636,3.701520688435695,8483,4.0051679586563305,1548,39.254926108374384,3248,22.814039408866996,3248,34.82142857142857,3248,8.405172413793103,3248,3248,2.6117610837438425,66.72998643147896,33.27001356852104,6.648575305291724,3685,3685,3685
031403,13054,6684,25.379194116745825,13054,62.984525815841884,13054,11.636280067412287,13054,33.575915428221236,13054,16.05638118584342,13054,30.0,33.28206,95.30221424296828,6370,7.108932128083346,13054,24.03860885552321,13054,2.3211276237168685,13054,58.769155923133056,40.29433227925079,18.474823643882267,45.84968306670691,218.10401579986834,5.566517810779936,9629,9.229550406020994,5049,96.3642013673089,3218,96.3882618510158,3101,87.35632183908046,435,57.89473684210526,1463,6.414922656960874,8792,28.105095541401273,8792,32.74567788898999,8792,32.73430391264786,8792,65.47998180163785,8792,69.50636942675159,8792,7.7011661265450115,9.229550406020994,1.5283842794759825,5049,4580,-2.1247283468457496,31.729939603106125,33.854667949951875,4636,4156,-1.5887081973856532,8.955565142364106,10.54427333974976,4636,4156,29.627081326544655,7267,49.26379523875052,7267,1.3623228292280172,7267,11.21508187697812,7267,0.8531718728498693,7267,0.041282509976606575,7267,30.48025319939452,7267,75.59739319333816,74.30433433329885,9667,9667,7308,1.7104542966611933,69.96647604022876,68.68467757838691,5071,5071,37.057933122333836,7267,16.25154809412412,7267,41.98431264620889,7267,11.843793759597176,81.81026979982593,69.96647604022876,4596,5071,16.444199807348287,7267,3.1787532681987063,7267,36.86528140910968,7267,6.921700839411036,7267,9.219760561442136,7267,13.829640842163203,7267,5.930920599972478,7267,3.894316774459887,7267,0.19265171322416402,7267,1.348561992569148,7267,8.55924040181643,7267,2.8072106784092474,7267,82.71794086103876,13054,19.243143863949747,13054,33.40738470966753,13054,28.650222154129004,13054,60.67871916653899,13054,72.50651141412594,13054,99.47567275811551,12969,99.11327010563652,12969,71.92510603082653,9667,45.41599198087748,12969,2.035623409669211,12969,10.434132979164938,12047,1.6952248,2848,2.7309613,13.554263,13066.0,96.18320610687023,786,38.05206880520688,4302,49.91074,9.706551410373066,8792,41.24777928728185,9569,13.08391681471418,9569,3.500888285087261,9569,6.008987355000523,9569,36.158428257916185,9569,68.56315299472432,9667,0.8379021413054722,9667,0.04137788352125789,9667,0.0,9667,0.04137788352125789,9667,0.010344470880314472,9667,0.0,9667,0.0,9667,0.0,9667,0.0,9667,2.7372966304264015,12969,1.4727426941167399,12969,2.7527180198935923,12969,1.0949186521705605,12969,5.58254298712314,12969,74.23570595099183,12855,14.56242707117853,12855,0.3733955659276546,12855,10.828471411901983,12855,89.17152858809801,12855,7.034220532319392,526,22.253928346951604,53.784048279236664,12262,45.35149241559289,12262,74.52477795301735,12047,97.18004338394793,922,2.9377746934998843,12969,2.907986111111111,2304,44.40074039796391,4322,27.62609902822767,4322,25.034706154558076,4322,8.583988894030542,4322,4322,3.0006941230911615,70.1063829787234,29.893617021276597,8.28014184397163,5640,5640,5640
031404,1287,642,24.32012432012432,1287,61.92696192696193,1287,13.752913752913752,1287,32.245532245532246,1287,17.87101787101787,1287,32.0,34.700855,100.46728971962617,645,6.526806526806527,1287,21.367521367521366,1287,2.641802641802642,1287,61.480552070263485,39.272271016311166,22.20828105395232,56.54952076677316,176.8361581920904,4.2752867570385815,959,7.566462167689162,489,94.11764705882354,306,92.36111111111111,288,94.5945945945946,37,53.96825396825397,126,4.571428571428571,875,21.82857142857143,875,37.02857142857143,875,36.57142857142857,875,73.6,875,75.42857142857143,875,6.715398337901927,7.566462167689162,0.851063829787234,489,470,-5.7516339869281055,33.77777777777778,39.529411764705884,450,425,-1.7128104575163405,9.837777777777777,11.550588235294118,450,425,26.73942701227831,733,53.47885402455662,733,1.9099590723055935,733,8.321964529331515,733,0.6821282401091405,733,0.0,733,27.42155525238745,733,76.71517671517671,74.94802494802495,962,962,738,2.303523035230352,71.28309572301426,69.24643584521385,491,491,39.972714870395635,733,14.188267394270122,733,40.38199181446112,733,11.09482359758023,82.37791932059449,71.28309572301426,471,491,20.32742155525239,733,2.8649386084583903,733,39.83628922237381,733,4.911323328785811,733,9.276944065484312,733,13.096862210095498,733,2.728512960436562,733,2.1828103683492497,733,0.1364256480218281,733,1.2278308321964528,733,11.323328785811732,733,3.4106412005457027,733,79.87567987567988,1287,23.465423465423466,1287,33.022533022533025,1287,24.242424242424242,1287,55.47785547785548,1287,68.2983682983683,1287,99.76377952755905,1270,99.76377952755905,1270,79.52182952182952,962,43.54330708661417,1270,1.4173228346456692,1270,14.30976430976431,1188,2.0170212,235,2.9977272,14.264035,1318.0,91.54929577464789,71,43.983402489626556,482,51.072613,10.669714285714285,875,40.46610169491525,944,13.665254237288135,944,4.872881355932203,944,7.0974576271186445,944,33.898305084745765,944,78.79417879417879,962,0.2079002079002079,962,0.0,962,0.0,962,0.0,962,0.0,962,0.0,962,0.0,962,0.0,962,0.0,962,2.440944881889764,1270,1.6535433070866141,1270,2.8346456692913384,1270,1.5748031496062993,1270,4.960629921259843,1270,67.84,1250,20.16,1250,1.68,1250,10.32,1250,89.68,1250,8.51063829787234,47,22.636363636363637,43.40248962655602,1205,55.35269709543569,1205,75.25252525252525,1188,100.0,82,7.559055118110236,1270,4.504504504504505,222,39.630390143737166,487,29.15811088295688,487,30.390143737166323,487,13.141683778234086,487,487,2.6078028747433266,54.54545454545455,45.45454545454545,18.762088974854933,517,517,517
031405,3822,1921,24.071166928309786,3822,67.05913134484562,3822,8.869701726844584,3822,32.6007326007326,3822,12.087912087912088,3822,30.0,32.419674,98.95887558563248,1901,6.279434850863423,3822,24.960753532182103,3822,2.0931449502878072,3822,49.122122512680455,35.89543503706594,13.226687475614515,36.84782608695652,271.38643067846607,5.629838142153413,2842,8.068965517241379,1450,95.42483660130719,918,97.8310502283105,876,83.33333333333333,120,49.75124378109453,402,6.573859242072699,2586,23.201856148491878,2586,42.15003866976025,2586,28.074245939675173,2586,70.22428460943541,2586,73.47254447022428,2586,4.9798850574712645,8.068965517241379,3.089080459770115,1450,1392,-3.6294665294497754,26.29179331306991,29.921259842519685,1316,1270,-1.4612725271043256,9.148176291793312,10.609448818897638,1316,1270,22.12264150943396,2120,51.509433962264154,2120,1.1320754716981132,2120,11.226415094339623,2120,1.2264150943396226,2120,0.0,2120,23.349056603773583,2120,75.31424581005587,73.42877094972067,2864,2864,2157,2.5034770514603615,68.69446343130554,66.57552973342447,1463,1463,45.943396226415096,2120,14.858490566037736,2120,34.905660377358494,2120,13.532517296745851,82.22698072805139,68.69446343130554,1401,1463,15.80188679245283,2120,2.5,2120,45.75471698113208,2120,6.886792452830188,2120,7.971698113207547,2120,11.367924528301886,2120,3.7735849056603774,2120,1.8396226415094339,2120,0.18867924528301888,2120,1.4622641509433962,2120,7.971698113207547,2120,3.018867924528302,2120,86.02825745682888,3822,12.899005756148613,3822,13.893249607535322,3822,29.356357927786497,3822,48.06384092098378,3822,68.89063317634746,3822,99.4166003712543,3771,99.28400954653938,3771,69.44832402234637,2864,17.21028904799788,3771,0.45080880403076107,3771,6.082036775106082,3535,1.6138365,795,2.2999172,9.584087,2765.0,94.79768786127168,173,38.26335877862596,1048,49.998093,9.865815931941222,2586,37.66654663305726,2777,12.531508822470292,2777,3.817068779258192,2777,5.473532589124955,2777,40.511343176089305,2777,66.34078212290503,2864,0.27932960893854747,2864,0.0,2864,0.0,2864,0.0,2864,0.0,2864,0.0,2864,0.0,2864,0.0,2864,0.0,2864,1.3259082471492973,3771,1.1933174224343674,3771,2.041898700609918,3771,0.954653937947494,3771,2.9965526385574117,3771,77.3061224489796,3675,9.333333333333334,3675,0.5986394557823129,3675,12.761904761904763,3675,87.23809523809524,3675,1.2820512820512822,156,21.99249249249249,35.85746102449889,3592,62.165924276169264,3592,61.98019801980198,3535,97.03389830508475,236,5.011933174224343,3771,4.519774011299435,708,45.920303605313094,1054,24.667931688804554,1054,18.785578747628083,1054,6.451612903225806,1054,1054,3.5777988614800758,67.98975672215109,32.010243277848915,7.9385403329065305,1562,1562,1562
031501,8282,3697,29.847862835063996,8282,60.589229654672785,8282,9.562907510263221,8282,37.659985510746196,8282,14.175319971021493,8282,27.0,31.425863,124.01947525020287,4585,8.814296063752717,8282,23.484665539724705,8282,1.8111567254286405,8282,65.04583499402152,49.2626544440016,15.783180550019928,32.03883495145631,312.1212121212121,13.888383930194511,5501,24.489795918367346,2401,91.01277372262774,2192,97.79448621553885,1995,75.42662116040955,293,34.04791929382093,793,17.697185889813714,5046,44.1141498216409,5046,30.836305984938566,5046,7.352358303606818,5046,38.18866428854538,5046,42.64764169639318,5046,18.812376563528638,24.489795918367346,5.67741935483871,2401,3100,-1.2127533119149865,6.672678088367899,7.885431400282886,2218,2828,-2.354605114640023,4.5347159603246165,6.88932107496464,2218,2828,8.28804347826087,4416,60.89221014492754,4416,0.8831521739130435,4416,16.46286231884058,4416,0.33967391304347827,4416,0.18115942028985507,4416,8.627717391304348,4416,78.6461102250576,77.33475101896154,5643,5643,4438,1.6674177557458314,71.58316633266533,70.62124248496994,2495,2495,75.3623188405797,4416,9.23913043478261,4416,11.752717391304348,4416,12.66079808918981,84.24396442185514,71.58316633266533,3148,2495,2.128623188405797,4416,1.4719202898550725,4416,74.77355072463769,4416,2.76268115942029,4416,6.453804347826087,4416,5.865036231884058,4416,2.3777173913043477,4416,0.8378623188405797,4416,0.5887681159420289,4416,0.29438405797101447,4416,0.5661231884057971,4416,0.6793478260869565,4416,73.2794011108428,8282,5.856073412219271,8282,4.853900024148756,8282,30.499879256218303,8282,21.311277469210335,8282,65.70876599855107,8282,99.52935348030717,8074,99.17017587317315,8074,89.68633705475811,5643,13.673519940549914,8074,0.14862521674510776,8074,7.274952406853413,7354,2.8003488,1147,3.6135576,19.426447,7253.0,53.546910755148744,437,27.570837312957657,3141,47.129257,5.854340071343638,5046,59.08084163898118,5418,6.736803248431156,5418,1.421188630490956,5418,6.164636397194537,5418,26.596530084902177,5418,68.98812688286372,5643,2.1796916533758637,5643,0.0,5643,0.0,5643,0.1240474924685451,5643,0.0531632110579479,5643,0.0,5643,0.0,5643,0.0,5643,0.0,5643,2.1550656428040624,8074,1.6968045578399802,8074,2.1426802080753036,8074,1.6596482536537032,8074,4.706465196928412,8074,82.0040899795501,7824,3.208077709611452,7824,0.2939672801635992,7824,14.493865030674847,7824,85.50613496932516,7824,9.386281588447654,277,21.69085631349782,12.418387741505663,7505,85.56962025316456,7505,74.20451454990481,7354,97.36111111111111,720,6.366113450582115,8074,4.974489795918367,1568,39.784946236559136,3162,20.24035420619861,3162,36.17963314358001,3162,8.79190385831752,3162,3162,2.553447185325743,88.42337375964719,11.576626240352809,5.145167217934583,2721,2721,2721
031601,18475,9275,27.502029769959403,18475,61.445196211096075,18475,11.05277401894452,18475,36.622462787550745,18475,15.204330175913396,18475,28.0,32.615696,99.19137466307278,9200,7.545331529093369,18475,24.178619756427604,18475,2.294993234100135,18475,62.74665257223397,44.75863284002819,17.988019732205778,40.188939185199764,248.82468168462293,9.837565774422329,13113,15.952955367913148,6632,91.80392935106173,5039,98.96238651102465,4626,72.89562289562289,594,33.96711202466598,1946,10.310590631364562,11784,47.3183978275628,11784,32.47623896809233,11784,9.894772572980312,11784,42.37101154107264,11784,47.16564833672776,11784,12.373260876322345,15.952955367913148,3.579694491590804,6632,6481,0.15844861862765747,9.97313633310947,9.814687714481812,5956,5828,-1.6692560820070126,5.8158159838818,7.485072065888812,5956,5828,9.176262178919398,11290,68.39681133746679,11290,0.6908768821966342,11290,9.379982285208149,11290,0.3720106288751107,11290,0.15943312666076173,11290,9.548272807794508,11290,84.49448390509295,84.0486625358924,13234,13234,11182,0.5276336970130567,79.11203814064362,78.65017878426698,6712,6712,78.43224092116918,11290,5.314437555358724,11290,13.224092116917626,11290,10.921693843410353,90.03373198405397,79.11203814064362,6522,6712,3.2949512843224094,11290,1.8157661647475642,11290,78.35252435783879,11290,2.409211691762622,11290,2.8697962798937113,11290,4.942426926483614,11290,2.66607617360496,11290,1.4703277236492471,11290,0.07971656333038087,11290,0.6643046944198405,11290,0.7440212577502214,11290,0.7971656333038086,11290,79.95669824086603,18475,9.044654939106902,18475,23.70771312584574,18475,28.31935047361299,18475,51.66982408660352,18475,69.79161028416779,18475,99.50736219825934,18269,99.09135694345613,18269,89.14916125132235,13234,15.27177185396026,18269,0.8703267830751547,18269,6.256659168935717,16894,2.550591,3469,3.8939545,16.897732,23370.0,92.95272078501338,1121,35.73155985489722,6616,49.77464,6.641378139850645,11784,42.823168392788645,13035,14.069812044495588,13035,2.2554660529344073,13035,6.3751438434982735,13035,34.47640966628308,13035,83.24769533021006,13234,0.09823182711198428,13234,0.00755629439322956,13234,0.0,13234,0.05289406075260692,13234,0.0,13234,0.0,13234,0.0,13234,0.00755629439322956,13234,0.0,13234,2.676665389457551,18269,1.844654879851114,18269,3.3280420384257487,18269,2.0800262740160926,18269,6.086813728173409,18269,83.71678458024623,17951,2.3786975655952314,17951,0.4010918611776503,17951,13.503425992980892,17951,86.4965740070191,17951,8.716136631330977,849,20.308770234356125,15.317566389679818,17209,83.05537799988379,17209,74.48206463833314,16894,97.16363636363636,1375,3.3170945317204006,18269,5.429864253393665,3757,38.798141765322946,6673,24.08212198411509,6673,36.04076127678705,6673,11.209351116439382,6673,6673,2.7377491383185975,95.4711087975013,4.5288912024986985,1.5720978656949505,9605,9605,9605
031602,27172,12972,29.975710290004415,27172,66.37347269247755,27172,3.6508170175180332,27172,40.74046812895628,27172,6.076107757986162,27172,24.0,26.94682,109.46654332408264,14200,8.60076549389077,27172,30.711762108052408,27172,0.5704401589871927,27172,50.662600499029665,45.16218464097588,5.500415858053785,12.1792510742787,821.0685483870968,5.423963378932241,18787,8.726415094339623,8904,91.99346405228758,7956,99.2348681513868,7319,79.40327237728586,1039,34.64018571060098,3877,6.544661253181433,16502,32.129438855896254,16502,42.54029814567931,16502,18.785601745243,16502,61.325899890922315,16502,65.64052842079748,16502,6.277765898751239,8.726415094339623,2.4486491955883842,8904,9883,0.8838353227392908,19.247871934951085,18.364036612211795,7871,8631,-0.9751621121613709,8.08207343412527,9.057235546286641,7871,8631,19.668309577727456,15014,63.12108698548022,15014,1.2987877980551485,15014,6.540562142000799,15014,0.6660450246436659,15014,0.11988810443585986,15014,20.33435460237112,15014,79.75736384827295,78.30578512396694,18876,18876,15055,1.8199933576884757,72.38222817593213,71.02031703505247,8958,8958,53.58998268282936,15014,8.39216731051019,15014,33.648594644998,15014,14.036404612936593,86.41863278886872,72.38222817593213,9918,8958,6.473957639536433,15014,2.7307846010390304,15014,53.49673637937924,15014,4.056214200079926,15014,4.249367257226589,15014,14.5530837884641,15014,4.462501665112562,15014,5.588117756760357,15014,0.09324630345011323,15014,1.132276541894232,15014,2.2379112828027177,15014,1.4120154522445718,15014,84.47666715736788,27172,11.187987634329456,27172,24.492124245546886,27172,29.6518474900633,27172,62.748417488591194,27172,65.32091859266892,27172,99.42160097882912,26971,99.2065551889066,26971,72.55774528501802,18876,63.83523043268696,26971,0.711875718364169,26971,17.58789894156292,24659,2.0238397,6292,2.531167,11.245805,20870.0,95.03407984420643,2054,41.02861562258314,10344,40.17624,8.592110047266997,16502,24.467279610600325,18490,26.365603028664143,18490,3.710113574905354,18490,3.163872363439697,18490,42.29313142239048,18490,60.1981351981352,18876,1.7800381436745074,18876,0.19071837253655435,18876,0.026488662852299217,18876,0.23839796567069294,18876,0.010595465140919686,18876,0.02119093028183937,18876,0.005297732570459843,18876,0.07946598855689765,18876,0.01589319771137953,18876,1.9354121093025842,26971,0.9788291127507323,26971,1.575766564087353,26971,0.9528753105187052,26971,3.707686033146713,26971,84.42669279174046,26539,4.2541165831417915,26539,0.2826029616790384,26539,11.036587663438713,26539,88.96341233656129,26539,9.694656488549619,1310,20.316136114160262,55.67284416048256,25199,43.12075876026827,25199,63.98475201751896,24659,96.84256055363322,2312,2.7103184902302475,26971,5.462402765773552,5785,43.58485166459983,10483,8.31822951445197,10483,39.24449108079748,10483,3.634455785557569,10483,10483,2.5728322045216063,94.57470217770695,5.425297822293047,0.4400940890811139,13179,13179,13179
040101,298350,156090,26.370035193564604,298350,67.01458019105078,298350,6.615384615384615,298350,35.649069884364,298350,9.694989106753813,298350,27.0,29.873991,91.13972708053046,142260,7.298139768728004,298350,28.1236802413273,298350,1.2535612535612535,298350,49.221258590162954,39.349698406506015,9.871560183656934,25.086749285033367,398.61681106551146,1.979471468276172,218038,3.2484197109836543,116118,98.13784547698525,78189,84.2922862392973,76733,94.10732714138287,9690,71.27889615404418,38846,2.3512142228769,195516,10.534176231101291,195516,35.707563575359565,195516,51.407045970662246,195516,87.11460954602181,195516,88.85155179115776,195516,2.7146677486602635,3.2484197109836543,0.533751962323391,116118,101920,-2.096338268500979,50.43387778870295,52.53021605720393,104753,90763,-0.9141463291711407,12.098689297681211,13.012835626852352,104753,90763,41.95597072309401,140452,44.02998889300259,140452,2.2726625466351495,140452,6.209238743485319,140452,0.6585879873551106,140452,0.20505225984678038,140452,42.614558710449124,140452,66.6625491245648,63.85301289705687,218577,218577,145709,4.214564645972452,59.80833304709236,57.15316181774465,116452,116452,6.300373081194999,140452,17.2913166063851,140452,71.00219292000114,140452,14.670002326224648,74.47833537331701,59.80833304709236,102125,116452,26.166234727878564,140452,5.307151197562156,140452,4.368752313957794,140452,8.51322871870817,140452,8.466949562839973,140452,25.245635519608122,140452,7.287187081707629,140452,8.38578304331729,140452,1.9316207672372057,140452,3.9636317033577306,140452,7.571269900037024,140452,5.859653119927093,140452,67.4171275347746,298350,27.42818836936484,298350,29.08027484498073,298350,26.426009720127368,298350,55.2646220881515,298350,68.03016591251885,298350,99.60568274803094,296969,99.42148843818715,296969,33.29902048248444,218577,31.252757021776684,296969,0.7933488007165731,296969,8.197459655597003,275317,1.5198673,78068,1.997137,9.631443,222490.0,93.71863196564392,19327,44.50044439797146,95635,44.139362,12.523056936516705,195516,32.65020119328431,216210,12.728828453818048,216210,5.997872438832617,216210,4.396651403727857,216210,44.22644651033717,216210,16.91669297318565,218577,13.912259752855974,218577,0.03751538359479726,218577,0.005947560813809321,218577,0.10568358061461179,218577,0.0041175421018679915,218577,0.003660037423882659,218577,0.0004575046779853324,218577,0.0013725140339559971,218577,0.0018300187119413296,218577,3.4030488030737214,296969,1.208543652704491,296969,2.0059332792311655,296969,0.8539611878680939,296969,5.5046149598106195,296969,64.21244192311994,295083,18.84961180413646,295083,1.3403008645025298,295083,15.597645408241071,295083,84.40235459175892,295083,3.76521116678597,13970,22.521948367365297,87.732969696537,280133,11.596991429071192,280133,32.64782051235485,275317,98.30038795492334,21652,1.9076065178520316,296969,3.0162090868071223,57622,47.36721825755451,96267,16.774180144805594,96267,23.47845055938172,96267,3.918268981063085,96267,96267,3.084847351636594,94.25243385458549,5.74756614541451,0.0,128089,128089,128089
040102,22850,11386,26.643326039387308,22850,63.921225382932164,22850,9.435448577680525,22850,35.689277899343544,22850,13.667396061269146,22850,28.0,31.658949,100.68505181802213,11464,7.452954048140044,22850,26.35010940919037,22850,1.7286652078774618,22850,56.44255785293715,41.68150075311516,14.761057099821992,35.41392904073587,282.3747680890538,3.5926329819459593,16506,6.328961617133919,8311,96.92699490662139,5890,98.26589595375722,5709,88.98186889818689,717,61.768802228412255,2872,3.909713825070536,14886,25.110842402257155,14886,42.34179766223297,14886,28.637646110439338,14886,70.97944377267231,14886,74.60701330108827,14886,5.511389927079007,6.328961617133919,0.8175716900549115,8311,8195,-4.720677885584543,26.291894779009212,31.012572664593755,7489,7397,-1.7876975997584523,9.147816797970357,10.93551439772881,7489,7397,22.887889495663348,12452,56.48088660456152,12452,1.1805332476710568,12452,9.950208801798908,12452,0.39351108255701894,12452,0.10440089945390299,12452,23.281400578220367,12452,75.32068654019874,74.00782896717855,16605,16605,12507,1.743023906612297,69.13801337153772,67.96800382043935,8376,8376,47.99229039511725,12452,11.90170253774494,12452,35.34371988435593,12452,12.47579146501593,81.61380483655365,69.13801337153772,8229,8376,10.737230966912946,12452,2.8830709926116285,12452,45.26983617089624,12452,4.545454545454546,12452,7.2839704465146164,12452,13.315130099582396,12452,4.906842274333441,12452,4.89881143591391,12452,2.722454224221009,12452,1.429489238676518,12452,5.717956954706072,12452,1.6945069065210407,12452,76.43326039387308,22850,17.49671772428884,22850,16.2363238512035,22850,41.22100656455142,22850,50.67833698030635,22850,73.81181619256017,22850,99.60292949792641,22666,99.37792288008471,22666,77.38632941884974,16605,28.443483631871526,22666,0.24706609017912293,22666,11.480881090874416,20974,2.0605206,4610,3.0673888,11.792576,22794.0,89.48106591865357,1426,39.65298885511651,7896,47.851444,10.036141340857181,14886,37.75491456917141,16329,15.451038030497887,16329,4.14599791781493,16329,6.326168167064732,16329,36.32188131545104,16329,12.767238783498946,16605,58.27762722071665,16605,0.012044564890093345,16605,0.006022282445046673,16605,0.0662451068955134,16605,0.0,16605,0.0,16605,0.0,16605,0.0,16605,0.0,16605,3.0839142327715523,22666,1.8441718874084532,22666,2.6294891026206653,22666,1.4073943351275038,22666,5.603105973705109,22666,74.99551649928264,22304,11.092180774748924,22304,1.129842180774749,22304,12.782460545193688,22304,87.21753945480631,22304,7.03953712632594,1037,21.131336856527696,68.33473901227626,21342,30.47980507918658,21342,60.32707161247259,20974,97.93144208037825,1692,4.989852642724786,22666,3.2288037166085948,4305,41.29590174207294,7979,22.18323098132598,7979,31.319714249906003,7979,8.459706730166687,7979,7979,2.840706855495676,87.16859983429991,12.831400165700089,5.820215410107705,9656,9656,9656
040103,9997,4879,26.507952385715715,9997,64.24927478243472,9997,9.242772831849555,9997,33.840152045613685,9997,13.273982194658398,9997,30.0,32.27198,104.89854478376716,5118,8.922676803040913,9997,23.006902070621187,9997,1.7605281584475343,9997,55.64378016503191,41.2579791374747,14.385801027557216,34.867924528301884,286.79653679653677,3.447784584698675,7019,5.811623246492986,3493,87.45567375886525,2256,98.22605169792195,1973,65.27415143603133,383,40.40816326530612,980,4.088875173584324,6481,27.58833513346706,6481,53.24795556241321,6481,15.074834130535411,6481,68.32278969294862,6481,71.5784601141799,6481,4.7055540462661,5.811623246492986,1.106069200226886,3493,3526,-1.2546936855347344,14.448552064078866,15.7032457496136,3246,3235,-1.3071643044679409,8.425138632162662,9.732302936630603,3246,3235,8.949281634066125,5777,70.17483122728059,5777,0.6750908776181409,5777,7.737580058854077,5777,0.06924009001211702,5777,0.10386013501817552,5777,9.01852172407824,5777,82.30487461256692,80.69878839109609,7098,7098,5842,1.951386511468675,78.72280305170952,77.6207968352642,3539,3539,69.06698978708673,5777,11.16496451445387,5777,17.86394322312619,5777,7.144013469785278,85.8668165214948,78.72280305170952,3559,3539,4.050545265708846,5777,1.0559113726847844,5777,68.8765795395534,5777,7.460619698805608,5777,3.6524147481391727,5777,9.797472736714557,5777,2.7003635104725636,5777,1.229011597715077,5777,0.19041024753332178,5777,0.5193006750908776,5777,1.1770815302059892,5777,0.9520512376666089,5777,85.74572371711514,9997,5.221566469940982,9997,5.871761528458538,9997,28.10843252975893,9997,36.010803240972294,9997,68.66059817945384,9997,97.80414195025497,9609,97.22135497970652,9609,80.61425753733447,7098,19.096680195649913,9609,1.3008637735456343,9609,11.964062322301832,8793,1.7525084,1794,2.5718138,10.240084,7539.0,88.49104859335038,391,44.91820863502279,3729,47.624565,9.07761147970992,6481,39.11717729054741,6887,10.89008276462901,6887,4.472193988674314,6887,6.142006679250763,6887,39.37853927689851,6887,73.28825021132714,7098,2.0287404902789516,7098,0.014088475626937165,7098,0.0,7098,0.014088475626937165,7098,0.0,7098,0.0,7098,0.0,7098,0.0,7098,0.0,7098,2.393589343323967,9609,1.4257466958060152,9609,2.487251535019253,9609,0.9782495577063169,9609,4.599854303257363,9609,77.3780028008187,9283,2.628460626952494,9283,0.4093504255089949,9283,19.584186146719812,9283,80.41581385328018,9283,4.705882352941177,340,21.784004670169292,76.76431424766977,9012,21.171770972037283,9012,59.763448197429774,8793,86.76470588235294,816,8.783432198980123,9609,6.903225806451613,1550,36.20963472736898,3778,20.77818951826363,3778,35.944944415034406,3778,7.940709370037057,3778,3778,2.5434092112228694,93.42911472638919,6.570885273610813,4.880625396154659,4733,4733,4733
040104,15764,7707,27.664298401420957,15764,63.80994671403197,15764,8.52575488454707,15764,35.68256787617356,15764,12.522202486678507,15764,28.0,31.450203,104.54132606721163,8057,7.954833798528292,15764,23.883532098452168,15764,1.4019284445572189,15764,56.71537926235212,43.35421016005567,13.36116910229645,30.818619582664528,324.4791666666667,4.884570817363401,11219,8.592891168926347,5458,96.30260277304792,4111,97.9540287951503,3959,91.7279411764706,544,44.879898862199745,1582,5.8794756407748,10222,37.44864018783017,10222,41.78243005282724,10222,14.889454118567794,10222,56.67188417139503,10222,61.94482488749755,10222,7.221601462278195,8.592891168926347,1.3712897066481513,5458,5761,-2.3614621553403516,13.670374115267947,16.0318362706083,4945,5277,-1.8349391918264057,7.3253791708796765,9.160318362706082,4945,5277,13.330466566329822,9302,64.27649967748872,9302,0.5912706944743066,9302,11.771662008170287,9302,0.45151580305310685,9302,0.1075037626316921,9302,13.781982369382929,9302,82.76961218346024,81.38834779528953,11294,11294,9348,1.668806161745828,77.41642441860465,76.3626453488372,5504,5504,68.37239303375618,9302,8.56804988174586,9302,18.974414104493658,9302,10.441952092621605,87.85837651122625,77.41642441860465,5790,5504,4.289400129004515,9302,1.9565684798967964,9302,67.09309825843904,9302,3.1391098688454098,9302,5.32143625026876,9302,8.009030316061063,9302,3.6443775532143623,9302,2.4725865405289187,9302,1.2792947753171362,9302,0.44076542678993763,9302,1.2362932702644593,9302,0.8922812298430445,9302,79.14869322506978,15764,10.75869068764273,15764,15.300685105303222,15764,31.81933519411317,15764,47.824156305506214,15764,79.22481603653895,15764,99.67967198411174,15609,99.44903581267218,15609,84.06233398264565,11294,23.67864693446089,15609,0.1665705682619002,15609,10.013221070210841,14371,2.2242658,3099,3.178739,11.879719,15497.0,85.49323017408123,1034,30.138504155124654,5415,47.038044,8.272647231461553,10222,45.47738693467337,11144,14.833094041636755,11144,2.60229720028715,11144,5.21356783919598,11144,31.873653984206747,11144,68.08039667079865,11294,7.260492296794759,11294,0.008854258898530193,11294,0.0,11294,0.026562776695590578,11294,0.0,11294,0.0,11294,0.0,11294,0.0,11294,0.0,11294,1.9027484143763214,15609,1.3645973476840285,15609,1.697738484207829,15609,1.0698955730668205,15609,3.9015952335191235,15609,79.58637787056368,15328,6.543580375782881,15328,0.43710855949895616,15328,13.432933194154488,15328,86.56706680584551,15328,6.511627906976744,645,21.506325389820535,45.04369197160022,14648,53.74795193883124,14648,75.08872033957275,14371,98.22294022617125,1238,4.74085463514639,15609,4.194630872483222,2980,42.25352112676056,5467,19.590268886043535,5467,29.266508139747575,5467,6.402048655569782,5467,5467,2.8551307847082494,87.27551162466936,12.724488375330637,8.478351663650285,7183,7183,7183
040201,35427,17010,29.892454907274114,35427,61.712817907245885,35427,8.39472718548,35427,39.28641996217574,35427,11.604143732181669,35427,26.0,29.816721,108.27160493827161,18417,8.493521890083834,35427,26.41205859937336,35427,1.6908008016484601,35427,62.04089100306454,48.43800027443626,13.602890728628276,28.083097261567517,356.08607935440483,7.262295081967213,24400,12.432663531423685,11695,95.03440023930601,10029,98.91931591648306,9531,84.15605095541402,1256,46.34203716772524,4251,8.321060382916054,21728,34.577503681885126,21728,37.58284241531664,21728,19.51859351988218,21728,57.10143593519882,21728,61.487481590574376,21728,9.929711937563,12.432663531423685,2.5029515938606846,11695,12705,-0.36888699899236244,19.32740995509697,19.696296954089334,10467,11261,-1.5777235683917157,7.577147224610681,9.154870793002397,10467,11261,14.222573007103394,19005,59.921073401736386,19005,0.9313338595106551,19005,11.938963430676138,19005,0.4209418574059458,19005,0.05787950539331755,19005,14.64351486450934,19005,77.87488313483192,76.35868460631681,24601,24601,19158,1.9469673243553607,70.91340049098451,69.65207821891137,11813,11813,52.996579847408576,19005,9.123914759273875,19005,34.12786108918706,19005,13.3921985080771,84.30559899906162,70.91340049098451,12788,11813,6.882399368587214,19005,2.415153906866614,19005,52.744014732965006,19005,3.7463825309129177,19005,5.303867403314917,19005,17.937384898710867,19005,3.372796632465141,19005,4.109444882925546,19005,0.2525651144435675,19005,1.2680873454354118,19005,2.0520915548539858,19005,1.646935017100763,19005,75.89126937081886,35427,9.365737996443391,35427,9.955683518220566,35427,40.67801394416688,35427,47.62751573658509,35427,75.69650266745703,35427,99.33633359917967,35108,98.9831377463826,35108,79.5374171781635,24601,22.462116896433862,35108,0.5782157912726444,35108,8.795345653661876,32142,2.227569,6899,3.1479702,15.423661,33293.0,77.04016913319239,2365,36.88799463447351,13419,44.64215,8.394836156111928,21728,39.530162412993036,24136,15.967848856479947,24136,3.3062645011600926,24136,5.560159098442161,24136,35.63556513092476,24136,37.42937278972399,24601,34.93760416243242,24601,0.020324377057843176,24601,0.008129750823137272,24601,0.036583878704117716,24601,0.0,24601,0.0,24601,0.0,24601,0.0,24601,0.004064875411568636,24601,2.703087615358323,35108,1.6719835934829668,35108,2.039421214537997,35108,1.3700581064144923,35108,4.847897915005127,35108,77.94726330718689,34549,5.215780485686995,34549,0.5123158412689224,34549,16.32464036585719,34549,83.67535963414281,34549,8.512064343163539,1492,21.435915492957747,55.85112873703478,32780,43.03843807199512,32780,63.70480990604194,32142,96.08900876601483,2966,4.169989745926855,35108,4.185857491194798,7382,42.09556112667748,13562,18.02831440790444,13562,35.400383424273706,13562,8.09615101017549,13562,13562,2.588703731013125,94.62343525548943,5.376564744510574,1.2586360216157055,14619,14619,14619
040202,5161,2496,24.045727572175934,5161,64.63863592327068,5161,11.315636504553382,5161,32.3386940515404,5161,16.120906801007557,5161,32.0,34.285603,106.77083333333333,2665,5.444681263321062,5161,22.30187948072079,5161,2.053865529936059,5161,54.70623501199041,37.200239808153476,17.50599520383693,47.05882352941177,212.5,2.826201796090861,3786,5.433589462129528,1822,96.91699604743083,1265,97.63458401305057,1226,91.42857142857143,140,54.969574036511155,493,4.538884070540619,3459,25.2963284186181,3459,44.7239086441168,3459,25.440878866724486,3459,70.16478751084128,3459,73.08470656259034,3459,5.026257486569446,5.433589462129528,0.4073319755600815,1822,1964,-2.5279798460731797,24.127557160048134,26.655537006121314,1662,1797,-1.7511908134094334,8.897111913357401,10.648302726766834,1662,1797,12.089356110381077,3044,67.34559789750328,3044,0.8212877792378449,3044,9.099868593955321,3044,0.2956636005256242,3044,0.1314060446780552,3044,12.385019710906702,3044,79.5774647887324,78.50808555033908,3834,3834,3051,1.3438216978039987,73.75541125541126,72.83549783549783,1848,1848,68.98817345597898,3044,6.14323258869908,3044,21.61629434954008,3044,11.23955349786165,84.99496475327291,73.75541125541126,1986,1848,7.490144546649145,3044,1.609724047306176,3044,68.5939553219448,3044,2.726675427069645,3044,3.3180026281208934,3044,7.818659658344284,3044,3.1865965834428382,3044,1.8725361366622864,3044,0.39421813403416556,3044,0.7884362680683311,3044,2.628120893561104,3044,2.135348226018397,3044,83.84034101918233,5161,12.633210618097268,5161,12.749467157527612,5161,40.94167796938578,5161,41.426080217012206,5161,73.29974811083123,5161,99.50553797468355,5056,99.24841772151899,5056,85.88941053729786,3834,34.63212025316456,5056,0.8504746835443038,5056,11.98744769874477,4780,1.9064748,973,2.9106178,12.914592,4824.0,89.87341772151899,237,38.52173913043478,2300,47.831303,9.806880601329864,3459,38.9762729938683,3751,15.435883764329512,3751,3.732338043188483,3751,5.865102639296188,3751,35.990402559317516,3751,5.738132498695879,3834,46.60928534167971,3834,0.0,3834,0.0,3834,0.05216484089723526,3834,0.0,3834,0.0,3834,0.0,3834,0.0,3834,0.0,3834,2.6305379746835444,5056,1.8789556962025316,5056,1.8987341772151898,5056,1.2856012658227849,5056,4.8655063291139244,5056,78.17412333736397,4962,8.061265618702135,4962,0.6852075775896815,4962,13.079403466344216,4962,86.92059653365578,4962,3.0303030303030303,198,22.070967741935483,77.52321981424149,4845,21.486068111455108,4845,53.89121338912134,4780,97.82608695652173,276,11.135284810126583,5056,2.7979274611398965,965,31.839724256785868,2321,21.413183972425678,2321,45.626884963377854,2321,10.857389056441189,2321,2321,2.1783713916415337,88.8842803815844,11.115719618415596,3.6914143508917463,2411,2411,2411
040301,16101,7931,26.06670393143283,16101,63.983603502888016,16101,9.94969256567915,16101,34.55685982237128,16101,13.74448792000497,16101,29.0,32.394447,103.01349136300593,8170,6.788398236134402,16101,24.52021613564375,16101,1.8942922799826099,16101,56.29004076878276,40.73966220151427,15.550378567268492,38.17012151536812,261.98501872659176,2.9567328535506805,11533,4.878898762850671,5739,94.85672299779574,4083,97.77949909630777,3873,85.40856031128405,514,53.54200988467875,1821,3.1799083269671504,10472,21.208938120702825,10472,53.29449961802903,10472,22.316653934300994,10472,75.61115355233002,10472,78.8292589763178,10472,3.8260855077591973,4.878898762850671,1.052813255091474,5739,5794,-1.7294436635657071,21.451766953199616,23.181210616765323,5235,5237,-1.3278957546033396,9.404966571155683,10.732862325759022,5235,5237,14.79066575154427,8742,59.47151681537406,8742,0.8693662777396477,8742,14.24159231297186,8742,0.4118050789293068,8742,0.057195149851292613,8742,15.202470830473576,8742,75.50077041602465,74.12258174970039,11682,11682,8820,1.8253968253968254,69.96047430830039,68.86062897405053,5819,5819,52.87119652253489,8742,11.347517730496454,8742,31.98352779684283,8742,11.039014008261091,80.99948831656148,69.96047430830039,5863,5819,8.544955387783116,8742,1.795927705330588,8742,52.80256234271334,8742,5.593685655456417,8742,5.7309540150995195,8742,15.877373598718828,8742,4.278197208876687,8742,2.3335621139327385,8742,0.06863417982155114,8742,1.0981468771448182,8742,3.877831159917639,8742,1.7044154655685197,8742,84.92019129246631,16101,8.769641637165394,16101,10.09254083597292,16101,41.078193900999935,16101,40.904291658903176,16101,74.62890503695422,16101,99.03815731190281,15803,98.84199202683035,15803,88.84608799863037,11682,31.797759919002722,15803,1.6832247041700943,15803,17.69737288710882,14731,1.7688985,3241,2.7736843,10.7459545,14210.0,86.2111801242236,805,33.246357903892154,4599,48.55012,10.069041252864782,10472,37.73252226042493,11343,15.551441417614388,11343,3.0591554262540774,11343,4.9105174997795995,11343,38.746363395927006,11343,2.499571991097415,11682,67.18883752782058,11682,0.01712035610340695,11682,0.0,11682,0.008560178051703475,11682,0.0,11682,0.0,11682,0.0,11682,0.0,11682,0.0,11682,2.3160159463393026,15803,1.4364361197241031,15803,2.0249319749414667,15803,0.9681706005188888,15803,4.10048724925647,15803,74.04063205417607,15505,6.984843598839084,15505,0.4966139954853273,15505,18.477910351499517,15505,81.52208964850048,15505,6.9073783359497645,637,21.426194144838213,66.12193169690502,14992,32.81083244397012,14992,60.4032312809721,14731,96.73507462686567,1072,10.441055495791938,15803,4.580152671755725,3013,44.38950988822012,4652,25.79535683576956,4652,25.45141874462597,4652,6.104901117798796,4652,4652,3.3970335339638864,84.06681657565049,15.933183424349508,7.918406681657565,6226,6226,6226
040302,2504,1209,25.878594249201278,2504,64.41693290734824,2504,9.70447284345048,2504,33.266773162939295,2504,13.977635782747603,2504,30.0,32.867012,107.11331679073615,1295,6.6293929712460065,2504,23.242811501597444,2504,2.236421725239617,2504,55.23868567885927,40.17358958462492,15.065096094234345,37.5,266.6666666666667,2.0464601769911503,1808,3.745743473325766,881,96.83544303797468,632,96.73202614379085,612,95.29411764705883,85,59.67078189300412,243,3.5671100362756953,1654,20.072551390568318,1654,50.06045949214027,1654,26.29987908101572,1654,76.36033857315599,1654,79.56469165659009,1654,3.314244012700092,3.745743473325766,0.43149946062567424,881,927,-8.549324714639837,21.96319018404908,30.512514898688917,815,839,-2.3891793473094616,9.269938650306749,11.65911799761621,815,839,12.63307310149042,1409,59.19091554293826,1409,0.63875088715401,1409,14.620298083747338,1409,0.28388928317955997,1409,0.07097232079488999,1409,12.91696238466998,1409,78.48518111964874,76.94840834248079,1822,1822,1430,1.9580419580419581,75.1685393258427,73.59550561797752,890,890,61.24911284599006,1409,8.87154009936125,1409,26.40170333569908,1409,6.483821189178755,81.65236051502146,75.1685393258427,932,890,8.65862313697658,1409,2.1291696238466997,1409,60.75230660042583,1409,5.606813342796309,1409,3.1937544357700496,1409,10.432931156848829,1409,4.47125621007807,1409,1.7743080198722498,1409,0.49680624556423,1409,0.8516678495386799,1409,4.4002838892831795,1409,1.9162526614620299,1409,89.01757188498402,2504,13.178913738019169,2504,14.57667731629393,2504,52.11661341853035,2504,44.52875399361022,2504,76.39776357827476,2504,99.6344435418359,2462,99.51259138911455,2462,90.94401756311746,1822,28.554021121039806,2462,0.8529650690495532,2462,13.211647109952194,2301,1.9809725,473,2.983095,10.436684,2290.0,91.0569105691057,123,34.99245852187028,663,50.012066,10.48186215235792,1654,38.67497168742922,1766,14.21291053227633,1766,3.2842582106455267,1766,5.322763306908267,1766,38.50509626274066,1766,2.4149286498353457,1822,78.37541163556531,1822,0.10976948408342481,1822,0.0,1822,0.054884742041712405,1822,0.0,1822,0.0,1822,0.0,1822,0.0,1822,0.0,1822,2.761982128350934,2462,2.1121039805036554,2462,3.290008123476848,2462,1.990251827782291,2462,5.930138099106418,2462,81.02585487906589,2398,8.29858215179316,2398,0.7089241034195163,2398,9.966638865721434,2398,90.03336113427856,2398,13.924050632911392,79,21.869811320754717,73.5269000853971,2342,24.893253629376602,2342,59.669708822251195,2301,96.27329192546584,161,10.235580828594639,2462,2.9017857142857144,448,51.64179104477612,670,28.059701492537314,670,22.08955223880597,670,4.477611940298507,670,670,3.674626865671642,85.6651376146789,14.334862385321102,6.307339449541284,872,872,872
040401,6683,3211,21.96618285201257,6683,68.66676642226545,6683,9.367050725721981,6683,32.24599730659883,6683,13.272482418075715,6683,30.0,33.1842,108.12830893802554,3472,5.715995810264851,6683,27.24824180757145,6683,2.1547209337124045,6683,45.63085639572892,31.989540204837656,13.641316190891262,42.643051771117165,234.50479233226838,3.7357451828548958,5086,6.760098928276999,2426,93.44709897610922,1465,97.37034331628927,1369,84.91620111731844,179,41.695303550973655,873,4.634307050296508,4553,26.751592356687897,4553,50.14276301339776,4553,18.471337579617835,4553,68.61410059301559,4553,71.93059521194817,4553,5.782655319254443,6.760098928276999,0.9774436090225563,2426,2660,-4.414104414818475,16.23665480427046,20.650759219088936,2248,2305,-1.8365859071645279,8.555604982206406,10.392190889370934,2248,2305,10.708973723351512,4034,57.73425880019831,4034,0.7684680218145761,4034,18.914229053049084,4034,0.421417947446703,4034,0.02478929102627665,4034,11.130391670798215,4034,78.84465261514441,77.82982045277127,5124,5124,4040,1.2871287128712872,78.6677564364528,77.85042909685329,2447,2447,71.24442240951909,4034,7.288051561725335,4034,18.691125433812594,4034,0.33859395577729856,79.0063503922301,78.6677564364528,2677,2447,4.933068914229053,4034,1.5369360436291521,4034,71.1204759543877,4034,3.4209221616261773,4034,3.867129400099157,4034,6.494794248884482,4034,3.173029251363411,4034,1.9583539910758552,4034,0.12394645513138325,4034,1.9335647000495786,4034,1.8591968269707486,4034,0.991571641051066,4034,82.59763579230885,6683,8.93311387101601,6683,11.417028280712255,6683,53.50890318719138,6683,41.61304803232081,6683,81.11626515038157,6683,98.93357708714198,6564,98.73552711761121,6564,91.53005464480874,5124,20.719073735527118,6564,1.7215112736136502,6564,11.304909560723514,6192,1.8261484,1415,2.8954766,11.434227,6568.0,75.80174927113703,343,38.640973630831645,1972,49.508114,9.485394245552383,4553,29.484371889309177,5023,18.43519808879156,5023,3.3645231933107707,5023,5.315548477005773,5023,43.40035835158272,5023,1.405152224824356,5124,83.97736143637783,5124,0.0195160031225605,5124,0.0,5124,0.0195160031225605,5124,0.0,5124,0.0,5124,0.0,5124,0.0,5124,0.0,5124,3.3363802559414992,6564,2.2394881170018284,6564,3.2449725776965264,6564,1.675807434491164,6564,6.230956733698964,6564,75.10910224438902,6416,6.109725685785536,6416,0.2961346633416459,6416,18.48503740648379,6416,81.51496259351622,6416,3.5555555555555554,225,21.126444595513256,60.46845124282983,6276,37.90630975143404,6276,74.40245478036175,6192,93.27956989247312,372,3.793418647166362,6564,3.4389140271493215,1105,40.010065425264216,1987,25.113236034222446,1987,29.994967287367892,1987,6.945143432310015,1987,1987,3.303472571716155,94.3811972089607,5.6188027910393,0.47741461623209697,2723,2723,2723
040402,5803,2775,23.76357056694813,5803,64.01861106324316,5803,12.21781836980872,5803,31.225228330174048,5803,16.54316732724453,5803,32.0,34.61985,109.11711711711712,3028,6.772359124590729,5803,22.884714802688265,5803,3.2052386696536272,5803,56.20457604306864,37.11978465679677,19.08479138627187,51.4140681653372,194.49929478138222,2.4575103353238403,4354,4.670197400096293,2077,95.02719502719502,1287,96.23875715453802,1223,88.0503144654088,159,43.67417677642981,577,3.0719280719280717,4004,25.0999000999001,4004,50.574425574425575,4004,21.253746253746254,4004,71.82817182817183,4004,76.27372627372627,4004,4.2310230478784625,4.670197400096293,0.43917435221783047,2077,2277,-3.246042833158242,19.561815336463223,22.807858169621465,1917,2087,-1.9065077076239412,8.759520083463745,10.666027791087686,1917,2087,12.489545581265682,3587,63.67437970448843,3587,0.4460551993309172,3587,10.454418734318372,3587,0.2230275996654586,3587,0.08363534987454697,3587,12.712573180931141,3587,82.26950354609929,81.33150308853808,4371,4371,3596,1.1401557285873192,78.01724137931035,77.34674329501915,2088,2088,67.91190409813214,3587,7.415667688876498,3587,21.577920267633118,3587,8.141321914601164,86.15856329391151,78.01724137931035,2283,2088,6.439921940340117,3587,1.9236130471145805,3587,67.24282129913577,3587,3.875104544187343,3587,3.5405631446891555,3587,8.196264287705604,3587,4.906607192640089,3587,2.2023975466964036,3587,0.6690827989963758,3587,1.3939224979091163,3587,1.9793699470309452,3587,1.2545302481182046,3587,83.62915733241427,5803,9.029812166120973,5803,13.062209202136826,5803,41.22005859038428,5803,33.84456315698777,5803,74.30639324487335,5803,98.86680613668061,5736,98.65760111576012,5736,91.10043468313887,4371,27.56276150627615,5736,1.6387726638772664,5736,12.733732236350038,5348,1.8937558,1073,3.0323436,13.795519,5712.0,88.21548821548822,297,34.6483704974271,1749,51.795883,9.753246753246753,4004,35.30927835051546,4268,20.243673851921276,4268,3.280224929709466,4268,6.185567010309279,4268,34.98125585754452,4268,2.264927934111187,4371,73.27842598947609,4371,0.09151223976206818,4371,0.0,4371,0.06863417982155114,4371,0.0,4371,0.0,4371,0.0,4371,0.0,4371,0.0,4371,4.114365411436541,5736,2.737099023709902,5736,3.8702928870292888,5736,1.8828451882845187,5736,7.112970711297071,5736,75.71479628305933,5596,6.558255897069335,5596,0.7326661901358112,5596,16.994281629735525,5596,83.00571837026447,5596,5.339805825242719,206,21.740095087163233,67.77695988222304,5434,30.14354066985646,5434,66.49214659685863,5348,95.36082474226804,388,5.52649930264993,5736,3.8662486938349008,957,40.04437049362174,1803,30.449251247920134,1803,26.067665002773158,1803,7.76483638380477,1803,1803,3.1813643926788684,94.4364680545585,5.563531945441497,2.0818377602297202,2786,2786,2786
040501,4011,1937,24.582398404387934,4011,68.13762154076291,4011,7.279980054849164,4011,36.12565445026178,4011,10.122164048865619,4011,27.0,30.593618,107.07279297883325,2074,6.207928197456993,4011,29.219645973572675,4011,1.6953378209922711,4011,46.76180021953897,36.077570435418956,10.684229784120015,29.614604462474645,337.67123287671234,2.1155137676292814,2978,4.114365411436541,1434,94.8,1000,95.25316455696202,948,80.32786885245902,122,53.88513513513514,592,2.552380952380952,2625,17.142857142857142,2625,54.36190476190476,2625,25.942857142857143,2625,80.3047619047619,2625,82.85714285714286,2625,3.8552980539235877,4.114365411436541,0.25906735751295334,1434,1544,-4.831523171732915,23.493044822256568,28.324567993989483,1294,1331,-1.7236671129654653,9.967542503863987,11.691209616829452,1294,1331,15.659209900047596,2101,62.256068538791055,2101,1.5230842455973346,2101,11.85149928605426,2101,0.5235602094240838,2101,0.0,2101,16.18277010947168,2101,71.10367892976589,69.76588628762542,2990,2990,2126,1.881467544684854,67.93628808864266,66.4819944598338,1444,1444,33.93622084721561,2101,10.280818657782008,2101,49.45264159923846,2101,6.125807642275845,74.0620957309185,67.93628808864266,1546,1444,8.37696335078534,2101,2.284626368396002,2101,33.79343169919086,2101,2.8557829604950022,2101,7.425035697287006,2101,28.79581151832461,2101,6.758686339838173,2101,3.1889576392194194,2101,0.14278914802475012,2101,2.7129938124702524,2101,1.808662541646835,2101,2.094240837696335,2101,81.99950137122912,4011,9.972575417601595,4011,15.482423335826477,4011,41.93467963101471,4011,43.48042882074296,4011,75.068561455996,4011,98.15981850264684,3967,97.731283085455,3967,69.53177257525084,2990,50.94529871439375,3967,3.88202672044366,3967,26.835170744823877,3719,1.7144536,851,2.3523958,9.548897,3037.0,87.79342723004694,213,33.07952622673435,1182,46.27073,10.84152380952381,2625,34.08393039918116,2931,17.60491299897646,2931,3.1047424087342206,2931,4.332992152848857,2931,40.8734220402593,2931,6.488294314381271,2990,58.82943143812709,2990,0.033444816053511704,2990,0.033444816053511704,2990,0.0,2990,0.0,2990,0.0,2990,0.0,2990,0.0,2990,0.033444816053511704,2990,2.8989160574741617,3967,1.5124779430299975,3967,1.8653894630703303,3967,0.9326947315351651,3967,4.865137383413159,3967,52.79630579784505,3898,8.542842483324781,3898,0.513083632632119,3898,38.14776808619805,3898,61.85223191380195,3898,2.9239766081871346,171,22.46862996158771,86.79544853135751,3779,12.33130457793067,3779,44.20543156762571,3719,91.53225806451613,248,6.9826065036551554,3967,4.35374149659864,735,44.31438127090301,1196,19.39799331103679,1196,23.745819397993312,1196,5.016722408026756,1196,1196,3.3168896321070234,84.59099556119213,15.40900443880787,9.892200380469246,1577,1577,1577
040502,4231,1997,27.77121247931931,4231,64.78373906877806,4231,7.445048451902624,4231,36.232569132592765,4231,10.423067832663673,4231,28.0,30.486647,111.86780170255383,2234,8.27227605766958,4231,25.029543843063106,4231,1.7962656582368235,4231,54.35972272893105,42.867566581539585,11.492156147391462,26.80851063829787,373.015873015873,1.193633952254642,3016,1.9795221843003412,1465,93.11270125223614,1118,96.06147934678194,1041,73.98843930635839,173,52.46636771300449,446,1.8695014662756597,2728,12.133431085043988,2728,55.388563049853374,2728,30.60850439882698,2728,85.99706744868035,2728,87.97653958944281,2728,1.5282004563828686,1.9795221843003412,0.4513217279174726,1465,1551,-2.8461224465649515,29.151014274981218,31.99713672154617,1331,1397,-1.0442447511491562,11.018031555221638,12.062276306370794,1331,1397,15.356489945155394,2188,58.95795246800731,2188,0.8226691042047533,2188,13.482632541133455,2188,0.5941499085923218,2188,0.0,2188,15.950639853747715,2188,73.53815659068384,71.7211760819293,3027,3027,2226,2.4707996406109616,67.45923913043478,66.10054347826087,1472,1472,50.274223034734916,2188,11.106032906764169,2188,35.0091407678245,2188,11.833365371172931,79.29260450160771,67.45923913043478,1555,1472,9.277879341864717,2188,1.9195612431444242,2188,50.18281535648995,2188,4.296160877513711,2188,6.809872029250457,2188,20.018281535648995,2188,3.793418647166362,2188,2.056672760511883,2188,0.09140767824497258,2188,0.7769652650822669,2188,2.1937842778793417,2188,1.7824497257769654,2188,79.34294493027653,4231,6.286929803828882,4231,13.212006617820846,4231,40.1559914913732,4231,36.70527062160246,4231,74.14322855116994,4231,98.71244635193133,4194,98.37863614687649,4194,54.67459530888669,3027,41.678588459704336,4194,1.0252742012398666,4194,14.033264033264032,3848,1.496788,934,2.0933137,6.41523,2837.0,82.64840182648402,219,30.57929724596391,1053,48.28965,11.552785923753666,2728,33.20983496126642,2969,17.24486359043449,2969,5.49006399461098,2969,4.681711013809363,2969,39.373526439878745,2969,4.195573174760489,3027,47.968285431119924,3027,0.09910802775024777,3027,0.0,3027,0.0,3027,0.0,3027,0.03303600925008259,3027,0.0,3027,0.0,3027,0.0,3027,2.1220791607057703,4194,1.4544587505960898,4194,1.502145922746781,4194,0.6676204101096805,4194,3.2427277062470194,4194,58.14859926918392,4105,4.165651644336175,4105,0.2679658952496955,4105,37.41778319123021,4105,62.58221680876979,4105,3.1055900621118013,161,23.00268456375839,87.72819472616632,3944,11.105476673427992,3944,32.64033264033264,3848,90.46242774566474,346,7.224606580829756,4194,3.7406483790523692,802,52.40339302544769,1061,21.489161168708765,1061,15.36286522148916,1061,3.9585296889726673,1061,1061,3.952874646559849,85.20958083832335,14.790419161676652,7.005988023952096,1670,1670,1670
040503,1517,739,27.752142386288728,1517,67.04021094264996,1517,5.207646671061306,1517,36.91496374423204,1517,7.251153592617007,1517,26.0,28.657877,105.27740189445196,778,6.526038233355306,1517,27.620303230059328,1517,1.186552406064601,1517,49.164208456243855,41.396263520157326,7.767944936086529,18.764845605700714,532.9113924050633,1.253616200578592,1037,1.7578125,512,92.76807980049875,401,94.89247311827957,372,77.55102040816327,49,40.101522842639596,197,1.3933547695605573,933,15.434083601286174,933,60.450160771704184,933,22.722400857449088,933,83.17256162915326,933,85.85209003215434,933,0.9959077380952381,1.7578125,0.7619047619047619,512,525,4.199715086622856,24.838012958963283,20.638297872340427,463,470,-0.543770966407795,10.775377969762419,11.319148936170214,463,470,12.793427230046948,852,58.568075117370896,852,2.816901408450704,852,14.553990610328638,852,0.9389671361502347,852,0.0,852,13.732394366197184,852,80.09345794392523,79.1588785046729,1070,1070,857,1.1668611435239207,75.09363295880149,74.53183520599251,534,534,53.286384976525824,852,14.43661971830986,852,29.577464788732396,852,9.980993906870154,85.07462686567165,75.09363295880149,536,534,5.868544600938967,852,2.5821596244131455,852,53.286384976525824,852,3.1690140845070425,852,11.267605633802816,852,18.309859154929576,852,2.5821596244131455,852,1.2910798122065728,852,0.0,852,0.8215962441314554,852,1.6431924882629108,852,2.2300469483568075,852,76.66446934739618,1517,2.2412656558998023,1517,9.75609756097561,1517,33.22346736980883,1517,34.607778510217535,1517,67.50164798945286,1517,94.35374149659864,1470,94.14965986394557,1470,82.14953271028037,1070,68.70748299319727,1470,6.598639455782313,1470,24.927325581395348,1376,1.4123989,371,1.8381147,7.270694,894.0,81.33333333333333,75,34.00576368876081,347,45.79827,11.04930332261522,933,27.66373411534702,1023,21.309872922776147,1023,4.301075268817204,1023,4.496578690127077,1023,42.22873900293255,1023,1.8691588785046729,1070,79.1588785046729,1070,0.09345794392523364,1070,0.0,1070,0.0,1070,0.0,1070,0.0,1070,0.0,1070,0.0,1070,0.0,1070,2.7210884353741496,1470,1.3605442176870748,1470,1.4285714285714286,1470,0.6802721088435374,1470,4.01360544217687,1470,56.636553161918,1439,2.5017373175816537,1439,0.6949270326615705,1439,40.16678248783878,1439,59.83321751216122,1439,1.5384615384615385,65,23.239669421487605,90.92208720514654,1399,8.36311651179414,1399,31.83139534883721,1376,84.04255319148936,94,8.299319727891156,1470,5.3872053872053876,297,54.107648725212464,353,17.56373937677054,353,23.229461756373937,353,6.232294617563739,353,353,4.164305949008498,84.11214953271028,15.887850467289724,7.4766355140186915,642,642,642
040504,875,431,29.37142857142857,875,65.25714285714285,875,5.371428571428571,875,37.02857142857143,875,8.0,875,25.0,28.097143,103.01624129930394,444,8.571428571428571,875,29.37142857142857,875,0.45714285714285713,875,53.239929947460595,45.00875656742557,8.231173380035026,18.28793774319066,546.8085106382979,1.1494252873563218,609,1.6666666666666667,300,94.09282700421942,237,98.20627802690584,223,81.81818181818181,33,40.869565217391305,115,1.7985611510791366,556,23.741007194244606,556,56.115107913669064,556,18.345323741007196,556,74.46043165467626,556,78.23741007194245,556,1.0194174757281553,1.6666666666666667,0.6472491909385113,300,309,-1.2476057358803132,17.73049645390071,18.978102189781023,282,274,-1.0266863384583527,9.539007092198581,10.565693430656934,282,274,19.594594594594593,444,56.75675675675676,444,0.45045045045045046,444,13.288288288288289,444,0.22522522522522523,444,0.0,444,19.81981981981982,444,74.8768472906404,72.2495894909688,609,609,456,3.508771929824561,66.0,63.666666666666664,300,300,59.45945945945946,444,13.288288288288289,444,24.324324324324323,444,17.495145631067956,83.49514563106796,66.0,309,300,5.405405405405405,444,1.3513513513513513,444,59.45945945945946,444,3.828828828828829,444,9.45945945945946,444,12.387387387387387,444,4.054054054054054,444,3.1531531531531534,444,0.0,444,0.45045045045045046,444,0.45045045045045046,444,0.9009009009009009,444,91.65714285714286,875,4.3428571428571425,875,11.428571428571429,875,34.628571428571426,875,43.885714285714286,875,71.31428571428572,875,95.13888888888889,864,94.09722222222223,864,67.32348111658456,609,64.00462962962963,864,8.333333333333334,864,26.362484157160964,789,1.684466,206,2.2960289,7.075471,636.0,80.0,50,32.73809523809524,168,47.38095,10.04496402877698,556,26.666666666666668,600,21.0,600,3.8333333333333335,600,4.0,600,44.5,600,5.911330049261084,609,59.11330049261084,609,0.0,609,0.16420361247947454,609,0.0,609,0.0,609,0.0,609,0.0,609,0.0,609,0.0,609,1.8518518518518519,864,1.2731481481481481,864,1.3888888888888888,864,0.46296296296296297,864,3.009259259259259,864,59.95260663507109,844,1.1848341232227488,844,0.23696682464454977,844,38.62559241706161,844,61.37440758293839,844,4.761904761904762,21,21.48235294117647,88.93034825870647,804,10.696517412935323,804,32.19264892268694,789,85.33333333333333,75,7.523148148148148,864,3.067484662576687,163,67.6300578034682,173,19.07514450867052,173,9.826589595375722,173,1.7341040462427746,173,173,4.994219653179191,85.50295857988165,14.49704142011835,5.029585798816568,338,338,338
040505,3882,1971,28.67078825347759,3882,65.91962905718702,3882,5.409582689335394,3882,36.682122617207625,3882,7.496136012364761,3882,26.0,28.37455,96.9558599695586,1911,8.268933539412673,3882,27.79495105615662,3882,1.0819165378670788,3882,51.69988276670574,43.493552168815945,8.206330597889801,18.867924528301888,530.0,1.9096584649283879,2723,2.851033499643621,1403,90.6930693069307,1010,97.81659388646288,916,70.67669172932331,133,35.75883575883576,481,3.5440998791784133,2483,16.995569875151027,2483,64.51872734595247,2483,14.941602899718083,2483,79.46033024567056,2483,82.11840515505438,2483,1.9419425905527117,2.851033499643621,0.9090909090909091,1403,1320,-1.250494965952834,14.330708661417322,15.581203627370156,1270,1213,-0.8592615432551547,9.671653543307087,10.530915086562242,1270,1213,12.28996639462314,2083,60.39366298607777,2083,0.6240998559769563,2083,15.746519443110898,2083,0.8641382621219396,2083,0.0,2083,13.15410465674508,2083,77.02407002188184,75.12764405543399,2742,2742,2112,2.462121212121212,69.12181303116148,67.70538243626062,1412,1412,62.8420547287566,2083,11.28180508881421,2083,21.795487277964476,2083,16.29172080342498,85.41353383458646,69.12181303116148,1330,1412,3.1204992798847817,2083,2.256361017762842,2083,62.69803168506961,2083,2.8324531925108016,2083,8.401344215074412,2083,13.44215074411906,2083,3.168506961113778,2083,0.672107537205953,2083,0.14402304368698993,2083,0.3840614498319731,2083,0.4320691310609698,2083,1.0081613058089294,2083,86.60484286450283,3882,5.203503348789284,3882,7.058217413704276,3882,27.125193199381762,3882,36.01236476043277,3882,68.65018031942297,3882,96.30112008335504,3839,95.36337587913519,3839,64.73377097009482,2742,44.43865589997395,3839,4.324042719458192,3839,14.387060158910328,3524,1.4994246,869,1.8565401,6.3623786,2169.0,65.42056074766356,214,28.04597701149425,870,44.488506,10.091421667337897,2483,25.714285714285715,2660,22.06766917293233,2660,4.7368421052631575,2660,4.172932330827067,2660,43.30827067669173,2660,4.303428154631655,2742,54.777534646243616,2742,0.0,2742,0.0,2742,0.07293946024799416,2742,0.0,2742,0.0,2742,0.0,2742,0.0,2742,0.0,2742,1.6931492576191716,3839,1.146131805157593,3839,1.3024225058609014,3839,0.5991143526960145,3839,3.151862464183381,3839,52.20159151193634,3770,2.0689655172413794,3770,0.21220159151193635,3770,45.51724137931034,3770,54.48275862068966,3770,1.910828025477707,157,22.293624161073826,86.96259073143496,3582,12.339475153545505,3582,31.12939841089671,3524,84.76190476190476,315,4.324042719458192,3839,5.578231292517007,735,60.70615034168565,878,17.995444191343964,878,8.086560364464692,878,2.847380410022779,878,878,4.37243735763098,88.83150419625565,11.16849580374435,6.5848934796642995,1549,1549,1549
040601,9189,4463,26.096419632168896,9189,63.29306779845467,9189,10.610512569376429,9189,33.17009467841985,9189,15.431494177821309,9189,30.0,32.85265,105.89289715438046,4726,8.194580476656872,9189,23.354010229622375,9189,1.6215039721406028,9189,57.99518569463549,41.23108665749656,16.764099037138926,40.658882402001666,245.94871794871796,4.330768070016599,6627,7.856693903205531,3182,97.64216366158114,2163,98.05871212121212,2112,90.78947368421052,304,59.29203539823009,904,5.036794766966476,6115,23.515944399018807,6115,45.24938675388389,6115,26.197874080130827,6115,71.44726083401471,6115,74.99591169255928,6115,6.782673583902192,7.856693903205531,1.0740203193033382,3182,3445,2.3508672222272224,27.42155525238745,25.070688030160227,2932,3183,-1.321918882672657,9.124829467939973,10.44674835061263,2932,3183,20.652404151662783,4721,49.50222410506249,4721,4.024571065452235,4721,8.00677822495234,4721,0.46600296547341663,4721,9.002330014827367,4721,21.1184071171362,4721,71.53558052434457,70.27715355805243,6675,6675,4775,1.7591623036649215,60.124610591900314,59.283489096573206,3210,3210,54.26816352467698,4721,11.311162889218386,4721,31.179834780766786,4721,21.98217151488179,82.1067821067821,60.124610591900314,3465,3210,9.150603685659817,4721,2.753653886888371,4721,28.913365812327896,4721,5.719127303537386,4721,5.464943867824614,4721,12.454988349925863,4721,3.7492056767633977,4721,4.427028171997458,4721,25.35479771234908,4721,1.4615547553484431,4721,2.3935606862952765,4721,2.3935606862952765,4721,68.03787136793993,9189,40.96201980629013,9189,20.002176515398848,9189,32.9524431385352,9189,46.13124387855044,9189,70.55174665360758,9189,99.3474173210928,9041,99.09302068355271,9041,65.94756554307116,6675,41.599380599491205,9041,0.9291007631899126,9041,18.19277108433735,8300,2.0022485,1779,3.011502,13.113093,8869.0,95.41595925297113,589,35.39480949751518,3622,48.75621,9.812919051512674,6115,44.483442698000914,6553,14.558217610254845,6553,3.738745612696475,6553,6.714481916679383,6553,30.50511216236838,6553,55.49063670411985,6675,3.161048689138577,6675,0.0299625468164794,6675,0.0,6675,0.0449438202247191,6675,0.0,6675,0.0149812734082397,6675,0.0,6675,0.0,6675,0.0,6675,3.893374626700586,9041,2.2563875677469305,9041,2.9089702466541314,9041,1.2830439110717842,9041,6.957195000553036,9041,55.065341226404556,8953,32.35786887076957,8953,1.5860605383670279,8953,10.99072936445884,8953,89.00927063554116,8953,7.096774193548387,310,21.553928745729625,74.02320625147999,8446,25.195358749704003,8446,55.42168674698795,8300,96.08636977058029,741,7.543413339232385,9041,4.451612903225806,1550,36.3013698630137,3650,23.013698630136986,3650,40.93150684931507,3650,12.136986301369863,3650,3650,2.476986301369863,89.10864264426985,10.89135735573015,4.5516120292603635,3691,3691,3691
040602,4251,2074,24.558927311220888,4251,61.279698894377795,4251,14.161373794401317,4251,31.73370971536109,4251,19.760056457304163,4251,34.0,35.841213,104.9662487945998,2177,7.080686897200659,4251,19.642437073629733,4251,3.081627852270054,4251,63.186180422264876,40.076775431861805,23.10940499040307,57.662835249042146,173.421926910299,6.21414913957935,3138,10.805500982318271,1527,96.31901840490798,978,97.66454352441613,942,91.15044247787611,113,55.873925501432666,349,6.810284920083391,2878,26.71994440583739,2878,42.73801250868659,2878,23.731758165392634,2878,66.46977067407923,2878,69.84016678248784,2878,8.943303589394622,10.805500982318271,1.86219739292365,1527,1611,-2.767989710571161,22.316986496090973,25.084976206662134,1407,1471,-2.160368401751562,8.157782515991471,10.318150917743033,1407,1471,14.703389830508474,2360,65.50847457627118,2360,1.3983050847457628,2360,7.966101694915254,2360,0.2966101694915254,2360,0.0847457627118644,2360,15.0,2360,75.37242472266244,74.0095087163233,3155,3155,2378,1.808242220353238,68.35607537361923,67.38141650422352,1539,1539,59.95762711864407,2360,9.152542372881356,2360,24.406779661016948,2360,13.698380071925314,82.05445544554455,68.35607537361923,1616,1539,8.64406779661017,2360,2.330508474576271,2360,49.279661016949156,2360,4.067796610169491,2360,5.0423728813559325,2360,9.703389830508474,2360,2.8813559322033897,2360,2.0762711864406778,2360,10.677966101694915,2360,0.8050847457627118,2360,2.542372881355932,2360,1.9067796610169492,2360,80.52223006351447,4251,21.830157609974123,4251,18.301576099741236,4251,34.13314514231946,4251,40.0611620795107,4251,74.90002352387674,4251,98.92524480534989,4187,98.51922617625985,4187,60.95087163232964,3155,34.41604967757344,4187,0.2627179364700263,4187,13.598971722365038,3890,2.2180555,720,3.4590282,14.579832,4760.0,83.79629629629629,216,37.542857142857144,1750,51.42,9.261987491313413,2878,43.46978557504873,3078,12.280701754385966,3078,3.833658219623132,3078,8.317089018843404,3078,32.098765432098766,3078,43.01109350237718,3155,1.901743264659271,3155,0.0,3155,0.0,3155,0.12678288431061807,3155,0.0,3155,0.0,3155,0.0,3155,0.0,3155,0.0,3155,3.5347504179603533,4187,2.7943635060902796,4187,3.3436828278003343,4187,1.839025555290184,4187,7.188918079770719,4187,75.4364694471387,4124,13.676042677012608,4124,0.7032007759456838,4124,10.184287099903006,4124,89.815712900097,4124,13.286713286713287,143,21.71971252566735,65.03284487114705,3958,32.92066700353714,3958,61.07969151670951,3890,91.24579124579125,297,7.2844518748507285,4187,3.4246575342465753,730,31.35830072666294,1789,28.11626607043041,1789,43.37618781442146,1789,13.191727221911682,1789,1789,2.340413638904416,87.66233766233766,12.337662337662337,5.79004329004329,1848,1848,1848
040603,3666,1768,25.368248772504092,3666,66.23022367703219,3666,8.40152755046372,3666,32.95144571740317,3666,13.720676486633934,3666,31.0,33.062195,107.3529411764706,1898,6.73758865248227,3666,21.82214948172395,3666,1.1456628477905073,3666,50.98846787479407,38.30313014827018,12.685337726523889,33.11827956989247,301.94805194805195,3.7777777777777777,2700,6.501547987616099,1292,98.15016322089227,919,76.16407982261642,902,93.51851851851852,108,59.69230769230769,325,4.5066991473812426,2463,22.614697523345512,2463,44.53917986195696,2463,28.33942346731628,2463,72.87860332927325,2463,75.3146569224523,2463,5.223138896707008,6.501547987616099,1.2784090909090908,1292,1408,-1.388793504215709,27.618243243243242,29.00703674745895,1184,1279,-1.5578550599074443,9.22635135135135,10.784206411258795,1184,1279,34.16578108395324,1882,47.87460148777896,1882,1.540913921360255,1882,8.023379383634431,1882,0.7438894792773645,1882,0.9564293304994687,1882,34.909670563230605,1882,70.36490969406562,68.96424622189458,2713,2713,1909,1.9905709795704558,56.83563748079877,55.22273425499232,1302,1302,51.54091392136026,1882,10.945802337938364,1882,31.562167906482465,1882,26.013405750951755,82.84904323175053,56.83563748079877,1411,1302,12.06163655685441,1882,3.5069075451647183,1882,28.53347502656748,1882,4.357066950053135,1882,6.16365568544102,1882,11.955366631243358,1882,4.0913921360255046,1882,3.7194473963868226,1882,23.007438894792774,1882,1.487778958554729,1882,2.4973432518597236,1882,2.869287991498406,1882,73.54064375340971,3666,27.79596290234588,3666,27.823240589198036,3666,34.99727223131478,3666,43.69885433715221,3666,76.2138570649209,3666,99.42291838417148,3639,99.20307776861775,3639,64.17250276446738,2713,42.29183841714757,3639,0.4396812311074471,3639,18.645066273932255,3395,2.0486486,740,3.1384,15.3022175,3921.0,94.24778761061947,226,35.477178423236516,1446,47.365837,10.035322777101097,2463,47.45379102225575,2651,12.674462466993587,2651,3.319502074688797,2651,5.8468502451904945,2651,30.70539419087137,2651,53.88868411352746,2713,2.248433468485072,2713,0.0,2713,0.036859565057132324,2713,0.0,2713,0.0,2713,0.0,2713,0.0,2713,0.0,2713,0.0,2713,4.012091233855455,3639,1.9510854630392964,3639,3.6273701566364385,3639,1.5388843088760649,3639,7.3646606210497385,3639,60.483870967741936,3596,20.10567296996663,3596,11.624026696329254,3596,7.786429365962181,3596,92.21357063403782,3596,3.787878787878788,132,21.14516129032258,78.26589595375722,3460,20.491329479768787,3460,51.63475699558174,3395,97.95081967213115,244,9.59054685353119,3639,3.3576642335766422,685,36.02442333785617,1474,17.706919945725915,1474,38.19538670284939,1474,8.7516960651289,1474,1474,2.4687924016282223,88.03701255783213,11.962987442167872,6.411103767349636,1513,1513,1513
040701,20118,9886,26.78198628094244,20118,67.68565463763794,20118,5.532359081419624,20118,37.081220797295956,20118,8.8130032806442,20118,27.0,29.924694,103.49989884685414,10232,6.496669649070484,20118,26.99572522119495,20118,0.7903370116313749,20118,47.74179334655211,39.56818682529192,8.17360652126019,20.657015590200444,484.09703504043125,3.2295666483817884,14584,5.657728485188825,7123,97.70992366412214,5633,98.32848837209302,5504,91.05180533751962,637,72.21552070767993,2487,3.867060102500388,12878,16.55536574002174,12878,47.1191178754465,12878,32.45845628203137,12878,79.57757415747787,12878,82.10902314023917,12878,4.746322507437853,5.657728485188825,0.9114059777509718,7123,7461,4.686100884523395,34.86736976669862,30.181268882175228,6258,6620,-0.6071668023238406,10.437999360818154,11.045166163141994,6258,6620,43.18032786885246,9150,37.84699453551912,9150,1.8579234972677596,9150,8.33879781420765,9150,0.7759562841530054,9150,0.8306010928961749,9150,43.95628415300546,9150,64.17645452062278,62.100518983884186,14644,14644,9398,3.234730793785912,51.298519966489806,49.46942194917621,7162,7162,42.86338797814208,9150,9.704918032786885,9150,41.68306010928962,9150,25.20508869429608,76.50360866078589,51.298519966489806,7482,7162,11.693989071038251,9150,4.5136612021857925,9150,16.295081967213115,9150,3.9672131147540983,9150,5.530054644808743,9150,14.349726775956285,9150,5.136612021857924,9150,5.890710382513661,9150,26.56830601092896,9150,2.1420765027322406,9150,3.420765027322404,9150,3.1147540983606556,9150,59.71766577194552,20118,52.0479172880008,20118,22.4127646883388,20118,29.257381449448257,20118,54.408986976836665,20118,67.89442290486132,20118,99.71519936044768,20014,99.59528330168882,20014,49.658563234089044,14644,39.66223643449585,20014,0.4047166983111822,20014,9.70396494602971,18714,2.0167902,4586,2.70785,13.926238,17923.0,95.10061242344707,1143,32.869864083736914,6401,46.512733,10.75011647771393,12878,41.35734072022161,14440,10.51939058171745,14440,4.529085872576177,14440,5.692520775623269,14440,37.90166204986149,14440,36.185468451242826,14644,6.985796230538105,14644,0.013657470636438131,14644,0.0,14644,0.1775471182736957,14644,0.0,14644,0.0,14644,0.0,14644,0.0,14644,0.0,14644,3.6174677725592086,20014,1.6438493054861596,20014,2.5582092535225343,20014,1.004296992105526,20014,6.225642050564605,20014,55.98406936882436,19836,33.88788062109296,19836,1.2200040330711837,19836,8.908045977011493,19836,91.0919540229885,19836,4.373177842565598,1029,20.83511728535641,81.78854949792334,19021,17.36501761211293,19021,45.50603826012611,18714,98.76923076923077,1300,4.66673328669931,20014,2.7359146765592395,4313,46.71103544342981,6461,14.920290976629005,6461,27.16297786720322,6461,5.927874941959449,6461,6461,3.097662900479802,93.25666492420282,6.743335075797177,3.815995818086775,7652,7652,7652
040702,6120,3051,25.784313725490197,6120,62.04248366013072,6120,12.173202614379084,6120,33.41503267973856,6120,16.568627450980394,6120,31.0,33.76258,100.58997050147492,3069,7.091503267973856,6120,22.45098039215686,6120,2.026143790849673,6120,61.17987885172504,41.55912562549381,19.620753226231233,47.21166032953105,211.81208053691276,3.2458870609159627,4498,5.459387483355526,2253,96.96356275303644,1482,97.77313848295059,1437,93.16770186335404,161,59.13461538461539,624,3.3107781536974383,4138,22.305461575640408,4138,40.55099081681972,4138,33.83276945384244,4138,74.38376027066215,4138,76.89705171580474,4138,4.434888596941272,5.459387483355526,1.024498886414254,2253,2245,0.510250803618149,34.08653846153846,33.57628765792031,2080,2058,-1.154012484114526,9.998076923076923,11.152089407191449,2080,2058,24.403436207445115,3143,53.80209990454979,3143,2.545338848234171,3143,8.335984727966911,3143,0.38180082723512565,3143,2.958956411072224,3143,24.785237034680243,3143,70.59995572282489,69.13880894398937,4517,4517,3189,2.0696142991533395,61.91526919682259,60.19417475728155,2266,2266,45.0206808781419,3143,13.10849506840598,3143,36.90741329939548,3143,17.427245241204957,79.34251443802755,61.91526919682259,2251,2266,14.476614699331849,3143,2.2271714922048997,3143,31.403118040089087,3143,7.413299395482023,3143,5.599745466115176,3143,11.517658288259625,3143,4.517976455615654,3143,4.963410754056634,3143,13.617562838052816,3143,1.399936366528794,3143,5.186127903277124,3143,3.7861915367483294,3143,72.12418300653594,6120,29.23202614379085,6120,22.45098039215686,6120,32.87581699346405,6120,50.80065359477124,6120,77.33660130718954,6120,99.4582170415367,6091,99.0641930717452,6091,68.60748284259465,4517,38.68001970119849,6091,1.001477589886718,6091,9.810853809439632,5657,1.8634146,1230,2.8451824,12.907499,6043.0,91.21813031161473,353,37.85154449054864,2169,50.612724,10.572015466408892,4138,39.23197844150011,4453,12.194026498989444,4453,4.738378621154278,4453,6.647204132045812,4453,37.188412306310354,4453,57.471773300863404,4517,2.656630506973655,4517,0.022138587558113793,4517,0.0,4517,0.044277175116227585,4517,0.0,4517,0.0,4517,0.022138587558113793,4517,0.0,4517,0.0,4517,3.39845673945165,6091,2.085043506813331,6091,2.7417501231324906,6091,1.2641602364143818,6091,6.173042193400098,6091,64.36781609195403,6003,23.90471430951191,6003,0.9328668998833917,6003,10.794602698650674,6003,89.20539730134932,6003,10.176991150442477,226,21.80747922437673,75.1352294538475,5731,24.09701622753446,5731,57.963584939013614,5657,98.15668202764977,434,3.0044327696601543,6091,4.197080291970803,1096,38.746569075937785,2186,28.59103385178408,2186,32.52516010978957,2186,9.423604757548032,2186,2186,2.786367795059469,81.61277756135567,18.38722243864433,11.336190105181146,2567,2567,2567
040801,15934,7772,27.664114472197816,15934,61.69825530312539,15934,10.637630224676792,15934,35.15124890171959,15934,14.942889418852767,15934,29.0,32.64874,105.01801338136902,8162,7.556169197941509,15934,22.750094138320573,15934,2.1086983808208863,15934,62.079137422439224,44.8377581120944,17.24137931034483,38.452813067150636,260.05899705014747,2.109630152705446,11329,3.4875316226960607,5534,95.89731285988483,4168,97.19789842381786,3997,86.80555555555556,576,52.10559396605908,1591,2.854662937602469,10369,24.688976757642973,10369,47.343041759089594,10369,25.113318545664963,10369,72.45636030475455,10369,76.43938663323368,10369,2.6937438746373896,3.4875316226960607,0.7937877480586712,5534,5795,-5.133007616195098,22.49359858183967,27.626606198034768,5077,5292,-1.7812144970478077,9.138664565688398,10.919879062736205,5077,5292,13.020241073459177,8794,67.14805549238118,8794,1.0916534000454856,8794,8.255628837843984,8794,0.3297702979304071,8794,0.8301114396179213,8794,13.350011371389584,8794,77.7232064550079,76.3637958252938,11402,11402,8862,1.7490408485669149,71.49004841312534,70.48592433207818,5577,5577,66.53400045485559,8794,5.469638389811235,8794,24.39163065726632,8794,12.200938711338182,83.69098712446352,71.49004841312534,5825,5577,8.596770525358199,8794,1.8762792813281783,8794,64.95337730270639,8794,2.365249033431885,8794,3.0930179667955424,8794,10.325221742096884,8794,3.0247896292926995,8794,1.9899931771662498,8794,1.5806231521491927,8794,0.3866272458494428,8794,4.57129861269047,8794,1.3418239708892428,8794,81.64930337642777,15934,13.963850884900213,15934,13.951299108823898,15934,44.301493661353085,15934,40.08409689971131,15934,79.70377808459897,15934,99.47405107407643,15781,99.30295925480007,15781,85.08156463778285,11402,32.52645586464736,15781,0.4752550535454027,15781,15.727409845056904,14586,2.0809443,2965,2.8477826,11.3558,14213.0,87.58314855875831,902,34.70010166045408,5902,48.049137,10.047738451152474,10369,37.6655925528106,11172,18.49266022198353,11172,3.455066237021124,11172,5.486931614751164,11172,34.899749373433586,11172,5.4639536923346785,11402,70.78582704788633,11402,0.026311173478337134,11402,0.0,11402,0.026311173478337134,11402,0.0,11402,0.0,11402,0.0,11402,0.0,11402,0.0,11402,2.5727140231924466,15781,1.7806222672834422,15781,2.2115201824979405,15781,1.241999873265319,15781,4.809581141879475,15781,76.2516129032258,15500,10.025806451612903,15500,0.5548387096774193,15500,13.167741935483871,15500,86.83225806451613,15500,6.964285714285714,560,21.889971346704872,74.09873553941351,14868,25.026903416733926,14868,57.411216234745645,14586,96.82008368200837,1195,10.67739686965338,15781,3.751233958538993,3039,41.11036564911104,5962,23.414961422341495,5962,33.44515263334451,5962,9.59409594095941,5962,5962,2.646930560214693,90.36544850498339,9.63455149501661,2.740863787375415,7224,7224,7224
040802,3197,1536,26.962777604003755,3197,60.46293400062559,3197,12.57428839537066,3197,34.18830153268689,3197,17.141069752893337,3197,31.0,34.18017,108.13802083333333,1661,6.818892711917423,3197,20.863309352517987,3197,2.3459493274945262,3197,65.39058458354889,44.593895499224004,20.796689084324882,46.635730858468676,214.4278606965174,5.828621139625924,2299,10.526315789473685,1121,96.71931956257595,823,97.8643216080402,796,89.88764044943821,89,42.394822006472495,309,6.0606060606060606,2112,35.79545454545455,2112,39.29924242424242,2112,18.84469696969697,2112,58.14393939393939,2112,62.452651515151516,2112,9.168081494057725,10.526315789473685,1.3582342954159592,1121,1178,-3.667086685405966,16.95906432748538,20.626151012891345,1026,1086,-2.2034775397671584,7.4337231968810915,9.63720073664825,1026,1086,13.522727272727273,1760,66.19318181818181,1760,0.7954545454545454,1760,9.204545454545455,1760,0.3977272727272727,1760,0.17045454545454544,1760,13.920454545454545,1760,76.29533678756476,75.3454231433506,2316,2316,1767,1.245048104131296,69.08127208480565,68.19787985865725,1132,1132,55.39772727272727,1760,9.659090909090908,1760,29.65909090909091,1760,14.111295482761918,83.19256756756756,69.08127208480565,1184,1132,8.806818181818182,1760,1.7045454545454546,1760,55.28409090909091,1760,3.5795454545454546,1760,6.079545454545454,1760,12.272727272727273,1760,5.511363636363637,1760,2.6136363636363638,1760,0.11363636363636363,1760,0.5113636363636364,1760,4.7727272727272725,1760,1.25,1760,84.45417578980295,3197,10.071942446043165,3197,15.577103534563653,3197,54.238348451673446,3197,51.798561151079134,3197,85.39255552080076,3197,99.59003468937244,3171,99.30621255124566,3171,88.42832469775475,2316,27.877641122674234,3171,0.0946073793755913,3171,13.807106598984772,2955,2.3796792,561,3.7048078,16.108078,3849.0,77.90055248618785,181,31.43309580364212,1263,49.266033,8.566761363636363,2112,42.21238938053097,2260,18.495575221238937,2260,2.3893805309734515,2260,6.238938053097345,2260,30.663716814159294,2260,3.4110535405872193,2316,78.28151986183074,2316,0.0,2316,0.0,2316,0.04317789291882556,2316,0.0,2316,0.0,2316,0.0,2316,0.0,2316,0.0,2316,3.7842951750236518,3171,2.3021128981393884,3171,3.4374014506464836,3171,2.1444339325134028,3171,7.50551876379691,3171,84.75394017368929,3109,6.593760051463493,3109,0.3538115149565777,3109,8.29848825989064,3109,91.70151174010935,3109,5.504587155963303,109,21.485714285714284,62.0,3000,37.266666666666666,3000,65.54991539763114,2955,98.14814814814815,216,10.312204351939451,3171,4.462809917355372,605,35.90551181102362,1270,24.80314960629921,1270,35.275590551181104,1270,8.503937007874017,1270,1270,2.4968503937007873,84.67514124293785,15.324858757062145,3.4604519774011298,1416,1416,1416
040901,15504,7516,26.96078431372549,15504,68.38235294117646,15504,4.6568627450980395,15504,36.48735810113519,15504,7.307791537667699,15504,26.0,28.328045,106.27993613624268,7988,8.526831785345717,15504,30.863003095975234,15504,1.0448916408668731,15504,46.236559139784944,39.42652329749104,6.810035842293907,17.272727272727273,578.9473684210526,1.1296395911780528,11154,1.838235294117647,5440,93.099025141098,3898,95.39818131716726,3629,78.22878228782288,542,39.301121656600515,2318,2.455579956079058,10018,15.571970453184269,10018,58.54461968456778,10018,23.427829906168895,10018,81.97244959073667,10018,84.72749051706927,10018,1.38321254298009,1.838235294117647,0.45502275113755686,5440,5714,1.8341235054867546,24.36631234668847,22.532188841201716,4892,5126,-0.7777039057293411,10.331152902698284,11.108856808427625,4892,5126,20.014312977099237,8384,55.462786259541986,8384,1.2046755725190839,8384,11.343034351145038,8384,1.0734732824427482,8384,0.059637404580152674,8384,21.087786259541986,8384,75.72806860818295,74.31659817759514,11194,11194,8477,1.8638669340568597,68.78887669227954,67.6545920234175,5466,5466,46.66030534351145,8384,8.897900763358779,8384,39.658874045801525,8384,13.560983642915986,82.34986033519553,68.78887669227954,5728,5466,4.890267175572519,8384,4.055343511450381,8384,46.49332061068702,8384,2.099236641221374,8384,6.786736641221374,8384,19.262881679389313,8384,9.553912213740459,8384,3.995706106870229,8384,0.16698473282442747,8384,1.2166030534351144,8384,0.9780534351145038,8384,0.9184160305343512,8384,80.05675954592363,15504,5.798503611971104,15504,12.719298245614034,15504,35.713364293085654,15504,45.82688338493292,15504,76.72213622291022,15504,97.93774065130849,15323,97.54617242054428,15323,63.775236733964626,11194,48.136787835280295,15323,2.427723030738106,15323,21.3562464346834,14024,1.7188029,3542,2.1851463,8.211541,10400.0,78.48222862632085,1041,30.138779785284108,3819,44.051323,10.729087642243961,10018,30.520010890280425,11019,19.466376259188674,11019,3.811598148652328,11019,4.0294037571467465,11019,42.17261094473183,11019,4.895479721279257,11194,55.36894765052707,11194,0.07146685724495265,11194,0.0,11194,0.026800071466857246,11194,0.0,11194,0.0,11194,0.008933357155619081,11194,0.0,11194,0.0,11194,2.349409384585264,15323,1.0180773999869477,15323,1.4161717679305619,15323,0.6982966781961757,15323,3.6089538602101414,15323,58.17493021401037,15046,1.7213877442509637,15046,0.3456068057955603,15046,39.75807523594311,15046,60.24192476405689,15046,4.664723032069971,686,22.087976539589445,89.77892822163146,14294,9.311599272421995,14294,33.41414717626925,14024,89.37644341801386,1299,8.673236311427265,15323,5.49061282323769,2823,52.005141388174806,3890,15.19280205655527,3890,20.874035989717225,3890,4.80719794344473,3890,3890,3.939074550128535,93.08534573271336,6.914654267286636,3.509824508774561,6667,6667,6667
040902,1406,667,35.77524893314367,1406,58.60597439544808,1406,5.61877667140825,1406,43.3854907539118,1406,8.60597439544808,1406,23.0,26.507113,110.79460269865068,739,13.086770981507824,1406,25.462304409672832,1406,0.9957325746799431,1406,70.63106796116504,61.04368932038835,9.587378640776699,15.705765407554672,636.7088607594936,0.4624277456647399,865,0.9411764705882353,425,92.80575539568345,417,96.38242894056847,387,80.85106382978724,94,38.70967741935484,155,1.5345268542199488,782,9.59079283887468,782,67.77493606138107,782,21.099744245524295,782,88.87468030690538,782,91.56010230179028,782,0.9411764705882353,0.9411764705882353,0.0,425,440,-4.831998743915843,18.65284974093264,23.484848484848484,386,396,-0.9349714764222536,10.575129533678757,11.51010101010101,386,396,14.922813036020584,583,67.58147512864494,583,1.5437392795883362,583,9.60548885077187,583,0.0,583,0.0,583,14.922813036020584,583,69.00921658986175,66.47465437788019,868,868,599,3.672787979966611,55.86854460093897,55.16431924882629,426,426,32.59005145797599,583,4.974271012006861,583,57.80445969125214,583,25.805663543857413,81.67420814479638,55.86854460093897,442,426,6.174957118353345,583,1.7152658662092624,583,31.04631217838765,583,2.5728987993138936,583,2.4013722126929675,583,32.41852487135506,583,14.922813036020584,583,2.9159519725557463,583,1.5437392795883362,583,0.5145797598627787,583,2.7444253859348198,583,1.8867924528301887,583,88.05120910384068,1406,3.7695590327169275,1406,26.31578947368421,1406,23.115220483641536,1406,57.89473684210526,1406,83.28591749644382,1406,97.64185703758291,1357,96.83124539425202,1357,71.42857142857143,868,40.67796610169491,1357,5.600589535740604,1357,12.92517006802721,1176,2.4210527,266,3.0163043,10.720718,1110.0,90.35087719298245,114,22.413793103448278,348,45.347702,11.048593350383632,782,37.91079812206573,852,23.943661971830984,852,2.347417840375587,852,3.6384976525821595,852,32.159624413145536,852,2.9953917050691246,868,68.08755760368663,868,0.0,868,0.0,868,0.0,868,0.0,868,0.1152073732718894,868,0.0,868,0.0,868,0.0,868,2.210759027266028,1357,1.1790714812085483,1357,1.400147383935151,1357,0.4421518054532056,1357,3.5372144436256447,1357,75.93144560357675,1342,2.831594634873323,1342,0.14903129657228018,1342,21.087928464977644,1342,78.91207153502235,1342,2.1739130434782608,46,20.99619771863118,88.59005704971476,1227,9.372453137734311,1227,33.333333333333336,1176,91.16022099447514,181,8.843036109064112,1357,6.504065040650406,246,62.77777777777778,360,16.944444444444443,360,12.777777777777779,360,5.277777777777778,360,360,3.7694444444444444,78.80794701986756,21.192052980132445,12.582781456953642,453,453,453
040903,2355,1172,30.955414012738853,2355,63.524416135881104,2355,5.520169851380042,2355,39.660297239915074,2355,7.176220806794055,2355,25.0,27.753716,100.93856655290102,1183,9.129511677282379,2355,28.067940552016985,2355,0.7643312101910829,2355,57.419786096256686,48.72994652406417,8.689839572192513,17.83264746227709,560.7692307692307,1.454775458570525,1581,2.904040404040404,792,90.69767441860465,645,98.46153846153847,585,85.0,100,28.67924528301887,265,1.7667844522968197,1415,26.784452296819786,1415,60.918727915194346,1415,10.530035335689046,1415,71.44876325088339,1415,76.53710247349824,1415,2.904040404040404,2.904040404040404,0.0,792,789,-3.9221212193893464,8.526011560693641,12.448132780082988,692,723,-1.667855915061681,8.391618497109826,10.059474412171507,692,723,11.685625646328852,967,62.047569803516026,967,0.4136504653567735,967,16.028955532574972,967,1.654601861427094,967,0.10341261633919338,967,13.340227507755946,967,64.33962264150944,59.81132075471698,1590,1590,1023,7.038123167155425,55.819774718397994,53.31664580725907,799,799,70.42399172699069,967,9.927611168562565,967,15.718717683557394,967,17.125863713966098,72.94563843236409,55.819774718397994,791,799,6.10134436401241,967,3.1023784901758016,967,70.21716649431231,967,2.2750775594622543,967,7.652533609100311,967,6.10134436401241,967,0.9307135470527405,967,1.0341261633919339,967,0.20682523267838676,967,0.7238883143743536,967,3.309203722854188,967,1.2409513960703207,967,86.41188959660298,2355,8.704883227176222,2355,6.4543524416135885,2355,43.397027600849256,2355,17.70700636942675,2355,76.81528662420382,2355,96.65508253692441,2302,96.13379669852303,2302,95.28301886792453,1590,5.082536924413554,2302,3.1711555169417895,2302,2.575107296137339,2097,1.9061303,522,2.4589927,7.9765377,1705.0,69.87179487179488,156,42.20183486238532,1090,40.355965,9.243816254416961,1415,29.169349645846747,1553,20.025756600128783,1553,2.3180940115904702,1553,3.0264005151320026,1553,45.460399227302,1553,0.37735849056603776,1590,1.0062893081761006,1590,0.0,1590,0.0,1590,0.0,1590,0.0,1590,0.0,1590,0.0,1590,0.0,1590,0.0,1590,0.9556907037358818,2302,0.8253692441355344,2302,1.520417028670721,2302,0.9991311902693311,2302,2.4326672458731537,2302,71.91719171917191,2222,2.295229522952295,2222,0.22502250225022502,2222,25.562556255625562,2222,74.43744374437443,2222,10.434782608695652,115,20.785398230088497,12.663551401869158,2140,85.37383177570094,2140,91.94086790653314,2097,80.97560975609755,205,1.476976542137272,2302,10.344827586206897,464,38.75685557586837,1094,11.060329067641682,1094,46.983546617915906,1094,7.769652650822669,1094,1094,2.104204753199269,95.23809523809524,4.761904761904759,1.2422360248447204,483,483,483
041001,12202,5966,21.766923455171284,12202,67.52171775118833,12202,10.711358793640386,12202,28.552696279298477,12202,16.259629568923128,12202,35.0,35.566956,104.52564532349983,6236,5.130306507129979,12202,21.332568431404688,12202,1.7292247172594657,12202,48.100497633207915,32.23692195654812,15.863575676659789,49.20933734939759,203.21346595256313,3.0156165858912223,9285,5.361871138570168,4532,94.85627836611195,2644,97.72727272727273,2508,84.6938775510204,294,52.55281690140845,1136,3.6616454229432214,8630,27.334878331402084,8630,49.47856315179606,8630,19.524913093858633,8630,69.0034762456547,8630,72.31749710312862,8630,4.583415426388388,5.361871138570168,0.7784557121817799,4532,4753,-3.46923571375714,17.74768353528154,21.21691924903868,4209,4421,-1.760569398444936,8.530767403183654,10.29133680162859,4209,4421,13.158959147903465,7417,64.40609410812998,7417,0.8359174868545234,7417,9.046784414183632,7417,0.24268572199002292,7417,0.026965080221113658,7417,13.401644869893488,7417,79.72080136402387,78.32480818414322,9384,9384,7481,1.751102793744152,75.23954703832753,74.32491289198606,4592,4592,63.233113118511525,7417,12.336524201159499,7417,21.531616556559257,7417,8.775478003408693,84.01502504173622,75.23954703832753,4792,4592,5.730079546986652,7417,1.4561143319401375,7417,62.26237023055143,7417,7.7389780234596195,7417,4.570581097478765,7417,11.257920992314952,7417,2.6965080221113658,7417,1.65835243359849,7417,0.9707428879600917,7417,0.3640285829850344,7417,1.6853175138196037,7417,1.496561952271808,7417,85.18275692509425,12202,5.679396820193411,12202,6.892312735617112,12202,29.83937059498443,12202,33.224061629241106,12202,69.74266513686281,12202,99.51698867421719,12008,99.30879413724183,12008,77.71739130434783,9384,31.645569620253166,12008,0.4330446369087275,12008,14.44873595505618,11392,1.8272042,2257,2.684719,9.1681,10482.0,89.63531669865642,521,43.209083119108826,4668,49.77121,9.432676709154114,8630,36.60743486318543,9173,11.544750899378611,9173,4.731276572549874,9173,6.322904175297068,9173,40.79363348958901,9173,5.658567774936062,9384,64.42881500426257,9384,0.0319693094629156,9384,0.010656436487638534,9384,0.021312872975277068,9384,0.0,9384,0.0,9384,0.0,9384,0.0,9384,0.010656436487638534,9384,2.589940039973351,12008,1.5739506995336443,12008,2.2401732178547635,12008,1.0576282478347767,12008,4.721852098600933,12008,80.22613278925444,11763,4.012581824364533,11763,0.35705177250701353,11763,15.404233613874013,11763,84.59576638612599,11763,6.896551724137931,406,21.676575505350772,75.56345353675451,11536,23.326976421636616,11536,54.037921348314605,11392,97.40259740259741,616,9.535309793471018,12008,5.2657973921765295,1994,32.498939329656345,4714,23.78022910479423,4714,34.98090793381417,4714,9.461179465422147,4714,4714,2.5473058973271105,90.15007762635847,9.849922373641533,6.5551147145075035,5797,5797,5797
041101,5335,2573,26.991565135895033,5335,62.661668228678536,5335,10.346766635426428,5335,35.538894095595126,5335,14.564198687910029,5335,28.0,32.33571,107.34551107656432,2762,7.291471415182755,5335,24.62980318650422,5335,2.3055295220243672,5335,59.58719712832785,43.07508226144182,16.51211486688603,38.333333333333336,260.8695652173913,5.715031315240084,3832,10.278372591006423,1868,95.76757532281205,1394,98.12734082397004,1335,88.69047619047619,168,56.34782608695652,575,5.907906168549088,3453,29.192006950477847,3453,43.87489139878367,3453,21.0251954821894,3453,64.90008688097306,3453,69.12829423689546,3453,8.903627173491149,10.278372591006423,1.374745417515275,1868,1964,-3.2232537057865684,19.36829558998808,22.591549295774648,1678,1775,-1.904661485000588,8.074493444576877,9.979154929577465,1678,1775,15.998675057966214,3019,63.26598211328255,3019,0.8943358728055647,3019,10.86452467704538,3019,0.29811195760185494,3019,0.09937065253395164,3019,16.296787015568068,3019,78.60657860657861,77.31157731157731,3861,3861,3035,1.6474464579901154,72.47220751720486,71.25463208046585,1889,1889,50.414044385558135,3019,14.508115269956939,3019,31.301755548194766,3019,12.010551103484786,84.48275862068965,72.47220751720486,1972,1889,7.7840344484928785,3019,2.1530308049022855,3019,49.884067572043726,3019,7.3203047366677705,3019,7.022192779065916,3019,15.667439549519708,3019,5.862868499503147,3019,2.351772109970189,3019,0.5299768135144087,3019,0.4968532626697582,3019,2.4511427625041406,3019,1.7886717456111294,3019,85.66073102155576,5335,8.434864104967199,5335,12.31490159325211,5335,33.964386129334585,5335,48.753514526710404,5335,73.02717900656044,5335,99.47009841029524,5284,99.20514761544284,5284,82.88008288008288,3861,25.0,5284,0.32172596517789553,5284,10.852713178294573,4902,2.1266074,1011,3.2452154,12.553549,5369.0,86.34920634920636,315,34.392912975508075,1919,48.23658,9.053576600057921,3453,39.82581155977831,3789,16.6270783847981,3789,3.8004750593824226,3789,6.175771971496437,3789,33.570863024544735,3789,1.3986013986013985,3861,75.4985754985755,3861,0.0259000259000259,3861,0.0,3861,0.0,3861,0.0,3861,0.0,3861,0.0,3861,0.0,3861,0.0,3861,2.781983345950038,5284,2.403482210446631,5284,2.971233913701741,5284,1.5518546555639667,5284,5.79106737320212,5284,82.20257543724775,5203,4.82413991927734,5203,0.44205266192581205,5203,12.531231981549107,5203,87.46876801845089,5203,5.194805194805195,231,21.097604259094943,63.12837973162427,4993,35.790106148608054,4993,60.73031415748674,4902,98.16753926701571,382,7.626797880393641,5284,3.2967032967032965,1001,40.95139607032058,1934,23.681489141675286,1934,30.506721820062047,1934,8.686659772492243,1934,1934,2.7321613236814892,85.75569358178053,14.244306418219466,4.472049689440993,2415,2415,2415
041201,6311,3029,22.199334495325623,6311,63.04864522262716,6311,14.75202028204722,6311,28.759309142766597,6311,20.408810014260816,6311,34.0,36.833466,108.35259161439419,3282,5.704325780383457,6311,21.18523213436856,6311,3.4384408176200285,6311,58.607690374465946,35.20985172153807,23.39783865292787,66.45253390435403,150.48335123523094,3.7060301507537687,4776,6.911636045494313,2286,96.40234948604993,1362,96.64889565879665,1313,90.28571428571429,175,59.14529914529915,585,3.9586144849302745,4446,24.538911381016643,4446,45.2991452991453,4446,26.203328834907783,4446,71.50247413405309,4446,75.41610436347278,4446,6.148583836658972,6.911636045494313,0.7630522088353414,2286,2490,-8.50392082088785,21.767748001880584,30.271668822768433,2127,2319,-2.4658560453870066,8.701457451810061,11.167313497197068,2127,2319,14.51656342580124,3713,59.27821168866146,3713,1.0234311877188258,3713,15.082143819014274,3713,0.4847831941826017,3713,0.05386479935362241,3713,15.00134661998384,3713,77.35810113519092,76.0577915376677,4845,4845,3748,1.6808964781216649,71.67455876022385,70.89969866551873,2323,2323,56.531106921626716,3713,10.476703474279558,3713,28.952329652572043,3713,10.91862125563658,82.59318001586043,71.67455876022385,2522,2323,10.584433072986803,3713,2.0199299757608404,3713,56.45030972259628,3713,4.120657150552114,3713,6.302181524373822,3713,13.062213843253433,3713,2.881766765418799,3713,1.454349582547805,3713,0.08079719903043361,3713,1.1311607864260707,3713,4.793967142472394,3713,1.723673579315917,3713,81.71446680399303,6311,13.26255743939154,6311,12.565362066233561,6311,50.689272698463,6311,41.45143400411979,6311,76.548882902868,6311,99.5186136071887,6232,99.32605905006419,6232,88.87512899896801,4845,29.637355584082158,6232,0.7060333761232349,6232,14.18849948962232,5878,1.9107662,1031,3.2474384,12.8996315,6287.0,85.82995951417004,247,33.67301727957466,2257,53.469208,9.987629329734593,4446,44.38502673796791,4675,11.679144385026738,4675,3.1016042780748663,4675,6.566844919786096,4675,34.26737967914438,4675,2.3116615067079462,4845,79.69040247678019,4845,0.0412796697626419,4845,0.0,4845,0.02063983488132095,4845,0.0,4845,0.02063983488132095,4845,0.0,4845,0.0,4845,0.0,4845,4.027599486521181,6232,3.0006418485237485,6232,3.8029525032092426,6232,1.9094993581514763,6232,7.060333761232349,6232,76.83829577233098,6079,10.018095081427866,6079,0.3290014805066623,6079,12.814607665734496,6079,87.1853923342655,6079,6.280193236714976,207,21.766348273328436,56.38493723849373,5975,42.2928870292887,5975,69.02007485539299,5878,97.74011299435028,354,10.879332477535302,6232,3.7793667007150153,979,31.28024637043555,2273,32.1161460624725,2273,37.08754949406071,2273,13.37439507259129,2273,2273,2.7417509898812145,84.74508229626656,15.25491770373344,6.382978723404255,2491,2491,2491
041202,3061,1492,24.436458673636068,3061,63.86801698791245,3061,11.695524338451486,3061,32.015681149951,3061,16.661221822933683,3061,31.0,34.234238,105.16085790884719,1569,6.337798105194381,3061,22.4109768049657,3061,2.2541653054557336,3061,56.57289002557545,38.26086956521739,18.312020460358056,47.86096256684492,208.9385474860335,2.6032315978456015,2228,4.878048780487805,1107,97.31638418079096,708,97.24238026124819,689,95.40229885057471,87,45.87458745874587,303,3.1831537708129285,2042,21.547502448579824,2042,53.721841332027424,2042,21.547502448579824,2042,75.26934378060724,2042,78.55044074436826,2042,4.521224516437849,4.878048780487805,0.3568242640499554,1107,1121,-2.5195097968678795,20.29268292682927,22.812192723697148,1025,1017,-1.8570535050483254,9.202926829268293,11.059980334316618,1025,1017,11.988795518207283,1785,60.056022408963585,1785,0.39215686274509803,1785,12.605042016806722,1785,0.5042016806722689,1785,0.22408963585434175,1785,12.492997198879552,1785,79.69924812030075,78.328173374613,2261,2261,1802,1.7203107658157604,73.95555555555555,72.62222222222222,1125,1125,58.319327731092436,1785,8.403361344537815,1785,29.41176470588235,1785,11.43176838810642,85.38732394366197,73.95555555555555,1136,1125,8.011204481792717,1785,2.2408963585434174,1785,58.15126050420168,1785,4.369747899159663,1785,4.033613445378151,1785,15.238095238095237,1785,3.585434173669468,1785,1.4005602240896358,1785,0.16806722689075632,1785,0.6722689075630253,1785,3.3053221288515404,1785,1.5126050420168067,1785,84.93956223456387,3061,10.519438092126755,3061,9.016661221822934,3061,32.86507677229663,3061,34.23717739300882,3061,69.51976478275074,3061,99.46613279946614,2997,99.09909909909909,2997,89.78328173374614,2261,38.70537203870537,2997,0.7007007007007007,2997,16.642908054169638,2806,1.8399247,531,2.8821008,10.451662,2679.0,86.11111111111111,144,38.617511520737324,1085,50.623962,10.127815866797258,2042,37.258509659613615,2174,14.443422263109476,2174,3.8638454461821525,2174,6.7157313707451705,2174,37.71849126034959,2174,1.3710747456877488,2261,63.55594869526758,2261,0.0,2261,0.0,2261,0.0,2261,0.0,2261,0.0,2261,0.0,2261,0.0,2261,0.0,2261,3.0697364030697365,2997,2.002002002002002,2997,2.335669002335669,2997,1.2345679012345678,2997,5.205205205205205,2997,78.15299793246037,2902,6.891798759476223,2902,0.31013094417643006,2902,14.645072363886975,2902,85.35492763611303,2902,5.05050505050505,99,21.97339593114241,68.0140597539543,2845,29.31458699472759,2845,59.08766928011404,2806,99.47643979057591,191,10.21021021021021,2997,2.952755905511811,508,37.47714808043876,1094,27.3308957952468,1094,34.460694698354665,1094,11.974405850091408,1094,1094,2.7394881170018284,80.91353996737357,19.086460032626434,11.66394779771615,1226,1226,1226
041301,6637,3135,24.770227512430314,6637,63.71854753653759,6637,11.511224951032093,6637,31.881874340816633,6637,15.729998493295163,6637,31.0,34.115715,111.70653907496013,3502,6.418562603585958,6637,22.14856109688112,6637,2.621666415549194,6637,56.94017498226531,38.87443840151336,18.065736580751953,46.4720194647202,215.18324607329842,3.989920201595968,4762,6.922733363108531,2239,95.93333333333334,1500,96.94232105628909,1439,89.94413407821229,179,44.64882943143812,598,5.161874575503735,4417,23.975549015168667,4417,53.429929816617616,4417,17.432646592709983,4417,70.8625764093276,4417,73.53407290015848,4417,5.53549594733366,6.922733363108531,1.3872374157748713,2239,2523,-3.977338180405889,15.329168668909178,19.306506849315067,2081,2336,-2.038453753135018,8.381066794810188,10.419520547945206,2081,2336,7.89873417721519,3950,62.40506329113924,3950,0.7088607594936709,3950,13.164556962025317,3950,0.27848101265822783,3950,0.02531645569620253,3950,8.177215189873417,3950,82.20233139050791,81.05745212323065,4804,4804,3949,1.392757660167131,77.71403353927626,76.91968225948808,2266,2266,73.39240506329114,3950,5.544303797468355,3950,17.848101265822784,3950,8.495580329912073,86.20961386918833,77.71403353927626,2538,2266,6.151898734177215,3950,1.5443037974683544,3950,73.36708860759494,3950,2.759493670886076,3950,2.7848101265822787,3950,8.60759493670886,3950,2.0253164556962027,3950,0.8607594936708861,3950,0.02531645569620253,3950,0.5822784810126582,3950,3.3164556962025316,3950,1.1139240506329113,3950,85.43016423082719,6637,7.548591230977851,6637,9.522374566822359,6637,45.15594395058008,6637,31.4449299382251,6637,71.80955250866356,6637,99.17044920957896,6389,98.9356706839881,6389,95.64945878434638,4804,19.03271247456566,6389,0.766943183596807,6389,11.91909060514878,5982,2.0786915,1131,3.283186,11.353082,6245.0,77.49196141479099,311,37.82101167315175,2570,48.561867,9.459135159610595,4417,36.35778635778636,4662,19.24066924066924,4662,3.6465036465036467,4662,5.598455598455598,4662,35.15658515658516,4662,0.9159034138218152,4804,81.744379683597,4804,0.041631973355537054,4804,0.0,4804,0.020815986677768527,4804,0.0,4804,0.0,4804,0.0,4804,0.0,4804,0.0,4804,2.3164814524964785,6389,1.643449679136015,6389,2.2695257473783066,6389,1.2208483330724682,6389,4.570355298168727,6389,83.63872223123074,6167,4.3294957029349765,6167,0.3080914545159721,6167,11.723690611318307,6167,88.2763093886817,6167,10.849056603773585,212,21.223234624145785,42.39380968060586,6074,55.44945670069147,6074,79.87295218990305,5982,95.82309582309583,407,8.13898888714979,6389,3.426510369702435,1109,35.733538698498265,2597,22.8725452445129,2597,37.69734308817867,2597,9.47246823257605,2597,2597,2.4601463226800155,90.32382420971473,9.67617579028527,1.6962220508866614,2594,2594,2594
041401,13502,6253,26.30721374611169,13502,62.805510294771146,13502,10.887275959117169,13502,33.98755739890387,13502,15.219967412235224,13502,30.0,33.26122,115.92835438989285,7249,7.791438305436231,13502,22.596652347800326,13502,2.4959265294030515,13502,59.221698113207545,41.886792452830186,17.33490566037736,41.38513513513514,241.6326530612245,6.026442554063749,9757,10.907859078590786,4428,94.24591156874621,3302,85.02570694087403,3112,79.13978494623656,465,52.527472527472526,1365,7.377598926894701,8946,30.762351889112452,8946,39.190699754080036,8946,22.66934942991281,8946,61.86004918399285,8946,65.79476861167002,8946,8.937508168476317,10.907859078590786,1.970350910114468,4428,5329,-1.7294712033422712,21.72303135028388,23.45250255362615,4051,4895,-1.6254771076335457,7.949395211058998,9.574872318692544,4051,4895,15.59262747208395,7433,61.54984528454191,7433,0.8341181218888739,7433,9.995963944571505,7433,0.497780169514328,7433,0.12108166285483654,7433,16.09040764159828,7433,76.92307692307692,75.18084564442181,9815,9815,7550,2.2649006622516556,68.86898096304591,67.59238521836507,4465,4465,50.12780842190233,7433,14.112740481635948,7433,31.427418269877574,7433,14.775878850038197,83.64485981308411,68.86898096304591,5350,4465,8.93313601506794,7433,2.2063769675770213,7433,49.81837750571775,7433,7.6819588322346295,7433,6.403874613211355,7433,16.144221713978204,7433,3.1615767523207317,7433,2.461993811381676,7433,0.3094309161845823,7433,0.9282927485537468,7433,2.825238799946186,7433,1.8431319790125118,7433,81.0990964301585,13502,13.257295215523627,13502,11.279810398459487,13502,37.861057621093174,13502,36.513109169012,13502,70.97467041919715,13502,99.4523220046515,13329,99.0997074049066,13329,72.5522159959246,9815,24.600495160927302,13329,0.2925950934053567,13329,13.15875081327261,12296,2.0099099,2220,3.0645742,12.332237,11847.0,80.06700167504188,597,28.892771347455778,4579,50.214893,8.838810641627543,8946,42.421107087428865,9665,13.274702534919813,9665,3.7454733574754266,9665,6.704604242110709,9665,33.854112778065186,9665,22.40448293428426,9815,39.21548650025471,9815,0.010188487009679063,9815,0.0,9815,0.04075394803871625,9815,0.0,9815,0.0,9815,0.0,9815,0.0,9815,0.0,9815,3.2860679720909296,13329,2.2957461174881835,13329,2.5733363343086504,13329,1.507990096781454,13329,5.634331157626229,13329,74.98275994176691,13051,8.780936326718258,13051,0.6896023293234235,13051,15.546701402191403,13051,84.4532985978086,13051,5.487804878048781,492,22.13835725677831,57.51894694854408,12535,40.9652971679298,12535,61.556603773584904,12296,95.45014520813166,1033,10.00825268212169,13329,4.673684210526316,2375,37.53786239723063,4622,24.772825616616185,4622,30.830809173517956,4622,8.740804846386846,4622,4622,2.883816529640848,85.00440528634361,14.995594713656388,3.5770925110132157,5675,5675,5675
041501,1262,646,29.635499207606973,1262,65.61014263074485,1262,4.754358161648177,1262,39.38193343898574,1262,6.735340729001585,1262,26.0,28.295563,95.3560371517028,616,8.240887480190175,1262,26.228209191759113,1262,1.1885895404120443,1262,52.41545893719807,45.169082125603865,7.246376811594203,16.0427807486631,623.3333333333334,1.2471655328798186,882,2.5056947608200457,439,95.90163934426229,366,96.29629629629629,351,84.21052631578948,38,37.5,144,1.408450704225352,781,15.749039692701665,781,67.22151088348271,781,15.620998719590268,781,82.84250960307298,781,85.65941101152369,781,2.5056947608200457,2.5056947608200457,0.0,439,443,-2.7133206532432617,14.248704663212436,16.962025316455698,386,395,-0.8985046238604326,9.898963730569948,10.79746835443038,386,395,12.585034013605442,588,53.2312925170068,588,0.3401360544217687,588,23.639455782312925,588,0.8503401360544217,588,0.0,588,13.435374149659864,588,69.27437641723355,65.64625850340136,882,882,611,5.237315875613748,62.18678815489749,59.68109339407745,439,439,57.142857142857146,588,8.16326530612245,588,31.632653061224488,588,14.111180242393708,76.2979683972912,62.18678815489749,443,439,3.5714285714285716,588,2.891156462585034,588,56.63265306122449,588,2.2108843537414966,588,5.782312925170068,588,17.17687074829932,588,7.653061224489796,588,1.3605442176870748,588,0.5102040816326531,588,0.8503401360544217,588,1.1904761904761905,588,1.1904761904761905,588,85.81616481774961,1262,6.180665610142631,1262,8.399366085578446,1262,30.19017432646593,1262,46.275752773375594,1262,79.55625990491284,1262,89.66346153846153,1248,89.1826923076923,1248,74.60317460317461,882,49.59935897435897,1248,15.304487179487179,1248,12.118570183086312,1147,1.5555556,342,1.9788135,6.6595078,931.0,80.23255813953489,86,37.45583038869258,283,45.855125,10.353393085787452,781,23.120728929384967,878,21.184510250569478,878,3.7585421412300684,878,5.011389521640091,878,46.924829157175395,878,4.308390022675737,882,69.72789115646259,882,0.0,882,0.0,882,0.0,882,0.0,882,0.0,882,0.0,882,0.0,882,0.0,882,2.003205128205128,1248,1.2820512820512822,1248,1.3621794871794872,1248,1.2019230769230769,1248,3.2051282051282053,1248,57.35056542810985,1238,1.4539579967689822,1238,0.08077544426494346,1238,41.11470113085622,1238,58.88529886914378,1238,4.918032786885246,61,21.429718875502008,93.55670103092784,1164,6.013745704467354,1164,27.46294681778553,1147,74.25742574257426,101,4.326923076923077,1248,4.895104895104895,286,61.61971830985915,284,17.6056338028169,284,13.380281690140846,284,3.8732394366197185,284,284,4.394366197183099,86.70212765957447,13.297872340425528,5.319148936170213,376,376,376
041502,1140,533,29.473684210526315,1140,66.2280701754386,1140,4.298245614035087,1140,40.35087719298246,1140,6.052631578947368,1140,25.0,27.56228,113.88367729831144,607,9.035087719298245,1140,28.42105263157895,1140,1.1403508771929824,1140,50.99337748344371,44.503311258278146,6.490066225165563,14.583333333333334,685.7142857142857,0.6313131313131313,792,0.547945205479452,365,93.11475409836065,305,95.77464788732394,284,84.61538461538461,39,43.31210191082803,157,1.5827338129496402,695,12.086330935251798,695,61.29496402877698,695,25.035971223021583,695,86.33093525179856,695,88.05755395683454,695,-0.15463090693272596,0.547945205479452,0.702576112412178,365,427,0.938282247235712,25.519287833827892,24.58100558659218,337,358,-0.9068928932579627,10.682492581602373,11.589385474860336,337,358,14.431239388794568,589,62.30899830220713,589,0.3395585738539898,589,12.733446519524618,589,0.3395585738539898,589,0.1697792869269949,589,14.770797962648556,589,74.2462311557789,73.36683417085428,796,796,591,1.1844331641285957,70.21857923497268,69.67213114754098,366,366,56.36672325976231,589,5.2631578947368425,589,32.597623089983024,589,7.455839369678486,77.67441860465117,70.21857923497268,430,366,6.621392190152801,589,1.867572156196944,589,56.196943972835314,589,1.0186757215619695,589,4.244482173174872,589,15.280135823429541,589,9.168081494057725,589,0.6791171477079796,589,0.1697792869269949,589,2.3769100169779285,589,1.867572156196944,589,1.5280135823429541,589,87.01754385964912,1140,10.087719298245615,1140,15.964912280701755,1140,38.1578947368421,1140,43.68421052631579,1140,83.0701754385965,1140,99.02740937223696,1131,98.58532272325375,1131,64.57286432160804,796,46.772767462422635,1131,1.5915119363395225,1131,15.95330739299611,1028,2.0677967,236,2.5261538,6.227106,819.0,76.82926829268293,82,31.595092024539877,326,43.6227,11.149640287769785,695,32.52240717029449,781,21.895006402048654,781,4.865556978233035,781,2.560819462227913,781,38.1562099871959,781,2.763819095477387,796,60.301507537688444,796,0.0,796,0.0,796,0.0,796,0.0,796,0.0,796,0.0,796,0.0,796,0.0,796,1.6799292661361627,1131,1.6799292661361627,1131,1.0610079575596818,1131,0.5305039787798409,1131,2.9177718832891246,1131,56.84870188003581,1117,5.0134288272157566,1117,0.17905102954341987,1117,37.95881826320501,1117,62.04118173679499,1117,7.894736842105263,38,21.946428571428573,93.3142311365807,1047,5.6351480420248325,1047,33.94941634241245,1028,93.20388349514563,103,10.698496905393457,1131,3.2110091743119265,218,52.56797583081571,331,11.48036253776435,331,23.867069486404834,331,4.229607250755287,331,331,3.416918429003021,86.57407407407408,13.425925925925924,4.861111111111111,432,432,432
041503,1129,554,28.520814880425156,1129,65.8104517271922,1129,5.66873339238264,1129,38.17537643932684,1129,6.99734278122232,1129,25.0,27.954826,103.79061371841155,575,7.883082373782108,1129,29.49512843224092,1129,1.2400354295837024,1129,51.95154777927322,43.337819650067296,8.613728129205922,19.875776397515526,503.125,1.1612903225806452,775,1.7811704834605597,393,95.37953795379538,303,96.53979238754326,289,82.92682926829268,41,34.41558441558441,154,2.5936599423631126,694,16.42651296829971,694,67.14697406340058,694,13.832853025936599,694,80.97982708933718,694,84.00576368876081,694,1.2576102740364759,1.7811704834605597,0.5235602094240838,393,382,0.4169262073834137,14.040114613180515,13.623188405797102,349,345,-0.7175117312403962,9.885386819484241,10.602898550724637,349,345,14.210526315789474,570,51.05263157894737,570,0.5263157894736842,570,22.45614035087719,570,1.0526315789473684,570,0.17543859649122806,570,15.263157894736842,570,74.77477477477477,72.45817245817246,777,777,581,3.098106712564544,68.52791878172589,66.49746192893402,394,394,60.70175438596491,570,9.298245614035087,570,27.36842105263158,570,12.673125604697091,81.20104438642298,68.52791878172589,383,394,2.6315789473684212,570,1.2280701754385965,570,58.59649122807018,570,3.8596491228070176,570,5.43859649122807,570,13.333333333333334,570,7.017543859649122,570,2.6315789473684212,570,2.1052631578947367,570,0.5263157894736842,570,0.3508771929824561,570,1.7543859649122806,570,87.0682019486271,1129,6.377325066430469,1129,6.288751107174491,1129,27.98937112488928,1129,30.823737821080602,1129,65.36758193091231,1129,96.42529789184235,1091,96.33363886342805,1091,47.49034749034749,777,58.020164986251146,1091,4.124656278643446,1091,25.572139303482587,1005,1.4906367,267,1.7982955,5.448717,624.0,83.33333333333333,60,29.48207171314741,251,43.649403,10.24207492795389,694,24.641460234680572,767,23.46805736636245,767,4.563233376792699,767,2.9986962190352022,767,44.32855280312907,767,3.474903474903475,777,36.55083655083655,777,0.2574002574002574,777,0.0,777,0.1287001287001287,777,0.0,777,0.0,777,0.0,777,0.0,777,0.0,777,1.833180568285976,1091,1.5582034830430798,1091,0.8249312557286893,1091,0.6416131989000916,1091,3.5747021081576533,1091,67.34693877551021,1078,0.37105751391465674,1078,0.09276437847866419,1078,32.18923933209648,1078,67.81076066790352,1078,5.660377358490566,53,21.9,94.89695780176643,1019,4.5142296368989205,1019,17.91044776119403,1005,88.37209302325581,86,7.241063244729606,1091,6.25,224,61.811023622047244,254,16.929133858267715,254,12.204724409448819,254,2.3622047244094486,254,254,4.2952755905511815,90.14423076923077,9.855769230769226,4.5673076923076925,416,416,416
041601,5996,2808,19.513008672448297,5996,62.29152768512341,5996,18.195463642428287,5996,25.266844563042028,5996,24.766511007338224,5996,41.0,40.300365,113.53276353276354,3188,5.020013342228152,5996,17.061374249499668,5996,3.8692461641094065,5996,60.535475234270415,31.325301204819276,29.21017402945114,93.24786324786325,107.2410632447296,4.514624841034337,4718,8.776716689404275,2199,96.06299212598425,1143,96.81238615664846,1098,89.6,125,49.01960784313726,408,4.153498871331829,4430,25.846501128668173,4430,49.32279909706546,4430,20.677200902934537,4430,70.0,4430,72.6410835214447,4430,7.982750829936232,8.776716689404275,0.7939658594680429,2199,2519,-2.7318510393539768,19.210141394441735,21.94199243379571,2051,2379,-2.1909615031083174,8.358849341784495,10.549810844892813,2051,2379,10.198878123406425,3922,66.06323304436512,3922,0.6374298827129016,3922,11.830698623151454,3922,0.3314635390107088,3922,0.05099439061703213,3922,10.530341662417134,3922,82.40117746005046,81.74936921783011,4756,4756,3919,0.7910181168665475,77.44833782569631,76.81940700808626,2226,2226,66.85364609892912,3922,9.408465068842427,3922,20.550739418663948,3922,9.310555454936093,86.7588932806324,77.44833782569631,2530,2226,7.088220295767465,3922,1.8612952575216726,3922,66.70066292707803,3922,3.569607343192249,3922,5.838857725650178,3922,8.592554818969914,3922,3.136155022947476,3922,1.2748597654258031,3922,0.1529831718510964,3922,0.4844467108618052,3922,2.779194288628251,3922,1.8103008669046405,3922,83.23882588392262,5996,10.4736490993996,5996,9.272848565710474,5996,41.6444296197465,5996,33.205470313542364,5996,70.78052034689793,5996,99.61063145420687,5907,99.4751989165397,5907,91.5264928511354,4756,23.61604875571356,5907,0.35551041137633316,5907,12.896330602066262,5614,2.0369565,920,3.636923,10.688329,7017.0,84.48275862068965,232,35.19137866963954,2691,54.52657,9.535440180586907,4430,46.223761090673015,4621,12.616316814542307,4621,4.566111231335209,4621,7.119671066868643,4621,29.474139796580825,4621,1.7451640033641715,4756,80.71909167367535,4756,0.0,4756,0.0,4756,0.04205214465937763,4756,0.0,4756,0.0,4756,0.0,4756,0.0,4756,0.0,4756,3.6905366514305062,5907,2.6409344845099034,5907,3.165735567970205,5907,1.5913323175893008,5907,7.0086338242762825,5907,77.75069637883009,5744,8.025766016713092,5744,0.5571030640668524,5744,13.666434540389972,5744,86.33356545961003,5744,7.303370786516854,178,21.149532710280372,51.152154793315745,5685,47.28232189973615,5685,74.18952618453865,5614,96.9283276450512,293,9.192483494159472,5907,2.9308323563892147,853,24.575645756457565,2710,32.988929889298895,2710,46.08856088560886,2710,15.608856088560886,2710,2710,2.1797047970479704,87.22482858173944,12.775171418260555,5.485384337784193,2771,2771,2771
050101,218702,114163,28.786659472707154,218702,65.6752110177319,218702,5.538129509560955,218702,38.68506003603076,218702,8.147616391253852,218702,25.0,28.25742,91.56994823191401,104539,8.570109098224982,218702,29.186290020210148,218702,1.0219385282256221,218702,52.26445176247798,43.83184922684898,8.432602535628998,19.238527884111377,519.7902906208718,3.266281230374797,154457,5.411165781653432,82108,97.53152800860299,61374,84.93125511618972,59859,94.3050430504305,8130,68.33727610679284,29590,3.986259318813039,136820,13.515567899429907,136820,34.138283876626225,136820,48.35988890513083,136820,82.49817278175705,136820,84.56219850898991,136820,4.579087936762694,5.411165781653432,0.832077844890738,82108,72349,0.537776262199138,48.60995368789191,48.07217742569277,73199,63621,-0.9219756025349675,11.450825830953974,12.372801433488942,73199,63621,42.54484016194999,97067,40.67190703328629,97067,2.7743723407543244,97067,6.931294878795059,97067,0.849928399971154,97067,0.8035686690636364,97067,43.39476856192115,97067,65.25080070255191,62.21458828391363,154864,154864,101050,4.653142008906482,55.923871484578875,52.933108378749075,82387,82387,19.778091421389348,97067,13.31863558160858,97067,61.480214697064916,97067,19.92915775228247,75.85302923686135,55.923871484578875,72477,82387,24.600533652013556,97067,5.357124460424243,97067,7.703957060587017,97067,6.197780914213894,97067,6.84475671443436,97067,20.06346132053118,97067,5.952589448525245,97067,7.483490784715712,97067,12.074134360802333,97067,3.530551062668054,97067,7.898667930398591,97067,4.9192825574088,97067,66.6299347971212,218702,27.72722700295379,218702,38.19169463470842,218702,25.33447339301881,218702,59.55866887362713,218702,72.94857843092427,218702,99.50603101665709,217625,99.25100516944285,217625,36.29700898853187,154864,20.669040781160252,217625,1.327972429638139,217625,7.490853168221293,198976,1.6847384,55741,2.196673,9.813452,170307.0,95.12774064588669,16009,44.13235974854037,66969,42.76316,11.879542464551966,136820,32.83327090766916,152181,13.504971054205189,152181,5.141246279101859,152181,4.635269843147305,152181,43.88524191587649,152181,29.881702655232978,154864,1.006044012811241,154864,0.03680648827358198,154864,0.00581155078003926,154864,0.12979130075421014,154864,0.005165822915590454,154864,0.0006457278644488067,154864,0.0006457278644488067,154864,0.00193718359334642,154864,0.0,154864,3.0865020103388856,217625,1.106950028719127,217625,1.786099942561746,217625,0.8886846639862148,217625,5.080298678920161,217625,56.72947074384446,216228,23.851212608912814,216228,1.6533473925671052,216228,17.76596925467562,216228,82.23403074532438,216228,5.869885735348323,10852,22.0639815353905,81.42743916547286,203133,17.826744054388012,203133,45.7638107108395,198976,98.26800364630812,18649,1.8136703044227456,217625,4.640681823252494,44821,52.00934786788741,67609,14.82642843408422,67609,21.48234702480439,67609,3.3471875046221657,67609,67609,3.2188761851232823,95.25281519099138,4.7471848090086155,0.0,86051,86051,86051
050102,28942,12726,35.1046921429065,28942,56.57176421809135,28942,8.323543639002143,28942,43.68046437702992,28942,11.675074286504042,28942,23.0,28.292585,127.42417098852742,16216,10.863105521387602,28942,25.1226591113261,28942,1.983276898624836,28942,76.76662798509741,62.05338056556526,14.713247419532157,23.71062992125984,421.75176421751763,17.903402854006586,18220,31.663685152057244,7826,91.29085872576178,9025,97.92450540114092,8239,87.79342723004694,1278,30.638977635782748,3130,22.062159014283086,16313,42.62857843437749,16313,29.166922086679335,16313,6.142340464660087,16313,35.30926255133942,16313,40.46466008704714,16313,24.120871990617953,31.663685152057244,7.542813161439292,7826,10394,0.5953306152380726,6.481481481481482,5.886150866243409,7020,9293,-2.0709253020454996,4.295156695156695,6.366081997202195,7020,9293,10.494782901380006,14855,55.75227196230225,14855,0.7674183776506227,14855,16.80242342645574,14855,0.7472231571861326,14855,0.37697744867048133,14855,11.242006058566139,14855,80.01728235039965,78.79131561892417,18516,18516,14816,1.5321274298056156,69.43334997503744,68.24762855716425,8012,8012,79.56243688993605,14855,6.617300572197913,14855,10.319757657354426,14855,18.656901357788144,88.09025133282559,69.43334997503744,10504,8012,2.214742510939078,14855,2.255132951868058,14855,72.66913497139011,14855,1.2857623695725344,14855,5.304611242006058,14855,4.294850218781555,14855,1.1847862672500842,14855,1.5011780545270952,14855,6.893301918545944,14855,0.276001346348031,14855,0.8078088185796028,14855,0.572197913160552,14855,77.75896620827862,28942,9.287540598438255,28942,8.06440467141179,28942,30.872089005597402,28942,27.96282219611637,28942,72.00262594153826,28942,99.47182482773094,28589,99.2374689565917,28589,94.05919205011881,18516,13.134422330266887,28589,0.23785371996222324,28589,8.600926434796262,25474,2.9736776,4065,4.053721,19.049877,27386.0,69.10141881240148,1903,25.69890246427832,9658,45.00145,5.4748973211549075,16313,49.71059661620659,17968,14.831923419412288,17968,1.5138023152270703,17968,6.133125556544969,17968,27.810552092609083,17968,85.87707928278246,18516,0.11881615899762368,18516,0.0,18516,0.0,18516,0.04320587599913588,18516,0.0,18516,0.0,18516,0.0,18516,0.0,18516,0.0,18516,2.1896533631816433,28589,1.5600405750463464,28589,2.1686662702438,28589,1.514568540347686,28589,4.442268005176817,28589,74.02173523187834,27881,6.6102363616799975,27881,0.5631074925576558,27881,18.804920913884008,27881,81.195079086116,27881,14.838709677419354,1085,21.54235862938827,15.785648714810282,26144,82.54666462668298,26144,71.33547931223993,25474,97.75280898876404,3115,8.702647871558991,28589,11.259632017612832,6359,50.26097635861222,9771,19.7318595844847,9771,28.328727868181353,9771,7.450619179203766,9771,9771,2.9259031828881383,88.06444991789819,11.935550082101813,8.908045977011493,9744,9744,9744
050103,12253,5977,25.185668815800213,12253,62.36023830898556,12253,12.454092875214233,12253,31.706520852036235,12253,16.567371256018934,12253,33.0,34.464867,105.0025096202108,6276,7.336978699094099,12253,20.5255855708806,12253,2.7340243205745534,12253,60.35859180735506,40.387383850281374,19.97120795707368,49.44912508101102,202.22804718217563,7.001114827201784,8970,12.61608154020385,4415,96.32118853908737,2827,96.87844289386706,2723,90.75,400,55.07518796992481,1064,8.230056551558176,8311,30.82661532908194,8311,40.77728311875827,8311,20.166045000601613,8311,60.94332811935988,8311,64.91396943809409,8311,11.05735486621922,12.61608154020385,1.5587266739846324,4415,4555,-0.37585070460060876,19.975609756097562,20.35146046069817,4100,4211,-1.8203019385928831,7.745121951219512,9.565423889812395,4100,4211,17.251842219332467,6921,57.41944805663921,6921,1.3581852333477822,6921,14.679959543418581,6921,0.8091316283774022,6921,0.5057072677358763,6921,18.060973847709867,6921,77.3882170198602,76.31199378675247,9013,9013,6975,1.3906810035842294,67.7013045434098,66.84660368870895,4446,4446,56.69700910273082,6921,10.90882820401676,6921,28.579685016616097,6921,19.117175859480497,86.8184804028903,67.7013045434098,4567,4446,6.9787602947550935,6921,2.644126571304725,6921,49.53041467995954,6921,4.132350816356018,6921,6.58864325964456,6921,12.136974425661032,6921,5.649472619563647,6921,2.730819245773732,6921,7.166594422771276,6921,0.6790926166738911,6921,1.8205461638491547,6921,1.387082791504118,6921,77.26271117277402,12253,17.432465518648495,12253,25.218313882314536,12253,31.184199787807067,12253,51.43230229331592,12253,74.22671998694197,12253,99.20226026258933,12034,98.98620575037394,12034,80.97192943526018,9013,33.820840950639855,12034,1.5539305301645339,12034,16.969968623935454,11155,2.1599138,2320,3.5014896,12.865996,14037.0,95.84527220630372,698,33.776595744680854,4136,51.650387,8.667428708939958,8311,47.733934611048475,8870,12.50281848928974,8870,3.0101465614430665,8870,7.33934611048478,8870,29.413754227733936,8870,58.84833018972595,9013,0.39942305558637525,9013,0.04438033950959725,9013,0.0,9013,0.0,9013,0.022190169754798626,9013,0.0,9013,0.0,9013,0.0,9013,0.0,9013,3.1078610603290677,12034,2.25195280039887,12034,2.6840618248296493,12034,1.3711151736745886,12034,5.6838956290510225,12034,64.82479784366576,11872,15.860849056603774,11872,1.4066711590296497,11872,17.907681940700808,11872,82.09231805929919,11872,5.526315789473684,380,21.6275191104934,48.8394584139265,11374,50.061543871988746,11374,70.667861945316,11155,97.95221843003414,879,13.171015456207412,12034,4.207920792079208,2020,39.13768461171987,4198,28.79942829919009,4198,29.32348737494045,4198,10.195331110052406,4198,4198,2.8666031443544546,77.88923719958203,22.110762800417973,16.96969696969697,4785,4785,4785
050104,3121,1269,24.351169496956103,3121,64.85100929189362,3121,10.797821211150273,3121,31.528356296058956,3121,15.219480935597565,3121,32.0,34.165012,145.9416863672183,1852,6.408202499198975,3121,22.076257609740466,3121,2.274911887215636,3121,54.19960474308301,37.54940711462451,16.650197628458496,44.3421052631579,225.5192878338279,6.223175965665236,2330,12.513484358144552,927,96.6896551724138,725,98.14550641940086,701,88.23529411764706,85,42.1875,320,7.235023041474655,2170,34.654377880184335,2170,47.51152073732719,2170,10.599078341013826,2170,58.11059907834101,2170,61.336405529953915,2170,10.446485070902927,12.513484358144552,2.066999287241625,927,1403,2.2394757941491594,11.948955916473318,9.709480122324159,862,1308,-1.5662902573490287,7.119489559164733,8.685779816513762,862,1308,8.207004704652379,1913,69.4720334553058,1913,0.20909566126502874,1913,8.416100365917407,1913,0.47046523784631467,1913,0.052273915316257184,1913,8.677469942498693,1913,81.91897654584221,80.8955223880597,2345,2345,1921,1.2493492972410203,71.74840085287846,71.10874200426439,938,938,61.47412441191845,1913,5.906952430737062,1913,30.214323052796654,1913,16.95095948827293,88.69936034115139,71.74840085287846,1407,938,10.611604809200209,1913,1.7773131207527444,1913,59.5922634605332,1913,2.03868269733403,1913,3.868269733403032,1913,14.68897020386827,1913,2.4568740198640877,1913,1.3591217982226869,1913,1.8818609513852587,1913,0.4181913225300575,1913,0.7318348144276007,1913,8.207004704652379,1913,82.24927907721884,3121,5.831464274271067,3121,9.964754886254406,3121,53.44440884331945,3121,39.154117270105736,3121,80.0064082024992,3121,99.61302805546597,3101,99.51628506933247,3101,94.15778251599147,2345,23.895517574975813,3101,0.3547242824895195,3101,9.610747502583534,2903,2.3469388,441,3.680203,13.763064,2870.0,87.41258741258741,143,24.400330851943757,1209,48.666668,8.063594470046082,2170,50.911458333333336,2304,11.15451388888889,2304,2.560763888888889,2304,5.46875,2304,29.90451388888889,2304,41.91897654584222,2345,17.91044776119403,2345,0.0,2345,0.0,2345,0.0,2345,0.0,2345,0.0,2345,0.0,2345,0.0,2345,0.0,2345,3.0957755562721703,3101,2.54756530151564,3101,2.9022895840051595,3101,2.0316027088036117,3101,5.320864237342793,3101,71.76859504132231,3025,3.834710743801653,3025,0.2644628099173554,3025,24.132231404958677,3025,75.86776859504133,3025,10.0,90,21.448979591836736,30.594227504244483,2945,67.70797962648557,2945,87.73682397519806,2903,97.47474747474747,198,8.932602386326991,3101,3.377110694183865,533,36.386138613861384,1212,22.112211221122113,1212,35.726072607260726,1212,9.488448844884488,1212,1212,2.5585808580858087,80.33444816053512,19.665551839464882,10.167224080267559,1495,1495,1495
050201,22768,11096,29.11103302881237,22768,62.61858749121574,22768,8.27037947997189,22768,38.55411103302881,22768,11.76212227687983,22768,26.0,29.9133,105.19105984138429,11672,7.945361911454674,22768,27.130182712579057,22768,1.6734012649332397,22768,59.69699095181314,46.48944378200182,13.20754716981132,28.40977670488835,351.99150292087097,10.985234215885948,15712,18.262226847034338,7688,96.7185069984448,6430,99.16385270943881,6219,91.58767772511848,844,49.570093457943926,2675,13.526019790702641,14047,25.706556560119598,14047,34.17099736598562,14047,26.59642628319214,14047,60.76742364917776,14047,63.17363138036591,14047,14.249265730384288,18.262226847034338,4.01296111665005,7688,8024,-0.7767117931480669,26.20251336125957,26.979225154407636,6923,7124,-1.7378535552260397,7.898165535172613,9.636019090398653,6923,7124,18.753817959682344,11459,54.16703028187451,11459,1.3613753381621434,11459,13.125054542281177,11459,0.38397765948163015,11459,0.5672397242342264,11459,19.137795619163978,11459,72.4722970011895,70.77568396669379,15973,15973,11576,2.341050449205252,66.38591117917305,65.12251148545177,7836,7836,49.480757483200975,11459,15.33292608430055,11459,31.023649533118075,11459,11.947626979853624,78.33353815902667,66.38591117917305,8137,7836,10.349943276027577,11459,2.2602321319486864,11459,46.04241207784274,11459,6.414172266340867,11459,8.84893969805393,11459,10.821188585391395,11459,3.831049829828083,11459,3.7961427698752073,11459,3.4383454053582336,11459,1.9198882974081508,11459,4.660092503708875,11459,2.164237717078279,11459,73.46275474349964,22768,18.424982431482782,22768,13.27740688685875,22768,38.53654251581167,22768,48.3134223471539,22768,73.27389318341532,22768,99.6362829895764,22545,99.43224661787536,22545,78.8518124334815,15973,22.572632512752275,22545,0.38589487691284097,22545,10.376222361385423,20759,2.0939429,4375,3.1705358,18.759537,21621.0,80.68102849200834,1439,39.536837053035754,8334,44.61015,8.779525877411547,14047,41.659123238070606,15466,13.36480020690547,15466,3.0130609077977497,15466,6.006724427777059,15466,35.95629121944911,15466,59.049646278094286,15973,2.447880798848056,15973,0.03130282351468103,15973,0.01252112940587241,15973,0.02504225881174482,15973,0.006260564702936205,15973,0.0,15973,0.0,15973,0.0,15973,0.0,15973,2.719006431581282,22545,1.7742293191394989,22545,2.315369261477046,22545,1.7165668662674651,22545,5.393657130184076,22545,74.98535442296426,22191,14.154386913613628,22191,0.27939254652787165,22191,10.580866116894237,22191,89.41913388310576,22191,6.395939086294416,985,21.586919471665958,45.032831026501015,21169,53.3799423685578,21169,77.94209740353581,20759,97.59238521836507,1786,3.730317143490796,22545,3.3963065166631288,4711,45.65939278937381,8432,18.394212523719165,8432,33.12381404174573,8432,7.507115749525616,8432,8432,2.6737428842504745,87.81960683541051,12.18039316458949,0.2826673519208531,7783,7783,7783
050202,16021,7687,28.425191935584547,16021,61.21964921041133,16021,10.35515885400412,16021,37.226140690343925,16021,14.56837900255914,16021,26.0,31.284813,108.4168075972421,8334,8.339054990325199,16021,26.88346545159478,16021,2.0722801323263216,16021,63.34624796084829,46.431484502446985,16.914763458401303,36.42951251646904,274.502712477396,12.204617473970123,11045,21.314931953229827,5217,95.03480278422273,4310,98.7548828125,4096,93.81818181818181,550,48.31518921721099,1929,15.05107150010014,9986,30.863208491888646,9986,34.70859202884038,9986,19.37712797917084,9986,54.085720008011215,9986,57.760865211295815,9986,17.26551534375831,21.314931953229827,4.049416609471517,5217,5828,0.0035447108885477974,19.379014989293363,19.375470278404816,4670,5316,-2.1633645267891524,6.649464668094218,8.81282919488337,4670,5316,14.290669441553938,8649,51.63602728639149,8649,0.8671522719389525,8649,18.55705861949358,8649,0.5549774540409296,8649,0.40467106023817784,8649,14.845646895594866,8649,76.5189705492173,75.29848766250996,11307,11307,8652,1.59500693481276,67.94943298010783,67.16861870236103,5379,5379,68.9559486645855,8649,9.608047173083593,8649,17.70146837784715,8649,16.345438814763966,84.2948717948718,67.94943298010783,5928,5379,6.833159902878945,8649,1.9771071800208118,8649,61.024395883917215,8649,2.300844028211354,8649,7.260955023702162,8649,5.9428835703549545,8649,2.0349173314834084,8649,1.82680078621806,8649,7.9315527806682855,8649,0.346860908775581,8649,4.462943692912475,8649,1.1793270898369754,8649,77.0738405842332,16021,19.24973472317583,16021,15.423506647525123,16021,42.5940952499844,16021,36.751763310654766,16021,66.56263653954186,16021,99.6716342510735,15836,99.38115685779238,15836,84.9827540461661,11307,20.428138418792624,15836,0.1452386966405658,15836,10.320358250086118,14515,2.4052114,2648,3.6818883,18.863142,16572.0,79.13741223671013,997,34.069683908045974,5568,47.68337,7.801121570198277,9986,48.04163242947138,10953,12.425819410207248,10953,2.0542317173377156,10953,6.281384095681548,10953,31.19693234730211,10953,68.85115415229504,11307,1.3354559122667373,11307,0.017688157778367384,11307,0.0,11307,0.1061289466702043,11307,0.0,11307,0.0,11307,0.0,11307,0.0,11307,0.0,11307,2.5006314725940895,15836,2.0712301086132863,15836,2.4943167466531952,15836,2.7405910583480675,15836,6.144228340490023,15836,77.25868725868726,15540,14.195624195624196,15540,0.5727155727155727,15540,7.972972972972973,15540,92.02702702702703,15540,10.674157303370787,712,21.470733973366368,29.85609080467536,14801,68.29268292682927,14801,79.03548053737514,14515,98.25889477668433,1321,4.95705986360192,15836,4.450095359186268,3146,43.42572850035537,5628,23.880597014925375,5628,32.72921108742004,5628,9.914712153518124,5628,5628,2.8137882018479035,88.97637795275591,11.02362204724409,0.4394799487273393,5461,5461,5461
050203,41686,21937,27.508036271170177,41686,66.23086887684114,41686,6.261094851988677,41686,38.57889939068272,41686,9.070191431175934,41686,24.0,28.452143,90.0259834981994,19749,7.508516048553471,41686,32.69922755841289,41686,1.1394712853236098,41686,50.986996993733925,41.533557897786956,9.453439095946974,22.760966250981078,439.3486590038314,6.201809139156848,29959,9.664828697106747,16141,97.07193427147976,11441,94.78660183684495,11106,88.2396449704142,1352,76.93340494092374,7448,7.41049441182042,26395,15.855275620382649,26395,30.26709604091684,26395,46.46713392688009,26395,76.73422996779694,26395,78.60200795605228,26395,7.508221373326172,9.664828697106747,2.156607323780576,16141,13818,0.71240729924466,46.79622588367835,46.08381858443369,14202,12193,-1.0618426810602468,10.630685818898746,11.692528499958993,14202,12193,29.730709476954946,19310,49.321595028482655,19310,2.5012946659761783,19310,9.041947177628172,19310,0.47643707923355777,19310,1.2687726566545832,19310,30.207146556188505,19310,65.66499351793372,63.49765648372835,30083,30083,19754,3.300597347372684,57.9843335594893,55.80090051193487,16213,16213,26.079751424132574,19310,14.603832211289488,19310,54.41222164681512,19310,16.658781076415536,74.64311463590484,57.9843335594893,13870,16213,18.404971517348525,19310,3.9668565510098395,19310,18.461936820300362,19310,5.857068876229933,19310,8.539616778871052,19310,19.207664422578976,19310,5.800103573278094,19310,7.767995857068876,19310,7.617814603832211,19310,2.3045054375971,19310,8.244432936302434,19310,3.7907819782496115,19310,67.54306002015065,41686,26.910713428968958,41686,25.219498152857074,41686,32.09470805546226,41686,57.19905963632874,41686,73.38195077484048,41686,99.64594522989475,41519,99.38100628627858,41519,61.01452647674766,30083,37.240781329030085,41519,0.45039620414749876,41519,14.568036244336822,38406,1.719618,10261,2.4711368,15.199005,36180.0,86.92998204667863,2785,47.44795585653373,15948,41.342926,11.12119719643872,26395,33.44626643176582,29516,11.766499525680986,29516,4.048651578804716,29516,5.373356823417807,29516,45.36522564033067,29516,52.05265432303959,30083,3.590067479972077,30083,0.046537911777415814,30083,0.0033241365555297013,30083,0.06980686766612372,30083,0.0,30083,0.0,30083,0.0,30083,0.0,30083,0.0,30083,2.9624990967990557,41519,1.3343288614851032,41519,2.076157903610395,41519,1.1729569594643416,41519,5.272284977961897,41519,67.10510291072951,41055,19.308245037145294,41055,0.7721349409328949,41055,12.814517111192304,41055,87.1854828888077,41055,5.641636869288836,2517,21.66214110839083,69.81817251873258,39103,29.171674807559523,39103,60.94620632192886,38406,98.49020237712817,3113,2.9914015270117296,41519,3.918807931479526,8523,41.2982652490207,16083,13.927749797923273,16083,37.07641609152521,16083,5.577317664614811,16083,16083,2.5815457315177515,89.23125593166719,10.768744068332808,0.3859538120847833,15805,15805,15805
050204,8220,3731,32.49391727493917,8220,60.04866180048662,8220,7.457420924574209,8220,42.031630170316305,8220,10.121654501216545,8220,24.0,28.498661,120.3162690967569,4489,9.075425790754258,8220,26.423357664233578,8220,1.5815085158150852,8220,66.53160453808752,54.11264181523501,12.418962722852513,22.950205915387496,435.7259380097879,14.100426162682972,5397,24.234800838574422,2385,94.8051948051948,2541,98.92071398920714,2409,87.98701298701299,308,34.762979683972915,886,17.967936706225277,4803,35.54028732042473,4803,35.602748282323546,4803,10.889027691026442,4803,46.49177597334999,4803,50.15615240474703,4803,18.159103627419043,24.234800838574422,6.075697211155378,2385,3012,2.809794746076804,12.464454976303317,9.654660230226513,2110,2693,-1.5226453346661435,5.8876777251184835,7.410323059784627,2110,2693,12.614445574771109,3932,51.67853509664293,3932,2.136317395727365,3932,14.267548321464904,3932,0.4069175991861648,3932,3.6622583926754833,3932,13.021363173957274,3932,72.1433770014556,70.52401746724891,5496,5496,3965,2.244640605296343,56.46481178396072,55.319148936170215,2444,2444,71.59206510681587,3932,8.87589013224822,3932,14.750762970498474,3932,28.23374653845081,84.69855832241153,56.46481178396072,3052,2444,3.1027466937945065,3932,1.9074262461851474,3932,51.14445574771109,3932,1.6785350966429298,3932,7.19735503560529,3932,5.467955239064089,3932,2.3397761953204474,3932,2.2380467955239065,3932,20.44760935910478,3932,0.6103763987792472,3932,1.1444557477110886,3932,1.3733468972533063,3932,74.69586374695864,8220,20.790754257907544,8220,12.299270072992702,8220,38.017031630170315,8220,37.141119221411195,8220,63.47931873479319,8220,99.55876945704131,8159,99.38717980144625,8159,87.95487627365357,5496,19.303836254442945,8159,0.0857948277975242,8159,9.787004583445672,7418,2.835181,1353,3.805678,21.688461,7723.0,64.27320490367777,571,26.489184692179702,3005,43.65058,6.741411617738914,4803,48.660296046468055,5337,12.966085816001499,5337,1.929923177815252,5337,6.501780026231965,5337,29.94191493348323,5337,60.29839883551674,5496,5.931586608442504,5496,0.036390101892285295,5496,0.0,5496,0.036390101892285295,5496,0.0,5496,0.0,5496,0.0,5496,0.0,5496,0.0,5496,2.083588675082731,8159,1.8262041916901581,8159,2.3654859664174532,8159,1.7649221718347836,8159,4.804510356661355,8159,71.0410094637224,7925,12.97160883280757,7925,0.580441640378549,7925,15.406940063091483,7925,84.59305993690852,7925,15.258855585831062,367,20.57791754018169,31.824778994590314,7579,65.99815279060562,7579,81.30223779994607,7418,97.84075573549258,741,5.588920210810148,8159,5.721925133689839,1870,45.202769535113745,3033,16.35344543356413,3033,33.003626772172765,3033,7.583250906693043,3033,3033,2.690075832509067,90.32840129916997,9.671598700830032,0.39696860339227713,2771,2771,2771
050301,31904,15951,27.852306920762288,31904,59.638289869608826,31904,12.509403209628887,31904,36.3057923771314,31904,17.28936810431294,31904,28.0,33.11958,100.01253839884647,15953,8.042878635907723,31904,23.680416248746237,31904,2.773946840521565,31904,67.67751090555527,46.702054974509906,20.975455931045357,44.91334683772226,222.65096467050864,13.880778042316159,22261,21.554580460284768,11167,92.49497695307883,8461,98.55609506772298,7826,88.84892086330935,1112,37.65793528505393,3245,16.67742736528433,20135,38.93717407499379,20135,31.800347653339955,20135,12.585050906381921,20135,44.38539855972188,20135,49.32704246337224,20135,15.398099479574475,21.554580460284768,6.156480980710294,11167,11094,-1.2919275096768583,11.9457280503392,13.237655560016059,10171,9964,-1.8237248825888228,5.780650870120932,7.604375752709755,10171,9964,12.222531293463144,17975,58.55354659248957,17975,0.8178025034770514,17975,15.25452016689847,17975,0.6675938803894298,17975,0.37830319888734354,17975,12.890125173852573,17975,79.09636957865914,78.07614168359686,22642,22642,17909,1.2898542632196102,72.20124681710422,71.4636930371411,11389,11389,65.84144645340751,17975,9.073713490959666,17975,20.367176634214186,17975,13.873577674142552,86.07482449124677,72.20124681710422,11253,11389,4.6008344923504865,17975,2.31432545201669,17975,62.620305980528514,17975,2.325452016689847,17975,6.703755215577191,17975,9.813630041724618,17975,2.536856745479833,17975,2.39221140472879,17975,3.2211404728789987,17975,0.6063977746870653,17975,1.2962447844228095,17975,1.196105702364395,17975,85.59741725175526,31904,11.089518555667,31904,19.038365095285858,31904,24.598796389167504,31904,49.43267301905717,31904,71.27632898696088,31904,99.27123444610636,31423,98.96572574229067,31423,79.65727409239466,22642,20.695032301180664,31423,1.6007383127008878,31423,9.759894824245778,28904,2.5073822,5554,3.8329842,16.418224,38171.0,87.46268656716418,2010,36.49967469095641,10759,51.013012,6.683138813012168,20135,43.59044244571636,22014,13.959298628145726,22014,2.0078132097755974,22014,7.136367765967112,22014,33.306077950395206,22014,69.6846568324353,22642,0.14133027117745783,22642,0.022082854871477785,22642,0.0,22642,0.0927479904602067,22642,0.004416570974295557,22642,0.0,22642,0.0,22642,0.0,22642,0.0,22642,3.462431976577666,31423,2.8864207745918593,31423,3.8093116507017153,31423,2.8227731279635937,31423,7.459504184832766,31423,80.49557752341312,30752,5.706945889698231,30752,0.6113423517169615,30752,13.186134235171696,30752,86.81386576482831,30752,12.480499219968799,1282,21.064707544504095,28.796255469253467,29483,69.46375877624394,29483,70.38818156656518,28904,96.82413656212783,2519,6.068803106005156,31423,9.239916439016552,6223,41.27319492926695,10886,29.450670586073855,10886,30.81021495498806,10886,10.995774389123644,10886,10886,2.8865515340804704,89.59781335415853,10.402186645841468,4.474814525575947,12805,12805,12805
050302,9285,4700,24.96499730748519,9285,59.03069466882068,9285,16.00430802369413,9285,31.943995691976305,9285,21.410877759827677,9285,33.0,36.140224,97.55319148936171,4585,7.45288099084545,9285,20.904684975767367,9285,3.4356488960689284,9285,69.40339354132458,42.291552636380224,27.111840904944355,64.10698878343399,155.98923283983848,14.1019955654102,6765,23.370981754995658,3453,94.67984934086628,2124,97.71258080556937,2011,89.34707903780068,291,42.14202561117578,859,16.81542875358623,6274,37.91839336946127,6274,33.66273509722665,6274,11.603442779725853,6274,45.266177876952504,6274,49.2189990436723,6274,18.93257595789421,23.370981754995658,4.438405797101449,3453,3312,-1.4705097316284146,10.88646967340591,12.356979405034325,3215,3059,-2.1403966675089237,5.6055987558320375,7.745995423340961,3215,3059,15.770680420551479,5041,55.564372148383256,5041,0.9720293592541163,5041,15.75084308668915,5041,0.614957349732196,5041,0.29756000793493353,5041,16.385637770283672,5041,74.51726155646577,72.96664716208309,6836,6836,5094,2.0808794660384766,65.58311947533504,64.58511548331907,3507,3507,63.61832969648879,5041,10.67248561793295,5041,20.96806189248165,5041,18.345988364857206,83.92910784019224,65.58311947533504,3329,3507,4.16584011108907,5041,2.7177147391390597,5041,57.74647887323944,5041,2.697877405276731,5041,7.974608212656219,5041,8.430866891489783,5041,3.8682801031541363,5041,3.312834755008927,5041,5.871850823249355,5041,0.6546320174568538,5041,1.3489387026383655,5041,1.0910533624280896,5041,79.34302638664512,9285,12.837910608508347,9285,19.418416801292405,9285,28.29294561120086,9285,49.58535271943996,9285,73.75336564351105,9285,99.36445321060705,9126,99.0138067061144,9126,82.9139847864248,6836,26.60530352838045,9126,1.9066403681788298,9126,14.566556134533396,8444,2.563865,1511,4.0332904,16.717619,12430.0,90.52823315118397,549,40.1814457126134,3417,54.161545,6.649187121453618,6274,45.77032489893697,6679,11.453810450666268,6679,2.7698757298996854,6679,10.091331037580476,6679,29.914657882916604,6679,44.39730836746635,6836,0.1023990637799883,6836,0.014628437682855471,6836,0.0,6836,0.058513750731421885,6836,0.014628437682855471,6836,0.0,6836,0.0,6836,0.0,6836,0.0,6836,4.240631163708087,9126,3.353057199211045,9126,4.339250493096647,9126,2.794214332675871,9126,8.229235152312075,9126,73.9633129516398,8995,8.11561978877154,8995,1.122846025569761,8995,16.7982212340189,8995,83.2017787659811,8995,10.21021021021021,333,21.160157964019305,36.38374665269531,8589,62.30061706834323,8589,73.6854571293226,8444,97.0674486803519,682,12.513697129081745,9126,6.5519523494374585,1511,33.01696865113604,3477,34.97267759562842,3477,38.88409548461317,3477,15.789473684210526,3477,3477,2.624676445211389,81.19112731692495,18.80887268307505,12.215132178669098,3291,3291,3291
050303,14366,6527,30.377279688152584,14366,60.789363775581236,14366,8.833356536266184,14366,38.76513991368509,14366,12.592231658081582,14366,26.0,30.655506,120.10111843113222,7839,8.833356536266184,14366,23.65306974801615,14366,2.2344424335235975,14366,64.5024619260277,49.97137295316615,14.531088972861559,29.078826764436297,343.892828999212,18.54597878694264,9711,30.158730158730158,4347,91.96538936959209,4045,96.88172043010752,3720,81.07074569789675,523,37.80068728522337,1455,23.650268234219837,8761,39.9954343111517,8761,28.900810409770575,8761,7.453487044857893,8761,36.354297454628465,8761,40.77160141536354,8761,21.023756258655588,30.158730158730158,9.134973900074572,4347,5364,0.2248409191700116,7.578084997439836,7.3532440782698245,3906,4855,-1.7575272772143302,4.619815668202765,6.377342945417095,3906,4855,10.16175319593008,7666,58.24419514740412,7666,1.1609705191755806,7666,15.0013044612575,7666,0.49569527785024786,7666,1.474041220975737,7666,10.65744847378033,7666,77.55040016209098,76.26380305946712,9871,9871,7655,1.659046374918354,67.91516245487365,67.19314079422382,4432,4432,78.33289851291417,7666,7.161492303678581,7666,11.048786851030524,7666,17.486565803997465,85.40172825887112,67.91516245487365,5439,4432,2.530654839551265,7666,2.374119488651187,7666,68.10592225410905,7666,1.6175319593008088,7666,5.530915731802765,7666,4.57865901382729,7666,1.7610226976258805,7666,1.2522828072006262,7666,10.226976258805113,7666,0.37829376467518916,7666,0.8870336551004435,7666,0.7957213670753979,7666,68.50897953501322,14366,13.949603229848252,14366,9.800918836140887,14366,19.53222887372964,14366,26.917722400111373,14366,64.35333426145064,14366,99.22540666150272,14201,98.88036053799028,14201,90.36571775909229,9871,22.702626575593268,14201,0.774593338497289,14201,15.839901097202905,12942,2.8231142,2267,3.8171582,17.258846,14016.0,74.74167623421354,871,33.8530500877022,5131,47.33853,5.593767834722064,8761,44.794086589229146,9470,13.48468848996832,9470,2.4076029567053854,9470,6.430834213305174,9470,32.88278775079198,9470,77.56053084793841,9871,0.10130685847431871,9871,0.0,9871,0.0,9871,0.08104548677945497,9871,0.0,9871,0.0,9871,0.0,9871,0.0,9871,0.0,9871,2.3237800154918666,14201,1.8167734666572777,14201,2.549116259418351,14201,2.0421097105837616,14201,5.302443489895078,14201,68.06832163277123,13817,9.292900050662228,13817,0.7454584931605993,13817,21.89331982340595,13817,78.10668017659405,13817,14.620938628158845,554,21.191883372734438,22.75168292867408,13221,75.357385976855,13221,64.22500386339051,12942,96.5845909451946,1259,14.50602070276741,14201,9.581239530988274,2985,42.639103554868626,5176,20.942812982998454,5176,34.94976816074188,5176,7.998454404945904,5176,5176,2.7436244204018547,86.71103044968744,13.288969550312558,7.723331316797742,4959,4959,4959
050401,16363,7203,32.26792153028173,16363,59.530648414104995,16363,8.201430055613274,16363,41.42883334351892,16363,11.550449184134939,16363,24.0,29.046385,127.16923504095516,9160,9.686487807859194,16363,26.3399132188474,16363,2.2306423027562183,16363,67.98070013345652,54.203880505081614,13.776819628374911,25.416666666666668,393.44262295081967,20.457630405274383,10314,32.17289719626168,4280,89.38282261545102,4634,98.11685176243361,4142,85.92233009708738,618,26.03282399547255,1767,26.052773290253096,9285,36.295099623047925,9285,28.36833602584814,9285,9.283791060850834,9285,37.652127086698975,9285,42.7140549273021,9285,20.025068227087004,32.17289719626168,12.147828969174677,4280,6034,2.5141136425357065,10.766806722689076,8.252693080153369,3808,5477,-1.4382278815305565,4.879464285714286,6.317692167244842,3808,5477,12.928405903158922,8199,47.96926454445664,8199,4.842053909013294,8199,10.611050128064399,8199,0.6220270764727406,8199,6.4276131235516525,8199,13.550432979631662,8199,76.94982146213118,75.83161059951136,10642,10642,8189,1.4531688850897546,62.77602523659306,61.73952230734565,4438,4438,75.87510672033174,8199,6.159287718014392,8199,13.733382119770704,8199,24.312949618339246,87.0889748549323,62.77602523659306,6204,4438,3.45164044395658,8199,2.561287961946579,8199,53.567508232711305,8199,1.646542261251372,8199,4.500548847420417,8199,5.634833516282473,8199,1.1220880595194536,8199,2.341748993779729,8199,22.307598487620442,8199,0.6708135138431516,8199,1.1708744968898646,8199,0.9757287474082205,8199,68.33099064963638,16363,21.041373831204545,16363,13.561082931002872,16363,29.768379881439834,16363,33.685754446006236,16363,66.53425410988206,16363,98.92384629993036,15797,98.49971513578528,15797,82.79458748355572,10642,20.320313983667784,15797,0.253212635310502,15797,12.735054729160819,14252,2.7734544,2313,3.697891,18.839603,13323.0,70.4390243902439,1025,31.36392206159648,6364,43.735542,5.727840603123317,9285,44.745796637309844,9992,14.82185748598879,9992,2.141713370696557,9992,4.8138510808646915,9992,33.47678142514011,9992,68.25784626949822,10642,0.2819018981394475,10642,0.009396729937981583,10642,0.0,10642,0.19733132869761322,10642,0.0,10642,0.0,10642,0.0,10642,0.0,10642,0.0,10642,1.9054250807115276,15797,1.4116604418560486,15797,2.0763436095461163,15797,1.7281762359941761,15797,4.386908906754447,15797,67.1672400105848,15116,15.91690923524742,15116,0.7806297962423921,15116,16.135220957925377,15116,83.86477904207462,15116,16.82389937106918,636,21.26735833998404,19.545204726573235,14556,77.19840615553724,14556,63.84367106371035,14252,95.66343042071198,1545,5.184528707982528,15797,15.171583383503913,3322,39.80253008330762,6482,16.58438753471151,6482,42.05492132058007,6482,8.346189447701327,6482,6482,2.4370564640543044,96.59910683613879,3.4008931638612125,0.41222947440742014,5822,5822,5822
050402,16909,7979,26.855520728606066,16909,58.58418593648353,16909,14.560293334910403,16909,34.017387190253714,16909,20.49204565615944,16909,34.0,35.985687,111.9187868153904,8930,6.712401679578923,16909,19.037199124726477,16909,3.915074812230173,16909,70.69452856854431,45.84090450232183,24.85362406622249,54.21713279013433,184.44354183590576,26.993078697769803,11703,39.36266521817853,5523,88.50924409080271,4273,95.63722897937599,3782,82.63473053892216,501,31.614859742228962,1319,32.44509785904622,10883,42.12992740972158,10883,18.73564274556648,10883,6.689331985665717,10883,25.424974731232197,10883,29.00854543783883,10883,23.424153891317687,39.36266521817853,15.93851132686084,5523,6180,-0.01833244229058284,6.679649464459591,6.697981906750174,5135,5748,-1.37726699232077,3.7283349561830574,5.1056019485038275,5135,5748,10.91988727858293,9936,55.81723027375201,9936,0.5132850241545893,9936,15.881642512077295,9936,0.6139291465378421,9936,0.1610305958132045,9936,11.533816425120772,9936,81.56503057345893,80.73872087258304,12102,12102,9871,1.013068584743187,74.0354535974974,73.39242266249566,5754,5754,76.16747181964573,9936,8.303140096618357,9936,12.258454106280194,9936,14.354590510883199,88.3900441083806,74.0354535974974,6348,5754,3.099838969404187,9936,3.1199677938808374,9936,75.68438003220612,9936,2.15378421900161,9936,6.078904991948471,9936,4.740338164251208,9936,1.751207729468599,9936,1.5297906602254427,9936,0.4830917874396135,9936,0.6239935587761675,9936,1.2781803542673107,9936,0.6944444444444444,9936,82.25205511857591,16909,7.9720858714294165,16909,7.28606067774558,16909,24.821101188716067,16909,27.482405819386127,16909,60.246022828079724,16909,99.31176044433711,16564,99.01593817918378,16564,87.04346389026607,12102,18.854141511712147,16564,0.21733880705143685,16564,12.872567401564622,15467,2.992178,2429,4.1999183,19.775932,20262.0,81.67664670658682,835,35.976875185294986,6746,52.485474,4.455756684737664,10883,46.72477776818849,11587,13.59281953913869,11587,2.235263657547251,11587,6.6453784413566925,11587,30.80176059376888,11587,54.462072384729794,12102,0.140472649148901,12102,0.008263097008758883,12102,0.0,12102,0.06610477607007106,12102,0.0,12102,0.0,12102,0.0,12102,0.0,12102,0.0,12102,3.8698382033325283,16564,3.2540449166867904,16564,4.087177010383965,16564,3.006520164211543,16564,7.902680511953634,16564,83.17474321003213,15869,2.6592727960173925,15869,0.7435881277963324,15869,13.422395866154137,15869,86.57760413384587,15869,13.451327433628318,565,21.414619709973366,11.352211263124403,15715,86.19153674832963,15715,60.34137195319067,15467,98.17684594348222,1097,12.72639459067858,16564,12.663347853142502,3214,33.71278458844133,6852,29.203152364273205,6852,41.34559252772913,6852,12.638645650904845,6852,6852,2.4173963806187975,90.1006711409396,9.899328859060404,0.6711409395973155,6556,6556,6556
050403,32641,15664,30.608743604668973,32641,58.812536380625595,32641,10.578720014705432,32641,39.150148586134,32641,14.423577709016268,32641,26.0,31.147913,108.38227783452503,16977,9.071413253270427,32641,24.484543978432033,32641,2.717441254863515,32641,70.03177579830182,52.0445903005678,17.98718549773402,34.56110499449505,289.34260063712713,12.043079450554465,21913,19.74930628647976,10451,92.02016880412145,9123,97.85586658725431,8395,83.2639467110741,1201,36.44914756025867,3402,15.282542885973763,19820,39.283551967709386,19820,34.061553985872855,19820,11.372351160443996,19820,45.43390514631685,19820,49.399596367305755,19820,14.732729772782326,19.74930628647976,5.016576513697435,10451,11462,-0.6050184362314077,11.055861193398222,11.66087962962963,9452,10368,-1.7116060827808344,5.877803639441388,7.589409722222222,9452,10368,8.821825764596849,17264,55.803985171455054,17264,0.816728452270621,17264,18.964318813716403,17264,0.538693234476367,17264,0.27224281742354034,17264,9.360518999073216,17264,77.4624523649406,76.04572965702758,22305,22305,17278,1.828915383724968,70.08690776562938,68.7412391365293,10701,10701,71.47822057460611,17264,9.157784986098239,17264,15.002316960148285,17264,14.177139114756699,84.26404688038608,70.08690776562938,11604,10701,4.3500926784059315,17264,2.0678869323447637,17264,69.83317886932345,17264,2.6702965708989805,17264,6.475903614457831,17264,6.470111214087118,17264,1.911492122335496,17264,1.7029657089898054,17264,1.6450417052826691,17264,0.38809082483781276,17264,1.801436515291937,17264,0.9789156626506024,17264,80.19974878220643,32641,8.486259612144236,32641,8.035905762691094,32641,29.573236114089642,32641,27.35210318311326,32641,64.21984620569222,32641,99.45910659330411,32169,99.21041996953589,32169,89.32974669356646,22305,18.353072834094935,32169,0.23625229257981287,32169,12.178370066632496,29265,2.4726777,5124,3.5659785,16.579914,31508.0,65.64643799472296,1895,38.01458670988655,12340,46.71337,6.773158425832492,19820,45.364590558098676,21627,10.995514865677162,21627,2.4044019050261247,21627,6.3716650483192305,21627,34.86382762287881,21627,70.27123963236943,22305,0.7711275498767093,22305,0.004483299708585519,22305,0.0,22305,0.04931629679444071,22305,0.0,22305,0.0,22305,0.0,22305,0.0,22305,0.0,22305,1.8527153470732693,32169,1.6786347104355124,32169,2.1977680375516804,32169,1.9055612546240168,32169,4.401753240697566,32169,82.36650757551492,31219,5.048207822159583,31219,0.47407027771549376,31219,12.111214324610014,31219,87.88878567538998,31219,14.254545454545454,1375,21.451961436170212,20.766601889700464,29846,76.89807679421028,29846,75.01452246711088,29265,96.65977961432507,2904,8.228418663931114,32169,8.422664624808576,6530,40.8854791017342,12513,22.50459522097019,12513,39.26316630704068,12513,9.574042995284904,12513,12513,2.5708463198273797,89.35049736688121,10.649502633118786,0.5071191730056563,10254,10254,10254
050404,14532,6282,29.569226534544455,14532,60.535370217451145,14532,9.895403248004405,14532,37.88879713735205,14532,14.540324800440407,14532,28.0,31.894922,131.32760267430754,8250,8.326451968070465,14532,22.8392513074594,14532,2.5254610514726124,14532,65.1926793224963,48.846197567352505,16.3464817551438,33.46520828484989,298.817802503477,24.145905602859244,9513,39.944275582573454,3948,89.59117130674693,3987,96.55655095184771,3572,84.50980392156863,510,34.90494296577947,1315,30.294690975805526,8721,41.77273248480679,8721,22.02729044834308,8721,5.905286091044605,8721,27.932576539387686,8721,32.33574131406949,8721,27.006270191737876,39.944275582573454,12.93800539083558,3948,5565,-0.0280697299325805,5.88885816975394,5.91692789968652,3617,5104,-1.8693432073203602,3.5042853193254078,5.373628526645768,3617,5104,9.920584898525147,7933,56.69986133871171,7933,0.8193621580738687,7933,13.286272532459346,7933,0.5420395814950209,7933,0.45380057985629646,7933,10.46262448002017,7933,79.12694430506774,78.02308078273958,9965,9965,7885,1.3950538998097655,68.10488676996424,67.43742550655543,4195,4195,73.01147107021303,7933,9.07601159712593,7933,13.487961679062145,7933,19.03549451253143,87.14038128249567,68.10488676996424,5770,4195,2.2690028992814826,7933,2.57153661918568,7933,69.59536114962813,7933,1.7269633177864616,7933,7.298625992688768,7933,4.840539518467162,7933,3.0001260557166267,7933,2.1555527543174082,7933,3.4161099205848986,7933,0.26471700491617295,7933,0.9076011597125929,7933,0.8697844447245683,7933,77.54610514726122,14532,7.218552160748692,14532,5.897330030278007,14532,24.153592072667216,14532,23.47233691164327,14532,58.63611340489953,14532,99.33051444679352,14190,99.03453136011275,14190,85.89061716006022,9965,18.54122621564482,14190,0.16208597603946442,14190,14.414206642066421,13008,3.0738523,2004,4.152813,19.698011,14570.0,73.56020942408377,764,30.780730897009967,6020,46.771427,4.598325880059626,8721,49.57056515745944,9431,12.957268582334853,9431,1.8555826529530273,9431,6.128724419467713,9431,29.487859187784963,9431,66.392373306573,9965,0.15052684395383845,9965,0.0,9965,0.0,9965,0.12042147516307075,9965,0.0,9965,0.0,9965,0.0,9965,0.0,9965,0.0,9965,2.9105003523608173,14190,1.8181818181818181,14190,2.7906976744186047,14190,2.4171952078928824,14190,5.997181113460183,14190,80.82462168287155,13679,3.1800570217121136,13679,0.3874552233350391,13679,15.607866072081292,13679,84.3921339279187,13679,12.835249042145595,522,21.272843723313407,11.496762535762686,13282,85.50670079807259,13282,64.80627306273063,13008,96.7005076142132,1182,12.452431289640591,14190,12.08418194161575,2946,35.83483532688842,6103,19.80992954284778,6103,44.46993281992463,6103,9.700147468458136,6103,6103,2.3250860232672457,89.65252447686696,10.347475523133042,2.1117296985985794,5209,5209,5209
050405,21011,9442,31.193184522393032,21011,59.545000237970584,21011,9.26181523963638,21011,39.90766741230784,21011,13.055066393793727,21011,25.0,30.286137,122.52700699004448,11569,8.933415829803437,21011,24.867926324306314,21011,2.09890057588882,21011,67.94021261290065,52.38590040764127,15.554312205259372,29.69179127250534,336.7934224049332,18.67562239906549,13697,31.88650565782807,5921,91.18587047939445,5945,98.06308799114555,5421,81.51476251604622,779,30.619629127091812,2211,24.27270529454428,12409,43.26698364090579,12409,27.069062777016683,12409,5.391248287533242,12409,32.46031106454992,12409,37.07792731082279,12409,23.270250513795148,31.88650565782807,8.616255144032921,5921,7776,-0.8823466040545318,4.889884285181037,5.772230889235569,5358,7051,-2.2566091954479357,3.9643523702874206,6.220961565735356,5358,7051,9.732054843623981,11159,57.33488663858769,11159,0.5466439645129492,11159,15.413567523971683,11159,0.6362577291872031,11159,0.08961376467425397,11159,10.368312572811185,11159,79.5427110700845,77.8527302421359,14083,14083,11202,2.124620603463667,70.69638789456558,69.1506671005532,6146,6146,72.25557845685097,11159,9.84855273770051,11159,13.5854467246169,11159,15.696455749128518,86.39284364369409,70.69638789456558,7937,6146,2.177614481584371,11159,2.105923469844968,11159,70.75902858679093,11159,1.944618693431311,11159,7.894972667801774,11159,7.079487409266063,11159,1.81019804641993,11159,1.5682408817994444,11159,1.4965498700600413,11159,0.3315709292947397,11159,0.6721032350569047,11159,0.6362577291872031,11159,81.48112893246395,21011,4.721336442815668,21011,6.606063490552568,21011,25.68654514302032,21011,17.728808719242302,21011,65.3086478511256,21011,99.19602397310335,20523,98.6844028650782,20523,89.26365121067954,14083,12.152219461092432,20523,0.9550260683135994,20523,8.487183603574678,18687,2.898288,2979,3.9131367,18.12033,19812.0,60.81730769230769,1248,29.782052843053695,8213,45.510777,5.246595213151744,12409,51.606707542291495,13537,12.417817832606929,13537,1.5365295117086504,13537,5.710275541109551,13537,28.728669572283373,13537,71.16381452815452,14083,0.3550379890648299,14083,0.0,14083,0.0,14083,0.06390683803166938,14083,0.0,14083,0.0,14083,0.0,14083,0.0,14083,0.0,14083,2.280368367197778,20523,1.7638746771914438,20523,2.3290941870096966,20523,2.2267699654046678,20523,5.028504604589973,20523,83.91562625855819,19864,1.8777688280306082,19864,0.2869512686266613,19864,13.919653644784535,19864,86.08034635521547,19864,13.064713064713064,819,21.155656365182875,13.64566392109543,19061,83.98300194113635,19061,72.71365120136994,18687,95.64270152505446,1836,5.925059689129269,20523,8.925658354695875,4291,36.96254365891846,8303,18.993135011441648,8303,43.47826086956522,8303,9.743466217029988,8303,8303,2.471757196194147,90.02735978112175,9.972640218878254,1.3953488372093024,7310,7310,7310
050501,28416,13357,34.05475788288288,28416,55.458192567567565,28416,10.48704954954955,28416,42.521818693693696,28416,14.62204391891892,28416,25.0,30.514252,112.74238227146814,15059,9.86768018018018,28416,21.709600225225227,28416,2.1466779279279278,28416,80.31600989910527,61.40618059521543,18.90982930388984,30.794667768936655,324.7315436241611,19.120385584401358,18258,29.47019867549669,8456,89.78781345739249,8813,98.74889422469354,7913,81.45869947275922,1138,29.40943321442727,2523,21.836834391792866,16376,43.89960918417196,16376,26.044211040547143,16376,8.219345383488031,16376,34.26355642403517,16376,39.319736199316075,16376,19.278401083168593,29.47019867549669,10.191797592328097,8456,9802,-2.585511873985215,6.831069497560332,9.416581371545547,7583,8793,-2.1816081567406753,4.353817750230779,6.535425906971454,7583,8793,9.108678655199375,15348,49.75241073755538,15348,0.49517852488923636,15348,21.286161063330727,15348,0.6059421422986708,15348,0.2736512900703675,15348,9.714620797498045,15348,81.95035270044693,80.76570997792257,18571,18571,15219,1.4455614692161114,75.669099756691,75.00868960722975,8631,8631,80.10815741464685,15348,6.671879072191817,15348,10.040396142819912,15348,11.735326802665142,87.40442655935614,75.669099756691,9940,8631,3.9288506645817045,15348,1.6549387542350795,15348,79.12431587177483,15348,1.2053687776909043,15348,5.459994787594475,15348,2.860307531925984,15348,0.7948918425853532,15348,1.2705238467552775,15348,0.9838415428720354,15348,0.6059421422986708,15348,2.299973937972374,15348,0.8795934323690383,15348,73.26858108108108,28416,7.207207207207207,28416,4.5467342342342345,28416,28.94847972972973,28416,14.013231981981981,28416,55.81010698198198,28416,99.28228815064843,28145,98.94475039971576,28145,92.48828819126595,18571,10.321549120625333,28145,0.053295434357790016,28145,6.728876289471612,25398,3.039239,4205,3.735358,19.07122,27240.0,53.44827586206897,1798,35.01478362153929,11161,46.589912,5.525219833903273,16376,46.90142412105029,17976,13.390075656430797,17976,1.8024032042723632,17976,6.386292834890965,17976,31.519804183355586,17976,80.32416132679985,18571,1.152334284637338,18571,0.010769479295676053,18571,0.0,18571,0.021538958591352107,18571,0.0,18571,0.0,18571,0.0,18571,0.0,18571,0.0,18571,2.511991472730503,28145,2.2490673298987387,28145,3.201279090424587,28145,2.842423165748801,28145,6.3421566885770115,28145,84.24860243341006,27369,4.296832182396142,27369,0.3142241221820308,27369,11.140341262011765,27369,88.85965873798824,27369,23.348017621145374,1135,21.087934149769122,8.581874158168175,25985,89.00134693092168,25985,62.552169462162375,25398,96.21405169275573,2747,4.469710428139989,28145,13.01812450748621,6345,41.36556854410202,11292,21.98016294721927,11292,40.28515763372299,11292,9.537725823591924,11292,11292,2.492472546935884,90.79403144151345,9.205968558486546,0.2664535038635758,7506,7506,7506
050502,10714,5203,31.174164644390515,10714,56.72951278700766,10714,12.09632256860183,10714,39.49971999253314,10714,16.55777487399664,10714,28.0,32.354958,105.91966173361523,5511,8.894903864103043,10714,21.401904050774686,10714,3.3320888557028185,10714,76.27509049029285,54.952286936492264,21.322803553800593,38.80239520958084,257.71604938271605,16.39275179098188,7119,24.610951008645532,3470,91.61311053984576,3112,98.80743598737286,2851,89.12529550827423,423,27.713382507903056,949,16.984940226672876,6441,43.906225741344514,6441,26.998913212234125,6441,12.109920819748487,6441,39.10883403198261,6441,44.09253221549449,6441,16.03325849014731,24.610951008645532,8.57769251849822,3470,3649,-1.4995111422330076,11.341191462249125,12.840702604482132,3139,3302,-1.6029477341871825,5.3746416056068815,6.977589339794064,3139,3302,13.769077637690776,6028,53.21831453218314,6028,1.1446582614465826,6028,17.153284671532848,6028,0.5474452554744526,6028,0.39814200398142,6028,14.31652289316523,6028,82.0255599835097,81.17356053318676,7277,7277,5969,1.038699949740325,76.01683029453015,75.56802244039271,3565,3565,71.25082946250829,6028,8.278035832780358,6028,16.871267418712673,6028,11.779505912366403,87.79633620689656,76.01683029453015,3712,3565,6.021897810218978,6028,2.4883875248838754,6028,70.23888520238886,6028,2.18978102189781,6028,6.021897810218978,6028,4.844061048440611,6028,1.7750497677504977,6028,2.8201725282017254,6028,1.0119442601194426,6028,0.39814200398142,6028,3.0690112806901126,6028,0.9289980092899801,6028,80.82882210192271,10714,7.056188165017733,10714,10.061601642710473,10714,34.067575135336945,10714,33.47022587268994,10714,65.9230912824342,10714,99.29198527329369,10593,98.99933918625507,10593,83.82575237048235,7277,21.533087888228074,10593,0.33984706881903143,10593,12.670949026108579,9652,2.8380203,1778,3.752053,19.779474,11790.0,65.06189821182943,727,38.16553727008713,4132,48.325268,6.1963980748331,6441,38.0507153987817,7059,18.81286301175804,7059,2.7340983142088113,7059,5.4823629409264765,7059,34.919960334324976,7059,75.4431771334341,7277,0.6458705510512573,7277,0.01374192661811186,7277,0.0,7277,0.0687096330905593,7277,0.0,7277,0.0,7277,0.0,7277,0.0,7277,0.0,7277,3.9932030586236196,10593,3.4645520626829036,10593,4.814500141602945,10593,3.6344755970924196,10593,9.10978948362126,10593,85.37671896184389,10326,4.445090063916328,10326,0.2905287623474724,10326,9.88766221189231,10326,90.1123377881077,10326,21.63355408388521,453,20.754993342210387,16.69374492282697,9848,81.13322502030869,9848,68.82511396601741,9652,96.49309245483528,941,8.184650240725007,10593,11.170688114387847,2238,38.994307400379505,4216,25.118595825426944,4216,40.03795066413662,4216,10.222960151802656,4216,4216,2.5125711574952563,90.48006509357201,9.519934906427991,0.5695687550854354,3687,3687,3687
050601,29221,14770,24.790390472605317,29221,64.25515896102118,29221,10.954450566373499,29221,32.65801991718285,29221,15.239040416139078,29221,31.0,33.398003,97.84021665538253,14451,6.947058622223743,29221,23.58919954827008,29221,1.9164299647513774,29221,55.629527055815934,38.58116744780571,17.048359608010227,44.188293760353396,226.30427991252733,8.744075829383887,21100,15.32235556795981,10749,95.10387912247566,6883,98.57928505957837,6546,92.72727272727273,880,38.66158113730929,2884,10.468677012508435,19267,31.90948253490424,19267,41.02351170394976,19267,16.598328748637567,19267,57.62184045258733,19267,61.19271292884206,19267,13.409496906960873,15.32235556795981,1.9128586609989373,10749,10351,-1.016512373888009,16.10117838277123,17.11769075665924,9844,9423,-1.6973419968940924,7.358797236895571,9.056139233789663,9844,9423,14.067638845795843,16115,57.36270555383183,16115,1.179025752404592,16115,14.098665839280173,16115,0.8004964318957493,16115,2.9723859757989453,16115,14.868135277691591,16115,76.52946151677475,75.01644582276101,21282,21282,16287,1.977036900595567,68.45446182152713,67.47010119595217,10870,10870,64.55476264349984,16115,8.780639156065778,16115,22.823456407074154,16115,16.50520010701686,84.959661928544,68.45446182152713,10412,10870,6.9562519391870925,16115,2.2897921191436548,16115,57.9770400248216,16115,2.68073223704623,16115,6.019236735960286,16115,9.761092150170649,16115,2.376667700899783,16115,2.2339435308718585,16115,6.5777226186782505,16115,0.7384424449270865,16115,3.220601923673596,16115,1.7499224325162892,16115,82.69053078265631,29221,19.489408302248382,29221,14.09260463365388,29221,30.050306286574724,29221,38.30464392046816,29221,68.44050511618357,29221,98.26923754802777,28369,97.83919066586768,28369,81.39742505403628,21282,22.41883746342839,28369,2.4710070851986323,28369,9.782073147621755,26385,2.1918988,5456,3.2611709,12.423504,30394.0,90.73849878934625,1652,41.74934012924365,10987,48.011925,8.188924067057663,19267,36.23906144821618,20798,14.265794787960381,20798,3.4378305606308297,20798,6.779498028656602,20798,39.277815174536016,20798,47.45324687529367,21282,0.3477116812329668,21282,0.042289258528333803,21282,0.0093976130062964,21282,0.042289258528333803,21282,0.0046988065031482,21282,0.0046988065031482,21282,0.0,21282,0.0,21282,0.0,21282,3.1372272551024003,28369,1.9352109697204696,28369,3.3875004406218054,28369,1.727237477528288,28369,6.359053896859248,28369,70.1668584579977,27808,15.642980437284235,27808,0.503452243958573,27808,13.686708860759493,27808,86.3132911392405,27808,8.325872873769024,1117,21.099954289197015,52.79218114671541,26807,46.010370425635095,26807,65.39700587454993,26385,94.25403225806451,1984,4.931439247065459,28369,5.60990217608305,5009,35.151678818975604,11109,23.575479341074804,11109,38.5183184805113,11109,9.937888198757763,11109,11109,2.553695202088397,94.25109564320701,5.748904356792991,1.005413766434648,11637,11637,11637
050602,10184,5298,22.25058915946583,10184,62.79457973291438,10184,14.954831107619796,10184,29.68381775333857,10184,20.443833464257658,10184,35.0,36.626766,92.2234805587014,4886,6.24509033778476,10184,21.40612725844462,10184,2.9654359780047135,10184,59.24941360437842,35.43393275996873,23.815480844409695,67.21094439541041,148.78529218647407,10.071265295145892,7437,17.61552208322696,3917,93.91670566214319,2137,98.90383657199801,2007,89.38775510204081,245,35.59670781893004,972,11.308915803297825,6853,36.903545892309936,6853,39.355026995476436,6853,12.432511308915803,6853,51.787538304392235,6853,56.58835546475996,6853,15.939385719590597,17.61552208322696,1.6761363636363635,3917,3520,-3.077740564435029,10.98233995584989,14.060080520284918,3624,3229,-2.225453208608246,6.349337748344371,8.574790956952617,3624,3229,13.460875560151672,5802,53.46432264736298,5802,0.7583591864874182,5802,19.476042743881422,5802,0.8790072388831437,5802,0.05170630816959669,5802,14.339882799034816,5802,77.47362798771532,76.7659233542529,7489,7489,5802,0.9134781109962082,70.58674759736975,70.3085483055134,3954,3954,65.80489486384006,5802,13.185108583247157,5802,17.166494312306103,5802,14.590055797255431,85.17680339462518,70.58674759736975,3535,3954,6.2564632885212,5802,2.412961047914512,5802,63.84005515339538,5802,3.8435022406066874,5802,9.289900034470872,5802,6.963116166839021,5802,1.3271285763529816,5802,1.7752499138228197,5802,1.9648397104446742,5802,0.8617718028266115,5802,2.1544295070665287,5802,1.568424681144433,5802,90.08248232521602,10184,7.4135899450117835,10184,11.65553809897879,10184,26.983503534956796,10184,31.0388845247447,10184,73.87077769049489,10184,98.62730931984724,9689,98.34864279079369,9689,87.2079049272266,7489,16.585818969965942,9689,2.1674063370832903,9689,9.250082590023124,9081,2.30452,1770,3.543541,15.071064,12242.0,87.45454545454545,550,41.04138851802403,3745,52.696663,7.397927914781848,6853,42.69509361760284,7317,11.931119311193111,7317,2.9656963236299028,7317,8.159081590815909,7317,34.249009156758234,7317,55.414608091868075,7489,0.18694084657497664,7489,0.01335291761249833,7489,0.0,7489,0.05341167044999332,7489,0.0,7489,0.0,7489,0.0,7489,0.01335291761249833,7489,0.0,7489,3.3646403137578695,9689,2.549282691712251,9689,3.9219733718650014,9689,2.3222210754463823,9689,7.204045825162556,9689,77.76843874763605,9518,5.022063458709813,9518,0.40974994746795546,9518,16.799747846186175,9518,83.20025215381382,9518,9.090909090909092,374,21.605425400739826,28.97084421235857,9192,69.26675369886858,9192,77.50247770069376,9081,95.72368421052632,608,5.913923005470121,9689,6.567534076827757,1614,30.38906414300736,3804,31.62460567823344,3804,40.24710830704522,3804,13.906414300736067,3804,3804,2.547055730809674,87.57297748123436,12.42702251876564,5.726994717820406,3597,3597,3597
050701,17205,8036,32.26968904388259,17205,58.07614065678582,17205,9.65417029933159,17205,40.41848299912816,17205,13.542574832897413,17205,26.0,30.644232,114.09905425584869,9169,9.69485614646905,17205,22.278407439697762,17205,1.7436791630340018,17205,72.18775020016012,55.564451561249,16.62329863891113,29.9171469740634,334.2564720048164,15.001351473105686,11099,25.84313725490196,5100,90.67119456652017,5006,98.06124697069839,4539,82.88288288288288,666,33.74272786037492,1547,16.560762509928516,10072,45.52223987291501,10072,27.144559173947577,10072,10.772438443208896,10072,37.916997617156476,10072,43.506751389992054,10072,20.05883987200481,25.84313725490196,5.784297382897149,5100,5999,-2.207456539847879,9.574468085106384,11.781924624954263,4606,5466,-2.3923077790800553,4.839122883195832,7.231430662275887,4606,5466,10.30751098253509,9333,49.758919961427196,9333,0.7928854601950069,9333,20.015000535733417,9333,0.46073074038358514,9333,0.10714668381013608,9333,10.768241722918676,9333,80.5922195206669,79.40257033692254,11516,11516,9281,1.4761340372804654,75.187125748503,74.34505988023952,5344,5344,75.53841208614594,9333,8.37887067395264,9333,12.868316725597342,9333,10.085071270291564,85.27219701879456,75.187125748503,6172,5344,4.714454087645987,9333,1.5107682417229187,9333,74.69195328404587,9333,1.1678988535304833,9333,7.189542483660131,9333,4.243008678881389,9333,1.5214829101039322,9333,1.5857709203900139,9333,0.846458802100075,9333,0.4821600771456123,9333,2.8179577842065786,9333,0.8357441337190614,9333,76.53589072943912,17205,9.131066550421389,17205,5.719267654751525,17205,32.80441732054635,17205,18.59343214181924,17205,55.123510607381576,17205,99.54136532016229,17007,99.27676838948668,17007,83.21465786731504,11516,15.699417886752514,17007,0.10583877227024166,17007,10.334504750748405,15366,2.9178724,2557,3.7636364,19.291246,16536.0,60.151085930122754,1059,33.04945465411624,6693,46.442852,6.137410643367752,10072,53.8724584103512,10820,9.574861367837338,10820,1.820702402957486,10820,7.587800369685767,10820,27.144177449168208,10820,49.67870788468218,11516,15.569642236887809,11516,0.01736714136853074,11516,0.0,11516,0.06078499478985759,11516,0.0,11516,0.0,11516,0.0,11516,0.0,11516,0.00868357068426537,11516,2.8517669195037336,17007,2.116775445404833,17007,2.8517669195037336,17007,2.134415240783207,17007,5.832892338448874,17007,84.46437227338826,16504,5.7864760058167715,16504,0.2060106640814348,16504,9.543141056713525,16504,90.45685894328648,16504,18.1294964028777,695,21.538313562039114,12.849233119073379,15713,84.75784382358556,15713,74.39151373161525,15366,97.74527726995734,1641,7.984947374610455,17007,8.30094392004442,3602,39.78064324885134,6747,20.661034533866903,6747,40.09189269304876,6747,9.411590336445828,6747,6747,2.5206758559359717,88.87234834387793,11.127651656122069,0.20468924451060663,5374,5374,5374
050702,8458,3802,27.666114920785056,8458,61.291085362969966,8458,11.042799716244975,8458,35.29203121305273,8458,15.358240718846062,8458,29.0,32.851383,122.46186217780115,4656,8.134310711752187,8458,22.806810120595884,8458,2.104516434145188,8458,63.15586419753087,45.138888888888886,18.016975308641975,39.914529914529915,250.5353319057816,11.550050217609641,5974,22.53358925143954,2605,92.80217292892712,2209,97.46341463414635,2050,86.86131386861314,274,26.61596958174905,789,13.332107392423685,5438,42.93858036042663,5438,33.6888561971313,5438,10.040456050018388,5438,43.729312247149686,5438,49.098933431408604,5438,19.476302222647615,22.53358925143954,3.0572870287919263,2605,3369,-3.661561566517584,7.974683544303797,11.636245110821381,2370,3068,-2.9278475511472726,4.948945147679325,7.8767926988265975,2370,3068,10.920814023775941,4963,53.939149707838,4963,0.6447713076768083,4963,19.96776143461616,4963,0.5440257908523071,4963,0.1611928269192021,4963,11.464839814628249,4963,82.57062613580042,80.83594911614075,6053,6053,4998,2.100840336134454,77.00716170373163,75.65020731247644,2653,2653,72.07334273624824,4963,11.847672778561353,4963,12.613338706427564,4963,9.904603002150722,86.91176470588235,77.00716170373163,3400,2653,3.626838605682047,4963,1.6320773725569213,4963,71.32782591174693,4963,1.4910336490026195,4963,10.356639129558735,4963,5.017126737860165,4963,1.7126737860165222,4963,1.450735442272819,4963,0.7455168245013097,4963,0.5238766874874068,4963,1.470884545637719,4963,1.0880515817046141,4963,73.16150390163159,8458,7.0584062426105465,8458,5.805154882951053,8458,41.262709860487114,8458,22.203830692835187,8458,69.60274296524001,8458,99.52261606396945,8379,99.20038190714882,8379,90.71534776144061,6053,15.30015514977921,8379,0.20288817281298485,8379,11.897649045330562,7699,2.8453038,1267,3.9991534,21.755768,9409.0,62.92585170340681,499,27.23342939481268,3470,46.941498,6.6007723427730784,5438,55.46648473477742,5863,11.649326283472625,5863,1.586218659389391,5863,7.555858775370971,5863,23.742111546989594,5863,21.030893771683463,6053,57.26086238228977,6053,0.0,6053,0.016520733520568313,6053,0.06608293408227325,6053,0.0,6053,0.016520733520568313,6053,0.0,6053,0.0,6053,0.0,6053,2.506265664160401,8379,2.1482277121374866,8379,2.912042009786371,8379,2.231769900942833,8379,5.728607232366631,8379,84.1700256504214,8187,4.812507634053988,8187,0.2687187003786491,8187,10.748748015145964,8187,89.25125198485404,8187,19.06354515050167,299,21.36271590232281,18.321874204227147,7854,79.75553857906799,7854,87.05026626834653,7699,96.91176470588235,680,9.26124835899272,8379,5.525197328476017,1647,37.857142857142854,3500,21.37142857142857,3500,38.457142857142856,3500,9.17142857142857,3500,3500,2.394,83.2253665189226,16.7746334810774,0.2386634844868735,2933,2933,2933
050801,45590,23479,26.979600789646852,45590,62.61022153981136,45590,10.410177670541785,45590,35.65913577538934,45590,14.560210572493968,45590,29.0,32.286377,94.17351675965756,22111,7.330554946260145,45590,23.759596402719893,45590,2.05966220662426,45590,59.71832959641256,43.09136771300449,16.62696188340807,38.58536585365854,259.16561314791403,5.989981061763089,32738,10.22063973850105,17132,97.21125370187562,12156,93.47550139629348,11817,96.18983957219251,1496,48.541986406489805,4561,6.65942201242911,29447,23.289299419295684,29447,38.67966176520528,29447,31.371616803069923,29447,70.05127856827521,29447,72.98536353448569,29447,8.875003444767872,10.22063973850105,1.3456362937331796,17132,15606,-1.5973328441995207,30.620875248286026,32.21820809248555,15607,13840,-1.2804554685147576,9.410584993912988,10.691040462427745,15607,13840,30.42031523642732,22840,50.33712784588441,22840,1.510507880910683,22840,9.211908931698774,22840,1.234676007005254,22840,0.2539404553415061,22840,31.654991243432576,22840,70.3722854188211,68.90625950483606,32878,32878,23137,2.0832432899684488,62.80703791882004,61.62243772138668,17221,17221,33.393169877408056,22840,12.985989492119089,22840,48.80035026269702,22840,15.886198333335543,78.69323625215559,62.80703791882004,15657,17221,14.964973730297723,22840,4.242556917688266,22840,26.760070052539405,22840,4.7635726795096325,22840,8.003502626970228,22840,17.189141856392293,22840,6.479859894921191,22840,5.888791593695271,22840,6.633099824868651,22840,2.12784588441331,22840,5.858143607705779,22840,3.45446584938704,22840,71.52226365431015,45590,26.80631717481904,45590,23.62798859398991,45590,21.506909409958325,45590,45.9618337354683,45590,67.87234042553192,45590,98.94876912840985,45090,98.65823907740075,45090,58.346006448080786,32878,28.58505211798625,45090,1.9849190507873142,45090,11.974156496769561,41790,1.9962997,9729,2.989602,14.060575,47843.0,93.5972461273666,2905,42.62420382165605,15700,48.013058,10.012395150609569,29447,29.35443077017982,32421,18.99386200302273,32421,4.682150458036458,32421,6.705530366120724,32421,40.26402640264026,32421,13.449723219173915,32878,0.8546748585680394,32878,0.04258166555143257,32878,0.006083095078776081,32878,0.09428797372102926,32878,0.0,32878,0.0,32878,0.0,32878,0.0,32878,0.0,32878,3.943224661787536,45090,2.120204036371701,45090,3.402084719449989,45090,1.7587048125970282,45090,7.39853626081171,45090,67.25582437275986,44640,21.238799283154123,44640,1.3440860215053763,44640,10.161290322580646,44640,89.83870967741936,44640,7.551360355358135,1801,21.181413223862346,88.05524887834441,42571,11.284677362523784,42571,35.38645608997368,41790,97.75757575757575,3300,3.1159902417387446,45090,3.491604581341043,8993,43.03240012582573,15895,23.988675684177416,15895,30.14155394778232,15895,8.147216105693614,15895,15895,2.8367411135577227,95.74230585233614,4.257694147663855,0.30298198054536757,18813,18813,18813
050802,9610,4614,30.23933402705515,9610,64.16233090530697,9610,5.598335067637877,9610,38.42872008324662,9610,7.908428720083247,9610,28.0,29.2359,108.2791504117902,4996,8.074921956295526,9610,23.090530697190427,9610,1.0718002081165452,9610,55.85468699318845,47.12941939669153,8.725267596496918,18.513420509291123,540.1486988847583,3.1884493908858476,6649,5.672864796722345,3173,97.96847635726795,2855,95.70968895244906,2797,95.34883720930233,387,45.875,800,3.91435262629642,5978,18.467714954834392,5978,48.594847775175644,5978,29.023084643693544,5978,77.61793241886919,5978,80.44496487119437,5978,4.752266407769525,5.672864796722345,0.9205983889528193,3173,3476,4.891056966042669,31.59379407616361,26.702737110120943,2836,3142,-0.5145364365945184,10.26904090267983,10.783577339274348,2836,3142,30.11265164644714,4616,30.567590987868286,4616,4.332755632582322,4616,4.549393414211439,4616,1.4081455805892549,4616,22.768630849220106,4616,31.520797227036397,4616,69.83508245877061,68.81559220389805,6670,6670,4658,1.4598540145985401,54.19152276295134,52.77864992150707,3185,3185,48.83015597920277,4616,7.777296360485269,4616,39.27642980935875,4616,29.94047149816774,84.13199426111908,54.19152276295134,3485,3185,13.019930675909878,4616,3.8128249566724435,4616,8.838821490467938,4616,3.4445407279029463,4616,4.007798960138648,4616,13.58318890814558,4616,2.5996533795493932,4616,6.650779896013865,4616,39.991334488734836,4616,0.9532062391681109,4616,6.000866551126516,4616,4.311091854419411,4616,52.403746097814775,9610,63.818938605619145,9610,19.80228928199792,9610,28.647242455775235,9610,48.83454734651405,9610,69.86472424557752,9610,99.68625810499896,9562,99.59213553649865,9562,55.48725637181409,6670,47.62601966115875,9562,0.397406400334658,9562,20.13880987598134,8789,2.3243754,2121,2.8662088,14.504517,8749.0,94.54277286135694,678,32.79742765273312,3732,42.984993,10.539478086316494,5978,36.87433032297566,6533,19.210163783866523,6533,4.959436705954386,6533,5.0359712230215825,6533,33.92009796418185,6533,38.90554722638681,6670,2.3238380809595203,6670,0.13493253373313344,6670,0.044977511244377814,6670,0.07496251874062969,6670,0.0,6670,0.014992503748125937,6670,0.0,6670,0.0,6670,0.014992503748125937,6670,3.5871156661786237,9562,1.8510771805061703,9562,2.9491738130098306,9562,1.2863417695042878,9562,6.557205605521857,9562,37.167300380228134,9468,55.259822560202785,9468,1.7955217574989437,9468,5.777355302070131,9468,94.22264469792987,9468,8.651399491094148,393,20.78111985192041,86.32821197951459,8982,12.792251169004675,8982,47.09295710547275,8789,99.22380336351875,773,4.779334867182598,9562,2.688430148823812,2083,40.44854881266491,3790,12.321899736147758,3790,38.99736147757256,3790,5.303430079155673,3790,3790,2.5229551451187335,97.55512943432406,2.4448705656759415,0.09587727708533078,4172,4172,4172
050901,12740,5817,26.52276295133438,12740,65.74568288854003,12740,7.731554160125588,12740,35.32967032967033,12740,10.918367346938776,12740,29.0,31.18485,119.01323706377858,6923,7.747252747252747,12740,23.869701726844585,12740,1.5777080062794349,12740,52.10124164278892,40.3414517669532,11.759789875835722,29.15063628292394,343.0456852791878,2.6341569609230433,9187,5.283853526665029,4069,96.3178889229825,3259,97.3877030901561,3139,94.63087248322148,447,30.385852090032156,1244,2.9265933002781472,8269,20.171725722578305,8269,45.966864191558834,8269,30.934816785584715,8269,76.90168097714354,8269,79.9008344418914,8269,4.75630370251497,5.283853526665029,0.5275498241500586,4069,5118,-9.485132581064878,25.66058294742577,35.14571552849065,3671,4598,-1.9893012477207233,9.453282484336693,11.442583732057416,3671,4598,44.27129712080736,6738,36.61323834965865,6738,2.255862273671713,6738,9.112496289700207,6738,0.8459483526268923,6738,0.192935589195607,6738,45.11724547343425,6738,73.78914291905949,72.4563874742659,9229,9229,6810,1.8061674008810573,64.2002442002442,63.15018315018315,4095,4095,46.349065004452356,6738,14.81151677055506,6738,32.63579697239537,6738,17.23723145226846,81.43747565251266,64.2002442002442,5134,4095,14.781834372217276,6738,4.1852181656277825,6738,32.22024339566637,6738,6.426239240130602,6738,8.073612347877708,6738,8.993766696349065,6738,6.708222024339567,6738,5.194419709112497,6738,14.128821608785989,6738,1.7512615019293558,6738,2.879192638765212,6738,1.8106262986049273,6738,74.2072213500785,12740,29.050235478806908,12740,30.10989010989011,12740,30.910518053375196,12740,44.529042386185246,12740,75.25902668759812,12740,99.39639424986102,12591,99.07870701294576,12591,70.7660634955033,9229,42.91954570725121,12591,1.032483519974585,12591,24.392764857881136,11610,2.2188344,2591,3.101386,14.829278,12037.0,88.65336658354114,802,39.55857385398981,4123,45.755516,10.559438868061434,8269,33.04654754026031,9066,20.097065960732408,9066,3.7502757555702626,9066,4.533421575115818,9066,38.5726891683212,9066,51.414021020695635,9229,3.770722721855022,9229,0.28172066312709937,9229,0.032506230360819156,9229,0.23837902264600716,9229,0.0,9229,0.010835410120273052,9229,0.0,9229,0.021670820240546104,9229,0.0,9229,3.4310221586847747,12591,2.3191168294813758,12591,2.9783178460805337,12591,2.080851401794933,12591,6.012230958621237,12591,56.0163645114712,12466,21.378148564094335,12466,11.695812610300017,12466,10.909674314134445,12466,89.09032568586555,12466,10.173160173160174,462,20.634110787172013,69.83282674772036,11844,29.229989868287742,11844,60.90439276485788,11610,96.94189602446484,981,12.826622190453499,12591,2.6160337552742616,2370,42.04383039542639,4198,19.009051929490234,4198,36.08861362553597,4198,8.075273939971416,4198,4198,2.9992853739876133,93.77234242709314,6.227657572906864,0.35747883349012227,5315,5315,5315
050902,1621,745,21.529919802590992,1621,68.7847008019741,1621,9.685379395434916,1621,29.796421961752007,1621,12.83158544108575,1621,32.0,33.783466,117.58389261744966,876,6.230721776681061,1621,24.799506477483035,1621,1.4805675508945095,1621,45.38116591928251,31.300448430493272,14.080717488789238,44.98567335243553,222.29299363057325,1.3731825525040389,1238,2.197802197802198,546,95.95375722543352,346,98.79518072289157,332,96.96969696969697,33,32.4468085106383,188,2.10896309314587,1138,15.641476274165202,1138,54.39367311072056,1138,27.855887521968366,1138,82.24956063268893,1138,83.83128295254834,1138,1.4752588452010418,2.197802197802198,0.7225433526011561,546,692,-11.725746735377996,21.343873517786562,33.06962025316456,506,632,-1.6925001250813025,9.820158102766799,11.512658227848101,506,632,28.8604898828541,939,50.26624068157614,939,1.0649627263045793,939,8.839190628328009,939,0.5324813631522897,939,0.10649627263045794,939,29.39297124600639,939,75.96774193548387,74.75806451612904,1240,1240,942,1.5923566878980893,68.61313868613139,67.88321167883211,548,548,45.04792332268371,939,11.182108626198083,939,37.912673056443026,939,13.178768828319477,81.79190751445087,68.61313868613139,692,548,10.543130990415335,939,3.5143769968051117,939,41.533546325878596,939,2.5559105431309903,939,8.626198083067093,939,9.371671991480298,939,8.945686900958467,939,5.005324813631523,939,3.5143769968051117,939,3.8338658146964857,939,4.046858359957401,939,1.597444089456869,939,83.775447254781,1621,15.299198025909932,1621,17.02652683528686,1621,38.37137569401604,1621,35.101789019124,1621,78.65515114127082,1621,98.98926089703096,1583,98.61023373341756,1583,70.96774193548387,1240,32.34365129500947,1583,1.137081490840177,1583,14.767363452461227,1483,2.1375,320,3.0307102,11.272955,1579.0,91.66666666666667,84,41.666666666666664,648,47.304012,10.760105448154658,1138,22.588623248145094,1213,22.423742786479803,1213,3.2976092333058533,1213,4.369332234130256,1213,47.32069249793899,1213,48.064516129032256,1240,3.7096774193548385,1240,0.16129032258064516,1240,0.0,1240,0.16129032258064516,1240,0.0,1240,0.0,1240,0.0,1240,0.0,1240,0.0,1240,3.0953885028427037,1583,1.8951358180669615,1583,2.337334175615919,1583,0.8212255211623499,1583,5.116866708780796,1583,64.68330134357005,1563,12.859884836852208,1563,0.8957133717210493,1563,21.561100447856685,1563,78.43889955214331,1563,5.660377358490566,53,20.96185286103542,80.77178975382569,1503,18.030605455755158,1503,43.69521240728253,1483,95.0,100,6.1907770056854075,1583,3.9855072463768115,276,30.572289156626507,664,19.728915662650603,664,43.373493975903614,664,9.789156626506024,664,664,2.3840361445783134,91.36302294197031,8.636977058029686,0.4048582995951417,741,741,741
051001,3150,1500,29.3015873015873,3150,62.6031746031746,3150,8.095238095238095,3150,38.38095238095238,3150,11.301587301587302,3150,26.0,29.719048,110.0,1650,8.0,3150,26.53968253968254,3150,1.3015873015873016,3150,59.73630831643002,46.8052738336714,12.931034482758621,27.6273022751896,361.96078431372547,4.560413728255759,2127,8.634538152610443,996,95.3932584269663,890,96.34864546525324,849,97.63779527559055,127,28.877005347593585,374,5.699208443271768,1895,29.815303430079155,1895,50.87071240105541,1895,13.614775725593667,1895,64.48548812664907,1895,67.4934036939314,1895,7.661947524847401,8.634538152610443,0.9725906277630415,996,1131,-0.6039106145251392,13.296089385474861,13.9,895,1000,-1.674972067039107,7.705027932960894,9.38,895,1000,26.410415375077495,1613,46.86918784872908,1613,1.611903285802852,1613,11.779293242405455,1613,0.8679479231246126,1613,1.8598884066955983,1613,27.27836329820211,1613,75.92505854800937,74.7072599531616,2135,2135,1621,1.6039481801357187,68.03196803196803,67.43256743256744,1001,1001,52.63484190948543,1613,9.485430874147552,1613,32.36205827650341,1613,14.860448193781522,82.89241622574956,68.03196803196803,1134,1001,8.741475511469313,1613,3.0998140111593306,1613,43.02541847489151,1613,1.1779293242405455,1613,8.24550526968382,1613,6.075635461872288,1613,4.897706137631742,1613,7.067575945443274,1613,9.609423434593925,1613,2.6038437693738374,1613,3.037817730936144,1613,1.3639181649101053,1613,79.87301587301587,3150,17.396825396825395,3150,15.174603174603174,3150,32.12698412698413,3150,31.841269841269842,3150,73.77777777777777,3150,99.37745740498035,3052,99.01703800786369,3052,84.54332552693208,2135,30.83224115334207,3052,0.4259501965923984,3052,17.4037089871612,2804,2.5328948,608,3.6725276,16.55649,3328.0,82.41206030150754,199,38.391224862888485,1094,44.441498,8.588918205804749,1895,27.780429594272075,2095,23.389021479713605,2095,3.054892601431981,2095,5.155131264916467,2095,40.62052505966587,2095,40.56206088992974,2135,1.920374707259953,2135,0.0468384074941452,2135,0.0,2135,0.0468384074941452,2135,0.0,2135,0.0,2135,0.0,2135,0.0,2135,0.0,2135,3.7680209698558325,3052,2.3918741808650066,3052,3.5714285714285716,3052,2.948885976408912,3052,7.044560943643512,3052,73.18212141427618,2998,15.04336224149433,2998,3.3022014676450966,2998,8.47231487658439,2998,91.52768512341561,2998,16.93548387096774,124,19.956060606060607,66.22562674094708,2872,32.34679665738162,2872,69.11554921540656,2804,97.98387096774194,248,10.681520314547837,3052,4.381846635367762,639,41.228070175438596,1140,18.157894736842106,1140,37.10526315789474,1140,7.280701754385965,1140,1140,2.6771929824561402,89.08606921029282,10.91393078970718,0.26619343389529726,1127,1127,1127
051002,1025,509,25.26829268292683,1025,66.14634146341463,1025,8.585365853658537,1025,33.5609756097561,1025,12.585365853658537,1025,30.0,31.912195,101.37524557956777,516,7.414634146341464,1025,24.195121951219512,1025,1.853658536585366,1025,51.17994100294985,38.200589970501476,12.979351032448378,33.97683397683398,294.3181818181818,2.845528455284553,738,5.509641873278237,363,93.30708661417323,254,98.73417721518987,237,89.28571428571429,28,28.0,100,2.6706231454005933,674,34.27299703264095,674,49.25816023738872,674,13.798219584569733,674,63.05637982195846,674,68.24925816023739,674,5.24297520661157,5.509641873278237,0.26666666666666666,363,375,-0.5627328207973363,13.513513513513514,14.07624633431085,333,341,-1.3514834482576408,8.018018018018019,9.36950146627566,333,341,23.43470483005367,559,42.93381037567084,559,0.7155635062611807,559,23.971377459749554,559,0.8944543828264758,559,0.0,559,24.329159212880143,559,75.37012113055182,74.6971736204576,743,743,560,0.8928571428571429,69.39890710382514,68.85245901639344,366,366,63.1484794275492,559,10.73345259391771,559,22.182468694096602,559,11.768201649490507,81.16710875331565,69.39890710382514,377,366,9.123434704830053,559,1.2522361359570662,559,56.529516994633276,559,2.5044722719141324,559,8.228980322003578,559,6.797853309481217,559,2.5044722719141324,559,1.073345259391771,559,6.618962432915922,559,0.7155635062611807,559,5.008944543828265,559,3.2200357781753133,559,88.09756097560975,1025,13.365853658536585,1025,6.439024390243903,1025,21.463414634146343,1025,17.073170731707318,1025,71.02439024390245,1025,90.1,1000,89.9,1000,85.46433378196501,743,28.2,1000,11.0,1000,1.0822510822510822,924,1.8577982,218,2.9174042,13.136458,982.0,80.32786885245902,61,41.48606811145511,323,45.603714,8.701780415430267,674,24.238227146814406,722,22.022160664819946,722,1.9390581717451523,722,4.016620498614959,722,47.78393351800554,722,64.06460296096904,743,0.2691790040376851,743,0.0,743,0.0,743,0.0,743,0.0,743,0.0,743,0.0,743,0.0,743,0.0,743,3.6,1000,2.5,1000,3.5,1000,1.9,1000,6.7,1000,66.16314199395771,993,13.192346424974824,993,0.3021148036253776,993,20.342396777442094,993,79.65760322255791,993,0.0,38,20.666666666666668,63.51063829787234,940,35.212765957446805,940,69.6969696969697,924,85.52631578947368,76,0.8,1000,7.368421052631579,190,42.42424242424242,330,20.0,330,26.363636363636363,330,4.242424242424242,330,330,3.0303030303030303,83.55263157894737,16.44736842105263,1.3157894736842106,304,304,304
051003,1936,968,29.390495867768596,1936,63.32644628099174,1936,7.283057851239669,1936,40.289256198347104,1936,10.382231404958677,1936,25.0,29.286674,100.0,968,8.057851239669422,1936,27.737603305785125,1936,1.7045454545454546,1936,57.91190864600326,46.411092985318106,11.500815660685156,24.780316344463973,403.54609929078015,5.697151424287856,1334,9.925925925925926,675,95.70446735395188,582,100.0,557,92.3076923076923,78,27.77777777777778,216,7.155172413793103,1160,37.327586206896555,1160,45.08620689655172,1160,10.431034482758621,1160,55.51724137931034,1160,59.310344827586206,1160,8.5602203113584,9.925925925925926,1.3657056145675266,675,659,-2.674153026265703,9.121621621621621,11.795774647887324,592,568,-1.7402931100114198,6.77027027027027,8.51056338028169,592,568,18.660812294182218,911,51.48188803512623,911,0.9879253567508233,911,17.12403951701427,911,0.5488474204171241,911,0.5488474204171241,911,19.20965971459934,911,69.6362286562732,67.11210096510764,1347,1347,938,3.624733475479744,57.16374269005848,55.994152046783626,684,684,56.2019758507135,911,16.02634467618002,911,21.624588364434686,911,25.340028049006385,82.50377073906486,57.16374269005848,663,684,6.805708013172338,911,1.756311745334797,911,50.38419319429199,911,2.0856201975850714,911,13.94072447859495,911,7.574094401756311,911,2.305159165751921,911,2.96377607025247,911,5.817782656421515,911,0.9879253567508233,911,3.951701427003293,911,2.0856201975850714,911,80.73347107438016,1936,7.954545454545454,1936,5.371900826446281,1936,31.5599173553719,1936,20.50619834710744,1936,76.65289256198348,1936,96.48846960167715,1908,96.12159329140461,1908,85.52338530066815,1347,15.566037735849056,1908,3.459119496855346,1908,7.98175598631699,1754,2.4182243,428,3.2741432,15.413893,2102.0,66.66666666666667,132,44.622093023255815,688,43.744186,7.622413793103449,1160,27.90346907993967,1326,20.060331825037707,1326,1.8099547511312217,1326,4.826546003016591,1326,45.399698340874814,1326,23.236822568671123,1347,0.8166295471417966,1347,0.0,1347,0.0,1347,0.07423904974016332,1347,0.0,1347,0.0,1347,0.0,1347,0.0,1347,0.0,1347,3.8784067085953877,1908,1.6771488469601676,1908,3.511530398322851,1908,2.6729559748427674,1908,6.656184486373165,1908,74.3713215623328,1869,8.721241305510969,1869,0.2675227394328518,1869,16.63991439272338,1869,83.36008560727662,1869,14.141414141414142,99,19.976019184652277,56.728084868788386,1791,39.307649357900615,1791,75.8266818700114,1754,90.25974025974025,154,1.6771488469601676,1908,6.378132118451025,439,45.092460881934564,703,16.500711237553343,703,34.28165007112376,703,6.543385490753912,703,703,2.7140825035561877,86.58088235294117,13.419117647058826,0.36764705882352944,544,544,544
051101,16389,8478,23.87577033376045,16389,59.863322960522304,16389,16.26090670571725,16389,31.68588687534322,16389,22.09408749771188,16389,34.0,36.707973,93.31210191082802,7911,6.357922997132222,16389,21.441210568063944,16389,3.502349136616023,16389,67.0471919274284,39.883803893588826,27.163388033839567,68.10631229235881,146.82926829268294,12.582615243035221,11953,20.695204377212747,6214,95.81151832460733,3820,98.77049180327869,3660,90.9090909090909,407,47.69736842105263,1520,14.843821145615154,10981,35.44303797468354,10981,33.74009653037064,10981,15.973044349330662,10981,49.7131408797013,10981,53.79291503506056,10981,16.896633197564725,20.695204377212747,3.798571179648022,6214,5739,-4.618556621529331,13.76786336702684,18.38641998855617,5738,5243,-2.524289518923702,6.114848379226212,8.639137898149913,5738,5243,12.951010475082002,9451,56.84054597397101,9451,1.0263464183684265,9451,15.818431911966988,9451,0.4232356364405883,9451,0.24336049095333828,9451,13.37424611152259,9451,78.02224969097651,76.9015245158632,12135,12135,9468,1.436417405999155,72.37132933375435,71.34512156615094,6334,6334,69.05089408528198,9451,9.469897365358163,9451,17.225690403131942,9451,11.821051290275989,84.19238062403033,72.37132933375435,5801,6334,7.142101364934928,9451,2.052692836736853,9451,66.20463443021903,9451,2.052692836736853,9451,7.406623637710295,9451,6.369696328430854,9451,1.7035234366733678,9451,1.4919056184530737,9451,2.846259655062956,9451,0.6771770183049413,9451,3.650407364300074,9451,1.2168024547666914,9451,85.68552077613033,16389,10.812130087253646,16389,15.382268594789188,16389,30.648605772164256,16389,43.9990237354323,16389,74.3547501372872,16389,99.03707872194084,15993,98.74320015006565,15993,83.4610630407911,12135,17.232539235915713,15993,2.207215656849872,15993,9.299686227385006,14979,2.3350983,2644,3.7326446,15.015352,20519.0,89.76470588235294,850,41.766148814390846,6115,54.17416,7.320098351698388,10981,44.4640605296343,11895,11.467002942412778,11895,2.2362337116435476,11895,8.600252206809584,11895,33.23245060949979,11895,69.00700453234445,12135,0.11536876802637,12135,0.03296250515039143,12135,0.0,12135,0.08240626287597858,12135,0.0,12135,0.0,12135,0.0,12135,0.0,12135,0.0,12135,3.8704433189520415,15993,3.145125992621772,15993,4.051772650534609,15993,2.7011817670230727,15993,7.815919464765835,15993,78.15280956013221,15732,7.036613272311213,15732,0.45130943300279686,15732,14.359267734553775,15732,85.64073226544622,15732,9.697933227344992,629,21.681829733163912,27.954156237649848,15182,70.29376893689896,15182,75.812804593097,14979,96.44970414201184,1014,6.42155943225161,15993,4.404233526800956,2929,31.507513330101794,6189,35.04604944255938,6189,40.749717240264985,6189,15.883018258200032,6189,6189,2.584100824042656,86.38077285579642,13.619227144203577,6.032045240339302,6366,6366,6366
051102,12999,6536,27.90214631894761,12999,61.212400953919534,12999,10.885452727132856,12999,35.887375951996304,12999,15.155011923994154,12999,28.0,32.13793,98.88310893512852,6463,8.008308331410108,12999,24.30956227402108,12999,1.9616893607200554,12999,63.36559004649994,45.58250596958653,17.78308407691341,39.012958367797076,256.3250883392226,6.934507429829389,9085,12.193548387096774,4650,96.7498549042368,3446,98.44031193761248,3334,93.16628701594533,439,49.52100221075903,1357,8.537472714043172,8246,29.9660441426146,8246,38.16395828280378,8246,23.33252486053844,8246,61.496483143342225,8246,65.75309240844045,8246,10.773029785067461,12.193548387096774,1.4205186020293123,4650,4435,-2.006956801724911,22.360686574182928,24.36764337590784,4253,3993,-1.872554421448445,7.927345403244768,9.799899824693213,4253,3993,22.299441003172685,6619,52.62124187943798,6619,1.5410182807070554,6619,12.766278894092764,6619,0.48345671551593894,6619,0.36259253663695423,6619,22.782897718688623,6619,72.48585111014367,71.37570744449282,9188,9188,6660,1.5315315315315314,62.98025896837189,62.10995542347697,4711,4711,50.823387218613085,6619,12.569874603414412,6619,31.75706300045324,6619,19.508014428992418,82.48827339736431,62.98025896837189,4477,4711,10.092158936395226,6619,2.2359873092612177,6619,41.75857380268923,6619,4.1698141713249735,6619,8.339628342649947,6619,13.551896056806164,6619,3.4899531651306845,6619,3.56549327693005,6619,9.064813415923856,6619,0.6798610061942891,6619,5.635292340232663,6619,1.8431787279045173,6619,86.36048926840526,12999,14.608816062774059,12999,21.59396876682822,12999,31.156242787906763,12999,49.18839910762367,12999,72.78252173244096,12999,99.08379013312451,12770,98.77838684416601,12770,83.03221593382673,9188,36.985121378230225,12770,2.7486296006264683,12770,16.36456471789635,11751,2.2631996,2519,3.2466388,13.150722,13946.0,90.86705202312139,865,43.18777292576419,4580,48.91201,8.834101382488479,8246,40.121883656509695,9025,14.89196675900277,9025,3.3240997229916895,9025,7.390581717451523,9025,34.27146814404432,9025,76.70875054418808,9188,0.5986068785372225,9188,0.0544188071397475,9188,0.0108837614279495,9188,0.07618632999564649,9188,0.0,9188,0.0,9188,0.0,9188,0.0,9188,0.0,9188,3.649177760375881,12770,2.349256068911511,12770,3.3281127642913075,12770,1.6992952231793266,12770,6.562255285826155,12770,75.16928224328846,12553,11.248307177567115,12553,0.7647574285031467,12553,12.81765315064128,12553,87.18234684935872,12553,8.853118712273641,497,21.522236756049704,45.0872359963269,11979,54.03623006928792,11979,72.19811079908094,11751,96.46712463199215,1019,6.92247454972592,12770,4.948124501197127,2506,37.5673927108044,4637,25.490618934656027,4637,37.632089713176626,4637,11.300409747681691,4637,4637,2.7539357343109767,77.02201874863745,22.97798125136255,10.159145410943973,4587,4587,4587
051103,14338,6935,32.02678197796067,14338,58.59255126237969,14338,9.380666759659645,14338,41.602733993583485,14338,13.73273817826754,14338,24.0,30.272284,106.74837779379956,7403,9.492258334495746,14338,25.059283024131677,14338,2.015622820477054,14338,70.67015831448637,54.660159504820854,16.009998809665515,29.29006968641115,341.41263940520446,15.740446702656929,9447,25.673603504928806,4565,87.68683274021352,4215,98.62012987012987,3696,85.97560975609755,492,24.465408805031448,1590,18.818170921730793,8343,43.24583483159535,8343,31.30768308761836,8343,6.628311159055496,8343,37.93599424667386,8343,44.14479204123217,8343,19.22132984659206,25.673603504928806,6.452273658336747,4565,4882,0.03927949364251937,6.648541769649036,6.6092622760065165,4046,4297,-2.0880841925950246,4.7988136431043005,6.886897835699325,4046,4297,10.56211498973306,7792,51.809548254620125,7792,0.48767967145790553,7792,23.036447638603697,7792,0.936858316221766,7792,0.1540041067761807,7792,11.498973305954825,7792,81.05020438109213,79.96017188973902,9541,9541,7733,1.3448855554118713,73.1923159939564,72.32894452838333,4633,4633,79.4917864476386,7792,6.211498973305955,7792,9.946098562628336,7792,15.275491667005298,88.4678076609617,73.1923159939564,4908,4633,2.2073921971252566,7792,1.9378850102669405,7792,73.88347022587268,7792,2.553901437371663,7792,3.64476386036961,7792,3.9399383983572895,7792,1.257700205338809,7792,1.2705338809034907,7792,5.6083162217659135,7792,0.3978439425051335,7792,0.7700205338809035,7792,0.6930184804928131,7792,83.58208955223881,14338,6.6327242293206865,14338,10.810433812247176,14338,21.99748918956619,14338,35.79997210210629,14338,69.57037243688102,14338,99.25213675213675,14040,98.91737891737891,14040,89.71805890367887,9541,13.183760683760683,14040,0.8190883190883191,14040,8.63682844332573,12713,2.787162,2368,4.035999,17.467302,16591.0,73.890608875129,969,31.541999515855725,4131,49.6122,5.8742658516121296,8343,41.35290363752393,9402,15.666879387364391,9402,1.5528610933843863,9402,5.57328228036588,9402,35.854073601361414,9402,73.346609370087,9541,0.07336757153338225,9541,0.0,9541,0.0,9541,0.2725081228382769,9541,0.0,9541,0.0,9541,0.0,9541,0.0,9541,0.0,9541,3.1125356125356127,14040,2.1438746438746437,14040,3.7678062678062676,14040,3.269230769230769,14040,7.414529914529915,14040,83.93260885420466,13711,3.1799285245423383,13711,0.9189701699365473,13711,11.968492451316461,13711,88.03150754868354,13711,18.5126582278481,632,20.797772363383224,12.559864050672022,12946,85.62490344507957,12946,69.5351215291434,12713,96.38281838733987,1327,8.01994301994302,14040,12.464409996836444,3161,47.1915506481037,4166,25.372059529524723,4166,26.044167066730676,4166,7.465194431108977,4166,4166,3.370139222275564,88.29489114033197,11.70510885966803,6.186678163397284,4639,4639,4639
051201,35318,18185,28.97955716631746,35318,63.831474035902374,35318,7.188968797780169,35318,38.402514298657906,35318,10.470581573135512,35318,27.0,29.78787,94.21501237283475,17133,7.636332748173736,35318,25.47992525058044,35318,1.3958887819242314,35318,56.6625266146203,45.40010645848119,11.262420156139106,24.80703468490474,403.1114612051989,2.5689120861197194,24524,4.320063066614111,12685,97.48058155745868,10042,93.14536724895291,9789,92.91014014839241,1213,49.13340336134454,3808,3.1716161013448385,21787,18.524808371964934,21787,42.88796071051544,21787,35.41561481617478,21787,78.30357552669022,21787,80.91063478220957,21787,3.6274370002233685,4.320063066614111,0.6926260663907424,12685,11839,-0.15574476265707204,35.3415061295972,35.49725089225427,11420,10367,-1.046671913117823,10.425306479859895,11.471978392977718,11420,10367,30.68337129840547,17560,52.40888382687927,17560,1.919134396355353,17560,6.7027334851936216,17560,0.7004555808656037,17560,0.3815489749430524,17560,31.38382687927107,17560,72.27160193189658,70.69280409107512,24639,24639,17807,2.1845341719548492,65.82764839645574,64.52599388379205,12753,12753,25.17653758542141,17560,11.924829157175399,17560,57.78473804100228,17560,13.357948103628388,79.18559650008413,65.82764839645574,11886,12753,15.85990888382688,17560,4.38496583143508,17560,22.636674259681094,17560,4.515945330296128,17560,7.198177676537585,17560,20.250569476082006,17560,9.12870159453303,17560,8.194760820045557,17560,2.5398633257403187,17560,1.8621867881548975,17560,6.657175398633258,17560,2.835990888382688,17560,69.63871113879608,35318,24.973101534628235,35318,24.4124808879325,35318,31.49385582422561,35318,55.30890763916417,35318,73.24876833342772,35318,99.5346298583781,34811,99.22725575249203,34811,54.973821989528794,24639,43.4747637241102,34811,0.7813622130935624,34811,16.08176218032481,32142,2.0195885,8066,2.7135456,12.337661,32340.0,89.64656964656965,2405,44.29153532713154,13007,44.34466,10.923348785973287,21787,29.060713989894808,24146,19.763107761119855,24146,4.994616085479997,24146,4.530771142218173,24146,41.65079102128717,24146,32.70424936076951,24639,11.031291854377207,24639,0.08523073176671131,24639,0.0040586062746053005,24639,0.10146515686513251,24639,0.0,24639,0.0040586062746053005,24639,0.0,24639,0.0,24639,0.0,24639,3.151302749131022,34811,1.66039470282382,34811,2.323978052914309,34811,1.4162190112320818,34811,5.538479216339662,34811,64.55041821561338,34432,15.543680297397769,34432,1.931342936802974,34432,17.974558550185872,34432,82.02544144981412,34432,6.586826347305389,1503,21.286872353297035,82.48701497097464,32730,16.599450045829514,32730,45.45143426046917,32142,98.20157362307981,2669,6.495073396340238,34811,3.115727002967359,7414,42.259666014743495,13294,16.1050097788476,13294,35.37686174213931,13294,6.469083797201745,13294,13294,2.618549721678953,92.56552926191594,7.434470738084059,0.5966347120734732,14917,14917,14917
051202,7845,3943,26.233269598470365,7845,58.53409815168897,7845,15.232632249840663,7845,32.67049075844487,7845,20.203951561504145,7845,33.0,35.534992,98.96018260207964,3902,7.061822817080944,7845,19.783301465901847,7845,3.135755258126195,7845,70.84059233449477,44.81707317073171,26.023519163763066,58.06608357628766,172.21757322175733,6.905099150141643,5648,12.310405643738978,2835,96.5553235908142,1916,98.0,1850,90.15748031496064,254,47.80701754385965,684,7.4102514878095604,5209,33.36532923785755,5209,38.33749280092148,5209,20.886926473411403,5209,59.22441927433289,5209,63.35189095795738,5209,10.85288698039024,12.310405643738978,1.457518663348738,2835,2813,-7.217163251677274,17.29150726855394,24.508670520231213,2614,2595,-2.2636476479841017,7.482402448355011,9.746050096339113,2614,2595,18.39134524929445,4252,54.86829727187206,4252,1.0348071495766697,4252,14.487300094073378,4252,0.4468485418626529,4252,0.25870178739416744,4252,18.838193791157103,4252,75.82804792107117,74.36575052854123,5676,5676,4304,1.928438661710037,69.03927068723702,67.81206171107995,2852,2852,61.712135465663216,4252,8.67826904985889,4252,25.141110065851365,4252,13.644865290100086,82.6841359773371,69.03927068723702,2824,2852,10.277516462841016,4252,2.257761053621825,4252,58.3725305738476,4252,2.257761053621825,4252,5.997177798682973,4252,8.607714016933208,4252,3.1044214487300095,4252,2.539981185324553,4252,3.339604891815616,4252,0.6114769520225776,4252,5.620884289746002,4252,2.116650987770461,4252,80.53537284894837,7845,20.076481835564053,7845,14.850223072020395,7845,30.04461440407903,7845,31.319311663479922,7845,74.72275334608031,7845,99.74059662775616,7710,99.50713359273671,7710,80.54968287526427,5676,27.055771725032425,7710,0.2594033722438392,7710,16.955065587496513,7166,2.4296408,1336,3.866797,18.924404,9855.0,88.1118881118881,429,40.69554606467358,3278,51.215984,8.610097907467845,5209,41.85796269727403,5576,14.670014347202295,5576,3.586800573888092,5576,8.59038737446198,5576,31.2948350071736,5576,59.584214235377026,5676,0.616631430584919,5676,0.0,5676,0.035236081747709654,5676,0.0,5676,0.0,5676,0.0,5676,0.0,5676,0.0,5676,0.0,5676,3.8780804150453956,7710,3.2684824902723735,7710,3.9818417639429313,7710,2.490272373540856,7710,7.885862516212711,7710,72.58595705440653,7591,15.3866420761428,7591,1.0934000790409695,7591,10.934000790409696,7591,89.0659992095903,7591,6.719367588932807,253,21.3781512605042,55.65778632243889,7282,43.353474320241695,7282,71.74155735417249,7166,98.16176470588235,544,11.478599221789883,7710,4.200442151805453,1357,33.07157958320749,3311,29.87012987012987,3311,43.06855934762911,3311,13.742071881606766,3311,3311,2.328601630927212,80.84935897435898,19.150641025641022,5.649038461538462,2496,2496,2496
051203,14654,6676,31.070015012965744,14654,65.4360584140849,14654,3.4939265729493654,14654,39.115599836222195,14654,5.575269550975843,14654,25.0,26.724716,119.5026962252846,7978,9.669714753650881,14654,28.551931213320596,14654,0.5595741776989218,14654,52.82094066117426,47.481489206382314,5.339451454791949,11.245332747638919,889.2578125,2.8,10000,5.3627760252365935,4438,95.09803921568627,4182,96.9575056575308,3977,92.2165820642978,591,34.446878422782035,1826,3.2812326793038467,9021,23.955215608025718,9021,50.193991796918304,9021,22.569559915752134,9021,72.76355171267043,9021,77.12005320917858,9021,4.6076519691416635,5.3627760252365935,0.7551240560949298,4438,5562,7.0638698765281625,26.548223350253807,19.484353473725644,3940,5081,-0.8505003211926176,9.338832487309645,10.189332808502263,3940,5081,38.58557284299859,7070,35.8981612446959,7070,6.3224893917963225,7070,7.5954738330975955,7070,0.7355021216407355,7070,3.9038189533239036,7070,39.32107496463932,7070,71.43710785778309,69.91335524350164,10041,10041,7173,2.132998745294856,51.47849462365591,49.79838709677419,4464,4464,63.76237623762376,7070,4.13012729844413,7070,27.22772277227723,7070,35.9340927889315,87.41258741258741,51.47849462365591,5577,4464,6.85997171145686,7070,3.521923620933522,7070,16.237623762376238,7070,1.9801980198019802,7070,2.0933521923620932,7070,9.943422913719944,7070,4.978783592644978,7070,4.455445544554456,7070,47.524752475247524,7070,0.7072135785007072,7070,2.5742574257425743,7070,1.5558698727015559,7070,64.514808243483,14654,30.496792684591238,14654,31.056366862290158,14654,26.920977207588372,14654,57.09021427596561,14654,68.15886447386379,14654,99.6434448710916,14584,99.45145364783325,14584,66.54715665770341,10041,58.57789358200768,14584,0.5416895227646736,14584,27.133313088369267,13172,2.2687337,3096,2.8271394,11.309785,11521.0,92.63502454991817,1222,28.01978314628115,5257,39.92315,9.81786941580756,9021,40.12784090909091,9856,22.07792207792208,9856,3.236607142857143,9856,3.9671266233766236,9856,30.590503246753247,9856,50.88138631610397,10041,1.3245692660093615,10041,0.15934667861766758,10041,0.009959167413604223,10041,0.18922418085848022,10041,0.0,10041,0.0,10041,0.009959167413604223,10041,0.0,10041,0.0,10041,2.68102029621503,14584,1.2890839275918815,14584,1.5839275918815139,14584,0.9462424574876577,14584,4.676357652221613,14584,57.92653287966113,14401,21.588778557044648,14401,4.930213179640303,14401,15.554475383653912,14401,84.44552461634609,14401,13.139931740614335,586,20.72128320110383,67.697670968699,13482,31.419670672007122,13482,61.12207713331309,13172,98.72521246458923,1412,11.354909489851892,14584,5.602716468590832,2945,46.41175362591825,5309,8.231305330570729,5309,32.98172913919759,5309,3.428140892823507,5309,5309,2.7470333396119795,93.9342307036974,6.065769296302605,3.2884648151303457,5869,5869,5869
051204,5819,2998,27.702354356418628,5819,60.096236466746866,5819,12.201409176834508,5819,35.69341811307785,5819,17.391304347826086,5819,30.0,33.379276,94.09606404269513,2821,7.2864753394053965,5819,22.134387351778656,5819,1.9419144182849286,5819,66.39977123248498,46.09665427509294,20.30311695739205,44.044665012406945,227.04225352112675,10.286554004408524,4083,17.611524163568774,2152,94.85530546623794,1555,85.08474576271186,1475,86.63101604278074,187,47.739602169981914,553,11.035975114958074,3697,34.13578577224777,3697,39.41033270219096,3697,15.417906410603191,3697,54.82823911279416,3697,58.966729780903435,3697,15.488271962636613,17.611524163568774,2.1232522009321597,2152,1931,0.10458942263466753,15.46707503828484,15.362485615650172,1959,1738,-1.9822644417697433,6.919346605410924,8.901611047180667,1959,1738,19.712793733681462,3064,51.89295039164491,3064,0.8485639686684073,3064,17.85248041775457,3064,0.6527415143603134,3064,0.195822454308094,3064,20.365535248041777,3064,74.83652216032938,73.45604262533301,4129,4129,3090,1.8446601941747574,66.94176983035305,65.79550664832645,2181,2181,64.81723237597912,3064,11.06396866840731,3064,20.234986945169712,3064,16.733794851371798,83.67556468172485,66.94176983035305,1948,2181,7.016971279373368,3064,2.8067885117493474,3064,56.29895561357702,3064,2.480417754569191,3064,8.191906005221933,3064,7.734986945169712,3064,2.349869451697128,3064,2.447780678851175,3064,8.518276762402088,3064,0.881201044386423,3064,2.480417754569191,3064,1.566579634464752,3064,79.96219281663517,5819,21.343873517786562,5819,14.28080426190067,5819,22.340608351950507,5819,31.19092627599244,5819,77.71094689809246,5819,99.47488184841589,5713,99.3348503413268,5713,90.99055461370791,4129,27.148608436898304,5713,1.2252756870295816,5713,19.070996978851962,5296,2.4851751,1113,3.7461576,20.651161,7525.0,87.36559139784946,372,45.525291828793776,2570,48.154087,7.851230727616986,3697,43.751546646869585,4041,12.694877505567929,4041,3.11804008908686,4041,7.869339272457313,4041,32.56619648601831,4041,4.964882538144829,4129,0.19375151368370067,4129,0.0,4129,0.0,4129,0.024218939210462583,4129,0.0,4129,0.0,4129,0.0,4129,0.0,4129,0.0,4129,4.078417643969893,5713,2.5555750043759846,5713,4.270960966217399,5713,2.1529844214948364,5713,7.736740766672502,5713,72.58838159531,5629,15.100373068040504,5629,1.2080298454432403,5629,11.103215491206253,5629,88.89678450879374,5629,11.715481171548117,239,20.811525423728813,46.023782980304716,5382,52.954292084726866,5382,71.8655589123867,5296,97.84172661870504,417,14.4757570453352,5713,4.362703165098375,1169,34.26033217458478,2589,23.09772112784859,2589,46.890691386635766,2589,12.359984550019313,2589,2589,2.2066434916956355,80.012077294686,19.987922705314006,5.736714975845411,1656,1656,1656
051301,3666,1736,30.605564648117838,3666,55.673758865248224,3666,13.720676486633934,3666,39.38897981451173,3666,18.2214948172395,3666,28.0,32.9509,111.17511520737327,1930,8.919803600654664,3666,21.49481723949809,3666,3.055100927441353,3666,79.61783439490446,54.97305242528172,24.644781969622734,44.83065953654189,223.06163021868787,12.566299469604242,2451,20.017406440382942,1149,86.977648202138,1029,97.54189944134079,895,84.42622950819673,122,19.51219512195122,328,12.52260397830018,2212,53.390596745027125,2212,26.446654611211574,2212,7.640144665461121,2212,34.08679927667269,2212,39.69258589511754,2212,14.026623030244693,20.017406440382942,5.990783410138249,1149,1302,-2.1518197345946657,6.492248062015504,8.64406779661017,1032,1180,-1.8050716068847716,4.7771317829457365,6.582203389830508,1032,1180,10.453283996299723,2162,45.88344125809436,2162,0.5550416281221091,2162,20.86031452358927,2162,0.8325624421831638,2162,0.13876040703052728,2162,11.285846438482887,2162,85.01589825119237,84.22098569157393,2516,2516,2139,0.9350163627863488,78.80571909167368,78.30109335576114,1189,1189,77.2895467160037,2162,8.649398704902868,2162,10.59204440333025,2162,11.774537125357213,90.5802562170309,78.80571909167368,1327,1189,4.717853839037928,2162,2.2664199814986126,2162,77.19703977798335,2162,1.942645698427382,2162,6.6142460684551345,2162,2.358926919518964,2162,0.9250693802035153,2162,1.0638297872340425,2162,0.09250693802035152,2162,0.46253469010175763,2162,2.6364477335800185,2162,1.2025901942645698,2162,76.35024549918167,3666,6.246590289143481,3666,5.8919803600654665,3666,19.44899072558647,3666,12.629569012547735,3666,53.84615384615385,3666,99.11918524635287,3633,98.84393063583815,3633,87.51987281399046,2516,16.295072942471787,3633,0.2477291494632535,3633,9.181516158260344,3311,3.2228796,507,4.376042,19.691122,4144.0,74.55357142857143,224,34.39667128987517,1442,49.323856,5.740054249547921,2212,45.19867549668874,2416,16.307947019867548,2416,2.193708609271523,2416,7.28476821192053,2416,29.014900662251655,2416,78.10015898251193,2516,0.2384737678855326,2516,0.0,2516,0.0,2516,0.0397456279809221,2516,0.0,2516,0.0,2516,0.0,2516,0.0,2516,0.0,2516,3.7434627030002754,3633,3.137902559867878,3633,4.486650151390036,3633,2.8626479493531516,3633,8.505367464905037,3633,84.28408442669709,3506,5.476326297775242,3506,0.19965772960638906,3506,10.039931545921277,3506,89.96006845407872,3506,17.5,160,20.889664804469273,10.93703813183565,3383,86.72775642920485,3383,65.53911205073996,3311,95.3416149068323,322,6.826314340765208,3633,11.323155216284988,786,37.044673539518904,1455,27.697594501718214,1455,41.16838487972509,1455,13.402061855670103,1455,1455,2.4969072164948454,87.63157894736842,12.368421052631575,0.0,1140,1140,1140
051302,4471,2278,27.73428763140237,4471,57.41444866920152,4471,14.851263699396108,4471,36.52426750167748,4471,19.97316036680832,4471,33.0,35.48893,96.26865671641791,2193,6.709908297919928,4471,19.190337732050995,4471,3.914113173786625,4471,74.17218543046357,48.30541488118426,25.866770549279316,53.54838709677419,186.74698795180723,14.546619673181672,3121,22.236421725239616,1565,92.6256077795786,1234,97.11286089238845,1143,89.23076923076923,130,35.22012578616352,318,14.685067232837934,2826,43.87827317763624,2826,29.476291578202407,2826,11.960368011323425,2826,41.43665958952583,2826,47.204529370134466,2826,15.424082393620079,22.236421725239616,6.812339331619537,1565,1556,-2.473963876741564,10.726887791107975,13.20085166784954,1417,1409,-2.1189149499161806,5.443895553987297,7.562810503903478,1417,1409,14.396743153219838,2702,52.88675055514434,2702,0.851221317542561,2702,18.245743893412286,2702,0.5921539600296077,2702,0.037009622501850484,2702,14.988897113249445,2702,83.67794486215539,82.83208020050125,3192,3192,2671,1.0108573567952077,77.83312577833125,77.14819427148194,1606,1606,67.94966691339748,2702,10.473723168023685,2702,17.764618800888233,2702,11.763343326334578,89.59646910466583,77.83312577833125,1586,1606,6.88378978534419,2702,2.8127313101406366,2702,67.80162842339008,2702,2.701702442635085,2702,7.660991857883049,2702,5.070318282753516,2702,1.6654330125832717,2702,2.8867505551443373,2702,0.14803849000740193,2702,1.2213175425610658,2702,3.589933382679497,2702,1.4433752775721687,2702,81.68195034667859,4471,10.131961529859092,4471,10.288526056810557,4471,32.67725341087005,4471,24.7819279803176,4471,67.59114292104674,4471,99.0049751243781,4422,98.59791949344188,4422,85.27568922305764,3192,21.506105834464044,4422,0.13568521031207598,4422,12.145454545454545,4125,2.8579235,732,4.303571,20.73955,6220.0,75.78125,256,38.32599118942731,1816,51.979626,6.500353857041755,2826,46.5161923454367,3057,13.804383382401047,3057,3.1730454694144585,3057,7.327445207719987,3057,29.178933595027804,3057,76.47243107769424,3192,0.34461152882205515,3192,0.0,3192,0.0,3192,0.0,3192,0.0,3192,0.0,3192,0.0,3192,0.0,3192,0.0,3192,6.08322026232474,4422,4.929895974672094,4422,7.462686567164179,4422,6.1284486657620985,4422,12.46042514699231,4422,85.74433278803458,4279,6.333255433512503,4279,0.3505491937368544,4279,7.5718625847160554,4279,92.42813741528394,4279,17.08542713567839,199,20.729571984435797,15.851038433993793,4189,81.71401289090475,4189,61.333333333333336,4125,96.29629629629629,297,8.661239258254184,4422,7.70042194092827,948,33.765532144786604,1851,29.173419773095624,1851,42.30145867098865,1851,13.398163155051323,1851,1851,2.3889789303079416,89.61807423345886,10.381925766541144,0.10758472296933835,1859,1859,1859
051401,4187,2045,24.170050155242418,4187,63.33890613804633,4187,12.491043706711249,4187,32.529257224743255,4187,16.9811320754717,4187,30.0,34.00191,104.74327628361858,2142,6.735132553140674,4187,24.958203964652498,4187,2.746596608550275,4187,57.880844645550525,38.159879336349924,19.720965309200604,51.6798418972332,193.49904397705544,1.5725288831835686,3116,2.845797485109199,1511,97.16684155299056,953,99.56803455723542,926,95.08196721311475,122,62.167300380228134,526,2.1321216357916812,2861,15.379238028661307,2861,46.97658161481999,2861,35.51205872072702,2861,82.48864033554702,2861,86.15868577420483,2861,2.4719657094082645,2.845797485109199,0.37383177570093457,1511,1605,-10.637907714335174,30.05738880918221,40.695296523517385,1394,1467,-1.7120549751148904,10.444045911047345,12.156100886162235,1394,1467,22.25762403277196,2197,57.66954938552572,2197,1.5475648611743287,2197,11.87983614019117,2197,0.3186162949476559,2197,0.3186162949476559,2197,22.576240327719617,2197,71.87700192184496,69.85906470211403,3122,3122,2244,2.807486631016043,66.18229854689564,64.72919418758256,1514,1514,53.436504324078285,2197,6.781975421028675,2197,36.36777423759672,2197,11.05650742325362,77.23880597014926,66.18229854689564,1608,1514,15.384615384615385,2197,1.9116977696859354,2197,51.433773327264454,2197,1.7751479289940828,2197,4.915794264906691,2197,11.197086936731907,2197,3.0496131087847065,2197,3.9144287664997726,2197,2.002730996813837,2197,3.186162949476559,2197,11.242603550295858,2197,1.0013654984069185,2197,83.13828516837832,4187,22.68927633150227,4187,24.193933604012418,4187,38.332935275853835,4187,52.23310245999522,4187,81.89634583233818,4187,99.00557846228475,4123,98.54474896919719,4123,86.25880845611788,3122,28.935241329129276,4123,1.1399466407955372,4123,18.81342701014832,3843,2.0302327,860,3.072395,12.237221,4519.0,87.21804511278195,266,40.19501625135428,1846,46.257313,11.321915414190842,2861,26.649333766655833,3077,27.136821579460513,3077,3.2174195645108874,3077,6.792330191745206,3077,36.204094897627556,3077,8.039718129404228,3122,76.90582959641256,3122,0.1601537475976938,3122,0.0,3122,0.12812299807815503,3122,0.0,3122,0.0,3122,0.032030749519538756,3122,0.0,3122,0.0,3122,3.4440941062333255,4123,2.1101139946640797,4123,2.9832646131457676,4123,1.4795052146495271,4123,6.524375454765947,4123,69.38325991189427,4086,13.999021047479197,4086,0.2936857562408223,4086,16.324033284385706,4086,83.6759667156143,4086,12.883435582822086,163,20.527358490566037,88.32266325224072,3905,11.037131882202305,3905,61.33229247983346,3843,94.64285714285714,280,6.378850351685665,4123,3.2577903682719547,706,29.37100213219616,1876,22.601279317697227,1876,49.20042643923241,1876,11.034115138592751,1876,1876,2.1977611940298507,92.03647416413374,7.963525835866264,0.24316109422492402,1645,1645,1645
051402,1546,743,23.415265200517464,1546,62.54851228978008,1546,14.036222509702458,1546,30.659767141009056,1546,19.08150064683053,1546,33.0,35.73868,108.07537012113055,803,5.692108667529108,1546,21.733505821474772,1546,2.5873221216041395,1546,59.87590486039297,37.435367114788,22.440537745604964,59.94475138121547,166.82027649769586,0.9657594381035997,1139,1.4234875444839858,562,95.72649572649573,351,98.80952380952381,336,91.42857142857143,35,40.90909090909091,154,1.3270142180094786,1055,18.29383886255924,1055,54.02843601895734,1055,26.350710900473935,1055,80.37914691943128,1055,83.69668246445498,1055,0.9035568685741071,1.4234875444839858,0.5199306759098787,562,577,-16.61323480786095,17.97323135755258,34.58646616541353,523,532,-2.1437880073031526,9.722753346080307,11.86654135338346,523,532,17.68867924528302,848,61.43867924528302,848,1.8867924528301887,848,8.13679245283019,848,0.1179245283018868,848,0.0,848,17.806603773584907,848,75.21815008726003,73.47294938917976,1146,1146,862,2.320185614849188,68.19787985865725,66.43109540636043,566,566,58.136792452830186,848,7.665094339622642,848,29.12735849056604,848,13.871085658584136,82.06896551724138,68.19787985865725,580,566,13.089622641509434,848,1.4150943396226414,848,57.90094339622642,848,2.358490566037736,848,5.306603773584905,848,10.25943396226415,848,2.4764150943396226,848,1.4150943396226414,848,0.2358490566037736,848,2.1226415094339623,848,8.726415094339623,848,1.179245283018868,848,81.30659767141009,1546,21.99223803363519,1546,11.707632600258732,1546,37.839586028460545,1546,40.685640362225094,1546,73.28589909443726,1546,99.00066622251832,1501,98.66755496335776,1501,87.08551483420594,1146,29.78014656895403,1501,1.1992005329780147,1501,13.861386138613861,1414,2.2748091,262,3.4170213,9.93129,1601.0,75.0,84,40.30470914127424,722,49.55817,10.803791469194312,1055,37.007168458781365,1116,16.218637992831543,1116,2.6881720430107525,1116,7.795698924731183,1116,36.29032258064516,1116,5.061082024432809,1146,75.21815008726003,1146,0.0,1146,0.0,1146,0.0,1146,0.0,1146,0.0,1146,0.0,1146,0.0,1146,0.0,1146,3.2644903397734844,1501,2.731512325116589,1501,2.598267821452365,1501,1.3990672884743505,1501,6.7288474350433045,1501,64.68602295746118,1481,12.62660364618501,1481,0.2700877785280216,1481,22.417285617825794,1481,77.5827143821742,1481,10.909090909090908,55,21.679558011049725,79.88826815642459,1432,18.365921787709496,1432,61.81046676096181,1414,96.55172413793103,87,8.66089273817455,1501,2.3715415019762847,253,28.356164383561644,730,24.65753424657534,730,48.76712328767123,730,13.698630136986301,730,730,2.0561643835616437,90.43760129659644,9.56239870340356,0.4862236628849271,617,617,617
051501,49340,25731,27.399675719497367,49340,63.73125253344143,49340,8.869071747061207,49340,35.804620997162544,49340,13.009728415079044,49340,28.0,31.39244,91.75313823792312,23609,7.715849209566275,49340,24.55411430887718,49340,1.6984191325496554,49340,56.90888853553824,42.992526633805056,13.916361901733184,32.36925808121902,308.9351005484461,5.906395716999597,34742,9.467071057192374,18464,95.52434601435296,12959,90.54043137571693,12379,88.59384429692214,1657,46.476037051953284,4966,6.9712460063897765,31300,25.06709265175719,31300,41.75079872204473,31300,26.210862619808307,31300,67.96166134185303,31300,71.14376996805112,31300,7.599519760964336,9.467071057192374,1.8675512962280378,18464,16278,-0.7089067071188637,25.882002383790226,26.59090909090909,16780,14520,-1.20854224332391,8.945589988081048,10.154132231404958,16780,14520,25.654386815317498,24756,57.63451284537082,24756,1.3734044272095653,24756,6.4186459848117625,24756,1.32897075456455,24756,0.07270964614638875,24756,26.98335756988205,24756,71.75407077879488,70.03735705934355,35067,35067,25162,2.3924966218901518,64.82474005788401,63.297245149533715,18658,18658,16.836322507674907,24756,16.084989497495556,24756,62.27177249959606,24756,14.808388103490842,79.63312816137486,64.82474005788401,16409,18658,12.316206172241072,24756,8.111164970108257,24756,15.685086443690418,24756,6.0833737275811925,24756,9.904669575052512,24756,29.023267086766843,24756,10.987235417676523,24756,5.404750363548231,24756,1.1512360639844885,24756,1.9146873485215705,24756,4.439327839715625,24756,2.5852318629827113,24756,82.65099310903932,49340,11.108633968382652,49340,18.076611268747467,49340,21.43291447101743,49340,50.186461289015,49340,62.07944872314552,49340,96.77986069487217,48383,95.93245561457536,48383,35.85137023412325,35067,36.789781534836614,48383,7.43029576504144,48383,9.396198535831822,44667,1.9335761,10433,2.7493837,11.580152,45483.0,94.05050155655482,2891,42.74894810659187,14260,47.341656,9.506230031948881,31300,25.08590056092332,34051,21.02728260550351,34051,5.474141728583596,34051,5.412469530997622,34051,43.000205573991956,34051,22.836284826189864,35067,3.7670744574671344,35067,0.06844041406450509,35067,0.02281347135483503,35067,0.2167279778709328,35067,0.005703367838708758,35067,0.011406735677417516,35067,0.0,35067,0.002851683919354379,35067,0.0,35067,3.6955128867577454,48383,1.9407643180455945,48383,2.9225141061943245,48383,1.618337019200959,48383,6.766839592418825,48383,75.88199449475741,47591,8.03513269315627,47591,0.6240675758021474,47591,15.45880523628417,47591,84.54119476371582,47591,6.673407482305359,1978,21.131889417150905,85.24478445338434,45489,13.871485414056146,45489,31.49304855933911,44667,91.55005382131324,3716,2.527747349275572,48383,4.2887029288702925,9560,49.192880794701985,14496,22.833885209713024,14496,21.799116997792495,14496,5.601545253863135,14496,14496,3.3376793598233996,96.80093131548313,3.199068684516874,0.3492433061699651,21475,21475,21475
051601,2126,1069,25.540921919096895,2126,66.36876763875823,2126,8.090310442144872,2126,33.72530573847601,2126,11.571025399811854,2126,29.0,31.477892,98.87745556594949,1057,7.29068673565381,2126,25.634995296331137,2126,1.975540921919097,2126,50.673281360737064,38.48334514528703,12.189936215450036,31.67587476979742,315.69767441860466,3.176704169424222,1511,5.622489959839357,747,98.64603481624758,517,99.41176470588235,510,96.875,64,40.98360655737705,244,3.9826212889210715,1381,25.706010137581462,1381,48.80521361332368,1381,21.506154960173788,1381,70.31136857349746,1381,74.14916727009414,1381,4.8371496457032315,5.622489959839357,0.7853403141361257,747,764,-10.023909897439122,16.49782923299566,26.52173913043478,691,690,-2.074580003775246,8.460202604920406,10.534782608695652,691,690,24.088291746641076,1042,49.90403071017275,1042,1.1516314779270633,1042,14.875239923224568,1042,0.6717850287907869,1042,0.7677543186180422,1042,24.760076775431862,1042,70.15810276679842,68.24769433465086,1518,1518,1065,2.723004694835681,62.59946949602122,61.93633952254642,754,754,58.44529750479847,1042,9.404990403071018,1042,26.19961612284069,1042,15.018331551099202,77.61780104712042,62.59946949602122,764,754,11.228406909788868,1042,1.9193857965451055,1042,52.783109404990405,1042,2.015355086372361,1042,7.293666026871401,1042,6.333973128598848,1042,5.662188099808062,1042,2.783109404990403,1042,5.662188099808062,1042,1.3435700575815739,1042,4.414587332053743,1042,1.6314779270633397,1042,88.47601128880527,2126,14.205079962370649,2126,18.720602069614298,2126,36.359360301034805,2126,39.27563499529633,2126,83.44308560677328,2126,98.9766081871345,2052,98.78167641325535,2052,84.12384716732542,1518,28.216374269005847,2052,1.608187134502924,2052,14.879074658254469,1902,2.0111856,447,2.764535,12.670875,1902.0,77.77777777777777,126,41.0958904109589,657,48.194824,9.4967414916727,1381,23.872679045092838,1508,18.70026525198939,1508,2.2546419098143238,1508,3.9787798408488064,1508,51.19363395225464,1508,79.5125164690382,1518,1.5151515151515151,1518,0.06587615283267458,1518,0.0,1518,0.0,1518,0.0,1518,0.0,1518,0.0,1518,0.0,1518,0.0,1518,3.801169590643275,2052,2.7777777777777777,2052,3.1676413255360623,2052,2.290448343079922,2052,6.871345029239766,2052,73.60905957656327,2031,9.748892171344165,2031,1.427868045297883,2031,15.214180206794682,2031,84.78581979320532,2031,9.58904109589041,73,20.79700854700855,54.25916365513681,1937,44.81156427465152,1937,73.55415352260778,1902,94.0,150,8.187134502923977,2052,3.252032520325203,369,42.30769230769231,676,22.041420118343197,676,30.91715976331361,676,7.840236686390533,676,676,3.035502958579882,85.48621190130623,14.513788098693766,0.14513788098693758,689,689,689
060101,238749,122601,23.496224067954213,238749,68.43798298631617,238749,8.065792945729616,238749,32.04369442385099,238749,11.861829787768745,238749,30.0,32.105743,94.73658453030562,116148,5.946831190915983,238749,26.25183770403227,238749,1.5991690017549811,238749,46.11769025979987,34.33213990636188,11.785550353437987,34.32803893256324,291.30705717401463,3.4451310509501334,180922,5.155187074829932,94080,97.30856174060469,56624,82.51724137931035,55100,95.01422368618057,6679,66.96262005112969,28946,3.8554787903093497,164571,17.39310085008902,164571,33.217881643789006,164571,45.533538715812625,164571,78.75142035960162,164571,81.26219078695517,164571,3.562639689924011,5.155187074829932,1.592547384905921,94080,86842,3.3492647895057956,47.12970594722606,43.78044115772026,86141,78430,-0.3145993229763402,11.374792491380411,11.689391814356751,86141,78430,39.39315478598592,123590,45.44056962537422,123590,1.7841249292013917,123590,6.046605712436281,123590,1.336677724735011,123590,0.033983331984788416,123590,40.72983251072093,123590,70.46942509478882,67.73928665902477,181456,181456,127871,3.8742169843044945,63.868698213566724,61.28546907118184,94378,94378,11.992879682822235,123590,17.15349138279796,123590,65.129055748847,123590,13.754811743023915,77.62350995659064,63.868698213566724,87078,94378,22.613480055020634,123590,6.102435472125577,123590,11.782506675297354,123590,7.7150254874989885,123590,9.186827413221135,123590,22.712193543166922,123590,7.834776276397767,123590,6.761064811068857,123590,0.21037300752488067,123590,3.4266526417994982,123590,5.214823205760984,123590,5.048143053645117,123590,69.0423834235955,238749,23.07821184591349,238749,33.401605870600505,238749,25.133927262522565,238749,53.139489589485194,238749,62.30518243008348,238749,99.24415101812099,237349,99.01958719017144,237349,9.662397495811657,181456,34.33298644611943,237349,2.1959224601746796,237349,8.066351305345016,223236,1.4421602,59492,2.0593808,8.097685,183077.0,98.09213587715216,12894,41.48761244144754,72371,46.620068,11.524721852574269,164571,28.824455963179766,179032,18.58941418293936,179032,5.467179051789624,179032,4.299789981679253,179032,42.819160820411994,179032,4.449563530552862,181456,1.3275945683802133,181456,0.6833612556211974,181456,0.014328542456573494,181456,0.15596067366193458,181456,0.00606207565470417,181456,0.004408782294330306,181456,0.0,181456,0.0016532933603738648,181456,0.0016532933603738648,181456,3.856346561392717,237349,1.4126876456188988,237349,2.4217502496323977,237349,1.2909260203329274,237349,6.427665589490581,237349,54.11039766260681,235476,17.600519798195993,235476,1.5963410283850583,235476,26.69274151081214,235476,73.30725848918786,235476,3.8231416692019065,9861,22.200642734801264,95.18976500659994,226517,4.167016162142356,226517,12.70494006343063,223236,97.86012895911571,14113,1.6178707304433555,237349,4.3166502793831985,41699,46.80168382947799,72929,20.743462820003018,72929,19.93445680044975,72929,3.768048375817576,72929,72929,3.2545215209313167,96.64308900195834,3.3569109980416556,0.0,111829,111829,111829
060201,17817,8644,23.253072907896954,17817,65.62271987427738,17817,11.124207217825672,17817,30.218330807655608,17817,16.068922938766345,17817,32.0,34.418983,106.11985192040721,9173,6.151428411068081,17817,22.955604198237637,17817,2.216983779536398,17817,52.38624700650017,35.43448511802942,16.95176188847075,47.83972966449433,209.03128153380425,9.24021602426574,13517,13.551829268292684,6560,92.26059270144502,4083,98.539952216618,3767,93.62549800796813,502,41.759530791788855,1705,8.797372005448281,12481,45.3409181956574,12481,26.432176908901532,12481,19.42953288999279,12481,45.86170979889432,12481,52.13524557327137,12481,8.377185025084405,13.551829268292684,5.174644243208279,6560,6957,2.572623580906054,20.751607054557443,18.17898347365139,6067,6414,-0.36436376274106586,7.270809296192517,7.6351730589335824,6067,6414,18.54675287079031,10363,54.22175045836148,10363,0.4921354820032809,10363,17.15719386278105,10363,0.6658303580044389,10363,0.04824857666698833,10363,19.21258322879475,10363,76.79728933411903,75.65556865055981,13576,13576,10426,1.4866679455208134,67.62251555150964,66.66666666666667,6591,6591,69.65164527646435,10363,6.253015536041687,10363,20.74688796680498,10363,17.832029903035817,85.45454545454545,67.62251555150964,6985,6591,7.131139631380874,10363,2.122937373347486,10363,69.29460580912863,10363,2.1615362346810767,10363,4.072179870693814,10363,7.06359162404709,10363,2.4317282640162117,10363,1.9395927820129306,10363,0.3570394673357136,10363,1.177265270674515,10363,3.80198784135868,10363,1.6790504680111937,10363,91.20502890497839,17817,10.57417073581411,17817,20.89577369927597,17817,50.49110400179604,17817,45.2657574226862,17817,77.65617107257114,17817,99.09044686740862,17701,98.8757697305237,17701,6.393635827931644,13576,25.21891418563923,17701,1.9151460369470652,17701,6.213872832369942,16608,1.7823955,3874,2.9796236,10.80727,19089.0,94.20142421159716,983,34.85064011379801,5624,51.158073,7.458056245493149,12481,24.339215248306157,13431,29.60315687588415,13431,2.5910207728389545,13431,5.919142282778647,13431,37.54746482019209,13431,0.7660577489687684,13576,0.20624631703005303,13576,0.63347083087802,13576,0.01473187978786093,13576,0.11785503830288745,13576,0.007365939893930465,13576,0.0,13576,0.0,13576,0.0,13576,0.0,13576,5.965764646065194,17701,3.2314558499519803,17701,4.485622281227049,17701,3.282300435003672,17701,10.671713462516243,17701,82.90481087875672,17502,7.7591132442006625,17502,0.29139526911210145,17502,9.044680607930522,17502,90.95531939206948,17502,8.854166666666666,576,20.44581226643218,97.8936750919663,16854,1.32312804082117,16854,2.842003853564547,16608,96.79780420860018,1093,3.8302920738941304,17701,9.006004002668446,2998,44.785600847009,5667,27.26310217046056,5667,22.481030527616024,5667,7.57014293276866,5667,5667,3.123522145756132,93.12008823934923,6.879911760650771,4.30166827519647,7253,7253,7253
060202,36970,18658,25.655937246416013,36970,65.97511495807412,36970,8.368947795509873,36970,33.40816878550176,36970,12.71301054909386,36970,30.0,32.164513,98.14556758495016,18312,6.59724100622126,36970,23.35677576413308,36970,1.37679199350825,36970,51.57230125866098,38.88729449387069,12.685006764790291,32.61992619926199,306.56108597285066,5.106853352984524,27140,7.4980096981978726,13817,95.87474617933098,9357,89.70014491138112,8971,91.14331723027375,1242,50.85266983505731,3577,5.672844480257856,24820,25.789685737308623,24820,39.91136180499597,24820,28.62610797743755,24820,68.53746978243352,24820,72.04270749395648,24820,4.870973745334403,7.4980096981978726,2.6270359528634692,13817,13323,2.5371242275745516,29.863186035540178,27.326061807965626,12718,12102,-0.3824334380182872,9.552288095612518,9.934721533630805,12718,12102,33.17315225907548,19145,52.248628884826324,19145,1.3998433011230087,19145,5.682945938887438,19145,1.0707756594411073,19145,0.026116479498563595,19145,34.24392791851658,19145,71.99515258345268,69.85788256031728,27231,27231,19605,2.9686304514154553,64.22084474556725,62.62072942194032,13874,13874,12.953773831287542,19145,15.5236354139462,19145,66.93131365891878,19145,15.849530338658255,80.0703750842255,64.22084474556725,13357,13874,12.817968137895011,19145,5.985897101070775,19145,12.760511882998172,19145,5.583703316792897,19145,9.647427526769391,19145,32.018803865238965,19145,8.18490467484983,19145,7.693914860276835,19145,0.1932619482893706,19145,2.5019587359623925,19145,3.901802037085401,19145,3.7607730477931574,19145,81.15499053286449,36970,14.65242088179605,36970,27.2464160129835,36970,27.430348931566133,36970,52.209899918853125,36970,57.227481741952936,36970,98.6306974714274,36661,98.31974032350455,36661,11.185780911461203,27231,39.60339325168435,36661,2.940454433867052,36661,7.320990538488494,34244,1.7429978,8533,2.360055,9.266299,30789.0,98.00181653042688,2202,37.40537471612415,10568,47.43376,9.738759065269944,24820,25.274725274725274,26845,25.550381821568262,26845,4.9282920469361144,26845,4.924566958465263,26845,39.32203389830509,26845,4.920862252579781,27231,1.4946201020895302,27231,1.2485769894605412,27231,0.018361426315596195,27231,0.19830340420843892,27231,0.011016855789357717,27231,0.007344570526238478,27231,0.0,27231,0.007344570526238478,27231,0.003672285263119239,27231,4.225198439758872,36661,1.7757289762963366,36661,2.8940836311066254,36661,1.557513433894329,36661,7.192929816426175,36661,71.02289908458641,36377,9.299832311625478,36377,0.8521868213431564,36377,18.82508178244495,36377,81.17491821755505,36377,6.760772659732541,1346,21.250749583564687,93.11967405962184,34853,6.243364990101282,34853,12.84312580306039,34244,94.86967314853123,2417,1.9148413845776164,36661,6.871475215197388,6738,51.44487047601235,10693,21.50939867202843,10693,16.814738614046572,10693,3.619190124380436,10693,10693,3.4285046291966705,98.0011422044546,1.9988577955454048,0.5539691604797259,17510,17510,17510
060301,97634,48913,27.565192453448592,97634,65.51099002396705,97634,6.923817522584345,97634,36.123686420714094,97634,10.549603621689165,97634,28.0,30.518835,99.60746631774784,48721,7.3427289673679255,97634,25.61505213347809,97634,1.3437941700637073,97634,52.64614374384391,42.07720329575835,10.568940448085552,25.117972726934937,398.1213017751479,5.255828643620076,69656,7.412678983176293,35129,92.58057125400947,26188,86.60754794803051,24245,83.38850436352693,3323,46.1166887668119,10558,6.481629011185112,62762,24.64707944297505,62762,40.693413211816065,62762,28.177878334023774,62762,68.87129154583984,62762,72.70004142634077,62762,4.3513067237850915,7.412678983176293,3.061372259391201,35129,34527,2.297480934205989,29.30893798644238,27.01145705223639,31864,30898,-0.4178162719423426,9.548330404217927,9.96614667616027,31864,30898,32.3127835824002,48046,50.278899388086415,48046,1.2342338592182491,48046,6.953752653706864,48046,1.384090246846772,48046,0.02081338717062815,48046,33.696873829246975,48046,70.31943908952006,68.00896771337588,70029,70029,49244,3.285679473641459,61.393479737378314,59.42098709531356,35336,35336,18.496857178537237,48046,15.324896973733505,48046,61.06647795862299,48046,18.017352418964464,79.41083215634278,61.393479737378314,34693,35336,13.93872538816967,48046,7.1535611705448945,48046,18.224201806602007,48046,6.895475169629106,48046,8.152603754735045,48046,24.591016942097156,48046,9.744827873288099,48046,6.562460974899055,48046,0.27265537193522876,48046,3.1095200432918455,48046,4.166840111559755,48046,3.203180285559672,48046,80.25585349366,97634,13.707315074666612,97634,23.893315853083966,97634,21.242599913964398,97634,48.21885818464879,97634,63.46252330130897,97634,98.47228825997973,96746,98.02369090194944,96746,20.0474089305859,70029,39.16130899468712,96746,2.340148429909247,96746,8.195770500579995,89656,1.8713009,22269,2.486301,9.198231,82081.0,96.05693717277487,6112,38.599468713105075,27104,46.68949,9.754023135018004,62762,24.25084370999651,68744,27.00308390550448,68744,4.851332479925521,68744,4.185092517165135,68744,39.70964738740835,68744,8.587870739265162,70029,1.3508689257307687,70029,3.7784346485027633,70029,0.037127475760042265,70029,0.13423010467092206,70029,0.015707778206171728,70029,0.0042839395107741075,70029,0.0028559596738494055,70029,0.0,70029,0.007139899184623513,70029,3.6208215326731854,96746,1.4791309201414011,96746,2.30397122361648,96746,1.2817067372294462,96746,6.043660719823042,96746,71.43081185634377,95645,9.755868053740395,95645,0.709916880129646,95645,18.103403209786187,95645,81.8965967902138,95645,6.464074169456605,3883,21.19161542259527,86.33366917820221,91312,10.570352199053794,91312,17.814758632997233,89656,94.9083215796897,7090,1.928761912637215,96746,7.841692542497763,19001,53.21852472147382,27466,19.190999781548097,27466,16.940945168572053,27466,3.593533823636496,27466,27466,3.5223913201776744,97.82798181347029,2.172018186529712,0.21673066503333413,42449,42449,42449
060302,15559,7498,29.32065042740536,15559,63.19172183302269,15559,7.487627739571952,15559,37.328877177196475,15559,11.144675107654734,15559,28.0,30.603317,107.50866897839424,8061,7.828266598110418,15559,22.88064785654605,15559,1.8638729995500996,15559,58.248576078112286,46.39951179820993,11.84906427990236,25.537045155633493,391.587982832618,6.829625560743385,10923,9.146341463414634,5248,96.55722754217966,4386,99.38606847697757,4235,95.43859649122807,570,48.04392587508579,1457,6.91575536654516,9876,29.515998379910894,9876,37.40380720939652,9876,26.16443904414743,9876,63.56824625354395,9876,67.93236127987039,9876,4.45911679381111,9.146341463414634,4.687224669603524,5248,5675,6.840705269236096,29.73717676981772,22.896471500581622,4718,5158,0.3202141699161114,9.428783382789318,9.108569212873206,4718,5158,29.382407985028074,8015,45.26512788521522,8015,1.122894572676232,8015,15.633187772925764,8015,1.32252027448534,8015,0.012476606363069246,8015,30.704928259513412,8015,74.07948835084514,72.53540429419826,10945,10945,8108,2.0843611248149974,64.36584902072637,62.939722380680735,5259,5259,53.61197754210855,8015,8.471615720524017,8015,33.12538989394885,8015,18.697816121728778,83.06366514245515,64.36584902072637,5686,5259,12.189644416718652,8015,3.980037429819089,8015,52.78852152214598,8015,2.5077978789769184,8015,5.864004990642545,8015,8.733624454148472,8015,3.730505302557704,8015,2.956955708047411,8015,0.8234560199625702,8015,4.154709918902059,8015,4.903306300686213,8015,3.056768558951965,8015,89.87724146796067,15559,11.58172119030786,15559,20.804678963943697,15559,40.34320971784819,15559,47.45806285751012,15559,75.69252522655698,15559,99.35454721487123,15493,99.1609113793326,15493,18.684330744632252,10945,47.63441554250306,15493,0.922997482734138,15493,9.164741300847162,14283,1.9608843,3528,2.7932165,9.4647045,14422.0,96.04147031102734,1061,32.98373287671233,4672,46.981594,9.261543134872419,9876,21.547267355982274,10832,33.74261447562777,10832,3.66506646971935,10832,3.5450516986706058,10832,37.5,10832,5.500228414801279,10945,0.31978072179077205,10945,8.213796253997259,10945,0.027409776153494745,10945,0.08222932846048424,10945,0.009136592051164915,10945,0.009136592051164915,10945,0.0,10945,0.0,10945,0.0,10945,3.5048086232492093,15493,2.220357580842961,15493,2.568902084812496,15493,2.058994384560769,15493,6.874072161621378,15493,83.98358626978441,15353,10.395362469875595,15353,0.22145509021038234,15353,5.399596170129616,15353,94.60040382987039,15353,7.730263157894737,608,20.776845637583893,92.9288760489751,14538,6.2113082955014445,14538,10.740040607715466,14283,96.61157024793388,1210,2.8851739495255924,15493,3.989786147462496,3133,52.579281183932345,4730,19.281183932346725,4730,21.01479915433404,4730,4.545454545454546,4730,4730,3.275475687103594,95.5782902722386,4.421709727761396,0.6762614877752731,5767,5767,5767
060303,46071,22514,28.81639209046906,46071,65.01703891819149,46071,6.166568991339454,46071,37.945779340583016,46071,9.609081634867922,46071,27.0,29.709665,104.63267300346452,23557,7.566582014716416,46071,24.85945605695557,46071,1.1460571726248616,46071,53.805835614609066,44.32129264872805,9.484542965881017,21.39951792708647,467.30024639211547,3.65656314184353,32134,5.059237912263849,15615,93.85814497272018,12830,89.07988706194985,12042,82.07434052757793,1668,40.551839464882946,4784,4.29150080312871,28638,22.815839094908863,28638,45.26852433829178,28638,27.624135763670647,28638,72.89266010196243,28638,76.35658914728683,28638,2.7285883572060365,5.059237912263849,2.3306495550578123,15615,16519,3.362781768868782,29.33323865653625,25.970456887667467,14083,14555,-0.10156508209793103,10.00788184335724,10.10944692545517,14083,14555,36.77078876051918,21033,44.149669566871104,21033,1.3027147815337803,21033,7.117386963343318,21033,1.3217325155707698,21033,0.014263300527742119,21033,38.092521276089954,21033,67.25021612943065,64.36643201185625,32388,32388,21781,4.288141040356273,58.55981711963424,56.12776225552451,15748,15748,25.208006466029573,21033,15.76570151666429,21033,52.441401606998525,21033,16.914942495750374,75.47475961538461,58.55981711963424,16640,15748,14.448723434602767,21033,6.233062330623306,21033,23.610516806922455,21033,6.675224646983312,21033,8.786193125089145,21033,17.115960633290545,21033,7.055579327723102,21033,6.813103218751486,21033,1.5974896591071175,21033,3.8035468073978986,21033,4.645081538534684,21033,3.551561831407788,21033,81.61533285580951,46071,16.170693060710644,46071,19.604523452931346,46071,19.652275835124048,46071,40.14021835862039,46071,61.38785787154609,46071,98.53618926392485,45566,98.19602335074397,45566,22.952945535383474,32388,41.3685642803845,45566,1.538427775095466,45566,10.63279116704262,42115,2.0104208,10172,2.5747786,9.073466,37527.0,97.2846128059001,2983,39.38021282714984,13908,45.554646,10.059501361826943,28638,22.76244846178243,31530,29.115128449096098,31530,5.134792261338408,31530,3.8185854741516017,31530,39.16904535363146,31530,3.5259972829443003,32388,1.0219834506607386,32388,8.40125972582438,32388,0.05866370260590342,32388,0.1265900950969495,32388,0.02470050636038039,32388,0.009262689885142646,32388,0.0,32388,0.0,32388,0.006175126590095097,32388,2.8793398586665497,45566,1.07316859061581,45566,1.8412851687661853,45566,1.0775578282052407,45566,4.84571829873151,45566,73.36922666192044,44948,12.794785084987096,44948,0.614042894010857,44948,13.221945359081605,44948,86.7780546409184,44948,9.024663677130045,1784,20.719234543670265,87.51747599962718,42916,9.315872867928045,42916,15.006529739997626,42115,96.11706751666183,3451,2.8771452398718345,45566,7.129719787947636,9243,50.90508979910556,14087,16.6039610988855,14087,21.7221551785334,14087,3.911407680840491,14087,14087,3.2346134734152057,96.92742069423684,3.0725793057631563,0.28788130432375575,18063,18063,18063
060401,15923,8110,24.90108647867864,15923,65.92978710042078,15923,9.169126420900584,15923,32.84556930226716,15923,13.427118005400992,15923,30.0,32.523018,96.33785450061653,7813,6.688438108396659,15923,24.153739873139482,15923,1.607737235445582,15923,51.67650981139265,37.769098875976375,13.90741093541627,36.82219419924338,271.5753424657534,8.07079945799458,11808,12.045190230935372,6019,93.61921983983467,3871,96.88189845474614,3624,95.4070981210856,479,43.32734889287852,1671,8.354242170801971,10761,41.69686832078803,10761,29.31883653935508,10761,20.63005296905492,10761,49.94888950841,10761,55.97992751603011,10761,8.106686171512328,12.045190230935372,3.938504059423044,6019,5789,4.067582759177196,22.62056414922657,18.552981390049375,5495,5266,-0.2120661776216819,7.771792538671519,7.983858716293201,5495,5266,19.993412384716734,9108,56.69740887132191,9108,1.0540184453227932,9108,13.076416337285902,9108,0.966183574879227,9108,0.03293807641633729,9108,20.95959595959596,9108,77.26773184546454,76.16028404767943,11829,11829,9140,1.4332603938730852,67.81571097116341,66.92078223400729,6034,6034,72.47474747474747,9108,4.633289415898112,9108,18.928414580588495,9108,19.29386625057947,87.10957722174288,67.81571097116341,5795,6034,6.247255160298638,9108,2.0531400966183573,9108,72.44180939833113,9108,1.8335529205094423,9108,2.7777777777777777,9108,5.830039525691699,9108,2.22880983750549,9108,1.987263943785683,9108,0.03293807641633729,9108,1.526130873956961,9108,2.4593763724198507,9108,2.075098814229249,9108,89.91396093700936,15923,8.616466746216165,15923,22.721848897820763,15923,43.39634490987879,15923,52.19493813979778,15923,72.24769201783583,15923,99.289970838088,15774,99.15050082414099,15774,6.2135429875729145,11829,34.03702294915684,15774,1.6482819830100164,15774,6.271232504416361,14718,1.716707,3717,2.688916,10.741806,15314.0,97.4869109947644,955,36.8129614438064,4876,49.20878,7.875569185019979,10761,25.6868954891723,11683,27.604211247111188,11683,2.661987503209792,11683,5.152786099460755,11683,38.89411966104596,11683,1.0060021979879956,11829,0.0760841998478316,11829,0.464958999070082,11829,0.0084537999830924,11829,0.0169075999661848,11829,0.0,11829,0.0084537999830924,11829,0.0,11829,0.0,11829,0.0,11829,3.8417649296310383,15774,2.1871434005325217,15774,3.5247876252060353,15774,2.1364270318245215,15774,7.5820971218460755,15774,80.55555555555556,15588,7.223505260456761,15588,0.6158583525789069,15588,11.605080831408776,15588,88.39491916859123,15588,6.089743589743589,624,20.690440060698027,97.13309665751223,14929,2.2439547190032822,14929,4.185351270553064,14718,97.44318181818181,1056,2.0476733865855206,15774,7.6458036984352775,2812,49.348268839103866,4910,23.482688391038696,4910,19.287169042769857,4910,6.04887983706721,4910,4910,3.2126272912423626,92.28084868788386,7.719151312116139,5.890563930764936,7164,7164,7164
060402,4754,2416,27.177114009255362,4754,60.64366848969289,4754,12.179217501051745,4754,35.38073201514514,4754,16.617585191417753,4754,29.0,33.086033,96.77152317880795,2338,7.656710138830459,4754,23.453933529659235,4754,2.545225073622213,4754,64.8976760319112,44.814429413805065,20.083246618106138,44.81424148606811,223.1433506044905,14.505624629958556,3378,21.734104046242773,1730,89.96789727126806,1246,99.10793933987512,1121,93.79310344827586,145,26.81912681912682,481,16.514061478090255,3058,44.89862655330281,3058,27.50163505559189,3058,11.085676913015043,3058,38.58731196860693,3058,44.86592544146501,3058,14.816628318087433,21.734104046242773,6.91747572815534,1730,1648,0.25627948980470094,11.209626345788474,10.953346855983773,1579,1479,-0.95693562524702,5.6630778974034195,6.6200135226504395,1579,1479,14.62962962962963,2700,52.7037037037037,2700,0.7407407407407407,2700,23.11111111111111,2700,0.2962962962962963,2700,0.1111111111111111,2700,14.925925925925926,2700,79.44035346097202,78.43888070692195,3395,3395,2697,1.260659992584353,71.98622273249138,71.23995407577497,1742,1742,76.03703703703704,2700,4.666666666666667,2700,15.25925925925926,2700,15.309603038833473,87.29582577132486,71.98622273249138,1653,1742,5.814814814814815,2700,1.3333333333333333,2700,75.81481481481481,2700,1.1111111111111112,2700,3.5185185185185186,2700,3.3703703703703702,2700,1.4444444444444444,2700,1.8888888888888888,2700,0.2222222222222222,2700,1.3703703703703705,2700,3.259259259259259,2700,2.074074074074074,2700,92.00673117374842,4754,8.624316365166177,4754,13.840976020193521,4754,41.31257888094236,4754,38.78838872528397,4754,82.51998317206562,4754,99.14420196833547,4674,99.03722721437741,4674,10.044182621502209,3395,20.38938810440736,4674,1.3478818998716302,4674,6.048667439165701,4315,2.1109958,964,3.357014,12.674022,5531.0,79.27631578947368,304,37.63227513227513,1512,49.32672,6.125899280575539,3058,27.637444279346212,3365,24.338781575037146,3365,2.37741456166419,3365,5.260029717682021,3365,40.38632986627043,3365,0.6480117820324006,3395,0.14727540500736377,3395,0.17673048600883653,3395,0.0,3395,0.029455081001472753,3395,0.0,3395,0.0,3395,0.0,3395,0.0,3395,0.0,3395,5.006418485237484,4674,3.2734274711168165,4674,4.535729567821994,4674,3.7869062901155326,4674,9.34959349593496,4674,85.61479869423286,4595,5.5930359085963,4595,0.28291621327529926,4595,8.50924918389554,4595,91.49075081610447,4595,14.606741573033707,178,20.327868852459016,98.9997726756081,4399,0.5683109797681292,4399,2.108922363847045,4315,98.05013927576601,359,4.10783055198973,4674,10.398230088495575,904,44.59724950884087,1527,28.22527832351015,1527,27.701375245579566,1527,8.513425016371972,1527,1527,3.06090373280943,92.01277955271566,7.9872204472843435,4.02555910543131,1565,1565,1565
060501,30346,15392,24.691886904369603,30346,64.85533513477888,30346,10.452777960851513,30346,32.56442364726817,30346,15.023396823304553,30346,30.0,33.357773,97.1543659043659,14954,6.369867527845515,30346,23.7757859355434,30346,2.1650299874777565,30346,54.18931964839185,38.072252426197856,16.117067222193995,42.33284398772187,236.2232030264817,10.146791431992549,22549,13.9282015878495,11588,93.7037535315485,7433,96.05168700646088,6965,93.08176100628931,954,53.67160416010085,3173,10.840858335760753,20598,32.352655597630836,20598,29.988348383338188,20598,26.81813768327022,20598,56.80648606660841,20598,61.07874550927274,20598,7.779127598250011,13.9282015878495,6.149073989599489,11588,10961,3.258907333296392,28.39901942296813,25.14011208967174,10606,9992,-0.47109988575435047,8.381482179898171,8.852582065652522,10606,9992,28.97163120567376,16920,48.817966903073284,16920,1.0224586288416075,16920,11.98581560283688,16920,1.2352245862884161,16920,0.03546099290780142,16920,30.206855791962173,16920,75.96272743331566,74.11676382264618,22644,22644,17201,2.4300912737631535,68.40975442211918,66.85557272883393,11646,11646,41.755319148936174,16920,15.218676122931441,16920,38.835697399527184,16920,15.55096570881372,83.9607201309329,68.40975442211918,10998,11646,12.174940898345154,16920,4.621749408983452,16920,41.41252955082742,16920,6.684397163120567,16920,8.3628841607565,16920,12.4822695035461,16920,6.087470449172577,16920,4.426713947990543,16920,0.34278959810874704,16920,1.5307328605200945,16920,5.43144208037825,16920,2.5118203309692673,16920,82.05364792723917,30346,14.967376260462665,30346,29.196599222302776,30346,34.88762934159362,30346,51.28517761813748,30346,70.41125683780399,30346,99.12277787007808,30095,98.84698454892839,30095,10.6694930224342,22644,44.56554244891178,30095,2.448911779365343,30095,12.679205110007096,28180,1.7160476,6892,2.697534,11.797243,29829.0,95.19625073227886,1707,37.92025862068966,9280,49.51627,8.610010680648607,20598,28.390038896588724,22367,25.08159341887602,22367,3.5319890910716683,22367,5.2845710198059646,22367,37.71180757365762,22367,3.0604133545310015,22644,0.6315138668079845,22644,0.41070482246952833,22644,0.0,22644,0.12365306482953542,22644,0.0,22644,0.0,22644,0.0,22644,0.0,22644,0.0,22644,4.120285761754444,30095,2.442266157168965,30095,3.3959129423492276,30095,2.203023758099352,30095,7.728858614387772,30095,67.81161948208775,29812,11.894539111767074,29812,0.8352341339058097,29812,19.458607272239366,29812,80.54139272776064,29812,5.792163543441227,1174,21.239399525941533,94.87009358849001,28636,4.330213716999581,28636,8.502484031227821,28180,97.18015665796345,1915,2.980561555075594,30095,8.24990730441231,5394,47.578744375401754,9334,26.248125133919007,9334,19.15577458752946,9334,6.149560745661025,9334,9334,3.2242339832869082,76.02933312963104,23.97066687036896,20.204720800549996,13091,13091,13091
060502,9523,4832,24.719101123595507,9523,62.69032867793762,9523,12.59057019846687,9523,31.555182190486192,9523,18.15604326367741,9523,33.0,35.22535,97.08195364238411,4691,6.353040008400714,9523,20.09870839021317,9523,2.730232069725927,9523,59.5142378559464,39.43048576214405,20.083752093802346,50.93457943925234,196.3302752293578,13.870467052349372,7087,20.535226652102676,3662,91.74989144594008,2303,98.95882631329863,2113,90.94202898550725,276,37.028301886792455,848,13.673126812147109,6553,48.08484663512895,6553,23.80589043186327,6553,14.436136120860674,6553,38.24202655272394,6553,44.269800091561116,6553,13.790701104657419,20.535226652102676,6.744525547445256,3662,3425,3.0845313458570907,15.924506045414333,12.839974699557242,3391,3162,-0.6120997632793284,6.1111766440578,6.723276407337129,3391,3162,14.280664545775892,5658,53.65853658536585,5658,0.5302226935312832,5658,20.4135737009544,5658,0.3534817956875221,5658,0.07069635913750442,5658,14.634146341463415,5658,79.55661568682476,78.23768766661989,7127,7127,5670,1.657848324514991,71.71498238959632,70.8751015984828,3691,3691,74.53163662071404,5658,5.885471898197243,5658,15.889006716154118,5658,16.265227156387382,87.9802095459837,71.71498238959632,3436,3691,4.931071049840933,5658,1.9971721456344997,5658,74.44326617179215,5658,2.545068928950159,5658,3.199010250972075,5658,5.496641922940968,5658,1.9794980558501236,5658,1.67903852951573,5658,0.08837044892188052,5658,1.2371862849063273,5658,1.519971721456345,5658,2.032520325203252,5658,92.36585109734328,9523,9.755329202982253,9523,24.08904756904337,9523,43.33718366061115,9523,46.45594875564423,9523,81.33991389268088,9523,99.53537486800423,9470,99.38753959873284,9470,7.6750385856601655,7127,22.164730728616686,9470,1.1193241816261879,9470,7.158155788524406,8871,2.0199203,2008,3.428771,13.939744,12181.0,91.98542805100182,549,32.9619312906221,3231,51.432373,6.406531359682588,6553,30.920401526933407,7073,26.438569206842924,7073,2.205570479287431,7073,6.065318818040436,7073,34.3701399688958,7073,1.5153641083204714,7127,0.33674757962677143,7127,0.21046723726673214,7127,0.0,7127,0.0,7127,0.0,7127,0.0,7127,0.0,7127,0.0,7127,0.0,7127,5.269271383315734,9470,2.9778247096092927,9470,4.350580781414995,9470,3.1995776135163676,9470,9.387539598732841,9470,82.0254790707633,9341,6.102130392891554,9341,2.8690718338507653,9341,9.00331870249438,9341,90.99668129750562,9341,7.886435331230284,317,20.41535508637236,98.13643926788686,9015,1.29783693843594,9015,2.558899785818961,8871,97.9966611018364,599,4.308342133051743,9470,8.279506752789196,1703,42.32186732186732,3256,28.347665847665848,3256,23.832923832923832,3256,8.722358722358722,3256,3256,2.9084766584766584,95.17940290331416,4.8205970966858445,3.286770747740345,3651,3651,3651
060601,20864,10136,27.942868098159508,20864,62.356211656441715,20864,9.700920245398773,20864,35.410276073619634,20864,14.129601226993865,20864,30.0,32.476276,105.8405682715075,10728,7.270897239263804,20864,21.67848926380368,20864,2.3197852760736195,20864,60.368946963873945,44.811683320522675,15.557263643351268,34.716981132075475,288.04347826086956,10.017562820859228,14804,13.030133928571429,7168,94.83593329747175,5577,98.48742673473247,5289,92.84627092846272,657,42.80089988751406,1778,10.051890289103039,13490,38.10229799851742,13490,32.646404744255,13490,19.199406968124535,13490,51.84581171237954,13490,57.89473684210526,13490,5.840505851043927,13.030133928571429,7.189628077527502,7168,7636,2.529090492998037,20.506134969325153,17.977044476327116,6520,6970,-0.10058423040022557,7.790950920245399,7.891535150645624,6520,6970,21.984746363958852,11276,51.64952110677545,11276,0.8513657325292657,11276,14.677190493082653,11276,0.9400496630010642,11276,0.0354735721887194,11276,22.924796026959914,11276,75.7856567284448,74.86569970453935,14892,14892,11286,1.2138933191564771,66.0196866768335,65.22944683210869,7213,7213,61.058886129833276,11276,8.717630365377794,11276,25.762681802057468,11276,18.939292356894853,84.95897903372835,66.0196866768335,7679,7213,8.611209648811636,11276,3.219226676126286,11276,59.26747073430295,11276,3.405462930117063,11276,5.108194395175595,11276,8.460446967009577,11276,3.032990422135509,11276,2.6427811280595956,11276,1.7914153955303298,11276,1.5785739623980135,11276,3.503015253636041,11276,2.323518978361121,11276,90.69689417177914,20864,11.349693251533742,20864,17.623657975460123,20864,37.6006518404908,20864,40.17925613496933,20864,71.61138803680981,20864,99.36626191282473,20671,99.11953945140534,20671,36.71098576416868,14892,29.055198103623432,20671,0.9675390643897247,20671,8.35027365129007,19185,2.1210115,4231,3.1763492,10.75632,21327.0,91.11635220125787,1272,34.43472627146097,6174,49.936993,7.842920681986657,13490,22.895599890680515,14636,34.216999180103855,14636,3.4230664115878655,14636,4.639245695545231,14636,34.825088822082535,14636,1.0139672307279075,14892,0.24174053182917002,14892,16.27048079505775,14892,0.013430029546065002,14892,0.026860059092130004,14892,0.026860059092130004,14892,0.020145044319097503,14892,0.0,14892,0.0,14892,0.0,14892,4.213632625417251,20671,2.559140825310822,20671,3.1154757873349137,20671,2.4236853562962604,20671,7.846741812200667,20671,83.18041312987586,20381,8.915166086060546,20381,0.3925224473774594,20381,7.511898336686129,20381,92.48810166331387,20381,10.962566844919786,748,20.27037852994192,88.96406786611307,19509,9.698088061920139,19509,13.531404743289029,19185,97.57738896366084,1486,4.024962507861255,20671,5.790373808942096,4093,51.17543579082041,6253,25.53974092435631,6253,20.166320166320165,6253,6.684791300175916,6253,6253,3.305773228850152,95.8499215828206,4.150078417179401,2.4490288333936543,8289,8289,8289
070101,1610982,811152,25.789052888238356,1610982,68.28456183867976,1610982,5.926385273081884,1610982,34.347621512841236,1610982,9.095011614034172,1610982,28.0,30.085503,98.60420734954731,799830,7.068980286558136,1610982,27.482305823404605,1610982,0.9784715161311548,1610982,46.445986189743756,37.76703283117526,8.678953358568505,22.980236221799128,435.1565364029621,1.349714336269936,1175508,1.9112417714144128,597308,94.81240428790198,402248,76.66506721624832,381381,83.00642381959932,52461,58.88366580684998,200818,1.7379949365279774,1063697,11.633200056030994,1063697,45.99242077396101,1063697,40.63638423348002,1063697,86.62880500744103,1063697,88.96330439965517,1063697,1.1416118855617667,1.9112417714144128,0.7696298858526461,597308,578200,2.402032516063848,41.81579749360472,39.41376497754087,541415,522282,-0.2261474484818251,11.850506543039996,12.076653991521821,541415,522282,46.915067507110614,800212,37.849969758014126,800212,2.3819937716505124,800212,4.499182716580107,800212,1.8928733885520337,800212,0.033990992387017444,800212,48.80794089566265,800212,69.34249647046299,67.2606821828296,1183583,1183583,820726,3.00221998571996,61.04148035359865,59.13551844624044,601586,601586,5.044163296726367,800212,18.16906019904725,800212,68.7559046852584,800212,16.881429901952494,77.92291025555114,61.04148035359865,581997,601586,23.961025328288002,800212,7.760318515593368,800212,4.561166290932903,800212,9.613577401988474,800212,8.27880611637916,800212,23.92416009757414,800212,7.601860506965654,800212,7.704458318545585,800212,0.4829970057934647,800212,1.8521341844411232,800212,4.144901601075715,800212,5.292847395440209,800212,65.4151939624403,1610982,22.986476571432828,1610982,31.33579394431471,1610982,11.82334749860644,1610982,46.206227009364476,1610982,51.03073777360641,1610982,98.5403554320355,1596142,98.11633300796545,1596142,9.941423626395444,1183583,33.27893132315295,1596142,2.4890642561877327,1596142,7.480877849448159,1483489,1.6431423,385770,2.1051,7.367235,1.143794e+06,98.6626158225165,99074,37.79432387312187,449250,45.119225,11.961546380219179,1063697,26.4562505736338,1154918,22.205905527491996,1154918,5.846908611693644,1154918,3.4758311845516303,1154918,42.01510410262893,1154918,3.427051588270531,1183583,1.5720063569686282,1183583,0.9958743915720317,1183583,0.8911922526768296,1183583,0.2531296917917882,1183583,0.22034787589885965,1183583,0.07291419359690025,1183583,0.008110964757013239,1183583,0.0044779284596010585,1183583,0.034809557082181815,1183583,2.6951236168210597,1596142,0.8506135419029134,1596142,1.7269140214341832,1596142,0.8128349482690137,1596142,4.520023907647315,1596142,44.54334693629484,1579558,16.44928517977814,1579558,3.379932867295788,1579558,35.62743501663123,1579558,64.37256498336876,1579558,5.974736408687852,68003,21.679904441344966,93.62649766044375,1509688,4.816160690155847,1509688,14.782650899332587,1483489,95.8332223731281,112653,2.325231714972728,1596142,6.41752603906978,290813,49.824589204202816,454362,16.910084910269784,454362,17.412547704253438,454362,2.6657158829303507,454362,454362,3.5129302186362414,97.12109587092662,2.8789041290733763,0.0,731181,731181,731181
070102,106603,52124,32.355562226203766,106603,63.813401123795764,106603,3.831036650000469,106603,41.701453054792076,106603,6.220275226775982,106603,24.0,26.795671,104.51807228915662,54479,9.211748262244027,106603,27.13901109724867,106603,0.6472613341087962,106603,56.70689579137695,50.70339718053126,6.003498610845694,11.840426765626813,844.564152791381,2.481816115467667,70392,3.4870216596016492,34442,91.99566831683168,32320,86.46621598896849,29733,75.01734906315059,4323,43.565609428142054,12643,2.982721451784163,62158,19.87033044821262,62158,55.5551980436951,62158,21.59175005630812,62158,77.14694810000321,62158,81.18826217059751,62158,1.9682455817156965,3.4870216596016492,1.5187760778859527,34442,35950,3.749712347288636,23.507929196551952,19.758216849263317,30394,31764,-0.17047295703225274,9.987662038560241,10.158134995592494,30394,31764,45.4103863072529,47967,36.93164050284571,47967,1.7366105864448476,47967,5.172305960347739,47967,2.1952592407280007,47967,0.0917297308566306,47967,47.605645547980906,47967,68.63157304630563,66.62462159434914,71352,71352,48970,2.9242393302021648,56.637092157985116,54.87979393245564,34940,34940,11.345299893676902,47967,23.78510225780224,47967,57.21225008860258,47967,23.5040700962168,80.14116225420192,56.637092157985116,36412,34940,12.562803594137636,47967,9.074989054975296,47967,11.182688098067421,47967,12.80463652094148,47967,10.70110701107011,47967,19.369566577021704,47967,9.637876039777346,47967,7.528092230074843,47967,0.16261179560948152,47967,1.1445368690975046,47967,3.12923468217733,47967,3.173014780995268,47967,79.05312233239215,106603,17.106460418562328,106603,19.828710261437294,106603,13.088749847565266,106603,45.08597319024793,106603,55.17762164291812,106603,98.91477272727273,105600,98.41193181818181,105600,15.811750196210337,71352,57.53693181818182,105600,1.2424242424242424,105600,21.766607571175307,95890,2.17994,23619,2.6000826,8.701765,81110.0,97.95183714001986,8056,33.68501196432456,27582,43.023964,10.074777180732971,62158,23.337200870195794,68950,31.477882523567803,68950,4.374184191443074,68950,2.828136330674402,68950,37.982596084118924,68950,6.501569682699854,71352,1.0287027693687634,71352,0.9656351608924767,71352,1.639757820383451,71352,0.2999215158650073,71352,0.2788989797062451,71352,0.1303397241843256,71352,0.007007512052920731,71352,0.012613521695257316,71352,0.07988563740329634,71352,2.179924242424242,105600,0.7225378787878788,105600,1.4535984848484849,105600,0.8096590909090909,105600,3.759469696969697,105600,65.64850301126704,104109,11.66565810832877,104109,1.1286248066929851,104109,21.557214073711208,104109,78.44278592628879,104109,10.064328698900187,4819,20.200389736927573,91.3834072714293,98055,7.504971699556371,98055,13.099384711648764,95890,95.11843460350154,9710,2.7945075757575757,105600,8.861249784816664,23236,59.72899340407227,27896,12.385288213363923,27896,15.288930312589619,27896,2.5630914826498423,27896,27896,3.7854889589905363,76.80381633870006,23.19618366129994,16.269131385410454,40248,40248,40248
070103,23126,11143,26.057251578310126,23126,66.61765977687452,23126,7.325088644815359,23126,34.048257372654156,23126,11.294646717979763,23126,30.0,32.05747,107.53836489275778,11983,6.901323186024388,23126,22.714693418662975,23126,1.1502205310040647,23126,50.1103466182007,39.1146306633779,10.995715954822796,28.11151676070362,355.72609208972847,2.3312518584597086,16815,2.6801081878534547,8134,96.22447228419426,5827,57.39254503299447,5607,90.76479076479076,693,53.588110403397025,2355,2.5288259958071277,15264,15.723270440251572,15264,34.74842767295598,15264,46.99947589098532,15264,81.74790356394129,15264,84.32914046121593,15264,0.6757308119750998,2.6801081878534547,2.004377375878355,8134,8681,4.865283944772003,49.51785956811082,44.65257562333882,7363,7901,0.2996766844928054,12.304359636017928,12.004682951525123,7363,7901,42.18655621710243,11589,36.12908792820778,11589,5.5915091897488995,11589,4.745879713521442,11589,3.874363620674778,11589,0.017257744412805247,11589,46.060919837777206,11589,69.60969840331165,68.19633353045535,16910,16910,11771,2.0304137286551693,58.783949106924396,57.54832395400049,8174,8174,21.3823453274657,11589,13.573215980671327,11589,56.70894814047804,11589,20.955061882086596,79.73901098901099,58.783949106924396,8736,8174,30.75330054361895,11589,9.80239882647338,11589,20.191560962982138,11589,4.996117007507118,11589,8.257830701527311,11589,13.081370264906377,11589,3.753559409785141,11589,5.9021485891793946,11589,1.190784364483562,11589,2.148589179394253,11589,3.0805073776857363,11589,4.581931141599793,11589,62.06866730087348,23126,16.51820461817867,23126,40.962552970682346,23126,8.02127475568624,23126,37.35189829628989,23126,46.20773155755427,23126,97.51289448378354,22878,96.9315499606609,22878,7.386162034299232,16910,68.88276947285601,22878,5.6123787044322055,22878,27.57439218999343,21306,1.7716073,5276,2.267928,7.3358417,17544.0,98.390636430139,1367,27.773561997268175,6589,48.504326,12.14924004192872,15264,33.90766644653899,16657,22.849252566488563,16657,5.15098757279222,16657,3.2598907366272436,16657,34.83220267755298,16657,2.7912477823772917,16910,0.34299231224127735,16910,0.6268480189237138,16910,0.4612655233589592,16910,0.08279124778237729,16910,0.1360141927853341,16910,0.011827321111768185,16910,0.0,16910,0.017740981667652277,16910,0.02956830277942046,16910,1.9101320045458519,22878,0.7867820613690008,22878,1.2588512981904012,22878,0.7955240842731008,22878,3.4749541043797536,22878,52.567895782733494,22645,14.789136674762641,22645,14.625745197615368,22645,18.017222344888495,22645,81.9827776551115,22645,7.424071991001125,889,22.10205680705191,94.54830817522965,21663,3.0328209389281264,21663,22.158077536844083,21306,96.18320610687023,1572,4.388495497858204,22878,5.657315093902156,4313,47.822168819465304,6658,20.276359267047162,6658,18.879543406428358,6658,4.535896665665365,6658,6658,3.436167017122259,67.26220688254999,32.73779311745001,25.18526037965689,9851,9851,9851
070104,147726,73903,29.968319727062266,147726,66.0655537955404,147726,3.966126477397344,147726,38.93288926796908,147726,6.212853526122687,147726,26.0,27.599041,99.8917499966172,73823,8.262594262350568,147726,27.66405372107821,147726,0.6464671080243153,147726,51.36481003319808,45.36149022500922,6.00331980818886,13.234397235210409,755.6067588325653,2.7556043697413064,101974,3.918869131876442,51571,94.35609825358512,42258,85.61683344619166,39873,79.9964875307341,5694,52.025093550517276,18172,3.1213011266494237,91244,19.905966419709788,91244,48.13905571873219,91244,28.833676734908597,91244,76.97273245364079,91244,80.5357064574109,91244,2.3534861189605443,3.918869131876442,1.5653830129158979,51571,50403,2.969163850690645,30.298245993468434,27.32908214277779,46237,45007,-0.28558504412301033,10.332785431580769,10.61837047570378,46237,45007,43.598929437675984,71738,40.46391034040536,71738,1.872090105662271,71738,4.643285288131813,71738,2.5007666787476652,71738,0.03345507262538682,71738,46.09969611642365,71738,71.33320989699563,69.4192969975735,102617,102617,73200,2.6830601092896176,61.46559359236012,59.61916130771304,51938,51938,8.634196660068582,71738,19.265939948144638,71738,65.56357857760183,71738,19.980370219080513,81.44596381144063,61.46559359236012,50679,51938,15.252725194457609,71738,9.21826646965346,71738,7.926064289497895,71738,8.650924196381276,71738,10.379436282026262,71738,23.955225961136357,71738,10.80041261256238,71738,7.668181438010539,71738,0.7081323705706878,71738,1.3340210209372996,71738,3.4096294850706736,71738,3.97836571970225,71738,77.66676143671391,147726,16.768206003005563,147726,26.464535694461368,147726,15.920691009030232,147726,52.159403219473894,147726,59.15072499086146,147726,99.19665568717309,146637,98.86658892366866,146637,16.13475350088192,102617,68.32654786991004,146637,1.4109672183691702,146637,18.997926282694493,134541,1.8317964,36111,2.2387478,8.362383,106142.0,98.56549641374103,10596,34.75556443756089,40031,42.73011,10.473653062119153,91244,25.15355162924261,100292,29.21170183065449,100292,4.477924460575121,100292,2.8696207075340006,100292,38.28720137199378,100292,8.254967500511611,102617,1.3730668407768694,102617,1.2493056706003878,102617,0.41416139625987897,102617,0.20074646501067075,102617,0.15397058966837854,102617,0.041903388327470106,102617,0.0038979896118576845,102617,0.0019489948059288422,102617,0.010719471432608632,102617,2.2497732495891216,146637,0.7835675852615642,146637,1.449838717376924,146637,0.8538090659246984,146637,3.9069266283407327,146637,59.20574631032557,145067,12.432875843575728,145067,1.3159436674088525,145067,27.045434178689845,145067,72.95456582131015,145067,6.672732787382469,6594,20.972775101419877,87.69153497310322,137377,11.318488538838379,137377,19.321247798068992,134541,96.60218253968254,12096,2.6896349488873885,146637,5.936479667557139,30321,59.20759205114228,40358,12.08682293473413,40358,14.245007185688092,40358,1.9624361960453938,40358,40358,3.633406016155409,65.99231669716904,34.007683302830955,23.65830736508879,60651,60651,60651
070105,55697,27433,28.644271684291795,55697,64.92450221735461,55697,6.431226098353592,55697,38.21929367829506,55697,9.603748855414116,55697,26.0,29.430096,103.02919841067327,28264,7.858592024705101,55697,26.963750291757187,55697,1.1795967466829451,55697,54.02505461685241,44.119355106330026,9.905699510522386,22.452049642722827,445.393634840871,6.069430607709403,39147,8.50401866735805,19285,94.23970466552097,15711,88.92340942861003,14806,83.45,2000,47.18320728507486,6479,6.340887493880842,34727,28.940017853543353,34727,41.9356696518559,34727,22.7834250007199,34727,64.7190946525758,34727,68.94347337806317,34727,4.798450245245473,8.50401866735805,3.705568422112577,19285,19862,5.602615407463304,25.614014666511466,20.01139925904816,17182,17545,-0.130781210488923,9.059073448958213,9.189854659447136,17182,17545,35.417114984577864,27882,46.901226597805035,27882,1.4848289218850872,27882,6.49881644071444,27882,2.212897209669321,27882,0.050211606054085076,27882,37.630012194247186,27882,71.61980579570519,70.0605937682225,39443,39443,28249,2.1770682148040637,61.315708260467034,59.88581421664438,19442,19442,25.396313033498313,27882,14.79449106950721,27882,53.934437988666524,27882,20.320209943622757,81.63591820408979,61.315708260467034,20001,19442,12.990459794849723,27882,6.473710637687397,27882,24.940822035721972,27882,6.509576070583172,27882,8.134280180761781,27882,19.614805250699376,27882,9.429022308299261,27882,6.0469119862276735,27882,0.45549099777634316,27882,0.9504339717380389,27882,4.063553547091313,27882,3.959543791693566,27882,85.33134639208575,55697,12.187370953552255,55697,32.43980824820008,55697,20.8341562382175,55697,50.74959153993932,55697,64.68750561071512,55697,99.24795719140936,55316,98.85385783498445,55316,16.986537535177344,39443,49.39077301323306,55316,1.2672644442837515,55316,9.971554683668465,50975,1.8917851,12660,2.6103897,11.241114,46837.0,97.96026490066225,3775,35.90862267466521,16503,45.53881,9.125147579693035,34727,24.839394881359446,38604,28.19396953683556,38604,4.204227541187442,38604,4.165371464096984,38604,38.597036576520566,38604,9.469360849833938,39443,0.48677838906776866,39443,0.5070608219455923,39443,0.16225946302258956,39443,0.2459244986436123,39443,0.065917906852927,39443,0.022817736987551657,39443,0.007605912329183885,39443,0.002535304109727962,39443,0.005070608219455924,39443,2.6285342396413336,55316,1.1949526357654205,55316,1.872875840624774,55316,1.2256851543857112,55316,4.759924795719141,55316,63.54233409610984,54625,8.646224256292907,54625,0.7066361556064074,54625,27.104805491990845,54625,72.89519450800915,54625,8.742088607594937,2528,20.502287955548294,86.6380719739955,51991,12.380989017329922,51991,21.035801863658655,50975,97.30476848652384,4341,2.2742063779015114,55316,7.58458728363921,11497,52.72137450438544,16646,17.451640033641716,16646,19.19380031238736,16646,4.613721014057432,16646,16646,3.3230806199687613,82.46767103410012,17.53232896589988,10.533054500448124,23431,23431,23431
070201,151248,74429,31.648682957791177,151248,64.34729715434254,151248,4.004019887866286,151248,41.395588701999365,151248,6.426531259917486,151248,24.0,27.077707,103.21111394752046,76819,8.583915159208717,151248,27.64929123029726,151248,0.63802496561938,151248,55.40668283260039,49.184168344909786,6.2225144876906,12.651458176652461,790.4227212681639,2.8043863733172194,100949,3.9930520893645056,50087,92.97391683946306,45815,87.47065452155132,42596,75.55856465809073,5908,44.974602831514105,18506,3.423425449148922,88946,21.039731972207857,88946,52.93548894835069,88946,22.601353630292536,88946,75.53684257864322,88946,79.22897038652665,88946,2.359219365523524,3.9930520893645056,1.6338327238409815,50087,50862,2.133317670132346,23.67415247529231,21.540834805159964,44217,44729,-0.3983958621878454,9.762014609765474,10.16041047195332,44217,44729,45.34489091309777,68065,37.03224858591053,68065,1.757143906559906,68065,5.308161316388746,68065,2.4652905311099684,68065,0.04260633218247264,68065,47.81018144420774,68065,68.34854739236584,66.18654952985126,101989,101989,69708,3.163195042175934,56.86379078770641,54.9814331990203,50628,50628,10.61485344890913,68065,23.036803055902446,68065,58.45882612208918,68065,22.805608172594205,79.66939896030061,56.86379078770641,51361,50628,12.54389186806729,68065,10.011018879012708,68065,10.40622933960185,68065,11.581576434290751,68065,11.143759641519136,68065,20.27179901564681,68065,9.468890031587453,68065,7.409094248145156,68065,0.20862410930727981,68065,1.3031660912363183,68065,2.8649085433041943,68065,3.199882465290531,68065,76.73291547656828,151248,17.715936739659366,151248,22.990717232624565,151248,13.23984449381149,151248,42.22402940865334,151248,52.8099545117952,151248,98.90270910416903,149459,98.45241838898963,149459,18.857916049770072,101989,66.15861206083274,149459,1.3729517794177668,149459,18.693962393963126,136627,2.1114275,34408,2.5484662,9.235639,115574.0,97.83141275746303,11021,37.00301242313342,40167,43.171234,9.962359184224136,88946,22.807869316745055,98865,30.5649117483437,98865,4.916805745208112,98865,3.013199817933546,98865,38.697213371769585,98865,7.962623420172764,101989,2.5708654854935338,101989,2.4551667336673564,101989,0.7353734226240085,101989,0.31866181647040365,101989,0.20590455833472238,101989,0.09412779809587309,101989,0.017648962142976204,101989,0.00784398317465609,101989,0.04118091166694447,101989,2.3203687967937694,149459,0.7420095143149626,149459,1.4746519112264902,149459,0.8216300122441607,149459,3.9803558166453676,149459,65.35846137140996,147352,12.254329768174168,147352,1.1733807481405072,147352,21.21382811227537,147352,78.78617188772463,147352,9.681045384291133,7117,20.24202324608004,89.20301484495901,139576,9.635610706711756,139576,16.984197852547446,136627,95.19950124688279,12832,3.5173525849898635,149459,8.26322565192659,33401,58.81166195103949,40645,12.46647804157953,40645,16.28736621970722,40645,2.590724566367327,40645,40645,3.6771804650018454,75.81808677469942,24.181913225300576,13.67137131904513,57390,57390,57390
070202,10665,5163,31.561181434599156,10665,61.74402250351618,10665,6.694796061884669,10665,40.93764650726676,10665,9.854664791373652,10665,25.0,28.633286,106.56595002905287,5502,8.92639474917956,10665,25.700890764181903,10665,1.1439287388654478,10665,61.958997722095674,51.11617312072893,10.842824601366743,21.21212121212121,471.42857142857144,3.426183844011142,7180,4.69661610268378,3428,95.68457000931387,3221,89.77936404931863,3082,92.56756756756756,444,42.62574595055413,1173,4.536147424791306,6349,25.21656953851,6349,51.456922349976374,6349,18.79036068672232,6349,70.24728303669869,6349,74.78343046149,6349,2.43115768050894,4.69661610268378,2.26545842217484,3428,3752,4.878099256192446,21.355031550979742,16.476932294787296,3011,3338,0.056109722708367116,9.343407505812023,9.287297783103655,3011,3338,48.529411764705884,4284,31.746031746031747,4284,1.6339869281045751,4284,6.979458450046685,4284,2.0541549953314657,4284,0.04668534080298786,4284,50.58356676003735,4284,60.583840619811845,58.81294964028777,7228,7228,4379,2.9230417903630967,44.386574074074076,43.229166666666664,3456,3456,41.57329598506069,4284,11.507936507936508,4284,40.68627450980392,4284,31.037604080750953,75.42417815482503,44.386574074074076,3772,3456,8.473389355742297,4284,8.333333333333334,4284,41.50326797385621,4284,5.205415499533147,4284,6.139122315592904,4284,13.025210084033613,4284,4.6685340802987865,4284,5.508870214752568,4284,0.0700280112044818,4284,3.2679738562091503,4284,3.081232492997199,4284,2.7777777777777777,4284,84.98827941865916,10665,15.6586966713549,10665,23.919362400375057,10665,13.548992030004689,10665,46.86357243319269,10665,59.971870604782,10665,98.2127659574468,10575,97.72104018912529,10575,12.908135030437188,7228,50.420803782505914,10575,2.42080378250591,10575,11.242603550295858,9633,2.1642256,2253,2.8771288,10.693365,9389.0,98.4869325997249,727,32.46255660048764,2871,46.116337,9.313907702000314,6349,20.706783990916833,7046,34.04768663071246,7046,3.690036900369004,7046,3.647459551518592,7046,37.90803292648311,7046,5.105146651909242,7228,0.3597122302158273,7228,1.4111787493082457,7228,2.0337576092971776,7228,0.20752628666297732,7228,0.24903154399557278,7228,0.16602102933038185,7228,0.02767017155506364,7228,0.0,7228,0.0,7228,2.486997635933806,10575,0.851063829787234,10575,1.872340425531915,10575,1.1725768321513002,10575,4.4349881796690305,10575,76.46720919100048,10445,8.654858784107228,10445,2.575394925801819,10445,12.302537099090474,10445,87.69746290090953,10445,10.860655737704919,488,19.71526508226691,91.95857447456595,9849,3.9496395573154635,9849,11.637080867850099,9633,93.84288747346072,942,3.631205673758865,10575,5.644118914261094,2321,57.13310580204778,2930,19.146757679180887,2930,17.133105802047783,2930,4.061433447098976,2930,2930,3.6092150170648463,91.78006109414052,8.219938905859479,2.527075812274368,3601,3601,3601
070301,67103,31982,34.043187338867114,67103,61.204417090145,67103,4.7523955709878845,67103,43.580763900272714,67103,7.476565876339359,67103,23.0,26.759207,109.81489587893189,35121,10.938408118862048,67103,26.690311908558485,67103,0.8524209051756255,67103,63.38690041392744,55.62210859508157,7.764791818845873,13.95990194361758,716.3374098463469,3.679201485608171,43080,5.4731760185230796,20299,82.83548818546589,20187,82.63963640712834,16722,57.6844262295082,2928,29.04884318766067,7780,4.470631754168098,37847,31.896847834702882,37847,47.53084788754723,37847,16.10167252358179,37847,63.63252041112902,37847,70.15351282796523,37847,3.3924947490441277,5.4731760185230796,2.080681269478952,20299,22781,2.506816695554974,17.427641911599732,14.920825216044758,17828,20019,-0.2834888020840598,8.557662104554634,8.841150906638694,17828,20019,31.966319960376424,30285,45.293049364371804,30285,1.1622915634802709,30285,8.56529635132904,30285,2.106653458807991,30285,0.2212316328215288,30285,34.072973419184414,30285,70.33196928594418,68.81465814520207,43498,43498,30593,2.1573562579675087,56.24878048780488,55.06341463414634,20500,20500,45.53079082053822,30285,13.01964668978042,30285,34.14231467723295,30285,26.636687813786565,82.88546830159144,56.24878048780488,22998,20500,8.083209509658246,30285,7.317153706455341,30285,45.48456331517253,30285,6.944031698860822,30285,5.894006934125805,30285,12.491332342743933,30285,4.176985306257223,30285,4.101040118870728,30285,0.04622750536569259,30285,0.79247152055473,30285,3.3614000330196467,30285,1.885421825986462,30285,81.1677570302371,67103,10.841542106910273,67103,17.83675841616619,67103,22.151021563864507,67103,46.52847115628213,67103,67.98205743409386,67103,97.7225892478332,65996,96.60737014364507,65996,59.07857832544025,43498,32.761076428874475,65996,1.5319110249106007,65996,13.948308110865499,58810,2.574831,13310,3.2826443,8.851176,59687.0,91.24168514412416,5412,33.276079239665634,17466,43.050213,8.70761222818189,37847,24.656787196206285,42175,32.898636633076464,42175,3.4665085951393007,42175,2.959098992294013,42175,36.018968583283936,42175,7.535978665685779,43498,0.8069336521219367,43498,0.3057611844222723,43498,40.9903903627753,43498,0.14943215780035865,43498,0.05057703802473677,43498,0.05287599429858844,43498,0.013793737643110027,43498,0.0022989562738516714,43498,0.027587475286220055,43498,1.8031395842172253,65996,0.6288259894539063,65996,1.0758227771380084,65996,0.8061094611794655,65996,3.121401297048306,65996,62.66278511590455,64579,6.85516963718856,64579,0.7448241688474582,64579,29.73722107805943,64579,70.26277892194057,64579,16.82082905104488,2919,19.430592592592593,85.23631181227628,60344,5.7354500861726105,60344,13.144023125318823,58810,88.38018369050933,7186,3.869931511000667,65996,13.153846153846153,14300,57.54139769856862,17815,14.044344653381982,17815,18.787538591074938,17815,2.469828795958462,17815,17815,3.7045186640471512,97.04321157551213,2.9567884244878684,0.6998781111154799,25433,25433,25433
070302,15239,7075,30.71067655357963,15239,63.28499245357307,15239,6.0043309928473,15239,38.696764879585274,15239,9.232889297197978,15239,27.0,29.230528,115.39222614840989,8164,9.895662445042326,15239,24.168252510007218,15239,1.2074283089441564,15239,58.01534632932393,48.527581916217336,9.487764413106595,19.55128205128205,511.4754098360656,3.7487733071638862,10190,5.546001719690456,4652,79.82940291018565,3986,98.05153991200503,3182,58.845437616387336,537,27.03448275862069,1450,3.572599147820387,9153,36.239484322080195,9153,46.017699115044245,9153,14.170217415055173,9153,60.18791653009942,9153,65.33377034851961,9153,3.306926241178358,5.546001719690456,2.239075478512098,4652,5538,1.8239647266245917,15.170578272441325,13.346613545816734,4133,5020,-0.33669555988482536,8.317686910234697,8.654382470119522,4133,5020,26.07612456747405,7225,50.14532871972318,7225,0.8027681660899654,7225,8.622837370242214,7225,1.7854671280276817,7225,0.06920415224913495,7225,27.86159169550173,7225,70.88656978445333,69.72593387301278,10253,10253,7268,1.6373142542652723,56.033376123234916,55.17757809157039,4674,4674,54.69896193771626,7225,14.380622837370241,7225,24.830449826989618,7225,27.29696981689773,83.33034594013264,56.033376123234916,5579,4674,6.782006920415225,7225,4.982698961937716,7225,54.57439446366782,7225,8.318339100346021,7225,6.006920415224913,7225,8.55363321799308,7225,3.0726643598615917,7225,2.422145328719723,7225,0.1245674740484429,7225,0.5397923875432526,7225,3.3910034602076125,7225,1.7439446366782008,7225,84.53310584684034,15239,10.847168449373319,15239,19.922567097578582,15239,26.609357569394316,15239,30.874729312947043,15239,58.88181639215171,15239,97.1395881006865,14858,96.0290752456589,14858,64.82005266751194,10253,39.399650020191146,14858,1.1980078072418898,14858,16.132406784726893,13383,2.4934628,2677,3.4029965,9.735262,12994.0,95.47790339157245,973,28.939498504715896,4347,45.46906,8.502348956626243,9153,25.38344337227019,9845,32.55459624174708,9845,3.219908583037075,9845,3.037074657186389,9845,35.80497714575927,9845,3.823271237686531,10253,0.39012971813127867,10253,0.38037647517799666,10253,41.51955525212133,10253,0.009753242953281966,10253,0.06827270067297377,10253,0.07802594362625573,10253,0.0,10253,0.0,10253,0.029259728859845898,10253,1.8979674249562526,14858,0.7605330461704133,14858,1.0566698075111052,14858,0.7605330461704133,14858,3.0084802799838473,14858,71.62479293208172,14488,5.832413031474323,14488,0.4003313086692435,14488,22.14246272777471,14488,77.85753727222529,14488,17.22972972972973,592,19.3715564738292,84.8990342405619,13668,5.736025753585016,13668,12.672793842935066,13383,81.22033898305085,1475,4.717997038632387,14858,10.24940211820977,2927,48.05341783612494,4418,15.731100045269352,4418,24.490719782707107,4418,3.598913535536442,4418,4418,3.363060208239022,95.4874267998622,4.512573200137794,1.1712022046159145,5806,5806,5806
070303,8842,3908,30.174168740104047,8842,65.27934856367338,8842,4.546482696222574,8842,38.373671115132325,8842,7.6566387695091604,8842,26.0,28.54128,126.25383828045035,4934,9.579280705722686,8842,25.72947296991631,8842,0.7125084822438362,8842,53.18780318780319,46.22314622314622,6.964656964656965,15.067466266866568,663.681592039801,2.6486756621689156,6003,3.634232121922626,2559,82.92581848321592,2413,91.60419790104947,2001,63.172804532577906,353,26.321467098166128,927,4.463789590664938,5399,31.283571031672533,5399,51.546582700500096,5399,12.706056677162438,5399,64.25263937766253,5399,70.5501018707168,5399,1.717855815302417,3.634232121922626,1.916376306620209,2559,3444,2.941986519233396,14.411635081533715,11.46964856230032,2269,3130,-0.037567886093578196,8.596297928602908,8.633865814696486,2269,3130,27.368657386618768,4454,50.51638976201168,4454,0.9205208801077683,4454,9.76650202065559,4454,1.5267175572519085,4454,0.0449034575662326,4454,28.895374943870678,4454,73.59947428946936,72.31805487103664,6087,6087,4480,1.7410714285714286,56.874039938556066,55.99078341013825,2604,2604,60.4625056129322,4454,10.529860799281545,4454,23.080377189043556,4454,29.229893452199036,86.1039333907551,56.874039938556066,3483,2604,6.017063313875169,4454,5.545577009429726,4454,60.3277952402335,4454,4.557700942972609,4454,5.904804669959587,4454,8.509205208801077,4454,3.0085316569375844,4454,2.3574315222272113,4454,0.1347103726986978,4454,0.5612932195779075,4454,2.559497081275258,4454,1.3022002694207453,4454,88.4302194073739,8842,8.753675638995702,8842,8.063786473648495,8842,19.54308979868808,8842,33.4087310563221,8842,59.55666138882606,8842,96.1410740867972,8733,94.5723119203023,8733,47.281090849351074,6087,53.26920874842551,8733,3.458147257528913,8733,24.556512924480487,7892,2.4864213,1657,3.077567,8.862782,6894.0,94.22776911076443,641,30.149878006273962,2869,42.46741,8.618077421744768,5399,22.66279268501111,5851,29.80687062040677,5851,4.20440950264912,5851,2.990941719364211,5851,40.33498547256879,5851,4.468539510432068,6087,0.34499753573188763,6087,0.3614259898143585,6087,26.41695416461311,6087,0.032856908164941676,6087,0.032856908164941676,6087,0.04928536224741252,6087,0.0,6087,0.0,6087,0.032856908164941676,6087,1.328294973090576,8733,0.4694835680751174,8733,0.8015573113477613,8733,0.5496392992098935,8733,2.3703194778426657,8733,67.04824202780048,8561,5.151267375306623,8561,0.7242144609274618,8561,27.076276135965426,8561,72.92372386403457,8561,10.703363914373089,327,19.72045028142589,82.46070058175516,8079,5.569996286669142,8079,12.949822605169793,7892,84.0665873959572,841,3.7444177258673994,8733,15.389185977421272,1683,42.447026657552975,2926,11.4149008885851,2926,36.021872863978125,2926,3.1784005468215994,2926,2926,2.984620642515379,96.7557251908397,3.244274809160302,0.9541984732824428,3668,3668,3668
070401,13651,6270,28.715844993040804,13651,63.19683539667424,13651,8.087319610284961,13651,38.58325397406784,13651,11.676800234415062,13651,27.0,30.412718,117.71929824561404,7381,8.131272434253901,13651,25.324152076770932,13651,1.4943960149439601,13651,58.23577141532398,45.4387388431668,12.797032572157182,28.163265306122447,355.07246376811594,5.575313807531381,9560,7.945332406763956,4317,92.59357578975312,3767,90.76834862385321,3488,85.30020703933748,483,37.20472440944882,1524,5.693274819119915,8431,27.30399715336259,8431,46.5306606570988,8431,20.472067370418692,8431,67.00272802751749,8431,71.01174237931444,8431,4.32145294843857,7.945332406763956,3.623879458325386,4317,5243,0.38256017589965907,20.68152031454784,20.29896013864818,3815,4616,-0.3529251495169792,8.949934469200524,9.302859618717504,3815,4616,38.201550387596896,6450,42.15503875968992,6450,1.2093023255813953,6450,8.294573643410853,6450,1.550387596899225,6450,0.046511627906976744,6450,39.751937984496124,6450,67.78020605682173,66.4793422832761,9609,9609,6513,1.919238446184554,56.46164478230823,55.286800276434,4341,4341,39.1937984496124,6450,14.55813953488372,6450,40.031007751937985,6450,20.64541672110863,77.10706150341686,56.46164478230823,5268,4341,10.418604651162791,6450,7.286821705426356,6450,37.70542635658915,6450,6.682170542635659,6450,7.627906976744186,6450,12.651162790697674,6450,3.9844961240310077,6450,7.596899224806202,6450,1.4883720930232558,6450,1.7364341085271318,6450,3.193798449612403,6450,2.7286821705426356,6450,87.59065269943594,13651,13.889092374185042,13651,21.331770566258882,13651,17.3613654677313,13651,50.040290088638194,13651,66.35411325177643,13651,98.99214465688455,13494,98.68089521268712,13494,23.540430846081797,9609,55.558025789239665,13494,1.2820512820512822,13494,15.97323012417352,12402,2.283549,2705,3.136918,9.809113,12468.0,97.7124183006536,918,35.575126768081134,3747,48.40192,9.143162139722453,8431,21.670212765957448,9400,32.09574468085106,9400,3.6808510638297873,9400,4.351063829787234,9400,38.202127659574465,9400,16.890415235716517,9609,0.9470288271412217,9609,0.9158080965761265,9609,0.38505567696950777,9609,0.14569674263711105,9609,0.13528983244874596,9609,0.07284837131855552,9609,0.0,9609,0.020813820376730147,9609,0.020813820376730147,9609,2.9049948125092633,13494,1.252408477842004,13494,2.156514006224989,13494,1.2746405809989625,13494,5.180080035571365,13494,75.97319478954898,13281,9.773360439725923,13281,0.7604849032452375,13281,13.492959867479858,13281,86.50704013252015,13281,16.637478108581437,571,19.84977655551736,88.4368816778789,12635,10.225563909774436,12635,19.037252056119982,12402,95.6959706959707,1092,5.031866014524974,13494,7.249003262051468,2759,52.02297050378491,3831,23.544766379535368,3831,20.43852779953015,3831,6.369094231271209,3831,3831,3.5223179326546594,90.78332398579174,9.21667601420826,3.0846887268648344,5349,5349,5349
070402,18942,9135,30.38221940660965,18942,62.26375250765495,18942,7.354028085735403,18942,39.652623798965266,18942,10.56910569105691,18942,26.0,29.450745,107.35632183908046,9807,8.124802027241051,18942,25.488332805405975,18942,1.2881427515573858,18942,60.60708835000848,48.79599796506698,11.811090384941496,24.20503909643788,413.13711414213924,5.541833899351651,12956,7.666181465308103,6183,95.72603719599428,5592,98.15056977395852,5353,92.88824383164005,689,47.9156202913109,1991,5.807069475883685,11486,27.659759707469963,11486,45.742643217830405,11486,20.79052759881595,11486,66.53317081664635,11486,70.45098380637297,11486,4.063641970254213,7.666181465308103,3.6025394950538905,6183,6773,3.997391104632559,22.897110252162708,18.89971914753015,5433,6053,0.024995447143702165,9.174673292840051,9.149677845696349,5433,6053,35.3133085836427,8889,46.32692091348858,8889,1.4624817189785129,8889,7.413657329283384,8889,1.5299808752390596,8889,0.0,8889,36.84328945888176,8889,69.13485810449016,67.3525587087891,13073,13073,9038,2.57800398318212,55.82438711744913,54.31821823425733,6241,6241,38.407019912251094,8889,12.757340533243335,8889,43.58195522555968,8889,25.469523889576628,81.29391100702576,55.82438711744913,6832,6241,10.28237147035662,8889,5.50118123523456,8889,38.283271459106764,8889,5.861176735290809,8889,6.783665204184948,8889,17.291033862076723,8889,6.041174485318933,8889,6.063674204072449,8889,0.12374845314433569,8889,0.9787377657779278,8889,3.554955563055462,8889,2.90246371920351,8889,87.13441030514201,18942,11.498257839721255,18942,21.882588955759687,18942,18.31907929468905,18942,54.66159856403759,18942,62.89726533628973,18942,99.20098013103926,18773,98.91333297821339,18773,21.869502027078713,13073,47.3073030416023,18773,1.1559154104298728,18773,12.370297374065272,17251,2.1335514,3976,2.9098773,11.189776,16667.0,97.99691833590138,1298,37.14390065741417,5476,46.649197,9.16150095768762,11486,19.016290726817044,12768,32.33865914786968,12768,4.00219298245614,12768,4.291979949874687,12768,40.35087719298246,12768,13.56230398531324,13073,0.4742599250363344,13073,0.7419873020729748,13073,0.26007802340702213,13073,1.03266273999847,13073,0.06884418266656468,13073,0.007649353629618297,13073,0.007649353629618297,13073,0.06884418266656468,13073,0.045896121777709784,13073,2.652745964949662,18773,1.1932030043147073,18773,2.0082032706546635,18773,1.4275821658765249,18773,4.927289191924572,18773,75.81603977518374,18504,6.09597924773022,18504,0.6539126675313446,18504,17.43406830955469,18504,82.56593169044531,18504,11.123595505617978,890,20.00125250501002,88.22526567028471,17597,10.757515485594135,17597,19.50031882209727,17251,95.26938239159001,1522,3.4144782400255687,18773,7.175869618097787,4111,53.04206535475718,5539,20.581332370463983,5539,21.754829391586927,5539,5.488355298790395,5539,5539,3.389239935006319,81.35883905013192,18.64116094986808,2.757255936675462,7580,7580,7580
070403,57794,26667,28.470083399660865,57794,66.55362148319895,57794,4.976295117140188,57794,37.434681800878984,57794,7.744748589819013,57794,26.0,28.660727,116.72479094011325,31127,8.009481953143926,57794,27.501124684223274,57794,0.6851922344880091,57794,50.25478369384359,42.777662229617306,7.47712146422629,17.479032454114503,572.1140472878999,5.088789414137439,40658,8.02724795640327,18350,94.19121381411884,15752,90.28105412145312,14837,88.14814814814815,2025,44.40940366972477,6976,5.9501327421517916,36537,27.402359252264826,36537,43.08509182472562,36537,23.56241618085776,36537,66.64750800558338,36537,70.49018802857377,36537,5.355560669331368,8.02724795640327,2.6716872870719026,18350,22308,5.440989057337852,26.564885496183205,21.123896438845353,16375,20162,-0.22652713327391716,9.16867175572519,9.395198888999108,16375,20162,27.580772261623327,31725,55.728920409771476,31725,1.4846335697399526,31725,6.335697399527187,31725,1.235618597320725,31725,0.06619385342789598,31725,28.81639085894405,31725,77.9616277648784,76.68581204937064,40915,40915,31898,1.636466236127657,67.09757680657724,65.85352661185634,18488,18488,42.326241134751776,31725,11.041765169424744,31725,42.0929866036249,31725,19.81997792655693,86.91755473313417,67.09757680657724,22427,18488,9.919621749408984,31725,4.1765169424743895,31725,42.05831363278172,31725,4.778565799842395,31725,6.152876280535855,31725,16.93617021276596,31725,5.8408195429472025,31725,6.092986603624902,31725,0.26792750197005516,31725,0.91725768321513,31725,3.0575256107171,31725,2.42080378250591,31725,81.37176869571236,57794,11.48389106135585,57794,33.52943212098142,57794,26.5615807869329,57794,56.4107000726719,57794,65.07768972557705,57794,99.2701749484932,57274,98.91224639452457,57274,38.47733105218135,40915,55.19956699374934,57274,0.9009323602332646,57274,13.536645538391468,52694,2.0406187,12802,2.6522772,10.205561,45436.0,96.81560108615157,4051,37.90537483030821,19889,42.240032,9.293674904890933,36537,21.104447776111943,40020,30.22488755622189,40020,4.650174912543728,40020,3.285857071464268,40020,40.73463268365817,40020,26.15177807650006,40915,1.3906880117316387,40915,0.49859464743981424,40915,0.20530367835757057,40915,0.3886105340339729,40915,0.05377001099841134,40915,0.07576683367957962,40915,0.0073322742270560915,40915,0.58169375534645,40915,0.01710863986313088,40915,2.1545552955966056,57274,0.9533121486189196,57274,1.5888535810315327,57274,1.0091839228969515,57274,3.9686419666864547,57274,73.9295200991677,56470,6.045687975916416,56470,0.5578183106074022,56470,19.466973614308483,56470,80.53302638569151,56470,10.956093557652851,2437,20.260461511968312,76.92579768420269,53718,22.134107747868498,53718,40.274034994496525,52694,95.80786026200873,4580,3.7434088766281386,57274,5.905546306843074,11413,43.66385721368369,20170,12.10213187902826,20170,34.54635597421914,20170,4.045612295488349,20170,20170,2.8395637084779377,95.58200310778359,4.417996892216408,0.8722983472241842,28316,28316,28316
070404,10200,4715,30.441176470588236,10200,63.69607843137255,10200,5.862745098039215,10200,39.92156862745098,10200,8.46078431372549,10200,26.0,28.596176,116.33085896076352,5485,8.509803921568627,10200,26.176470588235293,10200,0.9019607843137255,10200,56.99553640141604,47.79128828690165,9.20424811451439,19.25925925925926,519.2307692307693,3.6189386353883566,6991,5.2316419791994955,3173,94.43695212407283,2966,97.60799714387718,2801,86.32707774798928,373,50.34423407917384,1162,4.356243949661181,6198,26.65375927718619,6198,46.36979670861568,6198,22.62020006453695,6198,68.98999677315263,6198,73.4430461439174,6198,2.9529620420596316,5.2316419791994955,2.278679937139864,3173,3818,5.253313616208434,25.511302475780408,20.257988859571974,2787,3411,0.15917128747334708,9.509508432005742,9.350337144532395,2787,3411,40.84507042253521,4686,40.78104993597951,4686,1.0670081092616304,4686,6.209987195902689,4686,1.47247119078105,4686,0.10670081092616304,4686,42.31754161331626,4686,68.04784280222127,66.21102093122597,7023,7023,4779,2.699309478970496,52.728983688833125,51.34880803011292,3188,3188,45.66794707639778,4686,12.67605633802817,4686,36.06487409304311,4686,28.053284890045617,80.78226857887874,52.728983688833125,3835,3188,10.093896713615024,4686,6.316688006828852,4686,45.64660691421255,4686,5.100298762270593,4686,7.554417413572343,4686,12.6973965002134,4686,4.161331626120359,4686,4.929577464788732,4686,0.021340162185232606,4686,1.1096884336320956,4686,4.289372599231754,4686,2.7955612462654718,4686,83.90196078431373,10200,13.980392156862745,10200,25.029411764705884,10200,16.568627450980394,10200,51.27450980392157,10200,60.53921568627451,10200,98.40625618689369,10102,97.88160760245496,10102,17.17214865442119,7023,53.05880023757672,10102,2.0787962779647593,10102,10.703859876743431,9249,2.2006738,2078,2.7415576,7.96873,7931.0,98.80418535127055,669,31.666666666666668,2940,44.59694,9.42191029364311,6198,22.636019784695957,6874,29.575210939773058,6874,4.466104160605179,6874,3.8842013383764913,6874,39.43846377654932,6874,10.679196924391286,7023,0.8543357539513029,7023,0.5837960985333903,7023,1.2245479139968674,7023,0.099672504627652,7023,0.042716787697565144,7023,0.0,7023,0.014238929232521715,7023,0.014238929232521715,7023,0.014238929232521715,7023,1.9897050089091268,10102,0.9800039596119581,10102,1.4452583646802613,10102,0.8513165709760443,10102,3.8012274797069887,10102,71.22902220882324,9951,10.983820721535524,9951,2.9243292131444076,9951,14.862827856496834,9951,85.13717214350316,9951,10.0,460,19.915376676986583,89.16746006558765,9453,6.939595895482915,9453,16.845064331279058,9249,96.48300117233295,853,2.8509206097802418,10102,5.431309904153355,2191,51.276881720430104,2976,16.263440860215052,2976,23.219086021505376,2976,4.334677419354839,2976,2976,3.394489247311828,90.34767809384877,9.65232190615123,1.1184050571359105,4113,4113,4113
070501,40974,19015,34.64636110704349,40974,61.426758432176506,40974,3.9268804607800067,40974,43.869282959925805,40974,6.560257724410602,40974,23.0,26.426344,115.48251380489087,21959,11.856299116512911,40974,25.401474105530337,40974,0.5027578464392054,40974,62.795502403750646,56.402717628829116,6.39278477492153,11.334178641870949,882.2871348663766,1.6902274124154886,26032,2.2636029725805074,11707,66.9694949158193,11998,79.58929682638457,8035,46.611111111111114,1800,19.170753455193935,4486,7.1815244913996334,22906,32.62027416397451,22906,47.15358421374312,22906,13.044617130882738,22906,60.198201344625865,22906,66.50659215925958,22906,1.0419624839243118,2.2636029725805074,1.2216404886561956,11707,14325,1.7010184917323876,13.98862075730822,12.287602265575833,10194,12712,-0.19185339035671944,8.191485187365117,8.383338577721837,10194,12712,19.8238777266056,19759,53.474366111645324,19759,0.6984159117364239,19759,10.354775039222632,19759,2.985981071916595,19759,0.07591477301482868,19759,22.809858798522193,19759,74.71769609700644,73.45585449033725,26390,26390,19718,1.688812252763972,60.79239569313594,59.76615074024226,11888,11888,57.052482413077584,19759,10.698922010223189,19759,26.352548205880865,19759,25.34055148656342,86.13294717969936,60.79239569313594,14502,11888,5.379826914317526,19759,5.916291310288982,19759,56.93607976112151,19759,6.189584493142365,19759,4.3929348651247535,19759,8.021661015233564,19759,3.770433726403158,19759,3.851409484285642,19759,0.11640265195607065,19759,0.8957943215749785,19759,2.186345462827066,19759,1.194392428766638,19759,62.0759506028213,40974,8.605457119148728,40974,29.37228486357202,40974,15.129106262507932,40974,39.917996778444866,40974,58.64450627227022,40974,94.28981064913235,40454,91.95876798338854,40454,31.924971580143993,26390,49.90359420576457,40454,4.3407326840361895,40454,15.78711107370311,35643,2.6857328,7745,3.1523864,7.7584624,33138.0,86.15136876006441,3105,27.397140864714085,11472,42.738583,8.297956867196367,22906,36.401970443349754,25375,20.646305418719212,25375,3.341871921182266,25375,2.5261083743842363,25375,37.083743842364534,25375,6.968548692686624,26390,0.9662751042061387,26390,0.34861690034103826,26390,14.255399772641152,26390,0.20083364910951118,26390,0.026525198938992044,26390,0.045471769609700646,26390,0.0037893141341417205,26390,0.0037893141341417205,26390,0.026525198938992044,26390,1.8687892421021408,40454,0.5166361793642161,40454,0.9714737726800811,40454,0.8033816186285658,40454,3.215998417956197,40454,45.1145958986731,39792,4.764776839565742,39792,0.5704664254121431,39792,49.550160836349015,39792,50.449839163650985,39792,7.806267806267806,1755,20.669248858763314,55.5622369212267,36586,7.358005794566227,36586,22.24560222203518,35643,74.53751818748701,4811,3.2876847777722844,40454,26.057169855894166,8466,47.36706689536878,11660,11.04631217838765,11660,27.941680960548887,11660,2.958833619210978,11660,11660,3.469468267581475,97.91484142281409,2.085158577185908,0.5723964721686817,17121,17121,17121
070502,54495,25848,38.01266171208368,54495,58.867786035416096,54495,3.1195522525002293,54495,47.105239012753465,54495,5.171116616203322,54495,21.0,24.409029,110.82869080779945,28647,13.349848609964218,54495,27.152949811909348,54495,0.4679328378750344,54495,69.87219451371571,64.57294264339153,5.2992518703241895,8.206613565049482,1218.5294117647059,1.9527453838678328,32928,2.663987555094633,15428,70.61238651477477,17293,71.68127098517729,12211,43.27137546468401,2690,23.89598399753808,6499,5.1041269621262,28859,36.95554246508888,28859,45.711909629578294,28859,12.228420943206626,28859,57.94033057278492,28859,66.21504556637444,28859,1.3382732693803474,2.663987555094633,1.3257142857142856,15428,17500,1.844558183704617,13.21599045346062,11.371432269756003,13408,15451,-0.30806241600013884,7.892377684964201,8.20044010096434,13408,15451,29.400574907000337,23656,44.47074737910044,23656,0.8834967872844098,23656,10.344098748731822,23656,1.699357456881975,23656,0.15218126479540076,23656,31.099932363882314,23656,70.79478553406224,69.66238135287757,33292,33292,23569,1.5995587424158852,52.09001153994102,51.26939351198872,15598,15598,54.01166723030098,23656,10.187690226580994,23656,28.293033479878254,23656,35.19381348549133,87.28382502543235,52.09001153994102,17694,15598,6.146432194792019,23656,6.8735204599256,23656,53.960940142035845,23656,5.7786608048698005,23656,4.354075076090632,23656,9.77341900574907,23656,3.8890767669935746,23656,4.438620223199188,23656,0.05072708826513358,23656,0.566452485627325,23656,2.4644910382144065,23656,1.6232668244842745,23656,58.739333883842555,54495,7.351133131479952,54495,44.26094137076796,54495,18.04018717313515,54495,56.59785301403799,54495,70.05963849894486,54495,93.24859229525562,53811,90.19717158201854,53811,20.89991589571068,33292,49.2501533143781,53811,6.96511865603687,53811,11.595975198987363,46611,2.59546,10837,3.0488386,7.8933296,43049.0,89.91228070175438,4560,25.290856562817208,12807,41.198875,8.057313143213555,28859,38.43466971654663,32351,22.64226762696671,32351,2.7696207226979075,32351,2.20085932428673,32351,33.952582609502024,32351,4.034002162681725,33292,0.4325363450678842,33292,0.6668268653129881,33292,6.59017181304818,33292,0.09311546317433618,33292,0.10813408626697105,33292,0.15018623092634867,33292,0.021026072329688814,33292,0.0030037246185269733,33292,0.12315270935960591,33292,1.718979390830871,53811,0.41255505379940904,53811,0.9273196929995726,53811,0.5630818977532475,53811,2.800542639980673,53811,39.550387303270774,52801,5.06240412113407,52801,0.6174125490047537,52801,54.769796026590406,52801,45.230203973409594,52801,8.9471493965876,2403,20.46404255319149,52.55928011804069,48119,5.158045678422245,48119,27.278968483834287,46611,84.58333333333333,7200,2.925052498559774,53811,27.010864987787418,11873,59.42762213999849,13243,9.922223061239901,13243,15.502529638299478,13243,1.9557502076568754,13243,13243,4.063354224873518,96.39005171140113,3.609948288598872,1.206599359763605,20305,20305,20305
070503,18763,8739,29.318339284762565,18763,63.39604540851676,18763,7.285615306720674,18763,40.40931620742951,18763,11.357458828545541,18763,26.0,30.023237,114.70419956516764,10024,8.767254703405639,18763,25.150562276821404,18763,1.4176837392741033,18763,57.738545607398066,46.2463219840269,11.492223623371164,24.850027267769498,402.41404535479154,1.6256422053523503,13041,2.1042084168336674,5988,89.21549542534554,5137,96.8361335369845,4583,79.04624277456648,692,27.28098048116205,2203,2.2237910342393223,11332,19.29932933286269,11332,56.353688669255206,11332,22.12319096364278,11332,78.47687963289799,11332,85.13060360042358,11332,0.884869128587531,2.1042084168336674,1.2193392882461365,5988,7053,2.642450994248687,23.516237402015676,20.87378640776699,5358,5974,-0.0495009293100761,10.373833519970137,10.423334449280214,5358,5974,35.95850941221667,7809,42.643104110641566,7809,1.2677679600461007,7809,7.1968241772314,7809,1.7799974388526059,7809,0.0768344218209758,7809,37.73850685106928,7809,60.963341208749334,59.16469781266672,13121,13121,7999,2.9503687960995126,49.79259996681599,48.46523975443836,6027,6027,28.876936867716736,7809,16.019976949673453,7809,49.481367652708414,7809,20.66130474138813,70.45390470820412,49.79259996681599,7094,6027,12.792931233192471,7809,7.299270072992701,7809,28.69765655013446,7809,5.519272634140095,7809,10.295812524010756,7809,14.380842617492636,7809,6.569343065693431,7809,6.697400435395057,7809,0.17928031758227686,7809,4.2130874631835065,7809,5.775387373543348,7809,2.9453195031374055,7809,78.12716516548527,18763,18.062143580450886,18763,15.81303629483558,18763,17.33731279646112,18763,32.36156264989607,18763,56.04114480626765,18763,98.25553222419641,18573,97.63096968718031,18573,29.906257145034676,13121,38.57750498034782,18573,1.464491466106714,18573,18.523980886083418,16951,2.3023458,3453,3.0392778,8.14541,16230.0,97.07317073170732,1230,36.04453670503869,5299,48.2893,10.39992940345923,11332,26.539762447887988,12713,24.683394950051127,12713,4.05883741052466,12713,4.34201211358452,12713,40.375993077951705,12713,2.583644539288164,13121,2.233061504458502,13121,0.3048548128953586,13121,17.856870665345628,13121,0.16004877677006327,13121,0.053349592256687756,13121,0.06097096257907172,13121,0.0,13121,0.007621370322383965,13121,0.053349592256687756,13121,2.3851827922252733,18573,0.8130081300813008,18573,1.47525978571044,18573,0.8291606094868895,18573,4.027351531793464,18573,67.56712418658063,18287,13.916990211625745,18287,0.656203860666047,18287,17.859681741127577,18287,82.14031825887243,18287,11.84971098265896,692,20.617677024961793,91.62906398241351,17286,2.3660765937753094,17286,9.04371423514837,16951,89.70406905055486,1622,3.252032520325203,18573,9.012178619756428,3695,49.30387971041396,5387,20.586597364024502,5387,22.405791720809354,5387,4.974939669574902,5387,5387,3.447744570261741,96.3523535644014,3.6476464355986025,1.0140759800211896,6607,6607,6607
070601,20743,10102,29.995661186906425,20743,62.92725256713108,20743,7.0770862459624935,20743,38.68775008436581,20743,10.586703948319915,20743,26.0,29.633419,105.33557711344288,10641,8.306416622475052,20743,25.2036831702261,20743,1.4800173552523743,20743,58.91365969508925,47.667202941852445,11.246456753236803,23.593699774991965,423.84196185286106,2.830587241233629,14202,3.4164624477439816,6937,95.74105621805792,5870,85.48042704626334,5620,89.1304347826087,736,52.233524988942946,2261,2.7468624200805114,12669,19.449048859420632,12669,43.83929276185966,12669,33.9647959586392,12669,77.80408872049885,12669,81.16662720025259,12669,1.1452993369387512,3.4164624477439816,2.2711631108052304,6937,7265,7.44881383347435,37.79003731948726,30.34122348601291,6163,6506,0.4635740076721948,11.020444588674346,10.556870581002151,6163,6506,49.657794676806084,9205,31.68929929386203,9205,1.586094513851168,9205,5.171102661596958,9205,2.661596958174905,9205,0.07604562737642585,9205,52.31939163498099,9205,65.50617456219912,63.873578455312916,14333,14333,9389,2.492278197891149,54.163690901299816,52.79245822025425,7001,7001,25.02987506789788,9205,13.568712656165127,9205,54.52471482889734,9205,22.172915754455772,76.33660665575559,54.163690901299816,7332,7001,22.69418794133623,9205,7.669744703965236,9205,24.94296577946768,9205,5.464421510048886,9205,7.9630635524171645,9205,13.047256925583921,9205,6.898424769147202,9205,5.312330255296035,9205,0.08690928843020097,9205,1.151548071700163,9205,15.154807170016296,9205,3.400325909831613,9205,83.71980909222388,20743,23.280142698741745,20743,27.729836571373475,20743,16.03914573591091,20743,35.46738658824664,20743,52.51410114255412,20743,99.0,20500,98.44878048780488,20500,5.462917742273076,14333,33.990243902439026,20500,1.2682926829268293,20500,9.370011705863574,18794,2.0550272,4416,2.6705499,8.850807,17038.0,99.21985815602837,1410,34.385443743037506,5386,47.99703,10.782382192753966,12669,19.40481337368497,13878,34.48623720997262,13878,4.755728491137051,13878,4.013546620550511,13878,37.33967430465485,13878,2.3651712830530944,14333,0.27907625758738575,14333,0.9139747435986884,14333,0.33489150910486293,14333,0.041861438638107866,14333,0.0627921579571618,14333,0.05581525151747715,14333,0.0069769064396846435,14333,0.0,14333,0.020930719319053933,14333,2.5121951219512195,20500,0.8390243902439024,20500,1.853658536585366,20500,0.848780487804878,20500,4.331707317073171,20500,68.74938308163064,20262,16.567959727568848,20262,0.6317244102260389,20262,14.050932780574474,20262,85.94906721942553,20262,13.504464285714286,896,19.90275952693824,96.92893268679285,19179,2.101256582720684,19179,4.692987123550069,18794,95.01758499413833,1706,1.8878048780487804,20500,7.04323570432357,4302,57.027670881436684,5457,21.641927799157045,5457,15.612974161627267,5457,4.178119846069269,5457,5457,3.756642844053509,81.25400692396461,18.74599307603539,3.282472111809206,7799,7799,7799
070602,17999,8223,29.046058114339687,17999,63.653536307572644,17999,7.3004055780876715,17999,38.02433468526029,17999,10.895049724984721,17999,27.0,30.348242,118.88605131946979,9776,7.644869159397745,17999,25.018056558697705,17999,1.2667370409467194,17999,57.10046259928428,45.63149166448459,11.468970934799685,25.13389441469013,397.869101978691,6.232091690544412,12564,8.98493543758967,5576,94.06446540880503,5088,88.17384036773925,4786,86.79549114331724,621,39.0357698289269,1929,6.984637370489461,11196,34.021078956770275,11196,42.94390853876384,11196,16.05037513397642,11196,58.994283672740266,11196,64.3979992854591,11196,4.949446027171811,8.98493543758967,4.035489410417859,5576,6988,3.5271942110177417,18.03513071895425,14.507936507936508,4896,6300,-0.20700746965452765,8.138071895424837,8.345079365079364,4896,6300,31.087415045699554,8534,49.48441528005625,8534,0.9608624326224514,8534,7.979845324584017,8534,1.5701898289196157,8534,0.08202484180923365,8534,32.65760487461917,8534,68.57278256061923,66.7877734776084,12661,12661,8682,2.6030868463487677,52.36486486486486,50.90682788051209,5624,5624,56.983829388329035,8534,9.760956175298805,8534,27.431450667916568,8534,29.161353694180185,81.52621855904505,52.36486486486486,7037,5624,7.499414108272791,8534,4.921490508554019,8534,56.339348488399345,8534,4.148113428638387,8534,5.54253573939536,8534,9.854698851652214,8534,3.17553316147176,8534,3.5505038668853994,8534,0.644480899929693,8534,0.5624560581204593,8534,3.3513006796344036,8534,1.9451605343332552,8534,91.36618701038947,17999,10.600588921606755,17999,22.22345685871437,17999,18.801044502472358,17999,50.880604478026555,17999,68.07044835824212,17999,99.12000448405358,17841,98.78370046522056,17841,28.26001105757839,12661,61.795863460568356,17841,0.7678941763354072,17841,15.280558083105854,16485,2.3099663,3552,3.0794072,10.028601,16084.0,95.80592105263158,1216,35.23825674071562,5897,45.934372,8.254555198285102,11196,19.207440355843104,12365,34.07197735543874,12365,3.6150424585523657,12365,3.5907804286291953,12365,39.514759401536594,12365,18.671510939104337,12661,0.5686754600742437,12661,1.2321301634941948,12661,0.22904983808545928,12661,0.29223600031593083,12661,0.08688097306689835,12661,0.023694810836426824,12661,0.0,12661,0.00789827027880894,12661,0.00789827027880894,12661,2.639986547839247,17841,1.0537525923434785,17841,1.8608822375427387,17841,1.1322235300711843,17841,4.7026511966818,17841,82.27161058104325,17503,5.221961949380106,17503,0.4227846654859167,17503,12.083642804090728,17503,87.91635719590927,17503,13.544303797468354,790,19.58593958834536,86.16273528710984,16788,12.71741720276388,16788,22.183803457688807,16485,96.09144542772862,1356,5.139846421164733,17841,7.895445971436271,3711,45.512073272273106,6005,18.23480432972523,6005,30.49125728559534,6005,5.828476269775187,6005,6005,2.971024146544546,93.25430426192493,6.745695738075071,1.8628281117696868,7086,7086,7086
070603,6007,2896,29.648743133011486,6007,64.1917762610288,6007,6.159480605959714,6007,38.821375062427165,6007,9.705343765606791,6007,26.0,29.579824,107.42403314917127,3111,8.007324787747628,6007,26.01964374895955,6007,1.098718162144165,6007,55.78319502074689,46.18775933609958,9.595435684647303,20.77484559236384,481.35135135135135,2.1896053897978827,4156,2.8112449799196786,1992,93.73169302870534,1707,98.0625,1600,81.64251207729468,207,41.43070044709389,671,2.9395900755124056,3708,20.81984897518878,3708,61.54261057173679,3708,14.697950377562028,3708,76.24056094929881,3708,80.63646170442287,3708,1.193869748866074,2.8112449799196786,1.6173752310536045,1992,2164,2.2893736837085665,15.900056785917092,13.610683102208526,1761,1947,-0.16782294693535427,9.560477001703578,9.728299948638933,1761,1947,51.092233009708735,2472,30.461165048543688,2472,1.779935275080906,2472,5.58252427184466,2472,2.5485436893203883,2472,0.0,2472,53.640776699029125,2472,60.846687395359965,58.598421430279835,4181,4181,2544,3.6949685534591197,45.586034912718205,43.39152119700748,2005,2005,18.48705501618123,2472,23.26051779935275,2472,47.532362459546924,2472,29.32205332257591,74.90808823529412,45.586034912718205,2176,2005,9.789644012944985,2472,12.216828478964402,2472,18.36569579288026,2472,15.655339805825243,2472,7.44336569579288,2472,13.794498381877023,2472,6.067961165048544,2472,6.310679611650485,2472,0.12135922330097088,2472,2.7103559870550162,2472,2.5080906148867315,2472,2.750809061488673,2472,86.96520725819877,6007,18.61161977692692,6007,15.165640086565674,6007,9.821874479773598,6007,38.77143332778425,6007,56.20109871816214,6007,98.94028595458369,5945,98.50294365012616,5945,9.567089213106913,4181,60.63919259882254,5945,0.7401177460050462,5945,13.064133016627078,5473,2.2342858,1225,2.9161544,10.453569,5137.0,98.35680751173709,426,30.57577763070814,1511,48.73461,9.648597626752967,3708,22.600391772771793,4084,30.460333006856022,4084,4.407443682664055,4084,3.819784524975514,4084,38.71204701273262,4084,0.7892848600813203,4181,0.16742406122937095,4181,5.764171250896915,4181,0.7414494140157857,4181,0.16742406122937095,4181,0.02391772303276728,4181,0.2391772303276728,4181,0.0,4181,0.0,4181,0.02391772303276728,4181,3.027754415475189,5945,1.0260723296888141,5945,2.1362489486963834,5945,0.8915054667788057,5945,4.995794785534062,5945,76.68763815677606,5881,9.624213569120897,5881,1.2922972283625234,5881,12.395851045740521,5881,87.60414895425949,5881,15.925925925925926,270,19.377387318563787,95.80344332855093,5576,3.4612625538020088,5576,6.321944089164992,5473,92.37288135593221,472,2.590412111017662,5945,10.215482841181165,1253,54.82398956975228,1534,20.273794002607563,1534,17.014341590612776,1534,4.041720990873533,1534,1534,3.8754889178617993,82.89028516191397,17.109714838086035,7.7332044465925565,2069,2069,2069
070701,5946,2863,33.72014799865456,5946,58.94719138916919,5946,7.3326606121762525,5946,42.717793474604775,5946,10.107635385132863,5946,25.0,28.52304,107.68424729304925,3083,9.535822401614531,5946,24.251597712748065,5946,1.513622603430878,5946,69.64336661911555,57.203994293865904,12.439372325249643,21.74563591022444,459.86238532110093,6.0338101430429125,3845,8.119891008174386,1835,93.35511982570806,1836,98.83313885647608,1714,79.57446808510639,235,36.706689536878216,583,5.908289241622575,3402,28.395061728395063,3402,46.44326866549089,3402,19.253380364491477,3402,65.69664902998237,3402,70.39976484420929,3402,3.990537774343541,8.119891008174386,4.129353233830845,1835,2010,-1.8242195089766717,18.299445471349355,20.123664980326026,1623,1779,-0.7292015390066293,8.658656808379543,9.387858347386173,1623,1779,30.161579892280074,2785,39.820466786355475,2785,0.9694793536804309,2785,15.044883303411131,2785,1.7235188509874326,2785,0.03590664272890485,2785,31.885098743267505,2785,71.96695921528136,70.96024780588539,3874,3874,2788,1.3988522238163559,58.77903835764452,57.752566180443004,1851,1851,61.077199281867145,2785,8.1508078994614,2785,25.85278276481149,2785,25.254575087733635,84.03361344537815,58.77903835764452,2023,1851,9.874326750448834,2785,4.775583482944345,2785,59.030520646319566,2785,2.4775583482944343,2785,5.457809694793537,2785,6.858168761220826,2785,2.4775583482944343,2785,3.4111310592459607,2785,2.0466786355475763,2785,0.8258527827648114,2785,4.703770197486535,2785,2.621184919210054,2785,92.19643457786748,5946,11.049445005045408,5946,7.736293306424487,5946,19.677093844601412,5946,27.934746047763202,5946,61.43625967036663,5946,99.28094504365691,5841,99.0241397021058,5841,60.35105833763552,3874,44.547166581064886,5841,0.15408320493066255,5841,10.424929178470254,5295,2.6526122,1091,3.584872,12.246269,5961.0,92.9951690821256,414,35.53826199740597,1542,47.398186,9.03997648442093,3402,20.75019952114924,3759,36.87150837988827,3759,3.6711891460494814,3759,4.81511040170258,3759,33.89199255121043,3759,1.23902942694889,3874,0.2323180175529169,3874,51.23902942694889,3874,0.02581311306143521,3874,0.15487867836861124,3874,0.02581311306143521,3874,0.0,3874,0.0,3874,0.0,3874,0.0,3874,2.6022941277178564,5841,1.1128231467214518,5841,1.7805170347543229,5841,1.3182674199623352,5841,4.3656908063687725,5841,82.28949199721642,5748,8.994432846207376,5748,0.3827418232428671,5748,8.333333333333334,5748,91.66666666666667,5748,12.85140562248996,249,19.2656,62.77480140402734,5413,36.09828191391095,5413,45.70349386213409,5295,96.15384615384616,546,4.862181133367574,5841,4.497751124437781,1334,57.07936507936508,1575,21.77777777777778,1575,16.825396825396826,1575,5.396825396825397,1575,1575,3.7085714285714286,90.12158054711246,9.878419452887542,2.9381965552178317,1974,1974,1974
070702,38420,18460,36.85840707964602,38420,58.59968766267569,38420,4.541905257678293,38420,47.43362831858407,38420,7.009370119729308,38420,21.0,25.468454,108.12567713976165,19960,11.298802706923478,38420,27.54554919312858,38420,0.7704320666319625,38420,70.6493737230168,62.898640845696015,7.750732877320778,12.322576089259233,811.5186246418339,3.2077019384362995,23163,5.238702623906706,10976,77.84887017089171,12347,91.6146483562214,9612,63.064608347627214,1749,24.395072591289047,4546,8.21256038647343,19872,33.75100644122383,19872,43.89090177133655,19872,14.145531400966183,19872,58.036433172302736,19872,66.10809178743962,19872,3.860184530856735,5.238702623906706,1.3785180930499712,10976,12187,-0.48682703321878584,13.88888888888889,14.375715922107675,9396,10476,-0.8608499778365877,7.665495955725841,8.526345933562428,9396,10476,25.082372322899506,14568,42.22954420647996,14568,1.0365183964854476,14568,15.026084568918177,14568,1.7641405820977485,14568,0.04805052169137836,14568,26.846512904997255,14568,62.76518546975712,61.096171084645924,23427,23427,14704,2.6591403699673557,47.073083138804094,46.148321063027474,11138,11138,57.31740801757276,14568,10.001372872048325,14568,26.084568918176824,14568,29.914466702517416,76.98754984132151,47.073083138804094,12289,11138,8.182317408017573,14568,5.518945634266887,14568,57.104612850082376,14568,5.010982976386601,14568,4.921746293245469,14568,8.408841295991214,14568,2.910488742449204,14568,2.6496430532674355,14568,0.2127951674903899,14568,0.9129599121361889,14568,4.461834157056562,14568,2.1416803953871497,14568,84.64081207704321,38420,9.141072358146799,38420,19.3076522644456,38420,18.68037480478917,38420,27.2852680895367,38420,50.28110359187923,38420,95.33064516129032,37200,93.5241935483871,37200,63.61036410978785,23427,22.513440860215052,37200,4.403225806451613,37200,8.66482867270579,33007,2.8312538,6572,3.4840374,9.360295,32093.0,93.04538799414348,2732,27.775382625565854,9278,44.12535,8.119313607085346,19872,24.758657337702594,22582,31.711097334159952,22582,3.1263838455406963,22582,3.498361526879816,22582,36.90549995571694,22582,2.847142186366159,23427,0.7213898493191616,23427,54.138387330857555,23427,0.22196610748281898,23427,0.10671447475135527,23427,0.10244589576130106,23427,0.029880052930379476,23427,0.008537157980108422,23427,0.0,23427,0.029880052930379476,23427,1.7983870967741935,37200,0.6720430107526881,37200,0.9704301075268817,37200,0.8602150537634409,37200,3.2419354838709675,37200,63.63108728096844,36182,7.238405837156598,36182,1.135923940080703,36182,27.994582941794263,36182,72.00541705820574,36182,9.597352454495311,1813,20.210781344639614,45.50325296593953,33969,30.669139509552828,33969,42.88484260914351,33007,86.64440734557596,4193,3.3225806451612905,37200,19.54101340604408,8802,59.25534165432621,9454,14.33255764755659,9454,16.278823778294903,9454,2.919399196107468,9454,9454,3.9348423947535434,91.89581719597211,8.104182804027886,3.3791634391944227,10328,10328,10328
070703,32961,15467,33.83999271866752,32961,61.66681836109341,32961,4.493188920239071,32961,43.57574102727466,32961,7.156943053912199,32961,23.0,26.556839,113.1053210060128,17494,10.758168744880313,32961,27.2928612602773,32961,0.6098115955219805,32961,62.16176325888025,54.87552887926793,7.286234379612319,13.277747893132508,753.1397704253883,3.497525335847278,21215,5.03345342254246,9715,76.10815157302241,9949,88.82725832012679,7572,56.99152542372882,1416,23.95118230358505,3933,8.059201642089343,18513,36.25560417004267,18513,42.18657159833631,18513,13.49862258953168,18513,55.685194187867985,18513,65.20283044347215,18513,2.83345342254246,5.03345342254246,2.2,9715,11500,0.6917561802533019,13.874748431395762,13.18299225114246,8447,10066,-0.47526300372790065,7.687463004617023,8.162726008344924,8447,10066,31.620473396722637,14829,43.21936745566121,14829,1.1059410614336773,14829,9.838829320925214,14829,1.9691145727965473,14829,0.10789668892035875,14829,33.58958796951919,14829,69.34354281445513,68.13894854795032,21418,21418,14852,1.7371397791543226,51.24656558461382,50.30019334486619,9827,9827,53.98880571852451,14829,10.263672533549126,14829,28.83539011396588,14829,33.439829031898995,84.68639461651281,51.24656558461382,11591,9827,7.006541236765797,14829,5.637601996088745,14829,52.936813001551016,14829,5.583653651628565,14829,4.56537864994268,14829,10.290646705779217,14829,3.5808213635444064,14829,4.599096365230292,14829,1.051992716973498,14829,0.910378312765527,14829,2.3534965270753254,14829,1.867961426933711,14829,75.14031734474075,32961,9.744849974211947,32961,23.843329996055946,32961,16.149388671460212,32961,35.61178362306969,32961,51.62464731045782,32961,96.54428976222742,32468,94.9088333128003,32468,26.44037725277804,21418,54.586053960822966,32468,2.8273992854502894,32468,14.25415890108373,28974,2.6185668,6140,3.264464,10.147661,27021.0,94.72830494728305,2466,26.82212184104505,8191,44.022465,7.9458758710095605,18513,32.129424245346705,20738,26.878194618574597,20738,2.9366380557430802,20738,2.859485003375446,20738,35.19625807696017,20738,5.327294798767392,21418,0.6116350733028294,21418,12.433467177140722,21418,0.22411056121019704,21418,0.14473807078158557,21418,0.23344850126062192,21418,0.06536558035297413,21418,0.023344850126062192,21418,0.0,21418,0.01867588010084975,21418,1.99889121596649,32468,0.7515091782678329,32468,1.2443020820500186,32468,1.0102254527534804,32468,3.6959467783663915,32468,53.44528266153215,31681,6.8558441968372215,31681,0.5744768157570784,31681,39.124396325873555,31681,60.875603674126445,31681,8.945908460471568,1442,20.34840785907859,62.00794024628222,29722,8.387726263373931,29722,23.931800924967213,28974,86.54836863194046,3494,5.057287175064679,32468,22.186039926376893,7063,55.59511095288952,8427,13.646612080218345,8427,18.54752580989676,8427,3.0022546576480362,8427,8427,3.852853921917646,94.69921104536489,5.3007889546351095,2.12853385930309,12168,12168,12168
070704,5335,2476,27.310215557638237,5335,65.00468603561387,5335,7.685098406747891,5335,38.76288659793814,5335,10.834114339268979,5335,26.0,29.627554,115.46849757673667,2859,7.104029990627929,5335,29.746954076850983,5335,1.330834114339269,5335,53.83506343713956,42.01268742791234,11.82237600922722,28.140013726835964,355.3658536585366,4.158940397350993,3775,5.591147350029121,1717,94.38040345821325,1388,98.62595419847328,1310,87.62376237623762,202,35.61643835616438,803,4.658197217180883,3306,21.869328493647913,3306,46.55172413793103,3306,26.92075015124017,3306,73.4724742891712,3306,76.86025408348458,3306,2.6271045900679932,5.591147350029121,2.9640427599611274,1717,2058,-0.05180721827617418,26.89295039164491,26.944757609921083,1532,1774,-0.425064979792241,9.879895561357703,10.304960541149944,1532,1774,32.73048081164534,2267,38.06793118659021,2267,1.05866784296427,2267,10.101455668284077,2267,2.4261138067931185,2267,0.08822232024702249,2267,35.15659461843846,2267,61.29117259552042,59.31488801054019,3795,3795,2326,3.224419604471195,52.11104684788895,50.7807981492192,1729,1729,37.75915306572563,2267,15.483017203352448,2267,40.58226731363035,2267,16.862815688413086,68.97386253630204,52.11104684788895,2066,1729,13.45390383767093,2267,6.484340538156154,2267,37.450374944861046,2267,5.778561976179973,2267,9.660344067048964,2267,10.9836788707543,2267,3.970004411116012,2267,4.719894133215703,2267,0.30877812086457873,2267,3.396559329510366,2267,6.352007057785619,2267,3.043670048522276,2267,90.17806935332709,5335,12.014995313964386,5335,9.240862230552953,5335,25.0796626054358,5335,34.47047797563261,5335,65.11715089034676,5335,99.55972434915773,5224,99.21516079632465,5224,38.9459815546772,3795,46.45865237366003,5224,0.24885145482388973,5224,16.9411280362289,4858,1.92993,999,2.7209764,10.912699,4032.0,93.20754716981132,265,39.72380178716491,1231,47.202274,10.10798548094374,3306,18.29436038514443,3635,25.80467675378267,3635,5.722145804676754,3635,4.649243466299862,3635,45.529573590096284,3635,4.426877470355731,3795,1.080368906455863,3795,31.462450592885375,3795,0.13175230566534915,3795,0.10540184453227931,3795,0.10540184453227931,3795,0.0,3795,0.0,3795,0.0,3795,0.0,3795,1.9716692189892802,5224,1.0336906584992342,5224,1.4165390505359878,5224,0.9571209800918836,5224,3.694486983154671,5224,75.08338238179321,5097,11.967824210319796,5097,0.6866784382970375,5097,12.262114969589955,5097,87.73788503041004,5097,7.6923076923076925,221,20.31995776135164,83.087790110999,4955,15.640766902119072,4955,23.816385343762864,4858,96.99453551912568,366,5.359877488514548,5224,4.2926829268292686,1025,55.537848605577686,1255,24.780876494023904,1255,15.139442231075698,1255,3.585657370517928,1255,1255,4.162549800796813,89.71528181289948,10.284718187100523,2.5566531086577573,1721,1721,1721
070705,14389,7185,36.75724511779832,14389,57.45361039683091,14389,5.78914448537077,14389,46.9247341719369,14389,8.207658628118702,14389,21.0,25.889568,100.26443980514962,7204,11.133504760581,14389,28.139551045937868,14389,1.1467092918201405,14389,74.05346558606507,63.97725898149268,10.076206604572397,15.749669124598222,634.9339735894358,4.606172270842929,8684,6.832871652816251,4332,93.04511278195488,4788,98.63075196408529,4455,83.03425774877651,613,32.364904125508424,1721,5.295616034320955,7459,26.39764043437458,7459,54.243196138892614,7459,14.063547392411852,7459,68.30674353130446,7459,73.52191982839523,7459,4.44316577046331,6.832871652816251,2.389705882352941,4332,4352,-0.05571267358714671,14.035560344827585,14.091273018414732,3712,3747,-0.6456870956535354,8.646012931034482,9.291700026688018,3712,3747,25.62014068863384,5402,34.93150684931507,5402,1.2217697149203999,5402,18.826360607182526,5402,1.4439096630877453,5402,0.1480932987782303,5402,27.064050351721583,5402,60.066926938092585,59.308421639709984,8965,8965,5385,1.2627669452181987,46.702317290552585,46.27896613190731,4488,4488,63.143280266567935,5402,7.682339874120696,5402,23.750462791558682,5402,26.76205617382088,73.46437346437347,46.702317290552585,4477,4488,9.163272861903,5402,4.8870788596815995,5402,62.81007034431692,5402,3.9244724176231025,5402,3.6653091447611996,5402,5.775638652350981,5402,2.091817845242503,5402,3.128470936690115,5402,0.33320992225101814,5402,0.33320992225101814,5402,5.960755275823769,5402,2.276934468715291,5402,92.09813051636667,14389,8.270206407672527,14389,3.586072694419348,14389,14.9280700535131,14389,16.463965529223714,14389,47.063729237612066,14389,98.95693847346536,14189,98.30150116287265,14189,85.3095370886782,8965,23.595743181337657,14189,0.12685883430826697,14189,7.941409342834521,12630,2.9269216,2641,3.8060687,13.201737,14286.0,88.80208333333333,1152,37.02151438949427,3579,45.054207,8.970371363453546,7459,13.443983402489627,8435,41.2448132780083,8435,3.9478363959691762,8435,4.848844101956135,8435,36.51452282157676,8435,0.8031232571109872,8965,0.1784718349135527,8965,79.10764082543224,8965,0.0780814277746793,8965,0.011154489682097044,8965,0.12269938650306748,8965,0.011154489682097044,8965,0.0,8965,0.0,8965,0.0,8965,2.346888434702939,14189,0.9232504052434984,14189,1.71964197617873,14189,1.2544929170484178,14189,4.15110296708718,14189,82.59864142217083,13838,6.489377077612372,13838,0.36132389073565546,13838,10.550657609481139,13838,89.44934239051886,13838,14.758620689655173,725,19.11969111969112,37.13888459755909,12946,60.497450950100415,12946,64.29136975455265,12630,93.32905708787685,1559,4.3554866445838325,14189,6.888699117563336,3513,61.9994476663905,3621,18.72410936205468,3621,16.32145816072908,3621,4.556752278376139,3621,3621,3.91853079259873,79.54753897890554,20.452461021094464,7.5512075817792725,3271,3271,3271
070706,32285,16546,27.06520055753446,32285,64.73904289917918,32285,8.195756543286356,32285,36.28620102214651,32285,12.281245160291157,32285,27.0,31.036642,95.1226882630243,15739,6.882453151618399,32285,26.622270404212482,32285,1.6013628620102214,32285,54.46629347878092,41.80661212382183,12.659681354959092,30.281528953994048,330.23431594860165,2.9131241638254717,23171,4.125932062966031,12070,96.84099684099684,8547,84.1367645282107,8277,92.64305177111717,1101,62.86130677677921,4117,3.1334102268358324,20808,14.691464821222606,20808,42.80084582852749,20808,39.37427912341407,20808,82.17512495194156,20808,84.76547481737794,20808,2.531481112601199,4.125932062966031,1.594450950364832,12070,11101,1.186630280775013,39.9377688295049,38.751138548729884,10927,9881,-0.3157781683668315,11.306122448979592,11.621900617346423,10927,9881,38.83289872436394,14189,41.52512509690605,14189,1.6632602720417224,14189,7.667911762633025,14189,1.9945027838466418,14189,0.042286278102755655,14189,40.827401508210585,14189,62.79498841500043,60.473697760233414,23306,23306,14635,3.696617697300991,54.448193564315694,52.761089622253316,12151,12151,14.511241102262316,14189,15.716400028190852,14189,62.618930157164,14189,17.43885260332214,71.88704616763783,54.448193564315694,11155,12151,19.74769187398689,14189,7.2661921206568465,14189,13.23560504616252,14189,6.963140460920432,14189,8.499541898653886,14189,21.248854746634716,14189,7.4353372330678695,14189,6.716470505321023,14189,1.2756360560997957,14189,2.72746493762774,14189,7.576291493410388,14189,4.193389245189936,14189,74.96360538949976,32285,24.410717051262196,32285,16.143719993805174,32285,15.99504413814465,32285,39.92875948582933,32285,57.93402508905064,32285,99.51831347158362,31971,99.3087485533765,31971,25.547069424182613,23306,31.816333552281755,31971,0.5723937318194614,31971,9.837826948259075,29783,1.83132,6954,2.5357242,9.503799,27368.0,97.82953943885654,1889,44.10106267620907,9222,48.1607,11.456074586697424,20808,25.455186703698804,22683,21.928316360269804,22683,6.052991226910021,22683,5.338799982365648,22683,41.22470572675572,22683,2.235475843130524,23306,0.8066592293829915,23306,20.42821591006608,23306,0.06007036814554192,23306,0.08152407105466404,23306,0.03003518407277096,23306,0.012872221745473268,23306,0.0,23306,0.0,23306,0.004290740581824423,23306,3.215413968909324,31971,1.2229833286415814,31971,2.139438866472741,31971,1.0228019142347753,31971,5.342341496981639,31971,66.26418434111957,31637,18.36457312640263,31637,0.9861870594557006,31637,14.385055473022094,31637,85.61494452697791,31637,5.776173285198556,1385,21.20757494646681,87.74648816197322,30326,11.13236166985425,30326,17.50998891985361,29783,97.80621572212065,2188,2.580463545087736,31971,3.6410923276983094,6152,49.63581833761782,9336,23.050556983718938,9336,19.376606683804628,9336,4.76649528706084,9336,9336,3.4244858611825193,92.85714285714286,7.142857142857139,2.3504983388704317,12040,12040,12040
070707,5612,2632,32.875980042765505,5612,61.36849607982894,5612,5.75552387740556,5612,44.689950106913756,5612,8.87384176764077,5612,22.0,27.033144,113.22188449848025,2980,10.531004989308624,5612,29.13399857448325,5612,1.104775481111903,5612,62.95005807200929,53.57142857142857,9.37862950058072,17.506775067750677,571.2074303405573,3.3707865168539324,3649,4.594272076372315,1676,83.53096179183136,1518,97.3186119873817,1268,65.35087719298245,228,21.91435768261965,794,12.210593085949888,3153,22.13764668569616,3153,46.84427529337139,3153,18.807484934982558,3153,65.65176022835395,3153,70.8848715509039,3153,2.26279716506973,4.594272076372315,2.331474911302585,1676,1973,1.6798473196200767,19.69189551239116,18.012048192771083,1493,1660,-0.3878569872255273,8.64166108506363,9.029518072289157,1493,1660,33.90938813638487,2141,41.05558150397011,2141,0.9808500700607193,2141,7.146193367585241,2141,3.362914525922466,2141,0.046707146193367584,2141,37.27230266230733,2141,59.065117535801136,57.173736827884355,3701,3701,2186,3.202195791399817,50.96547688706846,49.327091866588646,1709,1709,35.17048108360579,2141,14.152265296590379,2141,42.59691732835124,2141,15.048579337831143,66.0140562248996,50.96547688706846,1992,1709,8.967772069126577,2141,8.780943484353106,2141,34.89023820644559,2141,5.511443250817375,2141,8.453993460999532,2141,12.844465203176085,2141,6.679121905651565,2141,5.0443717888837,2141,0.2802428771602055,2141,3.2227930873423634,2141,3.7832788416627743,2141,3.035964502568893,2141,87.7583749109052,5612,10.210263720598718,5612,16.642908054169638,5612,14.96792587312901,5612,31.48610121168924,5612,68.51389878831077,5612,95.6767603064575,5482,93.92557460780736,5482,40.421507700621454,3701,48.194089748267054,5482,2.6267785479751917,5482,23.256759503964222,4919,2.4451797,1058,3.0944984,9.021437,4711.0,87.53180661577608,393,40.116703136396794,1371,46.47265,8.845861084681255,3153,21.768515911010983,3551,26.978315967333145,3551,3.745423824274852,3551,4.05519571951563,3551,43.45254857786539,3551,4.998649013780059,3701,1.5671440151310456,3701,31.369900027019725,3701,0.18913807079167794,3701,0.027019724398811132,3701,0.027019724398811132,3701,0.0,3701,0.0,3701,0.0,3701,0.0,3701,1.9153593578985773,5482,0.45603794235680406,5482,1.2039401678219628,5482,0.7479022254651587,5482,3.2834731849689893,5482,75.2623688155922,5336,7.8523238380809595,5336,0.356071964017991,5336,16.529235382308844,5336,83.47076461769116,5336,9.545454545454545,220,20.382575757575758,81.6990869392616,5038,8.038904327113935,5038,18.804635088432608,4919,82.06039076376554,563,3.356439255746078,5482,9.692028985507246,1104,56.79715302491103,1405,19.572953736654803,1405,18.14946619217082,1405,5.05338078291815,1405,1405,3.901779359430605,91.90718732314657,8.092812676853427,2.8862478777589136,1767,1767,1767
070801,17249,8462,23.94341700968172,17249,63.371789668966315,17249,12.684793321351963,17249,31.103252362455795,17249,17.461881848223086,17249,32.0,35.09154,103.84069959820373,8787,6.267029972752043,17249,21.694011247028815,17249,3.223375268131486,17249,57.7989205013265,37.78245357240875,20.016466928917758,52.97820823244552,188.75685557586837,5.391317877703439,12854,7.016424812629564,6271,97.31509625126647,3948,99.1410723581468,3842,96.15384615384616,494,58.15822002472188,1618,5.250717541786257,11846,28.558163093027183,11846,37.34593955765659,11846,28.845179807529966,11846,66.19111936518657,11846,69.90545331757555,11846,3.173192243891907,7.016424812629564,3.8432325687376574,6271,6583,7.295062433998769,32.5641467194765,25.269084285477728,5807,6039,0.2898604110877603,9.760633717926641,9.47077330683888,5807,6039,28.60984691766653,9668,53.00992966487381,9668,1.3549855192387257,9668,7.126603227141084,9668,1.665287546545304,9668,0.08274720728175423,9668,30.27513446421183,9668,74.81127715298105,73.85610845786474,12982,12982,9712,1.2767710049423393,67.09779179810725,66.10410094637224,6340,6340,45.02482416218453,9668,9.774513860157219,9668,39.718659495242036,9668,15.076252164554603,82.17404396266186,67.09779179810725,6642,6340,13.911874224244931,9668,5.18204385601986,9668,44.98345055854365,9668,4.106330161357055,9668,5.575093090608192,9668,12.391394290442697,9668,4.044269755895739,9668,4.344228382292098,9668,0.04137360364087712,9668,1.43773272652048,9668,6.774927596193629,9668,3.3512618949110466,9668,78.16105281465592,17249,19.548959359962897,17249,29.26546466461824,17249,18.917038668908344,17249,48.031769957678705,17249,58.525131891703865,17249,99.58980369176678,17065,99.33782595956636,17065,5.291942689878293,12982,24.400820392616467,17065,0.48051567535892176,17065,10.305152576288144,15992,1.8537226,3425,2.738886,10.7508545,15822.0,98.65005192107996,963,37.49185667752443,6140,49.853745,9.612865102144184,11846,27.72597977243995,12656,24.45480404551201,12656,5.048988621997472,12656,6.25,12656,36.52022756005057,12656,1.779386843321522,12982,0.43906948081959635,12982,0.2773070405176398,12982,0.07702973347712216,12982,0.05392081343398552,12982,0.015405946695424434,12982,0.0,12982,0.0,12982,0.007702973347712217,12982,0.0,12982,3.7034866686199823,17065,1.9279226486961618,17065,3.187811309698213,17065,2.0861412247289772,17065,7.336653970114269,17065,70.75590080669257,16735,14.50253958769047,16735,0.6931580519868539,16735,14.048401553630116,16735,85.95159844636989,16735,8.453237410071942,556,21.030490709861837,96.51557200123342,16215,2.244835029293864,16215,4.5710355177588795,15992,98.50885368126747,1073,2.5666569000878994,17065,4.442925495557074,2926,38.88351080993869,6198,27.234591803807678,6198,29.04162633107454,6198,8.212326556953856,6198,6198,2.7533075185543723,96.87612208258528,3.123877917414717,0.706163973668462,8355,8355,8355
070802,2359,1162,23.103009749894024,2359,65.15472657905892,2359,11.742263671047054,2359,29.673590504451038,2359,16.150911403136924,2359,33.0,35.0674,103.01204819277109,1197,6.019499788045782,2359,20.941076727426875,2359,2.6706231454005933,2359,53.48080676642811,35.45868575146389,18.022121014964217,50.825688073394495,196.75090252707582,2.857142857142857,1785,4.411764705882353,884,97.33333333333333,525,98.04305283757338,511,92.53731343283582,67,54.22885572139303,201,3.048416019127316,1673,23.19187089061566,1673,48.11715481171548,1673,25.642558278541543,1673,73.75971309025702,1673,78.1231320980275,1673,3.0799112097669257,4.411764705882353,1.3318534961154274,884,901,7.404617253948967,29.404617253948967,22.0,823,850,0.10100636123222095,10.179829890643985,10.078823529411764,823,850,22.641509433962263,1325,58.0377358490566,1325,0.8301886792452831,1325,8.0,1325,1.6603773584905661,1325,0.0,1325,24.30188679245283,1325,73.88888888888889,73.22222222222223,1800,1800,1330,0.9022556390977443,62.68156424581006,61.899441340782126,895,895,58.113207547169814,1325,6.490566037735849,1325,29.358490566037737,1325,22.290811444797676,84.97237569060773,62.68156424581006,905,895,10.566037735849056,1325,3.849056603773585,1325,58.113207547169814,1325,3.3962264150943398,1325,3.018867924528302,1325,10.264150943396226,1325,3.6226415094339623,1325,1.9622641509433962,1325,0.0,1325,0.7547169811320755,1325,4.226415094339623,1325,2.792452830188679,1325,89.4022891055532,2359,14.031369224247562,2359,30.606189063162358,2359,29.758372191606615,2359,45.782111064010174,2359,69.01229334463756,2359,99.40196497223408,2341,98.97479709525844,2341,3.3333333333333335,1800,44.34002563007262,2341,0.9397693293464332,2341,12.090909090909092,2200,1.6051587,504,2.432367,12.162852,1965.0,99.1304347826087,115,33.75474083438685,791,49.82554,10.128511655708309,1673,27.092760180995477,1768,22.624434389140273,1768,5.542986425339366,1768,7.635746606334842,1768,37.10407239819005,1768,1.7777777777777777,1800,0.16666666666666666,1800,0.2777777777777778,1800,0.05555555555555555,1800,0.0,1800,0.0,1800,0.0,1800,0.0,1800,0.0,1800,0.0,1800,2.007689021785562,2341,0.9824861170439982,2341,1.7086715079026058,2341,0.897052541648868,2341,3.588210166595472,2341,75.70744449281672,2297,8.837614279494993,2297,1.480191554201132,2297,13.974749673487157,2297,86.02525032651285,2297,6.329113924050633,79,21.153256704980844,97.26702508960574,2232,2.195340501792115,2232,5.363636363636363,2200,95.0354609929078,141,2.6057240495514735,2341,4.5212765957446805,376,40.125786163522015,795,27.29559748427673,795,24.150943396226417,795,8.553459119496855,795,795,2.9446540880503145,91.26559714795009,8.73440285204991,2.584670231729055,1122,1122,1122
070803,2793,1350,23.200859291084853,2793,64.91228070175438,2793,11.88686000716076,2793,29.86036519871106,2793,16.756176154672396,2793,33.0,35.2005,106.88888888888889,1443,6.301467955603294,2793,21.84031507339778,2793,2.97171500179019,2793,54.054054054054056,35.741864313292886,18.31218974076117,51.23456790123457,195.18072289156626,6.847360912981455,2103,11.122244488977955,998,94.08945686900958,626,99.66044142614601,589,93.97590361445783,83,36.36363636363637,253,5.704008221993833,1946,37.718396711202466,1946,43.114080164439876,1946,13.463514902363823,1946,56.5775950668037,1946,61.664953751284685,1946,8.13581914961144,11.122244488977955,2.986425339366516,998,1105,7.307091616592107,17.2972972972973,9.990205680705191,925,1021,-0.03536119861291365,7.9989189189189185,8.034280117531832,925,1021,14.683691236215903,1723,65.2930934416715,1723,0.9866511897852582,1723,7.312826465467208,1723,0.7544979686593152,1723,0.11607661056297155,1723,15.438189204875219,1723,81.75388967468176,80.85808580858085,2121,2121,1734,1.0957324106113033,72.77227722772277,72.27722772277228,1010,1010,77.30702263493906,1723,3.0760301799187464,1723,15.554265815438189,1723,17.14671467146715,89.91899189918992,72.77227722772277,1111,1010,6.035983749274521,1723,2.8438769587928032,1723,77.30702263493906,1723,1.4509576320371445,1723,1.625072547881602,1723,4.236796285548462,1723,1.10272780034823,1723,1.2188044109112013,1723,0.0,1723,0.6384213580963436,1723,4.468949506674405,1723,1.2188044109112013,1723,89.68850698174006,2793,12.92517006802721,2793,21.947726459004656,2793,24.668814894378805,2793,36.806301467955606,2793,69.92481203007519,2793,99.7827661115134,2762,99.637943519189,2762,6.223479490806223,2121,28.89210716871832,2762,0.3620564808110065,2762,9.92661259173426,2589,1.934629,566,3.1146693,13.331085,2963.0,97.36842105263158,152,31.637843336724313,983,50.813835,8.017471736896198,1946,27.79904306220096,2090,32.057416267942585,2090,2.9186602870813396,2090,6.076555023923445,2090,31.148325358851675,2090,2.4516737388024517,2121,0.14144271570014144,2121,0.0,2121,0.0,2121,0.04714757190004715,2121,0.0,2121,0.0,2121,0.0,2121,0.0,2121,0.0,2121,4.417089065894279,2762,2.4257784214337437,2762,3.5481535119478638,2762,2.78783490224475,2762,7.892831281679942,2762,79.54545454545455,2728,7.331378299120234,2728,0.7697947214076246,2728,12.353372434017595,2728,87.6466275659824,2728,17.857142857142858,84,20.40472878998609,96.39194834789214,2633,2.3167489555639955,2633,3.630745461568173,2589,98.84393063583815,173,3.0774800868935555,2762,6.941431670281996,461,38.87240356083086,1011,26.706231454005934,1011,28.288822947576655,1011,9.792284866468842,1011,1011,2.731948565776459,98.11827956989248,1.8817204301075208,0.6048387096774194,1488,1488,1488
070804,1806,813,22.757475083056477,1806,64.83942414174972,1806,12.4031007751938,1806,30.17718715393134,1806,17.60797342192691,1806,34.0,35.76744,122.14022140221402,993,6.146179401993355,1806,20.59800664451827,1806,3.266888150609081,1806,54.22715627668659,35.098206660973524,19.128949615713065,54.50121654501216,183.48214285714286,6.7407407407407405,1350,8.737864077669903,618,94.40389294403893,411,98.19587628865979,388,92.0,50,46.706586826347305,167,6.209677419354839,1240,34.03225806451613,1240,38.62903225806452,1240,21.129032258064516,1240,59.75806451612903,1240,63.70967741935484,1240,3.6832192689267336,8.737864077669903,5.054644808743169,618,732,5.632999039264501,24.16812609457093,18.53512705530643,571,669,0.2523488281382935,8.936952714535902,8.684603886397609,571,669,23.11411992263056,1034,50.967117988394584,1034,0.7736943907156673,1034,14.02321083172147,1034,1.2572533849129595,1034,0.0,1034,24.37137330754352,1034,76.26745040411463,75.09184423218223,1361,1361,1038,1.5414258188824663,66.93418940609952,66.6131621187801,623,623,60.638297872340424,1034,8.220502901353965,1034,24.564796905222437,1034,17.21215205731511,84.14634146341463,66.93418940609952,738,623,10.735009671179885,1034,3.3849129593810443,1034,60.638297872340424,1034,4.448742746615087,1034,3.771760154738878,1034,5.1257253384912955,1034,2.9013539651837523,1034,2.7079303675048356,1034,0.0,1034,0.8704061895551257,1034,5.222437137330754,1034,3.6750483558994196,1034,91.5282392026578,1806,13.510520487264673,1806,13.178294573643411,1806,21.982281284606866,1806,33.222591362126245,1806,70.21040974529346,1806,99.49066213921901,1767,98.81154499151104,1767,4.335047759000735,1361,35.54046406338427,1767,0.7357102433503112,1767,12.907117008443908,1658,2.3269842,315,3.3005366,14.5038185,1834.0,96.7741935483871,93,32.136752136752136,585,52.99829,8.800806451612903,1240,25.093353248693056,1339,24.271844660194176,1339,4.4062733383121735,1339,5.675877520537715,1339,40.55265123226288,1339,2.0573108008817047,1361,0.36737692872887584,1361,0.9551800146950772,1361,0.0,1361,0.0,1361,0.0,1361,0.0,1361,0.0,1361,0.0,1361,0.0,1361,3.45217883418223,1767,1.9807583474816073,1767,2.9994340690435766,1767,2.2637238256932655,1767,6.90435766836446,1767,79.30245854774157,1749,10.005717552887365,1749,0.45740423098913663,1749,10.234419668381932,1749,89.76558033161807,1749,5.0,60,20.647642679900745,95.13353115727003,1685,2.255192878338279,1685,3.7394451145958985,1658,96.3302752293578,109,4.018109790605546,1767,5.161290322580645,310,37.919463087248324,596,30.369127516778523,596,29.86577181208054,596,9.228187919463087,596,596,2.964765100671141,95.76923076923077,4.230769230769226,2.8205128205128207,780,780,780
070805,2015,918,23.424317617866006,2015,65.31017369727047,2015,11.265508684863523,2015,28.734491315136477,2015,16.476426799007445,2015,35.0,35.83871,119.49891067538127,1097,6.997518610421836,2015,18.312655086848636,2015,2.977667493796526,2015,53.11550151975684,35.86626139817629,17.24924012158055,48.09322033898305,207.9295154185022,6.324110671936759,1518,8.875739644970414,676,95.85253456221199,434,96.875,416,91.17647058823529,68,37.41935483870968,155,6.363636363636363,1430,29.37062937062937,1430,40.62937062937063,1430,23.636363636363637,1430,64.26573426573427,1430,67.6923076923077,1430,4.6002052031651885,8.875739644970414,4.275534441805226,676,842,6.6420299397527245,27.30109204368175,20.659062103929024,641,789,0.10443322675872757,9.17160686427457,9.067173637515843,641,789,20.680851063829788,1175,54.5531914893617,1175,0.6808510638297872,1175,12.25531914893617,1175,1.7872340425531914,1175,0.0,1175,22.46808510638298,1175,77.22513089005236,76.30890052356021,1528,1528,1180,1.1864406779661016,65.49192364170338,64.61086637298091,681,681,64.59574468085107,1175,5.0212765957446805,1175,24.851063829787233,1175,21.166872108001456,86.65879574970484,65.49192364170338,847,681,12.25531914893617,1175,4.085106382978723,1175,64.59574468085107,1175,1.7872340425531914,1175,3.148936170212766,1175,6.127659574468085,1175,2.297872340425532,1175,1.9574468085106382,1175,0.0,1175,0.5957446808510638,1175,5.702127659574468,1175,4.085106382978723,1175,89.33002481389578,2015,15.086848635235732,2015,18.312655086848636,2015,15.384615384615385,2015,40.79404466501241,2015,61.588089330024815,2015,99.44972486243121,1999,99.3496748374187,1999,3.2722513089005236,1528,31.21560780390195,1999,0.3001500750375188,1999,8.611410118406889,1858,2.0026248,381,2.877429,9.148264,1902.0,96.3302752293578,109,29.704301075268816,744,50.9207,9.113986013986015,1430,28.137384412153235,1514,26.750330250990753,1514,3.896961690885073,1514,6.605019815059445,1514,34.61030383091149,1514,0.9162303664921466,1528,0.0,1528,0.8507853403141361,1528,0.0,1528,0.06544502617801047,1528,0.0,1528,0.0,1528,0.0,1528,0.0,1528,0.0,1528,3.5017508754377187,1999,2.6013006503251628,1999,3.1015507753876936,1999,3.0515257628814405,1999,7.553776888444222,1999,80.16401845207587,1951,12.91645310097386,1951,0.30753459764223473,1951,6.611993849308047,1951,93.38800615069195,1951,17.5,40,20.668803418803417,98.04543053354463,1893,0.6339144215530903,1893,1.883745963401507,1858,99.29078014184397,141,3.8519259629814906,1999,3.536977491961415,311,37.1313672922252,746,24.932975871313673,746,28.9544235924933,746,8.310991957104557,746,746,2.6796246648793565,96.7670011148272,3.2329988851728046,1.1148272017837235,897,897,897
070901,11843,5596,25.67761546905345,11843,65.00042219032339,11843,9.321962340623154,11843,33.665456387739596,11843,14.143375833825889,11843,31.0,32.98328,111.63330950679057,6247,7.168791691294436,11843,22.5956261082496,11843,1.7647555518027527,11843,53.84515458560665,39.50376721226293,14.341387373343725,36.3038474186123,275.4528985507246,5.448420074349443,8608,7.053526763381691,3998,93.71196754563894,2958,88.60028860028861,2772,85.36585365853658,369,43.17976513098464,1107,5.3635432667690734,7812,29.56989247311828,7812,40.514592933947775,7812,24.551971326164875,7812,65.06656426011264,7812,69.12442396313364,7812,2.99712763106065,7.053526763381691,4.056399132321041,3998,4610,4.966455289035935,27.212572373862695,22.24611708482676,3627,4185,0.06453450969580032,9.37468982630273,9.310155316606929,3627,4185,29.013365370175702,6659,53.596636131551286,6659,1.9372278119837814,6659,5.736597086649647,6659,1.4116233668719027,6659,0.04505180958101817,6659,30.424988737047606,6659,76.81059297639608,75.90097869890616,8685,8685,6671,1.1842302503372808,67.21960881406288,66.30354048031691,4039,4039,44.796515993392404,6659,12.464333984081694,6659,37.45307103168644,6659,17.928906037422266,85.14851485148515,67.21960881406288,4646,4039,12.254092206036942,6659,5.976873404415078,6659,44.66136056464935,6659,3.8294038143865445,6659,8.514792010812434,6659,10.301847124192822,6659,3.964559243129599,6659,6.39735696050458,6659,0.1351554287430545,6659,1.0512088902237573,6659,4.535215497822496,6659,2.192521399609551,6659,85.12201300346196,11843,14.320695769652959,11843,24.976779532213122,11843,22.899603141096005,11843,48.94030228827155,11843,72.67584226969518,11843,97.36887066461644,11706,96.70254570305826,11706,17.305699481865286,8685,54.05774816333504,11706,3.7502135656928073,11706,17.684946632315054,10868,2.0038743,2323,2.7251198,10.257173,10071.0,92.60312944523471,703,31.82496270512183,4022,48.708355,9.340117767537123,7812,24.696737722294195,8491,29.278059121422682,8491,4.6519844541279,8491,5.040631256624661,8491,36.332587445530564,8491,9.476108232584917,8685,0.7829591249280369,8685,0.36845135290731146,8685,0.1266551525618883,8685,0.1266551525618883,8685,0.03454231433506045,8685,0.011514104778353483,8685,0.0,8685,0.0,8685,0.023028209556706966,8685,2.6482145908081325,11706,1.571843499060311,11706,2.3321373654536135,11706,1.5889287544848796,11706,5.262258670767128,11706,74.69806238595882,11509,7.159614214962203,11509,1.1729950473542445,11509,16.969328351724737,11509,83.03067164827526,11509,10.070257611241217,427,20.75357950263753,85.31645569620254,11060,11.952983725135624,11060,21.061832903938168,10868,94.86873508353221,838,5.6039637792585,11706,7.228915662650603,2158,39.628634253603714,4093,22.06205717077938,4093,30.3200586366968,4093,7.231859271927681,4093,4093,2.8600048863914,94.84920365977635,5.15079634022365,2.3381904439173162,5902,5902,5902
070902,9692,4750,30.004127115146513,9692,62.45356995460173,9692,7.542302930251754,9692,38.6401155592241,9692,11.184482047049112,9692,27.0,30.208832,104.0421052631579,4942,9.162195625257946,9692,24.112670243499792,9692,1.516714816343376,9692,60.118949281348094,48.04229307781265,12.076656203535437,25.13755158184319,397.8112175102599,7.074626865671642,6700,9.987707437000614,3254,93.32607907145447,2757,98.87291099883404,2573,81.94444444444444,360,38.042381432896065,991,8.012713282034126,5978,38.34058213449314,5978,36.08230177316828,5978,17.56440281030445,5978,53.64670458347273,5978,59.66878554700569,5978,5.663853693529923,9.987707437000614,4.323853743470691,3254,3446,1.5708948882620568,18.372974836263356,16.8020799480013,2901,3077,-0.34213880950804665,7.813857290589452,8.155996100097498,2901,3077,23.238057948316367,5108,59.201252936570086,5108,1.5857478465152701,5108,6.323414252153484,5108,1.2529365700861395,5108,0.03915426781519186,5108,24.490994518402506,5108,75.65604151223128,74.63306152705708,6745,6745,5103,1.352145796590241,64.29006703229739,63.40645947592931,3282,3282,56.57791699295223,5108,8.41816758026625,5108,30.207517619420518,5108,22.137885609920346,86.42795264221773,64.29006703229739,3463,3282,7.987470634299139,5108,3.8566953797963976,5108,56.362568519968676,5108,3.817541111981206,5108,4.306969459671104,5108,11.765857478465152,5108,3.3476898981989036,5108,4.522317932654659,5108,0.2153484729835552,5108,0.6851996867658575,5108,3.4259984338292875,5108,1.9381362568519969,5108,81.35575732562938,9692,14.166322740404457,9692,37.309120924473795,9692,25.588113908378045,9692,63.37185307470079,9692,75.03095336359884,9692,99.2740848283729,9643,98.98371875972208,9643,26.449221645663453,6745,65.08348024473712,9643,0.9333195063776832,9643,15.800890512615595,8759,2.2119431,2043,2.9338632,12.2875805,9180.0,90.08152173913044,736,35.67424991757336,3033,46.632706,7.989963198394112,5978,28.679588128407026,6604,28.164748637189582,6604,4.254996971532405,6604,5.027256208358571,6604,33.87341005451242,6604,17.865085248332097,6745,0.7116382505559674,6745,0.1334321719792439,6745,0.10378057820607858,6745,0.2965159377316531,6745,0.0,6745,0.014825796886582653,6745,0.0,6745,0.0,6745,0.014825796886582653,6745,2.623664834595043,9643,1.1407238411282796,9643,2.1673752981437313,9643,1.3688686093539355,9643,4.936223167064192,9643,71.26955791242256,9523,6.836081066890686,9523,0.5565473065210543,9523,21.337813714165705,9523,78.6621862858343,9523,13.658536585365853,410,20.318485523385302,76.01966700189965,8949,23.175773829478153,8949,32.10412147505423,8759,96.04072398190046,884,4.065124961111687,9643,5.714285714285714,1995,50.08135372600065,3073,19.850309144158803,3073,23.136999674585095,3073,6.117800195248942,3073,3073,3.1379759192971037,94.94086727989487,5.059132720105126,1.7520805957074026,4566,4566,4566
070903,12735,6100,30.019630938358855,12735,63.60424028268551,12735,6.376128778955634,12735,39.13623871221044,12735,9.6113074204947,12735,26.0,29.208088,108.77049180327869,6635,8.653317628582647,12735,26.23478602277189,12735,1.1464468001570476,12735,57.22222222222222,47.19753086419753,10.024691358024691,21.23986398116662,470.8128078817734,6.149793861658268,8732,8.901515151515152,4224,93.6286573694285,3657,99.03621495327103,3424,85.04464285714286,448,36.652542372881356,1416,6.147909967845659,7775,32.60450160771704,7775,38.70096463022508,7775,22.54662379421222,7775,61.247588424437296,7775,66.30225080385853,7775,5.330086580086581,8.901515151515152,3.5714285714285716,4224,4508,3.9337930851733347,24.580559254327564,20.64676616915423,3755,4020,-0.34153400772436093,8.634087882822902,8.975621890547263,3755,4020,28.38368580060423,6620,55.34743202416919,6620,2.190332326283988,6620,5.13595166163142,6620,0.8761329305135952,6620,0.09063444108761329,6620,29.259818731117825,6620,75.12415349887134,73.76975169300226,8860,8860,6656,1.8028846153846154,63.02521008403362,61.69467787114846,4284,4284,48.85196374622357,6620,10.407854984894259,6620,37.09969788519638,6620,23.42583886701533,86.45104895104895,63.02521008403362,4576,4284,10.01510574018127,6620,3.6404833836858006,6620,48.685800604229605,6620,4.637462235649547,6620,5.664652567975831,6620,16.07250755287009,6620,4.305135951661631,6620,4.214501510574018,6620,0.1661631419939577,6620,0.9214501510574018,6620,4.290030211480363,6620,2.1450151057401814,6620,84.47585394581861,12735,13.435414212799373,12735,27.106399685904986,12735,25.104043973301923,12735,56.08951707891637,12735,66.0855908912446,12735,99.39982626549791,12663,99.0049751243781,12663,25.507900677200904,8860,60.601753139066574,12663,0.7344231224828239,12663,14.684528954191876,11570,2.1682873,2674,2.7480195,11.110067,10639.0,95.07658643326039,914,32.61932479627474,4295,44.272644,8.810675241157556,7775,26.36416521233275,8595,29.80802792321117,8595,4.363001745200698,8595,4.176847004072135,8595,35.287958115183244,8595,17.821670428893906,8860,0.8465011286681715,8860,0.5079006772009029,8860,0.14672686230248308,8860,0.2595936794582393,8860,0.011286681715575621,8860,0.011286681715575621,8860,0.0,8860,0.0,8860,0.0,8860,2.2664455500276395,12663,0.9792308299770986,12663,1.7215509752823186,12663,1.0582010582010581,12663,4.3196714838505885,12663,76.23920690757915,12508,6.69971218420211,12508,0.49568276303165976,12508,16.565398145187082,12508,83.43460185481293,12508,12.784588441330998,571,20.36376707404745,74.42984315387876,11795,24.824077999152184,11795,34.38202247191011,11570,96.52333028362305,1093,2.7797520334833767,12663,6.6109422492401215,2632,47.35992621627853,4337,15.54069633387134,4337,28.337560525709016,4337,5.626008761816924,4337,4337,2.919760202905234,94.65815555182262,5.341844448177383,1.2430707206450529,5953,5953,5953
070904,3086,1526,20.058327932598832,3086,72.8451069345431,3086,7.096565132858069,3086,26.377187297472457,3086,12.02203499675956,3086,33.0,33.977642,102.22804718217563,1560,6.2864549578742706,3086,23.622812702527543,3086,1.1989630589760207,3086,37.27758007117438,27.535587188612098,9.741992882562277,35.37964458804523,282.648401826484,3.610997127615921,2437,4.477611940298507,1206,93.82716049382717,567,95.48872180451127,532,90.12345679012346,81,39.36507936507937,315,4.1030117852466175,2291,28.066346573548667,2291,47.44652989960716,2291,20.384111741597554,2291,67.8306416412047,2291,73.41772151898734,2291,1.715629811947573,4.477611940298507,2.761982128350934,1206,1231,4.266812999207364,22.535211267605632,18.26839826839827,1136,1155,0.25456450826169075,9.580105633802816,9.325541125541125,1136,1155,24.071925754060324,1724,56.438515081206496,1724,0.580046403712297,1724,8.294663573085847,1724,1.91415313225058,1724,0.0,1724,25.986078886310906,1724,73.57873210633947,70.26584867075664,2445,2445,1799,4.502501389660923,61.58285243198681,58.45012366034625,1213,1213,58.70069605568445,1724,8.410672853828306,1724,27.842227378190255,1724,23.80675795762359,85.3896103896104,61.58285243198681,1232,1213,10.034802784222737,1724,4.930394431554524,1724,58.64269141531322,1724,4.582366589327147,1724,3.5962877030162415,1724,9.106728538283063,1724,2.262180974477958,1724,2.0881670533642693,1724,0.058004640371229696,1724,0.9280742459396751,1724,2.9582366589327145,1724,3.7703016241299303,1724,90.53791315618925,3086,10.49902786779002,3086,17.303953337653923,3086,24.108878807517822,3086,52.36552171095269,3086,72.94232015554115,3086,98.23356231599607,3057,97.6120379456984,3057,4.253578732106339,2445,44.84789008832188,3057,1.8318613019299967,3057,15.824329034506796,2869,1.2637362,728,1.9298409,10.439026,2050.0,95.89041095890411,146,32.56704980842912,783,49.02682,9.45176778699258,2291,17.101937657961248,2374,26.11625947767481,2374,6.571187868576243,2374,6.444818871103623,2374,43.76579612468408,2374,2.494887525562372,2445,0.081799591002045,2445,0.28629856850715746,2445,0.0408997955010225,2445,0.0,2445,0.0,2445,0.0,2445,0.0,2445,0.0,2445,0.0,2445,1.9299967288191038,3057,0.8832188420019627,3057,1.6683022571148185,3057,1.1122015047432123,3057,4.317958783120707,3057,73.48837209302326,3010,7.607973421926911,3010,0.8637873754152824,3010,18.039867109634553,3010,81.96013289036544,3010,6.451612903225806,93,20.947176684881605,95.24793388429752,2904,3.822314049586777,2904,5.716277448588358,2869,93.61702127659575,188,3.8599934576382076,3057,6.763285024154589,414,43.686868686868685,792,22.727272727272727,792,12.752525252525253,792,3.0303030303030303,792,792,3.859848484848485,93.7748344370861,6.225165562913901,1.6556291390728477,1510,1510,1510
071001,126886,63132,29.305833582901187,126886,65.30034834418296,126886,5.393818072915845,126886,38.52040414230096,126886,8.28144949009347,126886,26.0,28.45831,100.98523728061839,63754,8.383115552543227,126886,27.865958419368567,126886,0.9473070315085983,126886,53.1385398940343,44.87852565263044,8.260014241403864,18.405270942584377,543.322618351841,2.791183584479293,88063,4.093979575590784,43967,95.08061769047349,35228,83.46917450365726,33495,87.36702127659575,4512,54.10334346504559,15792,3.481016685970294,78569,18.532754648780053,78569,47.078364240349245,78569,30.907864424900406,78569,77.98622866524966,78569,81.17196349705354,78569,2.601780736693832,4.093979575590784,1.492198838896952,43967,44096,5.173310285159467,33.49455248956318,28.321242204403717,39284,39285,-0.07823428189849757,10.56623561755422,10.644469899452718,39284,39285,40.96052039721809,57802,41.367080723850385,57802,1.8113560084426144,57802,5.724715407771358,57802,2.0362617210477145,57802,0.048441230407252345,57802,42.996782118265806,57802,66.6926008614663,64.71483661457276,88686,88686,59147,2.9654927553383943,57.68866221339592,55.92164650658964,44312,44312,9.977163419950866,57802,16.573820975052765,57802,66.49596899761254,57802,17.99529686173816,75.68395907513408,57.68866221339592,44374,44312,16.63437251306183,57802,7.435728867513235,57802,9.852600256046504,57802,8.563717518424967,57802,7.771357392477769,57802,24.457631223833086,57802,11.477111518632574,57802,7.565482163246947,57802,0.12456316390436317,57802,1.695443064253832,57802,4.439292758036054,57802,4.402961835230615,57802,77.54440994278329,126886,17.96809734722507,126886,23.983733430008037,126886,13.581482590671941,126886,45.13736740065886,126886,51.36421669845373,126886,99.22464559211417,125491,98.92263190188937,125491,14.394605687481677,88686,37.63377453363189,125491,1.4136471938226647,125491,8.865337633997271,115021,1.9052508,29024,2.4199946,9.039318,96921.0,98.66384589689345,8981,39.7322777542757,33094,44.56944,10.605353256373379,78569,23.38603120146503,86278,26.75653121305547,86278,4.993161640279098,86278,3.8445490159716265,86278,41.019726929228774,86278,8.443271767810026,88686,0.8919107863698893,88686,0.6043794962000767,88686,0.30782761653474056,88686,0.2841485691089913,88686,0.0732922896511287,88686,0.032699636921272805,88686,0.006765442121642649,88686,0.002255147373880883,88686,0.016913605304106624,88686,2.687045286116136,125491,0.9666031826983609,125491,1.8351913683052967,125491,0.9259628180506969,125491,4.664876365635783,125491,67.96398255556183,124051,11.570241271735012,124051,1.3728224681784105,124051,19.092953704524753,124051,80.90704629547525,124051,8.732394366197184,5680,20.710310355117876,90.963254660291,117321,8.07869008958328,117321,16.760417662861563,115021,97.3352435530086,10470,1.8096915316636253,125491,7.33822548365577,25483,57.55912791911479,33529,16.433535148677265,33529,14.930358793879925,33529,2.7707357809657314,33529,33529,3.742759998807003,91.60060585793812,8.39939414206188,2.4155634675531603,50837,50837,50837
071002,16598,8020,31.744788528738404,16598,61.89902397879263,16598,6.3561874924689725,16598,41.233883600433785,16598,9.260151825521147,16598,24.0,27.937523,106.9576059850374,8578,9.278226292324376,16598,27.76238100976021,16598,1.2290637426195927,16598,61.55343585750438,51.2847965738758,10.268639283628577,20.02277472006073,499.4312796208531,5.645743145743146,11088,7.86286566051798,5367,91.56287665729208,4978,97.45502413339184,4558,86.39876352395672,647,37.15,2000,6.505728314238953,9776,31.587561374795417,9776,47.002864157119475,9776,14.903846153846153,9776,61.90671031096563,9776,67.00081833060557,9776,4.29705548747131,7.86286566051798,3.5658101730466703,5367,5721,4.712830970887053,17.34607218683652,12.633241215949466,4710,5066,-0.06229205485468725,8.346709129511677,8.409001184366364,4710,5066,41.80519101778944,6858,34.456109652960045,6858,1.3852435112277632,6858,9.230096237970253,6858,2.522601341498979,6858,0.1020705745115194,6858,44.32779235928842,6858,62.79985678481919,60.866451843895454,11172,11172,7016,3.0786773090079818,45.62927370171872,44.24320827943079,5411,5411,42.86964129483815,6858,12.46719160104987,6858,36.351706036745405,6858,33.29799586953627,78.927269571255,45.62927370171872,5761,5411,7.713619130941965,6858,7.830271216097988,6858,42.84047827354914,6858,5.905511811023622,6858,6.459609215514727,6858,11.971420239136775,6858,6.5033537474482355,6858,3.6453776611256927,6858,0.029163021289005542,6858,0.8311461067366579,6858,2.7996500437445317,6858,2.6246719160104988,6858,90.27593685986264,16598,12.121942402699121,16598,18.845644053500422,16598,17.30931437522593,16598,41.88456440535004,16598,61.42306301964092,16598,98.82238086521447,16389,98.31594362072121,16389,24.140708915145005,11172,53.877600829824885,16389,0.5857587406187077,16389,12.158075139458298,14879,2.298271,3470,3.0059438,10.491532,14526.0,97.13831478537361,1258,34.53404601440855,4303,45.722054,8.378989361702128,9776,15.934317952481424,10901,37.65709567929548,10901,3.265755435281167,10901,4.302357581873222,10901,38.84047335106871,10901,9.085213032581454,11172,0.2506265664160401,11172,7.814178302900108,11172,0.26852846401718583,11172,0.22377372001432153,11172,0.06265664160401002,11172,0.01790189760114572,11172,0.0,11172,0.0,11172,0.01790189760114572,11172,2.2698151198974923,16389,1.043382756727073,16389,1.848801025077796,16389,1.1593141741411923,16389,4.185734334004516,16389,79.98260977579032,16101,6.099000062107944,16101,0.9316191540898081,16101,12.986771008011925,16101,87.01322899198807,16101,15.526315789473685,760,19.51150442477876,83.66796129287079,15191,15.127378052794418,15191,20.37099267423886,14879,93.24503311258277,1510,3.5389590579046923,16389,11.176142697881827,3588,58.818140174072376,4366,19.102153000458085,4366,15.987173614292258,4366,3.8937242327072834,4366,4366,3.7537792029317454,78.73034138856924,21.269658611430756,3.4522439585730726,5214,5214,5214
071003,23110,11342,32.42752055387278,23110,61.8866291648637,23110,5.685850281263522,23110,42.43184768498485,23110,8.489831241886629,23110,24.0,27.735136,103.75595133133486,11768,9.073993942016443,23110,26.490696668109045,23110,0.926006057983557,23110,61.58579219689554,52.39826597678646,9.187526220109076,17.53402722177742,570.3196347031964,4.449801289986318,15349,5.491444488658973,7539,93.80211228460256,7196,85.45185185185186,6750,87.33480176211454,908,42.584826534502476,2623,5.578696816423683,13444,26.762868193989885,13444,48.19994049390063,13444,19.45849449568581,13444,67.65843498958644,13444,71.89824457006843,13444,2.0471423119624306,5.491444488658973,3.4443021766965427,7539,7810,2.612850139265408,20.786686838124055,18.173836698858647,6610,6834,-0.07368288928234179,9.095763993948562,9.169446883230904,6610,6834,43.87988362427265,9624,35.733582709891934,9624,1.5378221113881962,9624,7.574812967581047,9624,2.7015793848711556,9624,0.0831255195344971,9624,46.58146300914381,9624,63.85908209437621,61.590174531351,15470,15470,9879,3.5529911934406315,49.86849026827985,48.26407154129406,7604,7604,28.075644222776393,9624,17.726517040731505,9624,46.56068162926018,9624,27.515186314481404,77.38367658276125,49.86849026827985,7866,7604,9.912718204488778,9624,7.605985037406484,9624,28.013300083125518,9624,11.72069825436409,9624,5.818786367414797,9624,17.155029093931837,9624,7.138403990024938,9624,5.8499584372402325,9624,0.06234413965087282,9624,0.9767248545303409,9624,3.0652535328345802,9624,2.337905236907731,9624,79.21678926871485,23110,14.906966681090436,23110,29.143228039809607,23110,13.491994807442666,23110,43.82085677196019,23110,56.35222847252272,23110,99.10535044077857,22914,98.70821331936807,22914,15.203619909502262,15470,55.813040062843676,22914,0.85537226149952,22914,7.329591787787211,20847,2.2406363,4966,2.8795164,11.347734,19722.0,98.37775202780996,1726,34.466493168510084,6148,45.39883,9.133219279976197,13444,21.341100152247304,15107,32.39557820877739,15107,4.203349440656649,15107,4.157013305090356,15107,37.9029588932283,15107,7.117000646412411,15470,0.33613445378151263,15470,2.9476405946994184,15470,0.40077569489334197,15470,0.1874595992243051,15470,0.1486748545572075,15470,0.0,15470,0.006464124111182934,15470,0.0,15470,0.0,15470,2.478833900672078,22914,1.021209740769835,22914,2.081696779261587,22914,1.1695906432748537,22914,4.682726717290739,22914,72.7807770599168,22598,7.562616160722188,22598,4.41632002832109,22598,15.240286751039916,22598,84.75971324896008,22598,11.823104693140793,1108,19.925264012997562,91.32619517234902,21294,7.6500422654268805,21294,13.388017460545882,20847,95.16207063376875,2067,2.2126211050013094,22914,8.246839026231365,5299,60.57584043751005,6217,17.51648705163262,6217,15.152002573588547,6217,3.200900755991636,6217,6217,3.685700498632781,86.70702484550385,13.292975154496148,2.6232816244166983,7929,7929,7929
071004,14610,6327,27.104722792607802,14610,67.61122518822724,14610,5.284052019164956,14610,36.43394934976044,14610,7.488021902806297,14610,27.0,28.773237,130.91512565196777,8283,7.864476386036961,14610,28.44626967830253,14610,0.9034907597535934,14610,47.90443409597084,40.089086859688194,7.815347236282649,19.494949494949495,512.9533678756477,6.071599045346062,10475,9.190672153635116,4374,92.02879917716636,3889,98.26767253422744,3579,86.61417322834646,508,41.84476940382452,1778,8.331559906363056,9398,30.33624175356459,9398,43.20068099595659,9398,18.131517344115768,9398,61.33219834007235,9398,65.70546924877634,9398,5.355235339998007,9.190672153635116,3.835436813637109,4374,6101,8.470581650263538,23.088763468445357,14.618181818181819,3898,5500,0.36785148561033587,8.728578758337608,8.360727272727273,3898,5500,50.60303462585916,7711,32.56386979639476,7711,1.1671637919854754,7711,6.4972117753858125,7711,1.491375956425885,7711,0.025936973155232784,7711,52.09441058228505,7711,73.80297714990044,72.46610410543282,10547,10547,7784,1.8114080164439876,56.71506352087114,55.46733212341198,4408,4408,54.26014784074699,7711,8.507327194916353,7711,31.033588380236026,7711,29.357586747902275,86.07265026877342,56.71506352087114,6139,4408,8.299831409674491,7711,4.6167812216314355,7711,54.24717935416937,7711,3.942419919595383,7711,4.461159382700039,7711,10.932434184930619,7711,3.6571132148878225,7711,4.876150953183763,7711,0.012968486577616392,7711,0.5706134094151213,7711,3.6182077551549736,7711,2.2305796913500195,7711,85.71526351813826,14610,11.9233401779603,14610,23.586584531143053,14610,20.732375085557837,14610,53.87405886379192,14610,62.40930869267625,14610,99.25362819626814,14470,98.88044229440221,14470,34.256186593344076,10547,54.284727021423635,14470,0.912232204561161,14470,10.44071353620147,13342,2.0825472,2968,2.719569,10.785824,11033.0,97.64102564102564,975,36.57461809635723,3404,45.254406,8.51330070227708,9398,18.00833091155672,10323,31.10529884723433,10323,5.579773321708806,10323,4.146081565436404,10323,41.16051535406374,10323,22.309661515122784,10547,0.625770361240163,10547,4.57950127998483,10547,0.3128851806200815,10547,0.07585095287759552,10547,0.02844410732909832,10547,0.0474068455484972,10547,0.0,10547,0.0,10547,0.02844410732909832,10547,2.017968210089841,14470,0.8776779543883898,14470,1.6171389080856946,14470,1.1541119557705597,14470,3.9737387698686937,14470,73.11237773555696,14211,8.148617268313279,14211,0.6192386179719935,14211,18.119766378157767,14211,81.88023362184224,14211,9.484193011647255,601,20.184448462929474,80.9439917786097,13623,17.507157013873595,13623,29.440863438764804,13342,95.92198581560284,1128,3.08914996544575,14470,7.700459201695514,2831,58.74246339362618,3483,18.059144415733563,3483,16.19293712316968,3483,4.5076083835773755,3483,3483,4.154464542061441,90.39951389943795,9.600486100562051,2.1722618866778065,6583,6583,6583
071005,15246,6888,26.971008789190606,15246,67.52590843499934,15246,5.503082775810048,15246,36.27180899908173,15246,7.811885084612357,15246,26.0,28.793192,121.34146341463415,8358,8.100485373212646,15246,29.30604748786567,15246,0.7215007215007215,15246,48.091306459446336,39.94171928120447,8.149587178241864,20.403696498054476,490.1072705601907,4.5856504695049685,10969,7.077814569536423,4832,93.9879759519038,3992,98.00106609808103,3752,89.77695167286245,538,44.159684573681616,2029,5.397408427711458,9801,22.56912559942863,9801,47.770635649423525,9801,24.262830323436383,9801,72.03346597285991,9801,75.88001224364861,9801,4.454382925410629,7.077814569536423,2.6234316441257945,4832,6137,4.108893193762906,26.574895006999533,22.466001813236627,4286,5515,-0.0644412705517432,9.653056462902473,9.717497733454216,4286,5515,46.07376943837553,7781,34.80272458552885,7781,1.6578845906695798,7781,6.618686544145997,7781,1.5293664053463565,7781,0.1156663667909009,7781,47.60313584372189,7781,71.74386920980926,70.17257039055404,11010,11010,7899,2.1901506519812632,56.80741503604531,55.57157569515963,4855,4855,45.73962215653515,7781,9.51034571391852,7781,36.21642462408431,7781,26.718173916026174,83.52558895207149,56.80741503604531,6155,4855,10.51278755943966,7781,6.207428351111682,7781,45.72677033800283,7781,3.9455082894229534,7781,5.462022876236987,7781,11.875080323865827,7781,4.793728312556227,7781,5.551985605963244,7781,0.012851818532322324,7781,1.1823673049736538,7781,3.225806451612903,7781,2.6089191620614316,7781,91.7552144824872,15246,12.337662337662337,15246,29.529056801784076,15246,21.74340810704447,15246,51.45611963793782,15246,65.61721107175653,15246,98.95364238410596,15100,98.56291390728477,15100,23.851044504995457,11010,53.49006622516556,15100,1.1523178807947019,15100,14.151895085747226,13878,1.979321,3240,2.717232,9.960872,11756.0,98.4725050916497,982,40.17618793379605,3746,44.029366,9.689317416590145,9801,18.094795539033456,10760,30.269516728624534,10760,3.7360594795539033,10760,3.819702602230483,10760,44.07992565055762,10760,16.62125340599455,11010,0.5540417801998183,11010,1.2079927338782925,11010,0.5177111716621253,11010,0.09990917347865577,11010,0.09990917347865577,11010,0.07266121707538602,11010,0.0,11010,0.0,11010,0.05449591280653951,11010,2.019867549668874,15100,0.9602649006622517,15100,1.8410596026490067,15100,0.9867549668874173,15100,3.8675496688741724,15100,81.01914262604475,14836,7.468320301968186,14836,0.7414397411701267,14836,10.771097330816932,14836,89.22890266918307,14836,8.34597875569044,659,20.05240793201133,89.2277283636877,14166,9.049837639418326,14166,20.644185041072202,13878,95.49918166939443,1222,5.357615894039735,15100,6.755373592630502,2931,54.084221207508875,3942,16.920345002536784,3942,20.52257737189244,3942,4.591577879249112,3942,3942,3.830542871638762,93.26315789473684,6.736842105263165,1.443609022556391,6650,6650,6650
071101,30118,13821,32.12032671492131,30118,63.3308984660336,30118,4.548774819045089,30118,40.9389733714058,30118,7.102065210173318,30118,24.0,27.27077,117.91476738296795,16297,10.093631715253338,30118,27.196360980144764,30118,0.690616906833123,30118,57.90080738177624,50.718255216525115,7.182552165251127,14.16167045689477,706.1313868613139,5.534427542033627,19984,7.875335120643432,8952,88.97556498795457,8717,89.05363589479113,7756,71.20462046204621,1212,28.867713004484305,3568,6.03574238507362,17794,27.925143306732608,17794,49.820164100258516,17794,16.218950207935258,17794,66.03911430819377,17794,70.63054962346858,17794,4.240454772565114,7.875335120643432,3.6348803480783176,8952,11032,2.169039190580204,17.430608607079197,15.261569416498993,7854,9940,-0.27129281930441884,8.68856633562516,8.959859154929578,7854,9940,33.69922393903377,14303,45.969377053764944,14303,1.3144095644270433,14303,7.7116688806544085,14303,1.5730965531706635,14303,0.09089002307208278,14303,35.272320492204436,14303,71.4675125142489,70.14917975913168,20177,20177,14420,1.8446601941747574,55.11602209944751,54.12154696132597,9050,9050,46.0462839963644,14303,14.836048381458435,14303,33.02803607634762,14303,29.650761400148063,84.76678349959558,55.11602209944751,11127,9050,8.655526812556806,14303,6.5161155002447035,14303,45.47996923722296,14303,9.172900790044046,14303,5.57924910857862,14303,11.661889114171853,14303,3.9781863944627003,14303,5.404460602670769,14303,0.5663147591414388,14303,0.6781794029224638,14303,3.999161015171642,14303,1.4682234496259525,14303,84.77986586094694,30118,9.409655355601302,30118,16.422073178829937,30118,21.38920247028355,30118,44.82369347234212,30118,64.78849857228235,30118,98.13831574702601,29758,96.50514147456147,29758,60.52931555731774,20177,44.20659990590765,29758,1.5189192822098259,29758,18.37581284101951,26758,2.5290813,6052,3.1662357,8.217949,25566.0,91.4618908788005,2401,30.1032480103248,9298,41.96838,8.840114645386086,17794,23.019118699519478,19562,34.18362130661487,19562,4.0384418771086805,19562,2.7655658930579694,19562,35.99325222369901,19562,7.255786291321802,20177,0.9466223918322842,20177,0.7632452792783863,20177,39.31208802101403,20177,0.11894731625117708,20177,0.3617980869306636,20177,0.14372800713683898,20177,0.07434207265698568,20177,0.014868414531397135,20177,0.05947365812558854,20177,1.86168425297399,29758,0.692250823308018,29758,1.1761543114456616,29758,0.8737146313596343,29758,3.313394717386921,29758,35.21073715205259,29207,6.813435135412743,29207,0.9860649844215428,29207,56.98976272811312,29207,43.01023727188688,29207,16.628175519630485,1299,19.187468160978096,86.17806018112766,27384,9.096552731522056,27384,16.985574407653786,26758,90.23333333333333,3000,3.605753074803414,29758,9.729816661305886,6218,48.10046433094133,9476,11.481637821865766,9476,29.16842549598987,9476,3.0287040945546644,9476,9476,3.1403545799915578,97.22290690986772,2.777093090132283,0.8955714403089311,12171,12171,12171
071102,14888,7155,32.77807630306287,14888,62.191026329930146,14888,5.030897367006985,14888,41.90623320795272,14888,7.751209027404621,14888,24.0,27.322945,108.07826694619148,7733,10.458087049973132,14888,26.524717893605587,14888,0.8194519075765717,14888,60.7949022572632,52.705475753321096,8.08942650394211,15.348360655737705,651.5353805073431,5.456095481670929,9384,6.769436997319035,4476,91.66474255368276,4331,98.94206549118388,3970,79.19354838709677,620,30.921459492888065,1617,6.581020482365774,8251,26.00896860986547,8251,51.254393406859776,8251,16.15561750090898,8251,67.41001090776875,8251,72.13671070173312,8251,2.5110832890875763,6.769436997319035,4.258353708231459,4476,4908,3.3060441567716303,17.891781521184278,14.585737364412648,3918,4333,0.10957840201396074,8.944104134762634,8.834525732748673,3918,4333,42.05725070776974,6358,35.32557407989934,6358,1.620006291286568,6358,6.511481597986788,6358,2.5951557093425603,6358,0.06291286568103177,6358,44.6524064171123,6358,66.95144821837883,65.61783704938529,9598,9598,6426,1.9919078742608154,52.36847849814451,51.320672342283345,4581,4581,44.49512425290972,6358,13.07014784523435,6358,36.3479081472161,6358,27.898613389437713,80.26709188758223,52.36847849814451,5017,4581,8.902170493865995,6358,9.499842717835797,6358,43.913180245360174,6358,7.565272098144071,6358,5.394778232148474,6358,11.513054419628814,6358,3.3658383139351997,6358,5.945265806857503,6358,0.5819440075495439,6358,0.9751494180559924,6358,4.105064485687323,6358,1.887385970430953,6358,89.16577109081139,14888,8.563944116066631,14888,8.134067705534658,14888,17.490596453519615,14888,43.83396023643203,14888,62.54701773240193,14888,98.04901756578491,14403,96.69513295841145,14403,46.36382579704105,9598,28.39686176491009,14403,0.7984447684510172,14403,10.153033480929077,12873,2.532575,2901,3.2129514,9.225959,12790.0,94.34977578475336,1115,35.92906707787201,3891,44.139297,8.886559204944856,8251,18.039867109634553,9030,37.64119601328904,9030,4.363233665559247,9030,3.4108527131782944,9030,36.54485049833887,9030,1.3127734944780163,9598,0.5209418628881017,9598,0.5105230256303397,9598,38.310064596791,9598,0.08335069806209627,9598,0.29172744321733696,9598,0.19795790789747864,9598,0.0312565117732861,9598,0.0,9598,0.10418837257762034,9598,1.819065472471013,14403,0.7290147885857113,14403,1.2566826355620357,14403,0.8192737624106089,14403,3.3604110254808024,14403,65.34197264218862,13890,6.234701223902088,13890,0.6911447084233261,13890,27.73218142548596,13890,72.26781857451404,13890,15.396578538102643,643,18.95418532552532,97.39934794146637,13189,1.5770718022594585,13189,4.311349335819156,12873,90.13071895424837,1530,2.055127404013053,14403,8.16847479259732,3134,56.486083499005964,4024,15.009940357852882,4024,17.17196819085487,4024,2.9324055666003974,4024,4024,3.5792743538767398,95.10280373831776,4.8971962616822395,1.514018691588785,5350,5350,5350
071103,44909,22075,32.15613796789062,44909,62.33271727270703,44909,5.511144759402347,44909,41.75332338729431,44909,8.40588746131065,44909,24.0,27.463137,103.43827859569649,22834,9.100625709768643,44909,27.9609877752789,44909,0.7815805295152419,44909,60.429393062551355,51.58789697424356,8.84149608830779,17.13870230593449,583.4747474747475,6.208987042403651,30021,9.008764182349344,14719,91.69748386628962,13791,97.48537086825874,12646,81.54897494305239,1756,43.85459780457081,5557,7.315507213535765,26478,30.330840697937912,26478,40.716821512198806,26478,21.63683057632752,26478,62.353652088526324,26478,66.39474280534783,26478,5.492883905261381,9.008764182349344,3.5158802770879625,14719,15302,4.485404103624187,23.933741001625513,19.448336898001326,12919,13559,-0.13741248929938799,8.760662589983745,8.898075079283133,12919,13559,30.902371707910373,21377,50.16138840810216,21377,1.2864293399448006,21377,8.219114001029144,21377,1.7167984282172428,21377,0.046779248725265475,21377,32.619170136127615,21377,71.35816353532681,69.83990473670283,30232,30232,21573,2.127659574468085,58.441733504077646,57.208330525038754,14837,14837,39.944800486504185,21377,10.791972680918745,21377,43.443888291154046,21377,25.36469715522732,83.80643065930497,58.441733504077646,15395,14837,10.18852037236282,21377,4.804228844084764,21377,39.813818590073446,21377,5.1924966085044675,21377,5.515273424708799,21377,18.76783458857651,21377,5.0287692379660385,21377,5.459138326238481,21377,0.13098189643074332,21377,0.846704401927305,21377,4.107218038078308,21377,2.5868924545071805,21377,85.61980894698168,44909,9.630586296733394,44909,34.82820815426752,44909,24.68102162150126,44909,57.98837649468926,44909,64.25438108174308,44909,98.86761144497264,44596,98.14781594761862,44596,43.61934374173062,30232,53.614673961790295,44596,1.576374562741053,44596,12.980093243543255,40539,2.120488,10084,2.766292,10.427666,37880.0,97.59812536613943,3414,42.33154484008083,14351,42.01303,8.831029533952716,26478,22.262452625879806,29552,28.512452625879806,29552,3.8846778559826745,29552,3.9219003789929614,29552,41.418516513264755,29552,29.64739349034136,30232,1.3396401164329188,30232,2.487430537179148,30232,1.700185234188939,30232,0.1984652024345065,30232,0.12569462820852076,30232,0.059539560730351944,30232,0.02646202699126753,30232,0.006615506747816882,30232,0.05292405398253506,30232,1.9486052560767781,44596,1.013543815588842,44596,1.5203157233832632,44596,1.0000896941429724,44596,3.742488115526056,44596,72.09302325581395,44032,6.202307412790698,44032,0.6154614825581395,44032,21.08920784883721,44032,78.9107921511628,44032,10.188159706287287,2179,20.06509392747925,79.06319451154701,41396,16.260025123200307,41396,33.41720318705444,40539,95.24279023909293,4057,3.8613328549645707,44596,7.556925524510292,10057,50.88789480818761,14754,14.152094347295648,14754,28.460078622746373,14754,4.602141792056392,14754,14754,3.0226379286973026,94.27000274951884,5.729997250481162,1.4462469067913115,18185,18185,18185
071104,6364,3093,33.50094280326839,6364,59.56945317410434,6364,6.929604022627278,6364,43.24324324324324,6364,10.040854808296668,6364,24.0,28.326525,105.75493048819916,3271,11.140791954745444,6364,24.512884978001257,6364,1.2413576367064738,6364,67.87127407016618,56.23845950936428,11.632814560801899,20.684803001876173,483.4467120181406,6.840551181102362,4064,10.477178423236515,1928,90.92815941269009,1907,98.78892733564014,1734,70.9090909090909,275,33.227344992050874,629,7.028394714647175,3557,24.79617655327523,3557,49.170649423671634,3557,19.00477930840596,3557,68.17542873207759,3557,72.28001124543154,3557,6.9191259887795855,10.477178423236515,3.5580524344569286,1928,2136,-4.66353672656907,16.53731343283582,21.20085015940489,1675,1882,-1.356271353117517,8.36955223880597,9.725823591923486,1675,1882,24.780058651026394,2728,44.31818181818182,2728,1.282991202346041,2728,17.81524926686217,2728,1.9794721407624634,2728,0.07331378299120235,2728,26.759530791788855,2728,66.74669867947179,64.82593037214886,4165,4165,2780,2.8776978417266186,55.7633973710819,54.29726996966633,1978,1978,54.39882697947214,2728,13.709677419354838,2728,27.969208211143695,2728,20.916986716709594,76.6803840877915,55.7633973710819,2187,1978,10.850439882697946,2728,5.058651026392962,2728,54.252199413489734,2728,7.9178885630498534,2728,5.681818181818182,2728,8.980938416422287,2728,1.6129032258064515,2728,3.2624633431085046,2728,0.1466275659824047,2728,0.7331378299120235,2728,5.975073313782991,2728,2.126099706744868,2728,96.1659333752357,6364,8.249528598365808,6364,5.342551854179761,6364,37.2093023255814,6364,31.9610307982401,6364,80.01257071024513,6364,99.09076407720529,6269,98.64412186951667,6269,92.1968787515006,4165,20.14675386824055,6269,0.49449672994097943,6269,9.528081823075542,5573,2.7712147,1202,3.9509583,10.805779,6987.0,86.93877551020408,490,17.50171585449554,1457,48.535347,9.087152094461626,3557,39.53195772521389,3974,24.987418218419727,3974,1.560140915953699,3974,3.3719174635128333,3974,30.548565676899848,3974,0.6482593037214885,4165,0.19207683073229292,4165,0.24009603841536614,4165,79.23169267707082,4165,0.0,4165,0.12004801920768307,4165,0.024009603841536616,4165,0.024009603841536616,4165,0.0,4165,0.0,4165,2.3927261126176425,6269,1.1644600414739192,6269,1.5313447120752912,6269,1.1963630563088212,6269,4.019779869197639,6269,85.15369522563768,6116,7.962720732504905,6116,0.16350555918901244,6116,6.720078482668411,6116,93.27992151733159,6116,15.562913907284768,302,18.91616314199396,84.60731152702466,5717,13.730977785551863,5717,46.725282612596445,5573,95.25862068965517,696,4.881161269739991,6269,3.9881831610044314,1354,63.9300134589502,1486,20.928667563930013,1486,9.62314939434724,1486,2.9609690444145356,1486,1486,4.218707940780619,88.45130388504523,11.548696114954765,4.417243214475785,1879,1879,1879
071105,8541,4018,31.085353003161224,8541,63.88010771572415,8541,5.034539281114624,8541,40.21777309448542,8541,7.891347617375015,8541,25.0,28.10116,112.56844201095072,4523,9.436834094368342,8541,26.226437185341293,8541,0.7376185458377239,8541,56.54325513196481,48.66202346041056,7.881231671554252,16.195856873822976,617.4418604651163,4.529243937232525,5608,6.027293404094011,2638,90.89770354906054,2395,97.24391364262748,2177,75.07692307692308,325,36.283185840707965,904,4.879518072289157,4980,27.51004016064257,4980,50.22088353413655,4980,17.389558232931726,4980,67.61044176706827,4980,71.98795180722891,4980,2.8286402054408124,6.027293404094011,3.1986531986531985,2638,2970,3.3920097676505225,19.199311235471374,15.807301467820851,2323,2657,-0.18159181531545165,8.971588463194145,9.153180278509597,2323,2657,37.240635947184046,3711,43.92347076259768,3711,1.7515494475882512,3711,5.9283212072217735,3711,1.8323901913230936,3711,0.37725680409593104,3711,39.07302613850714,3711,65.64299424184262,64.31687314604781,5731,5731,3762,2.0202020202020203,50.65079955373745,49.646708813685386,2689,2689,36.917272972244675,3711,12.98841282673134,3711,43.54621395850175,3711,28.24466395711068,78.89546351084813,50.65079955373745,3042,2689,9.323632444085153,3711,7.275666936135813,3711,25.03368364322285,3711,5.335489086499596,3711,7.518189167340339,3711,16.78792778226893,3711,4.958232282403665,3711,6.952303961196443,3711,11.883589329021827,3711,1.6168148746968471,3711,3.4761519805982215,3711,2.640797628671517,3711,90.44608359676853,8541,8.816297857393748,8541,16.66081255122351,8541,14.998243765367054,8541,48.28474417515513,8541,61.8662920032783,8541,97.23723723723724,8325,96.21621621621621,8325,22.36956901064387,5731,49.093093093093096,8325,2.2222222222222223,8325,15.015254012468498,7539,2.43686,1758,3.1306534,9.600109,7427.0,95.30516431924883,639,38.59060402684564,2384,44.27475,9.06847389558233,4980,16.183924692251992,5524,41.328747284576394,5524,4.905865314989138,5524,3.33091962346126,5524,34.250543084721215,5524,4.833362414936311,5731,0.9945908218461001,5731,0.6456115861106264,5731,9.282847670563601,5731,0.1395916942941895,5731,0.17448961786773687,5731,0.1395916942941895,5731,0.05234688536032106,5731,0.0,5731,0.06979584714709475,5731,2.6066066066066065,8325,1.057057057057057,8325,1.90990990990991,8325,1.2252252252252251,8325,4.456456456456457,8325,77.32729054385105,8164,5.769230769230769,8164,0.8329250367466928,8164,16.070553650171483,8164,83.92944634982851,8164,17.894736842105264,380,19.181299885974916,92.11073563815961,7694,4.315050688848453,7694,10.598222575938454,7539,90.07633587786259,786,3.903903903903904,8325,8.280254777070065,1727,53.99426464563703,2441,13.88775092175338,2441,19.295370749692747,2441,2.7857435477263417,2441,2441,3.410487505120852,91.73399627097577,8.266003729024234,1.0565568676196395,3218,3218,3218
071106,25258,12251,34.49600126692533,25258,61.76260986618101,25258,3.7413888668936575,25258,44.03753266291868,25258,6.184179269934278,25258,23.0,25.674479,106.17092482246348,13007,10.871802993111093,25258,28.517697363211656,25258,0.5780346820809249,25258,61.91025641025641,55.8525641025641,6.0576923076923075,10.845862504303915,922.010582010582,4.283088235294118,16320,6.4374919531350585,7767,81.85143145415563,7929,79.27580893682588,6490,64.23423423423424,1110,30.66837224176527,3127,6.851037083595223,14319,34.16439695509463,14319,42.37027725399818,14319,16.614288707311964,14319,58.984565961310146,14319,65.59815629583072,14319,4.110822948107582,6.4374919531350585,2.3266690050274756,7767,8553,3.0093529363749383,18.2060785767235,15.19672564034856,6745,7574,-0.373581639657969,8.186360266864344,8.559941906522313,6745,7574,39.45390132204268,11573,42.02886027823382,11573,1.1405858463665428,11573,7.914974509634494,11573,1.9787436274086234,11573,0.08640801866413203,11573,41.43264494945131,11573,70.95850344281274,69.55700444823594,16411,16411,11645,1.9750966079862602,52.73587317821529,51.76425466632575,7822,7822,40.03283504709237,11573,11.751490538321956,11573,39.91186382096259,11573,34.817974766830694,87.55384794504599,52.73587317821529,8589,7822,9.28022120452778,11573,5.98807569342435,11573,39.98099023589389,11573,6.2040957400846795,11573,5.452345977706731,11573,13.94625421239091,11573,6.44603819234425,11573,5.512831590771624,11573,0.05184481119847922,11573,0.9850514127711052,11573,3.4995247558973475,11573,2.298453296465912,11573,71.77131997782881,25258,10.190830627919867,25258,40.96919787790007,25258,20.805289413255206,25258,56.48111489429092,25258,61.940771240794994,25258,95.92503987240829,25080,94.19856459330144,25080,27.03674364755347,16411,57.29665071770335,25080,5.0,25080,14.536834101176366,22357,2.293803,5422,2.928362,10.191756,20860.0,94.85148514851485,2020,31.412325188258798,6507,41.769787,8.383965360709547,14319,31.25814660790764,16111,25.535348519644963,16111,3.271057041772702,16111,3.0414002855192104,16111,36.89404754515548,16111,17.11047468161599,16411,0.652001706172689,16411,0.7312168667357261,16411,1.8219486929498507,16411,0.20717811224178903,16411,0.04874779111571507,16411,0.13405642556821645,16411,0.0060934738894643835,16411,0.0060934738894643835,16411,0.0365608433367863,16411,1.7942583732057416,25080,0.817384370015949,25080,1.3955342902711323,25080,0.9330143540669856,25080,3.4370015948963317,25080,57.69633930011288,24804,7.4584744396065155,24804,1.0280599903241412,24804,33.81712626995646,24804,66.18287373004354,24804,8.11930405965203,1207,20.241898390131716,63.26850963634778,22934,11.458969216011162,22934,32.584872746790715,22357,86.26514873301505,2723,4.6451355661881975,25080,17.00160056909123,5623,58.505850585058504,6666,11.416141614161416,6666,17.52175217521752,6666,3.0453045304530453,6666,6666,3.762376237623762,93.20388349514563,6.796116504854368,1.6148206855557756,10094,10094,10094
071201,15378,7327,32.832618025751074,15378,61.04174795161919,15378,6.125634022629731,15378,42.06658863311224,15378,9.207959422551697,15378,25.0,28.160358,109.88126108912242,8051,10.163870464299649,15378,24.99024580569645,15378,1.098972558200026,15378,63.82230744646852,53.787152444870564,10.035155001597955,18.657159833630423,535.9872611464968,2.6085225009956194,10044,3.2530629488804395,4734,86.42003158132191,4433,88.04489689376142,3831,59.703947368421055,608,19.142512077294686,1656,3.6164939161784586,8876,29.40513744930149,8876,53.34610184767914,8876,13.632266786840919,8876,66.97836863452005,8876,74.16629112212708,8876,1.2191646437956938,3.2530629488804395,2.0338983050847457,4734,5310,0.8085329425115386,14.055844770468529,13.24731182795699,4226,4650,-0.17840577276358793,8.866540463795552,9.04494623655914,4226,4650,33.16086547507056,6378,41.61179052994669,6378,1.881467544684854,6378,10.316713703355283,6378,2.5870178739416745,6378,0.07839448102853559,6378,35.74788334901223,6378,63.67850098619329,62.29783037475345,10140,10140,6457,2.168189561715967,50.804597701149426,50.07314524555904,4785,4785,42.41141423643776,6378,11.75917215428034,6378,38.63280025086234,6378,24.37747512798223,75.18207282913166,50.804597701149426,5355,4785,9.595484477892755,6378,8.8115396676074,6378,42.348698651614924,6378,5.142677955471934,6378,6.428347444339918,6378,13.295703982439637,6378,4.280338664158044,6378,3.3709626842270306,6378,0.06271558482282848,6378,1.7873941674506115,6378,5.2053935402947635,6378,2.116650987770461,6378,87.76824034334764,15378,9.630641175705554,15378,10.885680842762389,15378,21.316165951359086,15378,44.76524905709455,15378,70.14566263493302,15378,96.35195974576271,15104,94.47828389830508,15104,45.36489151873767,10140,22.83501059322034,15104,5.422404661016949,15104,10.906546873849326,13579,2.5099835,3055,3.2919042,9.153461,14388.0,92.28896103896103,1232,33.38238901152808,4077,46.309296,8.960004506534474,8876,18.00633234603207,9791,39.965274231437036,9791,2.972117250536207,9791,3.6257787764273313,9791,35.43049739556736,9791,2.021696252465483,10140,1.755424063116371,10140,0.15779092702169625,10140,30.19723865877712,10140,0.2958579881656805,10140,0.03944773175542406,10140,0.05917159763313609,10140,0.01972386587771203,10140,0.009861932938856016,10140,0.009861932938856016,10140,2.3040254237288136,15104,0.78125,15104,1.0924258474576272,15104,0.7415254237288136,15104,3.449417372881356,15104,68.30582458054836,14662,5.9541672350293275,14662,0.3751193561587778,14662,25.36488882826354,14662,74.63511117173645,14662,18.620689655172413,580,19.469165659008464,93.43849034860271,13884,1.3252664938058196,13884,14.979011709256941,13579,85.37704918032787,1525,3.6016949152542375,15104,9.281906553778613,3189,57.10843373493976,4150,17.83132530120482,4150,18.89156626506024,4150,3.5421686746987953,4150,4150,3.6395180722891567,98.64225468010697,1.3577453198930272,0.4937255708701913,4861,4861,4861
071301,17195,8382,30.561209653969176,17195,61.87845303867403,17195,7.560337307356789,17195,39.47077638848503,17195,10.939226519337016,17195,26.0,29.779879,105.14197089000238,8813,8.53736551323059,17195,24.431520790927596,17195,1.477173596975865,17195,61.607142857142854,49.3890977443609,12.218045112781954,24.738344433872502,404.2307692307692,7.167757843720772,11761,10.496083550913838,5745,95.11330049261083,5075,98.54982390718872,4827,89.70380818053597,709,40.92171016102166,1801,8.181558119576618,10487,36.24487460665586,10487,34.137503575855824,10487,21.4360636979117,10487,55.57356727376752,10487,60.78954896538571,10487,6.506721848786178,10.496083550913838,3.9893617021276597,5745,6016,1.631491642952863,22.267600155581487,20.636108512628624,5142,5345,-0.6051821806076925,7.94729677168417,8.552478952291862,5142,5345,24.51907747900946,9409,60.25082367945584,9409,1.115952811138272,9409,5.664789031778085,9409,0.77585290679137,9409,0.11690934211924753,9409,25.29493038580083,9409,79.33220625528318,78.43617920540997,11830,11830,9385,1.1294619072988812,71.59875690607734,70.59737569060773,5792,5792,59.18801147837177,9409,6.961419917100648,9409,28.99351684557339,9409,15.151822756062444,86.75057966213978,71.59875690607734,6038,5792,8.885110001062813,9409,2.8058242108619407,9409,59.177383356360934,9409,2.827080454883622,9409,4.049314486130301,9409,11.20204059942608,9409,3.4647677755340633,9409,3.241577213306409,9409,0.010628122010840685,9409,0.7120841747263259,9409,4.304389414390477,9409,1.8386651078754384,9409,86.99621983134632,17195,14.25414364640884,17195,21.87263739459145,17195,29.15963943006688,17195,57.6853736551323,17195,72.59668508287292,17195,99.40779829961888,17055,99.10876575784228,17055,29.26458157227388,11830,41.471709176194665,17055,0.6097918498973908,17055,10.389027751073511,15603,2.238069,3646,2.9998176,11.389995,16295.0,96.18573797678275,1206,37.47807786741494,5702,45.758858,8.255745208353199,10487,26.55202063628547,11630,29.819432502149613,11630,4.290627687016337,11630,4.350816852966466,11630,34.987102321582114,11630,22.874049027895182,11830,0.9298393913778529,11830,0.32121724429416737,11830,0.0507185122569738,11830,0.0760777683854607,11830,0.0,11830,0.0084530853761623,11830,0.0,11830,0.0,11830,0.0,11830,2.163588390501319,17055,1.2547639988273234,17055,1.8762826150688947,17055,1.4951627088830255,17055,4.4913515098211665,17055,78.39509844744512,16811,7.857950151686396,16811,0.7435607637856165,16811,13.003390637082862,16811,86.99660936291714,16811,10.878661087866108,717,20.226597131681878,76.71550212872526,15972,22.163786626596544,15972,38.12728321476639,15603,97.03856749311295,1452,2.914101436528877,17055,6.340378197997775,3596,48.75889602499566,5761,18.00034716195105,5761,27.68616559625065,5761,7.030029508765839,5761,5761,2.960423537580281,96.68257478756838,3.3174252124316155,0.8730066348504248,8591,8591,8591
071302,6048,2937,30.191798941798943,6048,63.04563492063492,6048,6.762566137566138,6048,39.71560846560847,6048,10.185185185185185,6048,26.0,29.93502,105.9244126659857,3111,8.118386243386244,6048,24.37169312169312,6048,1.3227513227513228,6048,58.61526357199056,47.88880146865985,10.72646210333071,22.3986856516977,446.4547677261614,6.26808100289296,4148,9.885742672627918,2013,94.94665918023583,1781,99.17208752217623,1691,92.09302325581395,215,37.42424242424242,660,6.758957654723127,3684,38.00217155266015,3684,36.50922909880565,3684,18.729641693811075,3684,55.23887079261672,3684,60.96634093376765,3684,7.028599815485061,9.885742672627918,2.857142857142857,2013,2135,3.7672467912586463,20.655191560244308,16.887944768985662,1801,1883,-0.445875499036795,8.053858967240423,8.499734466277218,1801,1883,27.155172413793103,3248,56.12684729064039,3248,1.7857142857142858,3248,4.833743842364532,3248,1.2315270935960592,3248,0.03078817733990148,3248,28.386699507389164,3248,77.6980138789184,76.47762622636995,4179,4179,3247,1.5706806282722514,66.7158308751229,65.929203539823,2034,2034,59.72906403940887,3248,6.773399014778325,3248,28.848522167487683,3248,21.396057236765202,88.1118881118881,66.7158308751229,2145,2034,7.4507389162561575,3248,3.6330049261083746,3248,59.48275862068966,3248,2.70935960591133,3248,4.064039408866995,3248,9.636699507389162,3248,3.8177339901477834,3248,4.3411330049261085,3248,0.24630541871921183,3248,1.1699507389162562,3248,3.9408866995073892,3248,1.6933497536945812,3248,87.23544973544973,6048,16.236772486772487,6048,21.34589947089947,6048,25.396825396825395,6048,59.90410052910053,6048,67.89021164021165,6048,99.53341109815031,6001,99.30011664722547,6001,22.924144532184734,4179,65.50574904182636,6001,0.3499416763872688,6001,13.894431344095773,5513,2.401454,1238,3.1095388,10.226888,5906.0,96.72897196261682,428,34.93914807302231,1972,46.123226,8.281758957654723,3684,26.305514885309908,4098,29.47779404587604,4098,4.0019521717911175,4098,4.856027330405076,4098,35.35871156661786,4098,16.55898540320651,4179,0.6700167504187605,4179,0.2871500358937545,4179,0.0,4179,0.023929169657812874,4179,0.0,4179,0.0,4179,0.0,4179,0.0,4179,0.0,4179,1.9663389435094152,6001,1.183136143976004,6001,1.7163806032327946,6001,0.9498416930511582,6001,4.049325112481253,6001,81.18778471402058,5927,7.170575333220854,5927,0.3880546650919521,5927,11.25358528766661,5927,88.74641471233339,5927,13.846153846153847,260,20.064963503649636,78.49634776411901,5613,20.71975770532692,5613,32.6863776528206,5513,97.54098360655738,488,4.265955674054324,6001,8.526551982049364,1337,47.027027027027025,2035,16.511056511056513,2035,26.437346437346438,2035,6.9287469287469285,2035,2035,2.948894348894349,95.31623931623932,4.683760683760681,1.0598290598290598,2925,2925,2925
071401,17417,7993,26.789917896308204,17417,67.1183326634897,17417,6.0917494402021015,17417,36.2174886605041,17417,9.651489923637826,17417,28.0,30.549692,117.90316526961091,9424,6.975943044152265,17417,25.20525922948843,17417,0.9645748406729058,17417,48.99059024807528,39.91445680068435,9.076133447390932,22.73896270895842,439.7737983034873,1.4619883040935673,12312,2.005730659025788,5584,91.57278053177107,4438,94.83267716535433,4064,82.66423357664233,548,36.30862329803328,1983,1.9656019656019657,10989,17.635817635817634,10989,58.83155883155883,10989,21.567021567021566,10989,80.39858039858039,10989,84.04768404768404,10989,0.9950291132469533,2.005730659025788,1.0107015457788346,5584,6728,-0.09552648330955549,21.515211771724,21.610738255033556,5029,5960,-0.3911934604795544,10.231457546231855,10.62265100671141,5029,5960,39.281393660779095,8266,42.63247036051295,8266,1.5485119767723203,8266,6.218243406726349,8266,1.9719332204210016,8266,0.09678199854827002,8266,41.253326881200095,8266,67.31443134756292,65.45078050334502,12556,12556,8452,2.7685754850922857,55.716302046577276,54.569513055751585,5668,5668,16.658601500120977,8266,19.900798451488022,8266,55.044761674328576,8266,21.14200225075141,76.85830429732869,55.716302046577276,6888,5668,12.496975562545366,8266,7.827244132591338,8266,15.727074764093878,8266,7.210258891846117,8266,12.339704814904428,8266,18.981369465279457,8266,10.537140091942899,8266,6.339220904911686,8266,0.931526736027099,8266,2.9155577062666342,8266,3.1575127026373093,8266,2.2259859666102106,8266,85.60601710972038,17417,14.089682494114944,17417,18.694379054946317,17417,12.591146580926681,17417,30.20037894011598,17417,47.752196130217605,17417,97.90938737479618,17172,97.21639878872583,17172,19.67983434214718,12556,38.08525506638714,17172,2.917540181691125,17172,14.263362122919014,15978,2.2642071,3361,2.832151,8.937531,13751.0,97.72296015180265,1054,35.59675067694231,4801,47.25349,10.443625443625443,10989,25.271875522837544,11954,27.814957336456416,11954,4.224527354860298,11954,3.6473147063744356,11954,39.04132507947131,11954,2.1025804396304557,12556,1.0592545396623128,12556,0.3902516725071679,12556,6.036954444090474,12556,0.4221089518955081,12556,0.06371455877668047,12556,0.047785919082510356,12556,0.00796431984708506,12556,0.00796431984708506,12556,0.00796431984708506,12556,2.352667132541346,17172,0.8560447239692522,17172,1.5606801770323784,17172,0.9084556254367575,17172,4.088050314465409,17172,75.4862887395158,16811,9.011956457081673,16811,0.9993456665278686,16811,14.502409136874665,16811,85.49759086312534,16811,11.91950464396285,646,20.498021481062747,91.95197044334975,16240,3.7992610837438425,16240,15.208411565903116,15978,92.3785594639866,1194,4.5073375262054505,17172,7.742537313432836,3216,47.39636512150296,4897,18.072289156626507,4897,22.42189095364509,4897,3.920767817030835,4897,4897,3.506636716356953,95.6614813757671,4.338518624232904,0.4995004995004995,7007,7007,7007
071402,17974,8593,27.3728719261155,17974,68.38210748859464,17974,4.245020585289863,17974,37.19261155001669,17974,7.215978635807277,17974,27.0,29.08835,109.17025485860584,9381,7.2994325136308005,17974,27.322799599421387,17974,0.678758206297986,17974,46.23708404523635,40.02928972418843,6.207794321047921,15.508130081300813,644.8230668414154,1.3427794711261225,12139,2.0571827057182706,5736,92.7105600684053,4678,81.04680654830528,4337,75.62189054726367,603,37.99901429275505,2029,2.2039596563317145,10708,15.58647740007471,10708,60.75831154277176,10708,21.451251400821814,10708,82.20956294359358,10708,85.28203212551364,10708,1.354387141139167,2.0571827057182706,0.7027955645791035,5736,6403,-0.765343118820585,21.050568404547235,21.81591152336782,5102,5606,-0.5371105159351437,10.329282634261075,10.866393150196219,5102,5606,35.320772716432145,8386,47.44812783210112,8386,1.5859766277128549,8386,4.829477700930122,8386,1.5740519914142619,8386,0.04769854519437157,8386,36.89482470784641,8386,69.04550230340257,67.23510870443708,12373,12373,8543,2.622029731944282,58.63659661711942,57.26977618315394,5853,5853,5.85499642260911,8386,16.65871690913427,8386,68.90054853326974,8386,19.75297393502781,78.38957055214723,58.63659661711942,6520,5853,11.244932029573098,8386,7.524445504412116,8386,5.163367517290722,8386,6.785118053899356,8386,9.730503219651801,8386,28.165990937276412,8386,12.98592892916766,8386,9.122346768423563,8386,0.6916289053183878,8386,2.7665156212735513,8386,3.1838778917243022,8386,2.2895301693298356,8386,77.32836319127628,17974,12.835206409257816,17974,21.041504395237567,17974,11.766996773116723,17974,34.19939913207967,17974,48.31979525981974,17974,97.01936537564163,17144,96.19108726084927,17144,16.3016245049705,12373,54.345543630424636,17144,5.2379841343910405,17144,15.51007556675063,15880,2.0909336,3706,2.5215254,8.708662,12700.0,98.10834049871023,1163,34.97907949790795,4780,44.373848,10.610478147179679,10708,23.239496153521007,11829,28.802096542395805,11829,4.759489390481021,11829,3.144813593710373,11829,40.05410431989179,11829,3.337913198092621,12373,2.4246342843287803,12373,0.2828739998383577,12373,4.01681079770468,12373,0.4121878283358927,12373,0.01616422856219187,12373,0.08890325709205528,12373,0.0,12373,0.0,12373,0.0,12373,2.379841343910406,17144,0.6649556696220252,17144,1.5223985067662156,17144,0.7291180587960803,17144,3.9605692953803078,17144,68.95791105281984,16774,9.872421604864671,16774,1.3890544890902587,16774,19.78061285322523,16774,80.21938714677476,16774,10.655737704918034,732,20.49171115481877,92.7643784786642,16170,4.650587507730365,16170,23.463476070528966,15880,87.9746835443038,1264,3.552263182454503,17144,6.860158311345646,3411,50.661241098677515,4915,12.207527975584943,4915,21.01729399796541,4915,2.3397761953204474,4915,4915,3.4880976602238047,96.77063207286778,3.229367927132216,0.6072315760419542,7246,7246,7246
071403,8816,4126,34.5508166969147,8816,59.80036297640653,8816,5.6488203266787655,8816,42.797186932849364,8816,8.609346642468239,8816,25.0,27.722322,113.66941347552108,4690,10.855263157894736,8816,23.423321234119783,8816,0.8166969147005445,8816,67.22306525037936,57.77693474962064,9.446130500758725,16.34931057124097,611.6465863453815,2.0578321802377153,5637,3.2625786163522013,2544,85.4463615903976,2666,86.39157155399474,2278,55.87467362924282,383,21.65206508135169,799,2.6613704071499504,5035,31.519364448857996,5035,53.86295928500496,5035,11.95630585898709,5035,65.81926514399206,5035,73.3862959285005,5035,2.195653301124267,3.2625786163522013,1.066925315227934,2544,3093,0.2911526543568552,12.117177097203728,11.826024442846872,2253,2782,-0.3129872686725239,8.495783399911229,8.808770668583753,2253,2782,32.721121314644755,4138,45.52924117931368,4138,0.9908168197196714,4138,7.950700821652973,4138,2.319961333977767,4138,0.02416626389560174,4138,35.04108264862252,4138,72.39328201539539,71.67599720083975,5716,5716,4138,0.9908168197196714,57.751937984496124,57.093023255813954,2580,2580,54.760753987433546,4138,9.59400676655389,4138,27.259545674238762,4138,26.686837525707958,84.43877551020408,57.751937984496124,3136,2580,6.694055099081682,4138,7.999033349444176,4138,54.61575640405993,4138,4.325761237312712,4138,5.123247945867569,4138,9.85983566940551,4138,3.262445625906235,4138,3.262445625906235,4138,0.14499758337361043,4138,0.7733204446592556,4138,3.262445625906235,4138,1.3774770420492992,4138,84.07441016333938,8816,9.403357531760436,8816,16.65154264972777,8816,13.271324863883848,8816,34.57350272232305,8816,60.41288566243194,8816,95.40979853479854,8736,92.04441391941391,8736,35.21693491952414,5716,45.50137362637363,8736,5.89514652014652,8736,19.776694045174537,7792,2.8382165,1570,3.5253334,8.12112,7893.0,90.25157232704403,636,32.91925465838509,2415,45.84969,8.668718967229394,5035,25.642417661961638,5526,30.998914223669924,5526,3.583061889250814,5526,3.474484256243214,5526,36.30112196887441,5526,2.5017494751574527,5716,0.8222533240027992,5716,0.15745276417074877,5716,17.89713086074178,5716,0.31490552834149754,5716,0.06997900629811056,5716,0.0,5716,0.01749475157452764,5716,0.0,5716,0.03498950314905528,5716,1.7742673992673992,8736,0.6410256410256411,8736,1.1675824175824177,8736,0.7326007326007326,8736,3.2623626373626373,8736,65.79408671263293,8557,4.978380273460325,8557,0.7946710295664369,8557,28.432861984340306,8557,71.5671380156597,8557,12.068965517241379,348,20.23015873015873,79.52696783881868,7991,3.691653109748467,7991,13.334188911704311,7792,81.46186440677967,944,5.231227106227106,8736,15.480717001629548,1841,48.92582083502229,2467,16.214025131738953,2467,26.02351033644102,2467,3.9319010944466966,2467,2467,3.5411430887717876,96.54397302613094,3.456026973869058,0.6462489463332397,3559,3559,3559
071501,34079,15901,32.12829014935884,34079,63.36160098594442,34079,4.510108864696734,34079,41.949587722644445,34079,7.127556559758209,34079,24.0,27.34822,114.3198540972266,18178,9.351800228879956,34079,26.86991989201561,34079,0.6396901317526923,34079,57.82429491038763,50.70624739498912,7.1180475153985086,14.03781167229884,712.3617436564737,3.7375304810463312,22555,5.107291970094184,10299,87.49631956031014,10189,96.89287717330342,8915,65.49844236760124,1284,29.526830557758394,3783,4.275102329577038,19789,30.936378796300975,19789,49.39612916266613,19789,15.39238971145586,19789,64.78851887412199,19789,69.90247106978624,19789,2.5208037194414423,5.107291970094184,2.5864882506527413,10299,12256,1.8351494271019693,16.399686344796685,14.564536917694715,8927,10862,-0.18543814033494144,8.617452671670215,8.802890812005156,8927,10862,30.992885864522115,16165,49.60098979276214,16165,1.342406433652954,16165,6.291370244355088,16165,1.602227033714816,16165,0.05567584287039901,16165,32.595112898236934,16165,71.72519754170325,70.11413520632134,22780,22780,16339,2.2461594956851703,57.13187974257996,55.64306982998751,10411,10411,41.3857098669966,16165,14.129291679554592,16165,37.06155273739561,16165,26.876528374486902,84.00840811706686,57.13187974257996,12369,10411,7.992576554283946,16165,5.283018867924528,16165,41.231054747912154,16165,8.976183111660996,16165,5.017012063099289,16165,14.488091555830499,16165,4.924218991648623,16165,5.6232601299103,16165,0.15465511908444168,16165,0.6990411382616765,16165,3.2106402721930096,16165,1.9239096814104546,16165,84.22782358637284,34079,10.487396930661111,34079,22.6444437923648,34079,20.115026849379383,34079,45.341706035975236,34079,57.63666774259808,34079,98.03869047619048,33600,97.25,33600,51.6198419666374,22780,54.31547619047619,33600,1.1904761904761905,33600,19.862182116488924,30475,2.5321114,6820,3.1771367,10.128641,28918.0,95.7915057915058,2590,35.163803623392475,10653,41.866142,8.719237960483097,19789,21.74743158468952,21998,33.05755068642604,21998,4.495863260296391,21998,3.136648786253296,21998,37.56250568233476,21998,7.884108867427568,22780,0.9306409130816505,22780,0.8779631255487269,22780,0.8955223880597015,22780,0.10974539069359086,22780,25.55750658472344,22780,0.29411764705882354,22780,0.09218612818261633,22780,0.01755926251097454,22780,0.08779631255487269,22780,2.011904761904762,33600,0.7529761904761905,33600,1.431547619047619,33600,0.9315476190476191,33600,3.613095238095238,33600,71.66032567341348,32855,3.853294780094354,32855,0.6269974128747527,32855,23.85938213361741,32855,76.14061786638258,32855,17.047560222359483,1619,19.108439201451905,81.59676539485929,31163,15.171838398100311,31163,25.447087776866283,30475,89.856,3125,5.988095238095238,33600,11.32828081372158,7521,48.28669068070565,10827,11.61910039715526,10827,30.701025214740927,10827,2.9186293525445643,10827,10827,3.1033527292878915,95.7626517141032,4.2373482858968,0.7736532046277238,14089,14089,14089
071502,6555,3204,31.731502669717774,6555,62.27307398932113,6555,5.995423340961098,6555,41.73913043478261,6555,9.366895499618611,6555,25.0,28.459192,104.5880149812734,3351,9.382151029748284,6555,25.736079328756674,6555,0.8695652173913043,6555,60.583047525722684,50.955414012738856,9.62763351298383,18.89423076923077,529.2620865139949,2.6358010543204218,4363,3.90290337934317,2101,91.3109756097561,1968,99.1652754590985,1797,78.68852459016394,244,29.675425038639876,647,2.9008438818565403,3792,30.854430379746834,3792,53.13818565400844,3792,13.106540084388186,3792,66.24472573839662,3792,71.17616033755274,3792,2.4440174376986077,3.90290337934317,1.4588859416445623,2101,2262,-1.5550605561568567,12.282669657879978,13.837730214036835,1783,2009,-0.6763900641169691,8.602355580482334,9.278745644599303,1783,2009,25.766641735228124,2674,46.484667165295434,2674,0.8975317875841436,2674,11.593118922961855,2674,1.4210919970082274,2674,0.07479431563201197,2674,27.18773373223635,2674,61.381653454133634,60.13590033975085,4415,4415,2710,2.029520295202952,48.12206572769953,47.32394366197183,2130,2130,50.11219147344802,2674,19.147344801795064,2674,25.130890052356023,2674,25.61972858302257,73.7417943107221,48.12206572769953,2285,2130,10.209424083769633,2674,4.076290201944652,2674,49.81301421091997,2674,14.472700074794316,2674,4.599850411368736,2674,7.0306656694091245,2674,1.9820493642483172,2674,2.094240837696335,2674,0.2991772625280479,2674,1.1593118922961856,2674,6.3949139865370235,2674,2.243829468960359,2674,92.81464530892448,6555,7.276887871853547,6555,12.356979405034325,6555,37.69641495041953,6555,57.10144927536232,6555,73.34858886346301,6555,99.04084158415841,6464,98.57673267326733,6464,91.46092865232163,4415,27.568069306930692,6464,0.3558168316831683,6464,11.078915970683484,5867,2.754902,1224,3.8157303,11.864406,6726.0,94.98956158663883,479,32.46913580246913,1620,46.099384,8.960706751054852,3792,31.519962643007236,4283,21.27013775391081,4283,2.2180714452486576,4283,3.362129348587439,4283,41.62969880924586,4283,4.801812004530011,4415,0.5209513023782559,4415,1.1098527746319367,4415,0.2944507361268403,4415,0.022650056625141562,4415,76.94224235560588,4415,0.022650056625141562,4415,0.022650056625141562,4415,0.0,4415,0.06795016987542468,4415,2.042079207920792,6464,0.9282178217821783,6464,1.516089108910891,6464,1.2066831683168318,6464,3.7283415841584158,6464,83.60916613621897,6284,5.840229153405474,6284,0.11139401654996817,6284,10.439210693825588,6284,89.56078930617441,6284,13.881019830028329,353,18.79111111111111,29.95,6000,67.73333333333333,6000,71.723197545594,5867,95.30988274706867,597,3.2642326732673266,6464,6.339468302658487,1467,55.11265164644714,1731,17.908723281340265,1731,19.179664933564414,1731,3.0618139803581745,1731,1731,3.734257654534951,92.88824383164005,7.111756168359946,2.080309627479439,2067,2067,2067
071503,17290,7466,27.72700983227299,17290,67.1312897628687,17290,5.1417004048583,17290,36.2406015037594,17290,8.68131868131868,17290,28.0,29.820011,131.5831770693812,9824,8.079814921920185,17290,25.494505494505493,17290,0.6824754193175245,17290,48.96183337641079,41.30266218661153,7.659171189799259,18.544013350020858,539.2575928008999,5.648110524177164,12305,9.14465904611746,5074,87.32581287325813,4521,94.19959473150962,3948,69.16221033868092,561,31.41978472578165,1951,6.383743930947671,11122,35.05664448840137,11122,44.641251573458014,11122,13.91836000719295,11122,58.55961158065096,11122,64.19708685488222,11122,5.950080149699261,9.14465904611746,3.1945788964181996,5074,7231,0.2904990267656604,14.090407938257993,13.799908911492333,4535,6587,-0.5069487542617184,7.873649393605292,8.38059814786701,4535,6587,23.790407775195437,9466,58.20832452989647,9466,0.8873864356644834,9466,7.637861821255018,9466,1.309951405028523,9466,0.11620536657511092,9466,25.10035918022396,9466,76.9249414236083,75.66453906439364,12377,12377,9521,1.6384833525890137,61.530931871574005,60.610806577916996,5108,5108,64.15592647369533,9466,7.4582717092753015,9466,23.209380942319882,9466,26.211536143283617,87.74246801485762,61.530931871574005,7269,5108,5.20811324741179,9466,4.542573420663427,9466,64.07141347982252,9466,3.7291358546376507,9466,3.6868793577012466,9466,9.296429326008873,9466,2.693851679695753,9466,3.5918022395943376,9466,0.08451299387280795,9466,0.4542573420663427,9466,2.1445172195225015,9466,1.2888231565603212,9466,86.80161943319838,17290,7.877385772122614,17290,25.29786003470214,17290,26.28108733371891,17290,51.9491035280509,17290,72.2672064777328,17290,98.1616574263204,17135,97.43215640501897,17135,44.38878565080391,12377,70.49897869857018,17135,1.2605777648088707,17135,17.533951009011297,15758,2.4804964,3384,3.1986084,9.836393,15036.0,94.33476394849785,1165,32.24847441714912,6391,42.20889,8.173889588203561,11122,23.190558719154907,12117,29.371956754972352,12117,3.6147561277543945,12117,2.814227944210613,12117,41.008500453907736,12117,15.884301527025935,12377,1.0988123131615093,12377,1.1311303223721418,12377,1.1311303223721418,12377,0.08079502302658156,12377,7.837117233578412,12377,0.16159004605316313,12377,0.02423850690797447,12377,0.016159004605316312,12377,0.07271552072392341,12377,2.0134228187919465,17135,0.9629413481178873,17135,1.4823460752845055,17135,0.9279252990954188,17135,3.781733294426612,17135,72.74507476857346,16852,3.5782103014478994,16852,0.4509850462853074,16852,23.22572988369333,16852,76.77427011630667,16852,16.366366366366368,666,19.562778272484415,77.96345949990646,16037,14.890565567126021,16037,29.01383424292423,15758,89.54248366013071,1377,5.281587394222352,17135,9.990917347865576,3303,37.34548825710754,6472,11.511124845488258,6472,41.14647713226205,6472,3.754635352286774,6472,6472,2.647558714462299,95.02728174603175,4.972718253968253,1.1408730158730158,8064,8064,8064
080101,128589,63934,29.104355738049133,128589,65.53437696848097,128589,5.361267293469893,128589,39.26541150487211,128589,8.140665220197684,128589,25.0,28.314568,101.12772546688772,64655,7.809377162898849,128589,28.65408394186128,128589,0.8632153605673891,128589,52.591669633321466,44.410822356710575,8.180847276610894,18.420841683366735,542.8633594429939,1.4603701999169352,89087,1.870477811876974,44641,95.78237606464293,36632,77.91204719696754,35087,88.30688980656379,4601,62.64903019158906,16859,1.8102666887949854,78331,11.004583115241731,78331,46.728625959071124,78331,40.456524236892164,78331,87.18515019596329,78331,89.42947236726201,78331,0.8220145080926065,1.870477811876974,1.0484633037843676,44641,44446,2.4072856123107513,41.654804270462634,39.24751865815188,39340,38991,-0.09756265498261207,11.859786476868328,11.95734913185094,39340,38991,44.022629663487244,57977,36.831847111785706,57977,2.1094571985442503,57977,5.491832968246029,57977,2.3388585128585473,57977,0.034496438242751434,57977,46.361488176345794,57977,66.1662073257468,63.94692389758179,89984,89984,59539,3.3541040326508673,57.886924542514066,56.087996809783334,45138,45138,8.81556479293513,57977,16.64798109595184,57977,67.23183331321042,57977,16.61247339710151,74.49939793961558,57.886924542514066,44846,45138,20.699587767563,57977,8.322265726063783,57977,8.6948272590855,57977,7.116615209479622,57977,9.14155613432913,57977,19.783707332217947,57977,6.828569950152647,57977,9.003570381358125,57977,0.12073753384963003,57977,5.610845680183521,57977,6.176587267364645,57977,5.102023216102937,57977,74.91076219583324,128589,23.704982541274916,128589,15.14826307071367,128589,13.955314995839457,128589,32.988047189106375,128589,48.82921556276198,128589,99.46998692686923,126978,99.29279087715982,126978,17.996532716927454,89984,33.02619351383704,126978,0.7749373907291027,126978,12.001161182356858,117122,1.9575385,29250,2.4868705,8.519715,99616.0,97.3900775922878,8506,41.68407270006547,32077,44.321476,11.908350461503108,78331,20.788876995499695,86883,28.495793193144802,86883,5.364685841879309,86883,3.553054107247678,86883,41.79758986222851,86883,1.112419985775249,89984,1.7858730440967283,89984,0.0677898293029872,89984,0.10112908961593173,89984,0.140024893314367,89984,0.05334281650071124,89984,1.5469416785206258,89984,1.5780583214793742,89984,0.08890469416785206,89984,1.1435366287339972,89984,2.6713288916190208,126978,0.8450282726141536,126978,1.7396714391469388,126978,0.7938383026981052,126978,4.393674494794374,126978,63.762727011585966,125324,18.445788516166097,125324,1.4594171906418563,125324,16.332067281606076,125324,83.66793271839393,125324,10.047169811320755,6360,20.324474222966685,97.15907663711035,119433,1.7105825023234784,119433,6.351496729905569,117122,98.2041396103896,9856,2.1665170344469122,126978,5.543789246832386,26913,56.56217600780631,32794,17.234860035372325,32794,15.835213758614382,32794,2.5309507836799416,32794,32794,3.8719887784350795,97.38579758273158,2.614202417268416,0.0,51794,51794,51794
080102,7913,3428,32.857323391886766,7913,62.66902565398711,7913,4.473650954126121,7913,41.31176544926071,7913,7.114874257550865,7913,24.0,27.160496,130.8343057176196,4485,11.259951977758119,7913,26.172121824845192,7913,0.5181347150259067,7913,59.56846138334342,52.4299253881831,7.138535995160314,13.615384615384615,734.4632768361582,2.2620904836193447,5128,3.298774740810556,2122,69.20273348519362,2195,94.14088215931534,1519,54.3026706231454,337,25.310734463276837,885,4.065573770491803,4575,27.3224043715847,4575,55.12568306010929,4575,13.486338797814208,4575,68.6120218579235,4575,78.88524590163935,4575,1.7685019530527382,3.298774740810556,1.5302727877578177,2122,3006,0.1656936359932839,13.583509513742072,13.417815877748788,1892,2683,-0.39873717455216884,8.695560253699789,9.094297428251958,1892,2683,20.71352502662407,3756,55.72417465388711,3756,0.5324813631522897,3756,9.85090521831736,3756,1.6240681576144835,3756,0.21299254526091588,3756,22.337593184238553,3756,72.90706605222734,71.60138248847926,5208,5208,3797,1.790887542796945,58.8399071925754,57.95823665893271,2155,2155,67.17252396166134,3756,9.664536741214057,3756,17.145899893503728,3756,23.996647016399372,82.83655420897477,58.8399071925754,3053,2155,4.10010649627263,3756,4.792332268370607,3756,67.17252396166134,3756,5.244941427050053,3756,4.39297124600639,3756,5.1916932907348246,3756,2.263045793397231,3756,2.7955271565495208,3756,0.0,3756,0.9052183173588925,3756,1.8903088391906284,3756,0.6389776357827476,3756,69.18994060406925,7913,6.369265765196512,7913,16.9847087071907,7913,18.65284974093264,7913,36.054593706558826,7913,67.64817389106534,7913,96.39361154044308,7764,94.96393611540444,7764,57.89170506912443,5208,74.1112828438949,7764,1.3652756311179803,7764,32.380261248185775,6890,2.6759942,1358,3.3318777,9.08339,6044.0,83.21428571428571,560,27.281648675171738,2038,44.307163,8.929398907103826,4575,24.088330632090763,4936,26.580226904376012,4936,4.416531604538087,4936,2.7755267423014587,4936,42.13938411669368,4936,2.400153609831029,5208,0.9216589861751152,5208,0.24961597542242703,5208,0.1728110599078341,5208,0.0576036866359447,5208,0.15360983102918588,5208,0.8448540706605223,5208,3.1490015360983103,5208,0.07680491551459294,5208,1.6897081413210446,5208,1.4554353426069035,7764,0.43791859866048427,7764,0.7599175682637815,7764,0.45079855744461617,7764,2.357032457496136,7764,56.8296571884135,7526,3.9596066967844803,7526,0.3720435822482062,7526,38.838692532553814,7526,61.161307467446186,7526,11.870503597122303,278,19.443667443667444,78.08296757751664,7063,2.8458162253999717,7063,13.759071117561684,6890,81.00686498855835,874,4.044307058217414,7764,16.699669966996698,1515,49.90485252140818,2102,14.17697431018078,2102,24.262607040913416,2102,4.186489058039962,2102,2102,3.693625118934348,94.84268569575089,5.1573143042491125,2.627311060655206,3083,3083,3083
080201,110302,54758,34.75820927997679,110302,60.608148537651175,110302,4.633642182372033,110302,45.19047705390655,110302,7.153995394462476,110302,22.0,26.222517,101.43540669856459,55544,9.184783594132472,110302,27.80547950173161,110302,0.7615455748762489,110302,64.99431580207025,57.34906958654939,7.645246215520852,13.331072797934219,750.1271766777538,2.0348837209302326,69832,2.6869024305955533,34724,92.89924530380654,36306,86.69354838709677,33728,77.05479452054794,4380,46.616766467065865,13360,2.6738676650873066,60362,16.299990059971506,60362,52.539677280408206,60362,28.486464994532984,60362,81.0261422749412,60362,84.2765315927239,60362,1.2969058486199352,2.6869024305955533,1.3899965819756182,34724,35108,2.6466793936609143,29.80778773943825,27.161108345777336,30227,30135,-0.11676304129789372,10.615807059913323,10.732570101211216,30227,30135,41.91224198364274,46218,36.617767969189494,46218,1.8391103033450171,46218,7.005928426154312,46218,1.2765589164394824,46218,0.13847418754597776,46218,43.18880090008222,46218,66.6845956772212,64.72136902150066,70649,70649,47112,2.944048225505179,58.20415825251003,56.64268039477801,35159,35159,18.668051408542127,46218,25.77350815699511,46218,48.81431476913757,46218,16.881781448814294,75.08593970132432,58.20415825251003,35490,35159,13.801981911809252,46218,14.392660868060064,46218,17.8155696914622,46218,17.692241118179066,46218,7.877883075857891,46218,17.053961659959324,46218,5.290146696092432,46218,7.220130685014497,46218,0.8524817170799256,46218,2.466571465662729,46218,5.136526894283612,46218,3.193560950279112,46218,77.23704012619898,110302,21.945204982683904,110302,14.276259723305108,110302,11.930880673061232,110302,36.5895450671792,110302,50.67723160051495,110302,99.37350064587562,108380,99.03395460417052,108380,13.885546858412717,70649,24.31444916036169,108380,0.7805868241372947,108380,9.16934820785074,98513,2.3574185,23583,2.922179,10.605181,93162.0,96.42262895174709,8414,41.524134604682224,26953,43.238415,10.674099599085517,60362,18.85748842148736,67798,35.94796306675713,67798,4.666804330511225,67798,3.2832826927047996,67798,37.244461488539486,67798,1.0559243584481026,70649,1.9547339665104955,70649,0.03821710144517262,70649,0.022647171226768955,70649,0.2859205367379581,70649,0.022647171226768955,70649,0.04670979065521097,70649,0.00849268921003836,70649,0.0014154482016730597,70649,0.07360330648699911,70649,2.7255951282524453,108380,0.9983391769699207,108380,1.8269053330872855,108380,0.9688134342129544,108380,4.546964384572799,108380,68.1910511764374,106338,13.608493671124151,106338,1.1576294457296545,106338,17.042825706708797,106338,82.9571742932912,106338,17.604456824512535,5385,19.297527668689753,95.95384905622909,100713,2.5905295244903837,100713,6.506755453594957,98513,97.97304145130232,9867,2.155379221258535,108380,8.111815519222926,26973,63.32040681934587,27334,15.413038706373015,27334,15.94717202019463,27334,2.282871149484159,27334,27334,3.965025243286749,96.03830974585857,3.9616902541414305,0.0351926799225761,39781,39781,39781
080202,42031,20468,31.39349527729533,42031,62.461040660464896,42031,6.145464062239776,42031,41.210059241988056,42031,9.500130855796911,42031,25.0,28.756037,105.34981434434239,21563,8.52941876234208,42031,25.490709238419264,42031,1.0468463752944255,42031,60.09979811831029,50.2609225612311,9.838875557079191,19.575596816976127,510.840108401084,2.0521574894668024,27532,2.5311701967853386,13314,94.62793151018421,12323,84.05797101449275,11661,88.91102257636122,1506,41.060039586540576,4547,2.644888483541995,24122,15.832020562142443,24122,55.62557001906973,24122,25.897520935245833,24122,81.52309095431556,24122,84.66545062598458,24122,0.9275691277179592,2.5311701967853386,1.6036010690673794,13314,14218,3.8477125381296844,27.87640833048822,24.028695792358537,11716,12406,0.018917280138515125,10.69230112666439,10.673383846525875,11716,12406,34.17294501293152,17786,42.460362082536825,17786,1.8553918812549195,17786,7.325986731136849,17786,2.260204655346902,17786,0.07871359496232992,17786,36.43314966827842,17786,64.59255030683602,62.862137862137864,28028,28028,18104,2.6789659743703047,55.02064287820702,53.42819227366559,13564,13564,20.206904306758123,17786,16.664792533453276,17786,56.46013718655122,17786,18.548217741262,73.56886061946902,55.02064287820702,14464,13564,13.544360733160913,17786,7.668953109187001,17786,19.80771393230631,17786,8.11312268076015,17786,8.326773867086473,17786,19.661531541661983,17786,6.437647587990554,17786,8.197458675362645,17786,0.39919037445181604,17786,3.2497469920161923,17786,4.8465084898234565,17786,3.5421117733048466,17786,80.70947633889273,42031,15.084104589469677,42031,14.632057291047085,42031,8.277223953748424,42031,27.624848326235398,42031,44.90257191120839,42031,98.58481358578958,40984,98.16757759125512,40984,12.819323533609248,28028,31.622096427874293,40984,2.056900253757564,40984,10.983059890622917,37485,2.3662827,8245,2.9672348,9.509116,35324.0,97.53215154675009,2877,38.2660265461734,10623,46.285606,10.682571926042616,24122,19.062523568896598,26518,33.15483822309375,26518,5.347311260276039,26518,3.8652990421600424,26518,38.570027905573575,26518,0.7385471671185957,28028,1.9551876694733838,28028,0.07492507492507493,28028,0.028542885685742828,28028,0.6921649778792636,28028,0.0035678607107178534,28028,0.08562865705722848,28028,0.02140716426430712,28028,0.0035678607107178534,28028,0.5066362209219352,28028,3.33300800312317,40984,1.0662697638102674,40984,2.0666601600624634,40984,1.054069880929143,40984,5.2435096623072415,40984,73.96443801591062,40099,10.504002593580887,40099,1.2369385770218708,40099,14.29462081348662,40099,85.70537918651338,40099,15.734649122807017,1824,19.59632387156817,96.35688898181058,38264,1.2884173113108928,38264,9.865279445111378,37485,94.3126607602172,3499,2.2472184267031037,40984,6.50573717254817,9238,55.2516010978957,10930,18.993595608417202,10930,18.618481244281792,10930,3.778591033851784,10930,10930,3.74967978042086,97.98948139271687,2.0105186072831316,0.10651754210771587,15021,15021,15021
080301,11478,5479,35.25875588081547,11478,58.355114131381775,11478,6.386129987802753,11478,45.03397804495557,11478,9.261195330196898,11478,23.0,27.479527,109.49078298959664,5999,10.576755532322704,11478,24.45548004878899,11478,1.141313817738282,11478,71.36458644371454,60.42102120035832,10.943565243356225,18.112181863108475,552.1145975443384,3.2870306697840737,7271,4.613138686131387,3425,92.92225201072387,3730,87.56491633006347,3466,82.66129032258064,496,28.032345013477087,1113,3.6575752798360397,6343,22.796783856219456,6343,55.084344947185876,6343,18.461295916758633,6343,73.5456408639445,6343,78.30679489200693,6343,2.507054442761652,4.613138686131387,2.1060842433697347,3425,3846,3.0362777993026704,20.07397444519166,17.03769664588899,2974,3369,-0.28918111512798284,9.424680564895763,9.713861680023745,2974,3369,30.670731707317074,4920,44.959349593495936,4920,1.2804878048780488,4920,10.528455284552846,4920,2.3577235772357725,4920,0.08130081300813008,4920,33.02845528455285,4920,67.61309604673278,66.05080831408776,7361,7361,4977,2.3106288929073737,55.81462291306851,54.63442717328728,3474,3474,45.020325203252035,4920,12.845528455284553,4920,35.56910569105691,4920,22.34333952583038,78.15796243889889,55.81462291306851,3887,3474,11.016260162601625,4920,6.016260162601626,4920,44.89837398373984,4920,5.670731707317073,4920,7.073170731707317,4920,10.182926829268293,4920,2.9065040650406506,4920,5.0,4920,0.12195121951219512,4920,1.9308943089430894,4920,5.691056910569106,4920,2.2154471544715446,4920,79.19498170412965,11478,9.41801707614567,11478,13.277574490329325,11478,27.034326537724343,11478,32.56664924202823,11478,68.9580066213626,11478,98.85764499121265,11380,98.50615114235501,11380,49.544898790925146,7361,31.23022847100176,11380,0.8347978910369068,11380,13.981135783061506,10178,2.6677089,2239,3.3243828,8.431941,10733.0,86.82170542635659,903,33.11669128508124,3385,44.38966,9.57827526407063,6343,18.26855619475235,7127,37.5333239792339,7127,4.251438192787989,7127,4.223375894485758,7127,35.72330573874,7127,0.9781279717429697,7361,2.3909794864828147,7361,0.12226599646787122,7361,0.0,7361,0.08151066431191414,7361,0.027170221437304715,7361,0.05434044287460943,7361,0.013585110718652357,7361,0.0,7361,0.0950957750305665,7361,2.9349736379613356,11380,1.133567662565905,11380,1.9244288224956063,11380,1.0720562390158173,11380,4.586994727592267,11380,76.78987977749865,11146,6.145702494168312,11146,0.3588731383455948,11146,16.70554458998744,11146,83.29445541001256,11146,18.75,528,19.407060825180775,96.23113162195942,10401,2.6920488414575523,10401,13.91235999213991,10178,94.0099833610649,1202,2.5483304042179262,11380,7.403273809523809,2688,53.69186046511628,3440,17.296511627906977,3440,24.651162790697676,3440,4.651162790697675,3440,3440,3.308139534883721,94.95001281722635,5.049987182773648,0.07690335811330429,3901,3901,3901
080302,45798,22326,38.11520153718503,45798,56.55050438883794,45798,5.33429407397703,45798,47.8536180619241,45798,7.978514345604611,45798,21.0,25.839775,105.13302875571082,23472,11.878247958426131,45798,25.337350976025153,45798,1.218393816323857,45798,76.83308235839222,67.40028572531757,9.432796633074636,13.995187901008249,714.531313958248,8.905237729219282,27321,11.037093111279335,13210,85.48956875291609,15003,83.94667082488695,12826,62.19451371571072,2005,37.33243967828418,4476,10.99562363238512,23764,25.664871233799023,23764,45.80037030802895,23764,17.539134825786906,23764,63.339505133815855,23764,67.24877966672277,23764,4.127589886844497,11.037093111279335,6.909503224434838,13210,14111,1.2659460193096201,18.196133321669144,16.930187302359524,11431,12333,-0.6273840448732759,8.237774472924503,8.865158517797779,11431,12333,23.671782762691855,20328,49.7491145218418,20328,0.974025974025974,20328,8.16607634789453,20328,1.2741046831955922,20328,0.04919323101141283,20328,24.945887445887447,20328,72.98460876116673,71.61769454310623,27873,27873,20343,1.8728801061790297,61.70764218009479,60.752369668246445,13504,13504,53.60094451003542,20328,10.670011806375443,20328,31.611570247933884,20328,21.87507060437178,83.58271278446657,61.70764218009479,14369,13504,8.638331365604094,20328,4.343762298307753,20328,53.48780007870917,20328,4.943919716646989,20328,5.534238488783943,20328,11.068476977567887,20328,3.699330972058245,20328,4.2158598976780794,20328,0.1131444313262495,20328,1.1314443132624952,20328,4.1617473435655254,20328,2.0267611176702087,20328,83.06039565046508,45798,7.543997554478361,45798,10.528844054325516,45798,28.551465129481638,45798,39.66330407441373,45798,59.78645355692388,45798,97.65371809100999,45050,96.8723640399556,45050,55.10350518422847,27873,25.913429522752498,45050,0.4506104328523862,45050,9.478004683604865,39713,2.691308,8157,3.264558,9.673601,37194.0,66.3056206088993,3416,33.53298070939639,12856,42.76182,8.563373169500084,23764,15.152084115659031,26630,41.67855801727375,26630,4.446113405933158,26630,3.3496057078482915,26630,35.37363875328577,26630,3.90700678075557,27873,6.1995479496286725,27873,0.07892942991425393,27873,0.04305241631686579,27873,0.19014817206615722,27873,0.03587701359738815,27873,0.22243748430380655,27873,0.0932802353532092,27873,0.0681663258350375,27873,0.17938506798694076,27873,2.0821309655937847,45050,0.8834628190899001,45050,1.5360710321864595,45050,0.9988901220865705,45050,3.6803551609322973,45050,78.11638802131178,43544,5.440474003307,43544,0.42945067058607383,43544,16.01368730479515,43544,83.98631269520484,43544,18.867041198501873,2136,19.464264407588594,65.47654030757175,40836,32.926829268292686,40836,26.192934303628533,39713,89.03878583473862,5337,1.7402885682574918,45050,16.281238343901528,10724,55.58278449992342,13058,15.071220707612191,13058,24.904273242456732,13058,3.897993567161893,13058,13058,3.4499923418593967,97.65872550170168,2.3412744982983185,0.19363924422016196,17042,17042,17042
080303,11122,5276,37.493256608523645,11122,57.64251033986693,11122,4.864233051609423,11122,46.520409998201764,11122,7.552598453515555,11122,22.0,26.231792,110.80363912054587,5846,10.978241323502967,11122,23.907570580830786,11122,0.8181981657975185,11122,73.48307596318827,65.04445484323819,8.438621119950085,12.973621103117505,770.7948243992606,3.195739014647137,6759,4.182509505703422,3156,92.66419491525424,3776,86.68190911689054,3499,76.29482071713147,502,26.973026973026972,1001,3.8978723404255318,5875,25.395744680851063,5875,56.22127659574468,5875,14.485106382978723,5875,70.70638297872341,5875,75.3531914893617,5875,1.851118997793347,4.182509505703422,2.3313905079100747,3156,3603,-0.839622417106991,14.032496307237814,14.872118724344805,2708,3167,-0.5567540352201128,8.838257016248154,9.395011051468266,2708,3167,32.18678815489749,4390,42.84738041002278,4390,1.2528473804100229,4390,9.681093394077449,4390,1.6856492027334853,4390,0.04555808656036447,4390,33.87243735763098,4390,65.50861180627116,63.815692624760786,6793,6793,4450,2.5842696629213484,51.59055118110236,50.58267716535433,3175,3175,43.53075170842825,4390,12.619589977220956,4390,36.62870159453303,4390,26.131947436918644,77.722498618021,51.59055118110236,3618,3175,9.772209567198178,4390,5.876993166287016,4390,43.50797266514807,4390,5.193621867881549,4390,7.312072892938496,4390,10.774487471526196,4390,3.8724373576309796,4390,6.378132118451025,4390,0.022779043280182234,4390,1.4350797266514805,4390,5.034168564920273,4390,2.3006833712984056,4390,86.46826110411797,11122,13.882395252652401,11122,10.63657615536774,11122,18.629742852005034,11122,33.08757417730624,11122,63.48678295270635,11122,98.82525697503671,10896,98.49486049926578,10896,13.21949065214191,6793,34.81093979441997,10896,0.5506607929515418,10896,14.041237113402062,9700,2.7349398,2158,3.26367,7.831764,9653.0,88.70588235294117,850,33.37032926378098,2703,44.28672,9.138382978723405,5875,16.003005259203608,6655,43.516153268219384,6655,3.7716003005259204,6655,3.3508640120210367,6655,33.35837716003005,6655,0.44163109082879437,6793,1.5015457088179007,6793,0.07360518180479905,6793,0.029442072721919624,6793,0.235536581775357,6793,0.0,6793,0.07360518180479905,6793,0.1324893272486383,6793,0.0,6793,0.2502576181363168,6793,2.358663729809104,10896,0.8351688693098385,10896,1.5693832599118942,10896,0.8535242290748899,10896,3.7169603524229076,10896,73.43866866118175,10696,7.722513089005235,10696,0.2337322363500374,10696,18.605086013462977,10696,81.39491398653702,10696,19.55193482688391,491,19.024545454545454,95.37352293210495,9986,1.6422992189064691,9986,4.597938144329897,9700,93.22742474916387,1196,2.9643906020558,10896,9.187798603454612,2721,62.676822633297064,2757,15.850562205295612,2757,15.342763873775842,2757,2.8291621327529923,2757,2757,3.952121871599565,97.85613540197461,2.143864598025388,0.056417489421720736,3545,3545,3545
080304,21240,10235,33.4180790960452,21240,61.37005649717514,21240,5.211864406779661,21240,43.578154425612055,21240,8.069679849340867,21240,24.0,27.342562,107.52320468978994,11005,9.872881355932204,21240,25.96045197740113,21240,0.7674199623352166,21240,62.945914844649025,54.453394706559266,8.492520138089759,15.595942519019442,641.1924119241193,3.4714688652636148,13827,4.740131077579637,6561,92.40601503759399,6650,87.63222131814483,6145,78.4738041002278,878,31.252672082086363,2339,4.235528610580516,12041,20.554771198405447,12041,53.68324889959306,12041,21.52645129142098,12041,75.20970019101404,12041,78.77252719873765,12041,2.414229618730201,4.740131077579637,2.3259014588494358,6561,7266,-0.5739661465964296,21.229338842975206,21.803304989571636,5808,6233,-0.5392787666198604,9.693353994490359,10.232632761110219,5808,6233,29.3120061668915,10378,51.13702062054346,10378,1.493544035459626,10378,7.18828290614762,10378,0.8768548853343612,10378,0.057814607824243594,10378,30.188861052225864,10378,74.60613004869664,73.25264967058149,13964,13964,10418,1.814167786523325,66.71183378500452,65.37187594098164,6642,6642,38.13836962805936,10378,12.468683754095201,10378,43.582578531508965,10378,15.055442915350582,81.7672767003551,66.71183378500452,7322,6642,10.165735209096164,10378,4.528810946232415,10378,37.90711119676238,10378,5.453844671420312,10378,6.928117170938524,10378,15.899017151666987,10378,5.415301599537483,10378,7.40026980150318,10378,0.23125843129697438,10378,1.956060898053575,10378,3.5266910772788593,10378,2.110233185584891,10378,84.2608286252354,21240,11.14406779661017,21240,17.476459510357817,21240,25.40018832391714,21240,39.44444444444444,21240,59.70809792843691,21240,98.95312871758269,21015,98.54389721627409,21015,41.72156975078774,13964,48.898405900547225,21015,0.9897692124672852,21015,14.845317284341675,18942,2.4204092,4253,3.0280342,9.169644,17896.0,86.4480198019802,1616,37.55868544600939,6816,43.068954,9.972510588821526,12041,20.69093335310253,13489,34.539254207131734,13489,6.420045963377567,13489,3.321224701608718,13489,35.02854177477945,13489,6.73875680320825,13964,7.970495560011458,13964,0.057290174735032943,13964,0.014322543683758236,13964,0.21483815525637354,13964,0.007161271841879118,13964,0.08593526210254941,13964,0.050128902893153825,13964,0.014322543683758236,13964,0.10741907762818677,13964,3.016892695693552,21015,1.0278372591006424,21015,1.8367832500594814,21015,1.0183202474423032,21015,4.8060908874613375,21015,78.57142857142857,20636,7.467532467532467,20636,0.8092653615041675,20636,13.151773599534794,20636,86.84822640046521,20636,14.806629834254144,905,19.87105624142661,85.97359735973598,19392,12.799092409240924,19392,20.86896842994404,18942,95.89966232513265,2073,2.4030454437306688,21015,7.246677740863787,4816,51.11079053664166,6932,13.473744950952106,6932,29.140219272937102,6932,4.241200230813618,6932,6932,3.0315926139642237,95.24394328458189,4.7560567154181115,0.08931561906888467,8957,8957,8957
080401,18088,8717,35.95201238390093,18088,58.2375055285272,18088,5.810482087571871,18088,45.555064130915525,18088,8.784829721362229,18088,23.0,26.985184,107.50258116324423,9371,10.719814241486068,18088,24.33104820875719,18088,1.0559486952675807,18088,71.71065122460604,61.733434592747294,9.977216631858743,16.161771490081502,618.744053282588,6.6340595820364605,11245,8.168545555350212,5411,86.01587569667286,5921,84.01727861771059,5093,66.04938271604938,810,30.199115044247787,1808,7.566024268379729,9807,23.085551136943,9807,49.11797695523605,9807,20.230447639441216,9807,69.34842459467727,9807,73.45773427143877,9807,2.957712507698515,8.168545555350212,5.210833047651697,5411,5834,3.933634770348206,22.2692633361558,18.335628565807593,4724,5083,-0.18467366358582993,9.176333615580017,9.361007279165847,4724,5083,36.6010498687664,7620,38.91076115485564,7620,1.167979002624672,7620,7.362204724409449,7620,2.8083989501312336,7620,0.07874015748031496,7620,39.40944881889764,7620,68.0306905370844,66.33741952553135,11339,11339,7714,2.488981073373088,56.975466861955326,55.82204320761626,5462,5462,38.018372703412076,7620,12.769028871391075,7620,44.29133858267716,7620,21.329790922628646,78.30525778458397,56.975466861955326,5877,5462,11.36482939632546,7620,10.275590551181102,7620,37.874015748031496,7620,6.5223097112860895,7620,6.036745406824147,7620,12.217847769028872,7620,4.028871391076115,7620,8.648293963254593,7620,0.14435695538057744,7620,2.1784776902887137,7620,4.986876640419948,7620,2.1916010498687664,7620,82.20367094206104,18088,13.428792569659443,18088,10.338345864661655,18088,15.280849181777974,18088,32.84498009730208,18088,65.41353383458646,18088,96.69142471303174,17772,95.63920774251632,17772,51.62712761266425,11339,22.754895340985822,17772,0.39387801035336484,17772,11.93342999432642,15863,2.5420535,3448,3.2018385,10.190762,15936.0,88.49294729027469,1347,33.72781065088758,4225,45.989113,9.2720505761191,9807,15.603353991979585,10972,41.65147648559971,10972,4.292745169522421,10972,3.709442216551221,10972,34.74298213634707,10972,0.43213687274010054,11339,0.6085192697768763,11339,0.061733838962871504,11339,0.03527647940735515,11339,0.16756327718493694,11339,0.017638239703677575,11339,0.22047799629596967,11339,0.2557544757033248,11339,0.22929711614780846,11339,37.65764176735162,11339,2.1663290569435065,17772,0.7765023632680621,17772,1.5023632680621202,17772,0.8102633355840648,17772,3.6743191537249604,17772,62.9721326577614,17368,7.29502533394749,17368,0.5584983878397052,17368,29.174343620451406,17368,70.82565637954859,17368,20.318237454100366,817,19.28346898680887,91.64670474786561,16281,7.296849087893864,16281,5.787051629578264,15863,88.73755893137769,1909,2.5770875534548727,17772,14.00093808630394,4264,62.226362366092225,4294,19.259431765253844,4294,16.278528178854216,4294,3.8192827200745225,4294,4294,4.1387983232417325,98.21749550629119,1.7825044937088137,0.3445176752546435,6676,6676,6676
080402,8012,3599,30.866200698951573,8012,65.38941587618572,8012,3.744383424862706,8012,41.06340489266101,8012,5.64153769345981,8012,23.0,25.962807,122.6173937204779,4413,10.446829755366949,8012,32.376435346979534,8012,0.6240639041437843,8012,52.929948463447225,47.20366482153083,5.726283641916396,12.13101496158512,824.3333333333334,3.949796973052787,5418,4.804421768707483,2352,82.43119266055047,2180,98.38619922092376,1797,52.961672473867594,287,14.741035856573705,1255,4.898471844253716,4777,20.305631149256858,4777,66.25497173958551,4777,8.540925266903914,4777,74.79589700648943,4777,78.48021770985974,4777,1.510227378622682,4.804421768707483,3.294194390084801,2352,3066,0.5979241715792973,8.882381649585163,8.284457478005866,2049,2728,-0.12139191709280972,9.20595412396291,9.32734604105572,2049,2728,42.40755310778914,3813,29.68790978232363,3813,0.6294256490952006,3813,8.182533438237607,3813,3.907684238132704,3813,0.07867820613690008,3813,46.315237345921844,3813,71.10049604997243,69.50211280543817,5443,5443,3870,2.248062015503876,54.149026248941574,52.96359017781541,2362,2362,63.44086021505376,3813,10.75268817204301,3813,21.295567794387622,3813,29.94704645472607,84.09607270366764,54.149026248941574,3081,2362,4.642014162077104,3813,10.07081038552321,3813,63.36218200891686,3813,3.5929714135851034,3813,7.081038552321007,3813,4.484657749803304,3813,1.075268817204301,3813,5.507474429583006,3813,0.07867820613690008,3813,0.8654602675059009,3813,2.3603461841070024,3813,0.7605559926567007,3813,86.49525711432851,8012,5.404393409885172,8012,3.9191213180229654,8012,9.323514727908139,8012,26.198202695956066,8012,63.41737393909136,8012,97.07825203252033,7872,96.77337398373983,7872,35.789086900606286,5443,65.90447154471545,7872,0.6351626016260162,7872,31.420881144638052,7059,2.1688218,1392,2.6202672,7.418525,4664.0,85.19269776876268,493,27.1518544436669,1429,42.26802,9.27527737073477,4777,7.210988172453262,5242,43.70469286531858,5242,4.673788630293781,5242,2.098435711560473,5242,42.312094620373905,5242,0.31232776042623556,5443,0.25721109682160576,5443,0.07348888480617306,5443,0.0551166636046298,5443,0.03674444240308653,5443,0.03674444240308653,5443,0.18372221201543268,5443,0.29395553922469225,5443,0.07348888480617306,5443,9.939371670034907,5443,1.2703252032520325,7872,0.6351626016260162,7872,0.8511178861788617,7872,0.6986788617886179,7872,2.33739837398374,7872,73.72759387674996,7643,4.513934318984692,7643,0.588774041606699,7643,21.169697762658643,7643,78.83030223734136,7643,17.539267015706805,382,19.127388535031848,96.15544760582928,7205,2.0402498265093687,7205,4.63238419039524,7059,85.11685116851169,813,4.573170731707317,7872,10.244845360824742,1552,67.3274094326726,1463,15.379357484620643,1463,5.809979494190021,1463,0.7518796992481203,1463,1463,5.380724538619275,98.44672258465361,1.5532774153463862,0.27958993476234856,3219,3219,3219
080501,21584,10279,37.80114899925871,21584,56.634544106745736,21584,5.5643068939955524,21584,47.47498146775389,21584,8.334877687175686,21584,21.0,26.145016,109.9815157116451,11305,11.814306893995552,21584,24.810044477390658,21584,1.000741289844329,21584,76.57068062827226,66.74574607329843,9.824934554973822,14.719941169260938,679.3505412156536,6.22002283974115,13135,8.305220883534137,6225,91.99078465916791,7379,98.55627578078963,6788,72.83582089552239,1005,35.630630630630634,2220,6.697805587379924,11347,27.311183572750508,11347,46.80532299286155,11347,19.18568784700802,11347,65.99101083986957,11347,71.02317793249317,11347,3.963686874851069,8.305220883534137,4.341534008683068,6225,6910,3.0136158110571323,20.776554041441106,17.762938230383973,5357,5990,-0.30986199698769923,8.824528654097442,9.134390651085141,5357,5990,32.18377502603865,8641,41.210508043050574,8641,1.3077190140030088,8641,11.630598310380742,8641,2.0830922346950587,8641,0.09258187709755815,8641,34.26686726073371,8641,66.0289243748117,64.17595661343778,13276,13276,8766,2.8062970568104038,52.75703162243763,51.64468457015732,6293,6293,46.76542066890406,8641,12.174516838328897,8641,35.77132276356903,8641,25.23237121301991,77.98940283545754,52.75703162243763,6983,6293,11.364425413725263,8641,6.341858581182733,8641,46.742275199629674,8641,6.098831153801643,8641,5.9252401342437215,8641,10.392315704200902,8641,3.900011572734637,8641,4.571230181691933,8641,0.023145469274389537,8641,1.2382826061798402,8641,6.411294989005902,8641,2.696447170466381,8641,83.76575240919199,21584,11.337101556708673,21584,9.75722757598221,21584,29.781319495922904,21584,31.26389918458117,21584,66.73461823573017,21584,98.84460660492094,21378,98.40022452989054,21378,74.88701416089184,13276,29.46019272148938,21378,0.29469548133595286,21378,12.897751378871448,18856,2.801033,4066,3.5800822,11.607617,20745.0,74.95652173913044,1725,33.44575604272063,5337,43.988007,8.988102582180312,11347,21.15085536547434,12860,38.22706065318818,12860,3.390357698289269,12860,3.631415241057543,12860,33.60031104199067,12860,2.07140705031636,13276,1.709852365170232,13276,0.12805061765592046,13276,0.07532389273877674,13276,0.04519433564326605,13276,0.03766194636938837,13276,4.768002410364567,13276,3.969569147333534,13276,3.977101536607412,13276,1.2654413980114492,13276,2.3107867901581063,21378,0.865375619796052,21378,1.5950977640565067,21378,1.057161567967069,21378,4.036860323697259,21378,79.80718751491433,20953,7.5454588841693315,20953,0.3436262110437646,20953,12.303727389872572,20953,87.69627261012742,20953,22.410358565737052,1004,18.75491113189897,87.47417355371901,19360,11.37913223140496,19360,18.922358930844293,18856,93.25931800158604,2522,2.9750210496772382,21378,9.19605612438377,5274,61.79919384389886,5458,17.49725174056431,5458,17.643825577134482,5458,3.4628068889703187,5458,5458,3.9168193477464275,97.14738510301109,2.8526148969889107,0.8068001728857513,6941,6941,6941
080601,4269,2022,38.01827125790583,4269,56.594050128835796,4269,5.387678613258374,4269,46.380885453267744,4269,8.362614195361912,4269,22.0,26.066292,111.12759643916914,2247,13.094401499180137,4269,24.08058093230265,4269,1.1243851018973998,4269,76.69701986754967,67.1771523178808,9.519867549668874,14.17128773875539,705.6521739130435,5.6114551083591335,2584,7.2727272727272725,1210,86.30527817403708,1402,98.4297520661157,1210,64.91228070175438,228,14.25233644859813,428,5.980650835532102,2274,28.540017590149517,2274,52.24274406332454,2274,13.236587510993843,2274,65.47933157431838,2274,70.53649956024626,2274,3.1242556570067483,7.2727272727272725,4.148471615720524,1210,1374,2.387456016958069,14.53320500481232,12.145748987854251,1039,1235,-0.3072465349351017,8.41097208854668,8.718218623481782,1039,1235,27.558604917095483,1749,43.11034877072613,1749,0.9719839908519153,1749,11.492281303602057,1749,1.8296169239565465,1749,0.11435105774728416,1749,29.38822184105203,1749,67.50764525993884,65.94036697247707,2616,2616,1766,2.32163080407701,53.38223308883455,52.64873675631622,1227,1227,67.1240708976558,1749,7.14694110920526,1749,21.72670097198399,1749,26.60336806307329,79.98560115190784,53.38223308883455,1389,1227,6.861063464837049,1749,5.031446540880503,1749,67.1240708976558,1749,4.059462550028588,1749,3.0303030303030303,1749,4.40251572327044,1749,1.429388221841052,1749,3.544882790165809,1749,0.0,1749,2.858776443682104,1749,3.8307604345340196,1749,1.8867924528301887,1749,86.85874912157414,4269,8.0580932302647,4269,3.3263059264464747,4269,17.662215975638322,4269,22.089482314359334,4269,64.13680018739751,4269,97.98959318826869,4228,97.7294228949858,4228,43.27217125382263,2616,45.31693472090823,4228,0.23651844843897823,4228,17.401960784313726,3672,2.730179,782,3.606115,13.184327,3982.0,62.93929712460064,313,29.050814956855227,1043,44.50144,8.577836411609498,2274,10.547184773988898,2522,50.317208564631244,2522,3.766851704996035,2522,2.9341792228390164,2522,32.434575733544804,2522,0.573394495412844,2616,0.26758409785932724,2616,0.1529051987767584,2616,0.0,2616,0.0,2616,0.0764525993883792,2616,1.3761467889908257,2616,3.669724770642202,2616,18.654434250764528,2616,0.573394495412844,2616,2.3651844843897822,4228,0.9933774834437086,4228,1.348155156102176,4228,1.3245033112582782,4228,4.162724692526017,4228,72.49698431845597,4145,5.693606755126659,4145,0.26537997587454765,4145,21.544028950542824,4145,78.45597104945718,4145,26.108374384236452,203,18.670426065162907,95.42346133613887,3802,3.4718569174118885,3802,8.469498910675382,3672,88.84892086330935,556,5.156102175969726,4228,10.410094637223974,951,63.42155009451796,1058,17.391304347826086,1058,16.446124763705104,1058,3.402646502835539,1058,1058,3.996219281663516,95.74155653450808,4.258443465491922,1.1747430249632893,1362,1362,1362
080602,15570,6801,29.004495825305074,15570,66.20423892100193,15570,4.791265253692999,15570,37.0199100834939,15570,7.9447655748233785,15570,27.0,29.016956,128.93692104102337,8769,8.265895953757225,15570,26.24277456647399,15570,0.674373795761079,15570,51.047729918509894,43.810632518432286,7.23709740007761,16.519043401240037,605.3619302949062,3.691433980123048,10565,5.575620767494357,4430,92.61613691931541,4090,86.74762407602957,3788,83.82608695652173,575,28.222778473091363,1598,3.8594289300282396,9561,29.588955130216505,9561,54.05292333437925,9561,12.498692605376007,9561,66.55161593975525,9561,71.09089007426002,9561,3.2447324219360847,5.575620767494357,2.330888345558272,4430,6135,1.4340573671589514,13.336688475088073,11.902631107929121,3974,5587,-0.16925362989015014,8.648716658278813,8.817970288168963,3974,5587,24.94267515923567,7850,52.87898089171974,7850,1.2484076433121019,7850,8.598726114649681,7850,0.9299363057324841,7850,0.08917197452229299,7850,25.872611464968152,7850,73.53980654761905,72.32142857142857,10752,10752,7907,1.6567598330593145,58.13953488372093,57.3421926910299,4515,4515,65.4267515923567,7850,7.273885350318471,7850,21.70700636942675,7850,26.54861647109709,84.68815135481802,58.13953488372093,6237,4515,4.968152866242038,7850,4.025477707006369,7850,65.38853503184713,7850,2.9554140127388533,7850,4.280254777070064,7850,8.114649681528663,7850,2.8025477707006368,7850,3.910828025477707,7850,0.03821656050955414,7850,0.3821656050955414,7850,2.3694267515923566,7850,0.9681528662420382,7850,84.99678869621066,15570,7.347463070006422,15570,11.483622350674374,15570,14.630700064226076,15570,28.48426461143224,15570,57.75208734746307,15570,99.03264016846539,15196,98.71018689128718,15196,52.734375,10752,74.57225585680442,15196,0.6383258752303238,15196,22.557739205279013,13942,2.6934674,2786,3.4245112,9.304476,12983.0,90.88372093023256,1075,34.6592006178799,5179,42.52346,8.747620541784332,9561,17.10513253251266,10073,32.552367715675565,10073,4.8545616995929715,10073,2.859128362950462,10073,42.628809689268344,10073,6.7429315476190474,10752,0.8277529761904762,10752,0.27901785714285715,10752,0.0744047619047619,10752,0.33482142857142855,10752,0.27901785714285715,10752,1.3113839285714286,10752,1.2462797619047619,10752,0.05580357142857143,10752,0.6696428571428571,10752,1.678073177151882,15196,0.7238747038694393,15196,1.085812055804159,15196,0.6185838378520664,15196,2.9547249276125296,15196,73.47160092178392,14754,3.978582079436085,14754,0.7184492341060051,14754,21.83136776467399,14754,78.16863223532602,14754,19.21641791044776,536,19.08135125818683,87.38574040219379,14222,10.23765996343693,14222,17.056376416582985,13942,94.81658692185007,1254,5.685706764938142,15196,7.631759069130732,2922,40.89709762532981,5306,11.797964568413118,5306,36.31737655484358,5306,3.976630229928383,5306,5306,2.863927629099133,94.85586876891225,5.144131231087755,1.1944577161968466,6279,6279,6279
080701,6808,3140,33.108108108108105,6808,61.50117508813161,6808,5.390716803760282,6808,43.933607520564046,6808,8.475323149236193,6808,23.0,27.341951,116.81528662420382,3668,9.826674500587544,6808,27.115158636897768,6808,1.028202115158637,6808,62.59851922617626,53.83329352758538,8.765225698590877,16.282165039929016,614.1689373297003,2.1515220874341954,4369,2.5393600812595225,1969,89.07730673316708,2005,98.20828667413214,1786,75.87548638132296,257,25.40880503144654,795,3.3974190150118515,3797,24.624703713457993,3797,53.06821174611535,3797,18.909665525414802,3797,71.97787727153016,3797,76.92915459573348,3797,0.7060267479261892,2.5393600812595225,1.8333333333333333,1969,2400,1.33576921680201,19.63260619977038,18.29683698296837,1742,2055,0.05830896053142531,9.705510907003445,9.64720194647202,1742,2055,32.58162234937731,2971,40.72702793672164,2971,1.2117132278694043,2971,9.323460114439582,2971,3.5678222820599124,2971,0.0,2971,36.14944463143723,2971,67.26943942133815,66.04882459312839,4424,4424,2976,1.814516129032258,55.37768884442221,54.07703851925963,1999,1999,40.72702793672164,2971,14.47324133288455,2971,38.303601480982834,2971,21.694476104031395,77.0721649484536,55.37768884442221,2425,1999,10.063951531470885,2971,9.256142712891283,2971,40.592393133625045,2971,5.822955233927971,2971,8.179064288118479,2971,10.535173342308987,2971,2.7263547627061597,2971,4.947829013800067,2971,0.13463480309660047,2971,3.938067990575564,2971,3.8034331874789635,2971,3.5005048805116123,2971,86.33960047003525,6808,14.938307873090482,6808,7.109283196239718,6808,12.132784958871916,6808,22.17978848413631,6808,51.29259694477086,6808,97.76096822995461,6610,97.24659606656581,6610,42.857142857142854,4424,43.5249621785174,6610,1.4674735249621784,6610,20.8312384782973,5967,2.6583126,1197,3.294964,7.5779796,5450.0,96.52777777777777,432,32.46217331499312,1454,46.111416,9.673953120884908,3797,19.107524329456446,4213,33.27794920484215,4213,4.225017802041301,4213,3.417991929741277,4213,39.971516733918826,4213,1.1754068716094033,4424,0.9719710669077758,4424,0.09041591320072333,4424,0.31645569620253167,4424,0.47468354430379744,4424,0.045207956600361664,4424,0.38426763110307416,4424,0.33905967450271246,4424,0.0,4424,2.5090415913200723,4424,2.571860816944024,6610,0.75642965204236,6610,1.2102874432677762,6610,0.5900151285930408,6610,3.8729198184568836,6610,69.61965878854281,6389,11.87979339489748,6389,0.39129754265143213,6389,18.10925027390828,6389,81.89074972609173,6389,14.885496183206106,262,19.38228055783429,92.81035047494268,6106,1.1627906976744187,6106,9.250879839115134,5967,91.1353032659409,643,3.010590015128593,6610,10.991233985165206,1483,63.272010512483575,1522,20.367936925098554,1522,13.074901445466491,1522,3.4822601839684624,1522,1522,4.342969776609724,97.87234042553192,2.1276595744680833,0.36824877250409166,2444,2444,2444
080702,5489,2551,32.28274731280743,5489,61.74166514847877,5489,5.975587538713791,5489,42.17525961012935,5489,9.109127345600292,5489,25.0,28.274366,115.17052136417091,2938,9.01803607214429,5489,25.560211331754417,5489,0.9473492439424304,5489,61.96518146946002,52.28681026851579,9.678371200944232,18.510158013544018,540.2439024390244,3.3577878103837473,3544,4.135802469135802,1620,92.4390243902439,1640,98.02110817941953,1516,85.86387434554973,191,31.282952548330403,569,3.5668380462724936,3112,21.047557840616967,3112,57.005141388174806,3112,18.380462724935732,3112,75.38560411311055,3112,79.5629820051414,3112,1.4330997664330996,4.135802469135802,2.7027027027027026,1620,1924,3.488342554206028,20.28268551236749,16.79434295816146,1415,1697,0.0014167591530256374,9.795759717314487,9.794342958161462,1415,1697,35.661764705882355,2448,42.8921568627451,2448,1.4705882352941178,2448,5.9640522875816995,2448,2.573529411764706,2448,0.04084967320261438,2448,38.23529411764706,2448,69.40715883668904,68.0089485458613,3576,3576,2482,2.0145044319097503,56.26145387904704,55.46731826511912,1637,1637,39.583333333333336,2448,14.82843137254902,2448,39.052287581699346,2448,24.243961283407828,80.50541516245487,56.26145387904704,1939,1637,11.642156862745098,2448,10.53921568627451,2448,39.583333333333336,2448,5.433006535947713,2448,9.191176470588236,2448,12.7859477124183,2448,2.573529411764706,2448,5.800653594771242,2448,0.0,2448,1.6339869281045751,2448,5.351307189542483,2448,2.696078431372549,2448,83.84040808890508,5489,16.03206412825651,5489,10.074694844233923,5489,17.398433230096558,5489,32.428493350337035,5489,65.71324467116051,5489,98.8288628636192,5294,98.37551945598791,5294,33.83668903803132,3576,40.59312429165092,5294,0.8500188893086513,5294,21.133485571932738,4817,2.6021826,1008,3.2700276,9.449988,4709.0,95.56786703601108,361,31.520991052993807,1453,44.912594,9.794987146529563,3112,15.93279258400927,3452,35.19698725376593,3452,3.6210892236384704,3452,3.9687137891077637,3452,41.280417149478566,3452,1.8176733780760626,3576,0.7550335570469798,3576,0.11185682326621924,3576,0.4753914988814318,3576,0.0,3576,0.05592841163310962,3576,0.41946308724832215,3576,0.02796420581655481,3576,0.0,3576,0.6711409395973155,3576,2.2289384208537966,5294,1.1900264450321119,5294,1.5300340007555724,5294,1.1144692104268983,5294,3.9478655081224026,5294,71.77340860424373,5137,11.387969632080981,5137,0.7591979754720654,5137,16.079423788203233,5137,83.92057621179677,5137,17.073170731707318,246,19.022179363548698,97.15331435542903,4918,0.9556730378202521,4918,6.850736973219846,4817,95.17819706498952,477,4.193426520589346,5294,5.441055234954658,1213,50.06675567423231,1498,16.822429906542055,1498,28.571428571428573,1498,3.3377837116154874,1498,1498,3.534045393858478,96.6714217784118,3.3285782215882023,0.6657156443176415,2103,2103,2103
080703,1091,492,34.83043079743355,1091,60.678276810265814,1091,4.491292392300641,1091,43.62969752520623,1091,6.782768102658112,1091,24.0,26.842346,121.7479674796748,599,10.449129239230064,1091,24.56461961503208,1091,0.5499541704857929,1091,64.8036253776435,57.40181268882175,7.401812688821752,12.894736842105264,775.5102040816327,2.0348837209302326,688,2.6578073089700998,301,90.3409090909091,352,99.05660377358491,318,81.13207547169812,53,17.475728155339805,103,3.1613976705490847,601,25.291181364392678,601,57.57071547420965,601,13.976705490848586,601,71.54742096505824,601,75.54076539101497,601,1.1074197120708749,2.6578073089700998,1.550387596899225,301,387,-0.9079630047371978,13.461538461538462,14.36950146627566,260,341,-0.07710354161967103,9.169230769230769,9.24633431085044,260,341,30.434782608695652,483,44.3064182194617,483,2.484472049689441,483,9.937888198757763,483,1.8633540372670807,483,0.0,483,32.298136645962735,483,68.71428571428571,67.28571428571429,700,700,481,2.079002079002079,54.75409836065574,53.442622950819676,305,305,50.93167701863354,483,8.695652173913043,483,33.95445134575569,483,24.739572525420208,79.49367088607595,54.75409836065574,395,305,9.109730848861284,483,5.590062111801243,483,50.93167701863354,483,4.554865424430642,483,4.140786749482402,483,11.387163561076605,483,3.1055900621118013,483,3.3126293995859215,483,0.0,483,3.9337474120082816,483,7.0393374741200825,483,0.6211180124223602,483,92.8505957836847,1091,9.99083409715857,1091,6.599450045829514,1091,10.999083409715857,1091,31.347387717690193,1091,56.553620531622364,1091,97.67008387698043,1073,97.01770736253495,1073,38.714285714285715,700,66.54240447343895,1073,0.8387698042870456,1073,32.74428274428274,962,3.0833333,216,3.7176871,7.451701,1087.0,88.88888888888889,90,26.910299003322258,301,43.451828,9.21297836938436,601,15.327380952380953,672,46.42857142857143,672,4.315476190476191,672,1.7857142857142858,672,32.142857142857146,672,0.42857142857142855,700,0.7142857142857143,700,0.2857142857142857,700,0.14285714285714285,700,0.2857142857142857,700,0.14285714285714285,700,0.0,700,0.0,700,0.0,700,5.428571428571429,700,1.8639328984156571,1073,0.27958993476234856,1073,0.65237651444548,1073,0.27958993476234856,1073,2.8890959925442683,1073,71.97330791229743,1049,8.293612964728313,1049,0.5719733079122974,1049,19.161105815061966,1049,80.83889418493804,1049,29.78723404255319,47,17.739336492890995,97.87878787878788,990,0.5050505050505051,990,4.46985446985447,962,85.58558558558559,111,3.5414725069897486,1073,9.54356846473029,241,52.750809061488674,309,12.297734627831716,309,19.41747572815534,309,2.588996763754045,309,309,3.472491909385113,97.88359788359789,2.1164021164021136,0.0,378,378,378
080801,12785,6043,34.85334376222135,12785,58.88150175987485,12785,6.265154477903794,12785,43.793508017207664,12785,9.417285881892843,12785,24.0,28.088228,111.5671024325666,6742,9.73015252248729,12785,22.47946812671099,12785,1.1184982401251466,12785,69.8326248671626,59.192348565356006,10.640276301806589,17.975763016157988,556.3046192259675,2.3682200152788386,7854,3.328822733423545,3695,93.43812375249502,4008,99.22563417890521,3745,87.1939736346516,531,35.49323017408124,1034,2.767662053896577,6865,18.048069919883467,6865,60.53896576839038,6865,18.64530225782957,6865,79.18426802621995,6865,82.53459577567371,6865,1.8140355249599722,3.328822733423545,1.514787208463573,3695,4159,3.27792807835149,20.37665946279716,17.09873138444567,3239,3626,0.0904837740942348,10.253473294226612,10.162989520132378,3239,3626,27.393889686282552,4877,44.9661677260611,4877,1.4148041828993234,4877,10.272708632355956,4877,2.1119540701250767,4877,0.061513225343448844,4877,29.50584375640763,4877,60.995799357548805,59.45144551519644,8094,8094,4937,2.5319019647559244,49.30318169865895,47.96213515645543,3803,3803,38.712323149477136,4877,15.091244617592782,4877,38.87635841705967,4877,22.055475956899194,71.35865765555815,49.30318169865895,4291,3803,12.794750871437358,4877,6.212835759688333,4877,38.507279064998976,4877,7.60713553413984,4877,7.094525322944433,4877,12.405167110928849,4877,2.0504408447816282,4877,5.392659421775682,4877,0.2050440844781628,4877,1.7838835349600164,4877,6.868976830018454,4877,2.768095140455198,4877,86.96128275322644,12785,13.046538912788424,12785,8.854125928822839,12785,13.101290574892452,12785,25.248337895971844,12785,55.658975361752056,12785,99.12428697678155,12447,98.81095846388688,12447,36.60736347912034,8094,25.612597413031253,12447,0.8998152165180364,12447,10.134234154147036,11249,2.7708056,2247,3.5658867,8.565462,11488.0,95.50173010380622,867,29.470771359391215,2891,48.146664,10.205680990531683,6865,20.95427435387674,7545,34.18157720344599,7545,3.472498343273691,7545,3.5917826375082837,7545,37.799867461895296,7545,0.4447739065974796,8094,0.5559673832468495,8094,0.04941932295527551,8094,0.08648381517173215,8094,0.09883864591055103,8094,0.037064492216456635,8094,0.16061279960464542,8094,0.13590313812700766,8094,0.012354830738818878,8094,0.13590313812700766,8094,2.6512412629549287,12447,0.8596448943520527,12447,1.6469832088053347,12447,0.9640877319836105,12447,4.28215634289387,12447,73.91052675101298,12093,10.923674853220872,12093,0.4134623335814107,12093,14.752336062184735,12093,85.24766393781526,12093,15.169660678642714,501,19.369565217391305,97.918473547268,11530,0.37294015611448394,11530,2.5068895012890033,11249,97.49582637729549,1198,2.217401783562304,12447,5.866486850977748,2966,61.58268515387217,2957,22.015556307067975,2957,15.353398714913764,2957,3.6185322962461957,2957,2957,4.209333784240784,97.77221526908636,2.2277847309136405,0.32540675844806005,3995,3995,3995
080802,7488,3179,26.161858974358974,7488,66.92040598290598,7488,6.917735042735043,7488,34.602029914529915,7488,10.430021367521368,7488,29.0,31.087206,135.54576910978295,4309,6.971153846153846,7488,25.227029914529915,7488,1.0683760683760684,7488,49.431251247256036,39.09399321492716,10.337258032328876,26.44206227667177,378.18532818532816,2.6951672862453533,5380,4.238052299368801,2218,93.73988127361037,1853,98.73344847438112,1737,86.42533936651584,221,23.32535885167464,836,3.53400452023834,4867,22.14916786521471,4867,59.15348263817547,4867,15.163344976371482,4867,74.31682761454695,4867,79.00143825765359,4867,2.625149073562349,4.238052299368801,1.6129032258064515,2218,3162,0.2652222624258993,15.31936127744511,15.05413901501921,2004,2863,-0.4344902580448604,9.380738522954092,9.815228780998952,2004,2863,27.157622739018088,3870,49.30232558139535,3870,1.0594315245478036,3870,10.180878552971576,3870,1.421188630490956,3870,0.25839793281653745,3870,28.578811369509044,3870,72.60476278382869,70.90640575964557,5417,5417,3933,2.3391812865497075,58.25503355704698,56.644295302013425,2235,2235,56.07235142118863,3870,11.421188630490956,3870,27.10594315245478,3870,24.42881308028803,82.68384663733501,58.25503355704698,3182,2235,8.604651162790697,3870,4.5994832041343665,3870,50.12919896640827,3870,4.780361757105943,3870,6.40826873385013,3870,8.682170542635658,3870,2.0671834625322996,3870,3.850129198966408,3870,5.943152454780361,3870,1.834625322997416,3870,3.643410852713178,3870,1.8604651162790697,3870,86.07104700854701,7488,8.827457264957266,7488,6.517094017094017,7488,18.255876068376068,7488,23.75801282051282,7488,57.9059829059829,7488,98.08058807514294,7346,97.57691260549959,7346,55.547350932250325,5417,46.81459297576912,7346,2.777021508303839,7346,23.394294074615946,6835,2.3276837,1416,3.1523533,9.4603,6448.0,96.0088691796009,451,29.458128078817733,2030,46.611332,9.636326279021985,4867,20.544320544320545,5291,29.276129276129275,5291,4.365904365904366,5291,3.420903420903421,5291,42.39274239274239,5291,11.316226693741923,5417,2.3444711094701867,5417,0.29536643898836995,5417,7.218017352778291,5417,0.12922281705741184,5417,0.018460402436773122,5417,0.1846040243677312,5417,0.14768321949418498,5417,0.0,5417,0.07384160974709249,5417,2.845085760958345,7346,1.04818949087939,7346,1.7152191668935475,7346,1.034576640348489,7346,4.465014974135584,7346,75.60329195145766,7169,8.048542335053703,7169,0.3626726182173246,7169,15.985493095271307,7169,84.01450690472869,7169,12.552301255230125,239,19.575221238938052,89.8041474654378,6944,7.574884792626728,6944,17.425018288222386,6835,92.36790606653621,511,4.124693710863054,7346,6.295754026354319,1366,46.86595949855352,2074,19.334619093539054,2074,23.722275795564126,2074,3.712632594021215,2074,2074,3.5419479267116682,96.45211930926217,3.547880690737827,0.21978021978021978,3185,3185,3185
080803,4630,2103,28.509719222462202,4630,63.99568034557235,4630,7.494600431965443,4630,35.85313174946004,4630,10.8207343412527,4630,29.0,30.623758,120.16167379933428,2527,8.509719222462204,4630,22.85097192224622,4630,1.3390928725701945,4630,56.26054674316571,44.54944313196085,11.71110361120486,26.28787878787879,380.4034582132565,2.916274694261524,3189,3.374012921751615,1393,92.92929292929293,1188,91.30434782608695,1104,84.17721518987342,158,25.675675675675677,444,3.6576949620427883,2898,20.77294685990338,2898,62.215320910973084,2898,13.354037267080745,2898,75.56935817805383,2898,79.77915804002761,2898,0.8127657057159805,3.374012921751615,2.5612472160356345,1393,1796,0.30938676541220467,13.528481012658228,13.219094247246023,1264,1634,-0.2759923616813591,9.583860759493671,9.85985312117503,1264,1634,37.2463768115942,2070,40.14492753623188,2070,1.3043478260869565,2070,9.66183574879227,2070,0.966183574879227,2070,0.24154589371980675,2070,38.21256038647343,2070,67.47739320236981,63.95385095104459,3207,3207,2164,5.22181146025878,52.81941470378301,50.17844396859386,1401,1401,49.32367149758454,2070,12.318840579710145,2070,32.41545893719807,2070,26.028868795663286,78.8482834994463,52.81941470378301,1806,1401,9.61352657004831,2070,5.458937198067633,2070,49.27536231884058,2070,5.072463768115942,2070,6.811594202898551,2070,10.821256038647343,2070,2.7053140096618358,2070,6.086956521739131,2070,0.04830917874396135,2070,1.8357487922705313,2070,3.9130434782608696,2070,1.9806763285024154,2070,91.23110151187905,4630,9.330453563714903,4630,5.788336933045357,4630,10.777537796976242,4630,28.531317494600433,4630,64.94600431965442,4630,98.75610839626833,4502,98.35628609506885,4502,20.67352666043031,3207,35.53976010661928,4502,0.9995557529986673,4502,12.815533980582524,4120,2.34,900,3.1771386,8.979887,4176.0,96.22641509433963,318,28.91566265060241,996,48.101406,9.739475500345065,2898,23.21027287319422,3115,27.929373996789728,3115,3.3707865168539324,3115,3.274478330658106,3115,42.21508828250401,3115,0.2806361085126286,3207,0.12472715933894606,3207,0.12472715933894606,3207,0.09354536950420954,3207,0.06236357966947303,3207,0.12472715933894606,3207,0.6859993763642033,3207,0.2494543186778921,3207,0.06236357966947303,3207,0.2806361085126286,3207,2.8653931585961794,4502,1.1328298533984895,4502,1.754775655264327,4502,1.1106175033318526,4502,4.464682363394047,4502,80.37830446672744,4388,7.292616226071103,4388,0.3646308113035551,4388,11.964448495897903,4388,88.0355515041021,4388,18.0,150,19.48854961832061,98.5952380952381,4200,0.42857142857142855,4200,2.766990291262136,4120,93.97905759162303,382,2.687694358063083,4502,7.4766355140186915,856,57.467853610286845,1011,26.013847675568744,1011,13.748763600395648,1011,3.3630069238377844,1011,1011,4.453016815034619,98.9247311827957,1.0752688172043037,0.22637238256932654,1767,1767,1767
080901,3973,1835,41.706519003272085,3973,54.01459854014598,3973,4.278882456581928,3973,50.8683614397181,3973,7.04757110495847,3973,19.0,24.475964,116.51226158038148,2138,14.42235086836144,3973,23.91140196325195,3973,0.9816259753335012,3973,85.13513513513513,77.21342031686859,7.921714818266542,10.259505129752565,974.7058823529412,13.728129205921938,2229,15.758176412289396,1009,85.63419761737912,1427,98.03600654664484,1222,69.00826446280992,242,20.935960591133004,406,15.480519480519481,1925,31.01298701298701,1925,41.97402597402598,1925,11.532467532467532,1925,53.506493506493506,1925,58.38961038961039,1925,3.7089960844205443,15.758176412289396,12.049180327868852,1009,1220,-0.6989159448711657,11.149425287356323,11.848341232227488,870,1055,-0.5488750885220899,6.994252873563219,7.5431279620853084,870,1055,19.414893617021278,1504,44.81382978723404,1504,0.7978723404255319,1504,19.61436170212766,1504,0.7978723404255319,1504,0.0,1504,20.21276595744681,1504,65.19650655021834,64.14847161572052,2290,2290,1493,1.607501674480911,52.74831243972999,52.26615236258438,1037,1037,73.47074468085107,1504,7.3138297872340425,1504,15.492021276595745,1504,22.75049043337456,75.49880287310455,52.74831243972999,1253,1037,8.577127659574469,1504,2.925531914893617,1504,73.3377659574468,1504,2.393617021276596,1504,4.920212765957447,1504,3.324468085106383,1504,0.5319148936170213,1504,1.3962765957446808,1504,0.13297872340425532,1504,0.3324468085106383,1504,6.183510638297872,1504,1.5957446808510638,1504,79.81374276365467,3973,7.500629247420085,3973,4.505411527812736,3973,47.092876919204635,3973,25.799144223508684,3973,76.7933551472439,3973,96.51133180544946,3927,95.44181308887191,3927,94.8471615720524,2290,31.219760631525336,3927,0.20371785077667431,3927,15.261282660332542,3368,3.4946237,651,4.400901,13.826781,3891.0,55.208333333333336,384,21.49122807017544,912,43.745613,7.295064935064935,1925,19.58295557570263,2206,44.3336355394379,2206,1.586582048957389,2206,2.946509519492294,2206,31.550317316409792,2206,0.4366812227074236,2290,0.34934497816593885,2290,0.043668122270742356,2290,0.08733624454148471,2290,0.0,2290,0.08733624454148471,2290,1.8777292576419213,2290,10.56768558951965,2290,2.4017467248908297,2290,3.8427947598253276,2290,1.7061370002546472,3927,0.6111535523300229,3927,0.8403361344537815,3927,0.6366182836771072,3927,2.6228673287496815,3927,66.84086752025085,3827,7.865168539325842,3827,0.10452051215050953,3827,25.1894434282728,3827,74.8105565717272,3827,25.308641975308642,162,18.040816326530614,75.37889619674006,3497,22.848155561910207,3497,28.889548693586697,3368,85.86762075134168,559,9.982174688057041,3927,13.739669421487603,968,65.3061224489796,931,14.39312567132116,931,19.441460794844254,931,2.7926960257787323,931,931,4.2180451127819545,94.87895716945997,5.121042830540034,0.8379888268156425,1074,1074,1074
090101,55114,26993,29.01984976593969,55114,66.97753746779402,55114,4.002612766266284,55114,39.596109881336865,55114,6.325071669630221,55114,25.0,27.54126,104.17886118623346,28121,7.301230177450376,55114,29.838153645171825,55114,0.6296040933338172,55114,49.30378718101533,43.32773473478897,5.976052446226364,13.792672252094535,725.0226654578422,1.1228961904514925,38561,1.5052737584141622,18867,96.20945436258486,15908,82.2999019928128,15305,89.67161016949153,1888,62.20334748938296,8006,1.517925698423011,33862,9.984643553245526,33862,44.628196798771484,33862,43.86923394955998,33862,88.49743074833147,33862,90.53511310613668,33862,0.7486981516303702,1.5052737584141622,0.756575606783792,18867,19694,4.107567986921701,45.94739988045427,41.83983189353257,16730,17132,0.00393481422474018,12.190077704722055,12.186142890497315,16730,17132,45.78608047226969,25748,37.32717104241106,25748,2.1555072238620476,25748,6.047071617212987,25748,1.4059344415100201,25748,0.05048935839676868,25748,47.19201491377971,25748,68.72919623274416,65.92955747645465,38755,38755,26636,4.07343444961706,61.3047835029798,58.377722693950744,18961,18961,9.235668789808917,25748,16.32359794935529,25748,67.81109212366009,25748,14.536380486107802,75.8411639890876,61.3047835029798,19794,18961,21.073481435451296,25748,7.814199161099891,25748,9.16187665061364,25748,7.46077365232251,25748,8.509398788255398,25748,20.106416032313188,25748,6.687898089171974,25748,8.610377505048936,25748,0.0737921391952773,25748,8.140438092279012,25748,6.035420226813733,25748,6.078141991610999,25748,73.82334796966288,55114,29.373661864499038,55114,16.62009652719817,55114,16.228181587255506,55114,41.69539499945567,55114,50.42276009725297,55114,98.92185755340374,54631,98.75162453552012,54631,16.71526254676816,38755,48.139334809906465,54631,2.0665922278559794,54631,13.888066331063074,50655,1.8783846,13148,2.2425497,7.546735,38785.0,98.32386363636364,3520,42.15336747261295,15427,42.210995,12.188086941113934,33862,22.236054457805796,37754,26.95608412353658,37754,5.509350002648726,37754,2.7361339195846797,37754,42.56237749642422,37754,2.9054315572184235,38755,9.002709327828667,38755,0.12127467423558251,38755,0.04902593213778867,38755,0.3354405883111857,38755,0.010321248871113405,38755,0.06450780544445878,38755,0.01806218552444846,38755,0.0025803122177783513,38755,0.04128499548445362,38755,3.0550420091157036,54631,0.8621478647654263,54631,1.552232249089345,54631,0.8749611026706449,54631,4.718932474236239,54631,67.67448745466656,54044,19.872696321515804,54044,1.1435126933609652,54044,11.309303530456665,54044,88.69069646954334,54044,8.522946394138064,2593,20.341552106430154,93.6609203203475,51569,3.7949155500397524,51569,21.69775935248248,50655,97.51006036217304,3976,2.3594662371181196,54631,5.587586908597592,11794,54.713127832025016,15669,11.813134214053227,15669,19.53538834641649,15669,2.367732465377497,15669,15669,3.4865658306209713,96.55097707872959,3.449022921270412,0.0,23079,23079,23079
090102,9353,4699,32.06457821019993,9353,64.07569763712178,9353,3.859724152678285,9353,42.64941729926227,9353,6.040842510424462,9353,24.0,26.44991,99.04234943605023,4654,9.633272746712285,9353,28.792900673580668,9353,0.5773548594034,9353,56.06540964458535,50.04171533455698,6.023694310028366,12.037345781927309,830.7479224376731,2.6816752193345472,6041,2.953020134228188,2980,94.76173153874136,2749,97.69673704414588,2605,85.55858310626704,367,53.14926660914581,1159,4.793735676088617,5236,16.92131398013751,5236,53.80061115355233,5236,24.484339190221544,5236,78.28495034377387,5236,81.0733384262796,5236,0.5355095167829087,2.953020134228188,2.4175106174452794,2980,3061,4.276746451991958,26.66926981647794,22.39252336448598,2561,2675,0.3811576231539231,10.35611089418196,9.974953271028037,2561,2675,30.086032388663966,3952,41.34615384615385,3952,1.8218623481781377,3952,9.412955465587045,3952,1.8724696356275303,3952,0.07591093117408906,3952,31.958502024291498,3952,65.6102714123192,63.4162197302129,6153,6153,4037,3.3440673767649245,56.60749506903353,54.4707429322814,3042,3042,33.628542510121456,3952,18.26923076923077,3952,40.08097165991903,3952,17.80587683710597,74.4133719061395,56.60749506903353,3111,3042,10.62753036437247,3952,7.439271255060729,3952,33.57793522267207,3952,8.628542510121457,3952,9.43825910931174,3952,12.196356275303645,3952,4.200404858299595,3952,5.465587044534413,3952,0.05060728744939271,3952,3.694331983805668,3952,3.3906882591093117,3952,3.0364372469635628,3952,91.14722548914787,9353,11.023201111942692,9353,10.1037100395595,9353,8.328878434726825,9353,26.216187319576605,9353,46.02801240243772,9353,98.6694523861887,9094,98.47151968330768,9094,12.530472940029254,6153,48.10864306135914,9094,1.5284803166923246,9094,13.169425511197662,8216,1.9802469,2025,2.3409436,7.9110804,6118.0,97.81879194630872,596,40.50228310502283,2190,42.97808,10.161382734912147,5236,14.489026063100138,5832,34.31069958847737,5832,4.492455418381344,5832,2.914951989026063,5832,43.79286694101509,5832,0.6175849179262148,6153,1.999024865919064,6153,0.08126117341134406,6153,0.0,6153,0.2925402242808386,6153,0.0,6153,0.01625223468226881,6153,0.01625223468226881,6153,0.0,6153,0.01625223468226881,6153,2.5181438310974267,9094,0.8687046404222565,9094,1.396525181438311,9094,1.231581262370794,9094,4.1675830217725975,9094,87.07032127611772,8902,6.155920017973489,8902,0.6403055493147607,8902,6.133453156594024,8902,93.86654684340597,8902,10.495049504950495,505,19.63653483992467,95.70071258907363,8420,1.152019002375297,8420,10.503894839337878,8216,97.26651480637813,878,2.672091488893776,9094,9.49367088607595,2054,65.63620071684588,2232,13.216845878136201,2232,11.60394265232975,2232,1.657706093189964,2232,2232,4.07437275985663,90.84213896894012,9.15786103105988,4.642971501761127,3123,3123,3123
090103,2437,1043,29.585556011489537,2437,66.02379975379566,2437,4.390644234714813,2437,37.669265490357,2437,7.263028313500206,2437,27.0,29.081657,133.6529242569511,1394,6.770619614279853,2437,24.620434961017644,2437,0.3693065244152647,2437,51.460534493474206,44.81044126786824,6.650093225605967,14.840499306518725,673.8317757009346,3.6592681463707257,1667,3.7764350453172204,662,93.31436699857753,703,95.88414634146342,656,81.31868131868131,91,36.940298507462686,268,5.878467635402906,1514,23.18361955085865,1514,48.67899603698811,1514,22.25891677675033,1514,70.93791281373844,1514,75.36327608982828,1514,0.1943454930784143,3.7764350453172204,3.582089552238806,662,1005,7.787495466664723,26.955074875207988,19.167579408543265,601,913,0.7652907804261986,10.01830282861897,9.25301204819277,601,913,19.558823529411764,1360,57.205882352941174,1360,0.9558823529411765,1360,11.102941176470589,1360,1.3235294117647058,1360,0.07352941176470588,1360,20.88235294117647,1360,80.86749851455734,79.73856209150327,1683,1683,1361,1.396032329169728,69.76047904191617,68.7125748502994,668,668,72.13235294117646,1360,4.705882352941177,1360,19.705882352941178,1360,18.416860859561666,88.17733990147784,69.76047904191617,1015,668,7.720588235294118,1360,3.3088235294117645,1360,72.13235294117646,1360,2.2058823529411766,1360,2.5,1360,5.735294117647059,1360,1.3235294117647058,1360,1.3235294117647058,1360,0.0,1360,2.6470588235294117,1360,3.75,1360,2.0588235294117645,1360,86.17152236356176,2437,13.582273286828068,2437,11.612638489946656,2437,15.223635617562577,2437,35.86376692654903,2437,59.9097250718096,2437,96.70696123384744,2399,96.08170070862859,2399,32.263814616755795,1683,68.77865777407253,2399,4.335139641517299,2399,21.82468694096601,2236,2.4230769,494,2.8104477,11.433172,1863.0,95.94594594594595,148,28.95069532237674,791,42.821743,9.55680317040951,1514,18.276283618581907,1636,36.002444987775064,1636,5.012224938875305,1636,2.3227383863080684,1636,38.386308068459655,1636,4.09982174688057,1683,4.45632798573975,1683,0.17825311942959002,1683,0.0,1683,0.23767082590612001,1683,0.0,1683,0.11883541295306001,1683,0.0,1683,0.0,1683,0.0,1683,2.709462275948312,2399,0.7919966652771988,2399,1.2505210504376825,2399,0.8753647353063777,2399,4.168403501458942,2399,79.01918976545842,2345,9.722814498933902,2345,0.511727078891258,2345,10.746268656716419,2345,89.25373134328358,2345,19.444444444444443,72,18.850107066381156,80.39473684210526,2280,8.81578947368421,2280,31.887298747763865,2236,94.47852760736197,163,5.66902876198416,2399,10.707456978967496,523,45.48780487804878,820,11.21951219512195,820,30.48780487804878,820,3.4146341463414633,820,820,2.925609756097561,94.46460980036298,5.535390199637021,4.083484573502722,1102,1102,1102
090104,3630,1523,28.925619834710744,3630,67.21763085399449,3630,3.8567493112947657,3630,37.13498622589532,3630,7.079889807162535,3630,26.0,28.506336,138.34537097833223,2107,7.741046831955923,3630,26.639118457300274,3630,0.3856749311294766,3630,48.77049180327869,43.032786885245905,5.737704918032787,13.333333333333334,750.0,4.016064257028113,2490,4.737903225806452,992,90.42224510813594,971,98.63325740318906,878,85.24590163934427,122,34.354485776805255,457,5.35475234270415,2241,23.24854975457385,2241,52.07496653279786,2241,19.32173136992414,2241,71.396697902722,2241,75.36813922356092,2241,1.1998524914940356,4.737903225806452,3.5380507343124163,992,1498,5.187429854096521,22.44668911335578,17.25925925925926,891,1350,0.17286195286195394,9.508417508417509,9.335555555555555,891,1350,21.259445843828715,1985,55.91939546599496,1985,0.654911838790932,1985,9.924433249370278,1985,0.7556675062972292,1985,0.05037783375314862,1985,22.015113350125944,1985,79.11216805390409,77.68529528339279,2523,2523,1996,1.8036072144288577,67.52730883813307,66.43495531281033,1007,1007,59.59697732997481,1985,8.01007556675063,1985,27.858942065491185,1985,19.280079024663763,86.80738786279683,67.52730883813307,1516,1007,7.204030226700252,1985,3.3249370277078087,1985,59.54659949622166,1985,3.8790931989924435,1985,4.030226700251889,1985,14.15617128463476,1985,1.9143576826196473,1985,2.4181360201511337,1985,0.05037783375314862,1985,1.4105793450881612,1985,3.375314861460957,1985,2.0151133501259446,1985,88.81542699724518,3630,9.03581267217631,3630,13.388429752066116,3630,19.696969696969695,3630,34.90358126721763,3630,55.730027548209364,3630,95.47752808988764,3560,94.66292134831461,3560,31.510107015457788,2523,71.46067415730337,3560,8.342696629213483,3560,27.040194884287455,3284,2.419355,713,2.8248649,9.536677,2590.0,94.67213114754098,244,29.81007431874484,1211,41.549957,9.404283801874163,2241,19.353518821603927,2444,36.57937806873977,2444,4.4189852700491,2444,2.3731587561374794,2444,37.274959083469724,2444,3.0915576694411415,2523,8.164883075703527,2523,0.19817677368212447,2523,0.11890606420927467,2523,0.19817677368212447,2523,0.0,2523,0.0,2523,0.0,2523,0.0,2523,0.11890606420927467,2523,2.5280898876404496,3560,0.702247191011236,3560,1.348314606741573,3560,0.898876404494382,3560,4.241573033707865,3560,80.86756679115197,3481,4.883654122378627,3481,1.1490950876185004,3481,13.099683998850905,3481,86.9003160011491,3481,27.5,120,18.885125184094257,85.19294047262937,3343,4.516900987137302,3343,31.7904993909866,3284,92.3913043478261,276,5.758426966292135,3560,12.784090909090908,704,42.4124513618677,1285,9.416342412451362,1285,34.552529182879375,1285,2.7237354085603114,1285,1285,2.7704280155642023,96.95493300852618,3.045066991473817,1.6443361753958587,1642,1642,1642
090201,7367,3268,31.953305280304058,7367,64.20523958191937,7367,3.8414551377765713,7367,44.34640966472105,7367,5.918284240532103,7367,22.0,25.751053,125.42839657282742,4099,9.013166825030542,7367,32.550563322926564,7367,0.5022397176598344,7367,55.75052854122622,49.76744186046512,5.983086680761099,12.022090059473237,831.8021201413428,2.5542266369349282,4933,3.693045563549161,2085,93.44552701505758,2258,98.90995260663507,2110,88.19672131147541,305,42.16,1250,3.164406376397811,4203,20.913633119200572,4203,49.94051867713538,4203,25.981441827266238,4203,75.92196050440162,4203,79.58600999286224,4203,1.9725399455716328,3.693045563549161,1.720505617977528,2085,2848,7.259905446592295,30.121816168327797,22.8619107217355,1806,2397,-0.08339466414967767,10.111849390919158,10.195244055068835,1806,2397,29.149797570850204,3211,46.247274992214265,3211,1.5571473061351604,3211,9.31174089068826,3211,0.8097165991902834,3211,0.09342883836810963,3211,29.959514170040485,3211,65.49636803874093,64.00322841000808,4956,4956,3246,2.2797288971041283,54.23809523809524,53.04761904761905,2100,2100,48.92556835876674,3211,11.336032388663968,3211,34.288383681096235,3211,19.536414565826334,73.77450980392157,54.23809523809524,2856,2100,11.36717533478667,3211,7.069448769853628,3211,48.05356586733105,3211,4.796013702896294,3211,6.290875116786048,3211,10.464029897228277,3211,2.6471504204297727,3211,5.2631578947368425,3211,0.8720024914356899,3211,2.4914356898162566,3211,6.5711616318903765,3211,2.7094363126751793,3211,90.19953848242162,7367,11.252884484864937,7367,9.176055382109407,7367,24.77263472241075,7367,44.848649382380884,7367,69.51269173340573,7367,99.23203510696653,7292,98.82062534284147,7292,29.156577885391446,4956,59.02358749314317,7292,0.9051014810751509,7292,26.510926902788245,6635,2.4863787,1505,3.054752,9.073919,5885.0,94.11764705882354,578,29.078014184397162,1974,40.639816,10.159409945277183,4203,14.018114450391108,4858,42.177850967476324,4858,3.8081515026759982,4858,2.3260601070399343,4858,37.66982297241663,4858,2.865213882163035,4956,9.463276836158192,4956,0.020177562550443905,4956,0.0,4956,0.14124293785310735,4956,0.020177562550443905,4956,0.08071025020177562,4956,0.0,4956,0.020177562550443905,4956,0.020177562550443905,4956,2.633022490400439,7292,0.9462424574876577,7292,1.398793198025233,7292,1.2342292923752056,7292,4.210093252879869,7292,83.5681406053843,7169,8.606500209234202,7169,0.30687683079927464,7169,7.518482354582229,7169,92.48151764541777,7169,23.46041055718475,341,18.401470588235295,95.43109801031687,6785,2.4318349299926307,6785,11.574981160512435,6635,96.80365296803653,657,7.240811848601207,7292,6.403940886699507,1624,53.573164803111325,2057,11.570247933884298,2057,23.43218279047156,2057,2.6251823043266893,2057,2057,3.544968400583374,95.7365816520746,4.263418347925395,0.34259611724400457,2627,2627,2627
090202,3518,1707,37.15179079022172,3518,60.23308698123934,3518,2.6151222285389424,3518,48.32291074474133,3518,4.206935758953951,3518,20.0,23.947128,106.09256004686584,1811,10.517339397384879,3518,28.965321205230243,3518,0.2558271745309835,3518,66.0217083529967,61.68003775365739,4.341670599339311,7.039020657995409,1420.6521739130435,2.6732673267326734,2020,3.455964325529543,897,89.19860627177701,1148,99.31640625,1024,67.5,160,16.74641148325359,418,3.579676674364896,1732,20.785219399538107,1732,67.60969976905312,1732,8.02540415704388,1732,75.635103926097,1732,79.04157043879907,1732,1.4078788402223301,3.455964325529543,2.048085485307213,897,1123,0.20929907221157507,8.144192256341789,7.934893184130214,749,983,-0.2897956855325585,8.906542056074766,9.196337741607325,749,983,22.70096463022508,1555,38.263665594855304,1555,0.7717041800643086,1555,21.80064308681672,1555,0.2572347266881029,1555,0.2572347266881029,1555,22.958199356913184,1555,75.77395577395578,75.08599508599508,2035,2035,1542,0.9079118028534371,62.16814159292036,61.836283185840706,904,904,85.40192926045016,1555,3.665594855305466,1555,9.581993569131832,1555,24.480841607786978,86.64898320070733,62.16814159292036,1131,904,3.6012861736334405,1555,3.729903536977492,1555,78.58520900321544,1555,2.379421221864952,1555,1.2861736334405145,1555,2.057877813504823,1555,0.9646302250803859,1555,1.0932475884244373,1555,6.816720257234727,1555,1.3504823151125402,1555,1.414790996784566,1555,1.2861736334405145,1555,85.41785105173393,3518,2.2171688459351904,3518,4.2353610005685045,3518,19.272313814667424,3518,36.213757816941445,3518,60.062535531552015,3518,98.89672080907141,3263,97.79344161814281,3263,25.74938574938575,2035,53.78486055776892,3263,0.030646644192460926,3263,13.452299245024022,2914,3.039557,632,3.2420785,7.429248,2544.0,79.75708502024291,247,14.478114478114477,594,40.67845,9.071016166281755,1732,8.008109477952356,1973,50.329447541814496,1973,3.446528129751647,1973,2.9396857577293463,1973,35.27622909275215,1973,0.09828009828009827,2035,0.343980343980344,2035,0.0,2035,0.0,2035,0.0,2035,0.0,2035,0.04914004914004914,2035,0.09828009828009827,2035,0.0,2035,0.0,2035,1.0113392583512106,3263,0.2758197977321483,3263,0.7048728164266013,3263,0.36775973030953113,3263,1.7162120747778118,3263,74.5241116751269,3152,2.3794416243654823,3152,0.15862944162436549,3152,22.93781725888325,3152,77.06218274111676,3152,22.099447513812155,181,18.39731285988484,98.33055091819699,2995,0.5342237061769616,2995,1.7158544955387782,2914,96.56160458452722,349,3.4324241495556236,3263,8.375,800,69.9367088607595,632,10.443037974683545,632,10.60126582278481,632,0.7911392405063291,632,632,5.162974683544304,97.21753794266442,2.7824620573355787,0.08431703204047218,1186,1186,1186
090203,8045,3558,32.753262896208824,8045,63.8036047234307,8045,3.4431323803604723,8045,41.24300807955252,8045,5.879428216283406,8045,24.0,26.897575,126.11017425519955,4487,8.962088253573649,8045,26.985705407085145,8045,0.5593536357986327,8045,56.730956555620494,51.33450224040522,5.396454315215274,10.512333965844402,951.2635379061372,3.0041306796845664,5326,4.001759014951627,2274,94.81632653061224,2450,99.18209212225571,2323,90.37267080745342,322,30.349794238683128,972,3.6306400839454356,4765,25.162644281217208,4765,57.81741867785939,4765,13.389296956977965,4765,71.20671563483735,4765,75.67681007345226,4765,1.7409464330381281,4.001759014951627,2.260812581913499,2274,3052,3.4214457938257166,15.361744301288404,11.940298507462687,2018,2747,0.21458746057957434,9.298315163528246,9.083727702948671,2018,2747,17.005738132498696,3834,63.484611371935316,3834,0.5216484089723527,3834,7.329160146061555,3834,0.5738132498695879,3834,0.1564945226917058,3834,17.579551382368283,3834,72.51965555971546,71.09696742792961,5342,5342,3874,1.961796592669076,56.20886353663888,55.024133391838525,2279,2279,70.23995826812728,3834,5.842462180490349,3834,19.640062597809077,3834,28.446702901493673,84.65556643813255,56.20886353663888,3063,2279,5.94679186228482,3834,2.9212310902451746,3834,67.63171622326551,3834,2.7647365675534687,3834,3.025560772039645,3834,7.068335941575378,3834,1.7996870109546166,3834,2.97339593114241,3834,2.6082420448617634,3834,1.0432968179447053,3834,3.2342201356285862,3834,1.486697965571205,3834,91.68427594779367,8045,6.612802983219391,8045,9.695463020509633,8045,16.32069608452455,8045,40.571783716594155,8045,68.11684275947793,8045,97.52388134741076,7956,97.19708396178984,7956,27.274429052789216,5342,69.11764705882354,7956,2.840623428858723,7956,20.687275738338393,7246,2.7086332,1668,3.1889799,9.625589,6971.0,93.3115823817292,613,31.144238517324737,2482,41.083805,9.174606505771248,4765,17.411225658648338,5238,43.356242840778926,5238,3.665521191294387,5238,2.290950744558992,5238,33.27605956471936,5238,2.6207412953949834,5342,3.8187944590041183,5342,0.05615874204417821,5342,0.0,5342,0.16847622613253463,5342,0.05615874204417821,5342,0.018719580681392737,5342,0.07487832272557095,5342,0.0,5342,0.0,5342,2.0739064856711917,7956,0.7290095525389643,7956,1.0558069381598794,7956,1.0055304172951232,7956,3.544494720965309,7956,86.88566662389324,7793,4.144745284229437,7793,0.15398434492493263,7793,8.815603746952393,7793,91.18439625304761,7793,24.358974358974358,312,18.22222222222222,92.56711183056792,7413,4.0064751112909756,7413,14.614959977918852,7246,94.64788732394366,710,3.8335847159376573,7956,6.9949636261891435,1787,51.31578947368421,2508,9.250398724082935,2508,27.19298245614035,2508,2.073365231259968,2508,2508,3.172248803827751,97.75561097256858,2.244389027431424,1.5586034912718205,3208,3208,3208
090301,12431,5882,33.488858498914006,12431,62.47285013273268,12431,4.038291368353311,12431,42.27334888584989,12431,6.194191939506074,12431,24.0,26.32057,111.33968038082286,6549,11.945941597618855,12431,26.50631485801625,12431,0.836618132089132,12431,60.06953386556786,53.605459696111254,6.464074169456605,12.058611578188806,829.2828685258964,2.771801037843311,7901,3.1564625850340136,3675,91.1956830445896,3521,98.69199626284646,3211,70.24221453287197,578,40.703125,1280,5.244355530151472,6998,13.089454129751358,6998,62.93226636181766,6998,18.73392397827951,6998,81.66619034009717,6998,84.58130894541297,6998,0.7191696366194371,3.1564625850340136,2.4372929484145764,3675,4226,2.3451561672842764,20.0,17.654843832715724,3220,3778,0.10676176885466404,10.30527950310559,10.198517734250926,3220,3778,22.91707896299228,5053,48.38709677419355,5053,0.8113991688106076,5053,11.537700376014248,5053,0.9697209578468237,5053,0.11874134177716208,5053,23.886799920839106,5053,65.80091959736548,62.23437305828259,8047,8047,5295,5.420207743153918,55.35761765487902,52.14038819462909,3761,3761,60.63724520087077,5053,13.417771620819316,5053,21.86819711062735,5053,19.60738467829877,74.9650023331778,55.35761765487902,4286,3761,6.2537106669305365,5053,4.037205620423511,5053,59.410251335840094,5053,4.729863447456956,5053,8.648327726103306,5053,7.500494755590738,5053,2.0779734811003365,5053,3.225806451612903,5053,1.2269938650306749,5053,1.1082525232535128,5053,2.632099742727093,5053,1.8998614684345934,5053,94.89180275118655,12431,6.942321615316548,12431,5.848282519507682,12431,18.654975464564394,12431,28.74265948033143,12431,60.44566004343979,12431,99.50425514335289,12103,99.22333305791952,12103,55.933888405617,8047,42.62579525737421,12103,0.2809220854333636,12103,11.521168977144999,10676,2.0504732,2219,2.5447183,7.8739047,7201.0,87.34375,640,30.12987012987013,1925,42.724155,10.247642183480995,6998,11.233885819521179,7602,40.278873980531436,7602,7.116548276769271,7602,4.038410944488293,7602,37.332280978689816,7602,0.0745619485522555,8047,0.17397787995526284,8047,0.0,8047,0.012426991425375917,8047,0.0,8047,0.0,8047,0.0,8047,0.0,8047,0.0,8047,0.03728097427612775,8047,1.9168801123688342,12103,1.098901098901099,12103,1.487234569941337,12103,1.2310997273403288,12103,2.9331570684954142,12103,92.52089374040594,11726,3.75234521575985,11726,0.15350503155381204,11726,3.5732560122804027,11726,96.4267439877196,11726,12.660550458715596,545,18.83729662077597,92.84674190025483,10988,5.4514015289406625,10988,7.231172723866616,10676,97.687456201822,1427,4.2220936957779065,12103,7.852098047361861,2407,71.36520453425332,2029,18.18629866929522,2029,4.139970428782652,2029,0.6899950714637753,2029,2029,5.9650073928043374,94.8527528809219,5.147247119078102,0.05121638924455826,3905,3905,3905
090302,9832,4571,38.39503661513425,9832,59.245321399511795,9832,2.3596419853539463,9832,48.535394629780306,9832,3.986981285598047,9832,20.0,23.29811,115.09516517173485,5261,12.978030919446704,9832,29.546379170056955,9832,0.386493083807974,9832,68.78969957081546,64.8068669527897,3.982832618025751,6.145695364238411,1627.155172413793,2.386998476383951,5907,3.3033033033033035,2664,91.98070545673802,3317,98.85283513602097,3051,78.41880341880342,468,30.293159609120522,1228,3.285461341727326,5083,20.047216210899077,5083,62.81723391697816,5083,13.850088530395436,5083,76.66732244737359,5083,80.70037379500295,5083,1.66901406494376,3.3033033033033035,1.6342892383595435,2664,3243,2.1524293850054157,15.03957783641161,12.887148451406194,2274,2809,-0.04279794842122264,9.730430958663149,9.773228907084372,2274,2809,23.35013748854262,4364,46.95233730522457,4364,1.1686526122823098,4364,12.28230980751604,4364,1.695692025664528,4364,0.022914757103574702,4364,25.04582951420715,4364,73.87522997156715,71.83475497574845,5979,5979,4417,2.7620556939098937,62.37954040029651,60.97108969607116,2698,2698,68.44637946837763,4364,8.272227314390468,4364,20.394133822181484,4364,20.948713180928728,83.32825358122524,62.37954040029651,3281,2698,6.645279560036664,4364,4.674610449129239,4364,66.42988084326306,4364,3.391384051329056,4364,4.835013748854262,4364,6.7140238313473874,4364,1.306141154903758,4364,2.1998166819431715,4364,2.016498625114574,4364,1.306141154903758,4364,3.9871677360219984,4364,1.4894592117323557,4364,93.85679414157852,9832,6.28559804719284,9832,8.268917819365338,9832,26.800244100895036,9832,40.775020341741254,9832,66.30390561432058,9832,98.940329218107,9720,98.70370370370371,9720,72.75464124435524,5979,59.382716049382715,9720,0.2777777777777778,9720,17.75756143667297,8464,2.6657367,1792,3.2116919,10.171843,7216.0,79.76501305483029,766,22.657952069716774,1836,40.347496,9.754082234900649,5083,12.842287694974004,5770,46.499133448873486,5770,4.679376083188908,5770,2.582322357019064,5770,33.396880415944544,5770,0.3010536879076769,5979,1.1205887272119084,5979,0.050175614651279475,5979,0.0,5979,0.10035122930255895,5979,0.0,5979,0.016725204883759826,5979,0.016725204883759826,5979,0.0,5979,0.016725204883759826,5979,1.6049382716049383,9720,0.6172839506172839,9720,1.1522633744855968,9720,0.8127572016460906,9720,2.880658436213992,9720,88.43766438716465,9505,4.376643871646502,9505,0.09468700683850605,9505,7.091004734350342,9505,92.90899526564966,9505,22.055674518201286,467,18.492073557387446,89.98855835240275,8740,8.409610983981693,8740,20.97117202268431,8464,93.71019108280255,1256,4.207818930041152,9720,7.170131523122613,2357,78.08364213869773,1889,10.217046056114347,1889,6.246691371095818,1889,0.5293806246691372,1889,1889,5.145579671784013,97.829811536265,2.170188463735002,0.08566533409480297,3502,3502,3502
090303,10522,4839,38.10112145979852,10522,59.50389659760502,10522,2.3949819425964645,10522,47.31039726287778,10522,4.400304124691123,10522,21.0,24.238928,117.4416201694565,5683,11.034023949819426,10522,26.544383197110815,10522,0.22809351834252042,10522,68.05622105095033,64.03130490337007,4.024916147580258,6.285856822150162,1590.873015873016,1.8997445721583652,6264,2.8384279475982535,2748,91.51773049645391,3525,98.69807811531308,3226,78.72763419483101,503,26.594863297431647,1207,2.730251183108846,5494,24.8452857662905,5494,57.8995267564616,5494,14.52493629413906,5494,72.42446305060065,5494,77.73935202038588,5494,1.672330109145466,2.8384279475982535,1.1660978384527874,2748,3516,2.8097146362059764,16.11952861952862,13.309813983322643,2376,3118,0.026977061614649855,9.271043771043772,9.244066709429122,2376,3118,23.934004713949005,4667,52.581958431540606,4667,1.4356117420184273,4667,6.620955646025284,4667,1.3284765373901863,4667,0.17141632740518534,4667,25.26248125133919,4667,73.90620081838212,72.36386528171231,6354,6354,4696,2.0868824531516186,58.9863407620417,57.836089144500356,2782,2782,50.439254338975786,4667,13.477608742232698,4667,30.897793014784657,4667,26.539975027431986,85.52631578947368,58.9863407620417,3572,2782,7.735161774158988,4667,8.31369187915149,4667,48.98221555603171,4667,7.628026569530748,4667,5.678165845296765,4667,12.556245982429827,4667,3.3854724662524105,4667,4.735376044568246,4667,1.4570387829440754,4667,1.0713520462824084,4667,3.4926076708806515,4667,1.5213199057210198,4667,87.40733700817336,10522,8.724577076601406,10522,8.3349173160996,10522,17.202052841665083,10522,39.55521763923208,10522,59.332826458848125,10522,98.98921177957041,10289,98.68791913694237,10289,40.05350960025181,6354,74.66226066673146,10289,0.5831470502478375,10289,26.9588023166867,9151,2.906037,2054,3.233282,9.50048,8368.0,91.40969162995594,908,29.457917261055634,2804,39.663338,9.255733527484528,5494,15.819022457067371,6056,48.34874504623514,6056,4.111624834874505,6056,2.2457067371202113,6056,29.474900924702773,6056,1.904312244255587,6354,3.0374567201762668,6354,0.09442870632672333,6354,0.015738117721120555,6354,0.6295247088448221,6354,0.015738117721120555,6354,0.06295247088448222,6354,0.0,6354,0.0,6354,0.015738117721120555,6354,2.050733793371562,10289,0.6511808727767519,10289,1.1176985129750219,10289,0.7969676353387113,10289,3.26562348138789,10289,82.92367399741268,10049,5.025375659269579,10049,0.20897601751418052,10049,11.841974325803562,10049,88.15802567419644,10049,30.952380952380953,462,18.136765470618826,95.32978723404256,9400,2.8085106382978724,9400,9.179324663971151,9151,96.04569420035149,1138,6.453494022742735,10289,10.674603174603174,2520,57.45704467353952,2910,7.594501718213058,2910,23.711340206185568,2910,2.0962199312714778,2910,2910,3.53573883161512,97.92824658918646,2.0717534108135425,0.17685699848408287,3958,3958,3958
090401,2889,1242,34.71789546555902,2889,62.30529595015577,2889,2.97680858428522,2889,43.26756663205261,2889,4.984423676012461,2889,23.0,25.661129,132.6086956521739,1647,9.10349601938387,2889,27.033575631706473,2889,0.24229837313949462,2889,60.5,55.72222222222222,4.777777777777778,8.574277168494516,1166.2790697674418,4.2214912280701755,1824,5.54089709762533,758,94.46290143964562,903,99.2966002344666,853,91.07142857142857,112,28.44574780058651,341,5.3406998158379375,1629,24.80049109883364,1629,53.22283609576427,1629,16.63597298956415,1629,69.85880908532842,1629,74.21731123388582,1629,2.2575950338354613,5.54089709762533,3.283302063789869,758,1066,1.108089692572392,17.2876304023845,16.17954070981211,671,958,0.06084614929886811,9.241430700447093,9.180584551148225,671,958,21.49740548554485,1349,55.15196441808747,1349,0.815418828762046,1349,9.562638991845812,1349,0.6671608598962194,1349,0.07412898443291327,1349,22.164566345441067,1349,72.89972899728997,71.70731707317073,1845,1845,1345,1.6356877323420074,53.455019556714475,52.28161668839635,767,767,64.86286137879911,1349,9.117865085248333,1349,22.831727205337288,1349,33.27967432083655,86.73469387755102,53.455019556714475,1078,767,7.70941438102298,1349,2.2979985174203112,1349,64.86286137879911,1349,4.966641957005189,1349,4.07709414381023,1349,8.080059303187547,1349,2.0756115641215716,1349,2.520385470719051,1349,0.0,1349,1.7790956263899185,1349,5.040770941438102,1349,1.5567086730911786,1349,93.73485635167879,2889,7.961232260297681,2889,10.176531671858775,2889,23.537556247836623,2889,35.13326410522672,2889,61.889927310488055,2889,96.96649029982363,2835,96.3668430335097,2835,33.929539295392956,1845,81.23456790123457,2835,3.1040564373897706,2835,24.932038834951456,2575,2.9014337,558,3.3694084,11.154175,2322.0,96.88888888888889,225,24.94033412887828,838,39.860382,9.205647636586862,1629,18.75,1792,41.685267857142854,1792,3.0691964285714284,1792,1.8973214285714286,1792,34.598214285714285,1792,13.116531165311653,1845,5.4742547425474255,1845,0.16260162601626016,1845,0.21680216802168023,1845,0.5420054200542005,1845,0.0,1845,0.10840108401084012,1845,0.0,1845,0.0,1845,0.05420054200542006,1845,1.7989417989417988,2835,0.5291005291005291,2835,1.4462081128747795,2835,1.2345679012345678,2835,3.8095238095238093,2835,85.36060279870829,2787,5.561535701471116,2787,0.3946896304269824,2787,8.683171869393613,2787,91.31682813060638,2787,25.925925925925927,108,18.282331511839708,83.93604872478112,2627,9.70688998858013,2627,21.78640776699029,2575,93.46153846153847,260,6.137566137566138,2835,8.256880733944953,654,53.333333333333336,870,8.275862068965518,870,23.908045977011493,870,1.9540229885057472,870,870,3.2586206896551726,97.65698219306466,2.343017806935336,1.6869728209934396,1067,1067,1067
090402,2600,1100,34.92307692307692,2600,62.96153846153846,2600,2.1153846153846154,2600,43.96153846153846,2600,4.538461538461538,2600,23.0,25.18,136.36363636363637,1500,9.923076923076923,2600,27.846153846153847,2600,0.3076923076923077,2600,58.827122785583384,55.46731826511912,3.3598045204642637,6.057268722466961,1650.909090909091,2.2182254196642686,1668,3.5222052067381315,653,90.38686987104337,853,98.44357976653697,771,87.59689922480621,129,16.025641025641026,312,3.1313818924438395,1469,26.889040163376446,1469,59.97277059223962,1469,10.006807351940095,1469,69.97957794417971,1469,74.67665078284547,1469,2.1428948619105452,3.5222052067381315,1.3793103448275863,653,1015,-0.21339254779678107,9.874326750448834,10.087719298245615,557,912,-0.4105050552773317,8.635547576301615,9.046052631578947,557,912,22.583201267828844,1262,49.44532488114105,1262,1.8225039619651346,1262,9.350237717908083,1262,1.3470681458003169,1262,0.0,1262,23.93026941362916,1262,75.46268656716418,74.14925373134328,1675,1675,1264,1.740506329113924,56.18320610687023,55.11450381679389,655,655,66.32329635499208,1262,7.68621236133122,1262,21.315372424722664,1262,31.65993114803173,87.84313725490196,56.18320610687023,1020,655,5.229793977812995,1262,5.071315372424722,1262,66.00633914421553,1262,5.071315372424722,1262,2.6148969889064975,1262,8.795562599049129,1262,2.3771790808240887,1262,2.2979397781299524,1262,0.31695721077654515,1262,1.0301109350237718,1262,3.565768621236133,1262,0.9508716323296355,1262,88.23076923076923,2600,8.076923076923077,2600,14.346153846153847,2600,17.076923076923077,2600,45.26923076923077,2600,69.03846153846153,2600,98.48778596355176,2579,98.0612640558356,2579,27.044776119402986,1675,84.3350135711516,2579,1.667312911981388,2579,36.07404218682738,2323,2.98778,491,3.4192,12.359023,2128.0,90.95238095238095,210,26.584234930448222,647,40.22102,8.890401633764466,1469,15.815085158150852,1644,47.08029197080292,1644,4.13625304136253,1644,2.0072992700729926,1644,30.961070559610704,1644,1.1343283582089552,1675,2.2686567164179103,1675,0.0,1675,0.0,1675,0.11940298507462686,1675,0.0,1675,0.05970149253731343,1675,0.0,1675,0.0,1675,0.0,1675,2.7530050407134548,2579,1.0081426909654905,2579,1.5509887553315238,2579,1.1632415664986429,2579,4.381543233811555,2579,78.60520094562648,2538,4.137115839243499,2538,0.27580772261623326,2538,16.98187549251379,2538,83.0181245074862,2538,32.432432432432435,111,17.620689655172413,92.85714285714286,2380,3.823529411764706,2380,10.934136891950065,2323,95.703125,256,13.105854982551376,2579,15.09433962264151,583,56.2406015037594,665,7.368421052631579,665,21.203007518796994,665,1.3533834586466165,665,665,3.8781954887218046,97.88461538461539,2.115384615384613,0.28846153846153844,1040,1040,1040
090501,1598,724,35.60700876095119,1598,60.32540675844806,1598,4.067584480600751,1598,44.49311639549437,1598,6.6958698372966206,1598,23.0,26.723404,120.7182320441989,874,9.887359198998748,1598,23.591989987484354,1598,0.5006257822277848,1598,65.76763485477179,59.024896265560166,6.742738589211618,11.423550087873462,875.3846153846154,3.8974358974358974,975,7.226107226107226,429,95.48022598870057,531,98.61932938856016,507,90.1639344262295,61,28.47222222222222,144,5.122235157159488,859,23.748544819557626,859,57.50873108265425,859,13.620488940628638,859,71.12922002328288,859,74.73806752037252,859,5.944055944055944,7.226107226107226,1.2820512820512822,429,546,1.1709601873536304,14.285714285714286,13.114754098360656,371,488,-0.5109528964694441,8.851752021563343,9.362704918032787,371,488,23.646723646723647,702,47.00854700854701,702,1.8518518518518519,702,14.957264957264957,702,0.5698005698005698,702,0.42735042735042733,702,24.216524216524217,702,69.20792079207921,68.21782178217822,1010,1010,699,1.4306151645207439,54.27927927927928,53.6036036036036,444,444,54.84330484330484,702,11.396011396011396,702,26.210826210826212,702,26.639448635915073,80.91872791519435,54.27927927927928,566,444,7.54985754985755,702,3.133903133903134,702,49.857549857549856,702,8.68945868945869,702,2.7065527065527064,702,7.977207977207978,702,3.561253561253561,702,3.7037037037037037,702,4.985754985754986,702,2.5641025641025643,702,4.131054131054131,702,2.2792022792022792,702,91.23904881101377,1598,7.446808510638298,1598,11.13892365456821,1598,18.8360450563204,1598,27.033792240300375,1598,59.69962453066333,1598,99.04640813731723,1573,98.6013986013986,1573,45.742574257425744,1010,87.66687857596949,1573,2.2886204704386524,1573,25.863284002818887,1419,2.8770764,301,3.4393203,10.571426,1400.0,91.869918699187,123,25.571725571725572,481,42.70686,9.142025611175786,859,28.79914984059511,941,34.43145589798087,941,2.869287991498406,941,2.4442082890541976,941,31.455897980871413,941,16.633663366336634,1010,2.4752475247524752,1010,0.297029702970297,1010,0.297029702970297,1010,0.297029702970297,1010,0.09900990099009901,1010,0.49504950495049505,1010,0.0,1010,0.0,1010,0.693069306930693,1010,1.6528925619834711,1573,0.6993006993006993,1573,0.6993006993006993,1573,0.44500953591862685,1573,2.4157660521296886,1573,79.27461139896373,1544,5.958549222797927,1544,0.19430051813471502,1544,14.572538860103627,1544,85.42746113989638,1544,23.4375,64,19.10097719869707,84.62068965517241,1450,12.620689655172415,1450,30.021141649048626,1419,96.75324675324676,154,4.704386522568341,1573,7.518796992481203,399,53.23886639676113,494,10.526315789473685,494,23.68421052631579,494,3.2388663967611335,494,494,3.1842105263157894,96.86274509803921,3.1372549019607874,0.0,510,510,510
090502,2511,1165,36.598964555953806,2511,60.1752289924333,2511,3.225806451612903,2511,46.873755475906016,2511,6.05336519315014,2511,21.0,24.97491,115.53648068669528,1346,9.757068896853843,2511,28.43488649940263,2511,0.35842293906810035,2511,66.18133686300463,60.82064857710126,5.360688285903375,8.8139281828074,1134.567901234568,2.7061855670103094,1552,3.290414878397711,699,93.68295589988081,839,97.32824427480917,786,92.85714285714286,98,29.73856209150327,306,3.192279138827023,1347,23.608017817371937,1347,61.5441722345954,1347,11.655530809205642,1347,73.19970304380104,1347,77.1343726800297,1347,1.062982287541908,3.290414878397711,2.2274325908558033,699,853,3.533611692895553,13.651877133105803,10.11826544021025,586,761,0.2521493633758336,9.2679180887372,9.015768725361367,586,761,17.51824817518248,1096,53.37591240875913,1096,1.094890510948905,1096,13.047445255474452,1096,0.6386861313868614,1096,0.18248175182481752,1096,18.156934306569344,1096,71.91082802547771,68.59872611464968,1570,1570,1129,4.605845881310895,56.540084388185655,53.586497890295355,711,711,63.86861313868613,1096,7.572992700729927,1096,23.996350364963504,1096,28.093210140335877,84.63329452852153,56.540084388185655,859,711,6.204379562043796,1096,2.645985401459854,1096,63.41240875912409,1096,4.470802919708029,1096,3.102189781021898,1096,7.664233576642336,1096,3.5583941605839415,1096,3.5583941605839415,1096,0.4562043795620438,1096,2.4635036496350367,1096,3.2846715328467155,1096,1.8248175182481752,1096,93.6678614097969,2511,7.686180804460374,2511,6.77021107128634,2511,14.13779370768618,2511,31.780167264038234,2511,54.95818399044205,2511,99.31396287328491,2478,99.19289749798224,2478,34.07643312101911,1570,78.57142857142857,2478,0.2824858757062147,2478,27.939204291461778,2237,3.0963597,467,3.8460264,14.521021,2307.0,88.72549019607843,204,28.469241773962803,699,40.427753,9.125463994060876,1347,15.57161629434954,1522,47.83180026281209,1522,3.7450722733245727,1522,2.562417871222076,1522,30.28909329829172,1522,0.445859872611465,1570,1.1464968152866242,1570,0.0,1570,0.12738853503184713,1570,0.12738853503184713,1570,0.0,1570,0.0,1570,0.0,1570,0.0,1570,0.06369426751592357,1570,3.430185633575464,2478,1.3317191283292977,2478,2.4213075060532687,2478,1.2510088781275222,2478,5.084745762711864,2478,87.56779307467669,2397,3.963287442636629,2397,0.4171881518564873,2397,8.051731330830204,2397,91.94826866916979,2397,24.113475177304963,141,17.81344902386117,97.9358805445762,2277,0.43917435221783047,2277,2.860974519445686,2237,95.4356846473029,241,17.312348668280872,2478,8.051529790660226,621,56.80224403927069,713,8.976157082748948,713,23.56241234221599,713,1.6830294530154277,713,713,3.475455820476858,93.44660194174757,6.5533980582524265,0.12135922330097088,824,824,824
090503,2347,1041,30.592245419684705,2347,67.14955262036642,2347,2.2582019599488707,2347,39.75287601193013,2347,4.431188751597785,2347,24.0,26.755007,125.45629202689722,1306,8.904985087345548,2347,28.845334469535576,2347,0.17043033659991477,2347,48.921319796954315,45.558375634517766,3.3629441624365484,7.381615598885793,1354.7169811320755,2.5974025974025974,1540,3.36,625,90.10494752623688,667,96.67221297836939,601,78.94736842105263,95,21.455938697318008,261,3.940520446096654,1345,25.576208178438662,1345,62.67657992565056,1345,7.806691449814126,1345,70.48327137546468,1345,75.76208178438662,1345,1.2834972677595626,3.36,2.0765027322404372,625,915,0.5799306866843281,8.159392789373815,7.579462102689487,527,818,-0.04275712966786216,8.673624288425048,8.71638141809291,527,818,9.615384615384615,1040,57.98076923076923,1040,0.09615384615384616,1040,8.365384615384615,1040,1.1538461538461537,1040,0.0,1040,10.76923076923077,1040,65.0843222985634,64.1474078700812,1601,1601,1042,1.4395393474088292,47.706422018348626,47.400611620795104,654,654,75.0,1040,4.038461538461538,1040,15.384615384615385,1040,29.37911124458696,77.08553326293558,47.706422018348626,947,654,3.076923076923077,1040,4.519230769230769,1040,74.23076923076923,1040,1.8269230769230769,1040,2.2115384615384617,1040,7.115384615384615,1040,1.4423076923076923,1040,0.8653846153846154,1040,0.7692307692307693,1040,1.5384615384615385,1040,1.7307692307692308,1040,0.6730769230769231,1040,90.4132935662548,2347,5.411163187047294,2347,6.3485300383468255,2347,11.12057946314444,2347,13.719642096293141,2347,41.49978696207925,2347,98.35355285961872,2308,97.92027729636048,2308,27.607745159275453,1601,88.77816291161179,2308,0.9532062391681109,2308,21.815589353612168,2104,3.2440944,381,3.745223,11.302352,1743.0,89.94082840236686,169,23.27150084317032,593,41.237774,8.699628252788104,1345,10.020590253946466,1457,48.11256005490734,1457,3.5003431708991077,1457,2.40219629375429,1457,35.96431022649279,1457,0.6246096189881324,1601,1.1867582760774515,1601,0.0,1601,0.0,1601,0.0,1601,0.0,1601,0.0,1601,0.0,1601,0.0,1601,0.0,1601,1.9064124783362217,2308,0.43327556325823224,2308,0.779896013864818,2308,0.6499133448873483,2308,2.7729636048526864,2308,82.39597622313671,2187,1.8747142203932328,2187,0.04572473708276177,2187,15.683584819387288,2187,84.31641518061271,2187,20.61855670103093,97,17.994652406417114,95.3219082908754,2159,0.9263547938860583,2159,4.08745247148289,2104,95.09803921568627,204,5.935875216637782,2308,11.704312114989733,487,53.80794701986755,604,7.28476821192053,604,17.3841059602649,604,0.9933774834437086,604,604,3.8211920529801326,97.53246753246754,2.4675324675324646,0.12987012987012986,770,770,770
